TBLID,GEOID,NAME,ORDER,TITLE,ESTIMATE,MOE,CME,SE,Var_Rep1,Var_Rep2,Var_Rep3,Var_Rep4,Var_Rep5,Var_Rep6,Var_Rep7,Var_Rep8,Var_Rep9,Var_Rep10,Var_Rep11,Var_Rep12,Var_Rep13,Var_Rep14,Var_Rep15,Var_Rep16,Var_Rep17,Var_Rep18,Var_Rep19,Var_Rep20,Var_Rep21,Var_Rep22,Var_Rep23,Var_Rep24,Var_Rep25,Var_Rep26,Var_Rep27,Var_Rep28,Var_Rep29,Var_Rep30,Var_Rep31,Var_Rep32,Var_Rep33,Var_Rep34,Var_Rep35,Var_Rep36,Var_Rep37,Var_Rep38,Var_Rep39,Var_Rep40,Var_Rep41,Var_Rep42,Var_Rep43,Var_Rep44,Var_Rep45,Var_Rep46,Var_Rep47,Var_Rep48,Var_Rep49,Var_Rep50,Var_Rep51,Var_Rep52,Var_Rep53,Var_Rep54,Var_Rep55,Var_Rep56,Var_Rep57,Var_Rep58,Var_Rep59,Var_Rep60,Var_Rep61,Var_Rep62,Var_Rep63,Var_Rep64,Var_Rep65,Var_Rep66,Var_Rep67,Var_Rep68,Var_Rep69,Var_Rep70,Var_Rep71,Var_Rep72,Var_Rep73,Var_Rep74,Var_Rep75,Var_Rep76,Var_Rep77,Var_Rep78,Var_Rep79,Var_Rep80
B02010,99000000001,Synthetic Census Tract 99000000001,1.0,Total:,42.24583440975579,51.519310255799745,+/-50,30.911586153479846,53.580082666031736,16.486179281855918,36.06351717905982,58.732013691611705,61.82317230695969,52.54969646091574,40.1850619995238,34.00274476882783,43.27622061487178,58.732013691611705,38.12428958929181,35.03313097394383,24.729268922783877,23.698882717667882,58.732013691611705,44.30660681998778,46.36737923021977,17.516565486971913,41.2154482046398,25.759655127899872,44.30660681998778,48.42815164045176,36.06351717905982,17.516565486971913,27.820427538131863,23.698882717667882,29.88119994836385,35.03313097394383,46.36737923021977,49.458537845567754,41.2154482046398,54.61046887114773,72.12703435811964,79.3397377939316,38.12428958929181,15.455793076739923,48.42815164045176,62.853558512075686,50.48892405068375,52.54969646091574,43.27622061487178,24.729268922783877,50.48892405068375,90.67398605020755,79.3397377939316,66.97510333253966,37.09390338417582,31.94197235859584,52.54969646091574,49.458537845567754,32.972358563711836,23.698882717667882,25.759655127899872,26.790041333015868,53.580082666031736,43.27622061487178,39.15467579440781,18.54695169208791,39.15467579440781,25.759655127899872,39.15467579440781,56.67124128137972,37.09390338417582,28.850813743247855,26.790041333015868,27.820427538131863,39.15467579440781,41.2154482046398,49.458537845567754,38.12428958929181,36.06351717905982,59.7623998967277,64.91433092230768,58.732013691611705,38.12428958929181,17.516565486971913,28.850813743247855,52.54969646091574,40.1850619995238,55.640855076263726
B02010,99000000002,Synthetic Census Tract 99000000002,1.0,Total:,0.0,15.02897376890651,+/-14,9.661483137154185,0.0,0.0,0.0,0.0,0.0,0.0,0.0,0.0,0.0,0.0,0.0,0.0,0.0,0.0,0.0,0.0,0.0,0.0,0.0,0.0,0.0,0.0,0.0,0.0,0.0,0.0,0.0,0.0,0.0,0.0,0.0,0.0,0.0,0.0,0.0,0.0,0.0,0.0,0.0,0.0,0.0,0.0,0.0,0.0,0.0,0.0,0.0,0.0,0.0,0.0,0.0,0.0,0.0,0.0,0.0,0.0,0.0,0.0,0.0,0.0,0.0,0.0,0.0,0.0,0.0,0.0,0.0,0.0,0.0,0.0,0.0,0.0,0.0,0.0,0.0,0.0,0.0,0.0,0.0,0.0
B02010,99000000003,Synthetic Census Tract 99000000003,1.0,Total:,55.483645079254565,75.29923260755976,+/-76,45.575851315101964,75.29923260755976,65.39143884340716,55.483645079254565,23.77870503396624,27.741822539627282,105.02261390001756,104.0318345236023,27.741822539627282,73.31767385472924,71.33611510189873,19.8155875283052,19.8155875283052,47.55741006793248,57.46520383208508,70.34533572548347,47.55741006793248,78.27157073680554,63.40988009057664,68.36377697265294,69.3545563490682,24.7694844103815,54.4928657028393,59.446762584915604,99.077937641526,80.25312948963607,25.76026378679676,28.73260191604254,90.16092325378867,54.4928657028393,26.75104316321202,84.2162469952971,76.29001198397502,54.4928657028393,38.64039568019514,20.80636690472046,50.529748197178264,57.46520383208508,51.52052757359352,48.54818944434774,83.22546761888184,95.11482013586496,63.40988009057664,58.45598320850034,23.77870503396624,26.75104316321202,97.09637888869548,67.37299759623768,26.75104316321202,80.25312948963607,71.33611510189873,19.8155875283052,29.723381292457802,51.52052757359352,49.538968820763,78.27157073680554,66.38221821982242,72.32689447831399,54.4928657028393,50.529748197178264,57.46520383208508,22.787925657550982,57.46520383208508,56.47442445566982,87.18858512454288,65.39143884340716,19.8155875283052,20.80636690472046,91.15170263020393,44.5850719386867,22.787925657550982,77.28079136039028,68.36377697265294,59.446762584915604,51.52052757359352,26.75104316321202,56.47442445566982,60.437541961330865,57.46520383208508,44.5850719386867,48.54818944434774
B02010,99000000004,Synthetic Census Tract 99000000004,1.0,Total:,17.09222242662489,28.48703737770815,+/-30,17.09222242662489,12.34438286367353,19.940926164395705,5.697407475541629,18.04179033921516,18.991358251805433,13.293950776263802,28.48703737770815,22.789629902166517,18.991358251805433,18.04179033921516,20.890494076985977,33.234876940659504,20.890494076985977,8.546111213312445,28.48703737770815,36.08358067843032,6.646975388131901,9.495679125902717,20.890494076985977,11.394814951083259,7.596543300722173,15.193086601444346,3.7982716503610865,19.940926164395705,23.73919781475679,14.243518688854074,22.789629902166517,13.293950776263802,26.587901552527605,16.142654514034618,18.04179033921516,30.386173202888692,10.445247038492989,4.747839562951358,33.234876940659504,32.285309028069236,4.747839562951358,18.04179033921516,12.34438286367353,16.142654514034618,24.68876572734706,19.940926164395705,25.638333639937333,16.142654514034618,14.243518688854074,17.09222242662489,8.546111213312445,20.890494076985977,5.697407475541629,20.890494076985977,21.84006198957625,7.596543300722173,29.43660529029842,28.48703737770815,4.747839562951358,5.697407475541629,36.08358067843032,20.890494076985977,11.394814951083259,13.293950776263802,25.638333639937333,16.142654514034618,25.638333639937333,22.789629902166517,23.73919781475679,13.293950776263802,8.546111213312445,13.293950776263802,8.546111213312445,28.48703737770815,14.243518688854074,3.7982716503610865,21.84006198957625,32.285309028069236,7.596543300722173,6.646975388131901,35.13401276584005,18.991358251805433,18.991358251805433,7.596543300722173
B02010,99000000005,Synthetic Census Tract 99000000005,1.0,Total:,59.68194577376953,73.89193286276227,+/-78,44.52462621217727,52.1032859929734,47.36662362997581,66.31327308196614,85.25992253395646,19.89398192458984,39.78796384917968,124.10055391053663,70.1026029723642,41.682628794378715,99.4699096229492,63.47127566416759,70.1026029723642,72.94460039016275,52.1032859929734,81.4705926435584,97.57524467775018,54.94528341077194,53.99795093817242,36.94596643138114,79.57592769835937,36.94596643138114,70.1026029723642,37.89329890398065,38.84063137658016,78.62859522575985,74.83926533536179,41.682628794378715,53.99795093817242,87.1545874791555,41.682628794378715,36.94596643138114,47.36662362997581,44.52462621217727,95.68057973255114,99.4699096229492,65.36594060936662,49.261288575174845,63.47127566416759,89.99658489695405,76.73393028056081,64.4186081367671,54.94528341077194,78.62859522575985,90.94391736955356,33.15663654098307,38.84063137658016,78.62859522575985,69.15527049976468,50.20862104777436,71.04993544496372,79.57592769835937,53.05061846557291,80.52326017095888,50.20862104777436,55.89261588337146,97.57524467775018,68.20793802716517,50.20862104777436,35.99863395878162,123.1532214379371,79.57592769835937,49.261288575174845,33.15663654098307,48.31395610257533,76.73393028056081,71.04993544496372,41.682628794378715,54.94528341077194,68.20793802716517,44.52462621217727,35.0513014861821,34.103969013582585,51.15595352037388,118.41655907493953,68.20793802716517,65.36594060936662,53.05061846557291,64.4186081367671,94.73324725995163,60.62927824636904
B02010,99000000006,Synthetic Census Tract 99000000006,1.0,Total:,72.39499706735957,90.23144562018729,+/-86,54.55854851453185,34.62369424960675,67.14898278711613,60.85376565082399,67.14898278711613,97.57586561252812,122.75673415769667,78.6902142036517,107.01869131696633,26.230071401217238,112.26470559720977,29.377679969363307,62.95217136292137,28.328477113314616,36.72209996170413,77.64101134760303,66.09977993106743,86.03463419599254,70.2965913552622,73.44419992340826,89.1822427641386,87.08383705204122,113.31390845325846,31.476085681460685,40.91891138589889,59.8045627947753,88.13303990808991,114.36311130930716,83.93622848389515,67.14898278711613,77.64101134760303,78.6902142036517,80.7886199157491,97.57586561252812,71.34579421131089,34.62369424960675,32.525288537509375,95.47745990043074,122.75673415769667,37.77130281775282,107.01869131696633,49.31253423428841,89.1822427641386,73.44419992340826,70.2965913552622,128.0027484379401,96.52666275647942,68.19818564316482,110.1662998851124,38.82050567380151,98.62506846857681,30.426882825411994,78.6902142036517,35.672897105655444,32.525288537509375,84.98543133994384,77.64101134760303,68.19818564316482,65.05057707501875,84.98543133994384,66.09977993106743,64.00137421897006,90.23144562018729,44.066519954044956,36.72209996170413,57.70615708267792,59.8045627947753,113.31390845325846,74.49340277945696,66.09977993106743,71.34579421131089,73.44419992340826,128.0027484379401,88.13303990808991,68.19818564316482,28.328477113314616,36.72209996170413,109.1170970290637,94.42825704438205,25.180868545168547,87.08383705204122
B02010,99000000007,Synthetic Census Tract 99000000007,1.0,Total:,6.379882516108694,7.443196268793476,+/-7,4.253255010739129,4.253255010739129,7.443196268793476,6.379882516108694,5.316568763423911,7.443196268793476,4.253255010739129,5.316568763423911,5.316568763423911,6.379882516108694,5.316568763423911,5.316568763423911,5.316568763423911,7.443196268793476,3.189941258054347,6.379882516108694,5.316568763423911,9.56982377416304,7.443196268793476,5.316568763423911,6.379882516108694,6.379882516108694,8.506510021478258,3.189941258054347,6.379882516108694,6.379882516108694,9.56982377416304,13.823078784902169,8.506510021478258,5.316568763423911,9.56982377416304,5.316568763423911,6.379882516108694,4.253255010739129,9.56982377416304,4.253255010739129,4.253255010739129,3.189941258054347,5.316568763423911,3.189941258054347,4.253255010739129,9.56982377416304,4.253255010739129,7.443196268793476,7.443196268793476,6.379882516108694,6.379882516108694,4.253255010739129,5.316568763423911,5.316568763423911,2.1266275053695645,10.633137526847822,3.189941258054347,5.316568763423911,10.633137526847822,9.56982377416304,6.379882516108694,4.253255010739129,6.379882516108694,4.253255010739129,7.443196268793476,6.379882516108694,7.443196268793476,4.253255010739129,9.56982377416304,4.253255010739129,6.379882516108694,5.316568763423911,4.253255010739129,9.56982377416304,8.506510021478258,6.379882516108694,3.189941258054347,5.316568763423911,8.506510021478258,4.253255010739129,9.56982377416304,2.1266275053695645,4.253255010739129,9.56982377416304,9.56982377416304
B02010,99000000008,Synthetic Census Tract 99000000008,1.0,Total:,5.52633369582495,11.0526673916499,+/-12,7.3684449277666,6.447389311795774,9.21055615970825,12.894778623591549,3.6842224638833,6.447389311795774,5.52633369582495,4.605278079854125,5.52633369582495,1.84211123194165,5.52633369582495,7.3684449277666,2.763166847912475,6.447389311795774,1.84211123194165,8.289500543737425,11.0526673916499,7.3684449277666,9.21055615970825,2.763166847912475,1.84211123194165,7.3684449277666,9.21055615970825,12.894778623591549,5.52633369582495,5.52633369582495,6.447389311795774,7.3684449277666,6.447389311795774,1.84211123194165,6.447389311795774,10.131611775679074,1.84211123194165,4.605278079854125,1.84211123194165,5.52633369582495,11.973723007620725,7.3684449277666,11.973723007620725,2.763166847912475,1.84211123194165,5.52633369582495,12.894778623591549,10.131611775679074,8.289500543737425,8.289500543737425,8.289500543737425,4.605278079854125,8.289500543737425,1.84211123194165,5.52633369582495,9.21055615970825,1.84211123194165,5.52633369582495,1.84211123194165,5.52633369582495,18.4211123194165,4.605278079854125,11.0526673916499,1.84211123194165,2.763166847912475,5.52633369582495,7.3684449277666,10.131611775679074,6.447389311795774,4.605278079854125,4.605278079854125,6.447389311795774,6.447389311795774,1.84211123194165,6.447389311795774,10.131611775679074,2.763166847912475,5.52633369582495,1.84211123194165,6.447389311795774,10.131611775679074,3.6842224638833,9.21055615970825,1.84211123194165,1.84211123194165
B02010,99000000009,Synthetic Census Tract 99000000009,1.0,Total:,19.17954719921175,31.96591199868625,+/-35,19.17954719921175,22.832794284775893,11.873053028083465,19.17954719921175,28.312664913122106,10.046429485301392,7.306494171128286,20.092858970602784,17.352923656429677,32.87922377007729,21.00617074199382,21.00617074199382,23.74610605616693,16.439611885038644,30.13928845590418,24.659417827557963,26.486041370340036,14.612988342256571,6.39318239973725,31.052600227295216,21.919482513384857,28.312664913122106,10.046429485301392,15.526300113647608,19.17954719921175,10.046429485301392,10.046429485301392,21.919482513384857,21.919482513384857,25.572729598949,28.312664913122106,25.572729598949,14.612988342256571,26.486041370340036,23.74610605616693,19.17954719921175,15.526300113647608,6.39318239973725,9.133117713910357,28.312664913122106,23.74610605616693,5.479870628346214,24.659417827557963,24.659417827557963,6.39318239973725,29.225976684513142,41.099029712596604,21.919482513384857,22.832794284775893,6.39318239973725,11.873053028083465,20.092858970602784,33.79253554146832,18.266235427820714,6.39318239973725,22.832794284775893,14.612988342256571,32.87922377007729,49.318835655115926,10.959741256692428,21.919482513384857,10.046429485301392,45.66558856955179,11.873053028083465,6.39318239973725,39.27240616981454,25.572729598949,18.266235427820714,19.17954719921175,6.39318239973725,32.87922377007729,23.74610605616693,17.352923656429677,24.659417827557963,4.5665588569551785,24.659417827557963,15.526300113647608,31.052600227295216,32.87922377007729,5.479870628346214,20.092858970602784
B02010,99000000010,Synthetic Census Tract 99000000010,1.0,Total:,120.22863446465227,111.05865386989066,+/-109,67.24652436158517,134.49304872317035,148.7574629816884,94.75646614587002,139.5874823869268,117.17197426639841,120.22863446465227,186.45627209348615,128.37972832666262,159.9652170419526,80.49205188735195,100.86978654237775,151.81412317994227,155.88967011094743,73.35984475809292,128.37972832666262,143.66302931793197,66.22763762883388,67.24652436158517,104.94533347338292,142.64414258518067,145.70080278343454,72.34095802534162,143.66302931793197,95.7753528786213,130.41750179216518,111.05865386989066,62.15209069782872,164.04076397295776,135.51193545592164,181.36183842972972,136.53082218867291,63.17097743058001,74.3787314908442,134.49304872317035,147.7385762489371,56.03877030132098,106.9831069388855,123.28529466290615,111.05865386989066,149.7763497144397,131.43638852491648,80.49205188735195,129.39861505941388,124.30418139565744,146.71968951618584,111.05865386989066,61.13320396507743,162.0029905074552,112.07754060264196,177.28629149872455,158.94633030920133,62.15209069782872,71.32207129259034,151.81412317994227,125.32306812840874,64.18986416333131,130.41750179216518,146.71968951618584,142.64414258518067,133.47416199041905,135.51193545592164,139.5874823869268,99.85089980962647,101.88867327512905,123.28529466290615,108.0019936716368,158.94633030920133,120.22863446465227,179.32406496422712,76.41650495634678,70.30318455983904,146.71968951618584,162.0029905074552,65.20875089608259,123.28529466290615,126.34195486116002,73.35984475809292,77.43539168909808,104.94533347338292,127.36084159391132
B02010,99000000011,Synthetic Census Tract 99000000011,1.0,Total:,46.46173244192698,56.68331357915092,+/-61,34.381682007025965,55.75407893031238,65.04642541869778,46.46173244192698,52.96637498379676,52.96637498379676,20.44316227444787,24.160100869802033,53.8956096326353,23.23086622096349,52.037140334958224,21.372396923286413,57.61254822798946,39.957089900057206,66.90489471637486,65.04642541869778,43.67402849541136,46.46173244192698,42.744793846572826,58.541782876828,53.8956096326353,16.726223679093714,48.320201739604066,68.76336401405193,15.796989030255174,13.938519732578095,45.532497793088446,46.46173244192698,78.98494515127587,57.61254822798946,56.68331357915092,50.17867103728114,48.320201739604066,75.26800655592172,42.744793846572826,42.744793846572826,15.796989030255174,18.584692976770793,61.32948682334362,59.47101752566654,18.584692976770793,58.541782876828,82.70188374663003,40.88632454889574,37.169385953541585,50.17867103728114,25.08933551864057,15.796989030255174,42.744793846572826,22.301631572124954,58.541782876828,23.23086622096349,58.541782876828,39.957089900057206,70.62183331172902,67.8341293652134,49.249436388442604,57.61254822798946,46.46173244192698,46.46173244192698,40.88632454889574,20.44316227444787,52.96637498379676,64.11719076985923,24.160100869802033,20.44316227444787,46.46173244192698,36.24015130470305,67.8341293652134,43.67402849541136,54.824844281473844,39.02785525121867,45.532497793088446,66.90489471637486,39.957089900057206,44.60326314424991,25.08933551864057,23.23086622096349,60.40025217450508,68.76336401405193,18.584692976770793
B02010,99000000012,Synthetic Census Tract 99000000012,1.0,Total:,20.2337239237341,30.88305230464678,+/-29,18.103858247551564,21.298656761825367,21.298656761825367,21.298656761825367,18.103858247551564,10.649328380912683,20.2337239237341,19.16879108564283,15.973992571369026,13.84412689518649,19.16879108564283,29.818119466555515,20.2337239237341,15.973992571369026,14.909059733277758,17.038925409460294,53.24664190456342,26.62332095228171,23.428522438007903,20.2337239237341,24.493455276099173,14.909059733277758,33.01291798082932,38.33758217128566,27.68825379037298,20.2337239237341,13.84412689518649,44.72717919983327,14.909059733277758,22.363589599916637,17.038925409460294,11.714261219003951,11.714261219003951,7.454529866638879,23.428522438007903,27.68825379037298,12.779194057095221,12.779194057095221,25.558388114190443,10.649328380912683,34.07785081892059,5.324664190456342,15.973992571369026,19.16879108564283,20.2337239237341,31.94798514273805,20.2337239237341,15.973992571369026,6.389597028547611,40.4674478474682,7.454529866638879,6.389597028547611,18.103858247551564,23.428522438007903,33.01291798082932,31.94798514273805,7.454529866638879,13.84412689518649,22.363589599916637,21.298656761825367,29.818119466555515,20.2337239237341,9.584395542821415,13.84412689518649,9.584395542821415,27.68825379037298,31.94798514273805,12.779194057095221,21.298656761825367,33.01291798082932,20.2337239237341,10.649328380912683,27.68825379037298,33.01291798082932,17.038925409460294,25.558388114190443,12.779194057095221,30.88305230464678,11.714261219003951,23.428522438007903,9.584395542821415
B02010,99000000013,Synthetic Census Tract 99000000013,1.0,Total:,141.4238394133678,165.47551278298818,+/-172,101.01702815240557,157.77897730470966,158.74104423949447,164.51344584820336,108.71356363068409,152.96864263078558,210.69265871787448,141.4238394133678,212.6167925874441,201.07198937002633,96.2066934784815,168.36171358734262,52.913681413164824,137.57557167422854,132.76523700030447,75.04122091321557,159.7031111742793,92.35842573934224,193.3754538917478,169.32378052212744,115.4480321741778,127.95490232638039,141.4238394133678,147.1962410220767,211.6547256526593,146.23417408729188,75.04122091321557,146.23417408729188,65.42055156536742,65.42055156536742,193.3754538917478,173.1720482612667,183.75478454389966,125.06870152202595,112.56183136982335,195.29958776131744,173.1720482612667,198.18578856567188,94.28255960891187,50.989547543595194,137.57557167422854,139.49970554379817,107.75149669589928,106.78942976111446,192.413386956963,132.76523700030447,80.81362252192446,151.04450876121595,71.19295317407631,96.2066934784815,193.3754538917478,116.41009910896261,212.6167925874441,126.03076845681076,149.12037489164632,273.22700947888745,129.87903619595002,209.73059178308966,56.761949152304084,75.04122091321557,160.6651781090641,171.24791439169707,138.53763860901336,135.6514378046589,97.16876041326631,156.81691036992484,246.28913530491263,139.49970554379817,276.11321028324187,233.78226515271004,85.62395719584853,133.72730393508928,65.42055156536742,135.6514378046589,160.6651781090641,94.28255960891187,117.37216604374743,136.61350473944373,208.76852484830485,197.22372163088707,173.1720482612667
B02010,99000000014,Synthetic Census Tract 99000000014,1.0,Total:,0.0,13.002841412319201,+/-14,8.358969479348058,0.0,0.0,0.0,0.0,0.0,0.0,0.0,0.0,0.0,0.0,0.0,0.0,0.0,0.0,0.0,0.0,0.0,0.0,0.0,0.0,0.0,0.0,0.0,0.0,0.0,0.0,0.0,0.0,0.0,0.0,0.0,0.0,0.0,0.0,0.0,0.0,0.0,0.0,0.0,0.0,0.0,0.0,0.0,0.0,0.0,0.0,0.0,0.0,0.0,0.0,0.0,0.0,0.0,0.0,0.0,0.0,0.0,0.0,0.0,0.0,0.0,0.0,0.0,0.0,0.0,0.0,0.0,0.0,0.0,0.0,0.0,0.0,0.0,0.0,0.0,0.0,0.0,0.0,0.0,0.0
B02010,99000000015,Synthetic Census Tract 99000000015,1.0,Total:,2.1683881889949803,5.420970472487451,+/-5,3.2525822834924707,1.0841940944974902,1.0841940944974902,1.0841940944974902,2.1683881889949803,3.2525822834924707,2.1683881889949803,3.2525822834924707,5.420970472487451,5.420970472487451,1.0841940944974902,1.0841940944974902,0.0,2.1683881889949803,4.336776377989961,2.1683881889949803,2.1683881889949803,4.336776377989961,6.505164566984941,4.336776377989961,6.505164566984941,1.0841940944974902,1.0841940944974902,3.2525822834924707,3.2525822834924707,1.0841940944974902,2.1683881889949803,3.2525822834924707,1.0841940944974902,0.0,0.0,6.505164566984941,1.0841940944974902,3.2525822834924707,2.1683881889949803,1.0841940944974902,5.420970472487451,3.2525822834924707,1.0841940944974902,1.0841940944974902,4.336776377989961,2.1683881889949803,4.336776377989961,1.0841940944974902,2.1683881889949803,1.0841940944974902,1.0841940944974902,2.1683881889949803,0.0,1.0841940944974902,3.2525822834924707,4.336776377989961,6.505164566984941,1.0841940944974902,1.0841940944974902,3.2525822834924707,1.0841940944974902,1.0841940944974902,1.0841940944974902,1.0841940944974902,0.0,3.2525822834924707,1.0841940944974902,0.0,1.0841940944974902,2.1683881889949803,2.1683881889949803,2.1683881889949803,2.1683881889949803,1.0841940944974902,1.0841940944974902,0.0,1.0841940944974902,4.336776377989961,2.1683881889949803,2.1683881889949803,2.1683881889949803,3.2525822834924707,4.336776377989961,4.336776377989961,0.0
B02010,99000000016,Synthetic Census Tract 99000000016,1.0,Total:,218.346884624011,156.76186588390536,+/-168,95.17684714379968,252.87181937225208,257.53735109498734,339.65070941512823,167.02603567392296,195.9523323548817,111.97276134564667,325.6541142469224,233.2765861367639,132.5011009256819,249.13939399406385,199.68475773306992,223.0124163467463,265.0022018513638,156.76186588390536,238.87522420404625,199.68475773306992,196.88543869942873,195.01922601033462,219.27999096855808,219.27999096855808,249.13939399406385,224.87862903584042,255.67113840589326,262.20288281772264,202.48407676671107,257.53735109498734,282.73122239775785,207.14960848944636,196.88543869942873,285.53054143139906,285.53054143139906,215.54756559036986,150.23012147207595,176.35709911939352,196.88543869942873,217.41377827946397,216.4806719349169,186.62126890941113,151.16322781662302,161.42739760664062,277.13258433047554,208.0827148339934,214.61445924582281,153.02944050571713,239.8083305485933,239.8083305485933,168.89224836301707,240.74143689314036,287.39675412049314,180.08952449758175,158.62807857299947,228.61105441402864,225.81173538038746,259.4035637840815,311.6575190787166,167.95914201847,199.68475773306992,240.74143689314036,289.2629668095872,209.01582117854048,221.1462036576522,156.76186588390536,167.02603567392296,186.62126890941113,228.61105441402864,325.6541142469224,197.8185450439758,220.21309731310512,314.45683811235773,211.81514021218163,229.54416075857569,191.2868006321464,147.4308024384348,262.20288281772264,246.3400749604227,206.2165021448993,278.0656906750226,171.69156739665823,176.35709911939352,192.21990697669347
B02010,99000000017,Synthetic Census Tract 99000000017,1.0,Total:,61.24441705392558,105.26384181143459,+/-110,64.11524910332834,66.9860811527311,73.68468926800422,14.354160247013809,56.45969697158765,93.78051361382354,23.92360041168968,22.966656395222092,73.68468926800422,76.55552131740697,20.09582434581933,103.34995377849941,54.54580893865247,158.85270673361947,57.416640988055235,48.80414483984695,70.81385721860146,17.22499229641657,82.2971854162125,21.05276836228692,19.138880329351743,66.02913713626351,68.89996918566628,93.78051361382354,65.07219311979593,14.354160247013809,96.65134566322631,82.2971854162125,22.966656395222092,83.25412943268009,63.15830508686076,16.26804827994898,45.933312790444184,27.75137647756003,63.15830508686076,69.85691320213387,66.02913713626351,99.52217771262907,75.59857730093938,119.6180020584484,26.79443246109244,80.38329738327732,36.363872625768316,101.43606574556425,70.81385721860146,20.09582434581933,109.09161787730494,114.83328197611047,22.966656395222092,51.674976889249706,69.85691320213387,18.181936312884158,75.59857730093938,18.181936312884158,47.84720082337936,97.6082896796939,71.77080123506904,113.87633795964288,42.10553672457384,79.42635336680974,96.65134566322631,61.24441705392558,57.416640988055235,26.79443246109244,50.718032872782125,96.65134566322631,22.009712378754507,26.79443246109244,109.09161787730494,34.44998459283314,45.933312790444184,102.39300976203182,73.68468926800422,106.22078582790218,52.631920905717294,81.34024139974491,59.330529020990404,16.26804827994898,53.58886492218488,22.009712378754507,102.39300976203182
B02010,99000000018,Synthetic Census Tract 99000000018,1.0,Total:,5.584336074230471,9.307226790384117,+/-10,5.584336074230471,6.515058753268883,4.653613395192059,2.7921680371152355,5.584336074230471,9.307226790384117,4.653613395192059,5.584336074230471,2.7921680371152355,4.653613395192059,13.030117506537765,8.376504111345707,7.445781432307294,8.376504111345707,6.515058753268883,6.515058753268883,3.722890716153647,4.653613395192059,5.584336074230471,6.515058753268883,8.376504111345707,5.584336074230471,5.584336074230471,10.23794946942253,5.584336074230471,2.7921680371152355,6.515058753268883,4.653613395192059,6.515058753268883,4.653613395192059,1.8614453580768235,3.722890716153647,4.653613395192059,3.722890716153647,8.376504111345707,2.7921680371152355,10.23794946942253,11.168672148460942,7.445781432307294,8.376504111345707,3.722890716153647,3.722890716153647,13.030117506537765,4.653613395192059,12.099394827499353,10.23794946942253,4.653613395192059,10.23794946942253,1.8614453580768235,12.099394827499353,7.445781432307294,6.515058753268883,7.445781432307294,8.376504111345707,4.653613395192059,9.307226790384117,4.653613395192059,1.8614453580768235,5.584336074230471,4.653613395192059,7.445781432307294,3.722890716153647,4.653613395192059,8.376504111345707,7.445781432307294,1.8614453580768235,5.584336074230471,6.515058753268883,9.307226790384117,5.584336074230471,1.8614453580768235,3.722890716153647,4.653613395192059,4.653613395192059,7.445781432307294,4.653613395192059,7.445781432307294,8.376504111345707,5.584336074230471,4.653613395192059,2.7921680371152355
B02010,99000000019,Synthetic Census Tract 99000000019,1.0,Total:,30.462234420191344,40.616312560255125,+/-44,24.923646343792917,31.385332432924415,24.923646343792917,30.462234420191344,31.385332432924415,21.231254292860633,35.0777244838567,17.53886224192835,22.154352305593704,48.924194674852764,28.6160383947252,55.38588076398426,31.385332432924415,22.154352305593704,66.46305691678111,36.00082249658977,38.77011653478898,12.923372178262994,16.61576422919528,37.84701852205591,36.92392050932284,36.92392050932284,40.616312560255125,50.770390700318906,29.539136407458273,17.53886224192835,37.84701852205591,16.61576422919528,12.000274165529923,52.61658672578505,27.69294038199213,43.38560659845434,32.308430445657486,38.77011653478898,50.770390700318906,17.53886224192835,38.77011653478898,22.154352305593704,11.077176152796852,31.385332432924415,24.923646343792917,42.46250858572127,33.23152845839056,55.38588076398426,29.539136407458273,18.46196025466142,44.30870461118741,15.692666216462207,24.000548331059846,57.2320767894504,41.539410572988196,32.308430445657486,27.69294038199213,23.077450318326775,32.308430445657486,30.462234420191344,37.84701852205591,21.231254292860633,12.923372178262994,30.462234420191344,42.46250858572127,24.923646343792917,37.84701852205591,31.385332432924415,29.539136407458273,13.846470190996065,24.000548331059846,19.38505826739449,17.53886224192835,27.69294038199213,24.000548331059846,50.770390700318906,31.385332432924415,38.77011653478898,38.77011653478898,33.23152845839056,63.6937628785819,15.692666216462207,29.539136407458273,33.23152845839056,36.00082249658977
B02010,99000000020,Synthetic Census Tract 99000000020,1.0,Total:,0.0,18.08459206534576,+/-20,10.850755239207457,0.0,0.0,0.0,0.0,0.0,0.0,0.0,0.0,0.0,0.0,0.0,0.0,0.0,0.0,0.0,0.0,0.0,0.0,0.0,0.0,0.0,0.0,0.0,0.0,0.0,0.0,0.0,0.0,0.0,0.0,0.0,0.0,0.0,0.0,0.0,0.0,0.0,0.0,0.0,0.0,0.0,0.0,0.0,0.0,0.0,0.0,0.0,0.0,0.0,0.0,0.0,0.0,0.0,0.0,0.0,0.0,0.0,0.0,0.0,0.0,0.0,0.0,0.0,0.0,0.0,0.0,0.0,0.0,0.0,0.0,0.0,0.0,0.0,0.0,0.0,0.0,0.0,0.0,0.0,0.0
B02010,99000000021,Synthetic Census Tract 99000000021,1.0,Total:,15.488344391158485,21.86589796398845,+/-24,13.66618622749278,19.13266071848989,10.932948981994224,26.421293373152707,10.932948981994224,15.488344391158485,25.510214291319855,22.7769770458213,24.599135209487006,11.844028063827077,14.577265309325632,14.577265309325632,17.31050255482419,18.221581636657042,10.021869900161372,12.755107145659927,11.844028063827077,9.110790818328521,20.043739800322744,22.7769770458213,9.110790818328521,17.31050255482419,24.599135209487006,9.110790818328521,19.13266071848989,14.577265309325632,12.755107145659927,13.66618622749278,14.577265309325632,11.844028063827077,22.7769770458213,18.221581636657042,13.66618622749278,10.932948981994224,21.86589796398845,19.13266071848989,16.399423472991337,34.62100510964838,16.399423472991337,11.844028063827077,21.86589796398845,14.577265309325632,27.33237245498556,10.021869900161372,11.844028063827077,18.221581636657042,7.288632654662816,20.954818882155596,20.043739800322744,4.555395409164261,10.932948981994224,16.399423472991337,18.221581636657042,10.021869900161372,26.421293373152707,31.887767864149822,24.599135209487006,19.13266071848989,5.466474490997112,20.043739800322744,10.932948981994224,11.844028063827077,6.377553572829964,19.13266071848989,19.13266071848989,12.755107145659927,23.688056127654153,18.221581636657042,13.66618622749278,34.62100510964838,21.86589796398845,18.221581636657042,14.577265309325632,29.154530618651265,10.021869900161372,10.021869900161372,6.377553572829964,11.844028063827077,27.33237245498556,10.021869900161372,20.954818882155596
B02010,99000000022,Synthetic Census Tract 99000000022,1.0,Total:,205.68422472117754,224.38279060492096,+/-240,136.4995309513269,223.44786231073377,323.48518978876103,214.09857936886206,295.4373409631459,91.62297283034272,178.57130418974958,305.7215521992048,333.7694010248199,309.4612653759535,263.6497789607821,115.93110847920916,220.64307742817226,180.44116077812393,143.0440290106371,184.1808739548726,236.53685842935417,152.3933119525088,114.06125189083481,171.09187783625222,68.24976547566345,140.2392441280756,280.4784882561512,385.1904572051143,284.2182014328999,191.66030030836998,327.2249029655097,301.0469107282689,203.8143681328032,216.90336425142357,190.7253720141828,201.94451154442885,146.7837421873858,193.5301568967443,86.94833135940686,246.82106966541303,271.1292053142795,201.94451154442885,172.02680613043938,118.73589336177066,188.85551542580845,293.5674843747716,256.17035260728477,192.59522860255714,304.7866239050176,101.9071840664016,205.68422472117754,285.15312972708705,234.66700184097982,256.17035260728477,263.6497789607821,158.937810011819,204.74929642699036,114.06125189083481,147.71867048157296,258.0402091956591,193.5301568967443,142.10910071644994,191.66030030836998,242.14642819447718,110.32153871408613,212.22872278048771,257.10528090147193,286.0880580212742,220.64307742817226,144.91388559901145,301.9818390224561,229.99236037004397,193.5301568967443,202.879439838616,149.5885270699473,238.40671501772852,140.2392441280756,187.9205871316213,97.23254259546574,331.8995444364456,244.01628478285153,172.96173442462657,235.60193013516698,168.28709295369072,129.02010459782954
B02010,99000000023,Synthetic Census Tract 99000000023,1.0,Total:,4.553381932627175,7.285411092203481,+/-8,4.553381932627175,0.9106763865254351,4.553381932627175,3.6427055461017406,8.196087478728916,3.6427055461017406,0.9106763865254351,2.7320291595763053,1.8213527730508703,8.196087478728916,4.553381932627175,1.8213527730508703,0.9106763865254351,3.6427055461017406,6.374734705678046,2.7320291595763053,2.7320291595763053,5.464058319152611,6.374734705678046,6.374734705678046,5.464058319152611,1.8213527730508703,8.196087478728916,3.6427055461017406,4.553381932627175,5.464058319152611,1.8213527730508703,5.464058319152611,0.9106763865254351,7.285411092203481,4.553381932627175,0.9106763865254351,1.8213527730508703,4.553381932627175,4.553381932627175,3.6427055461017406,3.6427055461017406,4.553381932627175,4.553381932627175,4.553381932627175,1.8213527730508703,9.10676386525435,0.9106763865254351,3.6427055461017406,1.8213527730508703,3.6427055461017406,5.464058319152611,6.374734705678046,6.374734705678046,1.8213527730508703,2.7320291595763053,7.285411092203481,7.285411092203481,4.553381932627175,3.6427055461017406,3.6427055461017406,5.464058319152611,1.8213527730508703,0.9106763865254351,4.553381932627175,1.8213527730508703,7.285411092203481,0.9106763865254351,3.6427055461017406,0.9106763865254351,4.553381932627175,4.553381932627175,2.7320291595763053,5.464058319152611,1.8213527730508703,6.374734705678046,6.374734705678046,5.464058319152611,2.7320291595763053,4.553381932627175,5.464058319152611,2.7320291595763053,4.553381932627175,1.8213527730508703,3.6427055461017406,6.374734705678046
B02010,99000000024,Synthetic Census Tract 99000000024,1.0,Total:,30.54686289666583,32.583320423110216,+/-32,19.346346501221692,11.200516395444136,32.583320423110216,28.510405370221438,34.6197779495546,42.76560805533216,30.54686289666583,29.52863413344363,26.47394784377705,31.565091659888022,28.510405370221438,20.364575264443886,40.72915052888777,15.273431448332914,18.328117737999495,29.52863413344363,27.492176606999244,33.60154918633241,26.47394784377705,37.67446423922119,23.419261554110467,31.565091659888022,43.783836818554356,17.3098889747773,21.38280402766608,40.72915052888777,20.364575264443886,39.710921765665574,31.565091659888022,44.802065581776546,41.74737929210996,37.67446423922119,35.6380067127768,33.60154918633241,41.74737929210996,17.3098889747773,13.236973921888525,39.710921765665574,38.692693002443384,18.328117737999495,42.76560805533216,20.364575264443886,35.6380067127768,41.74737929210996,33.60154918633241,33.60154918633241,30.54686289666583,39.710921765665574,33.60154918633241,18.328117737999495,37.67446423922119,13.236973921888525,29.52863413344363,15.273431448332914,11.200516395444136,31.565091659888022,24.43749031733266,37.67446423922119,38.692693002443384,23.419261554110467,53.96612445077629,41.74737929210996,28.510405370221438,17.3098889747773,9.164058868999748,26.47394784377705,40.72915052888777,40.72915052888777,32.583320423110216,23.419261554110467,29.52863413344363,26.47394784377705,30.54686289666583,38.692693002443384,35.6380067127768,17.3098889747773,17.3098889747773,25.455719080554857,42.76560805533216,15.273431448332914,33.60154918633241
B02010,99000000025,Synthetic Census Tract 99000000025,1.0,Total:,126.40943445390796,212.40929559877978,+/-205,129.51786316998766,250.74658309709613,178.21657972190303,221.7345817470189,130.5540060753476,151.2768641825456,91.18057567167132,133.66243479142727,97.39743310383074,75.6384320912728,101.54200472527033,190.65029458622186,54.915573984074776,217.59001012557928,49.73485945727526,123.30100573782826,273.541727015014,88.07214695559162,126.40943445390796,89.10828986095152,281.8308702578932,136.770863507507,87.03600405023171,78.7468608073525,130.5540060753476,181.32500843798275,157.493721614705,250.74658309709613,115.01186249494906,139.87929222358667,120.19257702174856,44.55414493047576,303.5898712704511,101.54200472527033,122.26486283246837,101.54200472527033,64.24086013231388,140.9154351289466,64.24086013231388,155.42143580398522,63.20471722695398,89.10828986095152,178.21657972190303,130.5540060753476,124.33714864318817,164.74672195222433,203.08400945054066,136.770863507507,206.19243816662038,64.24086013231388,233.1321537059778,199.97558073446098,63.20471722695398,103.61429053599014,53.87943107871487,141.9515780343065,141.9515780343065,187.54186587014215,238.31286823277733,39.37343040367625,135.7347206021471,120.19257702174856,47.662573646555465,55.95171688943468,250.74658309709613,91.18057567167132,137.80700641286688,91.18057567167132,130.5540060753476,247.63815438101642,98.43357600919063,108.79500506278964,135.7347206021471,116.04800540030895,269.39715539357434,179.25272262726293,67.34928884839358,140.9154351289466,77.71071790199261,181.32500843798275,69.42157465911339
B02010,99000000026,Synthetic Census Tract 99000000026,1.0,Total:,8.80853482229765,18.59579573596171,+/-19,10.765987005030462,0.9787260913664056,10.765987005030462,8.80853482229765,8.80853482229765,6.851082639564839,0.9787260913664056,0.9787260913664056,12.723439187763274,0.9787260913664056,7.829808730931245,10.765987005030462,17.6170696445953,15.65961746186249,15.65961746186249,7.829808730931245,9.787260913664056,0.0,13.702165279129678,8.80853482229765,12.723439187763274,9.787260913664056,0.0,0.9787260913664056,17.6170696445953,17.6170696445953,7.829808730931245,8.80853482229765,10.765987005030462,6.851082639564839,0.9787260913664056,15.65961746186249,8.80853482229765,7.829808730931245,6.851082639564839,0.0,11.744713096396868,9.787260913664056,10.765987005030462,0.0,0.9787260913664056,6.851082639564839,18.59579573596171,16.638343553228896,0.9787260913664056,0.9787260913664056,10.765987005030462,9.787260913664056,7.829808730931245,9.787260913664056,20.55324791869452,0.0,9.787260913664056,9.787260913664056,8.80853482229765,11.744713096396868,0.0,6.851082639564839,6.851082639564839,13.702165279129678,4.893630456832028,18.59579573596171,6.851082639564839,8.80853482229765,9.787260913664056,9.787260913664056,13.702165279129678,16.638343553228896,1.9574521827328113,15.65961746186249,7.829808730931245,7.829808730931245,0.0,0.9787260913664056,0.9787260913664056,9.787260913664056,6.851082639564839,17.6170696445953,0.9787260913664056,9.787260913664056,9.787260913664056
B02010,99000000027,Synthetic Census Tract 99000000027,1.0,Total:,0.0,13.490375071465738,+/-14,8.67238397451369,0.0,0.0,0.0,0.0,0.0,0.0,0.0,0.0,0.0,0.0,0.0,0.0,0.0,0.0,0.0,0.0,0.0,0.0,0.0,0.0,0.0,0.0,0.0,0.0,0.0,0.0,0.0,0.0,0.0,0.0,0.0,0.0,0.0,0.0,0.0,0.0,0.0,0.0,0.0,0.0,0.0,0.0,0.0,0.0,0.0,0.0,0.0,0.0,0.0,0.0,0.0,0.0,0.0,0.0,0.0,0.0,0.0,0.0,0.0,0.0,0.0,0.0,0.0,0.0,0.0,0.0,0.0,0.0,0.0,0.0,0.0,0.0,0.0,0.0,0.0,0.0,0.0,0.0,0.0,0.0
B02010,99000000028,Synthetic Census Tract 99000000028,1.0,Total:,224.2027754185959,184.16656552241807,+/-184,112.10138770929795,145.13126087364466,258.23355383034703,198.1792389860803,313.2833424375916,209.18919670752922,166.15027106913803,311.2815319427827,304.27519521095155,279.2525640258404,174.1575130483736,131.1185874099824,226.2045859134048,288.26071125248046,202.18285997569808,243.21997511928038,244.2208803666848,173.15660780096914,148.13397661585802,88.07966177159125,175.15841829577803,185.1674707698225,180.16294453280028,262.2371748199648,193.17471274905807,221.20005967638255,253.22902759332484,238.21544888225813,265.2398905621782,193.17471274905807,307.2779109531649,232.21001739783148,266.2407958095826,288.26071125248046,195.17652324386697,187.1692812646314,264.23898531477374,285.2579955102671,199.18014423348475,240.21725937706702,201.18195472829365,132.11949265738687,276.2498482836271,169.15298681135138,237.2145436348537,291.26342699469376,185.1674707698225,301.27247946873825,332.30054213827606,362.3276995604094,166.15027106913803,119.10772444112906,199.18014423348475,265.2398905621782,275.24894303622267,284.2570902628627,305.27610045835604,211.1910072023381,153.13850285288024,126.11406117296019,151.13669235807134,217.19643868676476,193.17471274905807,236.21363838744924,173.15660780096914,216.19553343936033,195.17652324386697,201.18195472829365,249.22540660370706,229.20730165561812,223.20187017119144,224.2027754185959,235.2127331400448,243.21997511928038,236.21363838744924,178.1611340379914,322.2914896642316,301.27247946873825,152.13759760547578,227.20549116080923,184.16656552241807
B02010,99000000029,Synthetic Census Tract 99000000029,1.0,Total:,7.525006919128453,22.57502075738536,+/-21,13.975012849809984,0.0,0.0,8.600007907575375,7.525006919128453,21.500019768938436,9.675008896022296,0.0,5.375004942234609,0.0,13.975012849809984,0.0,0.0,0.0,0.0,23.65002174583228,13.975012849809984,0.0,0.0,15.050013838256906,12.900011861363062,4.300003953787687,6.450005930681531,17.20001581515075,12.900011861363062,16.125014826703826,12.900011861363062,12.900011861363062,16.125014826703826,7.525006919128453,20.425018780491513,11.82501087291614,6.450005930681531,6.450005930681531,4.300003953787687,13.975012849809984,20.425018780491513,5.375004942234609,10.750009884469218,18.275016803597673,8.600007907575375,1.0750009884469218,0.0,13.975012849809984,8.600007907575375,9.675008896022296,8.600007907575375,0.0,10.750009884469218,0.0,12.900011861363062,1.0750009884469218,0.0,0.0,0.0,8.600007907575375,12.900011861363062,1.0750009884469218,0.0,11.82501087291614,12.900011861363062,6.450005930681531,5.375004942234609,11.82501087291614,15.050013838256906,23.65002174583228,15.050013838256906,7.525006919128453,9.675008896022296,7.525006919128453,15.050013838256906,7.525006919128453,11.82501087291614,6.450005930681531,6.450005930681531,25.800023722726124,18.275016803597673,7.525006919128453,6.450005930681531,19.350017792044593,7.525006919128453
B02010,99000000030,Synthetic Census Tract 99000000030,1.0,Total:,23.544979158017707,41.73882668921321,+/-39,25.685431808746593,35.317468737026566,29.966337110204357,9.632036928279971,18.1938475311955,9.632036928279971,33.17701608629768,52.44108994285762,43.879279339942094,34.24724241166212,7.491584277551089,17.12362120583106,27.825884459475475,40.66860036384877,27.825884459475475,23.544979158017707,19.264073856559943,18.1938475311955,20.334300181924384,11.772489579008854,29.966337110204357,19.264073856559943,7.491584277551089,37.45792138775545,26.755658134111034,36.387695062391,18.1938475311955,8.56181060291553,23.544979158017707,6.421357952186648,29.966337110204357,26.755658134111034,9.632036928279971,9.632036928279971,31.036563435568798,19.264073856559943,20.334300181924384,23.544979158017707,19.264073856559943,41.73882668921321,35.317468737026566,37.45792138775545,10.702263253644412,40.66860036384877,19.264073856559943,37.45792138775545,34.24724241166212,6.421357952186648,22.474752832653266,9.632036928279971,37.45792138775545,20.334300181924384,8.56181060291553,7.491584277551089,21.404526507288825,17.12362120583106,24.615205483382148,20.334300181924384,16.05339488046662,50.30063729212874,9.632036928279971,14.983168555102178,40.66860036384877,7.491584277551089,23.544979158017707,7.491584277551089,16.05339488046662,33.17701608629768,24.615205483382148,39.59837403848433,7.491584277551089,33.17701608629768,51.370863617493185,59.932674220408714,19.264073856559943,16.05339488046662,25.685431808746593,24.615205483382148,23.544979158017707,6.421357952186648,6.421357952186648
B02010,99000000031,Synthetic Census Tract 99000000031,1.0,Total:,0.0,18.17390024805117,+/-20,10.904340148830702,0.0,0.0,0.0,0.0,0.0,0.0,0.0,0.0,0.0,0.0,0.0,0.0,0.0,0.0,0.0,0.0,0.0,0.0,0.0,0.0,0.0,0.0,0.0,0.0,0.0,0.0,0.0,0.0,0.0,0.0,0.0,0.0,0.0,0.0,0.0,0.0,0.0,0.0,0.0,0.0,0.0,0.0,0.0,0.0,0.0,0.0,0.0,0.0,0.0,0.0,0.0,0.0,0.0,0.0,0.0,0.0,0.0,0.0,0.0,0.0,0.0,0.0,0.0,0.0,0.0,0.0,0.0,0.0,0.0,0.0,0.0,0.0,0.0,0.0,0.0,0.0,0.0,0.0,0.0,0.0
B02010,99000000032,Synthetic Census Tract 99000000032,1.0,Total:,15.917094592628182,22.471192366063313,+/-24,13.108195546870267,29.02529013949845,27.15269077565984,27.15269077565984,18.725993638386097,19.662293320305402,25.28009141182123,14.044495228789572,13.108195546870267,11.235596183031657,14.980794910708877,34.643088231014275,11.235596183031657,14.980794910708877,5.617798091515828,20.598593002224707,20.598593002224707,14.980794910708877,25.28009141182123,5.617798091515828,3.745198727677219,15.917094592628182,19.662293320305402,18.725993638386097,12.171895864950962,17.78969395646679,17.78969395646679,20.598593002224707,23.40749204798262,8.426697137273743,22.471192366063313,26.216391093740533,13.108195546870267,19.662293320305402,12.171895864950962,19.662293320305402,27.15269077565984,19.662293320305402,17.78969395646679,14.980794910708877,27.15269077565984,8.426697137273743,15.917094592628182,18.725993638386097,21.534892684144012,20.598593002224707,7.490397455354438,12.171895864950962,8.426697137273743,33.70678854909497,23.40749204798262,7.490397455354438,14.044495228789572,21.534892684144012,18.725993638386097,20.598593002224707,13.108195546870267,15.917094592628182,23.40749204798262,20.598593002224707,26.216391093740533,25.28009141182123,11.235596183031657,9.362996819193048,18.725993638386097,17.78969395646679,17.78969395646679,16.853394274547487,17.78969395646679,18.725993638386097,13.108195546870267,17.78969395646679,22.471192366063313,14.044495228789572,25.28009141182123,20.598593002224707,6.554097773435133,15.917094592628182,7.490397455354438,24.343791729901923,10.299296501112353
B02010,99000000033,Synthetic Census Tract 99000000033,1.0,Total:,111.78717895806375,103.26103819007584,+/-109,62.52503229857803,125.05006459715607,138.31295023624838,88.10345460254177,129.78680946826046,108.94513203540112,111.78717895806375,173.36486228242092,119.36597075183079,148.73378895267805,74.84056896344946,93.78754844786705,141.15499715891102,144.94439305579454,68.2091261439033,119.36597075183079,133.57620536514398,61.57768332435715,62.52503229857803,97.57694434475056,132.6288563909231,135.47090331358572,67.26177716968243,133.57620536514398,89.05080357676265,121.26066870027255,103.26103819007584,57.788287427473634,152.52318484956157,125.99741357137694,168.6281174113165,126.94476254559783,58.735636401694514,69.15647511812419,125.05006459715607,137.3656012620275,52.10419358214836,99.47164229319232,114.6292258807264,103.26103819007584,139.26029921046924,122.20801767449342,74.84056896344946,120.31331972605167,115.57657485494727,136.4182522878066,103.26103819007584,56.840938453252754,150.6284869011198,104.20838716429672,164.838721514433,147.78643997845717,57.788287427473634,66.31442819546155,141.15499715891102,116.52392382916815,59.68298537591539,121.26066870027255,136.4182522878066,132.6288563909231,124.10271562293518,125.99741357137694,129.78680946826046,92.84019947364617,94.73489742208793,114.6292258807264,100.4189912674132,147.78643997845717,111.78717895806375,166.73341946287476,71.05117306656595,65.36707922124067,136.4182522878066,150.6284869011198,60.63033435013627,114.6292258807264,117.47127280338903,68.2091261439033,71.99852204078682,97.57694434475056,118.41862177760991
B02010,99000000034,Synthetic Census Tract 99000000034,1.0,Total:,0.0,18.997550303328847,+/-20,11.398530181997309,0.0,0.0,0.0,0.0,0.0,0.0,0.0,0.0,0.0,0.0,0.0,0.0,0.0,0.0,0.0,0.0,0.0,0.0,0.0,0.0,0.0,0.0,0.0,0.0,0.0,0.0,0.0,0.0,0.0,0.0,0.0,0.0,0.0,0.0,0.0,0.0,0.0,0.0,0.0,0.0,0.0,0.0,0.0,0.0,0.0,0.0,0.0,0.0,0.0,0.0,0.0,0.0,0.0,0.0,0.0,0.0,0.0,0.0,0.0,0.0,0.0,0.0,0.0,0.0,0.0,0.0,0.0,0.0,0.0,0.0,0.0,0.0,0.0,0.0,0.0,0.0,0.0,0.0,0.0,0.0
B02010,99000000035,Synthetic Census Tract 99000000035,1.0,Total:,329.63012236328024,245.44766034435023,+/-242,149.09423996123752,446.268473353364,369.1857370468739,313.40217787770337,292.1030007403837,215.02026443389357,329.63012236328024,349.91505297025134,451.3397060051068,310.35943828665773,231.24820891947044,290.07450767968663,365.12875092547966,331.6586154239774,371.214230107571,295.1457403314294,448.29696641406116,379.32820235035945,221.1057436159849,325.573136241886,459.45367824789525,344.84382031850856,264.71834442097276,292.1030007403837,198.7923199483167,269.78957707271553,232.26245544981902,271.8180701334126,392.51340724489063,369.1857370468739,224.14848320703058,311.3736848170063,276.8893027851554,314.4164244080519,416.85532397325596,268.775330542367,308.3309452259606,473.653129672775,331.6586154239774,423.9550496856958,393.5276537752392,336.72984807572016,333.68710848467447,362.086011334434,128.80930935426645,324.55888971153746,287.03176808864094,318.47341052944614,434.0975149891814,282.9747819672467,328.6158758329317,319.4876570597947,268.775330542367,230.2339623891219,458.4394317175467,455.396692126501,311.3736848170063,384.3994350021022,292.1030007403837,435.1117615195299,287.03176808864094,221.1057436159849,399.6131329573305,323.5446431811889,289.0602611493381,200.82081300901382,173.43615668960283,369.1857370468739,407.72710520011896,322.5303966508404,271.8180701334126,301.2312195135207,305.28820563491496,330.6443688936288,370.19998357722244,377.2997092896623,460.4679247782438,212.99177137319646,360.0575182737369,354.9862856219941,252.5473860567901
B02010,99000000036,Synthetic Census Tract 99000000036,1.0,Total:,57.028644138157034,65.87791650442279,+/-67,40.31335189076618,73.7439363855479,51.12912922731321,62.92815904900087,32.44733200964107,71.77743141526662,45.22961431646937,36.38034195020363,72.76068390040726,69.81092644498534,42.279856861047456,84.55971372209491,37.36359443534427,31.464079524500434,62.92815904900087,19.665049702812773,29.497574554219156,58.01189662329767,68.8276739598447,94.3922385735013,69.81092644498534,68.8276739598447,54.078886682735124,77.67694632611045,74.72718887068854,76.69369384096981,21.631554673094048,34.41383697992235,37.36359443534427,35.39708946506299,88.49272366265747,70.79417893012598,73.7439363855479,52.112381712453846,51.12912922731321,50.14587674217257,44.246361831328734,73.7439363855479,31.464079524500434,46.21286680161001,61.94490656386023,54.078886682735124,92.42573360322002,34.41383697992235,44.246361831328734,37.36359443534427,77.67694632611045,91.44248111807939,53.095634197594485,91.44248111807939,33.43058449478171,34.41383697992235,37.36359443534427,68.8276739598447,65.87791650442279,54.078886682735124,72.76068390040726,13.765534791968939,62.92815904900087,45.22961431646937,61.94490656386023,53.095634197594485,70.79417893012598,36.38034195020363,106.19126839518897,58.99514910843831,53.095634197594485,68.8276739598447,41.29660437590682,38.34684692048491,66.86116898956342,36.38034195020363,69.81092644498534,58.99514910843831,65.87791650442279,96.35874354378258,60.96165407871959,40.31335189076618,36.38034195020363,17.698544732531495,48.17937177189129
B02010,99000000037,Synthetic Census Tract 99000000037,1.0,Total:,62.7797068550008,78.24717086275463,+/-86,47.31224284724698,30.025077191522122,58.23045273507321,52.771347791160096,58.23045273507321,84.61612663065326,106.4525464063057,68.23881179891391,92.80478404652293,22.74627059963797,97.35403816645052,25.47582307159453,54.59104943913113,24.56597224760901,31.84477883949316,67.32896097492839,57.320601911087685,74.60776756681254,60.960005207029766,63.68955767898632,77.3373200387691,75.51761839079806,98.26388899043604,27.295524719565567,35.48418213543523,51.861496967174574,76.42746921478359,99.17373981442155,72.78806591884151,58.23045273507321,67.32896097492839,68.23881179891391,70.05851344688496,84.61612663065326,61.86985603101528,30.025077191522122,28.205375543551085,82.79642498268221,106.4525464063057,32.75462966347868,92.80478404652293,42.76298872731939,77.3373200387691,63.68955767898632,60.960005207029766,111.0018005262333,83.70627580666773,59.14030355905873,95.53433651847948,33.664480487464196,85.52597745463878,26.385673895580048,68.23881179891391,30.93492801550764,28.205375543551085,73.69791674282703,67.32896097492839,59.14030355905873,56.41075108710217,73.69791674282703,57.320601911087685,55.50090026311665,78.24717086275463,38.21373460739179,31.84477883949316,50.04179531920354,51.861496967174574,98.26388899043604,64.59940850297184,57.320601911087685,61.86985603101528,63.68955767898632,111.0018005262333,76.42746921478359,59.14030355905873,24.56597224760901,31.84477883949316,94.62448569449396,81.8865741586967,21.836419775652452,75.51761839079806
B02010,99000000038,Synthetic Census Tract 99000000038,1.0,Total:,3.8988913107676573,6.8230597938434006,+/-7,3.8988913107676573,4.873614138459572,2.924168483075743,3.8988913107676573,0.9747228276919143,5.848336966151486,7.7977826215353145,3.8988913107676573,0.9747228276919143,0.9747228276919143,2.924168483075743,1.9494456553838286,1.9494456553838286,3.8988913107676573,3.8988913107676573,5.848336966151486,3.8988913107676573,7.7977826215353145,5.848336966151486,1.9494456553838286,3.8988913107676573,3.8988913107676573,3.8988913107676573,5.848336966151486,9.747228276919143,2.924168483075743,0.9747228276919143,3.8988913107676573,6.8230597938434006,4.873614138459572,1.9494456553838286,3.8988913107676573,5.848336966151486,0.9747228276919143,3.8988913107676573,0.9747228276919143,0.9747228276919143,3.8988913107676573,1.9494456553838286,6.8230597938434006,2.924168483075743,1.9494456553838286,2.924168483075743,4.873614138459572,6.8230597938434006,3.8988913107676573,1.9494456553838286,3.8988913107676573,6.8230597938434006,3.8988913107676573,3.8988913107676573,1.9494456553838286,7.7977826215353145,1.9494456553838286,5.848336966151486,0.9747228276919143,0.0,2.924168483075743,0.9747228276919143,7.7977826215353145,2.924168483075743,4.873614138459572,3.8988913107676573,3.8988913107676573,0.9747228276919143,1.9494456553838286,8.772505449227229,4.873614138459572,0.9747228276919143,1.9494456553838286,1.9494456553838286,3.8988913107676573,0.9747228276919143,5.848336966151486,3.8988913107676573,3.8988913107676573,5.848336966151486,3.8988913107676573,7.7977826215353145,0.9747228276919143,2.924168483075743
B02010,99000000039,Synthetic Census Tract 99000000039,1.0,Total:,0.0,14.066508256409387,+/-14,9.042755307691749,0.0,0.0,0.0,0.0,0.0,0.0,0.0,0.0,0.0,0.0,0.0,0.0,0.0,0.0,0.0,0.0,0.0,0.0,0.0,0.0,0.0,0.0,0.0,0.0,0.0,0.0,0.0,0.0,0.0,0.0,0.0,0.0,0.0,0.0,0.0,0.0,0.0,0.0,0.0,0.0,0.0,0.0,0.0,0.0,0.0,0.0,0.0,0.0,0.0,0.0,0.0,0.0,0.0,0.0,0.0,0.0,0.0,0.0,0.0,0.0,0.0,0.0,0.0,0.0,0.0,0.0,0.0,0.0,0.0,0.0,0.0,0.0,0.0,0.0,0.0,0.0,0.0,0.0,0.0,0.0
B02010,99000000040,Synthetic Census Tract 99000000040,1.0,Total:,0.0,12.884681328130405,+/-14,8.28300942522669,0.0,0.0,0.0,0.0,0.0,0.0,0.0,0.0,0.0,0.0,0.0,0.0,0.0,0.0,0.0,0.0,0.0,0.0,0.0,0.0,0.0,0.0,0.0,0.0,0.0,0.0,0.0,0.0,0.0,0.0,0.0,0.0,0.0,0.0,0.0,0.0,0.0,0.0,0.0,0.0,0.0,0.0,0.0,0.0,0.0,0.0,0.0,0.0,0.0,0.0,0.0,0.0,0.0,0.0,0.0,0.0,0.0,0.0,0.0,0.0,0.0,0.0,0.0,0.0,0.0,0.0,0.0,0.0,0.0,0.0,0.0,0.0,0.0,0.0,0.0,0.0,0.0,0.0,0.0,0.0
B02010,99000000041,Synthetic Census Tract 99000000041,1.0,Total:,23.467217636669666,37.33420987651992,+/-35,22.400525925911953,37.33420987651992,24.53390934742738,7.466841975303985,11.733608818334833,24.53390934742738,34.134134744246786,6.400150264546273,58.66804409167416,24.53390934742738,29.86736790121594,26.6672927689428,26.6672927689428,23.467217636669666,27.733984479700514,7.466841975303985,26.6672927689428,17.067067372123393,16.00037566136568,29.86736790121594,24.53390934742738,25.60060105818509,36.26751816576221,17.067067372123393,22.400525925911953,44.80105185182391,22.400525925911953,26.6672927689428,29.86736790121594,43.7343601410662,11.733608818334833,6.400150264546273,9.60022539681941,8.533533686061697,39.46759329803535,25.60060105818509,24.53390934742738,6.400150264546273,24.53390934742738,19.20045079363882,38.40090158727764,9.60022539681941,24.53390934742738,25.60060105818509,36.26751816576221,30.93405961197365,6.400150264546273,38.40090158727764,11.733608818334833,25.60060105818509,26.6672927689428,22.400525925911953,24.53390934742738,17.067067372123393,20.267142504396528,34.134134744246786,6.400150264546273,17.067067372123393,14.93368395060797,9.60022539681941,37.33420987651992,29.86736790121594,5.33345855378856,22.400525925911953,22.400525925911953,9.60022539681941,22.400525925911953,20.267142504396528,26.6672927689428,9.60022539681941,43.7343601410662,36.26751816576221,38.40090158727764,36.26751816576221,8.533533686061697,26.6672927689428,17.067067372123393,38.40090158727764,7.466841975303985,23.467217636669666,9.60022539681941
B02010,99000000042,Synthetic Census Tract 99000000042,1.0,Total:,62.817073757218445,57.35471951746032,+/-63,34.59491018513479,80.11452884978584,64.63785850380448,48.25079578453011,55.533934770874275,62.817073757218445,80.11452884978584,48.25079578453011,84.66649071625095,50.98197290440917,78.2937441031998,36.415694931720836,55.533934770874275,60.08589663733938,83.75609834295793,65.5482508770975,63.727466130511466,51.89236527770219,75.56256698332074,70.10021274356261,100.1431610622323,93.77041444918116,73.7417822367347,38.23647967830688,32.77412543854875,55.533934770874275,80.11452884978584,98.32237631564625,53.71315002428823,65.5482508770975,52.80275765099521,46.43001103794407,50.98197290440917,74.65217461002771,71.92099749014865,40.05726442489292,65.5482508770975,59.17550426404636,72.83138986344167,45.51961866465105,43.698833918065006,60.08589663733938,66.45864325039052,82.8457059696649,56.444327144167296,50.07158053111615,31.863733065255733,66.45864325039052,48.25079578453011,72.83138986344167,54.623542397581254,92.86002207588814,93.77041444918116,81.02492122307886,64.63785850380448,60.9962890106324,44.60922629135803,56.444327144167296,55.533934770874275,71.01060511685563,59.17550426404636,45.51961866465105,43.698833918065006,83.75609834295793,115.61983140821366,76.47295935661376,49.161188157823126,46.43001103794407,61.906681383925424,84.66649071625095,78.2937441031998,90.12884495600908,69.18982037026959,46.43001103794407,38.23647967830688,73.7417822367347,67.36903562368354,81.93531359637188,40.05726442489292,72.83138986344167,71.01060511685563
B02010,99000000043,Synthetic Census Tract 99000000043,1.0,Total:,224.58845337734778,156.23544582772018,+/-144,95.4772168947179,253.8825994700453,175.76487655618521,259.30744133906336,200.7191491536683,212.65380126550804,120.43148949220098,199.6341807798647,152.98054070630934,174.6799081823816,321.15063864586926,256.0525362176525,238.69304223679472,262.5623464604742,309.2159865340295,248.45775760102725,147.5556988372913,314.64082840304764,245.2028524796164,265.81725158188505,292.94146092697537,227.84335849875862,212.65380126550804,197.46424403225745,256.0525362176525,251.7126627224381,160.57531932293463,230.01329524636583,132.3661416040407,187.69952866802495,231.09826362016946,274.49699857231394,251.7126627224381,232.18323199397307,212.65380126550804,185.52959192041772,220.24857988213333,304.8761130388151,226.758390124955,195.29430728465024,161.66028769673827,155.15047745391658,289.6865558055645,225.67342175115138,197.46424403225745,258.2224729652598,301.62120791740426,220.24857988213333,321.15063864586926,295.1113976745826,143.21582534207684,192.0394021632394,246.28782085342002,213.73876963931164,198.5492124060611,214.82373801311527,225.67342175115138,152.98054070630934,225.67342175115138,298.3663027959934,230.01329524636583,210.48386451790083,181.18971842520327,160.57531932293463,256.0525362176525,185.52959192041772,288.6015874317609,259.30744133906336,215.90870638691888,281.0068088151356,243.0329157320092,248.45775760102725,159.49035094913103,278.8368720675284,183.3596551728105,210.48386451790083,286.4316506841537,231.09826362016946,259.30744133906336,222.41851662974054,239.77801061059836
B02010,99000000044,Synthetic Census Tract 99000000044,1.0,Total:,0.0,12.877516796423652,+/-14,8.278403654843776,0.0,0.0,0.0,0.0,0.0,0.0,0.0,0.0,0.0,0.0,0.0,0.0,0.0,0.0,0.0,0.0,0.0,0.0,0.0,0.0,0.0,0.0,0.0,0.0,0.0,0.0,0.0,0.0,0.0,0.0,0.0,0.0,0.0,0.0,0.0,0.0,0.0,0.0,0.0,0.0,0.0,0.0,0.0,0.0,0.0,0.0,0.0,0.0,0.0,0.0,0.0,0.0,0.0,0.0,0.0,0.0,0.0,0.0,0.0,0.0,0.0,0.0,0.0,0.0,0.0,0.0,0.0,0.0,0.0,0.0,0.0,0.0,0.0,0.0,0.0,0.0,0.0,0.0,0.0,0.0
B02010,99000000045,Synthetic Census Tract 99000000045,1.0,Total:,33.130164699906075,35.26759468054517,+/-33,21.374299806391015,29.92401972894742,22.443014796710564,35.26759468054517,33.130164699906075,16.030724854793263,52.367034525657985,37.40502466118428,27.78658974830832,23.511729787030117,25.649159767669218,25.649159767669218,28.855304738627872,42.74859961278203,42.74859961278203,21.374299806391015,29.92401972894742,33.130164699906075,35.26759468054517,34.198879690225624,35.26759468054517,19.236869825751914,16.030724854793263,34.198879690225624,23.511729787030117,28.855304738627872,37.40502466118428,57.710609477255744,30.99273471926697,34.198879690225624,36.33630967086472,41.67988462246248,30.99273471926697,35.26759468054517,26.717874757988767,37.40502466118428,43.81731460310158,16.030724854793263,50.22960454501889,53.435749515977534,42.74859961278203,42.74859961278203,29.92401972894742,38.47373965150383,36.33630967086472,13.89329487415416,61.98546943853394,36.33630967086472,26.717874757988767,27.78658974830832,23.511729787030117,19.236869825751914,25.649159767669218,52.367034525657985,48.09217456437978,24.58044477734967,40.61116963214293,38.47373965150383,38.47373965150383,33.130164699906075,33.130164699906075,21.374299806391015,11.755864893515058,32.061449709586526,21.374299806391015,23.511729787030117,37.40502466118428,61.98546943853394,24.58044477734967,33.130164699906075,38.47373965150383,35.26759468054517,33.130164699906075,25.649159767669218,40.61116963214293,33.130164699906075,38.47373965150383,23.511729787030117,44.88602959342113,47.02345957406023,44.88602959342113
B02010,99000000046,Synthetic Census Tract 99000000046,1.0,Total:,32.4159188635657,41.06016389384989,+/-38,24.85220446206704,21.61061257571047,8.644245030284187,27.013265719638085,18.3690206893539,47.54334766656303,29.174326977209134,31.33538823478018,11.885836916640757,38.89910263627884,50.7849395529196,30.254857605994655,52.946000810490645,47.54334766656303,28.09379634842361,42.140694522635414,31.33538823478018,36.7380413787078,29.174326977209134,49.70440892413408,35.657510749922274,12.96636754542628,11.885836916640757,24.85220446206704,17.288490060568375,56.18759269684722,20.530081946924945,51.86547018170512,11.885836916640757,38.89910263627884,37.81857200749332,35.657510749922274,52.946000810490645,28.09379634842361,32.4159188635657,44.30175578020646,21.61061257571047,38.89910263627884,35.657510749922274,50.7849395529196,41.06016389384989,16.20795943178285,12.96636754542628,30.254857605994655,20.530081946924945,42.140694522635414,29.174326977209134,35.657510749922274,10.805306287855235,43.22122515142094,35.657510749922274,32.4159188635657,42.140694522635414,30.254857605994655,37.81857200749332,54.02653143927617,23.771673833281515,39.979633265064365,30.254857605994655,42.140694522635414,32.4159188635657,24.85220446206704,9.72477565906971,21.61061257571047,18.3690206893539,41.06016389384989,27.013265719638085,30.254857605994655,9.72477565906971,38.89910263627884,54.02653143927617,47.54334766656303,49.70440892413408,36.7380413787078,30.254857605994655,43.22122515142094,23.771673833281515,36.7380413787078,38.89910263627884,49.70440892413408,37.81857200749332
B02010,99000000047,Synthetic Census Tract 99000000047,1.0,Total:,94.2486157060894,146.8524942397207,+/-134,89.86495916162012,142.4688376952514,39.45290890022347,186.30540313994416,90.96087329773744,37.26108062798883,49.316136125279336,72.33033298374302,77.80990366432962,214.79917067899444,33.97333821963688,94.2486157060894,110.68732774784918,82.1935602087989,81.09764607268157,181.92174659547487,160.0034638731285,94.2486157060894,76.7139895282123,115.07098429231846,112.87915602008381,134.7974387424302,32.87742408351956,165.4830345537151,87.67313088938549,38.35699476410615,58.083449214217886,27.397853402932963,120.55055497290505,174.25034764265365,42.74065130857542,113.97507015620113,84.38538848103353,84.38538848103353,97.53635811444136,165.4830345537151,81.09764607268157,94.2486157060894,119.45464083678773,98.63227225055867,82.1935602087989,58.083449214217886,126.03012565349164,32.87742408351956,132.60561047019556,146.8524942397207,122.74238324513968,112.87915602008381,116.16689842843577,36.16516649187151,152.3320649203073,101.92001465891063,89.86495916162012,96.44044397832404,104.11184293114526,27.397853402932963,52.60387853363129,111.7832418839665,103.01592879502795,86.57721675326817,99.72818638667599,37.26108062798883,180.82583245935757,40.548823036340785,88.7690450255028,172.05851937041902,126.03012565349164,139.18109528689945,101.92001465891063,35.069252355754195,207.12777172617322,82.1935602087989,136.98926701466482,96.44044397832404,106.3036712033799,46.02839371692738,36.16516649187151,94.2486157060894,94.2486157060894,94.2486157060894,87.67313088938549
B02010,99000000048,Synthetic Census Tract 99000000048,1.0,Total:,26.510129401367973,39.2349915140246,+/-37,24.389319049258532,48.778638098517064,22.268508697149095,22.268508697149095,27.57053457742269,30.751750105586847,37.11418116191516,30.751750105586847,36.05377598586044,33.932965633751,13.785267288711346,33.932965633751,21.208103521094376,21.208103521094376,10.604051760547188,7.422836232383032,53.020258802735945,38.17458633796988,8.48324140843775,27.57053457742269,22.268508697149095,19.08729316898494,23.328913873203813,29.69134492953213,42.41620704218875,29.69134492953213,18.02688799293022,31.812155281641566,41.35580186613404,42.41620704218875,8.48324140843775,40.295396690079315,26.510129401367973,6.3624310563283135,8.48324140843775,12.724862112656627,31.812155281641566,39.2349915140246,11.664456936601907,38.17458633796988,27.57053457742269,19.08729316898494,40.295396690079315,27.57053457742269,43.476612218243474,68.92633644355672,21.208103521094376,26.510129401367973,25.449724225313254,44.53701739429819,7.422836232383032,26.510129401367973,20.147698345039657,11.664456936601907,19.08729316898494,12.724862112656627,23.328913873203813,34.993370809805725,8.48324140843775,25.449724225313254,22.268508697149095,22.268508697149095,27.57053457742269,22.268508697149095,29.69134492953213,37.11418116191516,32.87256045769628,33.932965633751,30.751750105586847,31.812155281641566,10.604051760547188,42.41620704218875,22.268508697149095,10.604051760547188,11.664456936601907,14.845672464766064,33.932965633751,39.2349915140246,22.268508697149095,33.932965633751,26.510129401367973
B02010,99000000049,Synthetic Census Tract 99000000049,1.0,Total:,74.96858107895287,63.35373048925595,+/-60,39.06813380170784,79.19216311156994,88.69522268495832,71.80089455449007,60.18604396479315,108.75723733988937,57.018357440330355,67.57731252187301,103.47775979911805,77.08037209526141,100.31007327465525,70.7449990463358,61.241939472947415,96.08649124203819,87.63932717680406,72.85679006264434,66.52141701371875,63.35373048925595,70.7449990463358,58.07425294848462,73.9126855707986,76.02447658710713,76.02447658710713,65.46552150556448,117.2044014051235,79.19216311156994,117.2044014051235,97.14238675019246,47.515297866941964,61.241939472947415,57.018357440330355,86.5834316686498,77.08037209526141,92.9188047175754,107.7013418317351,53.85067091586755,76.02447658710713,77.08037209526141,82.35984963603273,85.52753616049553,51.738879899559024,35.900447277245036,79.19216311156994,67.57731252187301,124.59566996220336,106.64544632358084,100.31007327465525,95.03059573388393,59.130148456638885,54.90656642402182,79.19216311156994,89.75111819311259,69.68910353818154,71.80089455449007,101.36596878280952,32.73276075278224,85.52753616049553,73.9126855707986,57.018357440330355,78.13626760341567,90.80701370126685,97.14238675019246,91.86290920942112,93.97470022572966,76.02447658710713,81.30395412787847,43.2917158343249,57.018357440330355,104.53365530727231,106.64544632358084,73.9126855707986,85.52753616049553,91.86290920942112,67.57731252187301,66.52141701371875,107.7013418317351,65.46552150556448,80.2480586197242,93.97470022572966,87.63932717680406,78.13626760341567
B02010,99000000050,Synthetic Census Tract 99000000050,1.0,Total:,0.0,14.398953172787536,+/-14,9.256469896791987,0.0,0.0,0.0,0.0,0.0,0.0,0.0,0.0,0.0,0.0,0.0,0.0,0.0,0.0,0.0,0.0,0.0,0.0,0.0,0.0,0.0,0.0,0.0,0.0,0.0,0.0,0.0,0.0,0.0,0.0,0.0,0.0,0.0,0.0,0.0,0.0,0.0,0.0,0.0,0.0,0.0,0.0,0.0,0.0,0.0,0.0,0.0,0.0,0.0,0.0,0.0,0.0,0.0,0.0,0.0,0.0,0.0,0.0,0.0,0.0,0.0,0.0,0.0,0.0,0.0,0.0,0.0,0.0,0.0,0.0,0.0,0.0,0.0,0.0,0.0,0.0,0.0,0.0,0.0,0.0
B02010,99000000051,Synthetic Census Tract 99000000051,1.0,Total:,72.85014969317818,66.51535406768443,+/-63,40.12037229479378,92.91033584057507,74.96174823500944,55.95736135852817,64.40375552585317,72.85014969317818,92.91033584057507,55.95736135852817,98.1893321951532,59.124759171275045,90.79873729874383,42.23197083662504,64.40375552585317,69.68275188043131,97.13353292423758,76.01754750592507,73.90594896409381,60.18055844219067,87.63133948599695,81.29654386050319,116.13791980071885,108.74732490430947,85.51974094416569,44.34356937845629,38.00877375296253,64.40375552585317,92.91033584057507,114.02632125888759,62.29215698402193,76.01754750592507,61.2363577131063,53.84576281669692,59.124759171275045,86.57554021508132,83.40814240233445,46.455167920287536,76.01754750592507,68.62695260951568,84.46394167325008,52.78996354578129,50.67836500395004,69.68275188043131,77.0733467768407,96.07773365332196,65.4595547967688,58.068959900359424,36.952974482046905,77.0733467768407,55.95736135852817,84.46394167325008,63.34795625493755,107.69152563339384,108.74732490430947,93.9661351114907,74.96174823500944,70.73855115134694,51.73416427486567,65.4595547967688,64.40375552585317,82.35234313141882,68.62695260951568,52.78996354578129,50.67836500395004,97.13353292423758,134.08650740628448,88.68713875691257,57.013160629443796,53.84576281669692,71.79435042226255,98.1893321951532,90.79873729874383,104.52412782064697,80.24074458958756,53.84576281669692,44.34356937845629,85.51974094416569,78.12914604775631,95.02193438240633,46.455167920287536,84.46394167325008,82.35234313141882
B02010,99000000052,Synthetic Census Tract 99000000052,1.0,Total:,0.0,12.976746183556813,+/-14,8.342193975143665,0.0,0.0,0.0,0.0,0.0,0.0,0.0,0.0,0.0,0.0,0.0,0.0,0.0,0.0,0.0,0.0,0.0,0.0,0.0,0.0,0.0,0.0,0.0,0.0,0.0,0.0,0.0,0.0,0.0,0.0,0.0,0.0,0.0,0.0,0.0,0.0,0.0,0.0,0.0,0.0,0.0,0.0,0.0,0.0,0.0,0.0,0.0,0.0,0.0,0.0,0.0,0.0,0.0,0.0,0.0,0.0,0.0,0.0,0.0,0.0,0.0,0.0,0.0,0.0,0.0,0.0,0.0,0.0,0.0,0.0,0.0,0.0,0.0,0.0,0.0,0.0,0.0,0.0,0.0,0.0
B02010,99000000053,Synthetic Census Tract 99000000053,1.0,Total:,144.03154582810242,176.2623812581673,+/-175,107.77185596927944,108.77906957646897,97.69971989738417,142.01711861372337,191.3705853660102,182.30566290130446,208.4932166882322,94.67807907581557,108.77906957646897,137.98826418496526,154.1036818999977,232.66634326078085,169.2118860078406,171.22631322221966,99.71414711176322,110.79349679084802,153.09646829280817,122.88006007712235,72.51937971764598,120.8656328627433,175.25516765097777,199.42829422352645,204.4643622594741,140.00269139934431,119.85841925555377,102.7357879333318,80.5770885751622,190.36337175882068,200.43550783071598,140.00269139934431,124.8944872915014,92.66365186143652,132.95219614901762,133.95940975620715,248.78176097581328,231.65912965359132,141.00990500653384,145.03875943529195,104.75021514771086,231.65912965359132,137.98826418496526,143.0243322209129,127.91612811306999,0.0,227.6302752248332,99.71414711176322,214.53649833136936,95.6852926830051,73.5265933248355,136.98105057777573,141.00990500653384,146.04597304248148,38.27411707320204,202.44993504509503,104.75021514771086,23.16591296535913,209.50043029542172,162.1613907575139,132.95219614901762,80.5770885751622,180.2912356869254,203.45714865228456,202.44993504509503,105.75742875490039,204.4643622594741,94.67807907581557,92.66365186143652,115.82956482679566,116.83677843398519,187.3417309372521,214.53649833136936,158.1325363287558,170.21909961503013,159.13974993594533,117.84399204117472,145.03875943529195,224.60863440326463,172.2335268294092,123.88727368431188,257.84668344051903,90.64922464705747
B02010,99000000054,Synthetic Census Tract 99000000054,1.0,Total:,0.0,14.039824036533162,+/-14,9.025601166342746,0.0,0.0,0.0,0.0,0.0,0.0,0.0,0.0,0.0,0.0,0.0,0.0,0.0,0.0,0.0,0.0,0.0,0.0,0.0,0.0,0.0,0.0,0.0,0.0,0.0,0.0,0.0,0.0,0.0,0.0,0.0,0.0,0.0,0.0,0.0,0.0,0.0,0.0,0.0,0.0,0.0,0.0,0.0,0.0,0.0,0.0,0.0,0.0,0.0,0.0,0.0,0.0,0.0,0.0,0.0,0.0,0.0,0.0,0.0,0.0,0.0,0.0,0.0,0.0,0.0,0.0,0.0,0.0,0.0,0.0,0.0,0.0,0.0,0.0,0.0,0.0,0.0,0.0,0.0,0.0
B02010,99000000055,Synthetic Census Tract 99000000055,1.0,Total:,92.150240878908,132.86778917423942,+/-124,80.36358216183837,103.93689959597762,126.43870260129236,167.1562508966238,103.93689959597762,43.932091581804976,175.7283663272199,32.14543286473535,123.22415931481882,66.43389458711971,125.36718817246785,81.43509659066288,88.93569759243445,70.71995230241777,135.01081803188845,51.432692583576554,103.93689959597762,86.79266873478544,37.503005008857905,45.00360601062948,71.79146673124227,38.57451943768241,97.50781302303055,88.93569759243445,33.216947293559855,91.07872645008348,77.14903887536482,96.43629859420604,37.503005008857905,122.15264488599432,163.94170761015027,122.15264488599432,145.72596232013356,66.43389458711971,95.36478416538152,80.36358216183837,135.01081803188845,53.575721441225575,118.93810159952078,95.36478416538152,28.930889578261812,90.00721202125897,35.35997615120888,47.14663486827851,110.36598616892469,184.300481757816,50.36117815475204,143.58293346248453,143.58293346248453,71.79146673124227,107.15144288245115,72.86298116006678,88.93569759243445,78.22055330418934,37.503005008857905,168.2277653254483,85.72115430596092,84.64963987713641,141.43990460483553,138.225361318362,105.00841402480214,130.72476031659042,114.65204388422273,80.36358216183837,153.22656332190516,100.72235630950408,70.71995230241777,103.93689959597762,125.36718817246785,42.86057715298046,38.57451943768241,37.503005008857905,38.57451943768241,145.72596232013356,93.22175530773251,80.36358216183837,31.073918435910834,176.79988075604442,117.86658717069626,87.86418316360995,99.65084188067958
B02010,99000000056,Synthetic Census Tract 99000000056,1.0,Total:,64.5163917527157,54.590793021528675,+/-55,32.75447581291721,67.49407137207182,39.70239492474813,67.49407137207182,46.65031403657905,70.47175099142792,77.41967010325885,56.575912767766084,72.45687073766533,83.37502934197107,74.44199048390274,66.5015114989531,78.41222997637755,76.42711023014014,41.687514670985536,43.67263441722294,41.687514670985536,28.784236320442393,67.49407137207182,64.5163917527157,79.40478984949625,57.568472640884785,72.45687073766533,43.67263441722294,64.5163917527157,60.546152260240895,20.843757335492768,65.50895162583441,70.47175099142792,44.665194290341645,69.47919111830922,78.41222997637755,61.538712133359596,27.791676447323688,76.42711023014014,73.44943061078403,67.49407137207182,85.36014908820847,40.69495479786683,78.41222997637755,49.62799365593516,60.546152260240895,40.69495479786683,69.47919111830922,56.575912767766084,72.45687073766533,73.44943061078403,56.575912767766084,60.546152260240895,90.32294845380198,61.538712133359596,63.523831879597005,64.5163917527157,79.40478984949625,34.73959555915461,37.71727517851072,31.761915939798502,37.71727517851072,93.3006280731581,67.49407137207182,36.72471530539202,75.43455035702144,60.546152260240895,26.799116574204987,65.50895162583441,66.5015114989531,53.598233148409975,64.5163917527157,81.38990959573366,42.68007454410424,72.45687073766533,52.60567327529127,72.45687073766533,69.47919111830922,68.48663124519052,69.47919111830922,79.40478984949625,83.37502934197107,38.709835051629426,66.5015114989531,71.46431086454663
B02010,99000000057,Synthetic Census Tract 99000000057,1.0,Total:,6.839125294540495,20.517375883621487,+/-21,12.70123268986092,0.0,0.0,7.816143193760566,6.839125294540495,19.540357984401414,8.793161092980636,0.0,4.8850894961003535,0.0,12.70123268986092,0.0,0.0,0.0,0.0,21.494393782841556,12.70123268986092,0.0,0.0,13.67825058908099,11.724214790640849,3.908071596880283,5.862107395320424,15.632286387521132,11.724214790640849,14.655268488301061,11.724214790640849,11.724214790640849,14.655268488301061,6.839125294540495,18.563340085181345,10.747196891420778,5.862107395320424,5.862107395320424,3.908071596880283,12.70123268986092,18.563340085181345,4.8850894961003535,9.770178992200707,16.609304286741203,7.816143193760566,0.9770178992200708,0.0,12.70123268986092,7.816143193760566,8.793161092980636,7.816143193760566,0.0,9.770178992200707,0.0,11.724214790640849,0.9770178992200708,0.0,0.0,0.0,7.816143193760566,11.724214790640849,0.9770178992200708,0.0,10.747196891420778,11.724214790640849,5.862107395320424,4.8850894961003535,10.747196891420778,13.67825058908099,21.494393782841556,13.67825058908099,6.839125294540495,8.793161092980636,6.839125294540495,13.67825058908099,6.839125294540495,10.747196891420778,5.862107395320424,5.862107395320424,23.448429581281697,16.609304286741203,6.839125294540495,5.862107395320424,17.586322185961272,6.839125294540495
B02010,99000000058,Synthetic Census Tract 99000000058,1.0,Total:,52.423545366618534,49.339807403876264,+/-48,29.809466973175244,84.28883764828862,34.949030244412356,63.73058456334017,100.73544011624737,55.507283329360796,59.61893394635049,38.03276820715462,42.14441882414431,68.87014783457728,56.53519598360822,70.92597314307213,53.45145802086596,63.73058456334017,61.67475925484533,52.423545366618534,50.36772005812369,38.03276820715462,58.591021292103065,44.200244132639156,76.06553641430924,35.97694289865978,56.53519598360822,15.418689813711332,32.89320493591751,46.256069441133995,47.28398209538142,67.84223518032987,54.47937067511337,38.03276820715462,38.03276820715462,54.47937067511337,45.22815678688657,25.697816356185555,44.200244132639156,48.31189474962884,56.53519598360822,61.67475925484533,41.11650616989689,47.28398209538142,45.22815678688657,39.06068086140204,57.56310863785564,47.28398209538142,33.92111759016493,49.339807403876264,59.61893394635049,63.73058456334017,79.14927437705151,32.89320493591751,58.591021292103065,40.088593515649464,55.507283329360796,48.31189474962884,43.17233147839173,43.17233147839173,43.17233147839173,61.67475925484533,51.39563271237111,51.39563271237111,21.586165739195867,62.70267190909275,33.92111759016493,87.37257561103088,69.89806048882471,53.45145802086596,44.200244132639156,27.753641664680398,48.31189474962884,63.73058456334017,78.12136172280408,50.36772005812369,54.47937067511337,69.89806048882471,68.87014783457728,54.47937067511337,43.17233147839173,22.614078393443286,58.591021292103065,50.36772005812369,43.17233147839173
B02010,99000000059,Synthetic Census Tract 99000000059,1.0,Total:,26.692194578004738,35.27182854950626,+/-37,20.972438597003723,38.131706540006775,45.758047848008125,32.41195055900575,20.972438597003723,31.458657895505585,24.785609251004402,9.532926635001694,42.89816985750762,19.065853270003387,34.318535886006096,6.6730486445011845,22.879023924004063,22.879023924004063,37.1784138765066,30.505365232005417,40.03829186700711,19.065853270003387,29.55207256850525,43.85146252100779,33.365243222505924,22.879023924004063,19.065853270003387,32.41195055900575,51.47780382900914,32.41195055900575,18.112560606503216,22.879023924004063,18.112560606503216,14.299389952502539,38.131706540006775,28.598779905005077,31.458657895505585,25.73890191450457,22.879023924004063,44.804755184507954,40.03829186700711,40.03829186700711,9.532926635001694,22.879023924004063,22.879023924004063,55.29097448300982,35.27182854950626,22.879023924004063,42.89816985750762,18.112560606503216,29.55207256850525,28.598779905005077,9.532926635001694,35.27182854950626,20.972438597003723,32.41195055900575,37.1784138765066,18.112560606503216,23.83231658750423,17.159267943003048,29.55207256850525,52.43109649250931,18.112560606503216,12.392804625502201,13.346097289002369,32.41195055900575,34.318535886006096,24.785609251004402,22.879023924004063,25.73890191450457,14.299389952502539,17.159267943003048,31.458657895505585,26.692194578004738,27.64548724150491,15.252682616002708,46.7113405115083,38.131706540006775,39.08499920350694,26.692194578004738,29.55207256850525,26.692194578004738,36.22512121300643,22.879023924004063,16.205975279502876
B02010,99000000060,Synthetic Census Tract 99000000060,1.0,Total:,143.83282073957267,143.83282073957267,+/-155,87.2276461259344,161.4639407011977,173.527338569678,180.95096802720434,136.40919128204635,71.45243352869095,196.72618062444778,136.40919128204635,124.34579341356606,94.65127558346073,215.2852542682636,139.1930523286187,117.85011763823051,107.6426271341318,100.21899767660548,166.10370911215168,165.17575542996087,128.98556182452,193.01436589568462,172.59938488748722,175.38324593405957,90.01150717250677,94.65127558346073,68.66857248211856,167.03166279434245,260.7549846956124,176.31119961625038,59.38903566021065,130.84146918890158,149.40054283271743,77.94810930402647,184.6627827559675,163.3198480655793,210.64548585730967,144.76077442176347,140.1210060108095,101.14695135879627,176.31119961625038,131.7694228710924,162.3918943833885,85.37173876155282,165.17575542996087,186.51869012034908,176.31119961625038,153.1123575614806,128.98556182452,134.55328391766477,172.59938488748722,131.7694228710924,163.3198480655793,178.16710698063196,170.74347752310564,73.30834089307253,65.8847114355462,91.86741453688835,128.98556182452,131.7694228710924,193.01436589568462,147.54463546833583,166.10370911215168,172.59938488748722,92.79536821907914,92.79536821907914,62.17289670678303,183.7348290737767,166.10370911215168,147.54463546833583,73.30834089307253,148.47258915052663,118.7780713204213,66.81266511773698,180.02301434501354,210.64548585730967,184.6627827559675,186.51869012034908,191.15845853130304,141.0489596930003,106.71467345194101,210.64548585730967,167.03166279434245,71.45243352869095
B02010,99000000061,Synthetic Census Tract 99000000061,1.0,Total:,82.63276274879418,125.4425073053984,+/-126,75.66373456516094,25.88496182492348,82.63276274879418,37.83186728258047,23.89381091531398,93.58409275164642,33.84956546336147,122.45578094098416,61.725678197894446,91.59294184203692,131.41596003422688,165.26552549758836,88.60621547762268,44.80089546621371,88.60621547762268,118.47347912176515,109.51330002852241,83.62833820359893,94.57966820645117,134.40268639864115,96.57081911606068,103.53984729969392,135.3982618534459,126.43808276020314,140.37613912746963,94.57966820645117,137.3894127630554,25.88496182492348,62.7212536526992,79.64603638437994,110.50887548332716,36.83629182777572,97.56639457086543,98.56197002567016,73.67258365555143,21.902660005704483,26.880537279728227,64.71240456230869,77.65488547477044,26.880537279728227,94.57966820645117,113.49560184774141,107.5221491189129,118.47347912176515,128.42923366981265,86.61506456801318,162.27879913317412,36.83629182777572,82.63276274879418,71.68143274594195,105.53099820930342,36.83629182777572,115.4867527573509,125.4425073053984,74.66815911035619,27.876112734532978,32.85399000855672,95.57524366125593,95.57524366125593,25.88496182492348,135.3982618534459,30.862839098947223,101.54869639008442,22.89823546050923,28.871688189337725,108.51772457371766,35.840716372970974,95.57524366125593,55.752225469065955,60.7301027430897,95.57524366125593,153.31862003993137,81.63718729398943,29.867263644142476,97.56639457086543,114.49117730254616,83.62833820359893,99.55754548047491,93.58409275164642,128.42923366981265,115.4867527573509
B02010,99000000062,Synthetic Census Tract 99000000062,1.0,Total:,54.08578305454374,55.06916092826272,+/-56,33.434847706445225,48.18551581222988,61.952806044295556,62.936183918014535,91.45414225586487,50.15227155966783,60.96942817057658,56.0525388019817,22.617691095536472,77.68685202379919,61.952806044295556,18.684179600660563,58.01929454941965,51.13564943338681,46.21876006479192,41.30187069619704,72.76996265520431,62.936183918014535,68.8364511603284,80.63698564495613,35.401603453883176,60.96942817057658,42.285248569916014,80.63698564495613,49.16889368594886,59.986050296857606,73.75334052892329,81.6203635186751,44.25200431735397,43.26862644363499,36.384981327602155,43.26862644363499,83.58711926611305,48.18551581222988,60.96942817057658,46.21876006479192,42.285248569916014,65.88631753917147,45.235382191072944,57.035916675700676,59.00267242313863,61.952806044295556,56.0525388019817,48.18551581222988,29.501336211569313,83.58711926611305,44.25200431735397,59.00267242313863,74.73671840264225,41.30187069619704,49.16889368594886,84.57049713983203,72.76996265520431,53.10240518082476,59.986050296857606,77.68685202379919,40.31849282247806,38.351737075040106,27.53458046413136,43.26862644363499,86.53725288726999,52.11902730710579,100.30454311933566,30.48471408528829,58.01929454941965,59.00267242313863,28.517958337850338,38.351737075040106,56.0525388019817,64.9029396654525,54.08578305454374,62.936183918014535,41.30187069619704,88.50400863470794,50.15227155966783,54.08578305454374,67.85307328660942,55.06916092826272,52.11902730710579,61.952806044295556,52.11902730710579
B02010,99000000063,Synthetic Census Tract 99000000063,1.0,Total:,39.75358750044254,65.30946517929846,+/-69,39.75358750044254,29.34193363127902,64.36295119119269,33.12798958370212,36.914045536125215,41.64661547665409,12.304681845375072,42.59312946475987,45.43267142907719,68.14900714361579,12.304681845375072,51.11175535771184,77.61414702467353,38.807073512336764,35.967531548019444,17.983765774009722,11.358167857269297,66.25597916740423,44.48615744097142,36.914045536125215,12.304681845375072,46.37918541718297,84.23974494141396,37.86055952423099,39.75358750044254,47.32569940528874,14.197709821586622,44.48615744097142,51.11175535771184,72.88157708414467,17.037251785903948,94.65139881057748,54.89781131013494,34.074503571807895,35.967531548019444,12.304681845375072,16.090737797798173,58.68386726255804,45.43267142907719,37.86055952423099,55.84432529824071,32.181475595596346,15.144223809692397,32.181475595596346,59.63038125066381,48.272213393394516,64.36295119119269,50.165241369606065,34.074503571807895,16.090737797798173,70.98854910793311,12.304681845375072,17.037251785903948,42.59312946475987,41.64661547665409,60.57689523876959,65.30946517929846,14.197709821586622,40.70010148854832,50.165241369606065,67.20249315551001,36.914045536125215,12.304681845375072,55.84432529824071,27.44890565506747,44.48615744097142,62.46992321498114,30.288447619384794,39.75358750044254,14.197709821586622,63.416437203086915,13.251195833480848,18.930279762115497,44.48615744097142,37.86055952423099,71.93506309603889,51.11175535771184,12.304681845375072,38.807073512336764,40.70010148854832,13.251195833480848
B02010,99000000064,Synthetic Census Tract 99000000064,1.0,Total:,56.46313699733549,69.11866770363483,+/-71,41.860601566990105,76.90668659981903,84.69470549600324,64.2511558935197,65.22465825554272,71.06567242768087,89.56221730611836,57.436639359358516,68.1451653416118,25.31106141259867,69.11866770363483,14.602535430345384,56.46313699733549,80.80069604791113,50.62212282519734,25.31106141259867,15.57603779236841,105.13825509848677,69.11866770363483,25.31106141259867,45.754611015082205,33.099080308782874,68.1451653416118,34.0725826708059,40.88709920496708,79.8271936858881,44.78110865305918,73.01267715172692,57.436639359358516,51.59562518722036,57.436639359358516,71.06567242768087,61.330648807450615,34.0725826708059,43.80760629103615,62.30415116947364,45.754611015082205,36.99308975687497,74.95968187577297,68.1451653416118,35.04608503282893,62.30415116947364,45.754611015082205,65.22465825554272,44.78110865305918,64.2511558935197,41.860601566990105,68.1451653416118,48.675118101151284,69.11866770363483,59.38364408340456,93.45622675421046,62.30415116947364,61.330648807450615,50.62212282519734,49.64862046317431,75.933184237796,45.754611015082205,51.59562518722036,58.410141721381535,99.29724092634862,93.45622675421046,46.72811337710523,89.56221730611836,55.48963463531246,27.258066136644718,71.06567242768087,20.44354960248354,53.54262991126641,53.54262991126641,26.28456377462169,62.30415116947364,23.364056688552616,86.64171022004928,81.77419840993416,44.78110865305918,46.72811337710523,72.03917478970389,22.39055432652959,46.72811337710523,112.92627399467098
B02010,99000000065,Synthetic Census Tract 99000000065,1.0,Total:,26.27851922906174,23.35868375916599,+/-24,14.599177349478744,33.091468658818485,39.904418088575234,25.30524073909649,29.198354698957488,22.38540526920074,31.144911678887986,34.06474714878374,28.22507620899224,22.38540526920074,31.144911678887986,39.904418088575234,19.46556979930499,30.171633188922737,24.33196224913124,12.652620369548245,33.091468658818485,28.22507620899224,36.98458261867948,26.27851922906174,21.41212677923549,26.27851922906174,39.904418088575234,30.171633188922737,31.144911678887986,27.25179771902699,15.572455839443993,46.71736751833198,24.33196224913124,21.41212677923549,33.091468658818485,39.904418088575234,22.38540526920074,27.25179771902699,28.22507620899224,22.38540526920074,21.41212677923549,22.38540526920074,31.144911678887986,19.46556979930499,15.572455839443993,38.93113959860998,31.144911678887986,23.35868375916599,25.30524073909649,22.38540526920074,28.22507620899224,32.11819016885324,22.38540526920074,22.38540526920074,33.091468658818485,36.98458261867948,20.43884828927024,30.171633188922737,26.27851922906174,14.599177349478744,28.22507620899224,32.11819016885324,26.27851922906174,29.198354698957488,17.519012819374492,30.171633188922737,40.87769657854048,32.11819016885324,35.038025638748984,30.171633188922737,21.41212677923549,38.93113959860998,23.35868375916599,23.35868375916599,26.27851922906174,40.87769657854048,23.35868375916599,22.38540526920074,27.25179771902699,25.30524073909649,33.091468658818485,22.38540526920074,33.091468658818485,20.43884828927024,17.519012819374492
B02010,99000000066,Synthetic Census Tract 99000000066,1.0,Total:,31.8614707251228,28.964973386475272,+/-30,17.378984031885164,28.964973386475272,42.4819609668304,26.068476047827748,26.068476047827748,29.930472499357784,42.4819609668304,54.06795032142051,31.8614707251228,40.55096274106538,11.58598935459011,24.137477822062728,41.516461853947895,39.58546362818287,49.24045475700797,40.55096274106538,27.999474273592764,22.206479596297708,17.378984031885164,27.999474273592764,29.930472499357784,32.82696983800531,23.17197870918022,31.8614707251228,38.61996451530037,23.17197870918022,25.102976934945236,22.206479596297708,32.82696983800531,27.999474273592764,45.37845830547793,45.37845830547793,33.792468950887816,36.688966289535344,27.999474273592764,15.447985806120146,33.792468950887816,33.792468950887816,41.516461853947895,33.792468950887816,29.930472499357784,25.102976934945236,39.58546362818287,36.688966289535344,39.58546362818287,27.999474273592764,35.72346717665284,34.75796806377033,35.72346717665284,50.20595386989047,35.72346717665284,20.27548137053269,28.964973386475272,26.068476047827748,25.102976934945236,37.654465402417856,37.654465402417856,28.964973386475272,37.654465402417856,16.413484919002656,42.4819609668304,39.58546362818287,20.27548137053269,40.55096274106538,19.309982257650184,31.8614707251228,38.61996451530037,28.964973386475272,30.89597161224029,14.482486693237636,27.999474273592764,45.37845830547793,43.44746007971291,27.999474273592764,26.068476047827748,27.999474273592764,33.792468950887816,45.37845830547793,26.068476047827748,36.688966289535344,36.688966289535344
B02010,99000000067,Synthetic Census Tract 99000000067,1.0,Total:,0.0,13.662499423235401,+/-14,8.783035343508471,0.0,0.0,0.0,0.0,0.0,0.0,0.0,0.0,0.0,0.0,0.0,0.0,0.0,0.0,0.0,0.0,0.0,0.0,0.0,0.0,0.0,0.0,0.0,0.0,0.0,0.0,0.0,0.0,0.0,0.0,0.0,0.0,0.0,0.0,0.0,0.0,0.0,0.0,0.0,0.0,0.0,0.0,0.0,0.0,0.0,0.0,0.0,0.0,0.0,0.0,0.0,0.0,0.0,0.0,0.0,0.0,0.0,0.0,0.0,0.0,0.0,0.0,0.0,0.0,0.0,0.0,0.0,0.0,0.0,0.0,0.0,0.0,0.0,0.0,0.0,0.0,0.0,0.0,0.0,0.0
B02010,99000000068,Synthetic Census Tract 99000000068,1.0,Total:,228.1727072000616,248.91568058188537,+/-240,151.4237056873136,247.8785319127942,358.8534395055514,237.5070452218823,327.73897943281577,101.64056957093653,198.0953957964171,339.14761479281884,370.2620748655545,343.29620946918357,292.47592468371533,128.60643496730745,244.76708590552062,200.1696931345995,158.68374637095192,204.31828781096425,262.39861328007083,169.05523306186382,126.53213762912507,189.7982064436876,75.7118528436568,155.57230036367835,311.1446007273567,427.3052516655699,315.2931954037215,212.61547716369375,363.0020341819162,333.9618714473629,226.09840986187922,240.61849122915586,211.57832849460257,224.02411252369683,162.83234104731667,214.68977450187614,96.45482622548059,273.8072486400739,300.77311403644484,224.02411252369683,190.83535511277879,131.71788097458102,209.50403115642018,325.66468209463335,284.17873533098583,213.65262583278496,338.11046612372763,113.04920493093961,228.1727072000616,316.3303440728127,260.32431594188847,284.17873533098583,292.47592468371533,176.31527374550214,227.1355585309704,126.53213762912507,163.86948971640788,286.2530326691682,214.68977450187614,157.64659770186074,212.61547716369375,268.621505294618,122.38354295276031,235.43274788369993,285.215884000077,317.36749274190385,244.76708590552062,160.7580437091343,334.99902011645406,255.1385725964325,214.68977450187614,225.06126119278804,165.94378705459025,264.4729106182532,155.57230036367835,208.466882487329,107.86346158548366,368.18777752737213,270.69580263280034,191.87250378186997,261.3614646109796,186.68676043641403,143.1265163345841
B02010,99000000069,Synthetic Census Tract 99000000069,1.0,Total:,40.2937623863988,41.253137681313056,+/-43,24.943757667770683,63.31876946434097,40.2937623863988,48.92814004062711,42.212512976227316,41.253137681313056,39.334387091484544,33.578135321999,50.846890630455626,33.578135321999,68.11564593891225,48.92814004062711,73.8718977083978,54.68439181011266,14.390629423713857,41.253137681313056,26.8625082575992,36.45626120674177,46.05001415588434,23.984382372856427,32.61876002708474,44.13126356605583,16.30938001354237,52.76564122028414,51.806265925369885,31.659384732170484,50.846890630455626,32.61876002708474,23.984382372856427,48.92814004062711,43.17188827114157,41.253137681313056,64.27814475925523,61.400018874512455,34.53751061691325,46.05001415588434,37.415636501656024,49.887515335541366,34.53751061691325,38.375011796570284,37.415636501656024,35.49688591182751,24.943757667770683,46.05001415588434,35.49688591182751,39.334387091484544,55.64376710502691,38.375011796570284,33.578135321999,32.61876002708474,48.92814004062711,34.53751061691325,70.03439652874077,68.11564593891225,33.578135321999,30.700009437256227,32.61876002708474,57.56251769485543,54.68439181011266,42.212512976227316,35.49688591182751,59.48126828468394,23.984382372856427,50.846890630455626,42.212512976227316,32.61876002708474,30.700009437256227,38.375011796570284,46.05001415588434,46.05001415588434,70.03439652874077,52.76564122028414,41.253137681313056,54.68439181011266,29.74063414234197,47.0093894507986,41.253137681313056,38.375011796570284,32.61876002708474,32.61876002708474,35.49688591182751
B02010,99000000070,Synthetic Census Tract 99000000070,1.0,Total:,9.807944268087613,16.34657378014602,+/-15,9.807944268087613,3.269314756029204,10.89771585343068,16.34657378014602,4.359086341372272,4.359086341372272,16.34657378014602,7.628401097401476,8.718172682744544,26.154518048233633,7.628401097401476,10.89771585343068,9.807944268087613,9.807944268087613,13.077259024116817,4.359086341372272,10.89771585343068,4.359086341372272,13.077259024116817,11.987487438773748,18.526116950832158,2.179543170686136,7.628401097401476,13.077259024116817,3.269314756029204,4.359086341372272,11.987487438773748,8.718172682744544,10.89771585343068,9.807944268087613,8.718172682744544,14.167030609459886,9.807944268087613,14.167030609459886,13.077259024116817,4.359086341372272,13.077259024116817,4.359086341372272,9.807944268087613,8.718172682744544,3.269314756029204,13.077259024116817,9.807944268087613,2.179543170686136,7.628401097401476,13.077259024116817,3.269314756029204,13.077259024116817,13.077259024116817,5.44885792671534,8.718172682744544,3.269314756029204,10.89771585343068,6.538629512058408,10.89771585343068,17.43634536548909,10.89771585343068,17.43634536548909,13.077259024116817,16.34657378014602,6.538629512058408,16.34657378014602,9.807944268087613,4.359086341372272,25.064746462890565,11.987487438773748,3.269314756029204,11.987487438773748,9.807944268087613,2.179543170686136,8.718172682744544,4.359086341372272,11.987487438773748,14.167030609459886,10.89771585343068,18.526116950832158,10.89771585343068,16.34657378014602,11.987487438773748,6.538629512058408,17.43634536548909
B02010,99000000071,Synthetic Census Tract 99000000071,1.0,Total:,82.32848989698032,68.24598504618105,+/-63,41.16424494849016,93.16118593605667,96.41099474777958,63.91290663055051,95.32772514387194,64.99617623445815,63.91290663055051,90.9946467282414,76.91214187744214,77.99541148134978,68.24598504618105,63.91290663055051,105.07715157904066,88.82810752042613,116.99311722202465,82.32848989698032,70.41252425399632,107.24369078685594,58.496558611012325,51.99694098756652,93.16118593605667,73.66233306571922,45.4973233641207,84.49502910479559,71.49579385790396,105.07715157904066,72.57906346181159,82.32848989698032,56.330019403197056,51.99694098756652,118.07638682593229,67.16271544227341,111.57676920248647,40.08097534458252,86.66156831261085,125.65927405328574,102.9106123712254,79.0786810852574,57.413289007104694,84.49502910479559,90.9946467282414,108.32696039076357,80.16195068916504,60.6630978188276,90.9946467282414,58.496558611012325,85.57829870870322,60.6630978188276,73.66233306571922,71.49579385790396,70.41252425399632,72.57906346181159,95.32772514387194,124.5760044493781,90.9946467282414,77.99541148134978,60.6630978188276,100.74407316341012,90.9946467282414,48.74713217584361,69.32925465008869,101.82734276731776,36.83116653285961,71.49579385790396,87.74483791651849,114.82657801420939,89.91137712433377,85.57829870870322,84.49502910479559,64.99617623445815,70.41252425399632,128.90908286500866,85.57829870870322,34.66462732504434,85.57829870870322,107.24369078685594,100.74407316341012,81.24522029307268,59.579828214919964,76.91214187744214,74.74560266962686
B02010,99000000072,Synthetic Census Tract 99000000072,1.0,Total:,137.4731278210822,159.38913370560252,+/-160,96.62966230902153,95.63348022336152,226.13333344482356,85.67165936676136,119.5418502792019,125.51894279316198,97.62584439468155,125.51894279316198,155.40440536296245,63.75565348224101,176.32422916182279,124.52276070750197,127.51130696448202,78.69838476714125,184.29368584710292,156.40058744862247,169.35095456220267,234.1027901301037,95.63348022336152,130.49985322146208,193.25932461804305,118.54566819354187,186.28605001842294,130.49985322146208,146.43876659202232,180.30895750446285,192.26314253238303,164.3700441339026,163.3738620482426,129.50367113580205,253.03024975764401,87.66402353808138,191.26696044672303,149.42731284900236,63.75565348224101,71.72511016752114,90.65256979506144,168.35477247654265,245.06079307236388,90.65256979506144,147.43494867768234,104.59911899430165,222.14860510218352,61.763289310920975,141.45785616372223,127.51130696448202,94.63729813770149,176.32422916182279,151.41967702032238,79.69456685280126,194.25550670370308,121.53421445052193,145.4425845063623,79.69456685280126,177.3204112474828,165.3662262195626,193.25932461804305,224.14096927350354,116.55330402222184,148.43113076334234,159.38913370560252,109.58002942260174,159.38913370560252,126.51512487882201,150.4234949346624,157.3967695342825,185.28986793276295,154.40822327730245,154.40822327730245,130.49985322146208,241.0760647297238,91.64875188072145,159.38913370560252,144.4464024207023,72.72129225318115,81.6869310241213,79.69456685280126,157.3967695342825,267.97298104254423,94.63729813770149,158.3929516199425
B02010,99000000073,Synthetic Census Tract 99000000073,1.0,Total:,28.004494989027197,26.07315050702532,+/-27,15.450755856015006,29.935839471029073,37.66121739903657,22.21046154302157,40.55823412203939,30.90151171203001,30.90151171203001,33.79852843503282,38.62688964003751,26.07315050702532,34.76420067603376,27.03882274802626,32.83285619403188,28.970167230028135,26.07315050702532,33.79852843503282,51.180628773049705,26.07315050702532,26.07315050702532,21.24478930202063,26.07315050702532,32.83285619403188,23.176133784022507,21.24478930202063,20.279117061019694,35.7298729170347,22.21046154302157,15.450755856015006,14.485083615014068,18.347772579017818,38.62688964003751,18.347772579017818,26.07315050702532,14.485083615014068,31.86718395303095,30.90151171203001,22.21046154302157,35.7298729170347,19.313444820018756,32.83285619403188,19.313444820018756,19.313444820018756,26.07315050702532,14.485083615014068,31.86718395303095,28.004494989027197,29.935839471029073,21.24478930202063,19.313444820018756,31.86718395303095,24.141806025023445,14.485083615014068,33.79852843503282,25.107478266024383,28.004494989027197,31.86718395303095,30.90151171203001,28.004494989027197,12.553739133012192,21.24478930202063,28.970167230028135,45.38659532704408,36.695545158035635,31.86718395303095,41.523906363040325,39.59256188103845,21.24478930202063,23.176133784022507,24.141806025023445,17.38210033801688,44.42092308604314,28.970167230028135,28.004494989027197,15.450755856015006,31.86718395303095,34.76420067603376,39.59256188103845,32.83285619403188,28.970167230028135,28.970167230028135,22.21046154302157
B02010,99000000074,Synthetic Census Tract 99000000074,1.0,Total:,6.042521747796004,10.070869579660007,+/-10,6.042521747796004,7.0496087057620045,5.035434789830004,3.021260873898002,6.042521747796004,10.070869579660007,5.035434789830004,6.042521747796004,3.021260873898002,5.035434789830004,14.099217411524009,9.063782621694006,8.056695663728005,9.063782621694006,7.0496087057620045,7.0496087057620045,4.028347831864003,5.035434789830004,6.042521747796004,7.0496087057620045,9.063782621694006,6.042521747796004,6.042521747796004,11.077956537626008,6.042521747796004,3.021260873898002,7.0496087057620045,5.035434789830004,7.0496087057620045,5.035434789830004,2.0141739159320013,4.028347831864003,5.035434789830004,4.028347831864003,9.063782621694006,3.021260873898002,11.077956537626008,12.085043495592007,8.056695663728005,9.063782621694006,4.028347831864003,4.028347831864003,14.099217411524009,5.035434789830004,13.092130453558008,11.077956537626008,5.035434789830004,11.077956537626008,2.0141739159320013,13.092130453558008,8.056695663728005,7.0496087057620045,8.056695663728005,9.063782621694006,5.035434789830004,10.070869579660007,5.035434789830004,2.0141739159320013,6.042521747796004,5.035434789830004,8.056695663728005,4.028347831864003,5.035434789830004,9.063782621694006,8.056695663728005,2.0141739159320013,6.042521747796004,7.0496087057620045,10.070869579660007,6.042521747796004,2.0141739159320013,4.028347831864003,5.035434789830004,5.035434789830004,8.056695663728005,5.035434789830004,8.056695663728005,9.063782621694006,6.042521747796004,5.035434789830004,3.021260873898002
B02010,99000000075,Synthetic Census Tract 99000000075,1.0,Total:,95.20437670017053,96.27408879792524,+/-90,58.83416537650987,133.71401221934062,156.17796627218985,113.38948236200085,89.8558162113969,85.576967820378,126.22602753505755,125.15631543730282,85.576967820378,97.34380089567998,71.67071054956658,105.90149767771777,65.25243796303822,31.021650834887023,101.62264928669887,124.08660333954809,65.25243796303822,56.694741181000424,105.90149767771777,128.365451730567,171.153935640756,80.22840733160437,109.11063397098195,79.15869523384964,143.34142109913316,101.62264928669887,93.06495250466108,63.11301376752878,47.0673323012079,93.06495250466108,45.997620203453174,94.1346646024158,126.22602753505755,105.90149767771777,111.2500581664914,121.94717914403864,57.76445327875515,59.9038774742646,119.8077549485292,71.67071054956658,145.4808452946426,94.1346646024158,148.68998158790677,88.78610411364217,110.18034606873667,115.5289065575103,116.59861865526503,65.25243796303822,49.20675649671735,127.29573963281227,56.694741181000424,88.78610411364217,118.73804285077448,78.08898313609492,109.11063397098195,109.11063397098195,54.555316985490975,65.25243796303822,109.11063397098195,101.62264928669887,115.5289065575103,111.2500581664914,147.62026949015205,110.18034606873667,114.45919445975558,74.87984684283074,83.43754362486855,141.2019969036237,77.0192710383402,80.22840733160437,66.32215006079295,109.11063397098195,85.576967820378,42.788483910189,81.2981194293591,133.71401221934062,69.53128635405713,65.25243796303822,113.38948236200085,89.8558162113969,98.4135129934347
B02010,99000000076,Synthetic Census Tract 99000000076,1.0,Total:,77.28881010840153,73.16674023595344,+/-71,44.312251128816875,100.990711874978,83.47191491707365,75.22777517217749,89.65501972574577,126.7536485777785,86.56346732140972,55.6479432780491,86.56346732140972,97.89915947064193,40.190181256368795,61.831048086721225,55.6479432780491,64.92260049105728,68.01415289539335,48.434321001264955,75.22777517217749,78.31932757651354,69.04467036350536,92.74657213008183,111.2958865560982,83.47191491707365,84.50243238518567,106.1432992155381,102.02122934309001,62.86156555483324,79.34984504462557,71.10570529972941,86.56346732140972,56.67846074616112,68.01415289539335,96.86864200252991,77.28881010840153,95.8381245344179,54.61742580993708,60.8005306186092,54.61742580993708,150.45555034435498,30.915524043360612,43.28173366070486,87.59398478952173,93.77708959819385,108.20433415176214,86.56346732140972,114.38743896043427,86.56346732140972,121.6010612372184,46.373286065040915,95.8381245344179,97.89915947064193,40.190181256368795,63.892083022945265,56.67846074616112,61.831048086721225,105.11278174742608,30.915524043360612,83.47191491707365,94.80760706630588,60.8005306186092,59.770013150497185,80.38036251273759,70.07518783161738,82.44139744896162,85.5329498532977,88.62450225763375,76.25829264028951,68.01415289539335,83.47191491707365,62.86156555483324,65.9531179591693,66.98363542728133,94.80760706630588,79.34984504462557,84.50243238518567,68.01415289539335,58.73949568238516,73.16674023595344,98.92967693875396,34.007076447696676,54.61742580993708,68.01415289539335
B02010,99000000077,Synthetic Census Tract 99000000077,1.0,Total:,211.1147947522937,267.34134812853273,+/-252,162.3143899351806,148.52297118251818,225.96709187054552,200.50601109639956,159.13175483841235,235.51499716085027,127.30540387072988,220.66270004259846,164.43614666635943,344.78546881656007,208.99303802111487,295.98506399944694,273.70661832206923,108.2095932901204,89.11378270951091,221.72357840818788,196.2624976340419,207.93215965552545,217.4800649458302,282.19364524678457,79.56587741920617,91.23553944068975,248.24553754792325,190.9581058060948,184.5928356125583,305.5329692897517,67.8962153977226,194.14074090286306,256.73256447263856,342.66371208538123,251.4281726446915,358.5768875692225,330.99405006389765,116.69662021483572,102.90520146217331,253.54992937587033,295.98506399944694,172.92317359107474,234.45411879526085,227.02797023613493,366.0030361283484,474.2126294184688,192.01898417168422,175.04493032225358,170.8014168598959,107.14871492453098,255.67168610704917,233.39324042967144,222.7844567737773,135.7924307954452,190.9581058060948,90.17466107510033,81.68763415038501,387.2206034401367,299.1676990962152,228.08884860172435,183.53195724696891,171.86229522548533,210.0539163867043,107.14871492453098,291.74155053708927,242.94114571997616,216.4191865802408,210.0539163867043,257.793442838228,79.56587741920617,162.3143899351806,225.96709187054552,190.9581058060948,118.81837694601455,221.72357840818788,106.08783655894156,133.67067406426636,210.0539163867043,254.61080774145975,291.74155053708927,237.6367538920291,212.17567311788312,198.38425436522073,94.41817453745799,68.95709376331202
B02010,99000000078,Synthetic Census Tract 99000000078,1.0,Total:,17.11125573862352,24.157066925115558,+/-24,14.091622372984075,31.202878111607593,29.1897892011813,29.1897892011813,20.130889104262963,21.13743355947611,27.176700290755,15.098166828197222,14.091622372984075,12.078533462557779,16.10471128341037,37.24214484288648,12.078533462557779,16.10471128341037,6.0392667312788895,22.14397801468926,22.14397801468926,16.10471128341037,27.176700290755,6.0392667312788895,4.026177820852593,17.11125573862352,21.13743355947611,20.130889104262963,13.085077917770926,19.124344649049814,19.124344649049814,22.14397801468926,25.163611380328703,9.058900096918334,24.157066925115558,28.18324474596815,14.091622372984075,21.13743355947611,13.085077917770926,21.13743355947611,29.1897892011813,21.13743355947611,19.124344649049814,16.10471128341037,29.1897892011813,9.058900096918334,17.11125573862352,20.130889104262963,23.15052246990241,22.14397801468926,8.052355641705185,13.085077917770926,9.058900096918334,36.23560038767334,25.163611380328703,8.052355641705185,15.098166828197222,23.15052246990241,20.130889104262963,22.14397801468926,14.091622372984075,17.11125573862352,25.163611380328703,22.14397801468926,28.18324474596815,27.176700290755,12.078533462557779,10.065444552131481,20.130889104262963,19.124344649049814,19.124344649049814,18.11780019383667,19.124344649049814,20.130889104262963,14.091622372984075,19.124344649049814,24.157066925115558,15.098166828197222,27.176700290755,22.14397801468926,7.045811186492037,17.11125573862352,8.052355641705185,26.170155835541852,11.07198900734463
B02010,99000000079,Synthetic Census Tract 99000000079,1.0,Total:,208.39645574826542,230.98129331704297,+/-225,140.64194304193282,196.07745343802316,151.9343618263216,194.0242863863161,152.96094535217512,170.41286529168502,75.9671809131608,247.40662973069936,166.30653118827092,181.7052840760738,208.39645574826542,335.69281295410246,200.18378754143723,255.61929793752756,269.9914672994769,240.22054504972468,122.16343957656939,281.28388608386564,249.4597967824064,175.54578292095266,266.9117167219163,204.29012164485133,169.3862817658315,221.74204158436126,159.12044650729626,153.98752887802866,60.56842802535793,305.92189070435023,103.68493611120596,131.4026913092511,227.9015427394824,337.7459800058095,221.74204158436126,181.7052840760738,287.4433872389868,224.82179216192182,150.90777830046807,342.8788976350771,229.95470979118943,216.60912395509362,281.28388608386564,209.42303927411896,172.46603234339207,185.8116181794879,147.8280277229075,161.17361355900331,64.67476212877203,268.96488377362334,128.32294073169055,121.13685605071586,216.60912395509362,409.6068268155562,247.40662973069936,179.65211702436676,220.71545805850772,224.82179216192182,117.03052194730176,345.9586482126377,221.74204158436126,214.55595690338657,266.9117167219163,216.60912395509362,219.6888745326542,230.98129331704297,128.32294073169055,139.6153595160793,99.57860200779186,284.36363666142626,116.00393842144824,138.58877599022577,203.26353811899781,352.11814936775886,255.61929793752756,205.31670517070486,223.7952086360683,230.98129331704297,135.5090254126652,314.13455891117843,224.82179216192182,261.7787990926487,298.7358060233756
B02010,99000000080,Synthetic Census Tract 99000000080,1.0,Total:,351.45062208099273,256.64514092018,+/-268,156.09387302234828,384.96771138027,404.1203338369998,246.11119856897855,309.31485267618706,271.00960776272734,209.72121590119184,354.3235154495022,200.14490467282693,405.0779649598363,329.4251062557534,369.6456134148861,328.4674751329169,422.3153251708932,330.38273737858987,258.56040316585296,344.7472042211373,422.3153251708932,468.2816190670448,450.08662773315143,352.4082532038292,374.4337690290685,217.38226488388378,468.2816190670448,331.3403685014264,435.7221608906041,411.78138281969177,323.6793195187344,448.17136548747845,231.74673172643116,352.4082532038292,356.2387776951752,289.2045990966207,285.37407460527476,416.5695384338742,429.9763741535851,339.00141748411835,251.8569853059975,242.2806740776326,329.4251062557534,284.41644348243824,390.7134981172889,415.6119073110377,194.39911793580796,398.3745470999809,217.38226488388378,228.8738383579217,360.06930218652116,244.19593632330557,516.1631752088695,347.6200975896468,340.9166797297913,359.11167106368464,441.467947627623,350.4929909581562,233.66199397210414,373.47613790623205,403.1627027141633,372.51850678339554,332.2979996242629,388.79823587161593,344.7472042211373,213.55174039253782,417.5271695567107,347.6200975896468,428.0611119079121,441.467947627623,376.34903127474155,426.14584966223913,287.28933685094773,344.7472042211373,377.306662397578,392.6287603629619,237.49251846345012,341.8743108526278,364.8574578007036,420.4000629252202,171.41597098773215,190.56859344446198,376.34903127474155,375.39140015190503
B02010,99000000081,Synthetic Census Tract 99000000081,1.0,Total:,0.0,14.657700854468816,+/-14,9.422807692158525,0.0,0.0,0.0,0.0,0.0,0.0,0.0,0.0,0.0,0.0,0.0,0.0,0.0,0.0,0.0,0.0,0.0,0.0,0.0,0.0,0.0,0.0,0.0,0.0,0.0,0.0,0.0,0.0,0.0,0.0,0.0,0.0,0.0,0.0,0.0,0.0,0.0,0.0,0.0,0.0,0.0,0.0,0.0,0.0,0.0,0.0,0.0,0.0,0.0,0.0,0.0,0.0,0.0,0.0,0.0,0.0,0.0,0.0,0.0,0.0,0.0,0.0,0.0,0.0,0.0,0.0,0.0,0.0,0.0,0.0,0.0,0.0,0.0,0.0,0.0,0.0,0.0,0.0,0.0,0.0
B02010,99000000082,Synthetic Census Tract 99000000082,1.0,Total:,16.928656535252586,28.214427558754313,+/-30,16.928656535252586,12.226251942126868,19.750099291128016,5.642885511750862,17.86913745387773,18.809618372502875,13.166732860752012,28.214427558754313,22.571542047003447,18.809618372502875,17.86913745387773,20.69058020975316,32.91683215188003,20.69058020975316,8.464328267626293,28.214427558754313,35.73827490775546,6.583366430376006,9.404809186251438,20.69058020975316,11.285771023501724,7.52384734900115,15.0476946980023,3.761923674500575,19.750099291128016,23.512022965628592,14.107213779377156,22.571542047003447,13.166732860752012,26.333465721504023,15.988175616627442,17.86913745387773,30.0953893960046,10.34529010487658,4.702404593125719,32.91683215188003,31.976351233254885,4.702404593125719,17.86913745387773,12.226251942126868,15.988175616627442,24.452503884253737,19.750099291128016,25.392984802878882,15.988175616627442,14.107213779377156,16.928656535252586,8.464328267626293,20.69058020975316,5.642885511750862,20.69058020975316,21.631061128378306,7.52384734900115,29.154908477379454,28.214427558754313,4.702404593125719,5.642885511750862,35.73827490775546,20.69058020975316,11.285771023501724,13.166732860752012,25.392984802878882,15.988175616627442,25.392984802878882,22.571542047003447,23.512022965628592,13.166732860752012,8.464328267626293,13.166732860752012,8.464328267626293,28.214427558754313,14.107213779377156,3.761923674500575,21.631061128378306,31.976351233254885,7.52384734900115,6.583366430376006,34.79779398913032,18.809618372502875,18.809618372502875,7.52384734900115
B02010,99000000083,Synthetic Census Tract 99000000083,1.0,Total:,68.57133530040419,88.31156818991448,+/-85,54.02590053971238,60.25965829429458,100.77908369907887,64.41549679734938,66.49341604887678,87.27260856415077,65.45445642311309,70.64925455193158,65.45445642311309,68.57133530040419,29.090869521383592,33.24670802443839,72.72717380345898,109.09076070518847,37.402546527493186,59.220698668530886,100.77908369907887,33.24670802443839,34.28566765020209,56.103819791239786,73.76613342922268,63.37653717158568,34.28566765020209,69.61029492616788,57.14277941700348,55.064860165476084,73.76613342922268,31.168788772910993,77.92197193227747,101.81804332484258,71.68821417769529,103.89596257636997,40.519425404784286,32.20774839867469,130.90891284622617,66.49341604887678,32.20774839867469,95.58428557026038,123.63619546588026,68.57133530040419,63.37653717158568,61.298617920058284,38.44150615325689,67.53237567464048,72.72717380345898,51.947981288184984,52.986940913948686,23.896071392565094,74.80509305498637,86.23364893838708,130.90891284622617,95.58428557026038,51.947981288184984,33.24670802443839,126.75307434317136,71.68821417769529,28.051909895619893,95.58428557026038,110.12972033095217,56.103819791239786,65.45445642311309,58.181739042767184,113.24659920824327,111.16867995671586,44.67526390783909,52.986940913948686,72.72717380345898,78.96093155804118,59.220698668530886,55.064860165476084,36.36358690172949,30.12982914714729,104.93492220213368,95.58428557026038,44.67526390783909,75.84405268075008,82.07781043533228,41.55838503054799,34.28566765020209,82.07781043533228,74.80509305498637
B02010,99000000084,Synthetic Census Tract 99000000084,1.0,Total:,50.39075924226341,82.55507365221877,+/-77,50.39075924226341,73.97792314289734,49.31861542859823,55.7514783105893,56.82362212425448,111.5029566211786,75.05006695656252,63.256485006245555,68.61720407457145,81.48292983855359,18.22644483230804,73.97792314289734,43.957896360272336,16.082157204977683,19.29858864597322,20.370732459638397,48.24647161493305,78.26649839755805,16.082157204977683,69.68934788823663,53.60719068325894,40.741464919276794,52.535046869593764,52.535046869593764,81.48292983855359,82.55507365221877,36.45288966461608,41.81360873294197,51.462903055928585,69.68934788823663,19.29858864597322,91.13222416154021,54.67933449692412,27.87573915529465,20.370732459638397,16.082157204977683,55.7514783105893,92.20436797520539,18.22644483230804,43.957896360272336,46.10218398760269,75.05006695656252,57.895765937919656,73.97792314289734,16.082157204977683,17.15430101864286,63.256485006245555,46.10218398760269,57.895765937919656,25.731451527964293,67.54506026090627,17.15430101864286,48.24647161493305,73.97792314289734,82.55507365221877,95.42079941620092,53.60719068325894,13.937869577647325,52.535046869593764,54.67933449692412,65.40077263357591,43.957896360272336,43.957896360272336,62.184341192580376,24.659307714299114,15.010013391312505,37.52503347828126,52.535046869593764,48.24647161493305,22.515020086968757,79.33864221122323,18.22644483230804,63.256485006245555,128.65725763982147,71.83363551556698,75.05006695656252,57.895765937919656,19.29858864597322,84.69936127954912,43.957896360272336,36.45288966461608
B02010,99000000085,Synthetic Census Tract 99000000085,1.0,Total:,0.0,12.969887944444324,+/-14,8.337785107142778,0.0,0.0,0.0,0.0,0.0,0.0,0.0,0.0,0.0,0.0,0.0,0.0,0.0,0.0,0.0,0.0,0.0,0.0,0.0,0.0,0.0,0.0,0.0,0.0,0.0,0.0,0.0,0.0,0.0,0.0,0.0,0.0,0.0,0.0,0.0,0.0,0.0,0.0,0.0,0.0,0.0,0.0,0.0,0.0,0.0,0.0,0.0,0.0,0.0,0.0,0.0,0.0,0.0,0.0,0.0,0.0,0.0,0.0,0.0,0.0,0.0,0.0,0.0,0.0,0.0,0.0,0.0,0.0,0.0,0.0,0.0,0.0,0.0,0.0,0.0,0.0,0.0,0.0,0.0,0.0
B02010,99000000086,Synthetic Census Tract 99000000086,1.0,Total:,211.73532125843548,147.2941365276073,+/-144,90.01308343353779,239.35297185736187,165.70590359355822,244.4673515979038,189.23205040005104,200.48368582924326,113.53923024003062,188.20917445194266,144.22550868328216,164.6830276454498,302.77128064008167,241.39872375357862,225.03270858384448,247.53597944222892,291.51964521088945,234.23859211681994,139.11112894274024,296.63402495143134,231.16996427249478,250.60460728655409,276.17650598926366,214.80394910276064,200.48368582924326,186.1634225557259,241.39872375357862,237.30721996114508,151.38564032004084,216.8497009989774,124.79086566922285,176.95753902275044,217.8725769470858,258.78761487142117,237.30721996114508,218.89545289519418,200.48368582924326,174.91178712653365,207.64381746600196,287.4281414184559,213.78107315465226,184.11767065950912,152.4085162681492,146.27126057949891,273.1078781449385,212.75819720654388,186.1634225557259,243.44447564979538,284.35951357413074,207.64381746600196,302.77128064008167,278.2222578854805,135.0196251503067,181.04904281518398,232.19284022060316,201.50656177735164,187.18629850383428,202.52943772546004,212.75819720654388,144.22550868328216,212.75819720654388,281.2908857298056,216.8497009989774,198.4379339330265,170.82028333410014,151.38564032004084,241.39872375357862,174.91178712653365,272.08500219683015,244.4673515979038,203.55231367356842,264.92487056007144,229.12421237627802,234.23859211681994,150.36276437193246,262.8791186638547,172.8660352303169,198.4379339330265,270.0392503006134,217.8725769470858,244.4673515979038,209.68956936221872,226.05558453195286
B02010,99000000087,Synthetic Census Tract 99000000087,1.0,Total:,85.46878091707678,78.11662771990889,+/-85,47.788995781591325,111.20131710716443,106.60622135893449,78.11662771990889,120.39150860362429,86.38780006672278,61.57428302628113,71.68349367238699,56.0601681284052,145.20502564406593,134.1767958483141,69.845455373095,92.82093411424468,135.09581499796008,78.11662771990889,70.764474522741,63.4123213255731,96.49701071282863,140.60992989583602,71.68349367238699,95.57799156318265,82.71172346813883,124.06758520220824,52.384091529821255,64.3313404752191,50.54605323052928,57.898206427697176,105.6872022092885,68.92643622344902,79.95466601920087,76.27858942061692,101.09210646105856,91.9019149645987,106.60622135893449,97.41602986247462,67.08839792415705,120.39150860362429,94.65897241353666,55.14114897875922,91.9019149645987,84.5497617674308,111.20131710716443,96.49701071282863,61.57428302628113,91.9019149645987,68.92643622344902,70.764474522741,86.38780006672278,73.52153197167895,113.95837455610238,100.17308731141257,79.95466601920087,91.9019149645987,123.14856605256226,73.52153197167895,62.49330217592711,59.736244726989156,88.22583836601476,104.76818305964251,75.35957027097093,128.6626809504382,68.92643622344902,120.39150860362429,62.49330217592711,82.71172346813883,53.303110679467245,50.54605323052928,93.73995326389067,57.898206427697176,115.79641285539435,85.46878091707678,103.84916390999653,84.5497617674308,109.36327880787245,117.63445115468633,62.49330217592711,119.47248945397831,90.06387666530672,111.20131710716443,94.65897241353666,68.92643622344902
B02010,99000000088,Synthetic Census Tract 99000000088,1.0,Total:,49.12172690575141,161.99718447641422,+/-155,98.24345381150282,0.0,72.1148756701457,143.18460821463708,57.48287191098569,68.97944629318283,0.0,94.06288130888568,0.0,0.0,81.52116380103426,13.58686063350571,61.66344441360284,74.20516192145426,24.038291890048562,34.489723146591416,31.354293769628562,19.857719387431423,0.0,30.309150643974274,87.79202255495997,14.632003759159995,47.03144065444284,65.84401691621997,127.50746132982282,36.580009397899985,41.805725026171416,102.42402631411997,17.76743313612285,0.0,80.47602067537997,35.5348662722457,111.83031444500854,72.1148756701457,0.0,30.309150643974274,83.61145005234283,31.354293769628562,0.0,37.62515252355427,0.0,66.88916004187426,64.7988737905657,12.541717507851423,16.722290010468566,11.496574382197139,105.55945569108282,13.58686063350571,68.97944629318283,77.34059129841711,35.5348662722457,17.76743313612285,0.0,8.361145005234283,80.47602067537997,32.39943689528285,104.51431256542854,203.80290950258563,154.68118259683422,86.74687942930568,4.180572502617141,37.62515252355427,81.52116380103426,0.0,25.083435015702847,20.902862513085708,74.20516192145426,4.180572502617141,91.97259505757711,64.7988737905657,22.993148764394277,93.0177381832314,22.993148764394277,0.0,91.97259505757711,67.93430316752855,40.76058190051713,42.8508681518257,60.61830128794855,13.58686063350571,84.65659317799711
B02010,99000000089,Synthetic Census Tract 99000000089,1.0,Total:,14.670378300235265,24.75626338164701,+/-27,15.587276943999969,20.17177016282349,11.00278372517645,19.254871519058785,23.839364737882306,5.501391862588225,18.33797287529408,13.753479656470562,29.34075660047053,12.836581012705857,11.919682368941153,4.58449321882352,14.670378300235265,13.753479656470562,25.673162025411713,6.418290506352928,5.501391862588225,14.670378300235265,5.501391862588225,11.919682368941153,12.836581012705857,13.753479656470562,28.423857956705827,22.922466094117603,15.587276943999969,11.919682368941153,27.506959312941124,5.501391862588225,13.753479656470562,4.58449321882352,4.58449321882352,16.504175587764674,4.58449321882352,27.506959312941124,18.33797287529408,11.919682368941153,12.836581012705857,23.839364737882306,17.421074231529378,4.58449321882352,28.423857956705827,29.34075660047053,13.753479656470562,13.753479656470562,20.17177016282349,5.501391862588225,12.836581012705857,12.836581012705857,24.75626338164701,17.421074231529378,16.504175587764674,4.58449321882352,12.836581012705857,13.753479656470562,21.088668806588196,6.418290506352928,5.501391862588225,12.836581012705857,4.58449321882352,12.836581012705857,11.919682368941153,15.587276943999969,33.00835117552935,22.922466094117603,14.670378300235265,14.670378300235265,20.17177016282349,6.418290506352928,11.00278372517645,5.501391862588225,5.501391862588225,14.670378300235265,4.58449321882352,23.839364737882306,21.088668806588196,14.670378300235265,11.00278372517645,24.75626338164701,17.421074231529378,6.418290506352928,33.92524981929405
B02010,99000000090,Synthetic Census Tract 99000000090,1.0,Total:,51.09783433338588,83.71347326958964,+/-77,51.09783433338588,75.01596955326865,50.01064636884576,56.53377415608651,57.620962120626636,113.06754831217302,76.10315751780877,64.14408990786738,69.58002973056801,82.62628530504952,18.482195397182128,75.01596955326865,44.57470654614514,16.30781946810188,19.569383361722252,20.65657132626238,48.923458404305634,79.36472141142914,16.30781946810188,70.66721769510814,54.35939822700626,41.31314265252476,53.27221026246614,53.27221026246614,82.62628530504952,83.71347326958964,36.964390794364256,42.40033061706488,52.18502229792601,70.66721769510814,19.569383361722252,92.41097698591065,55.44658619154639,28.266887078043254,20.65657132626238,16.30781946810188,56.53377415608651,93.49816495045077,18.482195397182128,44.57470654614514,46.749082475225386,76.10315751780877,58.708150085166764,75.01596955326865,16.30781946810188,17.395007432642004,64.14408990786738,46.749082475225386,58.708150085166764,26.092511148963005,68.4928417660279,17.395007432642004,48.923458404305634,75.01596955326865,83.71347326958964,96.75972884407115,54.35939822700626,14.133443539021627,53.27221026246614,55.44658619154639,66.31846583694764,44.57470654614514,44.57470654614514,63.05690194332726,25.00532318442288,15.220631503561753,38.051578758904384,53.27221026246614,48.923458404305634,22.83094725534263,80.45190937596927,18.482195397182128,64.14408990786738,130.46255574481503,72.84159362418839,76.10315751780877,58.708150085166764,19.569383361722252,85.8878491986699,44.57470654614514,36.964390794364256
B02010,99000000091,Synthetic Census Tract 99000000091,1.0,Total:,58.43133991847631,72.34356370858971,+/-78,43.591634542355344,51.011487230415824,46.37407930037802,64.92371102052924,83.47334274068044,19.47711330615877,38.95422661231754,121.50008776699042,68.63363736455948,40.80918978433266,97.38556653079385,62.141266262506555,68.63363736455948,71.41608212258215,51.011487230415824,79.7634163966502,95.53060335877873,53.79393198843851,52.86645040243095,36.171781854294856,77.90845322463508,36.171781854294856,68.63363736455948,37.09926344030242,38.02674502630998,76.98097163862752,73.27104529459727,40.80918978433266,52.86645040243095,85.32830591269557,40.80918978433266,36.171781854294856,46.37407930037802,43.591634542355344,93.6756401867636,97.38556653079385,63.99622943452167,48.22904247239315,62.141266262506555,88.11075067071825,75.1260084666124,63.068747848514114,53.79393198843851,76.98097163862752,89.0382322567258,32.46185551026462,38.02674502630998,76.98097163862752,67.70615577855192,49.156524058400706,69.56111895056704,77.90845322463508,51.93896881642338,78.83593481064264,49.156524058400706,54.72141357444607,95.53060335877873,66.77867419254436,49.156524058400706,35.2443002682873,120.57260618098286,77.90845322463508,48.22904247239315,32.46185551026462,47.30156088638559,75.1260084666124,69.56111895056704,40.80918978433266,53.79393198843851,66.77867419254436,43.591634542355344,34.31681868227974,33.38933709627218,50.084005644408265,115.93519825094506,66.77867419254436,63.99622943452167,51.93896881642338,63.068747848514114,92.74815860075604,59.35882150448387
B02010,99000000092,Synthetic Census Tract 99000000092,1.0,Total:,74.24077134436351,72.05721924599987,+/-66,43.67104196727265,67.6901150492726,33.8450575246363,54.588802459090815,57.86413060663626,85.15853183618167,49.12992221318173,77.51609949190896,84.06675578699985,38.21216172136357,92.80096418045439,66.59833900009079,77.51609949190896,66.59833900009079,44.76281801645447,84.06675578699985,67.6901150492726,66.59833900009079,63.323010852545345,99.35162047554527,98.25984442636346,89.52563603290893,105.90227677063618,58.955906655818076,77.51609949190896,49.12992221318173,96.07629232799982,54.588802459090815,64.41478690172715,88.43385998372712,82.97497973781803,115.72826121327252,119.00358936081797,79.69965159027258,60.04768270499989,76.42432344272714,98.25984442636346,68.78189109845442,96.07629232799982,108.08582886899981,114.6364851640907,75.33254739354533,102.62694862309073,91.70918813127257,101.53517257390891,79.69965159027258,109.17760491818163,74.24077134436351,48.03814616399991,81.88320368863621,86.25030788536348,106.994052819818,110.26938096736345,42.57926591809083,89.52563603290893,105.90227677063618,68.78189109845442,42.57926591809083,84.06675578699985,84.06675578699985,52.40525036072718,48.03814616399991,60.04768270499989,57.86413060663626,73.14899529518169,80.7914276394544,31.661505426272672,90.61741208209075,48.03814616399991,109.17760491818163,55.68057850827263,48.03814616399991,52.40525036072718,72.05721924599987,55.68057850827263,80.7914276394544,63.323010852545345,63.323010852545345,84.06675578699985,62.23123480336353,34.93683357381812
B02010,99000000093,Synthetic Census Tract 99000000093,1.0,Total:,153.7256411064678,196.13271451514856,+/-185,119.79998237952319,198.2530681855826,150.54511060081674,207.7946597025358,69.97167112432328,171.74864730515714,282.00703816772716,175.98935464602522,241.72031842948041,197.19289135036558,64.67078694823817,131.4619275669104,44.527427079114815,141.00351908386358,172.80882414037416,73.15220162997433,139.94334224864656,94.35573833431472,214.1557207138379,212.03536704340388,129.34157389647635,127.22122022604232,185.53094616297838,170.6884704699401,77.39290897084241,157.9663484473359,160.08670211776993,139.94334224864656,267.16456247468886,184.47076932776136,90.11503099344664,141.00351908386358,77.39290897084241,168.56811679950607,146.30440325994866,67.85131745388924,182.35041565732732,74.21237846519135,295.7893370255484,224.7574890660081,206.73448286731877,181.2902388221103,207.7946597025358,150.54511060081674,269.2849161451229,155.84599477690185,102.83715301605088,125.10086655560828,91.17520782866366,64.67078694823817,219.456604889923,141.00351908386358,204.61412919688473,152.66546427125078,162.20705578820395,205.67430603210175,207.7946597025358,205.67430603210175,60.430079607370104,51.94866492563395,138.88316541342954,155.84599477690185,196.13271451514856,203.5539523616677,210.97519020818686,118.73980554430617,60.430079607370104,183.41059249254434,74.21237846519135,80.57343947649346,225.81766590122513,137.82298857821252,222.63713539557406,151.60528743603376,139.94334224864656,261.86367829860376,153.7256411064678,214.1557207138379,92.23538466388068,74.21237846519135,154.78581794168483
B02010,99000000094,Synthetic Census Tract 99000000094,1.0,Total:,60.105447652702985,114.09847690004634,+/-112,69.27407526074242,43.80566523841065,69.27407526074242,56.0305020491299,84.55512127414148,45.84313804019719,71.31154806252896,58.06797485091644,96.77995808486074,48.899347242877,162.99782414292335,94.74248528307419,24.4496736214385,26.48714642322504,30.562092026798126,24.4496736214385,115.11721330093961,32.59956482858467,49.918083643770274,56.0305020491299,113.07974049915308,25.46841002233177,28.524619225011584,62.14292045448953,60.105447652702985,58.06797485091644,175.2226609536426,30.562092026798126,59.08671125180971,46.861874441090464,98.81743088664727,30.562092026798126,77.42396646788859,46.861874441090464,109.00479489557999,78.44270286878186,40.74945603573084,40.74945603573084,23.430937220545232,77.42396646788859,75.38649366610204,37.69324683305102,85.57385767503476,68.25533885984915,53.99302924734336,4.0749456035730836,43.80566523841065,48.899347242877,101.87364008932708,45.84313804019719,122.2483681071925,78.44270286878186,24.4496736214385,27.505882824118313,59.08671125180971,61.12418405359625,84.55512127414148,21.39346441875869,71.31154806252896,74.36775726520878,98.81743088664727,26.48714642322504,25.46841002233177,50.93682004466354,64.18039325627606,80.4801756705684,114.09847690004634,23.430937220545232,81.49891207146167,123.26710450808578,67.23660245895587,42.78692883751738,56.0305020491299,4.0749456035730836,135.49194131880503,124.28584090897905,80.4801756705684,82.51764847235494,12.22483681071925,72.33028446342223,93.72374888218093
B02010,99000000095,Synthetic Census Tract 99000000095,1.0,Total:,70.78716300203594,73.95673746481367,+/-70,45.43056729981411,90.86113459962822,75.01326228573957,68.67411336018412,42.26099283703638,77.12631192759139,94.03070906240595,61.27843961370275,22.1870212394441,70.78716300203594,42.26099283703638,104.59595727166504,86.63503531592458,85.57851049499867,60.22191479277684,81.35241121129503,90.86113459962822,43.31751765796229,73.95673746481367,102.48290762981323,91.91765942055413,76.06978710666549,72.90021264388776,89.8046097787023,55.9958155090732,84.52198567407277,85.57851049499867,45.43056729981411,34.86531909055501,64.44801407648048,38.03489355333274,89.8046097787023,108.82205655536868,46.487092120740016,34.86531909055501,79.23936156944322,83.46546085314685,38.03489355333274,64.44801407648048,92.97418424148003,55.9958155090732,22.1870212394441,62.33496443462866,104.59595727166504,61.27843961370275,85.57851049499867,89.8046097787023,77.12631192759139,71.84368782296184,78.1828367485173,150.02652457147914,92.97418424148003,60.22191479277684,57.05234032999911,78.1828367485173,83.46546085314685,98.25680834610958,85.57851049499867,80.29588639036912,32.752269448703196,29.582694985925464,40.14794319518456,59.16538997185093,84.52198567407277,53.88276586722139,77.12631192759139,77.12631192759139,63.39148925555457,77.12631192759139,78.1828367485173,87.69156013685048,78.1828367485173,47.543616941665924,67.61758853925821,92.97418424148003,70.78716300203594,79.23936156944322,80.29588639036912,73.95673746481367,34.86531909055501,97.20028352518368
B02010,99000000096,Synthetic Census Tract 99000000096,1.0,Total:,0.0,14.826321549152642,+/-14,9.531206710169554,0.0,0.0,0.0,0.0,0.0,0.0,0.0,0.0,0.0,0.0,0.0,0.0,0.0,0.0,0.0,0.0,0.0,0.0,0.0,0.0,0.0,0.0,0.0,0.0,0.0,0.0,0.0,0.0,0.0,0.0,0.0,0.0,0.0,0.0,0.0,0.0,0.0,0.0,0.0,0.0,0.0,0.0,0.0,0.0,0.0,0.0,0.0,0.0,0.0,0.0,0.0,0.0,0.0,0.0,0.0,0.0,0.0,0.0,0.0,0.0,0.0,0.0,0.0,0.0,0.0,0.0,0.0,0.0,0.0,0.0,0.0,0.0,0.0,0.0,0.0,0.0,0.0,0.0,0.0,0.0
B02010,99000000097,Synthetic Census Tract 99000000097,1.0,Total:,298.44228304238976,193.878563436297,+/-178,117.63418455685435,300.6206938675167,240.71439617652604,334.38606165698417,367.0622240338881,200.4137959116778,211.30585003731247,302.7991046926436,194.96776884886046,303.8883101052071,236.35757452627217,240.71439617652604,313.69115881827827,313.69115881827827,385.5787160474671,385.5787160474671,325.6724183564764,314.78036423084177,330.0292400067303,344.18891037005534,233.08995828858178,250.51724488959724,226.55472581320097,334.38606165698417,314.78036423084177,253.78486112728763,383.40030522234014,312.6019534057148,209.12743921218552,297.3530776298263,181.89730389809887,302.7991046926436,297.3530776298263,286.46102350419164,320.2263912936591,267.9445314906127,374.6866619218324,340.92129413236495,325.6724183564764,352.90255367056307,230.91154746345484,387.757126872594,198.23538508655085,340.92129413236495,364.8838132087612,255.96327195241457,342.0104995449284,294.08546139213587,234.17916370114526,213.48426086243938,190.6109471986066,362.70540238363424,333.29685624442067,273.39055855343,323.4940075313495,336.56447248211106,365.9730186213247,344.18891037005534,315.8695696434052,312.6019534057148,220.0194933378202,257.052477364978,215.66267168756633,392.11394852284786,369.2406348590151,222.1979041629471,220.0194933378202,301.70989928008015,208.03823379962205,307.1559263428975,235.2683691137087,287.5502289167551,224.37631498807406,316.95877505596866,376.8650727469593,278.83658561624736,353.9917590831265,239.62519076396256,270.12294231573964,352.90255367056307,196.05697426142393
B02010,99000000098,Synthetic Census Tract 99000000098,1.0,Total:,147.3548839690148,147.3548839690148,+/-155,89.36360705217672,165.4177407136037,177.77653743358562,185.38195079972832,139.7494706028721,73.20210364912349,201.54345420278153,139.7494706028721,127.39067388289023,96.96902041831942,220.5569876181383,142.6015006151756,120.73593718751536,110.27849380906915,102.67308044292645,170.17112406744292,169.22044739667507,132.1440572367294,197.7407475197102,176.82586076281777,179.67789077512128,92.21563706448023,96.96902041831942,70.35007363681997,171.12180073821074,267.14014448576233,180.6285674458891,60.8433069291416,134.0454105782651,153.05894399362182,79.85684034449835,189.18465748279965,167.3190940551394,215.8036042642991,148.30556063978264,143.55217728594346,103.62375711369428,180.6285674458891,134.9960872490329,166.36841738437155,87.46225371064105,169.22044739667507,191.08601082433532,180.6285674458891,156.8616506766932,132.1440572367294,137.84811726133643,176.82586076281777,134.9960872490329,167.3190940551394,182.5299207874248,174.9245074212821,75.10345699065915,67.49804362451646,94.11699040601592,132.1440572367294,134.9960872490329,197.7407475197102,151.15759065208616,170.17112406744292,176.82586076281777,95.06766707678375,95.06766707678375,63.69533694144511,188.23398081203183,170.17112406744292,151.15759065208616,75.10345699065915,152.108267322854,121.6866138582832,68.4487202952843,184.43127412896047,215.8036042642991,189.18465748279965,191.08601082433532,195.83939417817453,144.5028539567113,109.32781713830131,215.8036042642991,171.12180073821074,73.20210364912349
B02010,99000000099,Synthetic Census Tract 99000000099,1.0,Total:,16.28824286514659,23.41434911864822,+/-23,14.252212507003266,16.28824286514659,16.28824286514659,18.324273223289914,19.342288402361575,19.342288402361575,6.1080910744299715,7.126106253501633,8.144121432573295,16.28824286514659,29.522440193078193,13.234197327931604,6.1080910744299715,13.234197327931604,14.252212507003266,5.090075895358309,13.234197327931604,31.558470551221518,27.486409834934868,26.468394655863207,7.126106253501633,16.28824286514659,12.216182148859943,17.30625804421825,16.28824286514659,13.234197327931604,18.324273223289914,18.324273223289914,23.41434911864822,14.252212507003266,5.090075895358309,14.252212507003266,22.39633393957656,15.270227686074927,14.252212507003266,21.3783187605049,17.30625804421825,4.072060716286647,5.090075895358309,6.1080910744299715,6.1080910744299715,14.252212507003266,15.270227686074927,15.270227686074927,17.30625804421825,14.252212507003266,20.360303581433236,25.450379476791547,31.558470551221518,19.342288402361575,6.1080910744299715,14.252212507003266,20.360303581433236,13.234197327931604,17.30625804421825,22.39633393957656,15.270227686074927,5.090075895358309,5.090075895358309,5.090075895358309,25.450379476791547,17.30625804421825,17.30625804421825,15.270227686074927,18.324273223289914,15.270227686074927,5.090075895358309,5.090075895358309,8.144121432573295,16.28824286514659,24.432364297719886,16.28824286514659,7.126106253501633,14.252212507003266,16.28824286514659,6.1080910744299715,12.216182148859943,25.450379476791547,25.450379476791547,20.360303581433236,26.468394655863207
B02010,99000000100,Synthetic Census Tract 99000000100,1.0,Total:,65.2496986054145,75.35880684005619,+/-82,45.95049197564401,38.59841325954097,78.11583635859482,36.76039358051521,57.89761988931146,100.17207250690394,67.08771828444026,55.14059037077282,42.274452617592495,51.464551012721294,64.33068876590163,73.52078716103043,47.788511654669776,62.49266908687586,57.89761988931146,52.383560852234176,48.70752149418266,38.59841325954097,45.03148213613113,65.2496986054145,60.6546494078501,67.08771828444026,82.71088555615923,79.0348461981077,72.60177732151755,93.73900363031379,75.35880684005619,115.79523977862291,87.30593475372363,84.54890523518499,70.76375764249178,46.869501815156895,70.76375764249178,75.35880684005619,73.52078716103043,26.65128534587353,87.30593475372363,71.68276748200466,58.81662972882434,94.65801346982667,111.20019058105852,97.41504298836531,115.79523977862291,90.98197411177514,43.193462457105376,103.84811186495547,52.383560852234176,53.30257069174706,96.49603314885243,110.28118074154564,60.6546494078501,65.2496986054145,133.25642672936763,70.76375764249178,45.95049197564401,106.60514138349411,107.524151223007,90.06296427226226,64.33068876590163,50.54554117320841,68.92573796346602,62.49266908687586,34.00336406197657,58.81662972882434,40.43643293856673,49.62653133369554,36.76039358051521,53.30257069174706,72.60177732151755,51.464551012721294,50.54554117320841,39.51742309905385,86.38692491421075,34.00336406197657,46.869501815156895,54.22158053125994,44.11247229661825,74.43979700054331,57.89761988931146,61.57365924736298,56.059600210285694
B02010,99000000101,Synthetic Census Tract 99000000101,1.0,Total:,48.09195758022674,78.78895178037146,+/-77,48.09195758022674,70.60308666033288,47.068724440221914,53.20812328025086,54.231356420255686,106.41624656050172,71.6263198003377,60.37075526028463,65.48692096030875,77.76571864036664,17.39496338008201,70.60308666033288,41.952558740197794,15.348497100072363,18.418196520086838,19.44142966009166,46.045491300217094,74.69601922035217,15.348497100072363,66.51015410031357,51.16165700024121,38.88285932018332,50.13842386023639,50.13842386023639,77.76571864036664,78.78895178037146,34.78992676016402,39.90609246018815,49.11519072023157,66.51015410031357,18.418196520086838,86.97481690041006,52.18489014024603,26.60406164012543,19.44142966009166,15.348497100072363,53.20812328025086,87.99805004041488,17.39496338008201,41.952558740197794,43.99902502020744,71.6263198003377,55.254589560260506,70.60308666033288,15.348497100072363,16.371730240077188,60.37075526028463,43.99902502020744,55.254589560260506,24.557595360115783,64.46368782030393,16.371730240077188,46.045491300217094,70.60308666033288,78.78895178037146,91.06774946042935,51.16165700024121,13.302030820062715,50.13842386023639,52.18489014024603,62.41722154029428,41.952558740197794,41.952558740197794,59.347522120279805,23.534362220110957,14.32526396006754,35.81315990016885,50.13842386023639,46.045491300217094,21.48789594010131,75.71925236035699,17.39496338008201,60.37075526028463,122.7879768005789,68.55662038032322,71.6263198003377,55.254589560260506,18.418196520086838,80.83541806038112,41.952558740197794,34.78992676016402
B02010,99000000102,Synthetic Census Tract 99000000102,1.0,Total:,0.0,13.07961565145981,+/-14,8.40832434736702,0.0,0.0,0.0,0.0,0.0,0.0,0.0,0.0,0.0,0.0,0.0,0.0,0.0,0.0,0.0,0.0,0.0,0.0,0.0,0.0,0.0,0.0,0.0,0.0,0.0,0.0,0.0,0.0,0.0,0.0,0.0,0.0,0.0,0.0,0.0,0.0,0.0,0.0,0.0,0.0,0.0,0.0,0.0,0.0,0.0,0.0,0.0,0.0,0.0,0.0,0.0,0.0,0.0,0.0,0.0,0.0,0.0,0.0,0.0,0.0,0.0,0.0,0.0,0.0,0.0,0.0,0.0,0.0,0.0,0.0,0.0,0.0,0.0,0.0,0.0,0.0,0.0,0.0,0.0,0.0
B02010,99000000103,Synthetic Census Tract 99000000103,1.0,Total:,68.88332831602521,66.85734807143623,+/-66,40.51960489177954,62.80538758225828,31.40269379112914,50.64950611472442,53.688476481607886,79.0132295389701,45.58455550325198,71.92229868290868,78.0002394166756,35.454654280307096,86.10416039503151,61.79239745996379,71.92229868290868,61.79239745996379,41.532595014074026,78.0002394166756,62.80538758225828,61.79239745996379,58.753427093080326,92.18210112879844,91.16911100650395,83.06519002814805,98.26004186256537,54.701466603902375,71.92229868290868,45.58455550325198,89.14313076191497,50.64950611472442,59.766417215374815,82.05219990585356,76.98724929438112,107.37695296321577,110.41592333009923,73.94827892749765,55.71445672619686,70.90930856061419,91.16911100650395,63.818377704552766,89.14313076191497,100.28602210715435,106.36396284092127,69.8963184383197,95.22107149568191,85.09117027273702,94.20808137338742,73.94827892749765,101.29901222944883,68.88332831602521,44.57156538095749,75.97425917208663,80.02621966126458,99.27303198485986,102.31200235174333,39.50661476948505,83.06519002814805,98.26004186256537,63.818377704552766,39.50661476948505,78.0002394166756,78.0002394166756,48.62352587013544,44.57156538095749,55.71445672619686,53.688476481607886,67.87033819373072,74.96126904979214,29.376713546540163,84.07818015044253,44.57156538095749,101.29901222944883,51.66249623701891,44.57156538095749,48.62352587013544,66.85734807143623,51.66249623701891,74.96126904979214,58.753427093080326,58.753427093080326,78.0002394166756,57.74043697078584,32.41568391342363
B02010,99000000104,Synthetic Census Tract 99000000104,1.0,Total:,0.0,14.20280543929478,+/-14,9.13037492526093,0.0,0.0,0.0,0.0,0.0,0.0,0.0,0.0,0.0,0.0,0.0,0.0,0.0,0.0,0.0,0.0,0.0,0.0,0.0,0.0,0.0,0.0,0.0,0.0,0.0,0.0,0.0,0.0,0.0,0.0,0.0,0.0,0.0,0.0,0.0,0.0,0.0,0.0,0.0,0.0,0.0,0.0,0.0,0.0,0.0,0.0,0.0,0.0,0.0,0.0,0.0,0.0,0.0,0.0,0.0,0.0,0.0,0.0,0.0,0.0,0.0,0.0,0.0,0.0,0.0,0.0,0.0,0.0,0.0,0.0,0.0,0.0,0.0,0.0,0.0,0.0,0.0,0.0,0.0,0.0
B02010,99000000105,Synthetic Census Tract 99000000105,1.0,Total:,37.74148716265733,50.65304856040852,+/-51,30.78910794848361,43.700669346234804,57.60542777458224,49.65985152981228,46.68026043802354,36.748290132061086,47.67345746861979,12.911561397751193,36.748290132061086,20.857137642521156,54.625836682793505,15.891152489539929,37.74148716265733,35.75509310146484,63.564609958159714,39.72788122384982,43.700669346234804,51.64624559100477,12.911561397751193,15.891152489539929,72.50338323352592,33.768699040272345,40.72107825444607,65.5510040193522,41.71427528504231,18.870743581328664,53.632639652197255,33.768699040272345,45.687063407427296,34.761896070868595,17.87754655073242,32.7755020096761,11.918364367154947,54.625836682793505,30.78910794848361,20.857137642521156,20.857137642521156,36.748290132061086,37.74148716265733,45.687063407427296,40.72107825444607,15.891152489539929,15.891152489539929,40.72107825444607,16.884349520136173,42.707472315638555,47.67345746861979,63.564609958159714,40.72107825444607,62.57141292756347,32.7755020096761,44.693866376831046,38.73468419325358,40.72107825444607,19.86394061192491,40.72107825444607,34.761896070868595,12.911561397751193,47.67345746861979,52.63944262160101,17.87754655073242,43.700669346234804,30.78910794848361,17.87754655073242,46.68026043802354,58.59862480517849,18.870743581328664,50.65304856040852,24.82992576490614,35.75509310146484,48.66665449921603,41.71427528504231,51.64624559100477,15.891152489539929,32.7755020096761,75.48297432531466,65.5510040193522,27.809516856694874,39.72788122384982,31.782304979079857,46.68026043802354
B02010,99000000106,Synthetic Census Tract 99000000106,1.0,Total:,235.05916709401419,168.76042765724094,+/-168,102.46168822046772,272.2266422328113,277.2492740083244,365.64759325735537,179.8102175633698,210.95053457155117,120.54316261231496,350.579697930816,251.13158877565616,142.6427424245727,268.2085368124008,214.96863999196168,240.0817988695273,285.2854848491454,168.76042765724094,257.1587469062719,214.96863999196168,211.9550609266538,209.94600821644855,236.06369344911678,236.06369344911678,268.2085368124008,242.09085157973254,275.24022129811914,282.27190578383755,217.98221905726956,277.2492740083244,304.3714855960953,223.00485083278267,211.9550609266538,307.38506466140313,307.38506466140313,232.0455880287063,161.72874317152258,189.85548111439607,211.9550609266538,234.05464073891156,233.05011438380893,200.90527102052494,162.7332695266252,173.78305943275407,298.3443274654795,224.0093771878853,231.04106167360368,164.74232223683043,258.1632732613745,258.1632732613745,181.81927027357506,259.16779961647717,309.3941173716084,193.87358653480655,170.7694803674462,246.10895700014305,243.09537793483517,279.25832671852964,335.5118026042766,180.81474391847243,214.96863999196168,259.16779961647717,311.40317008181364,225.01390354298792,238.07274615932204,168.76042765724094,179.8102175633698,200.90527102052494,246.10895700014305,350.579697930816,212.95958728175643,237.0682198042194,338.52538166958453,228.0274826082958,247.11348335524568,205.92790279603807,158.7151641062147,282.27190578383755,265.19495774709293,222.00032447768004,299.3488538205822,184.83284933888294,189.85548111439607,206.9324291511407
B02010,99000000107,Synthetic Census Tract 99000000107,1.0,Total:,128.43973071616077,215.82085899027012,+/-205,131.5980847501647,254.77389207631887,181.07896461622664,225.295921092282,132.65086942816603,153.7065629881924,92.64505166411595,135.80922346217,98.96175973212387,76.8532814940962,103.17289844412913,193.71238075224247,55.79758793406984,221.08478238027672,50.53366454406325,125.2813766821568,277.93515499234786,89.486697630112,128.43973071616077,90.53948230811332,286.3574324163584,138.96757749617393,88.43391295211069,80.01163552810014,132.65086942816603,184.2373186502306,160.0232710562003,254.77389207631887,116.85909925814626,142.1259315301779,122.12302264815285,45.26974115405666,308.4659106543861,103.17289844412913,124.22859200415549,103.17289844412913,65.2726500360817,143.1787162081792,65.2726500360817,157.91770170019765,64.21986535808038,90.53948230811332,181.07896461622664,132.65086942816603,126.33416136015812,167.39276380220952,206.34579688825826,138.96757749617393,209.50415092226223,65.2726500360817,236.87655255029648,203.18744285425433,64.21986535808038,105.27846780013176,54.74480325606852,144.23150088618053,144.23150088618053,190.5540267182385,242.14047594030308,40.00581776405007,137.91479281817263,122.12302264815285,48.42809518806062,56.850372612071155,254.77389207631887,92.64505166411595,140.02036217417526,92.64505166411595,132.65086942816603,251.61553804231494,100.01454441012518,110.54239119013836,137.91479281817263,117.91188393614758,273.7240162803426,182.13174929422797,68.43100407008565,143.1787162081792,78.95885085009883,184.2373186502306,70.53657342608828
B02010,99000000108,Synthetic Census Tract 99000000108,1.0,Total:,0.0,21.19697886604827,+/-20,12.71818731962896,0.0,0.0,0.0,0.0,0.0,0.0,0.0,0.0,0.0,0.0,0.0,0.0,0.0,0.0,0.0,0.0,0.0,0.0,0.0,0.0,0.0,0.0,0.0,0.0,0.0,0.0,0.0,0.0,0.0,0.0,0.0,0.0,0.0,0.0,0.0,0.0,0.0,0.0,0.0,0.0,0.0,0.0,0.0,0.0,0.0,0.0,0.0,0.0,0.0,0.0,0.0,0.0,0.0,0.0,0.0,0.0,0.0,0.0,0.0,0.0,0.0,0.0,0.0,0.0,0.0,0.0,0.0,0.0,0.0,0.0,0.0,0.0,0.0,0.0,0.0,0.0,0.0,0.0,0.0,0.0
B02010,99000000109,Synthetic Census Tract 99000000109,1.0,Total:,8.985875788035774,14.976459646726289,+/-15,8.985875788035774,2.9952919293452576,9.98430643115086,14.976459646726289,3.9937225724603436,3.9937225724603436,14.976459646726289,6.989014501805602,7.987445144920687,23.96233543476206,6.989014501805602,9.98430643115086,8.985875788035774,8.985875788035774,11.98116771738103,3.9937225724603436,9.98430643115086,3.9937225724603436,11.98116771738103,10.982737074265945,16.97332093295646,1.9968612862301718,6.989014501805602,11.98116771738103,2.9952919293452576,3.9937225724603436,10.982737074265945,7.987445144920687,9.98430643115086,8.985875788035774,7.987445144920687,12.979598360496116,8.985875788035774,12.979598360496116,11.98116771738103,3.9937225724603436,11.98116771738103,3.9937225724603436,8.985875788035774,7.987445144920687,2.9952919293452576,11.98116771738103,8.985875788035774,1.9968612862301718,6.989014501805602,11.98116771738103,2.9952919293452576,11.98116771738103,11.98116771738103,4.99215321557543,7.987445144920687,2.9952919293452576,9.98430643115086,5.990583858690515,9.98430643115086,15.974890289841374,9.98430643115086,15.974890289841374,11.98116771738103,14.976459646726289,5.990583858690515,14.976459646726289,8.985875788035774,3.9937225724603436,22.963904791646975,10.982737074265945,2.9952919293452576,10.982737074265945,8.985875788035774,1.9968612862301718,7.987445144920687,3.9937225724603436,10.982737074265945,12.979598360496116,9.98430643115086,16.97332093295646,9.98430643115086,14.976459646726289,10.982737074265945,5.990583858690515,15.974890289841374
B02010,99000000110,Synthetic Census Tract 99000000110,1.0,Total:,40.7967475321809,38.75691015557186,+/-38,23.45812983100402,52.01585310353065,38.75691015557186,33.657316714049244,42.83658490878995,58.13536523335779,63.2349586748804,43.85650359709447,42.83658490878995,63.2349586748804,33.657316714049244,42.83658490878995,29.577641960831155,23.45812983100402,32.63739802574472,31.6174793374402,37.73699146726734,67.31463342809849,29.577641960831155,34.677235402353766,41.81666622048542,39.77682884387638,29.577641960831155,31.6174793374402,62.21503998657588,44.876422285398995,37.73699146726734,40.7967475321809,45.896340973703516,46.91625966200804,27.53780458422211,71.39430818131657,39.77682884387638,29.577641960831155,34.677235402353766,32.63739802574472,36.717072778962816,57.11544654505327,34.677235402353766,28.557723272526633,40.7967475321809,46.91625966200804,43.85650359709447,30.597560649135676,47.93617835031256,46.91625966200804,57.11544654505327,40.7967475321809,43.85650359709447,62.21503998657588,27.53780458422211,50.99593441522613,35.69715409065829,24.478048519308544,33.657316714049244,29.577641960831155,36.717072778962816,50.99593441522613,27.53780458422211,34.677235402353766,45.896340973703516,38.75691015557186,26.517885895917587,37.73699146726734,62.21503998657588,52.01585310353065,39.77682884387638,45.896340973703516,44.876422285398995,62.21503998657588,36.717072778962816,65.27479605148945,28.557723272526633,25.497967207613065,29.577641960831155,26.517885895917587,37.73699146726734,58.13536523335779,27.53780458422211,30.597560649135676,36.717072778962816
B02010,99000000111,Synthetic Census Tract 99000000111,1.0,Total:,0.0,15.207461459932286,+/-14,9.776225224242184,0.0,0.0,0.0,0.0,0.0,0.0,0.0,0.0,0.0,0.0,0.0,0.0,0.0,0.0,0.0,0.0,0.0,0.0,0.0,0.0,0.0,0.0,0.0,0.0,0.0,0.0,0.0,0.0,0.0,0.0,0.0,0.0,0.0,0.0,0.0,0.0,0.0,0.0,0.0,0.0,0.0,0.0,0.0,0.0,0.0,0.0,0.0,0.0,0.0,0.0,0.0,0.0,0.0,0.0,0.0,0.0,0.0,0.0,0.0,0.0,0.0,0.0,0.0,0.0,0.0,0.0,0.0,0.0,0.0,0.0,0.0,0.0,0.0,0.0,0.0,0.0,0.0,0.0,0.0,0.0
B02010,99000000112,Synthetic Census Tract 99000000112,1.0,Total:,112.7214995594274,189.40907712854604,+/-205,115.49333971252808,223.59510568345436,158.91883544443863,197.72459758784808,116.4172864302283,134.8962207842328,81.30731115761976,119.18912658332897,86.85099146382112,67.4481103921164,90.54677833462202,170.00619605684133,48.969176038111904,194.02881071704718,44.349442449610784,109.94965940632673,243.9219334728593,78.5354710045191,112.7214995594274,79.45941772221931,251.3135072144611,121.96096673642965,77.61152428681886,70.21995054521707,116.4172864302283,161.6906755975393,140.43990109043415,223.59510568345436,102.55808566472493,124.73280688953032,107.17781925322606,39.72970886110966,270.7163882861658,90.54677833462202,109.02571268862651,90.54677833462202,57.284696497413925,125.65675360723056,57.284696497413925,138.59200765503368,56.3607497797137,79.45941772221931,158.91883544443863,116.4172864302283,110.87360612402695,146.90752811433572,181.09355666924404,121.96096673642965,183.8653968223447,57.284696497413925,207.88801148255055,178.32171651614334,56.3607497797137,92.39467177002247,48.04522932041168,126.58070032493077,126.58070032493077,167.23435590374066,212.50774507105166,35.10997527260854,121.03702001872942,107.17781925322606,42.50154901421033,49.89312275581213,223.59510568345436,81.30731115761976,122.88491345412987,81.30731115761976,116.4172864302283,220.8232655303537,87.77493818152134,97.01440535852359,121.03702001872942,103.48203238242516,240.2261466020584,159.84278216213886,60.0565366505146,125.65675360723056,69.29600382751684,161.6906755975393,61.90443008591505
B02010,99000000113,Synthetic Census Tract 99000000113,1.0,Total:,0.0,18.468414263600444,+/-20,11.081048558160266,0.0,0.0,0.0,0.0,0.0,0.0,0.0,0.0,0.0,0.0,0.0,0.0,0.0,0.0,0.0,0.0,0.0,0.0,0.0,0.0,0.0,0.0,0.0,0.0,0.0,0.0,0.0,0.0,0.0,0.0,0.0,0.0,0.0,0.0,0.0,0.0,0.0,0.0,0.0,0.0,0.0,0.0,0.0,0.0,0.0,0.0,0.0,0.0,0.0,0.0,0.0,0.0,0.0,0.0,0.0,0.0,0.0,0.0,0.0,0.0,0.0,0.0,0.0,0.0,0.0,0.0,0.0,0.0,0.0,0.0,0.0,0.0,0.0,0.0,0.0,0.0,0.0,0.0,0.0,0.0
B02010,99000000114,Synthetic Census Tract 99000000114,1.0,Total:,80.74367860962953,43.124464711961224,+/-47,26.608712269082456,89.0015548310689,84.41384581915814,66.98055157389722,95.42434744774398,56.88759174769353,89.0015548310689,59.64021715483999,67.89809337627938,72.48580238819014,66.98055157389722,80.74367860962953,73.4033441905723,43.124464711961224,61.475300759604295,68.81563517866152,66.98055157389722,77.99105320248306,85.33138762154029,90.83663843583321,65.14546796913291,90.83663843583321,91.75418023821537,66.06300977151507,72.48580238819014,85.33138762154029,102.76468186680121,71.56826058580799,104.59976547156552,77.99105320248306,91.75418023821537,97.25943105250829,80.74367860962953,89.0015548310689,90.83663843583321,89.0015548310689,96.34188925012613,69.73317698104368,91.75418023821537,77.07351140010091,72.48580238819014,76.15596959771875,74.32088599295444,77.07351140010091,91.75418023821537,62.39284256198645,79.82613680724737,77.99105320248306,72.48580238819014,69.73317698104368,77.07351140010091,88.08401302868675,82.57876221439383,49.5472573286363,74.32088599295444,72.48580238819014,55.05250814292922,68.81563517866152,72.48580238819014,81.66122041201167,92.67172204059752,90.83663843583321,79.82613680724737,67.89809337627938,91.75418023821537,57.80513355007568,88.08401302868675,77.99105320248306,90.83663843583321,68.81563517866152,97.25943105250829,106.43484907632983,93.58926384297968,102.76468186680121,64.22792616675076,96.34188925012613,79.82613680724737,83.49630401677598,87.1664712263046,78.90859500486522,77.07351140010091
B02010,99000000115,Synthetic Census Tract 99000000115,1.0,Total:,4.1262906280324225,7.22100859905674,+/-7,5.157863285040528,4.1262906280324225,1.0315726570081056,2.0631453140162113,5.157863285040528,6.189435942048634,6.189435942048634,1.0315726570081056,6.189435942048634,2.0631453140162113,5.157863285040528,7.22100859905674,9.28415391307295,9.28415391307295,4.1262906280324225,1.0315726570081056,7.22100859905674,5.157863285040528,5.157863285040528,4.1262906280324225,1.0315726570081056,8.252581256064845,4.1262906280324225,4.1262906280324225,2.0631453140162113,1.0315726570081056,7.22100859905674,4.1262906280324225,4.1262906280324225,4.1262906280324225,7.22100859905674,4.1262906280324225,5.157863285040528,5.157863285040528,2.0631453140162113,3.094717971024317,4.1262906280324225,8.252581256064845,2.0631453140162113,8.252581256064845,5.157863285040528,5.157863285040528,8.252581256064845,8.252581256064845,3.094717971024317,4.1262906280324225,5.157863285040528,7.22100859905674,2.0631453140162113,6.189435942048634,5.157863285040528,1.0315726570081056,2.0631453140162113,2.0631453140162113,3.094717971024317,8.252581256064845,2.0631453140162113,4.1262906280324225,5.157863285040528,4.1262906280324225,9.28415391307295,2.0631453140162113,5.157863285040528,4.1262906280324225,7.22100859905674,8.252581256064845,1.0315726570081056,5.157863285040528,4.1262906280324225,5.157863285040528,2.0631453140162113,4.1262906280324225,5.157863285040528,4.1262906280324225,7.22100859905674,4.1262906280324225,4.1262906280324225,1.0315726570081056,6.189435942048634,1.0315726570081056,5.157863285040528
B02010,99000000116,Synthetic Census Tract 99000000116,1.0,Total:,0.0,13.772103242213063,+/-14,8.853494941422683,0.0,0.0,0.0,0.0,0.0,0.0,0.0,0.0,0.0,0.0,0.0,0.0,0.0,0.0,0.0,0.0,0.0,0.0,0.0,0.0,0.0,0.0,0.0,0.0,0.0,0.0,0.0,0.0,0.0,0.0,0.0,0.0,0.0,0.0,0.0,0.0,0.0,0.0,0.0,0.0,0.0,0.0,0.0,0.0,0.0,0.0,0.0,0.0,0.0,0.0,0.0,0.0,0.0,0.0,0.0,0.0,0.0,0.0,0.0,0.0,0.0,0.0,0.0,0.0,0.0,0.0,0.0,0.0,0.0,0.0,0.0,0.0,0.0,0.0,0.0,0.0,0.0,0.0,0.0,0.0
B02010,99000000117,Synthetic Census Tract 99000000117,1.0,Total:,5.274321416141844,11.603507115512057,+/-11,7.384049982598581,9.49377854905532,4.219457132913475,1.0548642832283688,2.1097285664567376,5.274321416141844,5.274321416141844,3.164592849685106,6.329185699370212,7.384049982598581,10.548642832283688,3.164592849685106,2.1097285664567376,12.658371398740424,11.603507115512057,8.43891426582695,4.219457132913475,2.1097285664567376,7.384049982598581,2.1097285664567376,1.0548642832283688,2.1097285664567376,6.329185699370212,11.603507115512057,11.603507115512057,5.274321416141844,4.219457132913475,8.43891426582695,9.49377854905532,7.384049982598581,4.219457132913475,7.384049982598581,8.43891426582695,2.1097285664567376,6.329185699370212,1.0548642832283688,5.274321416141844,11.603507115512057,8.43891426582695,8.43891426582695,2.1097285664567376,2.1097285664567376,5.274321416141844,9.49377854905532,5.274321416141844,4.219457132913475,3.164592849685106,5.274321416141844,9.49377854905532,5.274321416141844,2.1097285664567376,4.219457132913475,11.603507115512057,3.164592849685106,14.768099965197163,2.1097285664567376,7.384049982598581,14.768099965197163,4.219457132913475,12.658371398740424,10.548642832283688,6.329185699370212,8.43891426582695,3.164592849685106,2.1097285664567376,4.219457132913475,4.219457132913475,6.329185699370212,5.274321416141844,4.219457132913475,12.658371398740424,8.43891426582695,2.1097285664567376,11.603507115512057,7.384049982598581,9.49377854905532,6.329185699370212,2.1097285664567376,6.329185699370212,1.0548642832283688,6.329185699370212
B02010,99000000118,Synthetic Census Tract 99000000118,1.0,Total:,73.43148606898201,84.80819517826092,+/-82,51.712314133085926,43.43834387179218,87.91093402624607,41.36985130646874,65.15751580768827,112.73284481012732,75.49997863430545,62.054776959703105,47.57532900243905,57.917791829056235,72.3972397863203,82.73970261293748,53.780806698409364,70.32874722099686,65.15751580768827,58.952038111717954,54.81505298107108,43.43834387179218,50.678067850424206,73.43148606898201,68.26025465567342,75.49997863430545,93.08216543955466,88.9451803089078,81.70545633027577,105.49312083149529,84.80819517826092,130.31503161537654,98.25339685286326,95.1506580048781,79.63696376495233,52.746560415747645,79.63696376495233,84.80819517826092,82.73970261293748,29.993142197189837,98.25339685286326,80.67121004761404,66.19176209034998,106.527367114157,125.14380020206794,109.63010596214215,130.31503161537654,102.39038198351012,48.60957528510077,116.86982994077418,58.952038111717954,59.98628439437967,108.59585967948044,124.10955391940621,68.26025465567342,73.43148606898201,149.9657109859492,79.63696376495233,51.712314133085926,119.97256878875935,121.00681507142106,101.35613570084841,72.3972397863203,56.883545546394515,77.56847119962889,70.32874722099686,38.26711245848358,66.19176209034998,45.50683643711561,55.849299263732796,41.36985130646874,59.98628439437967,81.70545633027577,57.917791829056235,56.883545546394515,44.4725901544539,97.21915057020153,38.26711245848358,52.746560415747645,61.02053067704139,49.64382156776249,83.77394889559919,65.15751580768827,69.29450093833513,63.089023242364824
B02010,99000000119,Synthetic Census Tract 99000000119,1.0,Total:,2.900182654996943,4.833637758328239,+/-5,2.900182654996943,0.9667275516656477,2.900182654996943,6.767092861659534,3.866910206662591,2.900182654996943,4.833637758328239,1.9334551033312954,4.833637758328239,0.0,2.900182654996943,0.9667275516656477,2.900182654996943,0.9667275516656477,0.9667275516656477,2.900182654996943,1.9334551033312954,1.9334551033312954,1.9334551033312954,1.9334551033312954,2.900182654996943,3.866910206662591,4.833637758328239,1.9334551033312954,1.9334551033312954,2.900182654996943,1.9334551033312954,3.866910206662591,3.866910206662591,2.900182654996943,2.900182654996943,1.9334551033312954,3.866910206662591,1.9334551033312954,1.9334551033312954,0.9667275516656477,0.9667275516656477,5.800365309993886,2.900182654996943,0.0,2.900182654996943,0.9667275516656477,2.900182654996943,4.833637758328239,3.866910206662591,3.866910206662591,3.866910206662591,1.9334551033312954,5.800365309993886,1.9334551033312954,3.866910206662591,0.9667275516656477,2.900182654996943,0.9667275516656477,0.9667275516656477,1.9334551033312954,2.900182654996943,2.900182654996943,2.900182654996943,2.900182654996943,1.9334551033312954,2.900182654996943,3.866910206662591,0.9667275516656477,0.9667275516656477,1.9334551033312954,1.9334551033312954,3.866910206662591,2.900182654996943,2.900182654996943,1.9334551033312954,1.9334551033312954,4.833637758328239,2.900182654996943,1.9334551033312954,0.9667275516656477,0.9667275516656477,5.800365309993886,3.866910206662591,0.9667275516656477,2.900182654996943
B02010,99000000120,Synthetic Census Tract 99000000120,1.0,Total:,38.86823914100306,49.66497223572613,+/-46,30.230852665224603,46.42595230730921,46.42595230730921,32.39019928416921,18.354446261029224,52.903992164143055,32.39019928416921,37.788565831530754,39.947912450475364,41.02758575994768,56.14301209255998,36.70889252205845,24.832486117863066,53.98366547361536,34.54954590311383,69.09909180622766,39.947912450475364,18.354446261029224,29.151179355752294,23.752812808390757,49.66497223572613,50.74464554519844,34.54954590311383,15.115426332612302,20.51379287997384,33.469872593641526,46.42595230730921,43.18693237889229,41.02758575994768,49.66497223572613,73.4177850441169,35.629219212586136,17.274772951556916,50.74464554519844,57.22268540203228,60.461705330449206,39.947912450475364,22.673139498918452,41.02758575994768,15.115426332612302,20.51379287997384,17.274772951556916,60.461705330449206,80.97549821042304,44.2666056883646,48.58529892625383,32.39019928416921,45.346278997836905,43.18693237889229,35.629219212586136,14.035753023139995,39.947912450475364,52.903992164143055,21.593466189446143,55.063338783087666,14.035753023139995,41.02758575994768,48.58529892625383,41.02758575994768,84.21451813883996,21.593466189446143,20.51379287997384,30.230852665224603,42.10725906941998,38.86823914100306,31.31052597469691,41.02758575994768,42.10725906941998,42.10725906941998,36.70889252205845,32.39019928416921,34.54954590311383,42.10725906941998,21.593466189446143,50.74464554519844,28.07150604627999,31.31052597469691,49.66497223572613,51.82431885467075,56.14301209255998,63.70072525886613
B02010,99000000121,Synthetic Census Tract 99000000121,1.0,Total:,18.94511572945435,31.57519288242392,+/-30,18.94511572945435,13.682583582383698,22.102635017696745,6.315038576484784,19.99762215886848,21.05012858828261,14.73509001179783,31.57519288242392,25.260154305939135,21.05012858828261,19.99762215886848,23.155141447110875,36.83772502949457,23.155141447110875,9.472557864727175,31.57519288242392,39.99524431773696,7.367545005898915,10.525064294141306,23.155141447110875,12.630077152969568,8.420051435313045,16.84010287062609,4.210025717656523,22.102635017696745,26.312660735353266,15.78759644121196,25.260154305939135,14.73509001179783,29.47018002359566,17.89260930004022,19.99762215886848,33.68020574125218,11.577570723555437,5.262532147070653,36.83772502949457,35.78521860008044,5.262532147070653,19.99762215886848,13.682583582383698,17.89260930004022,27.365167164767396,22.102635017696745,28.417673594181526,17.89260930004022,15.78759644121196,18.94511572945435,9.472557864727175,23.155141447110875,6.315038576484784,23.155141447110875,24.207647876525005,8.420051435313045,32.62769931183805,31.57519288242392,5.262532147070653,6.315038576484784,39.99524431773696,23.155141447110875,12.630077152969568,14.73509001179783,28.417673594181526,17.89260930004022,28.417673594181526,25.260154305939135,26.312660735353266,14.73509001179783,9.472557864727175,14.73509001179783,9.472557864727175,31.57519288242392,15.78759644121196,4.210025717656523,24.207647876525005,35.78521860008044,8.420051435313045,7.367545005898915,38.94273788832283,21.05012858828261,21.05012858828261,8.420051435313045
B02010,99000000122,Synthetic Census Tract 99000000122,1.0,Total:,350.15726466280694,255.70067283278544,+/-268,155.51943907367175,383.55100924917815,402.6331490128189,245.20549596278306,308.17655718279735,270.01227765551596,208.9494304118657,353.019585627353,199.40836053004537,403.58725600100087,328.2128039346201,368.2852974382656,327.2586969464381,420.76118178827755,329.1669109228022,257.6088868091495,343.47851574553266,420.76118178827755,466.5583172210152,448.43028444555654,351.111371650989,373.05583237917574,216.582286317322,466.5583172210152,330.12101791098416,434.118679622826,410.26600491827514,322.4881620055279,446.5220704691925,230.89389114005252,351.111371650989,354.9277996037171,288.14031043097464,284.3238824782465,415.0365398591853,428.3940376937338,337.7538738164405,250.93013789187526,241.3890680100549,328.2128039346201,283.36977549006446,389.2756511782704,414.0824328710033,193.68371860095314,396.90850708372665,216.582286317322,228.0315701755064,358.74422755644525,243.29728198641897,514.263666630117,346.3408367100788,339.6620877928045,357.7901205682632,439.8433215519182,349.2031576746249,232.80210511641658,372.10172539099375,401.67904202463683,371.1476184028117,331.0751248991662,387.3674372019063,343.47851574553266,212.76585836459384,415.9906468473674,346.3408367100788,426.4858237173697,439.8433215519182,374.96404635553984,424.5776097410057,286.23209645461054,343.47851574553266,375.9181533437219,391.1838651546344,236.61853306914475,340.6161947809866,363.51476249735543,418.85296781191346,170.7851508845843,189.867290648225,374.96404635553984,374.0099393673578
B02010,99000000123,Synthetic Census Tract 99000000123,1.0,Total:,54.47895059904701,73.93571867013523,+/-76,44.7505665635029,73.93571867013523,64.20733463459112,54.47895059904701,23.348121685305863,27.239475299523505,103.12087077676755,102.14803237321314,27.239475299523505,71.9900418630264,70.04436505591758,19.456768071088216,19.456768071088216,46.696243370611725,56.42462740615583,69.07152665236318,46.696243370611725,76.85423388079846,62.261657827482296,67.12584984525435,68.09868824880876,24.32096008886027,53.5061121954926,58.37030421326465,97.28384035544109,78.79991068790729,25.293798492414684,28.212313703077914,88.5282947234514,53.5061121954926,26.266636895969093,82.69126430212492,74.90855707368964,53.5061121954926,37.94069773862202,20.42960647464263,49.614758581274955,56.42462740615583,50.58759698482937,47.66908177416613,81.71842589857052,93.39248674122345,62.261657827482296,57.39746580971024,23.348121685305863,26.266636895969093,95.33816354833226,66.15301144169995,26.266636895969093,78.79991068790729,70.04436505591758,19.456768071088216,29.185152106632327,50.58759698482937,48.64192017772054,76.85423388079846,65.18017303814553,71.017203459472,53.5061121954926,49.614758581274955,56.42462740615583,22.37528328175145,56.42462740615583,55.45178900260142,85.60977951278815,64.20733463459112,19.456768071088216,20.42960647464263,89.5011331270058,43.77772815994849,22.37528328175145,75.88139547724404,67.12584984525435,58.37030421326465,50.58759698482937,26.266636895969093,55.45178900260142,59.343142616819065,56.42462740615583,43.77772815994849,47.66908177416613
B02010,99000000124,Synthetic Census Tract 99000000124,1.0,Total:,8.665991964367674,14.44331994061279,+/-15,8.665991964367674,2.8886639881225578,9.628879960408526,14.44331994061279,3.8515519841634105,3.8515519841634105,14.44331994061279,6.740215972285968,7.703103968326821,23.109311904980462,6.740215972285968,9.628879960408526,8.665991964367674,8.665991964367674,11.554655952490231,3.8515519841634105,9.628879960408526,3.8515519841634105,11.554655952490231,10.59176795644938,16.369095932694496,1.9257759920817052,6.740215972285968,11.554655952490231,2.8886639881225578,3.8515519841634105,10.59176795644938,7.703103968326821,9.628879960408526,8.665991964367674,7.703103968326821,12.517543948531085,8.665991964367674,12.517543948531085,11.554655952490231,3.8515519841634105,11.554655952490231,3.8515519841634105,8.665991964367674,7.703103968326821,2.8886639881225578,11.554655952490231,8.665991964367674,1.9257759920817052,6.740215972285968,11.554655952490231,2.8886639881225578,11.554655952490231,11.554655952490231,4.814439980204263,7.703103968326821,2.8886639881225578,9.628879960408526,5.7773279762451155,9.628879960408526,15.406207936653642,9.628879960408526,15.406207936653642,11.554655952490231,14.44331994061279,5.7773279762451155,14.44331994061279,8.665991964367674,3.8515519841634105,22.14642390893961,10.59176795644938,2.8886639881225578,10.59176795644938,8.665991964367674,1.9257759920817052,7.703103968326821,3.8515519841634105,10.59176795644938,12.517543948531085,9.628879960408526,16.369095932694496,9.628879960408526,14.44331994061279,10.59176795644938,5.7773279762451155,15.406207936653642
B02010,99000000125,Synthetic Census Tract 99000000125,1.0,Total:,75.453308707725,62.411996091575,+/-67,38.192415518725,50.302205805149995,102.46745626974999,83.83700967524999,93.15223297249999,94.08375530222499,75.453308707725,103.39897859947499,64.27504075102499,90.35766598332499,40.986982507899995,43.781549497075,77.316353367175,88.494621323875,86.631576664425,82.90548734552499,63.3435184213,40.986982507899995,68.001130069925,62.411996091575,67.0696077402,50.302205805149995,102.46745626974999,73.59026404827499,95.01527763195,86.631576664425,66.138085410475,102.46745626974999,72.65874171854999,81.97396501579999,56.82286211322499,60.548951432124994,68.93265239965,93.15223297249999,78.2478756969,76.38483103745,77.316353367175,45.644594156524995,66.138085410475,57.75438444295,68.001130069925,61.48047376184999,115.5087688859,79.179398026625,95.01527763195,79.179398026625,84.768532004975,114.577246556175,59.617429102399996,91.28918831304999,52.16525046459999,44.7130718268,70.7956970591,74.521786378,75.453308707725,82.90548734552499,75.453308707725,30.740236880924996,62.411996091575,85.7000543347,95.946799961675,52.16525046459999,104.33050092919999,75.453308707725,76.38483103745,84.768532004975,72.65874171854999,114.577246556175,63.3435184213,66.138085410475,51.233728134874994,42.85002716735,81.97396501579999,86.631576664425,68.001130069925,94.08375530222499,89.4261436536,38.192415518725,57.75438444295,64.27504075102499,81.04244268607499
B02010,99000000126,Synthetic Census Tract 99000000126,1.0,Total:,188.700004925213,209.15025176439863,+/-225,127.34926440765605,177.54532483111174,137.57438782724887,175.68621148209485,138.50394450175733,154.30640796840078,68.78719391362444,224.02315855653364,150.58818127036702,164.5315313879936,188.700004925213,303.96503256425933,181.26355152914547,231.45961195260116,244.47340539571928,217.51626183497459,110.61724426650417,254.6985288153121,225.88227190555054,158.95419134094297,241.68473537219398,184.98177822717923,153.37685129389234,200.78424169382268,144.08128454880796,139.43350117626576,54.84384379599786,277.00788900351466,93.88522412535228,118.98325433708011,206.3615817408733,305.8241459132762,200.78424169382268,164.5315313879936,260.27586886236276,203.572911717348,136.64483115274044,310.4719292858184,208.2206950898902,196.1364583212805,254.6985288153121,189.62956159972143,156.16552131741764,168.24975808602736,133.85616112921514,145.94039789782482,58.562070494031616,243.54384872121085,116.1945843135548,109.68768759199573,196.1364583212805,370.8931131288669,224.02315855653364,162.6724180389767,199.85468501931425,203.572911717348,105.96946089396198,313.2605993093437,200.78424169382268,194.27734497226362,241.68473537219398,196.1364583212805,198.9251283448058,209.15025176439863,116.1945843135548,126.41970773314762,90.16699742731852,257.48719883883746,105.03990421945353,125.49015105863919,184.0522215526708,318.8379393563944,231.45961195260116,185.91133490168767,202.64335504283957,209.15025176439863,122.70148103511387,284.4443423995821,203.572911717348,237.0369519996518,270.5009922819556
B02010,99000000127,Synthetic Census Tract 99000000127,1.0,Total:,45.66347069235625,46.7506961850314,+/-43,28.26786280955387,71.75688251655981,45.66347069235625,55.44850012643259,47.83792167770655,46.7506961850314,44.5762451996811,38.05289224363021,57.62295111178288,38.05289224363021,77.19300997993557,55.44850012643259,83.71636293598645,61.97185308248348,16.308382390127232,46.7506961850314,30.442313794904166,41.314568721655654,52.18682364840714,27.18063731687872,36.96566675095506,50.012372663056844,18.48283337547753,59.79740209713319,58.710176604458034,35.878441258279906,57.62295111178288,36.96566675095506,27.18063731687872,55.44850012643259,48.92514717038169,46.7506961850314,72.84410800923497,69.58243153120952,39.140117736305356,52.18682364840714,42.401794214330806,56.53572561910774,39.140117736305356,43.48901970700595,42.401794214330806,40.2273432289805,28.26786280955387,52.18682364840714,40.2273432289805,44.5762451996811,63.05907857515863,43.48901970700595,38.05289224363021,36.96566675095506,55.44850012643259,39.140117736305356,79.36746096528586,77.19300997993557,38.05289224363021,34.79121576560476,36.96566675095506,65.23352956050893,61.97185308248348,47.83792167770655,40.2273432289805,67.40798054585923,27.18063731687872,57.62295111178288,47.83792167770655,36.96566675095506,34.79121576560476,43.48901970700595,52.18682364840714,52.18682364840714,79.36746096528586,59.79740209713319,46.7506961850314,61.97185308248348,33.703990272929616,53.27404914108229,46.7506961850314,43.48901970700595,36.96566675095506,36.96566675095506,40.2273432289805
B02010,99000000128,Synthetic Census Tract 99000000128,1.0,Total:,15.801292919036012,26.66468180087327,+/-27,16.788873726475764,21.726777763674516,11.850969689277008,20.739196956234764,25.67710099343352,5.925484844638504,19.751616148795016,14.813712111596262,31.602585838072024,13.82613130415651,12.83855049671676,4.937904037198754,15.801292919036012,14.813712111596262,27.65226260831302,6.913065652078255,5.925484844638504,15.801292919036012,5.925484844638504,12.83855049671676,13.82613130415651,14.813712111596262,30.615005030632272,24.689520185993768,16.788873726475764,12.83855049671676,29.627424223192524,5.925484844638504,14.813712111596262,4.937904037198754,4.937904037198754,17.776454533915512,4.937904037198754,29.627424223192524,19.751616148795016,12.83855049671676,13.82613130415651,25.67710099343352,18.764035341355264,4.937904037198754,30.615005030632272,31.602585838072024,14.813712111596262,14.813712111596262,21.726777763674516,5.925484844638504,13.82613130415651,13.82613130415651,26.66468180087327,18.764035341355264,17.776454533915512,4.937904037198754,13.82613130415651,14.813712111596262,22.714358571114268,6.913065652078255,5.925484844638504,13.82613130415651,4.937904037198754,13.82613130415651,12.83855049671676,16.788873726475764,35.552909067831024,24.689520185993768,15.801292919036012,15.801292919036012,21.726777763674516,6.913065652078255,11.850969689277008,5.925484844638504,5.925484844638504,15.801292919036012,4.937904037198754,25.67710099343352,22.714358571114268,15.801292919036012,11.850969689277008,26.66468180087327,18.764035341355264,6.913065652078255,36.54048987527078
B02010,99000000129,Synthetic Census Tract 99000000129,1.0,Total:,435.59212819174496,523.4918850017383,+/-536,318.39245244508714,197.28612084020736,156.26623432887712,465.86871109296493,652.4115283230619,364.2956587791948,162.12621811621,494.19196606507387,524.4685489662938,174.82284965543127,410.1988651133024,617.2516255990646,618.2282895636201,585.0217147687337,418.9888407943018,473.68202280940875,449.2654236955217,470.7520309157423,442.42877594363335,170.91619379720936,184.5894893009861,665.1081598622833,620.1816174927311,422.8954966525237,172.8695217263203,419.96550475885726,607.4849859535097,393.59557771585924,533.2585246472931,656.3181841812839,418.0121768297463,149.42958657698875,188.49614515920803,226.58603977687181,441.45211197907787,461.962055234743,444.3821038727443,410.1988651133024,455.1254074828546,648.50487246484,632.8782490319524,183.6128253364306,197.28612084020736,394.5722416804147,539.118508434626,559.6284516902912,188.49614515920803,390.6655858221928,451.21875162463266,204.12276859209572,468.7987029866314,654.3648562521729,616.2749616345092,583.0683868396228,434.6154642271895,379.9222822120825,435.59212819174496,421.91883268796823,343.7857155235297,200.2161127338738,181.65949740731966,632.8782490319524,641.6682247129517,501.02861381696226,209.00608841487315,440.4754480145224,621.1582814572865,467.8220390220759,467.8220390220759,554.7451318675138,449.2654236955217,203.14610462754024,218.77272806042797,211.9360803085396,447.3120957664108,435.59212819174496,447.3120957664108,430.70880836896754,399.45556150319214,611.3916418117317,689.5247589761702
B02010,99000000130,Synthetic Census Tract 99000000130,1.0,Total:,34.5159256772707,38.6996742442126,+/-37,24.05655425991594,41.837485669419024,48.11310851983188,44.975297094625454,33.46998853553522,29.28623996859332,18.82686855123856,23.010617118180466,29.28623996859332,23.010617118180466,47.067171378096404,10.459371417354756,57.526542795451164,31.37811425206427,41.837485669419024,58.57247993718664,35.56186281900617,29.28623996859332,31.37811425206427,30.332177110328796,28.240302826857842,13.597182842561184,33.46998853553522,37.65373710247712,29.28623996859332,23.010617118180466,26.148428543386892,29.28623996859332,39.745611385948074,37.65373710247712,33.46998853553522,46.02123423636093,30.332177110328796,50.20498280330283,26.148428543386892,26.148428543386892,14.64311998429666,21.96467997644499,42.8834228111545,35.56186281900617,55.43466851198021,27.194365685122367,17.780931409503086,29.28623996859332,38.6996742442126,43.92935995288998,43.92935995288998,33.46998853553522,51.25091994503831,44.975297094625454,14.64311998429666,48.11310851983188,16.73499426776761,26.148428543386892,14.64311998429666,16.73499426776761,38.6996742442126,27.194365685122367,32.42405139379974,29.28623996859332,30.332177110328796,57.526542795451164,56.480605653715685,19.872805692974037,34.5159256772707,39.745611385948074,34.5159256772707,37.65373710247712,11.505308559090233,38.6996742442126,41.837485669419024,26.148428543386892,27.194365685122367,17.780931409503086,37.65373710247712,32.42405139379974,37.65373710247712,52.296857086773784,19.872805692974037,20.918742834709512,20.918742834709512
B02010,99000000131,Synthetic Census Tract 99000000131,1.0,Total:,205.15151844926774,227.3846879363805,+/-225,138.45200998792944,193.02433509266078,149.56859473148583,191.00313786655963,150.5791933445364,167.75936976639628,74.78429736574292,243.55426574518978,163.71697531419395,178.87595450995266,205.15151844926774,330.46574646753965,197.06672954486308,251.6390546495944,265.7874352323025,236.48007545383572,120.26123495301901,276.9040199758589,245.57546297129093,172.81236283164918,262.7556393931508,201.1091239970654,166.7487711533457,218.28930041892528,156.6427850228399,151.58979195758698,59.62531816998422,301.1583866890728,102.07045991810858,129.35662247047424,224.35289209722876,332.4869436936408,218.28930041892528,178.87595450995266,282.9676116541624,221.321096258077,148.55799611843526,337.5399367588937,226.3740893233299,213.23630735367237,276.9040199758589,206.16211706231832,169.78056699249743,182.91834896215497,145.5262002792835,158.66398224894107,63.667712622186535,264.7768366192519,126.3248266313225,119.25063633996844,213.23630735367237,403.2288466071814,243.55426574518978,176.85475728385148,217.2787018058747,221.321096258077,115.20824188776612,340.57173259804546,218.28930041892528,211.21511012757122,262.7556393931508,213.23630735367237,216.2681031928241,227.3846879363805,126.3248266313225,137.44141137487887,98.02806546590625,279.93581581501064,114.19764327471553,136.4308127618283,200.09852538401483,346.6353242763489,251.6390546495944,202.11972261011599,220.31049764502643,227.3846879363805,133.39901692267657,309.2431755934775,221.321096258077,257.70264632789787,294.08419639771876
B02010,99000000132,Synthetic Census Tract 99000000132,1.0,Total:,0.0,21.744559947353853,+/-20,13.04673596841231,0.0,0.0,0.0,0.0,0.0,0.0,0.0,0.0,0.0,0.0,0.0,0.0,0.0,0.0,0.0,0.0,0.0,0.0,0.0,0.0,0.0,0.0,0.0,0.0,0.0,0.0,0.0,0.0,0.0,0.0,0.0,0.0,0.0,0.0,0.0,0.0,0.0,0.0,0.0,0.0,0.0,0.0,0.0,0.0,0.0,0.0,0.0,0.0,0.0,0.0,0.0,0.0,0.0,0.0,0.0,0.0,0.0,0.0,0.0,0.0,0.0,0.0,0.0,0.0,0.0,0.0,0.0,0.0,0.0,0.0,0.0,0.0,0.0,0.0,0.0,0.0,0.0,0.0,0.0,0.0
B02010,99000000133,Synthetic Census Tract 99000000133,1.0,Total:,43.298472250057024,52.80301493909393,+/-50,31.68180896345636,54.91513553665769,16.896964780510057,36.96211045736575,60.19543703056708,63.36361792691272,53.85907523787581,41.186351652493265,34.849989859801994,44.3545325488389,60.19543703056708,39.074231054929506,35.906050158583874,25.345447170765084,24.289386871983208,60.19543703056708,45.41059284762078,47.522713445184536,17.953025079291937,42.242411951275145,26.401507469546964,45.41059284762078,49.634834042748295,36.96211045736575,17.953025079291937,28.513628067110723,24.289386871983208,30.62574866467448,35.906050158583874,47.522713445184536,50.69089434153017,42.242411951275145,55.971195835439566,73.9242209147315,81.31664300620464,39.074231054929506,15.84090448172818,49.634834042748295,64.4196782256946,51.74695464031205,53.85907523787581,44.3545325488389,25.345447170765084,51.74695464031205,92.93330629280531,81.31664300620464,68.6439194208221,38.018170756147626,32.737869262238235,53.85907523787581,50.69089434153017,33.793929561020114,24.289386871983208,26.401507469546964,27.457567768328843,54.91513553665769,44.3545325488389,40.130291353711385,19.009085378073813,40.130291353711385,26.401507469546964,40.130291353711385,58.08331643300332,38.018170756147626,29.5696883658926,27.457567768328843,28.513628067110723,40.130291353711385,42.242411951275145,50.69089434153017,39.074231054929506,36.96211045736575,61.25149732934896,66.53179882325836,60.19543703056708,39.074231054929506,17.953025079291937,29.5696883658926,53.85907523787581,41.186351652493265,57.027256134221446
B02010,99000000134,Synthetic Census Tract 99000000134,1.0,Total:,0.0,13.942234779548713,+/-14,8.962865215424173,0.0,0.0,0.0,0.0,0.0,0.0,0.0,0.0,0.0,0.0,0.0,0.0,0.0,0.0,0.0,0.0,0.0,0.0,0.0,0.0,0.0,0.0,0.0,0.0,0.0,0.0,0.0,0.0,0.0,0.0,0.0,0.0,0.0,0.0,0.0,0.0,0.0,0.0,0.0,0.0,0.0,0.0,0.0,0.0,0.0,0.0,0.0,0.0,0.0,0.0,0.0,0.0,0.0,0.0,0.0,0.0,0.0,0.0,0.0,0.0,0.0,0.0,0.0,0.0,0.0,0.0,0.0,0.0,0.0,0.0,0.0,0.0,0.0,0.0,0.0,0.0,0.0,0.0,0.0,0.0
B02010,99000000135,Synthetic Census Tract 99000000135,1.0,Total:,74.12066399690856,61.44212936585841,+/-63,37.06033199845428,83.87338294387021,86.7991986279587,57.54104178707375,85.82392673326254,58.516313681769915,57.54104178707375,81.92283915447788,69.24430452342773,70.21957641812389,61.44212936585841,57.54104178707375,94.60137378552803,79.97229536508556,105.32936462718585,74.12066399690856,63.39267315525074,96.55191757492037,52.66468231359293,46.81305094541593,83.87338294387021,66.31848883933924,40.96141957723894,76.07120778630089,64.36794504994691,94.60137378552803,65.34321694464307,74.12066399690856,50.71413852420059,46.81305094541593,106.30463652188202,60.46685747116225,100.45300515370502,36.08506010375812,78.02175157569322,113.13153978475518,92.6508299961357,71.19484831282007,51.689410418896756,76.07120778630089,81.92283915447788,97.52718946961653,72.17012020751623,54.615226102985254,81.92283915447788,52.66468231359293,77.04647968099705,54.615226102985254,66.31848883933924,64.36794504994691,63.39267315525074,65.34321694464307,85.82392673326254,112.156267890059,81.92283915447788,70.21957641812389,54.615226102985254,90.70028620674337,81.92283915447788,43.88723526132744,62.41740126055458,91.67555810143953,33.15924441966962,64.36794504994691,78.99702347038938,103.37882083779351,80.94756725978172,77.04647968099705,76.07120778630089,58.516313681769915,63.39267315525074,116.05735546884367,77.04647968099705,31.20870063027729,77.04647968099705,96.55191757492037,90.70028620674337,73.1453921022124,53.63995420828909,69.24430452342773,67.2937607340354
B02010,99000000136,Synthetic Census Tract 99000000136,1.0,Total:,41.69839974142486,60.35294699416755,+/-55,36.21176819650053,19.751873561727564,52.6716628312735,40.60107343243999,40.60107343243999,74.6181890109708,43.89305235939459,82.29947317386484,53.76898914025836,51.57433652228864,39.50374712345513,37.3090945054854,23.043852488682155,40.60107343243999,54.86631544924323,17.557220943757834,41.69839974142486,50.47701021330377,14.26524201680324,62.54759961213728,15.362568325788104,16.45989463477297,46.08770497736431,44.99037866837945,54.86631544924323,81.20214686487998,36.21176819650053,66.93690484807674,66.93690484807674,43.89305235939459,50.47701021330377,38.40642081447026,15.362568325788104,61.450273303152414,64.74225223010701,15.362568325788104,37.3090945054854,49.37968390431891,16.45989463477297,35.11444188751567,53.76898914025836,75.71551531995566,38.40642081447026,39.50374712345513,49.37968390431891,19.751873561727564,35.11444188751567,19.751873561727564,35.11444188751567,41.69839974142486,18.6545472527427,42.79572605040972,60.35294699416755,20.84919987071243,25.238505106651886,61.450273303152414,31.822462960561072,57.06096806721296,41.69839974142486,41.69839974142486,53.76898914025836,83.39679948284972,49.37968390431891,40.60107343243999,50.47701021330377,24.14117879766702,46.08770497736431,16.45989463477297,32.91978926954594,38.40642081447026,26.33583141563675,38.40642081447026,73.52086270198593,13.167915707818375,15.362568325788104,79.00749424691026,37.3090945054854,50.47701021330377,64.74225223010701,43.89305235939459,14.26524201680324
B02010,99000000137,Synthetic Census Tract 99000000137,1.0,Total:,56.35181054883935,97.05034038966777,+/-93,58.43891464324081,74.09219535125173,17.740384802412386,57.39536259604008,37.56787369922623,17.740384802412386,45.91629007683206,96.00678834246705,74.09219535125173,79.30995558725539,72.00509125685028,79.30995558725539,73.04864330405101,60.52601873764226,32.35011346322259,15.65328070801093,21.9145929912153,20.871040944014574,60.52601873764226,124.18269361688671,72.00509125685028,61.569570784842995,13.566176613609473,56.35181054883935,66.78733102084664,18.783936849613116,70.96153920964954,89.74547605926267,84.52771582325903,97.05034038966777,68.87443511524809,70.96153920964954,44.872738029631336,38.61142574642696,48.00339417123352,14.609728660810202,19.827488896813847,19.827488896813847,57.39536259604008,112.7036210976787,20.871040944014574,54.26470645443789,105.3987567672736,63.65667487924445,45.91629007683206,100.18099653126995,45.91629007683206,17.740384802412386,15.65328070801093,24.00169708561676,44.872738029631336,51.134050312835704,84.52771582325903,66.78733102084664,59.482466690441534,91.83258015366413,68.87443511524809,97.05034038966777,64.70022692644518,22.95814503841603,18.783936849613116,52.17760236003643,87.6583719648612,60.52601873764226,58.43891464324081,106.44230881447433,64.70022692644518,13.566176613609473,20.871040944014574,26.088801180018216,50.09049826563498,45.91629007683206,42.785633935229875,48.00339417123352,70.96153920964954,117.92138133368235,100.18099653126995,97.05034038966777,54.26470645443789,17.740384802412386,107.48586086167505
B02010,99000000138,Synthetic Census Tract 99000000138,1.0,Total:,106.8434153360753,123.19699931608683,+/-113,75.22648630805301,100.30198174407069,119.92628252008453,142.82130009210067,174.43822912012294,55.60218553203919,55.60218553203919,140.64082222809913,90.48983135606377,53.42170766803765,130.8286718400922,170.07727339211988,119.92628252008453,92.6703092200653,49.06075194003458,99.21174281206993,105.75317640407454,107.93365426807607,103.57269854007299,62.143619124043795,125.37747718008836,119.92628252008453,116.65556572408222,31.616929028022284,47.970513008033805,139.55058329609835,129.73843290809143,50.150990872035344,126.46771611208914,147.18225582010373,55.60218553203919,56.69242446403996,94.85078708406685,114.47508786008068,151.5432115481068,106.8434153360753,111.20437106407837,97.03126494806838,109.02389320007684,150.45297261610602,109.02389320007684,100.30198174407069,129.73843290809143,151.5432115481068,145.0017779561022,49.06075194003458,58.87290232804149,151.5432115481068,93.76054815206608,41.4290794160292,173.34799018812217,176.6187069841245,110.1141321320776,94.85078708406685,45.790035144032274,111.20437106407837,107.93365426807607,114.47508786008068,112.29460999607915,49.06075194003458,97.03126494806838,104.66293747207376,115.56532679208145,40.33884048402843,58.87290232804149,136.27986650009603,156.99440620811066,56.69242446403996,104.66293747207376,145.0017779561022,57.782663396040725,58.87290232804149,134.09938863609452,100.30198174407069,146.09201688810296,88.30935349206224,100.30198174407069,93.76054815206608,100.30198174407069,179.88942378012678,116.65556572408222
B02010,99000000139,Synthetic Census Tract 99000000139,1.0,Total:,105.30131156054856,92.36957154434083,+/-100,56.34543864204791,102.53022441421832,90.52218011345401,60.04022150382154,97.91174583700128,128.39370444663376,138.55435731651124,68.35348294281222,118.23305157675627,124.69892158486013,111.7671815686524,96.98805012155788,101.60652869877492,62.811308650151766,97.91174583700128,124.69892158486013,83.13261438990675,113.61457299953922,135.78327017018103,139.47805303195466,78.5141358126897,172.73109878791735,149.63870590183214,87.7510929671238,113.61457299953922,103.45392012966174,99.75913726788811,89.59848439801061,114.53826871498264,96.98805012155788,65.58239579648199,85.90370153623698,72.97196152002925,110.843485853209,90.52218011345401,74.81935295091607,91.44587582889743,68.35348294281222,120.08044300764308,125.62261730030353,145.9439230400585,102.53022441421832,76.66674438180289,146.86761875550192,93.29326725978424,109.91979013776559,41.566307194953374,118.23305157675627,53.574351495717686,88.6747886825672,99.75913726788811,99.75913726788811,140.40174874739807,150.56240161727555,76.66674438180289,142.24914017828488,127.47000873119035,86.82739725168038,39.71891576406656,115.46196443042604,91.44587582889743,67.4297872273688,84.05631010535016,108.99609442232219,126.54631301574695,59.116525788378134,100.68283298333151,119.15674729219968,115.46196443042604,121.0041387230865,150.56240161727555,140.40174874739807,99.75913726788811,88.6747886825672,104.37761584510514,102.53022441421832,66.5060915119254,137.63066160106783,121.0041387230865,47.10848148761382,92.36957154434083
B02010,99000000140,Synthetic Census Tract 99000000140,1.0,Total:,19.261921245086818,32.1032020751447,+/-30,19.261921245086818,13.911387565896035,22.47224145260129,6.42064041502894,20.332027980924977,21.402134716763133,14.981494301734193,32.1032020751447,25.68256166011576,21.402134716763133,20.332027980924977,23.542348188439448,37.45373575433548,23.542348188439448,9.630960622543409,32.1032020751447,40.664055961849954,7.490747150867096,10.701067358381566,23.542348188439448,12.84128083005788,8.560853886705253,17.121707773410506,4.2804269433526265,22.47224145260129,26.752668395953915,16.05160103757235,25.68256166011576,14.981494301734193,29.962988603468386,18.191814509248662,20.332027980924977,34.24341554682101,11.771174094219724,5.350533679190783,37.45373575433548,36.383629018497324,5.350533679190783,20.332027980924977,13.911387565896035,18.191814509248662,27.82277513179207,22.47224145260129,28.89288186763023,18.191814509248662,16.05160103757235,19.261921245086818,9.630960622543409,23.542348188439448,6.42064041502894,23.542348188439448,24.612454924277603,8.560853886705253,33.17330881098285,32.1032020751447,5.350533679190783,6.42064041502894,40.664055961849954,23.542348188439448,12.84128083005788,14.981494301734193,28.89288186763023,18.191814509248662,28.89288186763023,25.68256166011576,26.752668395953915,14.981494301734193,9.630960622543409,14.981494301734193,9.630960622543409,32.1032020751447,16.05160103757235,4.2804269433526265,24.612454924277603,36.383629018497324,8.560853886705253,7.490747150867096,39.593949226011794,21.402134716763133,21.402134716763133,8.560853886705253
B02010,99000000141,Synthetic Census Tract 99000000141,1.0,Total:,0.0,20.548295535964833,+/-20,12.328977321578899,0.0,0.0,0.0,0.0,0.0,0.0,0.0,0.0,0.0,0.0,0.0,0.0,0.0,0.0,0.0,0.0,0.0,0.0,0.0,0.0,0.0,0.0,0.0,0.0,0.0,0.0,0.0,0.0,0.0,0.0,0.0,0.0,0.0,0.0,0.0,0.0,0.0,0.0,0.0,0.0,0.0,0.0,0.0,0.0,0.0,0.0,0.0,0.0,0.0,0.0,0.0,0.0,0.0,0.0,0.0,0.0,0.0,0.0,0.0,0.0,0.0,0.0,0.0,0.0,0.0,0.0,0.0,0.0,0.0,0.0,0.0,0.0,0.0,0.0,0.0,0.0,0.0,0.0,0.0,0.0
B02010,99000000142,Synthetic Census Tract 99000000142,1.0,Total:,0.0,12.941380699338314,+/-14,8.319459021003203,0.0,0.0,0.0,0.0,0.0,0.0,0.0,0.0,0.0,0.0,0.0,0.0,0.0,0.0,0.0,0.0,0.0,0.0,0.0,0.0,0.0,0.0,0.0,0.0,0.0,0.0,0.0,0.0,0.0,0.0,0.0,0.0,0.0,0.0,0.0,0.0,0.0,0.0,0.0,0.0,0.0,0.0,0.0,0.0,0.0,0.0,0.0,0.0,0.0,0.0,0.0,0.0,0.0,0.0,0.0,0.0,0.0,0.0,0.0,0.0,0.0,0.0,0.0,0.0,0.0,0.0,0.0,0.0,0.0,0.0,0.0,0.0,0.0,0.0,0.0,0.0,0.0,0.0,0.0,0.0
B02010,99000000143,Synthetic Census Tract 99000000143,1.0,Total:,0.0,14.24712239991382,+/-14,9.158864399944598,0.0,0.0,0.0,0.0,0.0,0.0,0.0,0.0,0.0,0.0,0.0,0.0,0.0,0.0,0.0,0.0,0.0,0.0,0.0,0.0,0.0,0.0,0.0,0.0,0.0,0.0,0.0,0.0,0.0,0.0,0.0,0.0,0.0,0.0,0.0,0.0,0.0,0.0,0.0,0.0,0.0,0.0,0.0,0.0,0.0,0.0,0.0,0.0,0.0,0.0,0.0,0.0,0.0,0.0,0.0,0.0,0.0,0.0,0.0,0.0,0.0,0.0,0.0,0.0,0.0,0.0,0.0,0.0,0.0,0.0,0.0,0.0,0.0,0.0,0.0,0.0,0.0,0.0,0.0,0.0
B02010,99000000144,Synthetic Census Tract 99000000144,1.0,Total:,28.004920371569426,24.893262552506158,+/-24,15.558289095316347,35.265455282717056,42.525990193864686,26.967701098548336,31.116578190632694,23.856043279485068,33.191016736674875,36.30267455573814,30.079358917611607,23.856043279485068,33.191016736674875,42.525990193864686,20.744385460421796,32.15379746365379,25.930481825527245,13.483850549274168,35.265455282717056,30.079358917611607,39.41433237480141,28.004920371569426,22.818824006463977,28.004920371569426,42.525990193864686,32.15379746365379,33.191016736674875,29.042139644590517,16.595508368337438,49.786525105012316,25.930481825527245,22.818824006463977,35.265455282717056,42.525990193864686,23.856043279485068,29.042139644590517,30.079358917611607,23.856043279485068,22.818824006463977,23.856043279485068,33.191016736674875,20.744385460421796,16.595508368337438,41.48877092084359,33.191016736674875,24.893262552506158,26.967701098548336,23.856043279485068,30.079358917611607,34.22823600969596,23.856043279485068,23.856043279485068,35.265455282717056,39.41433237480141,21.781604733442887,32.15379746365379,28.004920371569426,15.558289095316347,30.079358917611607,34.22823600969596,28.004920371569426,31.116578190632694,18.66994691437962,32.15379746365379,43.56320946688577,34.22823600969596,37.33989382875924,32.15379746365379,22.818824006463977,41.48877092084359,24.893262552506158,24.893262552506158,28.004920371569426,43.56320946688577,24.893262552506158,23.856043279485068,29.042139644590517,26.967701098548336,35.265455282717056,23.856043279485068,35.265455282717056,21.781604733442887,18.66994691437962
B02010,99000000145,Synthetic Census Tract 99000000145,1.0,Total:,0.0,12.634447520488088,+/-14,8.122144834599485,0.0,0.0,0.0,0.0,0.0,0.0,0.0,0.0,0.0,0.0,0.0,0.0,0.0,0.0,0.0,0.0,0.0,0.0,0.0,0.0,0.0,0.0,0.0,0.0,0.0,0.0,0.0,0.0,0.0,0.0,0.0,0.0,0.0,0.0,0.0,0.0,0.0,0.0,0.0,0.0,0.0,0.0,0.0,0.0,0.0,0.0,0.0,0.0,0.0,0.0,0.0,0.0,0.0,0.0,0.0,0.0,0.0,0.0,0.0,0.0,0.0,0.0,0.0,0.0,0.0,0.0,0.0,0.0,0.0,0.0,0.0,0.0,0.0,0.0,0.0,0.0,0.0,0.0,0.0,0.0
B02010,99000000146,Synthetic Census Tract 99000000146,1.0,Total:,80.2599509818363,66.38786068867941,+/-67,40.62540728710232,53.506633987890865,108.99499516051843,89.17772331315143,99.08635923683494,100.07722282920328,80.2599509818363,109.98585875288677,68.36958787341611,96.11376845972988,43.59799806420737,46.570588841312414,82.241678166573,94.13204127499318,92.15031409025649,88.18685972078309,67.37872428104775,43.59799806420737,72.3330422428895,66.38786068867941,71.34217865052115,53.506633987890865,108.99499516051843,78.2782237970996,101.06808642157164,92.15031409025649,70.3513150581528,108.99499516051843,77.28736020473124,87.19599612841473,60.44267913446931,64.40613350394271,73.32390583525785,99.08635923683494,83.23254175894134,81.25081457420464,82.241678166573,48.55231602604912,70.3513150581528,61.43354272683766,72.3330422428895,65.39699709631105,122.86708545367532,84.2234053513097,101.06808642157164,84.2234053513097,90.16858690551979,121.87622186130696,63.415269911574356,97.10463205209824,55.48836117262756,47.56145243368077,75.30563301999454,79.26908738946794,80.2599509818363,88.18685972078309,80.2599509818363,32.69849854815553,66.38786068867941,91.15945049788813,102.05895001393998,55.48836117262756,110.97672234525513,80.2599509818363,81.25081457420464,90.16858690551979,77.28736020473124,121.87622186130696,67.37872428104775,70.3513150581528,54.497497580259214,45.579725248944065,87.19599612841473,92.15031409025649,72.3330422428895,100.07722282920328,95.12290486736154,40.62540728710232,61.43354272683766,68.36958787341611,86.20513253604639
B02010,99000000147,Synthetic Census Tract 99000000147,1.0,Total:,23.431757849263814,26.626997555981607,+/-25,15.976198533588965,40.47303628509204,28.757157360460138,12.78095882687117,31.95239706717793,30.887317164938665,27.692077458220872,27.692077458220872,24.49683775150308,27.692077458220872,40.47303628509204,25.56191765374234,24.49683775150308,26.626997555981607,43.668275991809836,21.301598044785287,22.36667794702455,18.106358338067494,9.585719120153378,28.757157360460138,10.650799022392643,22.36667794702455,21.301598044785287,28.757157360460138,19.171438240306756,20.23651814254602,11.715878924631907,15.976198533588965,18.106358338067494,10.650799022392643,12.78095882687117,18.106358338067494,23.431757849263814,15.976198533588965,13.846038729110436,26.626997555981607,29.8222372626994,36.21271667613499,24.49683775150308,11.715878924631907,25.56191765374234,30.887317164938665,35.14763677389572,13.846038729110436,29.8222372626994,39.40795638285278,22.36667794702455,20.23651814254602,27.692077458220872,29.8222372626994,34.08255687165646,21.301598044785287,29.8222372626994,19.171438240306756,38.34287648061351,20.23651814254602,23.431757849263814,21.301598044785287,10.650799022392643,35.14763677389572,11.715878924631907,23.431757849263814,17.04127843582823,24.49683775150308,20.23651814254602,19.171438240306756,13.846038729110436,12.78095882687117,14.9111186313497,12.78095882687117,17.04127843582823,12.78095882687117,23.431757849263814,19.171438240306756,20.23651814254602,28.757157360460138,28.757157360460138,29.8222372626994,26.626997555981607,11.715878924631907,30.887317164938665
B02010,99000000148,Synthetic Census Tract 99000000148,1.0,Total:,17.263292491238726,30.690297762202178,+/-32,19.181436101376363,25.894938736858087,5.754430830412908,17.263292491238726,13.427005270963452,14.38607707603227,45.07637483823445,19.181436101376363,14.38607707603227,3.8362872202752722,16.304220686169906,9.590718050688182,12.467933465894635,17.263292491238726,21.099579711513996,32.60844137233981,21.099579711513996,4.795359025344091,14.38607707603227,16.304220686169906,13.427005270963452,19.181436101376363,16.304220686169906,5.754430830412908,3.8362872202752722,5.754430830412908,14.38607707603227,26.854010541926904,5.754430830412908,27.813082346995724,15.345148881101089,10.549789855756998,17.263292491238726,50.83080566864736,33.567513177408635,14.38607707603227,15.345148881101089,18.222364296307543,25.894938736858087,5.754430830412908,7.6725744405505445,10.549789855756998,24.93586693178927,16.304220686169906,19.181436101376363,18.222364296307543,4.795359025344091,18.222364296307543,18.222364296307543,33.567513177408635,7.6725744405505445,20.14050790644518,21.099579711513996,20.14050790644518,20.14050790644518,4.795359025344091,6.713502635481726,36.444728592615085,16.304220686169906,19.181436101376363,16.304220686169906,8.631646245619363,14.38607707603227,24.93586693178927,34.52658498247745,17.263292491238726,27.813082346995724,4.795359025344091,23.97679512672045,14.38607707603227,12.467933465894635,26.854010541926904,18.222364296307543,4.795359025344091,5.754430830412908,23.97679512672045,13.427005270963452,15.345148881101089,5.754430830412908,24.93586693178927,22.058651516582817
B02010,99000000149,Synthetic Census Tract 99000000149,1.0,Total:,222.14295406457512,182.4745694101867,+/-184,111.07147703228756,143.797894372158,255.86108102080527,196.35850403922265,310.4051099205893,207.26730981917947,164.62379631571193,308.4216906878699,301.47972337335193,276.6869829643592,172.5574732465896,129.91395974312206,224.12637329729455,285.61236951159657,200.32534250466148,240.98543677540962,241.9771463917693,171.5657636302299,146.77302322123714,87.2704462396545,173.5491828629493,183.4662790265464,178.50773094474786,259.8279194862441,191.39995595742408,219.16782521549598,250.9025329390067,236.02688869361106,262.80304833532324,191.39995595742408,304.4548522224311,230.0766309954528,263.7947579516829,285.61236951159657,193.3833751901435,185.44969825926583,261.81133871896355,282.63724066251746,197.35021365558237,238.01030792633048,199.33363288830176,130.90566935948178,273.71185411528006,167.59892516479104,235.03517907725134,288.5874983606757,183.4662790265464,298.5045945242728,329.24759263142386,358.99888112221515,164.62379631571193,118.01344434680553,197.35021365558237,262.80304833532324,272.7201444989203,281.6455310461577,302.4714329897117,209.25072905189887,151.73157130303568,124.9554116613235,149.74815207031625,215.20098675005715,191.39995595742408,234.04346946089163,171.5657636302299,214.20927713369744,193.3833751901435,199.33363288830176,246.93569447356788,227.10150214637366,221.1512444482154,222.14295406457512,233.05175984453192,240.98543677540962,234.04346946089163,176.52431171202844,319.3304964678267,298.5045945242728,150.73986168667597,225.11808291365423,182.4745694101867
B02010,99000000150,Synthetic Census Tract 99000000150,1.0,Total:,71.16932342977766,61.28469517564188,+/-62,37.56158736571599,59.30776952481472,52.388529746919666,45.469289969024615,81.05395168391345,54.36545539774683,57.33084387398756,43.49236431819746,49.42314127067893,58.31930669940114,96.86935689053071,87.9731914618085,90.93857993804923,78.08856320767272,90.93857993804923,36.57312454030241,76.11163755684555,101.8116710175986,79.0770260330863,90.93857993804923,38.550050191129564,112.68476209714797,44.48082714361104,86.98472863639492,41.515438667370304,63.261620826469034,118.61553904962943,75.12317473143197,95.88089406511713,48.434678445265355,62.27315800105546,77.10010038225913,78.08856320767272,62.27315800105546,45.469289969024615,67.21547212812335,80.06548885849988,85.00780298556776,35.58466171488883,92.9155055888764,68.20393495353693,90.93857993804923,82.04241450932703,60.2962323502283,67.21547212812335,79.0770260330863,85.00780298556776,75.12317473143197,90.93857993804923,63.261620826469034,67.21547212812335,79.0770260330863,91.92704276346282,76.11163755684555,70.18086060436409,76.11163755684555,63.261620826469034,42.50390149278388,44.48082714361104,43.49236431819746,80.06548885849988,66.22700930270977,96.86935689053071,44.48082714361104,72.15778625519124,67.21547212812335,58.31930669940114,53.37699257233325,74.1347119060184,96.86935689053071,91.92704276346282,65.2385464772962,39.53851301654315,74.1347119060184,43.49236431819746,76.11163755684555,74.1347119060184,76.11163755684555,59.30776952481472,65.2385464772962,73.14624908060482
B02010,99000000151,Synthetic Census Tract 99000000151,1.0,Total:,77.79122374136837,64.34582704532939,+/-67,39.375804609828435,51.86081582757891,105.64240261173482,86.43469304596486,96.03854782884984,96.99893330713834,77.79122374136837,106.60278809002332,66.26659800190639,93.15739139398434,42.25696104469393,45.138117479559426,79.71199469794537,91.23662043740735,89.31584948083035,85.47430756767636,65.30621252361789,42.25696104469393,70.10813991506038,64.34582704532939,69.14775443677189,51.86081582757891,105.64240261173482,75.87045278479137,97.95931878542683,89.31584948083035,68.18736895848339,105.64240261173482,74.91006730650288,84.51392208938786,58.5835141755984,62.4250560887524,71.06852539334888,96.03854782884984,80.67238017623387,78.75160921965687,79.71199469794537,47.05888843613642,68.18736895848339,59.5438996538869,70.10813991506038,63.38544156704089,119.0877993077738,81.63276565452236,97.95931878542683,81.63276565452236,87.39507852425335,118.1274138294853,61.4646706104639,94.11777687227284,53.78158678415591,46.09850295784793,72.98929634992588,76.83083826307987,77.79122374136837,85.47430756767636,77.79122374136837,31.692720783520446,64.34582704532939,88.35546400254185,98.91970426371533,53.78158678415591,107.56317356831183,77.79122374136837,78.75160921965687,87.39507852425335,74.91006730650288,118.1274138294853,65.30621252361789,68.18736895848339,52.82120130586741,44.177732001270925,84.51392208938786,89.31584948083035,70.10813991506038,96.99893330713834,92.19700591569585,39.375804609828435,59.5438996538869,66.26659800190639,83.55353661109936
B02010,99000000152,Synthetic Census Tract 99000000152,1.0,Total:,6.502130274618665,13.00426054923733,+/-12,7.585818653721776,7.585818653721776,4.3347535164124436,7.585818653721776,13.00426054923733,3.2510651373093324,2.1673767582062218,9.753195411927997,7.585818653721776,2.1673767582062218,11.92057217013422,18.422702444752886,9.753195411927997,5.418441895515555,3.2510651373093324,7.585818653721776,5.418441895515555,7.585818653721776,5.418441895515555,2.1673767582062218,5.418441895515555,5.418441895515555,6.502130274618665,14.087948928340442,13.00426054923733,3.2510651373093324,2.1673767582062218,10.83688379103111,4.3347535164124436,3.2510651373093324,18.422702444752886,6.502130274618665,6.502130274618665,6.502130274618665,2.1673767582062218,7.585818653721776,8.669507032824887,9.753195411927997,6.502130274618665,2.1673767582062218,7.585818653721776,5.418441895515555,8.669507032824887,1.0836883791031109,1.0836883791031109,11.92057217013422,10.83688379103111,2.1673767582062218,6.502130274618665,13.00426054923733,2.1673767582062218,2.1673767582062218,8.669507032824887,7.585818653721776,11.92057217013422,7.585818653721776,8.669507032824887,6.502130274618665,8.669507032824887,13.00426054923733,6.502130274618665,11.92057217013422,6.502130274618665,2.1673767582062218,2.1673767582062218,10.83688379103111,17.339014065649774,2.1673767582062218,5.418441895515555,8.669507032824887,1.0836883791031109,3.2510651373093324,8.669507032824887,6.502130274618665,9.753195411927997,9.753195411927997,5.418441895515555,5.418441895515555,7.585818653721776,11.92057217013422,6.502130274618665
B02010,99000000153,Synthetic Census Tract 99000000153,1.0,Total:,82.38818695273166,104.56962190154402,+/-99,63.375528425178196,114.07595116532076,97.17581025193991,71.82559888186861,74.99437530312753,40.13783466927953,72.88185768895492,84.50070456690426,71.82559888186861,101.40084548028511,52.81294035431516,103.51336309445772,85.55696337399057,116.18846877949336,148.93249179916876,64.4317872322645,47.531646318883645,76.05063411021384,81.33192814564535,63.375528425178196,35.91279944093431,47.531646318883645,120.41350400783857,39.08157586219322,91.89451621650838,52.81294035431516,91.89451621650838,132.0323508857879,80.27566933855906,128.863574464529,45.41912870471104,85.55696337399057,118.30098639366597,159.4950798700318,85.55696337399057,115.13220997240705,129.9198332716153,49.644163933056255,82.38818695273166,47.531646318883645,47.531646318883645,122.52602162201117,91.89451621650838,63.375528425178196,80.27566933855906,38.02531705510692,86.61322218107686,101.40084548028511,87.66948098816317,99.28832786611251,47.531646318883645,123.58228042909748,107.73839832280294,99.28832786611251,118.30098639366597,55.98171677557407,69.71308126769601,79.21941053147275,70.76934007478232,71.82559888186861,35.91279944093431,81.33192814564535,145.76371537790985,32.7440230196754,113.01969235823445,51.75668154722886,91.89451621650838,105.62588070863032,63.375528425178196,158.4388210629455,40.13783466927953,88.72573979524947,124.63853923618379,158.4388210629455,76.05063411021384,95.06329263776729,88.72573979524947,69.71308126769601,81.33192814564535,35.91279944093431,53.86919916140147
B02010,99000000154,Synthetic Census Tract 99000000154,1.0,Total:,0.0,12.90964755078911,+/-14,8.299059139792998,0.0,0.0,0.0,0.0,0.0,0.0,0.0,0.0,0.0,0.0,0.0,0.0,0.0,0.0,0.0,0.0,0.0,0.0,0.0,0.0,0.0,0.0,0.0,0.0,0.0,0.0,0.0,0.0,0.0,0.0,0.0,0.0,0.0,0.0,0.0,0.0,0.0,0.0,0.0,0.0,0.0,0.0,0.0,0.0,0.0,0.0,0.0,0.0,0.0,0.0,0.0,0.0,0.0,0.0,0.0,0.0,0.0,0.0,0.0,0.0,0.0,0.0,0.0,0.0,0.0,0.0,0.0,0.0,0.0,0.0,0.0,0.0,0.0,0.0,0.0,0.0,0.0,0.0,0.0,0.0
B02010,99000000155,Synthetic Census Tract 99000000155,1.0,Total:,69.26263668875343,85.75374066226615,+/-78,51.672125783673195,60.46738123621331,54.97034657837574,76.95848520972604,98.94662384107633,23.08754556291781,46.17509112583562,144.02230803534445,81.3561129359961,48.37390498897065,115.43772781458905,73.66026441502349,81.3561129359961,84.65433373069864,60.46738123621331,94.54899611480627,113.23891395145402,63.76560203091586,62.66619509934834,42.87687033113308,92.35018225167124,42.87687033113308,81.3561129359961,43.97627726270059,45.075684194268106,91.25077532010373,86.85314759383367,48.37390498897065,62.66619509934834,101.14543770421136,48.37390498897065,42.87687033113308,54.97034657837574,51.672125783673195,111.040100088319,115.43772781458905,75.85907827815852,57.16916044151077,73.66026441502349,104.4436584989139,89.0519614569687,74.759671346591,63.76560203091586,91.25077532010373,105.54306543048142,38.47924260486302,45.075684194268106,91.25077532010373,80.25670600442858,58.268567373078284,82.45551986756361,92.35018225167124,61.56678816778083,93.44958918323876,58.268567373078284,64.86500896248337,113.23891395145402,79.15729907286106,58.268567373078284,41.77746339956556,142.92290110377692,92.35018225167124,57.16916044151077,38.47924260486302,56.069753509943254,89.0519614569687,82.45551986756361,48.37390498897065,63.76560203091586,79.15729907286106,51.672125783673195,40.67805646799805,39.57864953643053,59.3679743046458,137.42586644593933,79.15729907286106,75.85907827815852,61.56678816778083,74.759671346591,109.94069315675148,70.36204362032095
B02010,99000000156,Synthetic Census Tract 99000000156,1.0,Total:,50.564480228492805,51.64032023335436,+/-48,31.199360140984922,31.199360140984922,61.3228802771083,64.55040029169294,36.57856016529267,63.4745602868314,44.109440199323515,79.61216035975463,59.171200267385196,60.24704027224675,24.74432011181563,64.55040029169294,48.41280021876971,27.971840126400277,62.398720281969844,73.15712033058534,50.564480228492805,34.42688015556957,39.80608017987731,65.6262402965545,39.80608017987731,67.7779203062776,27.971840126400277,65.6262402965545,45.18528020418506,49.48864022363126,79.61216035975463,45.18528020418506,59.171200267385196,51.64032023335436,55.943680252800554,64.55040029169294,66.70208030141605,66.70208030141605,39.80608017987731,37.65440017015422,39.80608017987731,39.80608017987731,54.867840247939,41.957760189600414,61.3228802771083,32.27520014584647,48.41280021876971,60.24704027224675,49.48864022363126,62.398720281969844,43.03360019446196,84.99136038406238,68.85376031113914,49.48864022363126,17.213440077784785,60.24704027224675,34.42688015556957,27.971840126400277,65.6262402965545,93.59808042295477,35.50272016043112,43.03360019446196,46.26112020904661,45.18528020418506,29.047680131261824,67.7779203062776,23.66848010695408,47.33696021390816,44.109440199323515,48.41280021876971,66.70208030141605,37.65440017015422,61.3228802771083,60.24704027224675,58.09536026252365,57.0195202576621,61.3228802771083,72.08128032572378,27.971840126400277,32.27520014584647,46.26112020904661,50.564480228492805,65.6262402965545,71.00544032086223,60.24704027224675
B02010,99000000157,Synthetic Census Tract 99000000157,1.0,Total:,60.27724631708689,78.45609838097023,+/-82,47.839084378640386,54.53655619165004,80.36966175611586,106.20276732058167,52.62299281650443,55.49333787922285,84.19678850640709,74.628971630679,19.135633751456155,84.19678850640709,61.2340280046597,38.27126750291231,28.703450627184235,31.573795689902656,56.45011956679566,94.72138706970797,38.27126750291231,63.14759137980531,62.190809692232506,50.709429441358814,65.06115475495093,71.75862656796059,21.049197126601772,22.962760501747386,88.98069694427113,64.10437306737812,45.92552100349477,39.228049190485116,101.41885888271763,27.746668939611425,59.320464629514085,80.36966175611586,93.76460538213516,83.24000681883427,88.02391525669832,38.27126750291231,81.32644344368866,67.93149981766935,56.45011956679566,80.36966175611586,63.14759137980531,79.41288006854305,22.00597881417458,22.962760501747386,71.75862656796059,58.36368294194128,60.27724631708689,41.14161256563074,104.28920394543604,29.660232314757042,61.2340280046597,107.15954900815447,85.15357019397989,91.85104200698954,50.709429441358814,34.44414075262108,80.36966175611586,49.75264775378601,55.49333787922285,57.40690125436847,81.32644344368866,63.14759137980531,124.38161938446501,80.36966175611586,46.88230269106758,66.01793644252373,62.190809692232506,81.32644344368866,19.135633751456155,80.36966175611586,79.41288006854305,42.098394253203544,31.573795689902656,27.746668939611425,57.40690125436847,106.20276732058167,38.27126750291231,58.36368294194128,59.320464629514085,61.2340280046597,54.53655619165004
B02010,99000000158,Synthetic Census Tract 99000000158,1.0,Total:,0.0,14.94331042305063,+/-14,9.60641384338969,0.0,0.0,0.0,0.0,0.0,0.0,0.0,0.0,0.0,0.0,0.0,0.0,0.0,0.0,0.0,0.0,0.0,0.0,0.0,0.0,0.0,0.0,0.0,0.0,0.0,0.0,0.0,0.0,0.0,0.0,0.0,0.0,0.0,0.0,0.0,0.0,0.0,0.0,0.0,0.0,0.0,0.0,0.0,0.0,0.0,0.0,0.0,0.0,0.0,0.0,0.0,0.0,0.0,0.0,0.0,0.0,0.0,0.0,0.0,0.0,0.0,0.0,0.0,0.0,0.0,0.0,0.0,0.0,0.0,0.0,0.0,0.0,0.0,0.0,0.0,0.0,0.0,0.0,0.0,0.0
B02010,99000000159,Synthetic Census Tract 99000000159,1.0,Total:,3.6851356254971064,6.448987344619936,+/-7,4.606419531871383,3.6851356254971064,0.9212839063742766,1.8425678127485532,4.606419531871383,5.527703438245659,5.527703438245659,0.9212839063742766,5.527703438245659,1.8425678127485532,4.606419531871383,6.448987344619936,8.291555157368489,8.291555157368489,3.6851356254971064,0.9212839063742766,6.448987344619936,4.606419531871383,4.606419531871383,3.6851356254971064,0.9212839063742766,7.370271250994213,3.6851356254971064,3.6851356254971064,1.8425678127485532,0.9212839063742766,6.448987344619936,3.6851356254971064,3.6851356254971064,3.6851356254971064,6.448987344619936,3.6851356254971064,4.606419531871383,4.606419531871383,1.8425678127485532,2.7638517191228296,3.6851356254971064,7.370271250994213,1.8425678127485532,7.370271250994213,4.606419531871383,4.606419531871383,7.370271250994213,7.370271250994213,2.7638517191228296,3.6851356254971064,4.606419531871383,6.448987344619936,1.8425678127485532,5.527703438245659,4.606419531871383,0.9212839063742766,1.8425678127485532,1.8425678127485532,2.7638517191228296,7.370271250994213,1.8425678127485532,3.6851356254971064,4.606419531871383,3.6851356254971064,8.291555157368489,1.8425678127485532,4.606419531871383,3.6851356254971064,6.448987344619936,7.370271250994213,0.9212839063742766,4.606419531871383,3.6851356254971064,4.606419531871383,1.8425678127485532,3.6851356254971064,4.606419531871383,3.6851356254971064,6.448987344619936,3.6851356254971064,3.6851356254971064,0.9212839063742766,5.527703438245659,0.9212839063742766,4.606419531871383
B02010,99000000160,Synthetic Census Tract 99000000160,1.0,Total:,134.17815542357144,225.4632939494438,+/-205,137.47761826185598,266.15666895495315,189.16920272831382,235.36168246429744,138.57743920795082,160.5738581298478,96.78424325634661,141.87690204623536,103.3831689329157,80.2869290649239,107.78245271729509,202.367054081452,58.290510143026935,230.96239867991804,52.79140541255269,130.8786925852869,290.3527297690398,93.48478041806206,134.17815542357144,94.58460136415691,299.1512973377986,145.1763648845199,92.38495947196722,83.58639190320844,138.57743920795082,192.46866556659836,167.17278380641687,266.15666895495315,122.08012501652811,148.47582772280447,127.57922974700234,47.292300682078455,322.2475372057904,107.78245271729509,129.77887163919203,107.78245271729509,68.18889865788057,149.5756486688993,68.18889865788057,164.97314191422717,67.08907771178572,94.58460136415691,189.16920272831382,138.57743920795082,131.97851353138174,174.8715304290808,215.56490543459017,145.1763648845199,218.8643682728747,68.18889865788057,247.45971287134077,212.26544259630563,67.08907771178572,109.98209460948478,57.190689196932084,150.67546961499414,150.67546961499414,199.06759124316744,252.95881760181499,41.79319595160422,144.07654393842506,127.57922974700234,50.591763520363,59.39033108912178,266.15666895495315,96.78424325634661,146.27618583061476,96.78424325634661,138.57743920795082,262.85720611666864,104.48298987901055,115.48119933995902,144.07654393842506,123.17994596262295,285.95344598466045,190.2690236744087,71.48836149616511,149.5756486688993,82.48657095711359,192.46866556659836,73.6880033883548
B02010,99000000161,Synthetic Census Tract 99000000161,1.0,Total:,0.0,14.463917261098304,+/-14,9.298232524991768,0.0,0.0,0.0,0.0,0.0,0.0,0.0,0.0,0.0,0.0,0.0,0.0,0.0,0.0,0.0,0.0,0.0,0.0,0.0,0.0,0.0,0.0,0.0,0.0,0.0,0.0,0.0,0.0,0.0,0.0,0.0,0.0,0.0,0.0,0.0,0.0,0.0,0.0,0.0,0.0,0.0,0.0,0.0,0.0,0.0,0.0,0.0,0.0,0.0,0.0,0.0,0.0,0.0,0.0,0.0,0.0,0.0,0.0,0.0,0.0,0.0,0.0,0.0,0.0,0.0,0.0,0.0,0.0,0.0,0.0,0.0,0.0,0.0,0.0,0.0,0.0,0.0,0.0,0.0,0.0
B02010,99000000162,Synthetic Census Tract 99000000162,1.0,Total:,0.0,20.60050006223519,+/-20,12.360300037341114,0.0,0.0,0.0,0.0,0.0,0.0,0.0,0.0,0.0,0.0,0.0,0.0,0.0,0.0,0.0,0.0,0.0,0.0,0.0,0.0,0.0,0.0,0.0,0.0,0.0,0.0,0.0,0.0,0.0,0.0,0.0,0.0,0.0,0.0,0.0,0.0,0.0,0.0,0.0,0.0,0.0,0.0,0.0,0.0,0.0,0.0,0.0,0.0,0.0,0.0,0.0,0.0,0.0,0.0,0.0,0.0,0.0,0.0,0.0,0.0,0.0,0.0,0.0,0.0,0.0,0.0,0.0,0.0,0.0,0.0,0.0,0.0,0.0,0.0,0.0,0.0,0.0,0.0,0.0,0.0
B02010,99000000163,Synthetic Census Tract 99000000163,1.0,Total:,24.788379925714317,22.03411548952384,+/-24,13.7713221809524,31.214996943492103,37.64161396126989,23.87029178031749,27.5426443619048,21.116027344127012,29.37882065269845,32.13308508888893,26.624556216507973,21.116027344127012,29.37882065269845,37.64161396126989,18.36176290793653,28.460732507301625,22.952203634920664,11.935145890158745,31.214996943492103,26.624556216507973,34.88734952507941,24.788379925714317,20.197939198730186,24.788379925714317,37.64161396126989,28.460732507301625,29.37882065269845,25.706468071111146,14.689410326349225,44.06823097904768,22.952203634920664,20.197939198730186,31.214996943492103,37.64161396126989,21.116027344127012,25.706468071111146,26.624556216507973,21.116027344127012,20.197939198730186,21.116027344127012,29.37882065269845,18.36176290793653,14.689410326349225,36.72352581587306,29.37882065269845,22.03411548952384,23.87029178031749,21.116027344127012,26.624556216507973,30.296908798095277,21.116027344127012,21.116027344127012,31.214996943492103,34.88734952507941,19.27985105333336,28.460732507301625,24.788379925714317,13.7713221809524,26.624556216507973,30.296908798095277,24.788379925714317,27.5426443619048,16.525586617142878,28.460732507301625,38.55970210666672,30.296908798095277,33.051173234285756,28.460732507301625,20.197939198730186,36.72352581587306,22.03411548952384,22.03411548952384,24.788379925714317,38.55970210666672,22.03411548952384,21.116027344127012,25.706468071111146,23.87029178031749,31.214996943492103,21.116027344127012,31.214996943492103,19.27985105333336,16.525586617142878
B02010,99000000164,Synthetic Census Tract 99000000164,1.0,Total:,7.555846758455276,15.111693516910552,+/-14,8.635253438234601,8.635253438234601,1.0794066797793251,8.635253438234601,1.0794066797793251,14.032286837131227,15.111693516910552,7.555846758455276,7.555846758455276,7.555846758455276,1.0794066797793251,7.555846758455276,15.111693516910552,7.555846758455276,15.111693516910552,14.032286837131227,1.0794066797793251,7.555846758455276,1.0794066797793251,7.555846758455276,6.476440078675951,7.555846758455276,14.032286837131227,7.555846758455276,12.952880157351903,1.0794066797793251,1.0794066797793251,7.555846758455276,7.555846758455276,7.555846758455276,12.952880157351903,7.555846758455276,1.0794066797793251,6.476440078675951,2.1588133595586503,1.0794066797793251,14.032286837131227,7.555846758455276,14.032286837131227,7.555846758455276,8.635253438234601,7.555846758455276,1.0794066797793251,7.555846758455276,1.0794066797793251,12.952880157351903,14.032286837131227,7.555846758455276,7.555846758455276,7.555846758455276,1.0794066797793251,8.635253438234601,15.111693516910552,7.555846758455276,12.952880157351903,12.952880157351903,1.0794066797793251,6.476440078675951,1.0794066797793251,7.555846758455276,7.555846758455276,8.635253438234601,12.952880157351903,7.555846758455276,12.952880157351903,1.0794066797793251,1.0794066797793251,8.635253438234601,8.635253438234601,7.555846758455276,14.032286837131227,7.555846758455276,1.0794066797793251,7.555846758455276,1.0794066797793251,1.0794066797793251,14.032286837131227,7.555846758455276,14.032286837131227,8.635253438234601,6.476440078675951
B02010,99000000165,Synthetic Census Tract 99000000165,1.0,Total:,0.0,18.115998012817876,+/-20,10.869598807690727,0.0,0.0,0.0,0.0,0.0,0.0,0.0,0.0,0.0,0.0,0.0,0.0,0.0,0.0,0.0,0.0,0.0,0.0,0.0,0.0,0.0,0.0,0.0,0.0,0.0,0.0,0.0,0.0,0.0,0.0,0.0,0.0,0.0,0.0,0.0,0.0,0.0,0.0,0.0,0.0,0.0,0.0,0.0,0.0,0.0,0.0,0.0,0.0,0.0,0.0,0.0,0.0,0.0,0.0,0.0,0.0,0.0,0.0,0.0,0.0,0.0,0.0,0.0,0.0,0.0,0.0,0.0,0.0,0.0,0.0,0.0,0.0,0.0,0.0,0.0,0.0,0.0,0.0,0.0,0.0
B02010,99000000166,Synthetic Census Tract 99000000166,1.0,Total:,4.7408280580411475,7.5853248928658354,+/-8,4.7408280580411475,7.5853248928658354,5.688993669649377,3.7926624464329177,0.9481656116082294,5.688993669649377,1.8963312232164589,1.8963312232164589,6.637159281257606,12.326152950906982,4.7408280580411475,2.8444968348246884,2.8444968348246884,4.7408280580411475,1.8963312232164589,7.5853248928658354,3.7926624464329177,6.637159281257606,5.688993669649377,1.8963312232164589,1.8963312232164589,1.8963312232164589,3.7926624464329177,4.7408280580411475,7.5853248928658354,5.688993669649377,7.5853248928658354,5.688993669649377,1.8963312232164589,0.9481656116082294,4.7408280580411475,5.688993669649377,4.7408280580411475,6.637159281257606,7.5853248928658354,1.8963312232164589,5.688993669649377,5.688993669649377,4.7408280580411475,5.688993669649377,5.688993669649377,8.533490504474065,4.7408280580411475,4.7408280580411475,0.9481656116082294,3.7926624464329177,2.8444968348246884,0.9481656116082294,7.5853248928658354,11.377987339298754,4.7408280580411475,3.7926624464329177,4.7408280580411475,3.7926624464329177,1.8963312232164589,6.637159281257606,4.7408280580411475,4.7408280580411475,4.7408280580411475,1.8963312232164589,1.8963312232164589,0.9481656116082294,3.7926624464329177,4.7408280580411475,8.533490504474065,4.7408280580411475,6.637159281257606,7.5853248928658354,1.8963312232164589,1.8963312232164589,4.7408280580411475,5.688993669649377,5.688993669649377,4.7408280580411475,7.5853248928658354,1.8963312232164589,3.7926624464329177,4.7408280580411475,4.7408280580411475,6.637159281257606,6.637159281257606
B02010,99000000167,Synthetic Census Tract 99000000167,1.0,Total:,186.64947938169874,163.43437000586556,+/-176,99.36066812856599,181.07785313149878,137.43344750493242,211.72179750759858,129.07600812963247,78.9313718778328,273.0096862597982,287.8673562603314,148.57670000533233,173.64901813123217,221.93644563296516,149.50530438036566,154.14832625553228,183.86366625659875,206.1501712573986,206.1501712573986,192.2211056318987,200.57854500719864,233.0796981333651,237.72272000853172,196.86412750706535,165.29157875593222,259.08062063429827,166.22018313096555,209.86458875753192,279.50991688503143,80.78858062789945,66.85951500239955,203.36435813229863,234.93690688343173,184.79227063163208,237.72272000853172,229.36528063323178,180.14924875646545,195.0069187569987,180.14924875646545,152.29111750546565,178.2920400063988,129.07600812963247,123.5043818794325,190.36389688183203,237.72272000853172,235.86551125846506,151.36251313043232,136.5048431298991,201.50714938223197,199.6499406321653,166.22018313096555,131.86182125473243,208.00738000746526,289.724565010398,167.14878750599888,134.64763437983243,208.00738000746526,183.86366625659875,240.50853313363172,215.43621500773187,188.5066881317654,118.86136000426586,137.43344750493242,176.43483125633213,84.50299812803276,127.21879937956581,240.50853313363172,262.79503813443154,156.93413938063227,199.6499406321653,185.7208750066654,195.0069187569987,186.64947938169874,83.57439375299944,209.86458875753192,206.1501712573986,180.14924875646545,197.79273188209865,81.71718500293278,181.07785313149878,219.15063250786517,251.65178563403163,243.29434625873168,182.00645750653212
B02010,99000000168,Synthetic Census Tract 99000000168,1.0,Total:,23.21777893904576,36.93737558484553,+/-35,22.162425350907316,36.93737558484553,24.273132527184206,7.387475116969106,11.60888946952288,24.273132527184206,33.7713148204302,6.332121528830662,58.0444473476144,24.273132527184206,29.549900467876423,26.383839703461092,26.383839703461092,23.21777893904576,27.439193291599537,7.387475116969106,26.383839703461092,16.8856574102151,15.830303822076656,29.549900467876423,24.273132527184206,25.328486115322647,35.88202199670709,16.8856574102151,22.162425350907316,44.32485070181463,22.162425350907316,26.383839703461092,29.549900467876423,43.269497113676195,11.60888946952288,6.332121528830662,9.498182293245993,8.44282870510755,39.048082761122416,25.328486115322647,24.273132527184206,6.332121528830662,24.273132527184206,18.996364586491985,37.99272917298397,9.498182293245993,24.273132527184206,25.328486115322647,35.88202199670709,30.605254056014868,6.332121528830662,37.99272917298397,11.60888946952288,25.328486115322647,26.383839703461092,22.162425350907316,24.273132527184206,16.8856574102151,20.05171817463043,33.7713148204302,6.332121528830662,16.8856574102151,14.774950233938211,9.498182293245993,36.93737558484553,29.549900467876423,5.276767940692219,22.162425350907316,22.162425350907316,9.498182293245993,22.162425350907316,20.05171817463043,26.383839703461092,9.498182293245993,43.269497113676195,35.88202199670709,37.99272917298397,35.88202199670709,8.44282870510755,26.383839703461092,16.8856574102151,37.99272917298397,7.387475116969106,23.21777893904576,9.498182293245993
B02010,99000000169,Synthetic Census Tract 99000000169,1.0,Total:,27.24958451783481,30.06850705416255,+/-32,18.79281690885159,39.46491550858835,19.732457754294174,19.732457754294174,29.12886620871997,23.49102113606449,34.76671128137545,33.82707043593287,27.24958451783481,19.732457754294174,31.947788745047706,35.706352126818025,24.430661981507072,25.37030282694965,15.034253527081274,16.913535217966434,35.706352126818025,32.887429590490285,22.55138029062191,23.49102113606449,29.12886620871997,18.79281690885159,43.22347889035866,35.706352126818025,46.0424014266864,27.24958451783481,10.336049299868376,31.008147899605127,30.06850705416255,27.24958451783481,19.732457754294174,13.154971836196115,15.973894372523853,22.55138029062191,40.40455635403092,31.947788745047706,11.275690145310955,15.973894372523853,50.7406056538993,17.853176063409013,37.58563381770318,12.215330990753536,37.58563381770318,42.28383804491608,29.12886620871997,28.18922536327739,24.430661981507072,24.430661981507072,21.61173944517933,35.706352126818025,17.853176063409013,11.275690145310955,21.61173944517933,22.55138029062191,41.344197199473506,39.46491550858835,7.517126763540637,14.094612681638695,34.76671128137545,22.55138029062191,31.947788745047706,32.887429590490285,17.853176063409013,15.973894372523853,25.37030282694965,24.430661981507072,35.706352126818025,21.61173944517933,24.430661981507072,34.76671128137545,24.430661981507072,35.706352126818025,27.24958451783481,30.06850705416255,22.55138029062191,19.732457754294174,39.46491550858835,31.008147899605127,14.094612681638695,28.18922536327739,23.49102113606449
B02010,99000000170,Synthetic Census Tract 99000000170,1.0,Total:,55.188509916735036,64.92765872557064,+/-60,38.95659523534238,18.396169972245012,87.65233927952036,83.32382869781564,70.33829695270153,60.599148143865925,73.58467988898005,73.58467988898005,30.299574071932962,69.25616930727534,43.28510581704709,43.28510581704709,50.85999933503033,58.43489285301357,83.32382869781564,51.94212698045651,36.792339944490024,22.72468055394972,55.188509916735036,60.599148143865925,82.24170105238947,75.7489351798324,27.05319113565443,48.69574404417798,19.47829761767119,32.46382936278532,63.845531080144454,21.642552908523545,51.94212698045651,68.17404166184916,64.92765872557064,70.33829695270153,63.845531080144454,45.44936110789944,27.05319113565443,45.44936110789944,71.4204245981277,74.66680753440623,40.03872288076856,51.94212698045651,36.792339944490024,28.135318781080606,69.25616930727534,48.69574404417798,107.13063689719155,67.09191401642299,54.10638227130886,98.47361573378213,31.38170171735914,38.95659523534238,46.53148875332562,43.28510581704709,31.38170171735914,62.76340343471828,68.17404166184916,61.6812757892921,31.38170171735914,32.46382936278532,72.50255224355388,67.09191401642299,58.43489285301357,93.06297750665124,24.888935844802077,58.43489285301357,28.135318781080606,35.71021229906385,43.28510581704709,31.38170171735914,78.99531811611094,54.10638227130886,51.94212698045651,64.92765872557064,53.02425462588268,59.51702049843975,20.56042526309737,54.10638227130886,63.845531080144454,66.0097863709968,57.352765207587396,50.85999933503033,54.10638227130886
B02010,99000000171,Synthetic Census Tract 99000000171,1.0,Total:,193.87571587871363,177.37565495286566,+/-172,107.2503960180118,101.0628731708188,166.03186306634518,249.5634215034505,168.09437068207617,191.81320826298264,294.9385890495324,246.46966007985404,95.90660413149132,129.93797979105275,122.71920313599426,191.81320826298264,214.5007920360236,187.68819303152065,254.719690542778,254.719690542778,229.96959915400606,227.90709153827507,214.5007920360236,190.78195445511713,87.65657366856733,121.68794932812877,191.81320826298264,255.75094435064352,248.53216769558503,233.06336057760257,226.87583773040956,180.46941637646216,150.56305594836272,118.59418790453228,143.34427929330423,201.09449253377213,200.06323872590661,199.03198491804113,150.56305594836272,171.18813210567268,251.6259291191815,252.65718292704702,253.68843673491253,189.75070064725165,134.06299502251474,126.84421836745626,208.3132691888306,225.84458392254407,207.2820153809651,200.06323872590661,248.53216769558503,176.34440114500018,74.25027416631586,96.93785793935682,132.00048740678375,207.2820153809651,267.094736237164,205.2195077652341,221.7195686910821,198.00073111017562,258.84470577424,257.8134519663745,233.06336057760257,218.62580726748558,76.31278178204686,127.87547217532176,207.2820153809651,287.71981239447393,210.3757768045616,211.4070306124271,273.28225908435695,179.43816256859665,158.8130864112867,103.1253807865498,116.53168028880128,205.2195077652341,156.7505787955557,135.09424883038025,217.59455345962007,199.03198491804113,225.84458392254407,270.1884976607605,240.28213723266103,215.53204584388908,119.62544171239777
B02010,99000000172,Synthetic Census Tract 99000000172,1.0,Total:,37.19653422605651,45.36162710494696,+/-50,27.216976262968178,47.17609218914484,14.515720673583028,31.75313897346287,51.71225489963953,54.433952525936355,46.2688596470459,35.38206914185863,29.938673889264994,38.103766768155445,51.71225489963953,33.56760405766075,30.845906431363932,21.773581010374542,20.866348468275604,51.71225489963953,39.010999310254384,40.82546439445227,15.422953215681966,36.28930168395757,22.68081355247348,39.010999310254384,42.639929478650146,31.75313897346287,15.422953215681966,24.495278636671358,20.866348468275604,26.30974372086924,30.845906431363932,40.82546439445227,43.547162020749084,36.28930168395757,48.08332473124378,63.50627794692574,69.85690574161832,33.56760405766075,13.608488131484089,42.639929478650146,55.341185068035294,44.45439456284802,46.2688596470459,38.103766768155445,21.773581010374542,44.45439456284802,79.83646370470665,69.85690574161832,58.97011523643105,32.66037151556181,28.124208805067116,46.2688596470459,43.547162020749084,29.031441347166055,20.866348468275604,22.68081355247348,23.58804609457242,47.17609218914484,38.103766768155445,34.47483659975969,16.330185757780907,34.47483659975969,22.68081355247348,34.47483659975969,49.897789815441655,32.66037151556181,25.402511178770297,23.58804609457242,24.495278636671358,34.47483659975969,36.28930168395757,43.547162020749084,33.56760405766075,31.75313897346287,52.61948744173848,57.15565015223317,51.71225489963953,33.56760405766075,15.422953215681966,25.402511178770297,46.2688596470459,35.38206914185863,48.990557273342716
B02010,99000000173,Synthetic Census Tract 99000000173,1.0,Total:,123.4487774551264,127.05312132242936,+/-141,77.49339314701365,150.48135645989862,169.40416176323916,77.49339314701365,62.17493171097607,70.28470541240773,63.07601767780181,161.2943880618075,123.4487774551264,116.24008972052049,69.383619445582,204.54651446944303,130.65746518973233,105.4270581186116,181.11827933197378,134.2618090570353,145.97592662576992,182.0193652987995,118.9433476209977,147.77809855942138,108.13031601908882,144.17375469211842,136.06398099068676,46.85647027493849,56.76841591002163,71.18579137923348,45.05429834128701,143.27266872529268,104.52597215178587,113.53683182004326,63.07601767780181,141.4704967916412,79.29556508066513,109.03140198591456,174.81067756419358,135.162895023861,129.7563792229066,165.7998178959362,97.31728441717993,143.27266872529268,106.32814408543734,101.82271425130864,161.2943880618075,53.16407204271867,57.66950187684737,59.47167381049885,59.47167381049885,159.492216128156,147.77809855942138,147.77809855942138,50.460814142241446,110.83357391956604,129.7563792229066,131.55855115655805,109.9324879527403,108.13031601908882,109.03140198591456,154.08570032720158,138.767238891164,117.14117568734622,142.37158275846696,123.4487774551264,169.40416176323916,80.19665104749087,65.77927557827903,57.66950187684737,122.54769148830066,169.40416176323916,140.56941082481546,145.07484065894417,71.18579137923348,150.48135645989862,160.39330209498175,152.28352839355009,149.58027049307287,152.28352839355009,111.73465988639178,138.767238891164,130.65746518973233,107.22923005226308,147.77809855942138
B02010,99000000174,Synthetic Census Tract 99000000174,1.0,Total:,34.592600169309435,51.888900253964145,+/-57,31.861605419100794,58.261221337784306,31.861605419100794,12.744642167640317,37.32359491951807,40.05458966972671,71.91619508882751,35.502931752712314,14.565305334446077,23.668621168474875,10.923979000834557,42.78558441993535,32.77193700250367,12.744642167640317,14.565305334446077,39.14425808632383,28.220279085489274,38.23392650292095,48.24757392035263,37.32359491951807,14.565305334446077,13.654973751043197,41.87525283653247,59.171552921187185,7.282652667223038,24.578952751877754,16.385968501251835,33.68226858590655,58.261221337784306,28.220279085489274,41.87525283653247,12.744642167640317,42.78558441993535,67.3645371718131,50.978568670561266,43.695916003338226,41.87525283653247,34.592600169309435,33.68226858590655,22.758289585071996,10.923979000834557,15.475636917848956,47.33724233694975,53.70956342076991,10.013647417431677,44.60624758674111,16.385968501251835,34.592600169309435,47.33724233694975,23.668621168474875,38.23392650292095,14.565305334446077,40.05458966972671,65.54387400500734,50.978568670561266,30.95127383569791,58.261221337784306,40.96492125312959,35.502931752712314,37.32359491951807,61.90254767139582,53.70956342076991,32.77193700250367,16.385968501251835,44.60624758674111,33.68226858590655,55.53022658757567,36.41326333611519,11.834310584237437,20.937626418266234,10.923979000834557,51.888900253964145,30.95127383569791,15.475636917848956,10.013647417431677,35.502931752712314,37.32359491951807,31.861605419100794,31.861605419100794,31.861605419100794,50.06823708715839
B02010,99000000175,Synthetic Census Tract 99000000175,1.0,Total:,6.127110213177273,12.254220426354546,+/-12,8.169480284236364,7.148295248706819,10.211850355295455,14.296590497413638,4.084740142118182,7.148295248706819,6.127110213177273,5.105925177647728,6.127110213177273,2.042370071059091,6.127110213177273,8.169480284236364,3.0635551065886366,7.148295248706819,2.042370071059091,9.190665319765909,12.254220426354546,8.169480284236364,10.211850355295455,3.0635551065886366,2.042370071059091,8.169480284236364,10.211850355295455,14.296590497413638,6.127110213177273,6.127110213177273,7.148295248706819,8.169480284236364,7.148295248706819,2.042370071059091,7.148295248706819,11.233035390825002,2.042370071059091,5.105925177647728,2.042370071059091,6.127110213177273,13.275405461884091,8.169480284236364,13.275405461884091,3.0635551065886366,2.042370071059091,6.127110213177273,14.296590497413638,11.233035390825002,9.190665319765909,9.190665319765909,9.190665319765909,5.105925177647728,9.190665319765909,2.042370071059091,6.127110213177273,10.211850355295455,2.042370071059091,6.127110213177273,2.042370071059091,6.127110213177273,20.42370071059091,5.105925177647728,12.254220426354546,2.042370071059091,3.0635551065886366,6.127110213177273,8.169480284236364,11.233035390825002,7.148295248706819,5.105925177647728,5.105925177647728,7.148295248706819,7.148295248706819,2.042370071059091,7.148295248706819,11.233035390825002,3.0635551065886366,6.127110213177273,2.042370071059091,7.148295248706819,11.233035390825002,4.084740142118182,10.211850355295455,2.042370071059091,2.042370071059091
B02010,99000000176,Synthetic Census Tract 99000000176,1.0,Total:,30.74859450298461,28.628001778640844,+/-27,16.96474179475013,32.869187227328375,41.35155812470344,24.38681632995331,44.532447211219086,33.92948358950026,33.92948358950026,37.110372676015906,42.41185448687532,28.628001778640844,38.17066903818779,29.688298140812726,36.05007631384402,31.808890865156492,28.628001778640844,37.110372676015906,56.195707195109804,28.628001778640844,28.628001778640844,23.326519967781426,28.628001778640844,36.05007631384402,25.447112692125195,23.326519967781426,22.266223605609543,39.23096540035967,24.38681632995331,16.96474179475013,15.904445432578246,20.145630881265777,42.41185448687532,20.145630881265777,28.628001778640844,15.904445432578246,34.98977995167214,33.92948358950026,24.38681632995331,39.23096540035967,21.20592724343766,36.05007631384402,21.20592724343766,21.20592724343766,28.628001778640844,15.904445432578246,34.98977995167214,30.74859450298461,32.869187227328375,23.326519967781426,21.20592724343766,34.98977995167214,26.507409054297078,15.904445432578246,37.110372676015906,27.56770541646896,30.74859450298461,34.98977995167214,33.92948358950026,30.74859450298461,13.78385270823448,23.326519967781426,31.808890865156492,49.8339290220785,40.291261762531555,34.98977995167214,45.59274357339097,43.4721508490472,23.326519967781426,25.447112692125195,26.507409054297078,19.085334519093895,48.77363265990662,31.808890865156492,30.74859450298461,16.96474179475013,34.98977995167214,38.17066903818779,43.4721508490472,36.05007631384402,31.808890865156492,31.808890865156492,24.38681632995331
B02010,99000000177,Synthetic Census Tract 99000000177,1.0,Total:,1.8954211282509554,4.738552820627389,+/-5,2.843131692376433,0.9477105641254777,0.9477105641254777,0.9477105641254777,1.8954211282509554,2.843131692376433,1.8954211282509554,2.843131692376433,4.738552820627389,4.738552820627389,0.9477105641254777,0.9477105641254777,0.0,1.8954211282509554,3.790842256501911,1.8954211282509554,1.8954211282509554,3.790842256501911,5.686263384752866,3.790842256501911,5.686263384752866,0.9477105641254777,0.9477105641254777,2.843131692376433,2.843131692376433,0.9477105641254777,1.8954211282509554,2.843131692376433,0.9477105641254777,0.0,0.0,5.686263384752866,0.9477105641254777,2.843131692376433,1.8954211282509554,0.9477105641254777,4.738552820627389,2.843131692376433,0.9477105641254777,0.9477105641254777,3.790842256501911,1.8954211282509554,3.790842256501911,0.9477105641254777,1.8954211282509554,0.9477105641254777,0.9477105641254777,1.8954211282509554,0.0,0.9477105641254777,2.843131692376433,3.790842256501911,5.686263384752866,0.9477105641254777,0.9477105641254777,2.843131692376433,0.9477105641254777,0.9477105641254777,0.9477105641254777,0.9477105641254777,0.0,2.843131692376433,0.9477105641254777,0.0,0.9477105641254777,1.8954211282509554,1.8954211282509554,1.8954211282509554,1.8954211282509554,0.9477105641254777,0.9477105641254777,0.0,0.9477105641254777,3.790842256501911,1.8954211282509554,1.8954211282509554,1.8954211282509554,2.843131692376433,3.790842256501911,3.790842256501911,0.0
B02010,99000000178,Synthetic Census Tract 99000000178,1.0,Total:,70.61219672658457,90.93995032969225,+/-85,55.633851966399966,62.05314257790765,103.77853155270762,66.33266965224611,68.47243318941534,89.87006856110763,67.40255142083073,72.7519602637538,67.40255142083073,70.61219672658457,29.95668952036921,34.23621659470767,74.89172380092303,112.33758570138454,38.51574366904613,60.983260809323035,103.77853155270762,34.23621659470767,35.306098363292286,57.7736155035692,75.96160556950764,65.2627878836615,35.306098363292286,71.68207849516918,58.84349727215381,56.70373373498458,75.96160556950764,32.09645305753844,80.2411326438461,104.84841332129224,73.82184203233841,106.98817685846147,41.725388974799976,33.166334826123055,134.80510284166147,68.47243318941534,33.166334826123055,98.42912270978455,127.31593046156915,70.61219672658457,65.2627878836615,63.123024346492265,39.585625437630746,69.54231495799995,74.89172380092303,53.494088429230736,54.56397019781535,24.607280677446138,77.03148733809226,88.80018679252302,134.80510284166147,98.42912270978455,53.494088429230736,34.23621659470767,130.525575767323,73.82184203233841,28.8868077517846,98.42912270978455,113.40746746996916,57.7736155035692,67.40255142083073,59.91337904073842,116.617112775723,114.47734923855377,46.00491604913843,54.56397019781535,74.89172380092303,81.31101441243072,60.983260809323035,56.70373373498458,37.445861900461516,31.026571288953825,108.05805862704608,98.42912270978455,46.00491604913843,78.10136910667687,84.52065971818456,42.79527074338459,35.306098363292286,84.52065971818456,77.03148733809226
B02010,99000000179,Synthetic Census Tract 99000000179,1.0,Total:,39.19219468531804,63.80124716214565,+/-70,39.19219468531804,92.96753157912651,12.76024943242913,63.80124716214565,32.812069969103476,38.28074829728739,16.406034984551738,28.254838028950218,36.45785552122609,42.837980237440654,28.254838028950218,22.786159700766305,20.05182053667435,44.660873013501956,31.900623581072825,45.57231940153261,36.45785552122609,59.24401522199239,60.15546161002304,78.38438937063609,38.28074829728739,53.77533689380848,20.05182053667435,39.19219468531804,64.7126935501763,27.343391640919563,18.228927760613043,39.19219468531804,52.863890505777825,56.509676057900435,15.494588596521087,19.140374148643694,42.837980237440654,51.04099772971652,13.671695820459782,105.72778101155565,53.77533689380848,30.07773080501152,51.95244411774717,47.39521217759391,35.54640913319543,85.67596047488131,18.228927760613043,65.62413993820695,48.306658565624566,37.36930190925674,18.228927760613043,27.343391640919563,38.28074829728739,41.015087461379345,17.317481372582392,35.54640913319543,33.72351635713413,33.72351635713413,21.87471331273565,48.306658565624566,36.45785552122609,55.59822966986978,51.95244411774717,72.00426465442152,32.812069969103476,52.863890505777825,18.228927760613043,40.1036410733487,92.05608519109586,49.218104953655214,20.963266924705,41.92653384941,45.57231940153261,50.12955134168587,20.963266924705,18.228927760613043,23.697606088796956,50.12955134168587,20.963266924705,59.24401522199239,51.95244411774717,51.95244411774717,54.686783281839126,39.19219468531804,35.54640913319543
B02010,99000000180,Synthetic Census Tract 99000000180,1.0,Total:,18.0232771023817,25.44462649748005,+/-24,15.902891560925031,22.264048185295042,12.722313248740026,30.745590351121727,12.722313248740026,18.0232771023817,29.685397580393392,26.504819268208387,28.625204809665057,13.78250601946836,16.963084331653366,16.963084331653366,20.143662643838372,21.203855414566707,11.662120478011689,14.842698790196696,13.78250601946836,10.601927707283354,23.324240956023377,26.504819268208387,10.601927707283354,20.143662643838372,28.625204809665057,10.601927707283354,22.264048185295042,16.963084331653366,14.842698790196696,15.902891560925031,16.963084331653366,13.78250601946836,26.504819268208387,21.203855414566707,15.902891560925031,12.722313248740026,25.44462649748005,22.264048185295042,19.083469873110037,40.287325287676744,19.083469873110037,13.78250601946836,25.44462649748005,16.963084331653366,31.805783121850062,11.662120478011689,13.78250601946836,21.203855414566707,8.481542165826683,24.384433726751713,23.324240956023377,5.300963853641677,12.722313248740026,19.083469873110037,21.203855414566707,11.662120478011689,30.745590351121727,37.10674697549174,28.625204809665057,22.264048185295042,6.361156624370013,23.324240956023377,12.722313248740026,13.78250601946836,7.421349395098348,22.264048185295042,22.264048185295042,14.842698790196696,27.56501203893672,21.203855414566707,15.902891560925031,40.287325287676744,25.44462649748005,21.203855414566707,16.963084331653366,33.92616866330673,11.662120478011689,11.662120478011689,7.421349395098348,13.78250601946836,31.805783121850062,11.662120478011689,24.384433726751713
B02010,99000000181,Synthetic Census Tract 99000000181,1.0,Total:,6.513354516206737,15.197827204482387,+/-14,8.68447268827565,10.855590860344561,4.342236344137825,22.79674080672358,2.1711181720689123,7.598913602241193,4.342236344137825,1.0855590860344562,3.2566772581033687,4.342236344137825,2.1711181720689123,11.941149946379017,4.342236344137825,5.427795430172281,3.2566772581033687,9.770031774310105,8.68447268827565,7.598913602241193,11.941149946379017,3.2566772581033687,4.342236344137825,5.427795430172281,6.513354516206737,10.855590860344561,3.2566772581033687,3.2566772581033687,6.513354516206737,2.1711181720689123,6.513354516206737,8.68447268827565,2.1711181720689123,6.513354516206737,5.427795430172281,15.197827204482387,3.2566772581033687,17.3689453765513,22.79674080672358,6.513354516206737,6.513354516206737,2.1711181720689123,7.598913602241193,9.770031774310105,4.342236344137825,14.11226811844793,2.1711181720689123,4.342236344137825,4.342236344137825,2.1711181720689123,4.342236344137825,4.342236344137825,2.1711181720689123,14.11226811844793,3.2566772581033687,4.342236344137825,5.427795430172281,7.598913602241193,7.598913602241193,13.026709032413475,6.513354516206737,4.342236344137825,6.513354516206737,7.598913602241193,6.513354516206737,6.513354516206737,5.427795430172281,4.342236344137825,4.342236344137825,1.0855590860344562,6.513354516206737,14.11226811844793,1.0855590860344562,6.513354516206737,5.427795430172281,8.68447268827565,2.1711181720689123,16.28338629051684,16.28338629051684,5.427795430172281,6.513354516206737,2.1711181720689123,5.427795430172281
B02010,99000000182,Synthetic Census Tract 99000000182,1.0,Total:,53.77550567086468,50.61224063140205,+/-48,30.578228714805405,86.46257774531183,35.85033711390979,65.37414414889432,103.33332462244586,56.93877071032731,61.15645742961081,39.01360215337242,43.23128887265592,70.6462525479987,57.99319239014819,72.75509590764045,54.82992735068556,65.37414414889432,63.265300789252564,53.77550567086468,51.66666231122293,39.01360215337242,60.102035749789934,45.34013223229767,78.02720430674484,36.904758793730664,57.99319239014819,15.816325197313141,33.741493754268035,47.44897559193942,48.5033972717603,69.59183086817782,55.884349030506435,39.01360215337242,39.01360215337242,55.884349030506435,46.394553912118546,26.360541995521903,45.34013223229767,49.557818951581176,57.99319239014819,63.265300789252564,42.17686719283505,48.5033972717603,46.394553912118546,40.068023833193294,59.04761406996906,48.5033972717603,34.79591543408891,50.61224063140205,61.15645742961081,65.37414414889432,81.19046934620746,33.741493754268035,60.102035749789934,41.12244551301417,56.93877071032731,49.557818951581176,44.28571055247679,44.28571055247679,44.28571055247679,63.265300789252564,52.721083991043805,52.721083991043805,22.142855276238397,64.31972246907344,34.79591543408891,89.62584278477446,71.70067422781958,54.82992735068556,45.34013223229767,28.469385355163656,49.557818951581176,65.37414414889432,80.13604766638659,51.66666231122293,55.884349030506435,71.70067422781958,70.6462525479987,55.884349030506435,44.28571055247679,23.197276956059273,60.102035749789934,51.66666231122293,44.28571055247679
B02010,99000000183,Synthetic Census Tract 99000000183,1.0,Total:,89.40767748443255,128.9133954426702,+/-124,77.97181175967955,100.84354320918555,122.67565050189583,162.18136846013348,100.84354320918555,42.62459042862482,170.49836171449928,31.18872470387182,119.55677803150866,64.4566977213351,121.6360263451001,79.01143591647528,86.28880501404538,68.615194348518,130.99264375626166,49.901959526194915,100.84354320918555,84.20955670045392,36.38684548785046,43.66421458542055,69.65481850531374,37.42646964464619,94.60579826841119,86.28880501404538,32.22834886066755,88.36805332763683,74.85293928929238,93.56617411161547,36.38684548785046,118.51715387471292,159.06249598974628,118.51715387471292,141.38888532421893,64.4566977213351,92.52654995481974,77.97181175967955,130.99264375626166,51.98120783978637,115.39828140432574,92.52654995481974,28.06985223348464,87.3284291708411,34.307597174259,45.743462899012,107.08128814995992,178.8153549688651,48.86233536939919,139.30963701062748,139.30963701062748,69.65481850531374,103.96241567957274,70.69444266210947,86.28880501404538,75.8925634460881,36.38684548785046,163.2209926169292,83.16993254365819,82.13030838686247,137.230388697036,134.11151622664883,101.88316736598128,126.83414712907874,111.23978477714283,77.97181175967955,148.666254421789,97.72467073879838,68.615194348518,100.84354320918555,121.6360263451001,41.584966271829096,37.42646964464619,36.38684548785046,37.42646964464619,141.38888532421893,90.44730164122828,77.97181175967955,30.149100547076095,171.537985871295,114.35865724753002,85.24918085724964,96.68504658200264
B02010,99000000184,Synthetic Census Tract 99000000184,1.0,Total:,6.405576262386461,12.811152524772922,+/-12,8.540768349848614,7.4731723061175375,10.675960437310767,14.946344612235075,4.270384174924307,7.4731723061175375,6.405576262386461,5.3379802186553835,6.405576262386461,2.1351920874621535,6.405576262386461,8.540768349848614,3.2027881311932305,7.4731723061175375,2.1351920874621535,9.608364393579691,12.811152524772922,8.540768349848614,10.675960437310767,3.2027881311932305,2.1351920874621535,8.540768349848614,10.675960437310767,14.946344612235075,6.405576262386461,6.405576262386461,7.4731723061175375,8.540768349848614,7.4731723061175375,2.1351920874621535,7.4731723061175375,11.743556481041844,2.1351920874621535,5.3379802186553835,2.1351920874621535,6.405576262386461,13.878748568503998,8.540768349848614,13.878748568503998,3.2027881311932305,2.1351920874621535,6.405576262386461,14.946344612235075,11.743556481041844,9.608364393579691,9.608364393579691,9.608364393579691,5.3379802186553835,9.608364393579691,2.1351920874621535,6.405576262386461,10.675960437310767,2.1351920874621535,6.405576262386461,2.1351920874621535,6.405576262386461,21.351920874621534,5.3379802186553835,12.811152524772922,2.1351920874621535,3.2027881311932305,6.405576262386461,8.540768349848614,11.743556481041844,7.4731723061175375,5.3379802186553835,5.3379802186553835,7.4731723061175375,7.4731723061175375,2.1351920874621535,7.4731723061175375,11.743556481041844,3.2027881311932305,6.405576262386461,2.1351920874621535,7.4731723061175375,11.743556481041844,4.270384174924307,10.675960437310767,2.1351920874621535,2.1351920874621535
B02010,99000000185,Synthetic Census Tract 99000000185,1.0,Total:,81.7227233918472,102.6074193697637,+/-113,62.65408793374952,106.23954040940136,98.06726807021664,97.15923781030723,51.75772481483656,126.21620612740846,30.873028836920053,98.06726807021664,136.204538986412,117.13590352831432,105.33151014949195,52.665755074745974,75.3665115724813,160.72135600396615,60.838027413930696,86.26287469139426,97.15923781030723,65.37817871347777,26.332877537372987,43.58545247565184,80.81469313193779,86.26287469139426,76.27454183239072,49.94166429501773,111.68772196885784,59.02196689411187,112.59575222876725,63.56211819365893,44.49348273556125,46.30954325538008,78.09060235220954,106.23954040940136,109.87166144903901,26.332877537372987,78.09060235220954,88.07893521121309,53.57378533465538,109.87166144903901,105.33151014949195,77.18257209230013,84.44681417157544,71.73439053284365,52.665755074745974,68.102269493206,122.5840850877708,37.229240656285945,122.5840850877708,71.73439053284365,56.29787611438363,55.38984585447421,61.746057673840106,107.14757066931077,94.43514703057899,22.700756497735334,86.26287469139426,94.43514703057899,58.11393663420245,79.90666287202838,136.204538986412,108.9636311891296,78.09060235220954,94.43514703057899,135.2965087265026,109.87166144903901,42.677422215742425,103.51544962967311,55.38984585447421,127.12423638731786,130.75635742695553,88.07893521121309,65.37817871347777,45.40151299547067,56.29787611438363,157.0892349643285,69.91833001302483,62.65408793374952,94.43514703057899,65.37817871347777,32.68908935673888,52.665755074745974,91.71105625085075
B02010,99000000186,Synthetic Census Tract 99000000186,1.0,Total:,80.87065230436775,126.0077605672707,+/-134,77.10922661579251,122.24633487869545,33.8528311971772,159.8605917644479,78.04958303793632,31.972118352889577,42.3160389964715,62.06352386149153,66.76530597221058,184.30985874018697,29.151049086458144,80.87065230436775,94.97599863652492,70.52673166078583,69.58637523864202,156.09916607587263,137.29203763299643,80.87065230436775,65.82494955006678,98.73742432510016,96.85671148081255,115.66383992368877,28.210692664314333,141.99381974371548,75.2285137715049,32.91247477503339,49.838890373621986,23.50891055359528,103.43920643581922,149.51667112086596,36.67390046360863,97.79706790295636,72.40744450507346,72.40744450507346,83.69172157079919,141.99381974371548,69.58637523864202,80.87065230436775,102.49885001367541,84.632077992943,70.52673166078583,49.838890373621986,108.14098854653828,28.210692664314333,113.78312707940114,126.0077605672707,105.31991928010684,96.85671148081255,99.67778074724397,31.031761930745766,130.70954267798973,87.45314725937443,77.10922661579251,82.75136514865538,89.33386010366205,23.50891055359528,45.137108262902935,95.91635505866873,88.39350368151824,74.28815734936107,85.5724344150868,31.972118352889577,155.15880965372884,34.79318761932101,76.1688701936487,147.63595827657835,108.14098854653828,119.42526561226401,87.45314725937443,30.091405508601955,177.7273637851803,70.52673166078583,117.54455276797638,82.75136514865538,91.21457294794968,39.49496973004007,31.031761930745766,80.87065230436775,80.87065230436775,80.87065230436775,75.2285137715049
B02010,99000000187,Synthetic Census Tract 99000000187,1.0,Total:,20.34966418894483,32.374465755139504,+/-35,19.4246794530837,32.374465755139504,21.27464892480596,6.4748931510279,10.174832094472414,21.27464892480596,29.599511547556116,5.5499084151667715,50.87416047236207,21.27464892480596,25.8995726041116,23.124618396528216,23.124618396528216,20.34966418894483,24.049603132389343,6.4748931510279,23.124618396528216,14.799755773778058,13.87477103791693,25.8995726041116,21.27464892480596,22.199633660667086,31.449481019278373,14.799755773778058,19.4246794530837,38.8493589061674,19.4246794530837,23.124618396528216,25.8995726041116,37.92437417030627,10.174832094472414,5.5499084151667715,8.324862622750157,7.399877886889029,34.22443522686176,22.199633660667086,21.27464892480596,5.5499084151667715,21.27464892480596,16.649725245500314,33.29945049100063,8.324862622750157,21.27464892480596,22.199633660667086,31.449481019278373,26.82455733997273,5.5499084151667715,33.29945049100063,10.174832094472414,22.199633660667086,23.124618396528216,19.4246794530837,21.27464892480596,14.799755773778058,17.574709981361444,29.599511547556116,5.5499084151667715,14.799755773778058,12.9497863020558,8.324862622750157,32.374465755139504,25.8995726041116,4.624923679305643,19.4246794530837,19.4246794530837,8.324862622750157,19.4246794530837,17.574709981361444,23.124618396528216,8.324862622750157,37.92437417030627,31.449481019278373,33.29945049100063,31.449481019278373,7.399877886889029,23.124618396528216,14.799755773778058,33.29945049100063,6.4748931510279,20.34966418894483,8.324862622750157
B02010,99000000188,Synthetic Census Tract 99000000188,1.0,Total:,0.0,20.01812396077195,+/-20,12.010874376463168,0.0,0.0,0.0,0.0,0.0,0.0,0.0,0.0,0.0,0.0,0.0,0.0,0.0,0.0,0.0,0.0,0.0,0.0,0.0,0.0,0.0,0.0,0.0,0.0,0.0,0.0,0.0,0.0,0.0,0.0,0.0,0.0,0.0,0.0,0.0,0.0,0.0,0.0,0.0,0.0,0.0,0.0,0.0,0.0,0.0,0.0,0.0,0.0,0.0,0.0,0.0,0.0,0.0,0.0,0.0,0.0,0.0,0.0,0.0,0.0,0.0,0.0,0.0,0.0,0.0,0.0,0.0,0.0,0.0,0.0,0.0,0.0,0.0,0.0,0.0,0.0,0.0,0.0,0.0,0.0
B02010,99000000189,Synthetic Census Tract 99000000189,1.0,Total:,287.43630943242067,186.7286973685069,+/-178,113.29606357190305,289.53438468375225,231.83731527213493,322.05455107939105,353.52567984936417,193.02292312250148,203.51329937915918,291.6324599350838,187.77773499417265,292.68149756074956,227.64116476947186,231.83731527213493,302.12283619174144,302.12283619174144,371.3593194856822,371.3593194856822,313.6622500740649,303.17187381740723,317.858400576728,331.495889710383,224.49405189247457,241.27865390312687,218.19982613847995,322.05455107939105,303.17187381740723,244.42576678012418,369.26124423435067,301.0737985660757,201.41522412782763,286.38727180675494,175.18928348618343,291.6324599350838,286.38727180675494,275.8968955500972,308.41706194573607,258.0632559137792,360.8689432290245,328.34877683338567,313.6622500740649,339.88819071570913,222.39597664114302,373.4573947370138,190.92484787116996,328.34877683338567,351.4276045980326,246.5238420314557,329.39781445905146,283.2401589297576,225.54308951814033,205.61137463049073,183.58158449150957,349.32952934670107,321.0055134537253,263.308444042108,311.5641748227334,324.1526263307226,352.4766422236984,331.495889710383,304.220911443073,301.0737985660757,211.90560038448533,247.5728796571215,207.70944988182225,377.6535452396768,355.6237551006957,214.00367563581688,211.90560038448533,290.583422309418,200.36618650216187,295.8286104377469,226.5921271438061,276.945933175763,216.1017508871484,305.26994906873875,362.96701848035605,268.55363217043686,340.9372283413749,230.78827764646917,260.1613311651107,339.88819071570913,188.8267726198384
B02010,99000000190,Synthetic Census Tract 99000000190,1.0,Total:,38.98809001878063,56.43013029034039,+/-55,33.85807817420423,18.468042640475034,49.24811370793343,37.96208764986535,37.96208764986535,69.76816108623902,41.04009475661119,76.95017766864598,50.274116076848706,48.22211133901815,36.93608528095007,34.88408054311951,21.546049747220874,37.96208764986535,51.300118445763985,16.416037902644476,38.98809001878063,47.19610897010287,13.338030795898636,58.482135028170944,14.364033164813916,15.390035533729197,43.09209949444175,42.06609712552647,51.300118445763985,75.9241752997307,33.85807817420423,62.58614450383207,62.58614450383207,41.04009475661119,47.19610897010287,35.91008291203479,14.364033164813916,57.456132659255665,60.5341397660015,14.364033164813916,34.88408054311951,46.17010660118759,15.390035533729197,32.83207580528895,50.274116076848706,70.7941634551543,35.91008291203479,36.93608528095007,46.17010660118759,18.468042640475034,32.83207580528895,18.468042640475034,32.83207580528895,38.98809001878063,17.442040271559755,40.01409238769591,56.43013029034039,19.494045009390316,23.598054485051435,57.456132659255665,29.75406869854311,53.35212318359454,38.98809001878063,38.98809001878063,50.274116076848706,77.97618003756126,46.17010660118759,37.96208764986535,47.19610897010287,22.572052116136156,43.09209949444175,15.390035533729197,30.780071067458394,35.91008291203479,24.624056853966714,35.91008291203479,68.74215871732375,12.312028426983357,14.364033164813916,73.87217056190013,34.88408054311951,47.19610897010287,60.5341397660015,41.04009475661119,13.338030795898636
B02010,99000000191,Synthetic Census Tract 99000000191,1.0,Total:,165.88506409262,165.88506409262,+/-155,100.60126467552439,186.21936227171534,200.1323031310964,208.69411289071547,157.3232543330009,82.40741893633381,226.88795862990605,157.3232543330009,143.41031347361988,109.16307443514349,248.2924830289538,160.53393299285807,135.91872993395316,124.1462415144769,115.5844317548578,191.57049337147728,190.5002671515249,148.7614445733818,222.60705375009653,199.062076911144,202.27275557100117,103.81194333538154,109.16307443514349,79.19674027647665,192.64071959142967,300.7335678066208,203.34298179095356,68.49447807695277,150.90189701328657,172.30642141233432,89.89900247600052,212.97501777052503,188.35981471162012,242.94135192919188,166.95529031257237,161.60415921281046,116.65465797481019,203.34298179095356,151.97212323323896,187.28958849166773,98.46081223561961,190.5002671515249,215.1154702104298,203.34298179095356,176.58732629214387,148.7614445733818,155.18280189309613,199.062076911144,151.97212323323896,188.35981471162012,205.48343423085834,196.92162447123923,84.54787137623858,75.98606161661948,105.95239577528632,148.7614445733818,151.97212323323896,222.60705375009653,170.16596897242954,191.57049337147728,199.062076911144,107.02262199523871,107.02262199523871,71.70515673680994,211.90479155057264,191.57049337147728,170.16596897242954,84.54787137623858,171.23619519238193,136.98895615390555,77.05628783657187,207.62388667076308,242.94135192919188,212.97501777052503,215.1154702104298,220.46660131019175,162.67438543276285,123.07601529452451,242.94135192919188,192.64071959142967,82.40741893633381
B02010,99000000192,Synthetic Census Tract 99000000192,1.0,Total:,0.0,13.034596378835055,+/-14,8.379383386393965,0.0,0.0,0.0,0.0,0.0,0.0,0.0,0.0,0.0,0.0,0.0,0.0,0.0,0.0,0.0,0.0,0.0,0.0,0.0,0.0,0.0,0.0,0.0,0.0,0.0,0.0,0.0,0.0,0.0,0.0,0.0,0.0,0.0,0.0,0.0,0.0,0.0,0.0,0.0,0.0,0.0,0.0,0.0,0.0,0.0,0.0,0.0,0.0,0.0,0.0,0.0,0.0,0.0,0.0,0.0,0.0,0.0,0.0,0.0,0.0,0.0,0.0,0.0,0.0,0.0,0.0,0.0,0.0,0.0,0.0,0.0,0.0,0.0,0.0,0.0,0.0,0.0,0.0,0.0,0.0
B02010,99000000193,Synthetic Census Tract 99000000193,1.0,Total:,0.0,14.656939057418453,+/-14,9.422317965483291,0.0,0.0,0.0,0.0,0.0,0.0,0.0,0.0,0.0,0.0,0.0,0.0,0.0,0.0,0.0,0.0,0.0,0.0,0.0,0.0,0.0,0.0,0.0,0.0,0.0,0.0,0.0,0.0,0.0,0.0,0.0,0.0,0.0,0.0,0.0,0.0,0.0,0.0,0.0,0.0,0.0,0.0,0.0,0.0,0.0,0.0,0.0,0.0,0.0,0.0,0.0,0.0,0.0,0.0,0.0,0.0,0.0,0.0,0.0,0.0,0.0,0.0,0.0,0.0,0.0,0.0,0.0,0.0,0.0,0.0,0.0,0.0,0.0,0.0,0.0,0.0,0.0,0.0,0.0,0.0
B02010,99000000194,Synthetic Census Tract 99000000194,1.0,Total:,134.22098663885066,164.25645218041166,+/-175,100.43108790459455,101.36969620276834,91.04500492285675,132.3437700425031,178.33557665301836,169.88810196945434,194.29191772197265,88.2291800283354,101.36969620276834,128.58933684980798,143.60706962058848,216.81851687814338,157.68619409319518,159.56341068954276,92.92222151920431,103.2469127991159,142.6684613224147,114.51021237720127,67.57979746851223,112.6329957808537,163.31784388223787,185.84444303840863,190.53748452927752,130.46655344615553,111.69438748267993,95.73804641372566,75.08866385390247,177.39696835484457,186.7830513365824,130.46655344615553,116.38742897354884,86.35196343198784,123.89629535893907,124.83490365711286,231.83624964892388,215.8799085799696,131.40516174432932,135.15959493702445,97.6152630100732,215.8799085799696,128.58933684980798,133.2823783406769,119.20325386807018,0.0,212.1254753872745,92.92222151920431,199.92356751101534,89.16778832650918,68.518405766686,127.6507285516342,131.40516174432932,136.09820323519824,35.66711533060367,188.66026793292997,97.6152630100732,21.58799085799696,195.2305260201464,151.1159360059787,123.89629535893907,75.08866385390247,168.0108853731068,189.59887623110373,188.66026793292997,98.553871308247,190.53748452927752,88.2291800283354,86.35196343198784,107.9399542899848,108.87856258815859,174.58114346032323,199.92356751101534,147.3615028132836,158.62480239136897,148.30011111145737,109.81717088633236,135.15959493702445,209.30965049275315,160.50201898771653,115.44882067537505,240.2837243324879,84.47474683564027
B02010,99000000195,Synthetic Census Tract 99000000195,1.0,Total:,137.39785203795265,80.14874702213905,+/-84,48.66173926344157,115.45236178189077,143.12276253953402,108.77329953004586,141.2144590390069,156.48088704322387,151.71012829190607,138.35200378821622,141.2144590390069,145.03106604006115,142.16861078927047,124.03972753426282,169.8390115469137,157.43503879348742,111.63575478083654,155.5267352929603,152.66428004216962,117.3606652824179,131.6729415363713,94.46102327609245,138.35200378821622,141.2144590390069,143.12276253953402,153.61843179243317,95.41517502635601,100.18593377767381,122.1314240337357,137.39785203795265,162.20579754480522,83.01120227292974,170.79316329717727,146.93936954058827,127.85633453531706,94.46102327609245,167.9307080463866,104.00254077872806,84.91950577345685,164.11410104533235,151.71012829190607,166.97655629612302,147.89352129085182,98.2776302771467,142.16861078927047,99.23178202741025,192.73865355323915,129.76463803584417,156.48088704322387,171.74731504744082,152.66428004216962,129.76463803584417,137.39785203795265,157.43503879348742,132.62709328663485,112.5899065311001,123.08557578399926,136.4437002876891,146.93936954058827,157.43503879348742,120.22312053320857,101.14008552793737,155.5267352929603,124.03972753426282,132.62709328663485,166.97655629612302,114.49821003162722,185.10543955113067,129.76463803584417,109.72745128030941,135.48954853742555,110.68160303057297,186.05959130139422,131.6729415363713,134.53539678716197,101.14008552793737,123.08557578399926,131.6729415363713,104.00254077872806,124.99387928452637,124.99387928452637,164.11410104533235,145.9852177903247
B02010,99000000196,Synthetic Census Tract 99000000196,1.0,Total:,6.2518856367375655,7.293866576193826,+/-7,4.167923757825044,4.167923757825044,7.293866576193826,6.2518856367375655,5.209904697281305,7.293866576193826,4.167923757825044,5.209904697281305,5.209904697281305,6.2518856367375655,5.209904697281305,5.209904697281305,5.209904697281305,7.293866576193826,3.1259428183687827,6.2518856367375655,5.209904697281305,9.377828455106348,7.293866576193826,5.209904697281305,6.2518856367375655,6.2518856367375655,8.335847515650087,3.1259428183687827,6.2518856367375655,6.2518856367375655,9.377828455106348,13.545752212931392,8.335847515650087,5.209904697281305,9.377828455106348,5.209904697281305,6.2518856367375655,4.167923757825044,9.377828455106348,4.167923757825044,4.167923757825044,3.1259428183687827,5.209904697281305,3.1259428183687827,4.167923757825044,9.377828455106348,4.167923757825044,7.293866576193826,7.293866576193826,6.2518856367375655,6.2518856367375655,4.167923757825044,5.209904697281305,5.209904697281305,2.083961878912522,10.41980939456261,3.1259428183687827,5.209904697281305,10.41980939456261,9.377828455106348,6.2518856367375655,4.167923757825044,6.2518856367375655,4.167923757825044,7.293866576193826,6.2518856367375655,7.293866576193826,4.167923757825044,9.377828455106348,4.167923757825044,6.2518856367375655,5.209904697281305,4.167923757825044,9.377828455106348,8.335847515650087,6.2518856367375655,3.1259428183687827,5.209904697281305,8.335847515650087,4.167923757825044,9.377828455106348,2.083961878912522,4.167923757825044,9.377828455106348,9.377828455106348
B02010,99000000197,Synthetic Census Tract 99000000197,1.0,Total:,21.92081913959473,36.1693515803313,+/-33,21.92081913959473,8.768327655837892,20.824778182614992,12.056450526777102,18.63269626865552,42.745597322209726,19.728737225635257,31.78518775241236,5.480204784898683,24.112901053554204,33.97726966637183,36.1693515803313,17.536655311675784,19.728737225635257,26.304982967513673,21.92081913959473,18.63269626865552,7.672286698858155,20.824778182614992,62.474334547844975,6.576245741878418,8.768327655837892,16.44061435469605,9.864368612817628,17.536655311675784,33.97726966637183,29.593105838452885,36.1693515803313,7.672286698858155,23.016860096574465,47.129761150128665,38.36143349429078,17.536655311675784,13.152491483756837,19.728737225635257,31.78518775241236,24.112901053554204,7.672286698858155,15.34457339771631,37.26539253731104,10.960409569797365,4.384163827918946,21.92081913959473,12.056450526777102,20.824778182614992,33.97726966637183,27.401023924493412,21.92081913959473,10.960409569797365,19.728737225635257,42.745597322209726,37.26539253731104,25.20894201053394,17.536655311675784,15.34457339771631,19.728737225635257,20.824778182614992,12.056450526777102,21.92081913959473,31.78518775241236,10.960409569797365,12.056450526777102,21.92081913959473,9.864368612817628,18.63269626865552,36.1693515803313,24.112901053554204,36.1693515803313,7.672286698858155,19.728737225635257,37.26539253731104,24.112901053554204,18.63269626865552,17.536655311675784,19.728737225635257,21.92081913959473,15.34457339771631,14.248532440736573,27.401023924493412,37.26539253731104,7.672286698858155
B02010,99000000198,Synthetic Census Tract 99000000198,1.0,Total:,87.9185500228056,98.14163723475974,+/-96,59.293905829334015,97.11932851356434,75.65084536846064,116.5431942162772,60.31621455052943,68.49468432009274,74.62853664726522,88.94085874400102,138.0116773613809,89.96316746519643,54.18236222335695,80.76238897443771,99.16394595595516,81.78469769563313,38.84773140542573,81.78469769563313,62.360831992920254,97.11932851356434,110.40934188910472,93.03009362878268,125.74397270703592,117.56550293747262,48.04850989618446,119.61012037986345,52.137744780966116,36.8031139630349,89.96316746519643,77.69546281085147,123.6993552646451,107.34241572551848,52.137744780966116,105.29779828312765,77.69546281085147,93.03009362878268,47.02620117498905,89.96316746519643,75.65084536846064,75.65084536846064,143.12322096735798,104.27548956193223,133.92244247659923,78.71777153204688,77.69546281085147,124.72166398584051,66.45006687770191,61.338523271724846,102.2308721195414,98.14163723475974,167.65863027604792,118.58781165866803,58.2715971081386,80.76238897443771,101.20856339834599,65.4277581565065,39.87004012662115,105.29779828312765,81.78469769563313,85.87393258041477,130.855516313013,71.56161048367899,119.61012037986345,108.3647244467139,48.04850989618446,134.94475119779466,55.20467094455236,29.646952914667008,108.3647244467139,84.85162385921937,132.90013375540383,123.6993552646451,44.98158373259822,87.9185500228056,85.87393258041477,86.89624130161019,40.892348847816564,99.16394595595516,103.25318084073682,51.1154360597707,108.3647244467139,83.82931513802396,159.4801605064846
B02010,99000000199,Synthetic Census Tract 99000000199,1.0,Total:,10.01990069298085,15.485301070970404,+/-17,9.10900062998259,8.198100566984332,7.287200503986073,6.376300440987814,3.6436002519930364,7.287200503986073,4.554500314991295,10.01990069298085,15.485301070970404,4.554500314991295,10.01990069298085,18.21800125996518,3.6436002519930364,4.554500314991295,22.77250157495648,10.01990069298085,12.752600881975628,16.396201133968663,9.10900062998259,13.663500944973887,3.6436002519930364,8.198100566984332,11.841700818977369,9.10900062998259,13.663500944973887,10.93080075597911,12.752600881975628,9.10900062998259,21.86160151195822,16.396201133968663,10.01990069298085,9.10900062998259,14.574401007972146,13.663500944973887,7.287200503986073,12.752600881975628,12.752600881975628,4.554500314991295,7.287200503986073,5.465400377989555,12.752600881975628,11.841700818977369,13.663500944973887,18.21800125996518,6.376300440987814,12.752600881975628,5.465400377989555,8.198100566984332,7.287200503986073,4.554500314991295,11.841700818977369,10.01990069298085,2.7327001889947775,2.7327001889947775,12.752600881975628,10.01990069298085,7.287200503986073,15.485301070970404,10.01990069298085,16.396201133968663,4.554500314991295,13.663500944973887,13.663500944973887,8.198100566984332,13.663500944973887,9.10900062998259,17.307101196966922,11.841700818977369,7.287200503986073,18.21800125996518,15.485301070970404,3.6436002519930364,14.574401007972146,15.485301070970404,4.554500314991295,12.752600881975628,8.198100566984332,3.6436002519930364,14.574401007972146,4.554500314991295,13.663500944973887
B02010,99000000200,Synthetic Census Tract 99000000200,1.0,Total:,52.18635149326084,52.18635149326084,+/-51,31.721115613550705,58.32592225717388,73.67484916695648,52.18635149326084,58.32592225717388,75.72137275492749,30.6978538195652,30.6978538195652,39.90720996543476,31.721115613550705,73.67484916695648,44.000257141376785,69.58180199101446,65.48875481507243,65.48875481507243,61.3957076391304,50.13982790528983,50.13982790528983,47.070042523333306,57.302660463188374,62.418969433115905,65.48875481507243,68.55854019702895,21.48849767369564,63.44223122710141,79.81441993086952,61.3957076391304,67.53527840304343,37.86068637746374,33.76763920152172,47.070042523333306,40.930471759420264,45.02351893536229,35.814162789492734,40.930471759420264,30.6978538195652,48.09330431731881,58.32592225717388,31.721115613550705,26.604806643623174,55.25613687521736,88.00051428275357,69.58180199101446,30.6978538195652,73.67484916695648,74.69811096094199,49.11656611130432,50.13982790528983,30.6978538195652,44.000257141376785,56.27939866920286,42.97699534739128,59.349184051159384,41.953733553405776,57.302660463188374,44.000257141376785,70.60506378499996,83.90746710681155,24.55828305565216,30.6978538195652,32.74437740753621,45.02351893536229,63.44223122710141,53.20961328724635,35.814162789492734,63.44223122710141,42.97699534739128,39.90720996543476,39.90720996543476,25.581544849637666,73.67484916695648,35.814162789492734,73.67484916695648,44.000257141376785,50.13982790528983,51.16308969927533,34.79090099550723,54.23287508123185,46.0467807293478,51.16308969927533,24.55828305565216
B02010,99000000201,Synthetic Census Tract 99000000201,1.0,Total:,38.1557446332734,62.6844376118063,+/-69,38.1557446332734,28.162573419797035,61.77596750149027,31.79645386106117,35.430334302325306,39.97268485390547,11.810111434108434,40.8811549642215,43.6065652951696,65.40984794275441,11.810111434108434,49.057385957065804,74.49454904591474,37.24727452295737,34.52186419200927,17.260932096004634,10.9016413237924,63.59290772212234,42.69809518485357,35.430334302325306,11.810111434108434,44.51503540548564,80.85383981812697,36.33880441264134,38.1557446332734,45.42350551580167,13.627051654740502,42.69809518485357,49.057385957065804,69.95219849433457,16.352461985688603,90.84701103160334,52.69126639832994,32.704923971377205,34.52186419200927,11.810111434108434,15.443991875372568,56.32514683959407,43.6065652951696,36.33880441264134,53.599736508645975,30.887983750745136,14.535521765056535,30.887983750745136,57.23361694991011,46.3319756261177,61.77596750149027,48.14891584674977,32.704923971377205,15.443991875372568,68.1352582737025,11.810111434108434,16.352461985688603,40.8811549642215,39.97268485390547,58.14208706022614,62.6844376118063,13.627051654740502,39.06421474358944,48.14891584674977,64.50137783243838,35.430334302325306,11.810111434108434,53.599736508645975,26.34563319916497,42.69809518485357,59.95902728085821,29.07104353011307,38.1557446332734,13.627051654740502,60.86749739117424,12.718581544424469,18.16940220632067,42.69809518485357,36.33880441264134,69.04372838401854,49.057385957065804,11.810111434108434,37.24727452295737,39.06421474358944,12.718581544424469
B02010,99000000202,Synthetic Census Tract 99000000202,1.0,Total:,365.04507923067024,320.89508439746237,+/-298,194.9060747514788,275.6682604219811,442.5767774743524,494.26457630347386,339.2011798161095,398.42678264114454,215.3658284546727,345.6621546697497,327.3560592511025,493.1877471612005,203.52070788966572,318.74142611291563,256.2853358610605,221.8268033083129,445.8072649011725,512.570671722121,254.1316775765138,331.663375820196,409.19507406387817,370.4292249420371,379.04385808022397,496.4182345880206,237.97924044241336,217.51948673921945,230.4414364464998,298.2816724097217,447.96092318571925,319.818255255189,388.7353203606842,172.29266276373818,421.04019462888516,437.1926317629856,456.57555632390614,464.1133603198197,305.81947640563527,293.9743558406283,491.0340888766538,405.96458663705806,426.424340340252,366.1219083729436,449.0377523279926,463.03653117754635,190.59875818238535,191.67558732465872,233.67192387331988,211.05851188557926,479.18896831164676,341.35483810065625,396.2731243565978,205.67436617421245,442.5767774743524,403.8109283525113,408.1182449216048,483.49628488074023,432.88531519389215,302.58898897881517,542.7218877057752,381.1975163647707,357.5072752347567,422.11702377115853,267.0536272837942,242.2865570115068,416.7328780597917,419.9633654866118,465.1901894620931,427.5011694825253,241.20972786923343,400.5804409256912,326.27923010882915,479.18896831164676,264.89996899924745,389.8121495029576,279.97557699107455,194.9060747514788,432.88531519389215,411.3487323484249,159.37071305645782,297.2048432674483,393.0426369297777,375.81337065340387,314.43410954382216
B02010,99000000203,Synthetic Census Tract 99000000203,1.0,Total:,93.77240913181119,117.73646924327404,+/-113,71.89218033438857,121.90413187135454,112.52689095817341,111.4849753011533,59.38919245014708,144.82627632579727,35.42513233868422,112.52689095817341,156.28734855301863,134.40711975559603,120.86221621433441,60.431108107167205,86.47899953267031,184.419071292562,69.80834902034832,98.9819874169118,111.4849753011533,75.01792730544895,30.215554053583602,50.01195153696597,92.73049347479106,98.9819874169118,87.52091518969044,57.30536113610683,128.15562581347527,67.72451770630808,129.1975414704954,72.9340959914087,51.053867193986086,53.13769850802633,89.60474650373068,121.90413187135454,126.07179449943503,30.215554053583602,89.60474650373068,101.06581873095205,61.47302376418733,126.07179449943503,120.86221621433441,88.56283084671055,96.89815610287155,82.31133690458981,60.431108107167205,78.14367427650932,140.65861369771676,42.718541937825094,140.65861369771676,82.31133690458981,64.5987707352477,63.55685507822758,70.85026467736844,122.94604752837466,108.35922833009292,26.047891425503106,98.9819874169118,108.35922833009292,66.68260204928795,91.68857781777093,156.28734855301863,125.0298788424149,89.60474650373068,108.35922833009292,155.2454328959985,126.07179449943503,48.97003587994584,118.77838490029416,63.55685507822758,145.8681919828174,150.0358546108979,101.06581873095205,75.01792730544895,52.09578285100621,64.5987707352477,180.2514086644815,80.22750559054957,71.89218033438857,108.35922833009292,75.01792730544895,37.508963652724475,60.431108107167205,105.23348135903255
B02010,99000000204,Synthetic Census Tract 99000000204,1.0,Total:,5.607753415707004,11.215506831414007,+/-12,7.4770045542760055,6.542378984991505,9.346255692845007,13.08475796998301,3.7385022771380028,6.542378984991505,5.607753415707004,4.673127846422504,5.607753415707004,1.8692511385690014,5.607753415707004,7.4770045542760055,2.803876707853502,6.542378984991505,1.8692511385690014,8.411630123560506,11.215506831414007,7.4770045542760055,9.346255692845007,2.803876707853502,1.8692511385690014,7.4770045542760055,9.346255692845007,13.08475796998301,5.607753415707004,5.607753415707004,6.542378984991505,7.4770045542760055,6.542378984991505,1.8692511385690014,6.542378984991505,10.280881262129508,1.8692511385690014,4.673127846422504,1.8692511385690014,5.607753415707004,12.150132400698508,7.4770045542760055,12.150132400698508,2.803876707853502,1.8692511385690014,5.607753415707004,13.08475796998301,10.280881262129508,8.411630123560506,8.411630123560506,8.411630123560506,4.673127846422504,8.411630123560506,1.8692511385690014,5.607753415707004,9.346255692845007,1.8692511385690014,5.607753415707004,1.8692511385690014,5.607753415707004,18.692511385690015,4.673127846422504,11.215506831414007,1.8692511385690014,2.803876707853502,5.607753415707004,7.4770045542760055,10.280881262129508,6.542378984991505,4.673127846422504,4.673127846422504,6.542378984991505,6.542378984991505,1.8692511385690014,6.542378984991505,10.280881262129508,2.803876707853502,5.607753415707004,1.8692511385690014,6.542378984991505,10.280881262129508,3.7385022771380028,9.346255692845007,1.8692511385690014,1.8692511385690014
B02010,99000000205,Synthetic Census Tract 99000000205,1.0,Total:,80.81428970250589,43.162177454747464,+/-47,26.631981833780348,89.07938751298944,84.48766650716524,67.0391266850333,95.50779692114332,56.93734047222006,89.07938751298944,59.69237307571458,67.95747088619814,72.54919189202234,67.0391266850333,80.81428970250589,73.46753609318716,43.162177454747464,61.529061478044255,68.87581508736297,67.0391266850333,78.05925709901136,85.40601070833009,90.91607591531913,65.20243828270361,90.91607591531913,91.83442011648395,66.12078248386845,72.54919189202234,85.40601070833009,102.85455053046203,71.6308476908575,104.69123893279172,78.05925709901136,91.83442011648395,97.344485323473,80.81428970250589,89.07938751298944,90.91607591531913,89.07938751298944,96.42614112230815,69.79415928852781,91.83442011648395,77.14091289784653,72.54919189202234,76.22256869668169,74.385880294352,77.14091289784653,91.83442011648395,62.44740567920909,79.89594550134105,78.05925709901136,72.54919189202234,69.79415928852781,77.14091289784653,88.1610433118246,82.65097810483556,49.59058686290134,74.385880294352,72.54919189202234,55.10065206989038,68.87581508736297,72.54919189202234,81.73263390367073,92.7527643176488,90.91607591531913,79.89594550134105,67.95747088619814,91.83442011648395,57.85568467338489,88.1610433118246,78.05925709901136,90.91607591531913,68.87581508736297,97.344485323473,106.52792733512139,93.67110851881364,102.85455053046203,64.28409408153877,96.42614112230815,79.89594550134105,83.5693223060004,87.24269911065976,78.9776013001762,77.14091289784653
B02010,99000000206,Synthetic Census Tract 99000000206,1.0,Total:,28.101199373281915,31.848025956386167,+/-34,19.67083956129734,34.65814589371436,25.291079435953723,20.607546207073405,37.46826583104255,26.227786081729786,16.860719623969146,14.050599686640957,30.911319310610104,29.97461266483404,15.924012978193083,46.83533228880319,30.911319310610104,41.21509241414681,42.15179905992287,29.97461266483404,32.78473260216223,34.65814589371436,50.582158871907446,15.924012978193083,12.177186395088828,21.544252852849468,32.78473260216223,17.797426269745213,23.417666144401593,23.417666144401593,32.78473260216223,48.70874558035531,19.67083956129734,29.97461266483404,37.46826583104255,24.354372790177656,29.037906019057978,37.46826583104255,25.291079435953723,26.227786081729786,26.227786081729786,39.34167912259468,32.78473260216223,17.797426269745213,23.417666144401593,17.797426269745213,34.65814589371436,38.404972476818614,25.291079435953723,47.77203893457925,38.404972476818614,44.96191899725106,28.101199373281915,18.734132915521275,40.27838576837074,15.924012978193083,27.16449272750585,17.797426269745213,16.860719623969146,24.354372790177656,30.911319310610104,32.78473260216223,28.101199373281915,44.96191899725106,49.64545222613138,29.97461266483404,17.797426269745213,28.101199373281915,33.72143924793829,33.72143924793829,18.734132915521275,13.113893040864893,39.34167912259468,21.544252852849468,16.860719623969146,34.65814589371436,25.291079435953723,37.46826583104255,24.354372790177656,32.78473260216223,40.27838576837074,7.49365316620851,32.78473260216223,21.544252852849468,36.53155918526649
B02010,99000000207,Synthetic Census Tract 99000000207,1.0,Total:,17.53608697457342,29.592146769592645,+/-27,18.63209241048426,24.11211959003845,13.152065230930063,23.01611415412761,28.496141333681805,6.5760326154650315,21.920108718216774,16.44008153866258,35.07217394914684,15.34407610275174,14.248070666840903,5.4800271795541935,17.53608697457342,16.44008153866258,30.68815220550348,7.67203805137587,6.5760326154650315,17.53608697457342,6.5760326154650315,14.248070666840903,15.34407610275174,16.44008153866258,33.976168513236,27.400135897770966,18.63209241048426,14.248070666840903,32.88016307732516,6.5760326154650315,16.44008153866258,5.4800271795541935,5.4800271795541935,19.728097846395094,5.4800271795541935,32.88016307732516,21.920108718216774,14.248070666840903,15.34407610275174,28.496141333681805,20.824103282305934,5.4800271795541935,33.976168513236,35.07217394914684,16.44008153866258,16.44008153866258,24.11211959003845,6.5760326154650315,15.34407610275174,15.34407610275174,29.592146769592645,20.824103282305934,19.728097846395094,5.4800271795541935,15.34407610275174,16.44008153866258,25.20812502594929,7.67203805137587,6.5760326154650315,15.34407610275174,5.4800271795541935,15.34407610275174,14.248070666840903,18.63209241048426,39.45619569279019,27.400135897770966,17.53608697457342,17.53608697457342,24.11211959003845,7.67203805137587,13.152065230930063,6.5760326154650315,6.5760326154650315,17.53608697457342,5.4800271795541935,28.496141333681805,25.20812502594929,17.53608697457342,13.152065230930063,29.592146769592645,20.824103282305934,7.67203805137587,40.55220112870103
B02010,99000000208,Synthetic Census Tract 99000000208,1.0,Total:,29.751363854750938,37.685060882684525,+/-38,22.809378955309054,19.83424256983396,7.933697027933584,24.79280321229245,16.859106184358865,43.63533365363471,26.776227469275845,28.759651726259243,10.908833413408678,35.70163662570113,46.610470039109806,27.767939597767544,48.593894296093204,43.63533365363471,25.784515340784147,38.67677301117622,28.759651726259243,33.71821236871773,26.776227469275845,45.61875791061811,32.72650024022603,11.900545541900376,10.908833413408678,22.809378955309054,15.867394055867168,51.56903068156829,18.842530441342262,47.602182167601505,10.908833413408678,35.70163662570113,34.70992449720943,32.72650024022603,48.593894296093204,25.784515340784147,29.751363854750938,40.66019726815962,19.83424256983396,35.70163662570113,32.72650024022603,46.610470039109806,37.685060882684525,14.875681927375469,11.900545541900376,27.767939597767544,18.842530441342262,38.67677301117622,26.776227469275845,32.72650024022603,9.91712128491698,39.66848513966792,32.72650024022603,29.751363854750938,38.67677301117622,27.767939597767544,34.70992449720943,49.5856064245849,21.817666826817355,36.693348754192826,27.767939597767544,38.67677301117622,29.751363854750938,22.809378955309054,8.925409156425282,19.83424256983396,16.859106184358865,37.685060882684525,24.79280321229245,27.767939597767544,8.925409156425282,35.70163662570113,49.5856064245849,43.63533365363471,45.61875791061811,33.71821236871773,27.767939597767544,39.66848513966792,21.817666826817355,33.71821236871773,35.70163662570113,45.61875791061811,34.70992449720943
B02010,99000000209,Synthetic Census Tract 99000000209,1.0,Total:,86.6589275527991,81.37484660445769,+/-77,49.670360914409244,60.23852281109206,62.35215519042862,104.62480277715989,91.94300850114051,69.7498685181066,129.98839132919866,126.8179427601938,75.03394946644801,69.7498685181066,110.96569991516958,68.69305232843831,73.97713327677972,80.3180304147894,68.69305232843831,131.04520751886693,141.61336941554976,44.38627996606783,76.09076565611629,65.52260375943347,92.9998246908088,88.77255993213566,119.42022943251584,59.18170662142378,52.840809483414084,52.840809483414084,131.04520751886693,90.88619231147223,71.86350089744316,105.68161896682817,64.46578756976518,62.35215519042862,86.6589275527991,101.45435420815505,131.04520751886693,85.60211136313082,116.24978086351099,66.57941994910175,97.22708944948192,60.23852281109206,100.39753801848677,62.35215519042862,60.23852281109206,69.7498685181066,92.9998246908088,81.37484660445769,104.62480277715989,92.9998246908088,49.670360914409244,69.7498685181066,109.9088837255013,68.69305232843831,101.45435420815505,97.22708944948192,70.80668470777488,119.42022943251584,126.8179427601938,61.29533900076034,83.48847898379425,75.03394946644801,78.20439803545285,113.07933229450614,138.4429208465449,66.57941994910175,56.01125805241893,51.7839932937458,110.96569991516958,89.82937612180395,73.97713327677972,91.94300850114051,82.43166279412597,69.7498685181066,83.48847898379425,119.42022943251584,135.27247227754006,67.63623613877003,95.11345707014536,83.48847898379425,102.51117039782332,45.443096155736114,110.96569991516958
B02010,99000000210,Synthetic Census Tract 99000000210,1.0,Total:,0.0,14.381943357901775,+/-14,9.245535015793998,0.0,0.0,0.0,0.0,0.0,0.0,0.0,0.0,0.0,0.0,0.0,0.0,0.0,0.0,0.0,0.0,0.0,0.0,0.0,0.0,0.0,0.0,0.0,0.0,0.0,0.0,0.0,0.0,0.0,0.0,0.0,0.0,0.0,0.0,0.0,0.0,0.0,0.0,0.0,0.0,0.0,0.0,0.0,0.0,0.0,0.0,0.0,0.0,0.0,0.0,0.0,0.0,0.0,0.0,0.0,0.0,0.0,0.0,0.0,0.0,0.0,0.0,0.0,0.0,0.0,0.0,0.0,0.0,0.0,0.0,0.0,0.0,0.0,0.0,0.0,0.0,0.0,0.0,0.0,0.0
B02010,99000000211,Synthetic Census Tract 99000000211,1.0,Total:,83.18757565932167,78.11516250936302,+/-77,47.680683609611194,57.82550990952847,59.85447516951193,100.43378036918102,88.2599888092803,66.95585357945401,124.78136348898249,121.73791559900731,72.02826672941265,66.95585357945401,106.52067614913139,65.9413709494623,71.01378409942093,77.1006798793713,65.9413709494623,125.79584611897421,135.9406724188915,42.60827045965256,73.04274935940438,62.897923059487105,89.27447143927202,85.21654091930512,114.63653718906521,56.811027279536745,50.72413149958638,50.72413149958638,125.79584611897421,87.24550617928857,68.98481883943748,101.44826299917275,61.88344042949538,59.85447516951193,83.18757565932167,97.39033247920585,125.79584611897421,82.17309302932993,111.59308929909002,63.91240568947884,93.33240195923894,57.82550990952847,96.37584984921412,59.85447516951193,57.82550990952847,66.95585357945401,89.27447143927202,78.11516250936302,100.43378036918102,89.27447143927202,47.680683609611194,66.95585357945401,105.50619351913967,65.9413709494623,97.39033247920585,93.33240195923894,67.97033620944575,114.63653718906521,121.73791559900731,58.839992539520196,80.14412776934648,72.02826672941265,75.07171461938783,108.54964140911486,132.8972245289163,63.91240568947884,53.76757938956156,49.70964886959465,106.52067614913139,86.23102354929684,71.01378409942093,88.2599888092803,79.12964513935475,66.95585357945401,80.14412776934648,114.63653718906521,129.85377663894113,64.92688831947056,91.30343669925549,80.14412776934648,98.40481510919757,43.622753089644284,106.52067614913139
B02010,99000000212,Synthetic Census Tract 99000000212,1.0,Total:,1.8580521018660199,4.64513025466505,+/-5,2.7870781527990296,0.9290260509330099,0.9290260509330099,0.9290260509330099,1.8580521018660199,2.7870781527990296,1.8580521018660199,2.7870781527990296,4.64513025466505,4.64513025466505,0.9290260509330099,0.9290260509330099,0.0,1.8580521018660199,3.7161042037320398,1.8580521018660199,1.8580521018660199,3.7161042037320398,5.574156305598059,3.7161042037320398,5.574156305598059,0.9290260509330099,0.9290260509330099,2.7870781527990296,2.7870781527990296,0.9290260509330099,1.8580521018660199,2.7870781527990296,0.9290260509330099,0.0,0.0,5.574156305598059,0.9290260509330099,2.7870781527990296,1.8580521018660199,0.9290260509330099,4.64513025466505,2.7870781527990296,0.9290260509330099,0.9290260509330099,3.7161042037320398,1.8580521018660199,3.7161042037320398,0.9290260509330099,1.8580521018660199,0.9290260509330099,0.9290260509330099,1.8580521018660199,0.0,0.9290260509330099,2.7870781527990296,3.7161042037320398,5.574156305598059,0.9290260509330099,0.9290260509330099,2.7870781527990296,0.9290260509330099,0.9290260509330099,0.9290260509330099,0.9290260509330099,0.0,2.7870781527990296,0.9290260509330099,0.0,0.9290260509330099,1.8580521018660199,1.8580521018660199,1.8580521018660199,1.8580521018660199,0.9290260509330099,0.9290260509330099,0.0,0.9290260509330099,3.7161042037320398,1.8580521018660199,1.8580521018660199,1.8580521018660199,2.7870781527990296,3.7161042037320398,3.7161042037320398,0.0
B02010,99000000213,Synthetic Census Tract 99000000213,1.0,Total:,148.13186513678022,182.98642163955202,+/-168,111.09889885258515,246.16030530082594,237.44666617513298,92.58241571048764,62.08467877056229,224.37620748659356,240.71428084726784,70.79831789625524,211.3057487980541,202.59210967236118,143.77504557393374,129.61538199468268,57.72785920771582,163.38073360674287,215.6625683609006,164.4699384974545,139.41822601108726,64.26308855198553,151.39947980891506,143.77504557393374,216.7517732516122,51.1926298634461,84.9579814755063,225.46541237730517,210.2165439073425,83.86877658479467,179.71880696741718,185.16483142097528,90.4040059290644,81.69036680337143,139.41822601108726,125.25856243183621,155.75629937176154,212.39495368876575,155.75629937176154,163.38073360674287,118.72333308756649,155.75629937176154,191.70006076524498,143.77504557393374,131.79379177610593,99.11764505475735,67.53070322412039,203.6813145630728,181.8972167488404,54.46024453558096,157.93470915318477,217.84097814232385,67.53070322412039,90.4040059290644,167.73755316958935,228.73302704944004,238.5358710658446,139.41822601108726,147.04266024606858,157.93470915318477,165.55914338816612,198.2352901095147,112.18810374329678,152.48868469962667,137.23981622966403,235.26825639370975,189.52165098382173,75.15513745910172,98.02844016404573,217.84097814232385,123.08015265041297,58.81706409842744,179.71880696741718,252.69553464509565,186.2540363116869,218.93018303303546,118.72333308756649,223.28700259588194,120.90174286898973,154.66709448104993,173.18357762314744,69.70911300554363,127.43697221325945,155.75629937176154,194.96767543737982
B02010,99000000214,Synthetic Census Tract 99000000214,1.0,Total:,0.0,19.20537053005887,+/-20,11.523222318035323,0.0,0.0,0.0,0.0,0.0,0.0,0.0,0.0,0.0,0.0,0.0,0.0,0.0,0.0,0.0,0.0,0.0,0.0,0.0,0.0,0.0,0.0,0.0,0.0,0.0,0.0,0.0,0.0,0.0,0.0,0.0,0.0,0.0,0.0,0.0,0.0,0.0,0.0,0.0,0.0,0.0,0.0,0.0,0.0,0.0,0.0,0.0,0.0,0.0,0.0,0.0,0.0,0.0,0.0,0.0,0.0,0.0,0.0,0.0,0.0,0.0,0.0,0.0,0.0,0.0,0.0,0.0,0.0,0.0,0.0,0.0,0.0,0.0,0.0,0.0,0.0,0.0,0.0,0.0,0.0
B02010,99000000215,Synthetic Census Tract 99000000215,1.0,Total:,16.249655090584135,29.452499851683744,+/-29,18.28086197690715,16.249655090584135,6.0936206589690505,12.187241317938101,21.327672306391676,22.343275749553186,5.078017215807542,6.0936206589690505,6.0936206589690505,15.234051647422627,5.078017215807542,27.421292965360728,13.202844761099609,26.405689522199218,28.436896408522237,22.343275749553186,19.29646542006866,6.0936206589690505,16.249655090584135,10.156034431615083,10.156034431615083,10.156034431615083,20.312068863230166,11.171637874776593,6.0936206589690505,31.48370673800676,28.436896408522237,40.62413772646033,16.249655090584135,25.39008607903771,15.234051647422627,4.062413772646034,33.51491362432978,7.109224102130559,15.234051647422627,19.29646542006866,6.0936206589690505,28.436896408522237,14.218448204261119,20.312068863230166,12.187241317938101,16.249655090584135,7.109224102130559,18.28086197690715,18.28086197690715,23.358879192714692,6.0936206589690505,5.078017215807542,12.187241317938101,16.249655090584135,3.0468103294845252,22.343275749553186,11.171637874776593,37.57732739697581,33.51491362432978,32.49931018116827,18.28086197690715,3.0468103294845252,17.265258533745644,17.265258533745644,24.374482635876202,12.187241317938101,17.265258533745644,15.234051647422627,11.171637874776593,24.374482635876202,19.29646542006866,37.57732739697581,13.202844761099609,28.436896408522237,17.265258533745644,8.124827545292067,18.28086197690715,4.062413772646034,7.109224102130559,11.171637874776593,6.0936206589690505,27.421292965360728,14.218448204261119,22.343275749553186,21.327672306391676
B02010,99000000216,Synthetic Census Tract 99000000216,1.0,Total:,0.0,14.559372644849386,+/-14,9.35959670026032,0.0,0.0,0.0,0.0,0.0,0.0,0.0,0.0,0.0,0.0,0.0,0.0,0.0,0.0,0.0,0.0,0.0,0.0,0.0,0.0,0.0,0.0,0.0,0.0,0.0,0.0,0.0,0.0,0.0,0.0,0.0,0.0,0.0,0.0,0.0,0.0,0.0,0.0,0.0,0.0,0.0,0.0,0.0,0.0,0.0,0.0,0.0,0.0,0.0,0.0,0.0,0.0,0.0,0.0,0.0,0.0,0.0,0.0,0.0,0.0,0.0,0.0,0.0,0.0,0.0,0.0,0.0,0.0,0.0,0.0,0.0,0.0,0.0,0.0,0.0,0.0,0.0,0.0,0.0,0.0
B02010,99000000217,Synthetic Census Tract 99000000217,1.0,Total:,43.2535585040606,44.28340513510966,+/-43,26.77601240727561,67.96987764923809,43.2535585040606,52.522178183502156,45.31325176615873,44.28340513510966,42.22371187301154,36.044632086717165,54.581871445600285,36.044632086717165,73.1191108044834,52.522178183502156,79.29819059077776,58.70125796979653,15.44769946573593,44.28340513510966,28.835705669373734,39.134171979864355,49.43263829035497,25.746165776226547,35.014785455668104,47.37294502825685,17.507392727834052,56.64156470769841,55.611718076649346,33.98493882461904,54.581871445600285,35.014785455668104,25.746165776226547,52.522178183502156,46.34309839720779,44.28340513510966,68.99972428028715,65.91018438713996,37.074478717766226,49.43263829035497,40.164018610913416,53.55202481455122,37.074478717766226,41.19386524196248,40.164018610913416,38.104325348815294,26.77601240727561,49.43263829035497,38.104325348815294,42.22371187301154,59.73110460084559,41.19386524196248,36.044632086717165,35.014785455668104,52.522178183502156,37.074478717766226,75.17880406658152,73.1191108044834,36.044632086717165,32.95509219356998,35.014785455668104,61.79079786294372,58.70125796979653,45.31325176615873,38.104325348815294,63.85049112504184,25.746165776226547,54.581871445600285,45.31325176615873,35.014785455668104,32.95509219356998,41.19386524196248,49.43263829035497,49.43263829035497,75.17880406658152,56.64156470769841,44.28340513510966,58.70125796979653,31.92524556252092,50.462484921404034,44.28340513510966,41.19386524196248,35.014785455668104,35.014785455668104,38.104325348815294
B02010,99000000218,Synthetic Census Tract 99000000218,1.0,Total:,101.19505602033664,92.49010496482381,+/-85,56.58218186083339,131.66238471463154,126.22179030493602,92.49010496482381,142.54357353402258,102.28317490227575,72.90396508991995,84.87327279125009,66.37525179828532,171.92278334637837,158.86535676310913,82.69703502737188,109.90000707584947,159.95347564504823,92.49010496482381,83.78515390931098,75.08020285379816,114.25248260360588,166.48218893668286,84.87327279125009,113.16436372166677,97.93069937451934,146.896049061779,62.02277627052891,76.16832173573725,59.8465385066507,68.55148956216352,125.13367142299693,81.60891614543277,94.66634272870202,90.31386720094561,119.6930770133014,108.81188819391036,126.22179030493602,115.340601485545,79.43267838155457,142.54357353402258,112.07624483972768,65.28713291634622,108.81188819391036,100.10693713839754,131.66238471463154,114.25248260360588,72.90396508991995,108.81188819391036,81.60891614543277,83.78515390931098,102.28317490227575,87.0495105551283,134.92674136044886,118.6049581313623,94.66634272870202,108.81188819391036,145.8079301798399,87.0495105551283,73.99208397185905,70.72772732604174,104.45941266615395,124.04555254105782,89.2257483190065,152.3366434714745,81.60891614543277,142.54357353402258,73.99208397185905,97.93069937451934,63.11089515246801,59.8465385066507,110.98812595778857,68.55148956216352,137.10297912432705,101.19505602033664,122.95743365911872,100.10693713839754,129.48614695075332,139.27921688820527,73.99208397185905,141.4554546520835,106.63565043003216,131.66238471463154,112.07624483972768,81.60891614543277
B02010,99000000219,Synthetic Census Tract 99000000219,1.0,Total:,79.953150626625,124.57816492985756,+/-134,76.23439943468895,120.85941373792151,33.468760727424424,158.04692565728197,77.16408723267297,31.6093851314564,41.83595090928053,61.35939466694477,66.00783365686483,182.21880840486628,28.82032173750436,79.953150626625,93.89846759638517,69.72658484880088,68.79689705081687,154.32817446534594,135.7344185056657,79.953150626625,65.07814585888082,97.61721878832122,95.7578431923532,114.35159915203344,27.89063393952035,140.38285749558577,74.37502383872094,32.53907292944041,49.27345329315262,23.242194949600293,102.26565777824129,147.82035987945787,36.25782412137646,96.68753099033722,71.5859604447689,71.5859604447689,82.74221402057704,140.38285749558577,68.79689705081687,79.953150626625,101.33596998025727,83.67190181856105,69.72658484880088,49.27345329315262,106.91409676816134,27.89063393952035,112.49222355606541,124.57816492985756,104.12503337420931,95.7578431923532,98.54690658630524,30.679697333472387,129.22660391977763,86.46096521251309,76.23439943468895,81.81252622259302,88.3203408084811,23.242194949600293,44.62501430323256,94.82815539436919,87.3906530104971,73.44533604073692,84.60158961654507,31.6093851314564,153.39848666736194,34.39844852540843,75.30471163670495,145.96098428348984,106.91409676816134,118.07035034396948,86.46096521251309,29.750009535488374,175.7109938189782,69.72658484880088,116.21097474800146,81.81252622259302,90.17971640444914,39.04688751532849,30.679697333472387,79.953150626625,79.953150626625,79.953150626625,74.37502383872094
B02010,99000000220,Synthetic Census Tract 99000000220,1.0,Total:,43.07183355064371,70.1169383382572,+/-70,43.07183355064371,102.17039586431764,14.02338766765144,70.1169383382572,36.060139716817986,42.07016300295432,18.030069858408993,31.051786978371045,40.066821907575545,47.07851574140126,31.051786978371045,25.041763692234714,22.036752049166548,49.08185683678004,35.0584691691286,50.08352738446943,40.066821907575545,65.10858559981025,66.11025614749964,86.14366710128742,42.07016300295432,59.09856231367392,22.036752049166548,43.07183355064371,71.11860888594659,30.05011643068166,20.033410953787772,43.07183355064371,58.09689176598454,62.10357395674209,17.028399310719607,21.03508150147716,47.07851574140126,56.09355067060576,15.02505821534083,116.19378353196907,59.09856231367392,33.05512807374982,57.09522121829515,52.08686847984821,39.06515135988615,94.15703148280252,20.033410953787772,72.12027943363597,53.08853902753759,41.06849245526493,20.033410953787772,30.05011643068166,42.07016300295432,45.07517464602248,19.031740406098383,39.06515135988615,37.06181026450738,37.06181026450738,24.040093144545324,53.08853902753759,40.066821907575545,61.1019034090527,57.09522121829515,79.1319732674617,36.060139716817986,58.09689176598454,20.033410953787772,44.073504098333096,101.16872531662824,54.090209575226986,23.038422596855938,46.076845193711875,50.08352738446943,55.09188012291637,23.038422596855938,20.033410953787772,26.043434239924103,55.09188012291637,23.038422596855938,65.10858559981025,57.09522121829515,57.09522121829515,60.10023286136332,43.07183355064371,39.06515135988615
B02010,99000000221,Synthetic Census Tract 99000000221,1.0,Total:,61.79083332333366,80.42616400814856,+/-82,49.04034390740766,55.90599205444474,82.38777776444488,108.86956347444502,53.94437829814843,56.88679893259289,86.31100527703748,76.50293649555596,19.616137562963065,86.31100527703748,62.77164020148181,39.23227512592613,29.4242063444446,32.36662697888906,57.86760581074104,97.09988093666718,39.23227512592613,64.73325395777812,63.75244707962996,51.98276454185212,66.69486771407442,73.5605158611115,21.57775131925937,23.53936507555568,91.21503966777826,65.71406083592626,47.07873015111136,40.21308200407428,103.96552908370424,28.443399466296444,60.8100264451855,82.38777776444488,96.11907405851902,85.33019839888934,90.2342327896301,39.23227512592613,83.36858464259302,69.63728834851888,57.86760581074104,82.38777776444488,64.73325395777812,81.40697088629672,22.558558197407525,23.53936507555568,73.5605158611115,59.82921956703735,61.79083332333366,42.17469576037059,106.9079497181487,30.40501322259275,62.77164020148181,109.85037035259316,87.29181215518564,94.15746030222272,51.98276454185212,35.30904761333352,82.38777776444488,51.00195766370397,56.88679893259289,58.8484126888892,83.36858464259302,64.73325395777812,127.50489415925992,82.38777776444488,48.05953702925951,67.67567459222258,63.75244707962996,83.36858464259302,19.616137562963065,82.38777776444488,81.40697088629672,43.15550263851874,32.36662697888906,28.443399466296444,58.8484126888892,108.86956347444502,39.23227512592613,59.82921956703735,60.8100264451855,62.77164020148181,55.90599205444474
B02010,99000000222,Synthetic Census Tract 99000000222,1.0,Total:,11.938004950758284,16.912173680240905,+/-17,9.948337458965238,11.938004950758284,10.94317120486176,16.912173680240905,13.927672442551332,16.912173680240905,4.974168729482619,2.984501237689571,9.948337458965238,13.927672442551332,10.94317120486176,21.88634240972352,12.932838696654809,4.974168729482619,11.938004950758284,2.984501237689571,3.979334983586095,15.91733993434438,11.938004950758284,18.90184117203395,10.94317120486176,9.948337458965238,9.948337458965238,15.91733993434438,13.927672442551332,17.907007426137426,4.974168729482619,4.974168729482619,9.948337458965238,11.938004950758284,9.948337458965238,16.912173680240905,12.932838696654809,2.984501237689571,15.91733993434438,4.974168729482619,3.979334983586095,15.91733993434438,11.938004950758284,20.891508663826997,11.938004950758284,9.948337458965238,13.927672442551332,17.907007426137426,9.948337458965238,17.907007426137426,4.974168729482619,6.963836221275666,12.932838696654809,11.938004950758284,11.938004950758284,20.891508663826997,11.938004950758284,2.984501237689571,10.94317120486176,4.974168729482619,3.979334983586095,16.912173680240905,11.938004950758284,13.927672442551332,12.932838696654809,13.927672442551332,11.938004950758284,18.90184117203395,9.948337458965238,19.896674917930476,2.984501237689571,3.979334983586095,10.94317120486176,9.948337458965238,14.922506188447857,16.912173680240905,10.94317120486176,3.979334983586095,9.948337458965238,3.979334983586095,4.974168729482619,17.907007426137426,11.938004950758284,19.896674917930476,9.948337458965238
B02010,99000000223,Synthetic Census Tract 99000000223,1.0,Total:,36.95374020958196,35.10605319910286,+/-38,21.248400620509624,47.116018767217,35.10605319910286,30.486835672905116,38.80142722006106,52.65907979865429,57.27829732485203,39.725270725300604,38.80142722006106,57.27829732485203,30.486835672905116,38.80142722006106,26.791461651946918,21.248400620509624,29.562992167665566,28.639148662426017,34.182209693863314,60.97367134581023,26.791461651946918,31.410679178144665,37.877583714821505,36.029896704342406,26.791461651946918,28.639148662426017,56.35445381961249,40.64911423054016,34.182209693863314,36.95374020958196,41.5729577357797,42.49680124101925,24.943774641467822,64.66904536676843,36.029896704342406,26.791461651946918,31.410679178144665,29.562992167665566,33.25836618862376,51.735236293414744,31.410679178144665,25.867618146707372,36.95374020958196,42.49680124101925,39.725270725300604,27.715305157186467,43.4206447462588,42.49680124101925,51.735236293414744,36.95374020958196,39.725270725300604,56.35445381961249,24.943774641467822,46.19217526197745,32.334522683384215,22.172244125749174,30.486835672905116,26.791461651946918,33.25836618862376,46.19217526197745,24.943774641467822,31.410679178144665,41.5729577357797,35.10605319910286,24.019931136228273,34.182209693863314,56.35445381961249,47.116018767217,36.029896704342406,41.5729577357797,40.64911423054016,56.35445381961249,33.25836618862376,59.12598433533113,25.867618146707372,23.096087630988723,26.791461651946918,24.019931136228273,34.182209693863314,52.65907979865429,24.943774641467822,27.715305157186467,33.25836618862376
B02010,99000000224,Synthetic Census Tract 99000000224,1.0,Total:,19.463197361465614,32.43866226910936,+/-35,19.463197361465614,23.170473049363828,12.04864598566919,19.463197361465614,28.731386581211144,10.195008141720084,7.4145513757964245,20.39001628344017,17.60955951751651,33.36548119108391,21.31683520541472,21.31683520541472,24.09729197133838,16.682740595541954,30.585024425160253,25.024110893312933,26.87774873726204,14.829102751592849,6.487732453821872,31.511843347134803,22.243654127389274,28.731386581211144,10.195008141720084,15.755921673567402,19.463197361465614,10.195008141720084,10.195008141720084,22.243654127389274,22.243654127389274,25.950929815287488,28.731386581211144,25.950929815287488,14.829102751592849,26.87774873726204,24.09729197133838,19.463197361465614,15.755921673567402,6.487732453821872,9.26818921974553,28.731386581211144,24.09729197133838,5.560913531847318,25.024110893312933,25.024110893312933,6.487732453821872,29.658205503185698,41.70685148885489,22.243654127389274,23.170473049363828,6.487732453821872,12.04864598566919,20.39001628344017,34.29230011305847,18.53637843949106,6.487732453821872,23.170473049363828,14.829102751592849,33.36548119108391,50.04822178662587,11.121827063694637,22.243654127389274,10.195008141720084,46.340946098727656,12.04864598566919,6.487732453821872,39.85321364490578,25.950929815287488,18.53637843949106,19.463197361465614,6.487732453821872,33.36548119108391,24.09729197133838,17.60955951751651,25.024110893312933,4.634094609872765,25.024110893312933,15.755921673567402,31.511843347134803,33.36548119108391,5.560913531847318,20.39001628344017
B02010,99000000225,Synthetic Census Tract 99000000225,1.0,Total:,36.31337414793756,54.470061221906334,+/-57,33.4465288204688,61.159366986000094,33.4465288204688,13.37861152818752,39.18021947540631,42.04706480287506,75.49359362334387,37.26898925709381,15.289841746500024,24.84599283806254,11.467381309875018,44.91391013034382,34.402143929625055,13.37861152818752,15.289841746500024,41.091449693718815,29.624068383843795,40.13583458456256,50.64760078528133,39.18021947540631,15.289841746500024,14.334226637343772,43.95829502118757,62.11498209515634,7.644920873250012,25.80160794721879,17.201071964812527,35.3577590387813,61.159366986000094,29.624068383843795,43.95829502118757,13.37861152818752,44.91391013034382,70.7155180775626,53.51444611275008,45.86952523950007,43.95829502118757,36.31337414793756,35.3577590387813,23.890377728906287,11.467381309875018,16.245456855656276,49.69198567612508,56.38129144021884,10.511766200718766,46.82514034865632,17.201071964812527,36.31337414793756,49.69198567612508,24.84599283806254,40.13583458456256,15.289841746500024,42.04706480287506,68.80428785925011,53.51444611275008,32.49091371131255,61.159366986000094,43.00267991203132,37.26898925709381,39.18021947540631,64.9818274226251,56.38129144021884,34.402143929625055,17.201071964812527,46.82514034865632,35.3577590387813,58.29252165853134,38.22460436625006,12.42299641903127,21.979147510593783,11.467381309875018,54.470061221906334,32.49091371131255,16.245456855656276,10.511766200718766,37.26898925709381,39.18021947540631,33.4465288204688,33.4465288204688,33.4465288204688,52.55883100359383
B02010,99000000226,Synthetic Census Tract 99000000226,1.0,Total:,137.41455166755978,200.83665243720276,+/-209,122.03949693552512,49.96892787911265,152.78960639959445,186.42253862592025,176.8131294183986,188.34442046742458,154.71148824109878,204.68041612021142,52.851750641369144,157.59431100335527,124.92231969778162,155.67242916185094,53.812691562121316,145.1020790335771,163.35995652786826,156.6333700826031,71.1096281356603,45.164223275351816,144.14113811282493,157.59431100335527,131.6489061430468,178.73501125990293,47.086105116856146,172.00842481463778,47.086105116856146,42.28140051309532,137.41455166755978,47.086105116856146,257.5321667615806,124.92231969778162,132.60984706379895,146.0630199543293,238.31334834653725,180.65689310140726,45.164223275351816,138.37549258831194,220.0554708522461,177.77407033915077,167.20372021087692,187.38347954667242,130.68796522229462,46.12516419610398,233.5086437427764,173.9303066561421,153.7505473203466,186.42253862592025,141.25831535056844,220.0554708522461,63.422100769642974,120.11761509402079,144.14113811282493,123.00043785627729,49.96892787911265,185.4615977051681,203.71947519945925,133.57078798455112,37.47669590933449,49.00798695836048,166.24277929012476,196.9928887541941,197.95382967494626,226.78205729751124,43.242341433847486,163.35995652786826,47.086105116856146,49.00798695836048,158.55525192410744,54.77363248287348,246.00087571255457,172.96936573538994,126.84420153928595,156.6333700826031,208.52417980322008,156.6333700826031,39.39857775083882,125.88326061853378,236.39146650503292,231.58676190127207,141.25831535056844,138.37549258831194,191.2272432296811
B02010,99000000227,Synthetic Census Tract 99000000227,1.0,Total:,11.826967712835241,16.754870926516592,+/-17,9.855806427362701,11.826967712835241,18.726032211989132,4.9279032136813505,7.884645141890161,2.9567419282088103,11.826967712835241,19.711612854725402,11.826967712835241,14.783709641044052,4.9279032136813505,11.826967712835241,21.682774140197942,18.726032211989132,19.711612854725402,14.783709641044052,11.826967712835241,13.798128998307782,9.855806427362701,5.913483856417621,4.9279032136813505,17.740451569252862,13.798128998307782,5.913483856417621,11.826967712835241,5.913483856417621,12.812548355571511,20.697193497461672,15.769290283780322,13.798128998307782,5.913483856417621,18.726032211989132,16.754870926516592,14.783709641044052,10.841387070098971,11.826967712835241,14.783709641044052,12.812548355571511,13.798128998307782,5.913483856417621,15.769290283780322,12.812548355571511,4.9279032136813505,18.726032211989132,8.870225784626431,11.826967712835241,14.783709641044052,4.9279032136813505,11.826967712835241,4.9279032136813505,22.668354782934212,16.754870926516592,5.913483856417621,4.9279032136813505,15.769290283780322,14.783709641044052,14.783709641044052,17.740451569252862,10.841387070098971,16.754870926516592,13.798128998307782,14.783709641044052,3.9423225709450804,15.769290283780322,12.812548355571511,20.697193497461672,13.798128998307782,3.9423225709450804,10.841387070098971,3.9423225709450804,13.798128998307782,14.783709641044052,5.913483856417621,6.899064499153891,11.826967712835241,16.754870926516592,19.711612854725402,11.826967712835241,12.812548355571511,18.726032211989132,6.899064499153891
B02010,99000000228,Synthetic Census Tract 99000000228,1.0,Total:,90.97557833725199,86.88678829962268,+/-85,53.15427048918094,143.10765131702559,116.53051607243513,87.90898580903001,73.59822067732745,84.84239328080803,145.15204633584025,91.99777584665931,105.28634346895454,77.68701071495676,99.15315841251059,98.13096090310327,53.15427048918094,84.84239328080803,67.4650356208835,73.59822067732745,85.86459079021536,119.59710860065711,118.57491109124977,50.087677960958956,106.30854097836188,101.19755343132525,38.84350535747838,73.59822067732745,139.0188612793963,99.15315841251059,103.24194845013989,72.57602316792013,101.19755343132525,130.8412812041377,98.13096090310327,103.24194845013989,107.3307384877692,108.35293599717652,150.26303388287687,85.86459079021536,61.33185056443954,94.04217086547396,56.22086301740291,94.04217086547396,44.97669041392233,96.08656588428862,117.55271358184245,68.48723313029082,54.17646799858826,97.10876339369594,87.90898580903001,85.86459079021536,111.4195285253985,52.13207297977361,151.2852313922842,107.3307384877692,96.08656588428862,107.3307384877692,47.02108543273698,72.57602316792013,117.55271358184245,91.99777584665931,122.66370112887908,83.8201957714007,115.5083185630278,84.84239328080803,97.10876339369594,67.4650356208835,82.79799826199338,109.37513350658385,85.86459079021536,87.90898580903001,106.30854097836188,84.84239328080803,101.19755343132525,73.59822067732745,179.9067616556893,119.59710860065711,108.35293599717652,114.48612105362048,72.57602316792013,79.7314057337714,68.48723313029082,116.53051607243513,107.3307384877692
B02010,99000000229,Synthetic Census Tract 99000000229,1.0,Total:,7.188480764385568,21.565442293156707,+/-21,13.350035705287485,0.0,0.0,8.215406587869222,7.188480764385568,20.538516469673056,9.242332411352875,0.0,5.134629117418264,0.0,13.350035705287485,0.0,0.0,0.0,0.0,22.59236811664036,13.350035705287485,0.0,0.0,14.376961528771137,12.323109881803832,4.107703293934611,6.161554940901916,16.430813175738443,12.323109881803832,15.40388735225479,12.323109881803832,12.323109881803832,15.40388735225479,7.188480764385568,19.5115906461894,11.29618405832018,6.161554940901916,6.161554940901916,4.107703293934611,13.350035705287485,19.5115906461894,5.134629117418264,10.269258234836528,17.457738999222094,8.215406587869222,1.0269258234836527,0.0,13.350035705287485,8.215406587869222,9.242332411352875,8.215406587869222,0.0,10.269258234836528,0.0,12.323109881803832,1.0269258234836527,0.0,0.0,0.0,8.215406587869222,12.323109881803832,1.0269258234836527,0.0,11.29618405832018,12.323109881803832,6.161554940901916,5.134629117418264,11.29618405832018,14.376961528771137,22.59236811664036,14.376961528771137,7.188480764385568,9.242332411352875,7.188480764385568,14.376961528771137,7.188480764385568,11.29618405832018,6.161554940901916,6.161554940901916,24.646219763607665,17.457738999222094,7.188480764385568,6.161554940901916,18.48466482270575,7.188480764385568
B02010,99000000230,Synthetic Census Tract 99000000230,1.0,Total:,225.94330124293626,152.26613779415268,+/-155,92.34204485580872,154.23086215278693,139.4954294630302,237.73164739474163,271.1319614915235,151.28377561483558,274.07904802947485,200.40188458069127,191.56062496683725,208.2607820152282,180.754640994349,288.81448071923154,275.0614102087919,170.93101920117786,268.18487495357215,235.76692303610739,195.4900736841057,234.78456085679028,232.81983649815604,219.06676598771645,225.94330124293626,224.96093906361912,292.7439294365,228.89038778088758,203.34897111864262,252.46708008449832,232.81983649815604,243.6258204706443,160.1250352286896,133.6012563871275,139.4954294630302,185.66645189093458,295.6910159744514,198.43716022205706,217.1020416290822,157.17794869073825,218.08440380839934,242.6434582913272,225.94330124293626,259.3436153397181,111.0069262628339,152.26613779415268,149.31905125620133,260.32597751903523,259.3436153397181,144.40724035961577,291.7615672571829,229.87274996020471,202.36660893932552,268.18487495357215,201.38424676000838,228.89038778088758,239.69637175337584,159.1426730493725,274.07904802947485,222.9962147049849,195.4900736841057,241.66109611201009,238.71400957405874,248.53763136722986,228.89038778088758,209.2431441945453,237.73164739474163,241.66109611201009,163.07212176664095,224.96093906361912,239.69637175337584,286.8497563605973,175.84283009776343,180.754640994349,162.08975958732384,162.08975958732384,241.66109611201009,191.56062496683725,182.71936535298323,152.26613779415268,233.80219867747317,275.0614102087919,230.85511213952182,236.7492852154245,126.72472113190771
B02010,99000000231,Synthetic Census Tract 99000000231,1.0,Total:,28.470942034686445,26.507428790914965,+/-27,15.70810595017183,30.43445527845792,38.28850825354384,22.580402303372008,41.233778119201055,31.41621190034366,31.41621190034366,34.36148176600088,39.270264875429575,26.507428790914965,35.34323838788662,27.489185412800705,33.37972514411514,29.45269865657218,26.507428790914965,34.36148176600088,52.03310095994419,26.507428790914965,26.507428790914965,21.598645681486268,26.507428790914965,33.37972514411514,23.562158925257748,21.598645681486268,20.616889059600528,36.32499500977236,22.580402303372008,15.70810595017183,14.72634932828609,18.653375815829047,39.270264875429575,18.653375815829047,26.507428790914965,14.72634932828609,32.3979685222294,31.41621190034366,22.580402303372008,36.32499500977236,19.635132437714788,33.37972514411514,19.635132437714788,19.635132437714788,26.507428790914965,14.72634932828609,32.3979685222294,28.470942034686445,30.43445527845792,21.598645681486268,19.635132437714788,32.3979685222294,24.543915547143484,14.72634932828609,34.36148176600088,25.525672169029225,28.470942034686445,32.3979685222294,31.41621190034366,28.470942034686445,12.762836084514612,21.598645681486268,29.45269865657218,46.14256122862975,37.306751631658095,32.3979685222294,42.21553474108679,40.25202149731532,21.598645681486268,23.562158925257748,24.543915547143484,17.67161919394331,45.160804606744016,29.45269865657218,28.470942034686445,15.70810595017183,32.3979685222294,35.34323838788662,40.25202149731532,33.37972514411514,29.45269865657218,29.45269865657218,22.580402303372008
B02010,99000000232,Synthetic Census Tract 99000000232,1.0,Total:,65.10327366841807,81.14321065918774,+/-86,49.06333667764841,31.13634827619995,60.38564514172111,54.72449090968476,60.38564514172111,87.7478905965635,110.3925075247089,70.76442790045444,96.23962194461802,23.58814263348481,100.95725047131499,26.418719749502987,56.61154232036354,25.475194044163594,33.02339968687873,69.82090219511504,59.442119436381724,77.36910783783017,63.21622225773929,66.04679937375747,80.19968495384835,78.31263354316957,101.90077617665438,28.30577116018177,36.797502508236306,53.780965204345364,79.25615924850896,102.84430188199377,75.48205642715139,60.38564514172111,69.82090219511504,70.76442790045444,72.65147931113322,87.7478905965635,64.15974796307869,31.13634827619995,29.249296865521163,85.86083918588471,110.3925075247089,33.96692539221813,96.23962194461802,44.345708150951445,80.19968495384835,66.04679937375747,63.21622225773929,115.11013605140587,86.8043648912241,61.3291708470605,99.0701990606362,34.91045109755752,88.69141630190289,27.36224545484238,70.76442790045444,32.07987398153934,29.249296865521163,76.42558213249079,69.82090219511504,61.3291708470605,58.49859373104233,76.42558213249079,59.442119436381724,57.55506802570294,81.14321065918774,39.62807962425448,33.02339968687873,51.893913793666584,53.780965204345364,101.90077617665438,66.99032507909686,59.442119436381724,64.15974796307869,66.04679937375747,115.11013605140587,79.25615924850896,61.3291708470605,25.475194044163594,33.02339968687873,98.12667335529682,84.91731348054532,22.644616928145417,78.31263354316957
B02010,99000000233,Synthetic Census Tract 99000000233,1.0,Total:,18.31790249427243,23.406208742681443,+/-23,14.247257495545226,6.105967498090811,16.28257999490883,25.441531242045045,12.211934996181622,23.406208742681443,36.63580498854486,9.158951247136216,9.158951247136216,13.229596245863423,13.229596245863423,17.30024124459063,14.247257495545226,13.229596245863423,15.264918745227028,17.30024124459063,24.423869992363244,20.353224993636037,17.30024124459063,18.31790249427243,21.370886243317837,11.194273746499821,24.423869992363244,31.547498740135858,13.229596245863423,19.335563743954236,35.61814373886306,19.335563743954236,16.28257999490883,11.194273746499821,25.441531242045045,22.388547492999642,17.30024124459063,19.335563743954236,16.28257999490883,25.441531242045045,33.58282123949946,26.459192491726846,27.47685374140865,16.28257999490883,24.423869992363244,23.406208742681443,10.176612496818018,9.158951247136216,18.31790249427243,14.247257495545226,14.247257495545226,19.335563743954236,23.406208742681443,16.28257999490883,17.30024124459063,8.141289997454415,14.247257495545226,15.264918745227028,14.247257495545226,19.335563743954236,11.194273746499821,12.211934996181622,10.176612496818018,23.406208742681443,23.406208742681443,24.423869992363244,14.247257495545226,27.47685374140865,35.61814373886306,18.31790249427243,12.211934996181622,24.423869992363244,34.60048248918126,28.49451499109045,31.547498740135858,17.30024124459063,19.335563743954236,16.28257999490883,19.335563743954236,21.370886243317837,11.194273746499821,12.211934996181622,17.30024124459063,25.441531242045045,13.229596245863423
B02010,99000000234,Synthetic Census Tract 99000000234,1.0,Total:,66.47516457617789,60.694715482597196,+/-63,36.60951092601101,84.7799200391834,68.40198094070477,51.060633659962726,58.767899118070304,66.47516457617789,84.7799200391834,51.060633659962726,89.59696095050063,53.95085820675307,82.8531036746565,38.536327290537905,58.767899118070304,63.58494002938754,88.63355276823718,69.36538912296822,67.43857275844134,54.91426638901651,79.96287912786615,74.18243003428546,105.97490004897924,99.2310427731351,78.03606276333926,40.4631436550648,34.68269456148411,58.767899118070304,84.7799200391834,104.04808368445234,56.84108275354341,69.36538912296822,55.87767457127996,49.133817295435826,53.95085820675307,78.99947094560271,76.10924639881236,42.3899600195917,69.36538912296822,62.621531847124096,77.07265458107581,48.17040911317238,46.24359274864548,63.58494002938754,70.32879730523167,87.67014458597373,59.731307300333754,52.98745002448962,33.71928637922067,70.32879730523167,51.060633659962726,77.07265458107581,57.804490935806854,98.26763459087165,99.2310427731351,85.74332822144683,68.40198094070477,64.54834821165099,47.20700093090893,59.731307300333754,58.767899118070304,75.14583821654891,62.621531847124096,48.17040911317238,46.24359274864548,88.63355276823718,122.35283914745784,80.9262873101296,52.02404184222617,49.133817295435826,65.51175639391444,89.59696095050063,82.8531036746565,95.37741004408132,73.21902185202202,49.133817295435826,40.4631436550648,78.03606276333926,71.29220548749512,86.70673640371028,42.3899600195917,77.07265458107581,75.14583821654891
B02010,99000000235,Synthetic Census Tract 99000000235,1.0,Total:,81.64907701699255,102.51495225466843,+/-113,62.597625713027625,106.14380012209031,97.97889242039106,97.07168045353559,51.71108211076195,126.10246339291072,30.845206873086074,97.97889242039106,136.08179502832093,117.03034372435599,105.23658815523484,52.61829407761742,75.29859324900424,160.5765181334187,60.78320177931668,86.18513685126992,97.07168045353559,65.31926161359404,26.30914703880871,43.546174409062694,80.74186505013708,86.18513685126992,76.20580521585971,49.896658177051,111.58707192322315,58.96877784560573,112.49428389007862,63.504837679883096,44.453386375918164,46.26781030962911,78.02022914957065,106.14380012209031,109.77264798951221,26.30914703880871,78.02022914957065,87.99956078498086,53.52550604447289,109.77264798951221,105.23658815523484,77.11301718271518,84.37071291755898,71.66974538158235,52.61829407761742,68.04089751416046,122.47361552548882,37.195690641074385,122.47361552548882,71.66974538158235,56.24714194503931,55.33992997818384,61.69041374617215,107.05101208894578,94.35004455296917,22.68029917138682,86.18513685126992,94.35004455296917,58.06156587875026,79.83465308328161,136.08179502832093,108.86543602265674,78.02022914957065,94.35004455296917,135.17458306146546,109.77264798951221,42.63896244220722,103.4221642215239,55.33992997818384,127.00967535976619,130.63852322718807,87.99956078498086,65.31926161359404,45.36059834277364,56.24714194503931,156.9476702659968,69.8553214478714,62.597625713027625,94.35004455296917,65.31926161359404,32.65963080679702,52.61829407761742,91.62840865240275
B02010,99000000236,Synthetic Census Tract 99000000236,1.0,Total:,1.9673600176627444,4.918400044156861,+/-5,2.9510400264941166,0.9836800088313722,0.9836800088313722,0.9836800088313722,1.9673600176627444,2.9510400264941166,1.9673600176627444,2.9510400264941166,4.918400044156861,4.918400044156861,0.9836800088313722,0.9836800088313722,0.0,1.9673600176627444,3.9347200353254888,1.9673600176627444,1.9673600176627444,3.9347200353254888,5.902080052988233,3.9347200353254888,5.902080052988233,0.9836800088313722,0.9836800088313722,2.9510400264941166,2.9510400264941166,0.9836800088313722,1.9673600176627444,2.9510400264941166,0.9836800088313722,0.0,0.0,5.902080052988233,0.9836800088313722,2.9510400264941166,1.9673600176627444,0.9836800088313722,4.918400044156861,2.9510400264941166,0.9836800088313722,0.9836800088313722,3.9347200353254888,1.9673600176627444,3.9347200353254888,0.9836800088313722,1.9673600176627444,0.9836800088313722,0.9836800088313722,1.9673600176627444,0.0,0.9836800088313722,2.9510400264941166,3.9347200353254888,5.902080052988233,0.9836800088313722,0.9836800088313722,2.9510400264941166,0.9836800088313722,0.9836800088313722,0.9836800088313722,0.9836800088313722,0.0,2.9510400264941166,0.9836800088313722,0.0,0.9836800088313722,1.9673600176627444,1.9673600176627444,1.9673600176627444,1.9673600176627444,0.9836800088313722,0.9836800088313722,0.0,0.9836800088313722,3.9347200353254888,1.9673600176627444,1.9673600176627444,1.9673600176627444,2.9510400264941166,3.9347200353254888,3.9347200353254888,0.0
B02010,99000000237,Synthetic Census Tract 99000000237,1.0,Total:,46.7568471458476,47.751673680865636,+/-48,28.84996951552299,28.84996951552299,56.705112496027944,59.68959210108204,33.82410219061316,58.694765566064014,40.7878879357394,73.61716359133452,54.715459425991874,55.71028596100991,22.881010305414783,59.68959210108204,44.76719407581153,25.865489910468888,57.69993903104598,67.64820438122632,46.7568471458476,31.83444912057709,36.80858179566726,60.68441863610008,36.80858179566726,62.67407170613615,25.865489910468888,60.68441863610008,41.78271447075743,45.762020610829566,73.61716359133452,41.78271447075743,54.715459425991874,47.751673680865636,51.730979820937776,59.68959210108204,61.67924517111811,61.67924517111811,36.80858179566726,34.818928725631196,36.80858179566726,36.80858179566726,50.73615328591974,38.79823486570333,56.705112496027944,29.84479605054102,44.76719407581153,55.71028596100991,45.762020610829566,57.69993903104598,39.79306140072136,78.59129626642469,63.66889824115418,45.762020610829566,15.917224560288545,55.71028596100991,31.83444912057709,25.865489910468888,60.68441863610008,86.54990854656897,32.829275655595126,39.79306140072136,42.77754100577547,41.78271447075743,26.86031644548692,62.67407170613615,21.886183770396748,43.772367540793496,40.7878879357394,44.76719407581153,61.67924517111811,34.818928725631196,56.705112496027944,55.71028596100991,53.72063289097384,52.725806355955804,56.705112496027944,66.65337784620829,25.865489910468888,29.84479605054102,42.77754100577547,46.7568471458476,60.68441863610008,65.65855131119025,55.71028596100991
B02010,99000000238,Synthetic Census Tract 99000000238,1.0,Total:,59.542470139373066,73.7192487439857,+/-78,44.42057296111959,51.98152155024633,47.25592868204211,66.15830015485896,85.0606716276758,19.847490046457686,39.69498009291537,123.81053314695033,69.93877444942233,41.58521724019706,99.23745023228844,63.322944433936435,69.93877444942233,72.77413017034486,51.98152155024633,81.28019733311244,97.34721308500676,54.81687727116885,53.87175869752801,36.85962437199285,79.38996018583074,36.85962437199285,69.93877444942233,37.80474294563369,38.74986151927453,78.4448416121899,74.66436731762654,41.58521724019706,53.87175869752801,86.9509087749575,41.58521724019706,36.85962437199285,47.25592868204211,44.42057296111959,95.45697593772508,99.23745023228844,65.21318158121812,49.1461658293238,63.322944433936435,89.78626449588002,76.55460446490822,64.26806300757727,54.81687727116885,78.4448416121899,90.73138306952086,33.07915007742948,38.74986151927453,78.4448416121899,68.99365587578149,50.09128440296464,70.88389302306317,79.38996018583074,52.92664012388717,80.3350787594716,50.09128440296464,55.7619958448097,97.34721308500676,68.04853730214064,50.09128440296464,35.91450579835201,122.8654145733095,79.38996018583074,49.1461658293238,33.07915007742948,48.20104725568296,76.55460446490822,70.88389302306317,41.58521724019706,54.81687727116885,68.04853730214064,44.42057296111959,34.96938722471116,34.02426865107032,51.03640297660549,118.13982170510529,68.04853730214064,65.21318158121812,52.92664012388717,64.26806300757727,94.51185736408422,60.487588713013906
B02010,99000000239,Synthetic Census Tract 99000000239,1.0,Total:,10.144915866244233,18.26084855923962,+/-18,11.159407452868656,10.144915866244233,4.057966346497693,16.231865385990773,10.144915866244233,11.159407452868656,4.057966346497693,9.13042427961981,4.057966346497693,3.04347475987327,17.246356972615196,15.21737379936635,7.101441106370963,14.202882212741926,13.188390626117503,10.144915866244233,3.04347475987327,14.202882212741926,13.188390626117503,7.101441106370963,14.202882212741926,8.115932692995386,4.057966346497693,18.26084855923962,14.202882212741926,11.159407452868656,3.04347475987327,11.159407452868656,3.04347475987327,4.057966346497693,20.289831732488466,26.376781252235006,13.188390626117503,8.115932692995386,8.115932692995386,10.144915866244233,4.057966346497693,18.26084855923962,15.21737379936635,8.115932692995386,3.04347475987327,9.13042427961981,16.231865385990773,3.04347475987327,13.188390626117503,15.21737379936635,12.17389903949308,10.144915866244233,13.188390626117503,22.318814905737312,3.04347475987327,4.057966346497693,16.231865385990773,9.13042427961981,10.144915866244233,11.159407452868656,16.231865385990773,3.04347475987327,7.101441106370963,18.26084855923962,6.08694951974654,8.115932692995386,16.231865385990773,4.057966346497693,8.115932692995386,10.144915866244233,19.275340145864043,14.202882212741926,18.26084855923962,15.21737379936635,3.04347475987327,3.04347475987327,9.13042427961981,16.231865385990773,14.202882212741926,7.101441106370963,17.246356972615196,4.057966346497693,8.115932692995386,9.13042427961981,13.188390626117503
B02010,99000000240,Synthetic Census Tract 99000000240,1.0,Total:,51.670873384405596,44.57879272380091,+/-44,27.355168262332374,47.61825586406006,45.59194710388729,29.381477022505145,45.59194710388729,31.407785782677912,64.84188032552859,44.57879272380091,59.77610842509667,67.88134346578775,33.43409454285068,67.88134346578775,55.72349090475113,46.60510148397368,109.4206730493295,55.72349090475113,48.631410244146444,76.9997328865652,58.76295404501029,48.631410244146444,62.815571565355825,43.565638343714525,45.59194710388729,41.53932958354176,36.47355768310983,51.670873384405596,53.69718214457836,46.60510148397368,65.85503470561498,42.55248396362814,44.57879272380091,60.78926280518306,61.80241718526944,65.85503470561498,48.631410244146444,49.64456462423283,35.46040330302345,52.68402776449198,58.76295404501029,35.46040330302345,21.27624198181407,47.61825586406006,41.53932958354176,40.52617520345537,45.59194710388729,28.36832264241876,50.65771900431921,42.55248396362814,53.69718214457836,72.94711536621966,45.59194710388729,75.98657850647882,58.76295404501029,52.68402776449198,74.97342412639243,64.84188032552859,38.4998664432826,58.76295404501029,63.82872594544221,40.52617520345537,57.749799664923906,47.61825586406006,49.64456462423283,38.4998664432826,41.53932958354176,46.60510148397368,57.749799664923906,57.749799664923906,72.94711536621966,48.631410244146444,41.53932958354176,52.68402776449198,57.749799664923906,57.749799664923906,55.72349090475113,59.77610842509667,34.447248922937064,52.68402776449198,47.61825586406006,39.51302082336898,28.36832264241876
B02010,99000000241,Synthetic Census Tract 99000000241,1.0,Total:,12.484805234664893,15.606006543331116,+/-15,9.363603925998671,20.80800872444149,12.484805234664893,13.525205670886969,19.767608288219414,9.363603925998671,9.363603925998671,15.606006543331116,14.565606107109042,12.484805234664893,24.969610469329787,13.525205670886969,15.606006543331116,14.565606107109042,10.404004362220745,13.525205670886969,9.363603925998671,11.444404798442818,10.404004362220745,9.363603925998671,13.525205670886969,3.1212013086662234,5.202002181110372,9.363603925998671,19.767608288219414,16.64640697955319,10.404004362220745,7.282803053554521,11.444404798442818,9.363603925998671,9.363603925998671,15.606006543331116,18.727207851997342,21.848409160663564,12.484805234664893,11.444404798442818,12.484805234664893,11.444404798442818,17.686807415775267,8.323203489776596,15.606006543331116,9.363603925998671,13.525205670886969,8.323203489776596,11.444404798442818,16.64640697955319,19.767608288219414,10.404004362220745,11.444404798442818,15.606006543331116,5.202002181110372,8.323203489776596,12.484805234664893,12.484805234664893,16.64640697955319,10.404004362220745,15.606006543331116,13.525205670886969,14.565606107109042,18.727207851997342,4.161601744888298,21.848409160663564,19.767608288219414,18.727207851997342,7.282803053554521,7.282803053554521,12.484805234664893,13.525205670886969,16.64640697955319,18.727207851997342,24.969610469329787,10.404004362220745,5.202002181110372,3.1212013086662234,8.323203489776596,12.484805234664893,13.525205670886969,11.444404798442818,9.363603925998671,14.565606107109042,10.404004362220745
B02010,99000000242,Synthetic Census Tract 99000000242,1.0,Total:,116.34363569774735,100.89979025114371,+/-98,61.77538178641452,99.87020055470347,142.0833781087534,101.92937994758395,120.46199448350832,123.55076357282904,152.3792750731558,137.96501932299242,129.7283017514705,100.89979025114371,199.74040110940695,105.01814903690469,98.84061085826323,103.98855934046445,105.01814903690469,87.51512419742058,109.13650782266565,100.89979025114371,109.13650782266565,117.37322539418759,92.66307267962178,116.34363569774735,96.78143146538275,75.16004784013766,131.78748114435098,86.48553450098032,162.67517203755824,92.66307267962178,81.33758601877912,145.17214719807413,106.04773873334493,158.55681325179728,102.9589696440242,179.1486071806021,176.0598380912814,119.43240478706807,85.45594480454008,134.8762502336717,101.92937994758395,135.90583993011194,132.81707084079122,132.81707084079122,133.84666053723146,162.67517203755824,123.55076357282904,58.68661269709379,103.98855934046445,56.62743330421331,151.34968537671557,156.4976338589168,114.28445630486686,121.49158417994856,111.19568721554614,70.01209935793645,107.07732842978517,129.7283017514705,172.97106900196064,106.04773873334493,111.19568721554614,119.43240478706807,138.99460901943266,93.69266237606202,82.36717571521936,72.07127875081694,94.72225207250227,114.28445630486686,106.04773873334493,145.17214719807413,157.52722355535704,142.0833781087534,100.89979025114371,97.81102116182299,179.1486071806021,156.4976338589168,87.51512419742058,109.13650782266565,95.75184176894251,203.8587598951679,128.69871205503026,89.57430359030106,90.6038932867413
B02010,99000000243,Synthetic Census Tract 99000000243,1.0,Total:,121.59742013389635,112.3230406321585,+/-109,68.01211634607762,136.02423269215524,150.45104525041413,95.8352548512912,141.17666574867627,118.50596029998373,121.59742013389635,188.57904986866976,129.84131302433,161.7863979747604,81.40844229303231,102.01817451911643,153.54250508432676,157.66445152954358,74.19503601390286,129.84131302433,145.2986121938931,66.98162973477342,68.01211634607762,106.14012096433326,144.26812558258888,147.35958541650152,73.16454940259865,145.2986121938931,96.8657414625954,131.90228624693842,112.3230406321585,62.85968328955659,165.90834441997723,137.05471930345945,183.42661681214872,138.08520591476366,63.8901699008608,75.22552262520706,136.02423269215524,149.4205586391099,56.676763621731354,108.20109418694167,124.68887996780897,112.3230406321585,151.48153186171834,132.93277285824263,81.40844229303231,130.8717996356342,125.71936657911318,148.39007202780573,112.3230406321585,61.82919667825238,163.8473711973688,113.35352724346271,179.3046703669319,160.7559113634562,62.85968328955659,72.13406279129444,153.54250508432676,126.74985319041738,64.920656512165,131.90228624693842,148.39007202780573,144.26812558258888,134.99374608085103,137.05471930345945,141.17666574867627,100.98768790781223,103.04866113042064,124.68887996780897,109.23158079824587,160.7559113634562,121.59742013389635,181.36564358954033,77.28649584781547,71.10357617999024,148.39007202780573,163.8473711973688,65.95114312346921,124.68887996780897,127.7803398017216,74.19503601390286,78.31698245911969,106.14012096433326,128.8108264130258
B02010,99000000244,Synthetic Census Tract 99000000244,1.0,Total:,0.0,19.264856607296174,+/-20,11.558913964377703,0.0,0.0,0.0,0.0,0.0,0.0,0.0,0.0,0.0,0.0,0.0,0.0,0.0,0.0,0.0,0.0,0.0,0.0,0.0,0.0,0.0,0.0,0.0,0.0,0.0,0.0,0.0,0.0,0.0,0.0,0.0,0.0,0.0,0.0,0.0,0.0,0.0,0.0,0.0,0.0,0.0,0.0,0.0,0.0,0.0,0.0,0.0,0.0,0.0,0.0,0.0,0.0,0.0,0.0,0.0,0.0,0.0,0.0,0.0,0.0,0.0,0.0,0.0,0.0,0.0,0.0,0.0,0.0,0.0,0.0,0.0,0.0,0.0,0.0,0.0,0.0,0.0,0.0,0.0,0.0
B02010,99000000245,Synthetic Census Tract 99000000245,1.0,Total:,0.0,14.80481022156067,+/-14,9.517377999574716,0.0,0.0,0.0,0.0,0.0,0.0,0.0,0.0,0.0,0.0,0.0,0.0,0.0,0.0,0.0,0.0,0.0,0.0,0.0,0.0,0.0,0.0,0.0,0.0,0.0,0.0,0.0,0.0,0.0,0.0,0.0,0.0,0.0,0.0,0.0,0.0,0.0,0.0,0.0,0.0,0.0,0.0,0.0,0.0,0.0,0.0,0.0,0.0,0.0,0.0,0.0,0.0,0.0,0.0,0.0,0.0,0.0,0.0,0.0,0.0,0.0,0.0,0.0,0.0,0.0,0.0,0.0,0.0,0.0,0.0,0.0,0.0,0.0,0.0,0.0,0.0,0.0,0.0,0.0,0.0
B02010,99000000246,Synthetic Census Tract 99000000246,1.0,Total:,6.058973260319616,7.068802137039551,+/-7,4.039315506879744,4.039315506879744,7.068802137039551,6.058973260319616,5.04914438359968,7.068802137039551,4.039315506879744,5.04914438359968,5.04914438359968,6.058973260319616,5.04914438359968,5.04914438359968,5.04914438359968,7.068802137039551,3.029486630159808,6.058973260319616,5.04914438359968,9.088459890479424,7.068802137039551,5.04914438359968,6.058973260319616,6.058973260319616,8.078631013759487,3.029486630159808,6.058973260319616,6.058973260319616,9.088459890479424,13.127775397359168,8.078631013759487,5.04914438359968,9.088459890479424,5.04914438359968,6.058973260319616,4.039315506879744,9.088459890479424,4.039315506879744,4.039315506879744,3.029486630159808,5.04914438359968,3.029486630159808,4.039315506879744,9.088459890479424,4.039315506879744,7.068802137039551,7.068802137039551,6.058973260319616,6.058973260319616,4.039315506879744,5.04914438359968,5.04914438359968,2.019657753439872,10.09828876719936,3.029486630159808,5.04914438359968,10.09828876719936,9.088459890479424,6.058973260319616,4.039315506879744,6.058973260319616,4.039315506879744,7.068802137039551,6.058973260319616,7.068802137039551,4.039315506879744,9.088459890479424,4.039315506879744,6.058973260319616,5.04914438359968,4.039315506879744,9.088459890479424,8.078631013759487,6.058973260319616,3.029486630159808,5.04914438359968,8.078631013759487,4.039315506879744,9.088459890479424,2.019657753439872,4.039315506879744,9.088459890479424,9.088459890479424
B02010,99000000247,Synthetic Census Tract 99000000247,1.0,Total:,68.05357109348249,62.13586925926662,+/-63,37.47877828336716,86.79296023516606,70.02613837155444,52.27303286890684,60.163301981194664,68.05357109348249,86.79296023516606,52.27303286890684,91.72437843034596,55.23188378601477,84.82039295709411,39.45134556143912,60.163301981194664,65.09472017637455,90.73809479130998,71.01242201059041,69.03985473251846,56.21816742505075,81.86154203998618,75.94384020577031,108.49120029395759,101.58721482070574,79.88897476191423,41.423912839511075,35.50621100529521,60.163301981194664,86.79296023516606,106.51863301588563,58.19073470312271,71.01242201059041,57.204451064086726,50.30046559083488,55.23188378601477,80.8752584009502,77.91640748384226,43.39648011758303,71.01242201059041,64.10843653733858,78.90269112287824,49.3141819517989,47.341614673726944,65.09472017637455,71.9987056496264,89.751811152274,61.14958562023064,54.245600146978795,34.51992736625923,71.9987056496264,52.27303286890684,78.90269112287824,59.17701834215868,100.60093118166976,101.58721482070574,87.77924387420205,70.02613837155444,66.08100381541053,48.327898312762926,61.14958562023064,60.163301981194664,76.93012384480629,64.10843653733858,49.3141819517989,47.341614673726944,90.73809479130998,125.25802215756921,82.84782567902215,53.25931650794281,50.30046559083488,67.0672874544465,91.72437843034596,84.82039295709411,97.64208026456183,74.95755656673433,50.30046559083488,41.423912839511075,79.88897476191423,72.98498928866238,88.76552751323803,43.39648011758303,78.90269112287824,76.93012384480629
B02010,99000000248,Synthetic Census Tract 99000000248,1.0,Total:,73.81457972555123,102.52024961882115,+/-100,62.537352267480905,48.18451732084594,69.71376974079838,71.76417473317481,61.5121497712927,87.14221217599798,79.9657947026805,20.50404992376423,37.93249235896383,157.8811844129846,9.226822465693903,23.579657412328867,75.86498471792765,85.09180718362155,85.09180718362155,113.79747707689148,45.10890983228131,69.71376974079838,77.91538971030408,64.58775725985733,114.8226795730797,49.209719817034156,62.537352267480905,74.83978222173944,89.19261716837441,150.7047669396671,48.18451732084594,87.14221217599798,17.428442435199596,104.57065461119758,42.03330234371668,59.46174477891627,62.537352267480905,79.9657947026805,135.32672949684394,71.76417473317481,34.85688487039919,46.13411232846952,80.99099719886871,82.01619969505693,98.41943963406831,50.23492231322237,78.9405922064923,74.83978222173944,90.21781966456263,75.86498471792765,97.3942371378801,60.486947275104484,44.0837073360931,107.64626209976221,39.98289735134025,36.90728986277561,69.71376974079838,61.5121497712927,143.52834946634962,65.61295975604554,33.831682374210985,54.33573229797521,71.76417473317481,88.1674146721862,83.04140219124514,27.680467397081713,77.91538971030408,78.9405922064923,58.43654228272806,64.58775725985733,68.68856724461017,64.58775725985733,52.28532730559879,145.57875445872605,20.50404992376423,35.882087366587406,100.46984462644474,59.46174477891627,33.831682374210985,130.20071701590288,37.93249235896383,91.24302216075083,64.58775725985733,50.23492231322237,97.3942371378801
B02010,99000000249,Synthetic Census Tract 99000000249,1.0,Total:,227.4787632522719,163.31808643752856,+/-168,99.1574096227852,263.4476275272038,268.30828486165404,353.8558539479785,174.0115325733191,204.1476080469107,116.65577602680611,339.27388194462776,243.03286672251272,138.04266829838724,259.5591016596436,208.0361339144709,232.33942058672218,276.0853365967745,163.31808643752856,248.86565552385304,208.0361339144709,205.11973951380074,203.17547658002064,228.45089471916197,228.45089471916197,259.5591016596436,234.28368352050228,266.364021927874,273.1689421961043,210.95252831514105,268.30828486165404,294.55583446768543,215.8131856495913,205.11973951380074,297.47222886835556,297.47222886835556,224.56236885160178,156.5131661692982,183.73284724221963,205.11973951380074,226.50663178538187,225.5345003184918,194.42629337801017,157.48529763618825,168.17874377197882,288.7230456663451,216.78531711648137,223.5902373847117,159.42956056996834,249.8377869907431,249.8377869907431,175.95579550709923,250.80991845763313,299.4164918021357,187.62137310977982,165.26234937130866,238.17220938806247,235.2558149873923,270.25254779543417,324.691909941277,174.98366404020916,208.0361339144709,250.80991845763313,301.3607547359158,217.7574485833714,230.39515765294206,163.31808643752856,174.0115325733191,194.42629337801017,238.17220938806247,339.27388194462776,206.0918709806908,229.42302618605203,327.60830434194713,220.67384298404156,239.14434085495253,199.28695071246045,153.59677176862806,273.1689421961043,256.6427072589734,214.84105418270124,289.6951771332352,178.87218990776938,183.73284724221963,200.2590821793505
B02010,99000000250,Synthetic Census Tract 99000000250,1.0,Total:,65.16561017988786,55.140131690674345,+/-55,33.08407901440461,68.17325372665192,40.10191395685407,68.17325372665192,47.11974889930353,71.18089727341598,78.19873221586543,57.14522738851705,73.18599297125867,84.21401930939355,75.19108866910138,67.17070587773057,79.20128006478679,77.19618436694408,42.107009654696775,44.11210535253947,42.107009654696775,29.0738876187192,68.17325372665192,65.16561017988786,80.20382791370814,58.1477752374384,73.18599297125867,44.11210535253947,65.16561017988786,61.15541878420245,21.053504827348387,66.16815802880922,71.18089727341598,45.114653201460825,70.17834942449463,79.20128006478679,62.157966633123806,28.07133976979785,77.19618436694408,74.18854082018002,68.17325372665192,86.21911500723625,41.10446180577542,79.20128006478679,50.12739244606759,61.15541878420245,41.10446180577542,70.17834942449463,57.14522738851705,73.18599297125867,74.18854082018002,57.14522738851705,61.15541878420245,91.231854251843,62.157966633123806,64.16306233096651,65.16561017988786,80.20382791370814,35.08917471224731,38.096818259011364,32.081531165483256,38.096818259011364,94.23949779860706,68.17325372665192,37.09427041009001,76.19363651802273,61.15541878420245,27.068791920876496,66.16815802880922,67.17070587773057,54.13758384175299,65.16561017988786,82.20892361155084,43.10955750361813,73.18599297125867,53.13503599283164,73.18599297125867,70.17834942449463,69.17580157557327,70.17834942449463,80.20382791370814,84.21401930939355,39.09936610793272,67.17070587773057,72.18344512233733
B02010,99000000251,Synthetic Census Tract 99000000251,1.0,Total:,240.88846167018215,162.33787634294885,+/-155,98.45006694346574,164.43255861834172,148.72244155289505,253.4565553225395,289.06615400421856,161.29053520525238,292.2081774173079,213.6575920900746,204.2315218508066,222.03632119164615,192.71076933614572,307.91829448275456,293.25551855500436,182.23735795918128,285.92413059112926,251.3618730471466,208.42088640159238,250.31453190945015,248.21984963405725,233.55707370630702,240.88846167018215,239.8411205324857,312.10765903354036,244.0304850832715,216.79961550316392,269.1666723879861,248.21984963405725,259.74060214871815,170.71660544452038,142.4383947267164,148.72244155289505,197.94747502462795,315.24968244662966,211.56290981468172,231.46239143091415,167.57458203143105,232.5097325686106,258.6932610110217,240.88846167018215,276.4980603518612,118.34954855969818,162.33787634294885,159.1958529298595,277.54540148955766,276.4980603518612,153.95914724137728,311.0603178958439,245.07782622096792,215.75227436546749,285.92413059112926,214.70493322777105,244.0304850832715,255.55123759793236,169.66926430682395,292.2081774173079,237.74643825709282,208.42088640159238,257.6459198733252,254.50389646023592,264.9773078372004,244.0304850832715,223.0836623293426,253.4565553225395,257.6459198733252,173.85862885760972,239.8411205324857,255.55123759793236,305.8236122073617,187.47406364766348,192.71076933614572,172.81128771991328,172.81128771991328,257.6459198733252,204.2315218508066,194.80545161153861,162.33787634294885,249.2671907717537,293.25551855500436,246.12516735866436,252.40921418484302,135.10700676284128
B02010,99000000252,Synthetic Census Tract 99000000252,1.0,Total:,96.95525196102675,121.7327052399558,+/-113,74.33235983678716,126.04182754933477,116.34630235323209,115.26902177588735,61.40499290865027,149.7420002509191,36.62753962972121,116.34630235323209,161.59208660171123,138.96919447747166,124.96454697199002,62.48227348599501,89.41428791961356,190.67866219001925,72.17779868209769,102.34165484775045,115.26902177588735,77.56420156882139,31.241136742997504,51.70946771254759,95.877971383682,102.34165484775045,90.4915684969583,59.25043175396079,132.5055110134032,70.0232375274082,133.58279159074795,75.40964041413191,52.78674828989234,54.94130944458182,92.64612965164778,126.04182754933477,130.35094985871373,31.241136742997504,92.64612965164778,104.49621600243994,63.55955406333975,130.35094985871373,124.96454697199002,91.56884907430303,100.18709369306097,85.10516561023458,62.48227348599501,80.79604330085562,145.4328779415401,44.1685036711344,145.4328779415401,85.10516561023458,66.79139579537397,65.71411521802924,73.25507925944243,127.1191081266795,112.03718004385313,26.93201443361854,102.34165484775045,112.03718004385313,68.94595695006346,94.80069080633726,161.59208660171123,129.273669281369,92.64612965164778,112.03718004385313,160.5148060243665,130.35094985871373,50.632187135202855,122.80998581730054,65.71411521802924,150.81928082826383,155.12840313764278,104.49621600243994,77.56420156882139,53.86402886723708,66.79139579537397,186.3695398806403,82.9506044555451,74.33235983678716,112.03718004385313,77.56420156882139,38.782100784410694,62.48227348599501,108.8053383118189
B02010,99000000253,Synthetic Census Tract 99000000253,1.0,Total:,149.6211786453473,173.47383031344611,+/-160,105.16850962752672,104.08429818806768,246.11599675720169,93.2421837934773,130.1053727350846,136.61064137183882,106.25272106698576,136.61064137183882,169.13698455560998,69.38953212537845,191.9054247842498,135.52642993237978,138.7790642507569,85.65270371726403,200.57911629992208,170.22119599506902,184.3159447080365,254.789688272874,104.08429818806768,142.03169856913402,210.33701925505343,129.02116129562555,202.74753917884016,142.03169856913402,159.37908160047863,196.24227054208595,209.2528078155944,178.8948875107413,177.81067607128227,140.94748712967498,275.3897056225957,95.41060667239537,208.16859637613535,162.63171591885575,69.38953212537845,78.06322364105075,98.66324099077248,183.23173326857747,266.7160141069234,98.66324099077248,160.46329303993767,113.84220114319902,241.77915099936556,67.22110924646037,153.95802440318343,138.7790642507569,103.00008674860864,191.9054247842498,164.80013879777383,86.73691515672306,211.42123069451247,132.27379561400267,158.2948701610196,86.73691515672306,192.98963622370883,179.97909895020035,210.33701925505343,243.9475738782836,126.85273841670748,161.5475044793967,173.47383031344611,119.26325834049422,173.47383031344611,137.69485281129786,163.7159273583148,171.30540743452806,201.66332773938112,168.05277311615095,168.05277311615095,142.03169856913402,262.37916834908725,99.74745243023152,173.47383031344611,157.21065872156055,79.1474350805098,88.90533803564114,86.73691515672306,171.30540743452806,291.6528772144813,103.00008674860864,172.3896188739871
B02010,99000000254,Synthetic Census Tract 99000000254,1.0,Total:,199.14459042228734,252.1830994292282,+/-252,153.11116751060283,140.10172190512677,213.15476261280003,189.13732457192114,150.10898775549296,222.1613018781296,120.08719020439437,208.15112968761693,155.11262068067606,325.23614013690144,197.1431372522141,279.20271722521693,258.18745893944794,102.07411167373522,84.06103314307606,209.15185627265353,185.13441823177467,196.14241066717747,205.14894993250707,266.19327161974087,75.05449387774648,86.06248631314931,234.17002089856905,180.13078530659158,174.12642579637185,288.2092564905465,64.04650144234367,183.13296506170144,242.17583357886198,323.2346869668282,237.17220065367889,338.2455857423775,312.2266945314254,110.07992435402818,97.07047874855212,239.17365382375215,279.20271722521693,163.11843336096902,221.160575293093,214.15548919783663,345.25067183763383,447.32478351136905,181.13151189162818,165.11988653104228,161.1169801908958,101.0733850886986,241.17510699382538,220.15984870805636,210.15258285769016,128.09300288468734,180.13078530659158,85.06175972811269,77.05594704781973,365.2652035383662,282.2048969803268,215.15621578287326,173.12569921133522,162.11770677593242,198.14386383725073,101.0733850886986,275.19981088507046,229.16638797338595,204.14822334747043,198.14386383725073,243.1765601638986,75.05449387774648,153.11116751060283,213.15476261280003,180.13078530659158,112.08137752410141,209.15185627265353,100.07265850366198,126.0915497146141,198.14386383725073,240.17438040878875,275.19981088507046,224.16275504820283,200.14531700732397,187.1358714018479,89.06466606825916,65.04722802738029
B02010,99000000255,Synthetic Census Tract 99000000255,1.0,Total:,47.190586078561346,48.19464110150946,+/-48,29.1175956654953,29.1175956654953,57.23113630804249,60.243301376886826,34.13787078023587,59.23924635393871,41.16625594087267,74.30007169816042,55.223026262146256,56.22708128509437,23.093265527806615,60.243301376886826,45.18247603266512,26.105430596650958,58.2351913309906,68.27574156047174,47.190586078561346,32.12976073433964,37.15003584908021,61.24735639983494,37.15003584908021,63.255466445731166,26.105430596650958,61.24735639983494,42.17031096382078,46.18653105561323,74.30007169816042,42.17031096382078,55.223026262146256,48.19464110150946,52.210861193301916,60.243301376886826,62.25141142278305,62.25141142278305,37.15003584908021,35.14192580318398,37.15003584908021,37.15003584908021,51.2068061703538,39.158145894976435,57.23113630804249,30.121650688443413,45.18247603266512,56.22708128509437,46.18653105561323,58.2351913309906,40.16220091792455,79.320346812901,64.25952146867928,46.18653105561323,16.06488036716982,56.22708128509437,32.12976073433964,26.105430596650958,61.24735639983494,87.3527869964859,33.133815757287756,40.16220091792455,43.17436598676889,42.17031096382078,27.10948561959907,63.255466445731166,22.089210504858503,44.178421009717006,41.16625594087267,45.18247603266512,62.25141142278305,35.14192580318398,57.23113630804249,56.22708128509437,54.21897123919814,53.21491621625003,57.23113630804249,67.27168653752362,26.105430596650958,30.121650688443413,43.17436598676889,47.190586078561346,61.24735639983494,66.26763151457551,56.22708128509437
B02010,99000000256,Synthetic Census Tract 99000000256,1.0,Total:,21.19948164305535,37.09909287534686,+/-35,22.259455725208117,22.259455725208117,51.938730025485604,23.319429807360883,22.259455725208117,25.439377971666417,8.47979265722214,11.659714903680442,27.559326135971954,6.359844492916604,27.559326135971954,11.659714903680442,33.91917062888856,22.259455725208117,34.97914471104133,24.37940388951365,22.259455725208117,19.079533478749813,21.19948164305535,27.559326135971954,22.259455725208117,33.91917062888856,14.839637150138744,7.419818575069372,44.51891145041623,43.45893736826346,30.739248382430254,15.899611232291512,9.539766739374906,24.37940388951365,20.139507560902583,25.439377971666417,32.85919654673579,7.419818575069372,28.61930021812472,23.319429807360883,21.19948164305535,41.33898920395793,7.419818575069372,6.359844492916604,21.19948164305535,33.91917062888856,14.839637150138744,8.47979265722214,33.91917062888856,33.91917062888856,32.85919654673579,20.139507560902583,8.47979265722214,38.159066957499626,16.95958531444428,18.019559396597046,23.319429807360883,4.23989632861107,23.319429807360883,28.61930021812472,30.739248382430254,37.09909287534686,7.419818575069372,11.659714903680442,7.419818575069372,28.61930021812472,44.51891145041623,18.019559396597046,20.139507560902583,30.739248382430254,8.47979265722214,10.599740821527675,30.739248382430254,6.359844492916604,32.85919654673579,8.47979265722214,36.03911879319409,19.079533478749813,30.739248382430254,45.578885532569004,23.319429807360883,26.499352053819187,20.139507560902583,26.499352053819187,7.419818575069372
B02010,99000000257,Synthetic Census Tract 99000000257,1.0,Total:,68.36519982276766,57.77340830093042,+/-60,35.62693511890709,72.21676037616302,80.88277162130258,65.47652940772115,54.884737885883894,99.17768424993055,51.996067470837374,61.62496885432578,94.36323355818635,70.29098009946534,91.47456314313983,64.5136392693723,55.84762802423274,87.62300258974447,79.91988148295374,66.43941954606998,60.66207871597694,57.77340830093042,64.5136392693723,52.958957609186214,67.40230968441882,69.3280899611165,69.3280899611165,59.6991885776281,106.88080535672127,72.21676037616302,106.88080535672127,88.58589272809331,43.33005622569782,55.84762802423274,51.996067470837374,78.9569913446049,70.29098009946534,84.73433217469794,98.21479411158171,49.107397055790855,69.3280899611165,70.29098009946534,75.10543079120954,77.99410120625606,47.181616779093176,32.73826470386057,72.21676037616302,61.62496885432578,113.62103632516316,97.25190397323287,91.47456314313983,86.66011245139563,53.921847747535054,50.070287194139695,72.21676037616302,81.84566175965142,63.55074913102346,65.47652940772115,92.43745328148867,29.84959428881405,77.99410120625606,67.40230968441882,51.996067470837374,71.25387023781418,82.80855189800026,88.58589272809331,83.7714420363491,85.69722231304678,69.3280899611165,74.1425406528607,39.47849567230245,51.996067470837374,95.32612369653519,97.25190397323287,67.40230968441882,77.99410120625606,83.7714420363491,61.62496885432578,60.66207871597694,98.21479411158171,59.6991885776281,73.17965051451186,85.69722231304678,79.91988148295374,71.25387023781418
B02010,99000000258,Synthetic Census Tract 99000000258,1.0,Total:,20.282052976911263,20.282052976911263,+/-19,11.742241197159151,18.147100031973235,10.674764724690139,18.147100031973235,21.349529449380277,25.61943533925633,16.012147087035206,22.417005921849288,30.9568177016014,19.21457650444225,20.282052976911263,9.607288252221124,17.07962355950422,23.484482394318302,23.484482394318302,23.484482394318302,18.147100031973235,24.551958866787317,23.484482394318302,22.417005921849288,11.742241197159151,23.484482394318302,13.87719414209718,23.484482394318302,20.282052976911263,24.551958866787317,12.809717669628165,28.821864756663373,24.551958866787317,20.282052976911263,29.889341229132384,7.472335307283096,10.674764724690139,27.75438828419436,20.282052976911263,23.484482394318302,24.551958866787317,20.282052976911263,21.349529449380277,17.07962355950422,16.012147087035206,27.75438828419436,13.87719414209718,12.809717669628165,18.147100031973235,25.61943533925633,11.742241197159151,29.889341229132384,28.821864756663373,20.282052976911263,23.484482394318302,13.87719414209718,10.674764724690139,27.75438828419436,16.012147087035206,18.147100031973235,28.821864756663373,21.349529449380277,18.147100031973235,20.282052976911263,12.809717669628165,16.012147087035206,11.742241197159151,24.551958866787317,18.147100031973235,29.889341229132384,9.607288252221124,23.484482394318302,36.29420006394647,23.484482394318302,23.484482394318302,14.944670614566192,12.809717669628165,22.417005921849288,22.417005921849288,17.07962355950422,14.944670614566192,27.75438828419436,14.944670614566192,19.21457650444225,8.53981177975211
B02010,99000000259,Synthetic Census Tract 99000000259,1.0,Total:,0.0,13.983596610248787,+/-14,8.989454963731363,0.0,0.0,0.0,0.0,0.0,0.0,0.0,0.0,0.0,0.0,0.0,0.0,0.0,0.0,0.0,0.0,0.0,0.0,0.0,0.0,0.0,0.0,0.0,0.0,0.0,0.0,0.0,0.0,0.0,0.0,0.0,0.0,0.0,0.0,0.0,0.0,0.0,0.0,0.0,0.0,0.0,0.0,0.0,0.0,0.0,0.0,0.0,0.0,0.0,0.0,0.0,0.0,0.0,0.0,0.0,0.0,0.0,0.0,0.0,0.0,0.0,0.0,0.0,0.0,0.0,0.0,0.0,0.0,0.0,0.0,0.0,0.0,0.0,0.0,0.0,0.0,0.0,0.0,0.0,0.0
B02010,99000000260,Synthetic Census Tract 99000000260,1.0,Total:,104.31836196997706,90.47079179697126,+/-98,55.39028069202322,89.5476204521042,127.3976455916534,91.39396314183831,108.01104734944528,110.78056138404644,136.62935904032395,123.70496021218518,116.31958945324877,90.47079179697126,179.0952409042084,94.16347717643947,88.62444910723715,93.24030583157241,94.16347717643947,78.46956431369956,97.85616255590769,90.47079179697126,97.85616255590769,105.24153331484412,83.08542103803482,104.31836196997706,86.77810641750304,67.39150817529492,118.16593214298287,77.5463929688325,145.86107248899447,83.08542103803482,72.93053624449723,130.16715962625457,95.08664852130653,142.16838710952626,92.31713448670537,160.63181400686733,157.8622999722662,107.08787600457822,76.62322162396545,120.93544617758403,91.39396314183831,121.85861752245108,119.08910348784993,119.08910348784993,120.01227483271697,145.86107248899447,110.78056138404644,52.62076665742206,93.24030583157241,50.77442396768795,135.7061876954569,140.32204441979215,102.47201928024296,108.93421869431234,99.70250524564179,62.77565145095965,96.00981986617359,116.31958945324877,155.092785937665,95.08664852130653,99.70250524564179,107.08787600457822,124.62813155705224,84.00859238290188,73.85370758936429,64.62199414069376,84.93176372776894,102.47201928024296,95.08664852130653,130.16715962625457,141.2452157646592,127.3976455916534,90.47079179697126,87.7012777623701,160.63181400686733,140.32204441979215,78.46956431369956,97.85616255590769,85.854935072636,182.78792628367663,115.39641810838171,80.31590700343367,81.23907834830072
B02010,99000000261,Synthetic Census Tract 99000000261,1.0,Total:,69.49529903550875,57.60794525311909,+/-63,34.747649517754375,78.63941732965463,81.3826528178984,53.95029793546074,80.46824098848381,54.86470976487533,53.95029793546074,76.81059367082545,64.9232398884358,65.83765171785039,57.60794525311909,53.95029793546074,88.69794745321511,74.98177001199628,98.75647757677558,69.49529903550875,59.43676891194827,90.52677111204429,49.37823878838779,43.89176781190026,78.63941732965463,62.18000440019203,38.40529683541273,71.32412269433793,60.35118074136286,88.69794745321511,61.26559257077745,69.49529903550875,47.54941512955862,43.89176781190026,99.67088940619017,56.6935334237045,94.18441842970265,33.833237688339786,73.1529463531671,106.0717722120923,86.86912379438593,66.75206354726498,48.46382695897321,71.32412269433793,76.81059367082545,91.44118294145888,67.66647537667957,51.20706244721697,76.81059367082545,49.37823878838779,72.2385345237525,51.20706244721697,62.18000440019203,60.35118074136286,59.43676891194827,61.26559257077745,80.46824098848381,105.15736038267771,76.81059367082545,65.83765171785039,51.20706244721697,85.04030013555675,76.81059367082545,41.1485323236565,58.52235708253368,85.95471196497134,31.090002200096016,60.35118074136286,74.06735818258169,96.92765391794642,75.89618184141086,72.2385345237525,71.32412269433793,54.86470976487533,59.43676891194827,108.81500770033607,72.2385345237525,29.26117854126684,72.2385345237525,90.52677111204429,85.04030013555675,68.58088720609416,50.29265061780238,64.9232398884358,63.09441622960662
B02010,99000000262,Synthetic Census Tract 99000000262,1.0,Total:,30.983560624028893,41.66754704610782,+/-39,25.641567412989428,41.66754704610782,20.299574201949962,9.615587779871035,58.761925321434106,18.162776917534178,36.325553835068355,39.530749761692036,45.94114161493939,44.8727429727315,53.41993211039464,36.325553835068355,29.915161981821,18.162776917534178,72.65110767013671,22.43637148636575,12.820783706494714,36.325553835068355,27.778364697405213,42.73594568831571,24.573168770781535,29.915161981821,24.573168770781535,44.8727429727315,24.573168770781535,28.846763339613105,30.983560624028893,19.23117555974207,35.257155192860466,43.804344330523605,24.573168770781535,38.46235111948414,23.504770128573643,30.983560624028893,26.70996605519732,47.009540257147286,25.641567412989428,38.46235111948414,37.39395247727625,19.23117555974207,34.18875655065257,30.983560624028893,21.367972844157855,9.615587779871035,49.14633754156307,21.367972844157855,30.983560624028893,45.94114161493939,50.21473618377096,41.66754704610782,43.804344330523605,34.18875655065257,28.846763339613105,17.094378275326285,57.69352667922621,16.025979633118393,14.9575809909105,28.846763339613105,21.367972844157855,53.41993211039464,24.573168770781535,24.573168770781535,22.43637148636575,45.94114161493939,30.983560624028893,50.21473618377096,51.283134825978856,17.094378275326285,42.73594568831571,48.077938899355175,33.120357908444674,34.18875655065257,25.641567412989428,26.70996605519732,27.778364697405213,45.94114161493939,30.983560624028893,34.18875655065257,40.599148403899925,18.162776917534178,37.39395247727625
B02010,99000000263,Synthetic Census Tract 99000000263,1.0,Total:,0.0,12.755590167339259,+/-14,8.200022250432381,0.0,0.0,0.0,0.0,0.0,0.0,0.0,0.0,0.0,0.0,0.0,0.0,0.0,0.0,0.0,0.0,0.0,0.0,0.0,0.0,0.0,0.0,0.0,0.0,0.0,0.0,0.0,0.0,0.0,0.0,0.0,0.0,0.0,0.0,0.0,0.0,0.0,0.0,0.0,0.0,0.0,0.0,0.0,0.0,0.0,0.0,0.0,0.0,0.0,0.0,0.0,0.0,0.0,0.0,0.0,0.0,0.0,0.0,0.0,0.0,0.0,0.0,0.0,0.0,0.0,0.0,0.0,0.0,0.0,0.0,0.0,0.0,0.0,0.0,0.0,0.0,0.0,0.0,0.0,0.0
B02010,99000000264,Synthetic Census Tract 99000000264,1.0,Total:,28.683668616801935,30.5959131912554,+/-32,18.166323457307893,10.517345159494043,30.5959131912554,26.771424042348475,32.50815776570886,40.157136063522714,28.683668616801935,27.727546329575205,24.85917946789501,29.63979090402867,26.771424042348475,19.122445744534623,38.244891489069246,14.341834308400967,17.210201170081163,27.727546329575205,25.81530175512174,31.55203547848213,24.85917946789501,35.37652462738905,21.990812606214817,29.63979090402867,41.11325835074944,16.25407888285443,20.078568031761357,38.244891489069246,19.122445744534623,37.28876920184252,29.63979090402867,42.069380637976174,39.20101377629598,35.37652462738905,33.46428005293559,31.55203547848213,39.20101377629598,16.25407888285443,12.429589733947505,37.28876920184252,36.332646914615786,17.210201170081163,40.157136063522714,19.122445744534623,33.46428005293559,39.20101377629598,31.55203547848213,31.55203547848213,28.683668616801935,37.28876920184252,31.55203547848213,17.210201170081163,35.37652462738905,12.429589733947505,27.727546329575205,14.341834308400967,10.517345159494043,29.63979090402867,22.94693489344155,35.37652462738905,36.332646914615786,21.990812606214817,50.674481223016755,39.20101377629598,26.771424042348475,16.25407888285443,8.605100585040582,24.85917946789501,38.244891489069246,38.244891489069246,30.5959131912554,21.990812606214817,27.727546329575205,24.85917946789501,28.683668616801935,36.332646914615786,33.46428005293559,16.25407888285443,16.25407888285443,23.90305718066828,40.157136063522714,14.341834308400967,31.55203547848213
B02010,99000000265,Synthetic Census Tract 99000000265,1.0,Total:,22.236998186307112,33.83891028351082,+/-35,20.303346170106494,9.668260081003092,22.236998186307112,29.004780243009275,25.13747621060804,29.971606251109584,25.13747621060804,24.17065020250773,9.668260081003092,25.13747621060804,10.635086089103401,12.56873810530402,28.037954234908966,34.80573629161113,29.004780243009275,26.104302218708348,10.635086089103401,19.336520162006185,25.13747621060804,22.236998186307112,13.535564113404329,23.20382419440742,23.20382419440742,24.17065020250773,15.469216129604947,9.668260081003092,18.369694153905876,21.270172178206803,24.17065020250773,9.668260081003092,39.639866332112675,48.34130040501546,26.104302218708348,22.236998186307112,11.60191209720371,13.535564113404329,24.17065020250773,17.402868145805567,18.369694153905876,20.303346170106494,52.208604437416696,7.734608064802473,26.104302218708348,29.971606251109584,23.20382419440742,38.67304032401237,28.037954234908966,29.971606251109584,6.767782056702164,34.80573629161113,7.734608064802473,8.701434072902783,27.071128226808657,19.336520162006185,26.104302218708348,31.905258267310202,8.701434072902783,21.270172178206803,16.436042137705257,23.20382419440742,12.56873810530402,33.83891028351082,21.270172178206803,26.104302218708348,19.336520162006185,9.668260081003092,26.104302218708348,26.104302218708348,26.104302218708348,8.701434072902783,42.540344356413605,35.77256229971144,20.303346170106494,19.336520162006185,4.834130040501546,4.834130040501546,28.037954234908966,25.13747621060804,18.369694153905876,15.469216129604947,55.10908246171762
B02010,99000000266,Synthetic Census Tract 99000000266,1.0,Total:,6.5421922232682315,11.215186668459825,+/-12,7.47679111230655,1.8691977780766376,6.5421922232682315,2.8037966671149563,1.8691977780766376,5.607593334229913,1.8691977780766376,11.215186668459825,10.280587779421506,7.47679111230655,6.5421922232682315,8.41139000134487,11.215186668459825,0.9345988890383188,10.280587779421506,8.41139000134487,10.280587779421506,10.280587779421506,3.738395556153275,15.88818111365142,7.47679111230655,1.8691977780766376,6.5421922232682315,2.8037966671149563,2.8037966671149563,4.672994445191594,2.8037966671149563,10.280587779421506,8.41139000134487,4.672994445191594,9.345988890383188,9.345988890383188,7.47679111230655,2.8037966671149563,6.5421922232682315,10.280587779421506,16.82278000268974,8.41139000134487,7.47679111230655,10.280587779421506,8.41139000134487,12.149785557498145,5.607593334229913,10.280587779421506,12.149785557498145,3.738395556153275,9.345988890383188,2.8037966671149563,10.280587779421506,7.47679111230655,5.607593334229913,0.9345988890383188,6.5421922232682315,8.41139000134487,10.280587779421506,1.8691977780766376,1.8691977780766376,9.345988890383188,4.672994445191594,3.738395556153275,6.5421922232682315,11.215186668459825,9.345988890383188,11.215186668459825,11.215186668459825,6.5421922232682315,6.5421922232682315,2.8037966671149563,7.47679111230655,5.607593334229913,7.47679111230655,2.8037966671149563,8.41139000134487,9.345988890383188,5.607593334229913,1.8691977780766376,1.8691977780766376,8.41139000134487,8.41139000134487,2.8037966671149563,9.345988890383188
B02010,99000000267,Synthetic Census Tract 99000000267,1.0,Total:,82.79896596059422,129.0123423106933,+/-134,78.94785126475263,125.16122761485173,34.66003226257432,163.67237457326763,79.91062993871302,32.734474914653525,43.3250403282179,63.543392481386256,68.35728585118825,188.704620096238,29.846138892772334,82.79896596059422,97.24064607000018,72.20840054702984,71.24562187306944,159.82125987742603,140.56568639821808,82.79896596059422,67.39450717722785,101.09176076584177,99.16620341792098,118.42177689712894,28.883360218811937,145.37957976802008,77.02229391683183,33.697253588613926,51.027269719901085,24.069466849009945,105.90565413564376,153.08180915970325,37.54836828445551,100.12898209188137,74.13395789495064,74.13395789495064,85.6873019824754,145.37957976802008,71.24562187306944,82.79896596059422,104.94287546168337,86.6500806564358,72.20840054702984,51.027269719901085,110.71954750544575,28.883360218811937,116.49621954920813,129.0123423106933,107.83121148356456,99.16620341792098,102.05453943980217,31.771696240693128,133.8262356804953,89.538416678317,78.94785126475263,84.72452330851502,91.46397402623779,24.069466849009945,46.2133763500991,98.20342474396058,90.50119535227739,76.05951524287143,87.6128593303962,32.734474914653525,158.85848120346566,35.62281093653472,77.98507259079223,151.15625181178245,110.71954750544575,122.27289159297052,89.538416678317,30.80891756673273,181.96516937851518,72.20840054702984,120.34733424504974,84.72452330851502,93.3895313741586,40.43670430633671,31.771696240693128,82.79896596059422,82.79896596059422,82.79896596059422,77.02229391683183
B02010,99000000268,Synthetic Census Tract 99000000268,1.0,Total:,119.53339052133195,104.85385133450171,+/-100,63.960849314046044,116.3877749812969,102.75677430781168,68.15500336742612,111.14508241457182,145.74685335495738,157.28077700175257,77.59184998753126,134.2129297081622,141.55269930157732,126.87316011474708,110.0965439012268,115.33923646795188,71.30061890746117,111.14508241457182,141.55269930157732,94.36846620105155,128.9702371414371,154.13516146171753,158.3293155150976,89.12577363432645,196.0767019955182,169.86323916189278,99.61115876777663,128.9702371414371,117.43631349464192,113.24215944126185,101.70823579446666,130.01877565478213,110.0965439012268,74.44623444749621,97.5140817410866,82.83454255425636,125.82462160140206,102.75677430781168,84.93161958094639,103.80531282115669,77.59184998753126,136.31000673485224,142.60123781492234,165.66908510851272,116.3877749812969,87.02869660763642,166.7176236218577,105.90238984784673,124.77608308805704,47.18423310052577,134.2129297081622,60.81523377401099,100.65969728112165,113.24215944126185,113.24215944126185,159.3778540284426,170.9117776752378,87.02869660763642,161.47493105513263,144.69831484161236,98.56262025443161,45.087156073835736,131.06731416812715,103.80531282115669,76.54331147418625,95.41700471439655,123.72754457471203,143.64977632826734,67.1064648540811,114.29069795460687,135.26146822150722,131.06731416812715,137.35854524819723,170.9117776752378,159.3778540284426,113.24215944126185,100.65969728112165,118.48485200798693,116.3877749812969,75.49477296084123,156.23223848840755,137.35854524819723,53.47546418059587,104.85385133450171
B02010,99000000269,Synthetic Census Tract 99000000269,1.0,Total:,29.79690676749647,27.99103363007244,+/-31,17.15579480552827,27.99103363007244,46.049765004312725,31.6027799049205,35.214526179768555,31.6027799049205,38.826272454616614,27.088097061360425,45.14682843560071,8.126429118408128,34.31158961105654,23.47635078651237,27.99103363007244,16.252858236816255,15.349921668104242,19.864604511664314,22.573414217800355,33.408653042344525,34.31158961105654,20.767541080376326,22.573414217800355,34.31158961105654,38.826272454616614,21.67047764908834,25.2822239239364,24.379287355224385,23.47635078651237,33.408653042344525,24.379287355224385,28.893970198784455,32.50571647363251,40.63214559204064,37.020399317192584,22.573414217800355,21.67047764908834,29.79690676749647,31.6027799049205,23.47635078651237,44.243891866888696,25.2822239239364,38.826272454616614,13.544048530680213,25.2822239239364,17.15579480552827,20.767541080376326,42.438018729464666,46.049765004312725,28.893970198784455,31.6027799049205,23.47635078651237,35.214526179768555,18.9616679429523,37.9233358859046,16.252858236816255,17.15579480552827,35.214526179768555,23.47635078651237,28.893970198784455,35.214526179768555,37.9233358859046,36.11746274848057,35.214526179768555,37.020399317192584,23.47635078651237,31.6027799049205,23.47635078651237,36.11746274848057,27.088097061360425,22.573414217800355,28.893970198784455,15.349921668104242,28.893970198784455,41.53508216075265,38.826272454616614,37.020399317192584,23.47635078651237,11.738175393256185,39.72920902332863,32.50571647363251,26.18516049264841,42.438018729464666
B02010,99000000270,Synthetic Census Tract 99000000270,1.0,Total:,125.72129281868821,116.13238065455097,+/-109,70.31868920367307,84.16934010742685,99.08542569608478,78.84216668290617,118.26325002435925,119.32868470926338,191.77824328274474,131.0484662432089,142.76824777715441,128.9175968734006,174.73128832427852,124.65585813378408,111.87064191493442,71.38412388857721,96.9545563262765,117.19781533945512,98.01999101118064,178.99302706389508,128.9175968734006,95.88912164137237,57.53347298482342,129.98303155830476,118.26325002435925,124.65585813378408,100.15086038098892,54.337168930111005,87.36564416213926,78.84216668290617,143.83368246205856,173.6658536393744,145.96455183186683,172.60041895447026,134.24477029792132,192.84367796764886,212.02150229592334,151.2917252563875,123.59042344887993,143.83368246205856,132.11390092811303,149.16085588657924,165.1423761601413,102.28172975079718,87.36564416213926,93.75825227156409,154.48802931109992,167.27324552994958,199.2362860770737,164.07694147523716,170.469549584662,125.72129281868821,158.74976805071648,142.76824777715441,91.62738290175582,59.66434235463169,103.34716443570133,121.45955407907167,151.2917252563875,161.9460721054289,109.73977254512616,106.54346849041374,69.25325451876893,120.39411939416753,96.9545563262765,129.98303155830476,133.17933561301717,62.860646409344106,104.41259912060546,74.58042794328962,134.24477029792132,172.60041895447026,137.44107435263373,148.0954212016751,94.82368695646822,119.32868470926338,167.27324552994958,153.42259462619577,87.36564416213926,131.0484662432089,153.42259462619577,110.80520723003029,118.26325002435925
B02010,99000000271,Synthetic Census Tract 99000000271,1.0,Total:,0.0,14.998334466008764,+/-14,9.641786442434206,0.0,0.0,0.0,0.0,0.0,0.0,0.0,0.0,0.0,0.0,0.0,0.0,0.0,0.0,0.0,0.0,0.0,0.0,0.0,0.0,0.0,0.0,0.0,0.0,0.0,0.0,0.0,0.0,0.0,0.0,0.0,0.0,0.0,0.0,0.0,0.0,0.0,0.0,0.0,0.0,0.0,0.0,0.0,0.0,0.0,0.0,0.0,0.0,0.0,0.0,0.0,0.0,0.0,0.0,0.0,0.0,0.0,0.0,0.0,0.0,0.0,0.0,0.0,0.0,0.0,0.0,0.0,0.0,0.0,0.0,0.0,0.0,0.0,0.0,0.0,0.0,0.0,0.0,0.0,0.0
B02010,99000000272,Synthetic Census Tract 99000000272,1.0,Total:,49.697068046553795,58.467138878298584,+/-60,35.08028332697915,16.565689348851265,78.93063748570309,75.03282822714985,63.339400451490135,54.569329619745346,66.26275739540506,66.26275739540506,27.284664809872673,62.36494813685182,38.97809258553239,38.97809258553239,45.79925878800056,52.62042499046873,75.03282822714985,46.77371110263887,33.13137869770253,20.463498607404503,49.697068046553795,54.569329619745346,74.05837591251154,68.21166202468169,24.361307865957745,43.85035415872394,17.540141663489575,29.233569439149292,57.49268656366027,19.489046292766194,46.77371110263887,61.39049582221351,58.467138878298584,63.339400451490135,57.49268656366027,40.926997214809006,24.361307865957745,40.926997214809006,64.31385276612845,67.23720971004337,36.05473564161746,46.77371110263887,33.13137869770253,25.335760180596054,62.36494813685182,43.85035415872394,96.47077914919267,60.4160435075752,48.72261573191549,88.67516063208619,28.259117124510983,35.08028332697915,41.90144952944732,38.97809258553239,28.259117124510983,56.518234249021965,61.39049582221351,55.54378193438365,28.259117124510983,29.233569439149292,65.28830508076675,60.4160435075752,52.62042499046873,83.80289905889464,22.412403236681122,52.62042499046873,25.335760180596054,32.156926383064224,38.97809258553239,28.259117124510983,71.13501896859661,48.72261573191549,46.77371110263887,58.467138878298584,47.748163417277176,53.59487730510703,18.514593978127884,48.72261573191549,57.49268656366027,59.44159119293689,51.645972675830414,45.79925878800056,48.72261573191549
B02010,99000000273,Synthetic Census Tract 99000000273,1.0,Total:,0.0,13.03011611736978,+/-14,8.376503218309143,0.0,0.0,0.0,0.0,0.0,0.0,0.0,0.0,0.0,0.0,0.0,0.0,0.0,0.0,0.0,0.0,0.0,0.0,0.0,0.0,0.0,0.0,0.0,0.0,0.0,0.0,0.0,0.0,0.0,0.0,0.0,0.0,0.0,0.0,0.0,0.0,0.0,0.0,0.0,0.0,0.0,0.0,0.0,0.0,0.0,0.0,0.0,0.0,0.0,0.0,0.0,0.0,0.0,0.0,0.0,0.0,0.0,0.0,0.0,0.0,0.0,0.0,0.0,0.0,0.0,0.0,0.0,0.0,0.0,0.0,0.0,0.0,0.0,0.0,0.0,0.0,0.0,0.0,0.0,0.0
B02010,99000000274,Synthetic Census Tract 99000000274,1.0,Total:,146.90420374881833,85.69411885347736,+/-84,52.028572161039826,123.44033787227096,153.02521223835242,116.29916130114785,150.98487607517438,167.30756538059865,162.20672497265357,147.92437183040735,150.98487607517438,155.06554840153046,152.0050441567634,132.6218506065721,181.58991852284487,168.32773346218767,119.3596655459149,166.28739729900963,163.2268930542426,125.48067403544898,140.78319525928424,100.9966400773126,147.92437183040735,150.98487607517438,153.02521223835242,164.24706113583161,102.01680815890161,107.1176485668467,130.58151444339407,146.90420374881833,173.42857387013274,88.75462309824441,182.6100866044339,157.1058845647085,136.70252293292816,100.9966400773126,179.54958235966686,111.19832089320276,90.79495926142243,175.46891003331078,162.20672497265357,178.52941427807784,158.1260526462975,105.07731240366867,152.0050441567634,106.09748048525768,206.07395248098126,138.7428590961062,167.30756538059865,183.6302546860229,163.2268930542426,138.7428590961062,146.90420374881833,168.32773346218767,141.80336334087326,120.37983362750391,131.6016825249831,145.8840356672293,157.1058845647085,168.32773346218767,128.54117828021603,108.13781664843572,166.28739729900963,132.6218506065721,141.80336334087326,178.52941427807784,122.42016979068194,197.91260782826913,138.7428590961062,117.31932938273685,144.8638675856403,118.33949746432587,198.93277590985815,140.78319525928424,143.84369950405127,108.13781664843572,131.6016825249831,140.78319525928424,111.19832089320276,133.64201868816113,133.64201868816113,175.46891003331078,156.08571648311948
B02010,99000000275,Synthetic Census Tract 99000000275,1.0,Total:,0.0,18.478690223459576,+/-20,11.087214134075747,0.0,0.0,0.0,0.0,0.0,0.0,0.0,0.0,0.0,0.0,0.0,0.0,0.0,0.0,0.0,0.0,0.0,0.0,0.0,0.0,0.0,0.0,0.0,0.0,0.0,0.0,0.0,0.0,0.0,0.0,0.0,0.0,0.0,0.0,0.0,0.0,0.0,0.0,0.0,0.0,0.0,0.0,0.0,0.0,0.0,0.0,0.0,0.0,0.0,0.0,0.0,0.0,0.0,0.0,0.0,0.0,0.0,0.0,0.0,0.0,0.0,0.0,0.0,0.0,0.0,0.0,0.0,0.0,0.0,0.0,0.0,0.0,0.0,0.0,0.0,0.0,0.0,0.0,0.0,0.0
B02010,99000000276,Synthetic Census Tract 99000000276,1.0,Total:,72.97379041617378,115.78508079366242,+/-119,70.05483879952683,59.35201620515468,116.75806466587807,67.13588718287988,81.73064526611465,86.5955646271929,24.324596805391263,66.16290331066423,26.270564549822563,83.67661301054595,68.10887105509553,23.351612933175613,70.05483879952683,123.56895177138762,26.270564549822563,19.45967744431301,123.56895177138762,82.7036291383303,72.00080654395813,100.217338838212,132.32580662132847,80.757661393899,115.78508079366242,71.02782267174248,74.91975816060508,75.89274203282073,23.351612933175613,79.78467752168335,19.45967744431301,72.00080654395813,79.78467752168335,20.432661316528662,72.97379041617378,138.16370985462237,24.324596805391263,22.378629060959963,124.54193564360327,68.10887105509553,81.73064526611465,138.16370985462237,131.35282274911282,75.89274203282073,123.56895177138762,70.05483879952683,63.243951694017284,77.83870977725203,30.162500038685167,64.21693556623293,18.48669357209736,67.13588718287988,64.21693556623293,20.432661316528662,70.05483879952683,139.13669372683802,24.324596805391263,22.378629060959963,109.94717756036852,83.67661301054595,75.89274203282073,123.56895177138762,114.81209692144677,82.7036291383303,113.83911304923112,67.13588718287988,83.67661301054595,77.83870977725203,23.351612933175613,73.94677428838943,28.216532294253867,74.91975816060508,61.29798394958598,26.270564549822563,76.86572590503638,112.86612917701547,26.270564549822563,23.351612933175613,119.67701628252502,78.8116936494677,65.18991943844858,114.81209692144677,101.19032271042765
B02010,99000000277,Synthetic Census Tract 99000000277,1.0,Total:,0.0,15.283601706522726,+/-14,9.825172525621753,0.0,0.0,0.0,0.0,0.0,0.0,0.0,0.0,0.0,0.0,0.0,0.0,0.0,0.0,0.0,0.0,0.0,0.0,0.0,0.0,0.0,0.0,0.0,0.0,0.0,0.0,0.0,0.0,0.0,0.0,0.0,0.0,0.0,0.0,0.0,0.0,0.0,0.0,0.0,0.0,0.0,0.0,0.0,0.0,0.0,0.0,0.0,0.0,0.0,0.0,0.0,0.0,0.0,0.0,0.0,0.0,0.0,0.0,0.0,0.0,0.0,0.0,0.0,0.0,0.0,0.0,0.0,0.0,0.0,0.0,0.0,0.0,0.0,0.0,0.0,0.0,0.0,0.0,0.0,0.0
B02010,99000000278,Synthetic Census Tract 99000000278,1.0,Total:,134.08933313104075,225.31404337592915,+/-205,137.38661181459094,265.9804804730481,189.04397785687715,235.20587942657968,138.48570470910767,160.46756259944223,96.72017471747202,141.78298339265785,103.31473208457238,80.23378129972112,107.7111036626393,202.23309259107788,58.251923409386556,230.8095078485128,52.75645893680292,130.79205444749059,290.1605241524161,93.42289603392184,134.08933313104075,94.52198892843857,298.95326730854987,145.08026207620804,92.32380313940511,83.53105998327129,138.48570470910767,192.3412565404273,167.06211996654258,265.9804804730481,121.99931129135676,148.3775407597582,127.4947757639404,47.26099446421929,322.0342180934012,107.7111036626393,129.69296155297386,107.7111036626393,68.1437594600371,149.47663365427493,68.1437594600371,164.86393417750912,67.04466656552037,94.52198892843857,189.04397785687715,138.48570470910767,131.89114734200732,174.7557702281597,215.4222073252786,145.08026207620804,218.71948600882877,68.1437594600371,247.29590126626368,212.12492864172842,67.04466656552037,109.90928945167275,57.152830514869834,150.57572654879166,150.57572654879166,198.9358139075277,252.79136573884733,41.765529991635646,143.9811691816913,127.4947757639404,50.55827314776947,59.351016303903286,265.9804804730481,96.72017471747202,146.17935497072477,96.72017471747202,138.48570470910767,262.6832017894979,104.41382497908911,115.4047539242564,143.9811691816913,123.09840418587348,285.76415257434917,190.14307075139385,71.44103814358729,149.47663365427493,82.43196708875456,192.3412565404273,73.63922393262075
B02010,99000000279,Synthetic Census Tract 99000000279,1.0,Total:,32.68705032639843,34.795892282940265,+/-33,21.08841956541834,29.523787391585678,22.14284054368926,34.795892282940265,32.68705032639843,15.816314674063756,51.66662793527494,36.904734239482096,27.414945435043844,23.197261521960176,25.30610347850201,25.30610347850201,28.46936641331476,42.17683913083668,42.17683913083668,21.08841956541834,29.523787391585678,32.68705032639843,34.795892282940265,33.741471304669346,34.795892282940265,18.979577608876507,15.816314674063756,33.741471304669346,23.197261521960176,28.46936641331476,36.904734239482096,56.93873282662952,30.578208369856597,33.741471304669346,35.850313261211184,41.122418152565764,30.578208369856597,34.795892282940265,26.36052445677293,36.904734239482096,43.2312601091076,15.816314674063756,49.5577859787331,52.72104891354586,42.17683913083668,42.17683913083668,29.523787391585678,37.959155217753015,35.850313261211184,13.707472717521922,61.156416739713194,35.850313261211184,26.36052445677293,27.414945435043844,23.197261521960176,18.979577608876507,25.30610347850201,51.66662793527494,47.44894402219127,24.25168250023109,40.067997174294845,37.959155217753015,37.959155217753015,32.68705032639843,32.68705032639843,21.08841956541834,11.598630760980088,31.632629348127512,21.08841956541834,23.197261521960176,36.904734239482096,61.156416739713194,24.25168250023109,32.68705032639843,37.959155217753015,34.795892282940265,32.68705032639843,25.30610347850201,40.067997174294845,32.68705032639843,37.959155217753015,23.197261521960176,44.28568108737852,46.39452304392035,44.28568108737852
B02010,99000000280,Synthetic Census Tract 99000000280,1.0,Total:,127.9715761638924,109.68992242619348,+/-114,66.39126883690658,119.31184544603501,87.55949948055795,113.53869163413009,164.5348836392902,102.9545763123044,182.81653737698912,102.9545763123044,118.34965314405085,111.61430703016178,141.44226839167052,123.16061465397162,169.345845149211,96.21923019841533,133.7447299757973,125.08499925793993,125.08499925793993,180.89215277302083,155.87515292143283,126.04719155992409,129.8959607678607,151.06419141151207,190.51407579286234,118.34965314405085,129.8959607678607,138.55569148571809,134.70692227778147,192.43846039683066,122.19842235198746,131.820345371829,138.55569148571809,91.40826868849456,124.12280695595578,117.3874608420667,177.0433835650842,110.65211472817762,176.08119126310004,95.25703789643117,110.65211472817762,156.83734522341697,134.70692227778147,168.3836528472268,179.92996047103665,195.32503730278313,56.769345817065044,163.57269133730605,85.63511487658964,108.72773012420932,153.95076831746454,154.91296061944868,152.98857601548036,148.1776145055596,141.44226839167052,162.6104990353219,79.86196106468472,118.34965314405085,165.49707594127437,111.61430703016178,141.44226839167052,147.21542220357546,154.91296061944868,126.04719155992409,117.3874608420667,59.655922723017504,120.27403774801915,113.53869163413009,127.00938386190823,163.57269133730605,146.2532299015913,148.1776145055596,173.1946143571476,194.36284500079896,53.882768911112585,93.33265329246287,105.84115321825686,178.9677681690525,103.91676861428856,111.61430703016178,90.44607638651041,109.68992242619348,64.46688423293827
B02010,99000000281,Synthetic Census Tract 99000000281,1.0,Total:,0.0,14.525462137665059,+/-14,9.337797088498967,0.0,0.0,0.0,0.0,0.0,0.0,0.0,0.0,0.0,0.0,0.0,0.0,0.0,0.0,0.0,0.0,0.0,0.0,0.0,0.0,0.0,0.0,0.0,0.0,0.0,0.0,0.0,0.0,0.0,0.0,0.0,0.0,0.0,0.0,0.0,0.0,0.0,0.0,0.0,0.0,0.0,0.0,0.0,0.0,0.0,0.0,0.0,0.0,0.0,0.0,0.0,0.0,0.0,0.0,0.0,0.0,0.0,0.0,0.0,0.0,0.0,0.0,0.0,0.0,0.0,0.0,0.0,0.0,0.0,0.0,0.0,0.0,0.0,0.0,0.0,0.0,0.0,0.0,0.0,0.0
B02010,99000000282,Synthetic Census Tract 99000000282,1.0,Total:,225.91463626200618,221.75031116961895,+/-213,135.34056550258435,250.90058681632945,290.46167519400797,249.85950554323264,208.21625461936054,242.57193663155502,139.50489059497156,157.2032722376172,247.77734299703903,143.66921568735876,337.31033248336405,121.80650895232591,275.8865373706527,232.161123900587,311.283300655944,251.94166808942623,227.99679880819977,226.955717535103,208.21625461936054,292.5438377402015,233.2022051736838,326.89951975239603,203.0108482538765,133.25840295639074,346.6800639412353,326.89951975239603,224.87355498890938,220.70922989652217,139.50489059497156,212.38057971174774,201.96976698077972,234.2432864467806,201.96976698077972,137.42272804877794,220.70922989652217,240.4897740853614,276.9276186437495,252.98274936252304,135.34056550258435,138.46380932187475,204.0519295269733,153.03894714523,190.5178729767149,257.14707445491024,114.51894004064829,103.06704603658346,275.8865373706527,277.96869991684633,342.51573884884806,324.8173572062024,232.161123900587,200.92868570768292,169.69624751477883,297.74924410568553,229.03788008129658,300.872487924976,119.7243464061323,123.88867149851951,342.51573884884806,266.5168059127815,306.07789429046,227.99679880819977,109.31353367516428,185.31246661123086,331.06384484478326,187.39462915742448,325.85843847929925,312.3243819290408,230.07896135439339,288.37951264781435,122.8475902254227,292.5438377402015,133.25840295639074,250.90058681632945,140.54597186806836,151.9978658721332,257.14707445491024,192.60003552290848,295.667081559492,199.8876044345861,156.1621909645204
B02010,99000000283,Synthetic Census Tract 99000000283,1.0,Total:,358.7675804250119,261.98831486077165,+/-268,159.343639262335,392.9824722911575,412.53383907181205,251.2350631314116,315.75457350757176,276.6518399462626,214.08746624816786,361.7002854421101,204.31178285784057,413.5114074108448,336.2835086272591,377.34137886663376,335.3059402882264,431.10763751343393,337.26107696629185,263.9434515388371,351.9246020517828,431.10763751343393,478.03091778700497,459.4571193453831,359.74514876404464,382.22922056179743,221.90801296042972,478.03091778700497,338.23864530532455,444.79359425989213,420.3543857840739,330.4180985930627,457.50198266731763,236.57153804592065,359.74514876404464,363.65542212017556,295.22563838788443,291.3153650317535,425.24222747923756,438.92818422569576,346.05919201758644,257.100473165608,247.3247897752807,336.2835086272591,290.3377966927208,398.84788232535385,424.2646591402048,198.4463728236442,406.6684290376157,221.90801296042972,233.63883302882246,367.5656954763065,249.27992645334615,526.9093347386415,354.85730706888097,348.0143286956519,366.5881271372738,450.6590042940885,357.7900120859792,238.5266747239861,381.2516522227647,411.55627073277935,380.274083883732,339.2162136443573,396.8927456472884,351.9246020517828,217.9977396042988,426.21979581827026,354.85730706888097,436.9730475476303,450.6590042940885,384.1843572398629,435.01791086956484,293.270501709819,351.9246020517828,385.1619255788956,400.8030190034193,242.43694808011705,348.9918970346846,372.45353717147015,429.15250083536847,174.98473268685868,194.53609946751328,384.1843572398629,383.20678890083013
B02010,99000000284,Synthetic Census Tract 99000000284,1.0,Total:,41.12710907668927,60.66248588811668,+/-59,37.014398169020346,37.014398169020346,56.54977498044775,61.69066361503391,40.098931349772045,17.47902135759294,58.606130434282214,16.45084363067571,46.267997711275434,48.3243531651099,44.21164225744097,33.929864988268655,38.04257589593758,42.15528680360651,74.02879633804069,12.338132723006783,32.90168726135142,43.183464530523736,13.366310449924015,16.45084363067571,67.85972997653731,74.02879633804069,40.098931349772045,42.15528680360651,59.63430816119945,40.098931349772045,44.21164225744097,44.21164225744097,71.97244088420624,13.366310449924015,11.30995499608955,14.394488176841246,13.366310449924015,74.02879633804069,39.07075362285481,38.04257589593758,12.338132723006783,55.52159725353052,29.817154080599725,34.95804271518588,16.45084363067571,54.49341952661329,15.422665903758478,11.30995499608955,45.2398199843582,63.747019068868376,11.30995499608955,62.71884134195114,46.267997711275434,53.46524179969606,29.817154080599725,47.29617543819266,43.183464530523736,37.014398169020346,11.30995499608955,66.83155224962007,55.52159725353052,52.437064072778824,51.408886345861596,54.49341952661329,37.014398169020346,14.394488176841246,39.07075362285481,52.437064072778824,15.422665903758478,33.929864988268655,44.21164225744097,38.04257589593758,14.394488176841246,55.52159725353052,80.19786269954409,52.437064072778824,58.606130434282214,15.422665903758478,42.15528680360651,49.35253089202713,56.54977498044775,15.422665903758478,46.267997711275434,35.98622044210312,52.437064072778824
B02010,99000000285,Synthetic Census Tract 99000000285,1.0,Total:,19.847201637892976,35.18367563081027,+/-39,21.651492695883245,29.770802456839462,25.260074811863788,8.119309760956217,15.336473992917298,8.119309760956217,27.966511398849192,44.205130920761626,36.98796668880055,28.868656927844327,6.315018702965947,14.434328463922164,23.455783753873515,34.281530101815136,23.455783753873515,19.847201637892976,16.238619521912433,15.336473992917298,17.140765050907568,9.923600818946488,25.260074811863788,16.238619521912433,6.315018702965947,31.57509351482973,22.55363822487838,30.672947985834597,15.336473992917298,7.217164231961082,19.847201637892976,5.412873173970811,25.260074811863788,22.55363822487838,8.119309760956217,8.119309760956217,26.162220340858923,16.238619521912433,17.140765050907568,19.847201637892976,16.238619521912433,35.18367563081027,29.770802456839462,31.57509351482973,9.021455289951351,34.281530101815136,16.238619521912433,31.57509351482973,28.868656927844327,5.412873173970811,18.94505610889784,8.119309760956217,31.57509351482973,17.140765050907568,7.217164231961082,6.315018702965947,18.042910579902703,14.434328463922164,20.74934716688811,17.140765050907568,13.532182934927029,42.400839862771356,8.119309760956217,12.630037405931894,34.281530101815136,6.315018702965947,19.847201637892976,6.315018702965947,13.532182934927029,27.966511398849192,20.74934716688811,33.37938457282,6.315018702965947,27.966511398849192,43.30298539176649,50.520149623727576,16.238619521912433,13.532182934927029,21.651492695883245,20.74934716688811,19.847201637892976,5.412873173970811,5.412873173970811
B02010,99000000286,Synthetic Census Tract 99000000286,1.0,Total:,5.650869190322689,13.185361444086276,+/-14,7.534492253763586,9.418115317204483,3.767246126881793,19.778042166129413,1.8836230634408966,6.592680722043138,3.767246126881793,0.9418115317204483,2.8254345951613447,3.767246126881793,1.8836230634408966,10.359926848924932,3.767246126881793,4.709057658602242,2.8254345951613447,8.476303785484035,7.534492253763586,6.592680722043138,10.359926848924932,2.8254345951613447,3.767246126881793,4.709057658602242,5.650869190322689,9.418115317204483,2.8254345951613447,2.8254345951613447,5.650869190322689,1.8836230634408966,5.650869190322689,7.534492253763586,1.8836230634408966,5.650869190322689,4.709057658602242,13.185361444086276,2.8254345951613447,15.068984507527173,19.778042166129413,5.650869190322689,5.650869190322689,1.8836230634408966,6.592680722043138,8.476303785484035,3.767246126881793,12.243549912365827,1.8836230634408966,3.767246126881793,3.767246126881793,1.8836230634408966,3.767246126881793,3.767246126881793,1.8836230634408966,12.243549912365827,2.8254345951613447,3.767246126881793,4.709057658602242,6.592680722043138,6.592680722043138,11.301738380645379,5.650869190322689,3.767246126881793,5.650869190322689,6.592680722043138,5.650869190322689,5.650869190322689,4.709057658602242,3.767246126881793,3.767246126881793,0.9418115317204483,5.650869190322689,12.243549912365827,0.9418115317204483,5.650869190322689,4.709057658602242,7.534492253763586,1.8836230634408966,14.127172975806724,14.127172975806724,4.709057658602242,5.650869190322689,1.8836230634408966,4.709057658602242
B02010,99000000287,Synthetic Census Tract 99000000287,1.0,Total:,66.33116559916785,85.42650115044344,+/-85,52.26091835085951,58.29102431442023,97.48671307756486,62.31109495679404,64.32113027798094,84.42148348984999,63.31611261738749,68.34120092035475,63.31611261738749,66.33116559916785,28.14049449661666,32.16056513899047,70.35123624154166,105.52685436231248,36.18063578136428,57.286006653826774,97.48671307756486,32.16056513899047,33.16558279958392,54.27095367204642,71.35625390213511,61.306077296200584,33.16558279958392,67.3361832597613,55.27597133263987,53.265936011452965,71.35625390213511,30.150529817803566,75.37632454450892,98.49173073815831,69.3462185809482,100.50176605934521,39.19568876314464,31.15554747839702,126.63222523477498,64.32113027798094,31.15554747839702,92.46162477459761,119.59710161062081,66.33116559916785,61.306077296200584,59.29604197501368,37.18565344195773,65.3261479385744,70.35123624154166,50.25088302967261,51.25590069026606,23.115406193649402,72.36127156272856,83.41646582925654,126.63222523477498,92.46162477459761,50.25088302967261,32.16056513899047,122.61215459240117,69.3462185809482,27.13547683602321,92.46162477459761,106.53187202290593,54.27095367204642,63.31611261738749,56.28098899323332,109.54692500468629,107.53688968349938,43.21575940551845,51.25590069026606,70.35123624154166,76.38134220510237,57.286006653826774,53.265936011452965,35.17561812077083,29.145512157210113,101.50678371993867,92.46162477459761,43.21575940551845,73.36628922332201,79.39639518688273,40.20070642373809,33.16558279958392,79.39639518688273,72.36127156272856
B02010,99000000288,Synthetic Census Tract 99000000288,1.0,Total:,0.0,13.05850365192323,+/-14,8.394752347664934,0.0,0.0,0.0,0.0,0.0,0.0,0.0,0.0,0.0,0.0,0.0,0.0,0.0,0.0,0.0,0.0,0.0,0.0,0.0,0.0,0.0,0.0,0.0,0.0,0.0,0.0,0.0,0.0,0.0,0.0,0.0,0.0,0.0,0.0,0.0,0.0,0.0,0.0,0.0,0.0,0.0,0.0,0.0,0.0,0.0,0.0,0.0,0.0,0.0,0.0,0.0,0.0,0.0,0.0,0.0,0.0,0.0,0.0,0.0,0.0,0.0,0.0,0.0,0.0,0.0,0.0,0.0,0.0,0.0,0.0,0.0,0.0,0.0,0.0,0.0,0.0,0.0,0.0,0.0,0.0
B02010,99000000289,Synthetic Census Tract 99000000289,1.0,Total:,13.9977206036296,21.463171592232055,+/-23,13.064539230054294,12.131357856478987,13.064539230054294,13.064539230054294,4.665906867876534,15.864083350780215,14.930901977204908,22.39635296580736,19.59680884508144,6.532269615027147,4.665906867876534,17.730446097930827,11.19817648290368,3.732725494301227,19.59680884508144,25.195897086533282,12.131357856478987,15.864083350780215,4.665906867876534,13.9977206036296,14.930901977204908,13.064539230054294,10.264995109328375,12.131357856478987,5.59908824145184,13.9977206036296,13.064539230054294,17.730446097930827,23.32953433938267,3.732725494301227,3.732725494301227,21.463171592232055,14.930901977204908,6.532269615027147,24.262715712957974,25.195897086533282,15.864083350780215,15.864083350780215,4.665906867876534,13.064539230054294,11.19817648290368,14.930901977204908,13.9977206036296,13.064539230054294,17.730446097930827,13.064539230054294,19.59680884508144,4.665906867876534,4.665906867876534,26.129078460108587,27.9954412072592,4.665906867876534,14.930901977204908,18.663627471506135,3.732725494301227,4.665906867876534,13.064539230054294,15.864083350780215,21.463171592232055,15.864083350780215,17.730446097930827,12.131357856478987,11.19817648290368,13.064539230054294,27.062259833683896,11.19817648290368,12.131357856478987,3.732725494301227,4.665906867876534,23.32953433938267,25.195897086533282,5.59908824145184,13.9977206036296,22.39635296580736,5.59908824145184,5.59908824145184,13.064539230054294,13.064539230054294,23.32953433938267,11.19817648290368,12.131357856478987
B02010,99000000290,Synthetic Census Tract 99000000290,1.0,Total:,80.04456435825357,75.77552092581338,+/-71,45.892216898732045,104.59156409478466,86.44812950691386,77.91004264203347,92.85169465557414,131.27308554753586,89.649912081244,57.63208633794257,89.649912081244,101.38978152045452,41.62317346629185,64.03565148660286,57.63208633794257,67.237434060933,70.43921663526314,50.16126033117224,77.91004264203347,81.11182521636361,71.50647749337318,96.05347722990427,115.26417267588513,86.44812950691386,87.5153903650239,109.9278683853349,105.6588249528947,65.1029123447129,82.17908607447366,73.64099920959328,89.649912081244,58.699347196052614,70.43921663526314,100.32252066234447,80.04456435825357,99.25525980423443,56.56482547983252,62.968390628492806,56.56482547983252,155.82008528406695,32.01782574330143,44.824956040622,90.71717293935404,97.12073808801433,112.062390101555,89.649912081244,118.46595525021527,89.649912081244,125.93678125698561,48.02673861495214,99.25525980423443,101.38978152045452,41.62317346629185,66.17017320282295,58.699347196052614,64.03565148660286,108.86060752722486,32.01782574330143,86.44812950691386,98.18799894612438,62.968390628492806,61.90112977038276,83.2463469325837,72.57373835148323,85.38086864880381,88.58265122313395,91.78443379746409,78.97730350014352,70.43921663526314,86.44812950691386,65.1029123447129,68.30469491904304,69.37195577715309,98.18799894612438,82.17908607447366,87.5153903650239,70.43921663526314,60.83386891227271,75.77552092581338,102.45704237856457,35.21960831763157,56.56482547983252,70.43921663526314
B02010,99000000291,Synthetic Census Tract 99000000291,1.0,Total:,74.65220883649704,72.4565556354236,+/-66,43.91306402146885,68.06524923327672,34.03262461663836,54.89133002683606,58.18480982844623,85.63047484186426,49.40219702415246,77.9456886381072,84.53264824132754,38.42393101878524,93.3152610456213,66.96742263274,77.9456886381072,66.96742263274,45.01089062200557,84.53264824132754,68.06524923327672,66.96742263274,63.67394283112983,99.90222064884163,98.80439404830491,90.02178124401114,106.48918025206196,59.28263642898295,77.9456886381072,49.40219702415246,96.60874084723147,54.89133002683606,64.77176943166656,88.92395464347442,83.43482164079082,116.36961965689245,119.66309945850261,80.14134183918065,60.38046302951967,76.84786203757048,98.80439404830491,69.16307583381344,96.60874084723147,108.6848334531354,115.27179305635573,75.75003543703376,103.1957004504518,92.21743444508458,102.09787384991508,80.14134183918065,109.78266005367212,74.65220883649704,48.30437042361574,82.3369950402541,86.72830144240098,107.58700685259868,110.88048665420884,42.81523742093213,90.02178124401114,106.48918025206196,69.16307583381344,42.81523742093213,84.53264824132754,84.53264824132754,52.69567682576262,48.30437042361574,60.38046302951967,58.18480982844623,73.55438223596032,81.23916843971737,31.836971415564914,91.11960784454786,48.30437042361574,109.78266005367212,55.98915662737278,48.30437042361574,52.69567682576262,72.4565556354236,55.98915662737278,81.23916843971737,63.67394283112983,63.67394283112983,84.53264824132754,62.57611623059311,35.13045121717508
B02010,99000000292,Synthetic Census Tract 99000000292,1.0,Total:,30.335816568170692,34.38059211059345,+/-34,21.235071597719482,37.41417376741052,27.302234911353622,22.246265483325175,40.44775542422759,28.31342879695931,18.201489940902412,15.167908284085346,33.36939822498776,32.35820433938207,17.190296055296724,50.55969428028448,33.36939822498776,44.49253096665035,45.503724852256035,32.35820433938207,35.39178599619914,37.41417376741052,54.604469822707244,17.190296055296724,13.145520512873965,23.257459368930864,35.39178599619914,19.212683826508105,25.27984714014224,25.27984714014224,35.39178599619914,52.58208205149586,21.235071597719482,32.35820433938207,40.44775542422759,26.29104102574793,31.34701045377638,40.44775542422759,27.302234911353622,28.31342879695931,28.31342879695931,42.470143195438965,35.39178599619914,19.212683826508105,25.27984714014224,19.212683826508105,37.41417376741052,41.45894930983328,27.302234911353622,51.570888165890175,41.45894930983328,48.537306509073105,30.335816568170692,20.223877712113794,43.48133708104466,17.190296055296724,29.324622682565,19.212683826508105,18.201489940902412,26.29104102574793,33.36939822498776,35.39178599619914,30.335816568170692,48.537306509073105,53.59327593710155,32.35820433938207,19.212683826508105,30.335816568170692,36.402979881804825,36.402979881804825,20.223877712113794,14.156714398479656,42.470143195438965,23.257459368930864,18.201489940902412,37.41417376741052,27.302234911353622,40.44775542422759,26.29104102574793,35.39178599619914,43.48133708104466,8.089551084845517,35.39178599619914,23.257459368930864,39.436561538621895
B02010,99000000293,Synthetic Census Tract 99000000293,1.0,Total:,192.20651031174168,169.7824174420385,+/-159,103.57795277910525,197.5455800426234,221.03748685850294,206.08809161203413,185.79962663468365,181.52837084997827,208.22371950438682,178.32492901144923,101.44232488675256,184.7318126885073,175.1214871729202,133.47674327204285,158.0364640340987,212.4949752890922,164.44334771115678,239.19032394350077,167.64678954968582,171.91804533439117,258.41097497467496,185.79962663468365,101.44232488675256,231.71562632026638,126.00204564880845,192.20651031174168,76.88260412469668,180.46055690380192,257.34316102849857,203.95246371968148,233.85125421261907,154.8330221955697,259.4787889208513,252.0040912976169,228.51218448173734,228.51218448173734,176.18930111909654,184.7318126885073,261.61441681320395,202.88464977350512,131.34111537969017,197.5455800426234,263.75004470555666,139.8836269491009,322.4798117452555,162.3077198188041,272.2925562749674,230.64781237409002,177.2571150652729,282.9706957367308,122.79860381027942,165.51116165733313,183.66399874233096,191.13869636556535,175.1214871729202,201.8168358273288,218.90185896615026,197.5455800426234,155.90083614174603,137.7479990567482,229.5799984279137,174.05367322674385,131.34111537969017,231.71562632026638,114.25609224086867,151.62958035704068,122.79860381027942,242.3937657820298,291.51320730614157,203.95246371968148,211.42716134291587,99.30669699439987,270.1569283826147,237.05469605114808,202.88464977350512,246.66502156673516,209.29153345056318,101.44232488675256,194.34213820409437,228.51218448173734,112.12046434851598,215.69841712762124,301.12353282172865
B02010,99000000294,Synthetic Census Tract 99000000294,1.0,Total:,218.51480224018567,276.7122118820442,+/-252,168.00384292838396,153.72900660113564,233.88770290029925,207.53415891153313,164.70964992978818,243.77028189608652,131.76771994383054,228.39738123597297,170.19997159411446,356.87090818120777,216.31867357445515,306.359948869406,283.3005978792357,112.00256195225597,92.23740396068139,229.49544556883822,203.1419015800721,215.2206092415899,225.1031882373772,292.08511254215773,82.35482496489409,94.4335326264119,256.9470538904696,197.65157991574583,191.0631939185543,316.2425278651933,70.2761173033763,200.9457729143416,265.73156855339164,354.67477951547727,260.24124688906534,371.14574450845606,342.5960718539594,120.78707661517801,106.5122402879297,262.43737555479584,306.359948869406,178.9844862570365,242.67221756322127,234.9857672331645,378.83219483851286,490.83475679076884,198.74964424861108,181.180614922767,176.78835759130598,110.90449761939071,264.6335042205264,241.57415323035602,230.59350990170347,140.5522346067526,197.65157991574583,93.33546829354664,84.5509536306246,400.79348149581796,309.65414186800183,236.08383156602974,189.96512958568906,177.88642192417126,217.41673790732042,110.90449761939071,301.96769153794503,251.45673222614332,224.00512390451195,217.41673790732042,266.8296328862569,82.35482496489409,168.00384292838396,233.88770290029925,197.65157991574583,122.98320528090852,229.49544556883822,109.80643328652546,138.3561059410221,217.41673790732042,263.5354398876611,301.96769153794503,245.96641056181704,219.61286657305092,205.33803024580263,97.72772562500766,71.37418163624154
B02010,99000000295,Synthetic Census Tract 99000000295,1.0,Total:,6.498234243996285,19.494702731988852,+/-21,12.068149310278814,0.0,0.0,7.4265534217100395,6.498234243996285,18.5663835542751,8.354872599423794,0.0,4.641595888568775,0.0,12.068149310278814,0.0,0.0,0.0,0.0,20.42302190970261,12.068149310278814,0.0,0.0,12.99646848799257,11.13983013256506,3.7132767108550198,5.56991506628253,14.853106843420079,11.13983013256506,13.924787665706324,11.13983013256506,11.13983013256506,13.924787665706324,6.498234243996285,17.638064376561346,10.211510954851304,5.56991506628253,5.56991506628253,3.7132767108550198,12.068149310278814,17.638064376561346,4.641595888568775,9.28319177713755,15.781426021133834,7.4265534217100395,0.9283191777137549,0.0,12.068149310278814,7.4265534217100395,8.354872599423794,7.4265534217100395,0.0,9.28319177713755,0.0,11.13983013256506,0.9283191777137549,0.0,0.0,0.0,7.4265534217100395,11.13983013256506,0.9283191777137549,0.0,10.211510954851304,11.13983013256506,5.56991506628253,4.641595888568775,10.211510954851304,12.99646848799257,20.42302190970261,12.99646848799257,6.498234243996285,8.354872599423794,6.498234243996285,12.99646848799257,6.498234243996285,10.211510954851304,5.56991506628253,5.56991506628253,22.27966026513012,15.781426021133834,6.498234243996285,5.56991506628253,16.70974519884759,6.498234243996285
B02010,99000000296,Synthetic Census Tract 99000000296,1.0,Total:,0.0,19.792982453017405,+/-20,11.875789471810442,0.0,0.0,0.0,0.0,0.0,0.0,0.0,0.0,0.0,0.0,0.0,0.0,0.0,0.0,0.0,0.0,0.0,0.0,0.0,0.0,0.0,0.0,0.0,0.0,0.0,0.0,0.0,0.0,0.0,0.0,0.0,0.0,0.0,0.0,0.0,0.0,0.0,0.0,0.0,0.0,0.0,0.0,0.0,0.0,0.0,0.0,0.0,0.0,0.0,0.0,0.0,0.0,0.0,0.0,0.0,0.0,0.0,0.0,0.0,0.0,0.0,0.0,0.0,0.0,0.0,0.0,0.0,0.0,0.0,0.0,0.0,0.0,0.0,0.0,0.0,0.0,0.0,0.0,0.0,0.0
B02010,99000000297,Synthetic Census Tract 99000000297,1.0,Total:,55.77532896059789,73.3885907376288,+/-75,45.011668985745665,52.83978533109274,64.58195984911335,49.90424170158759,80.23819253980749,62.62493076277658,72.41007619446042,30.333950838219906,69.47453256495527,18.591776320199298,21.52731994970445,72.41007619446042,82.19522162614426,91.00185251465972,70.45304710812366,20.548805406536065,54.79681441742951,68.49601802178688,56.75384350376628,18.591776320199298,65.56047439228173,23.484349036041216,21.52731994970445,20.548805406536065,47.94721261525082,100.78699794634356,27.398407208714755,44.033154442577285,53.81829987426112,66.53898893545012,64.58195984911335,89.04482342832294,68.49601802178688,64.58195984911335,45.011668985745665,57.73235804693466,90.02333797149133,36.20503809723021,72.41007619446042,45.99018352891405,20.548805406536065,68.49601802178688,63.603445305944966,68.49601802178688,16.63474723386253,73.3885907376288,55.77532896059789,79.25967799663911,29.355436295051522,83.17373616931265,91.9803670578281,72.41007619446042,41.09761081307213,22.505834492872832,15.656232690694145,70.45304710812366,62.62493076277658,56.75384350376628,47.94721261525082,76.32413436713395,55.77532896059789,73.3885907376288,89.04482342832294,79.25967799663911,65.56047439228173,21.52731994970445,91.00185251465972,52.83978533109274,54.79681441742951,51.861270787924354,58.710872590103044,24.4628635792096,26.41989266554637,61.64641621960819,47.94721261525082,48.9257271584192,42.07612535624052,95.89442523050164,21.52731994970445,51.861270787924354,72.41007619446042
B02010,99000000298,Synthetic Census Tract 99000000298,1.0,Total:,16.488177421126267,27.48029570187711,+/-30,16.488177421126267,11.908128137480082,19.236206991313978,5.496059140375422,17.404187277855506,18.320197134584742,12.82413799420932,27.48029570187711,21.98423656150169,18.320197134584742,17.404187277855506,20.152216848043217,32.0603449855233,20.152216848043217,8.244088710563133,27.48029570187711,34.80837455571101,6.41206899710466,9.160098567292371,20.152216848043217,10.992118280750844,7.328078853833897,14.656157707667793,3.6640394269169483,19.236206991313978,22.900246418230928,13.740147850938556,21.98423656150169,12.82413799420932,25.64827598841864,15.57216756439703,17.404187277855506,29.312315415335586,10.076108424021609,4.5800492836461855,32.0603449855233,31.14433512879406,4.5800492836461855,17.404187277855506,11.908128137480082,15.57216756439703,23.816256274960164,19.236206991313978,24.7322661316894,15.57216756439703,13.740147850938556,16.488177421126267,8.244088710563133,20.152216848043217,5.496059140375422,20.152216848043217,21.068226704772453,7.328078853833897,28.39630555860635,27.48029570187711,4.5800492836461855,5.496059140375422,34.80837455571101,20.152216848043217,10.992118280750844,12.82413799420932,24.7322661316894,15.57216756439703,24.7322661316894,21.98423656150169,22.900246418230928,12.82413799420932,8.244088710563133,12.82413799420932,8.244088710563133,27.48029570187711,13.740147850938556,3.6640394269169483,21.068226704772453,31.14433512879406,7.328078853833897,6.41206899710466,33.89236469898177,18.320197134584742,18.320197134584742,7.328078853833897
B02010,99000000299,Synthetic Census Tract 99000000299,1.0,Total:,16.817056552943182,31.531981036768467,+/-30,18.91918862206108,16.817056552943182,32.583047071327414,18.91918862206108,19.97025465662003,36.787311209563214,16.817056552943182,6.306396207353693,19.97025465662003,5.255330172794745,31.531981036768467,6.306396207353693,12.612792414707386,6.306396207353693,12.612792414707386,32.583047071327414,34.685179140445314,22.072386725737925,6.306396207353693,10.51066034558949,30.480915002209517,4.2042641382357955,8.408528276471591,22.072386725737925,15.765990518384234,27.32771689853267,42.04264138235796,21.02132069117898,28.37878293309162,16.817056552943182,22.072386725737925,21.02132069117898,5.255330172794745,21.02132069117898,4.2042641382357955,13.663858449266336,14.714924483825284,5.255330172794745,21.02132069117898,24.174518794855825,23.123452760296875,21.02132069117898,18.91918862206108,25.22558482941477,4.2042641382357955,5.255330172794745,17.868122587502132,24.174518794855825,27.32771689853267,24.174518794855825,6.306396207353693,27.32771689853267,27.32771689853267,26.27665086397372,14.714924483825284,6.306396207353693,4.2042641382357955,14.714924483825284,37.83837724412216,18.91918862206108,6.306396207353693,32.583047071327414,35.736245175004264,5.255330172794745,15.765990518384234,29.429848967650567,7.357462241912642,16.817056552943182,5.255330172794745,17.868122587502132,23.123452760296875,16.817056552943182,21.02132069117898,17.868122587502132,24.174518794855825,21.02132069117898,13.663858449266336,23.123452760296875,11.561726380148437,6.306396207353693,19.97025465662003
B02010,99000000300,Synthetic Census Tract 99000000300,1.0,Total:,50.32454607869045,59.20534832787112,+/-60,35.52320899672267,16.774848692896818,79.92722024262602,75.98019702076795,64.13912735519372,55.25832510601305,67.09939477158727,67.09939477158727,27.629162553006523,63.152371549729196,39.47023221858075,39.47023221858075,46.37752285683238,53.28481349508401,75.98019702076795,47.3642786622969,33.549697385793635,20.721871914754892,50.32454607869045,55.25832510601305,74.99344121530342,69.07290638251631,24.668895136612967,44.40401124590334,17.761604498361336,29.60267416393556,58.2185925224066,19.735116109290374,47.3642786622969,62.16561574426468,59.20534832787112,64.13912735519372,58.2185925224066,41.443743829509785,24.668895136612967,41.443743829509785,65.12588316065823,68.0861505770518,36.50996480218719,47.3642786622969,33.549697385793635,25.655650942077486,63.152371549729196,44.40401124590334,97.68882474098734,61.17885993880016,49.337790273225934,89.7947782972712,28.615918358471042,35.52320899672267,42.4304996349743,39.47023221858075,28.615918358471042,57.231836716942084,62.16561574426468,56.245080911477565,28.615918358471042,29.60267416393556,66.11263896612274,61.17885993880016,53.28481349508401,84.8609992699486,22.69538352568393,53.28481349508401,25.655650942077486,32.56294158032912,39.47023221858075,28.615918358471042,72.03317379890987,49.337790273225934,47.3642786622969,59.20534832787112,48.351034467761416,54.27156930054853,18.748360303825855,49.337790273225934,58.2185925224066,60.19210413333564,52.29805768961949,46.37752285683238,49.337790273225934
B02010,99000000301,Synthetic Census Tract 99000000301,1.0,Total:,142.1227503178455,173.92644269666405,+/-175,106.3435963916746,107.33746177851268,96.4049425232938,140.13501954416932,188.83442349923527,179.88963501769254,205.73013507548262,93.42334636277955,107.33746177851268,136.159557996817,152.0614041862263,229.58290435959657,166.9693849887975,168.95711576247365,98.39267329696996,109.32519255218884,151.06753879938822,121.2515771942458,71.55830785234178,119.26384642056964,172.93257730982597,196.78534659393992,201.7546735281303,138.14728877049316,118.26998103373155,101.37426945748419,79.50923094704643,187.8405581123972,197.779211980778,138.14728877049316,123.23930796792196,91.43561558910339,131.1902310626266,132.18409644946468,245.48475054900584,228.5890389727585,139.14115415733124,143.11661570468357,103.36200023116035,228.5890389727585,136.159557996817,141.1288849310074,126.2209041284362,0.0,224.61357742540616,98.39267329696996,211.6933273965111,94.41721174961764,72.55217323917987,135.16569260997892,139.14115415733124,144.11048109152165,37.766884699847054,199.76694275445416,103.36200023116035,22.858903897275848,206.7240004623207,160.01232728093095,131.1902310626266,79.50923094704643,177.90190424401638,200.76080814129222,199.76694275445416,104.35586561799843,201.7546735281303,93.42334636277955,91.43561558910339,114.29451948637924,115.28838487321732,184.85896195188295,211.6933273965111,156.03686573357862,167.96325037563557,157.0307311204167,116.2822502600554,143.11661570468357,221.63198126489192,169.95098114931173,122.24544258108388,254.42953903054857,89.44788481542723
B02010,99000000302,Synthetic Census Tract 99000000302,1.0,Total:,3.720538379050592,6.5109421633385365,+/-7,3.720538379050592,4.65067297381324,2.7904037842879443,3.720538379050592,0.930134594762648,5.580807568575889,7.441076758101184,3.720538379050592,0.930134594762648,0.930134594762648,2.7904037842879443,1.860269189525296,1.860269189525296,3.720538379050592,3.720538379050592,5.580807568575889,3.720538379050592,7.441076758101184,5.580807568575889,1.860269189525296,3.720538379050592,3.720538379050592,3.720538379050592,5.580807568575889,9.30134594762648,2.7904037842879443,0.930134594762648,3.720538379050592,6.5109421633385365,4.65067297381324,1.860269189525296,3.720538379050592,5.580807568575889,0.930134594762648,3.720538379050592,0.930134594762648,0.930134594762648,3.720538379050592,1.860269189525296,6.5109421633385365,2.7904037842879443,1.860269189525296,2.7904037842879443,4.65067297381324,6.5109421633385365,3.720538379050592,1.860269189525296,3.720538379050592,6.5109421633385365,3.720538379050592,3.720538379050592,1.860269189525296,7.441076758101184,1.860269189525296,5.580807568575889,0.930134594762648,0.0,2.7904037842879443,0.930134594762648,7.441076758101184,2.7904037842879443,4.65067297381324,3.720538379050592,3.720538379050592,0.930134594762648,1.860269189525296,8.371211352863833,4.65067297381324,0.930134594762648,1.860269189525296,1.860269189525296,3.720538379050592,0.930134594762648,5.580807568575889,3.720538379050592,3.720538379050592,5.580807568575889,3.720538379050592,7.441076758101184,0.930134594762648,2.7904037842879443
B02010,99000000303,Synthetic Census Tract 99000000303,1.0,Total:,27.149374582939036,32.76648656561608,+/-35,19.659891939369647,24.340818591600517,33.702671896062256,27.149374582939036,40.255969209185466,36.51122788740077,31.830301235169905,22.46844793070817,17.7875212784773,26.213189252492864,20.596077269815822,25.27700392204669,15.915150617584953,24.340818591600517,32.76648656561608,32.76648656561608,34.63885722650843,40.255969209185466,26.213189252492864,18.723706608923475,14.978965287138779,33.702671896062256,19.659891939369647,37.44741321784695,26.213189252492864,29.957930574277558,47.74545185275486,18.723706608923475,15.915150617584953,29.021745243831383,34.63885722650843,34.63885722650843,22.46844793070817,47.74545185275486,14.978965287138779,18.723706608923475,29.957930574277558,26.213189252492864,39.319783878739294,15.915150617584953,48.68163718320103,27.149374582939036,42.128339870077816,16.851335948031128,25.27700392204669,24.340818591600517,19.659891939369647,31.830301235169905,29.021745243831383,15.915150617584953,21.532262600261994,30.894115904723733,18.723706608923475,12.170409295800258,59.915861148555116,42.128339870077816,41.192154539631645,48.68163718320103,12.170409295800258,34.63885722650843,38.38359854829312,24.340818591600517,26.213189252492864,31.830301235169905,36.51122788740077,19.659891939369647,29.957930574277558,34.63885722650843,19.659891939369647,40.255969209185466,32.76648656561608,39.319783878739294,28.08555991338521,27.149374582939036,22.46844793070817,14.042779956692605,20.596077269815822,16.851335948031128,27.149374582939036,23.40463326115434,15.915150617584953
B02010,99000000304,Synthetic Census Tract 99000000304,1.0,Total:,72.45518853689329,75.69945071018701,+/-70,46.50109115054345,93.0021823010869,76.78087143461826,70.2923470880308,43.256828977249725,78.94371288348074,96.24644447438062,62.722402017012094,22.709835213056103,72.45518853689329,43.256828977249725,107.06065171869307,88.67649940336193,87.59507867893069,61.640981292580854,83.26939578120572,93.0021823010869,44.338249701680965,75.69945071018701,104.89781026983057,94.08360302551814,77.8622921590495,74.61802998575577,91.92076157665566,57.31529839485588,86.51365795449945,87.59507867893069,46.50109115054345,35.68688390623102,65.96666419030582,38.93114607952475,91.92076157665566,111.38633461641804,47.58251187497469,35.68688390623102,81.10655433234322,85.4322372300682,38.93114607952475,65.96666419030582,95.16502374994938,57.31529839485588,22.709835213056103,63.80382274144334,107.06065171869307,62.722402017012094,87.59507867893069,91.92076157665566,78.94371288348074,73.53660926132453,80.02513360791198,153.56174286923653,95.16502374994938,61.640981292580854,58.39671911928713,80.02513360791198,85.4322372300682,100.5721273721056,87.59507867893069,82.18797505677448,33.52404245736854,30.279780284074803,41.09398752838724,60.55956056814961,86.51365795449945,55.15245694599339,78.94371288348074,78.94371288348074,64.88524346587458,78.94371288348074,80.02513360791198,89.75792012779317,80.02513360791198,48.66393259940594,69.21092636359955,95.16502374994938,72.45518853689329,81.10655433234322,82.18797505677448,75.69945071018701,35.68688390623102,99.49070664767436
B02010,99000000305,Synthetic Census Tract 99000000305,1.0,Total:,13.633947266922837,20.905385809281682,+/-23,12.725017449127982,11.816087631333126,12.725017449127982,12.725017449127982,4.544649088974279,15.45180690251255,14.542877084717693,21.81431562707654,19.087526173691973,6.362508724563991,4.544649088974279,17.26966653810226,10.90715781353827,3.6357192711794233,19.087526173691973,24.541105080461108,11.816087631333126,15.45180690251255,4.544649088974279,13.633947266922837,14.542877084717693,12.725017449127982,9.998227995743415,11.816087631333126,5.453578906769135,13.633947266922837,12.725017449127982,17.26966653810226,22.723245444871395,3.6357192711794233,3.6357192711794233,20.905385809281682,14.542877084717693,6.362508724563991,23.63217526266625,24.541105080461108,15.45180690251255,15.45180690251255,4.544649088974279,12.725017449127982,10.90715781353827,14.542877084717693,13.633947266922837,12.725017449127982,17.26966653810226,12.725017449127982,19.087526173691973,4.544649088974279,4.544649088974279,25.450034898255964,27.267894533845674,4.544649088974279,14.542877084717693,18.178596355897117,3.6357192711794233,4.544649088974279,12.725017449127982,15.45180690251255,20.905385809281682,15.45180690251255,17.26966653810226,11.816087631333126,10.90715781353827,12.725017449127982,26.358964716050817,10.90715781353827,11.816087631333126,3.6357192711794233,4.544649088974279,22.723245444871395,24.541105080461108,5.453578906769135,13.633947266922837,21.81431562707654,5.453578906769135,5.453578906769135,12.725017449127982,12.725017449127982,22.723245444871395,10.90715781353827,11.816087631333126
B02010,99000000306,Synthetic Census Tract 99000000306,1.0,Total:,11.358845483864895,14.19855685483112,+/-15,8.519134112898671,18.931409139774825,11.358845483864895,12.305415940853637,17.984838682786084,8.519134112898671,8.519134112898671,14.19855685483112,13.251986397842378,11.358845483864895,22.71769096772979,12.305415940853637,14.19855685483112,13.251986397842378,9.465704569887412,12.305415940853637,8.519134112898671,10.412275026876154,9.465704569887412,8.519134112898671,12.305415940853637,2.839711370966224,4.732852284943706,8.519134112898671,17.984838682786084,15.145127311819861,9.465704569887412,6.625993198921189,10.412275026876154,8.519134112898671,8.519134112898671,14.19855685483112,17.038268225797342,19.877979596763566,11.358845483864895,10.412275026876154,11.358845483864895,10.412275026876154,16.0916977688086,7.5725636559099305,14.19855685483112,8.519134112898671,12.305415940853637,7.5725636559099305,10.412275026876154,15.145127311819861,17.984838682786084,9.465704569887412,10.412275026876154,14.19855685483112,4.732852284943706,7.5725636559099305,11.358845483864895,11.358845483864895,15.145127311819861,9.465704569887412,14.19855685483112,12.305415940853637,13.251986397842378,17.038268225797342,3.7862818279549653,19.877979596763566,17.984838682786084,17.038268225797342,6.625993198921189,6.625993198921189,11.358845483864895,12.305415940853637,15.145127311819861,17.038268225797342,22.71769096772979,9.465704569887412,4.732852284943706,2.839711370966224,7.5725636559099305,11.358845483864895,12.305415940853637,10.412275026876154,8.519134112898671,13.251986397842378,9.465704569887412
B02010,99000000307,Synthetic Census Tract 99000000307,1.0,Total:,36.419650910390416,52.71265263345982,+/-55,31.62759158007589,17.251413589132305,46.003769571019475,35.46123904432751,35.46123904432751,65.1720068922776,38.33647464251623,71.88088995471793,46.96218143708238,45.04535770495657,34.50282717826461,32.5860034461388,20.12664918732102,35.46123904432751,47.92059330314529,15.334589857006492,36.419650910390416,44.08694583889366,12.459354258817775,54.629476365585624,13.41776612488068,14.376177990943585,40.25329837464204,39.29488650857913,47.92059330314529,70.92247808865503,31.62759158007589,58.46312382983725,58.46312382983725,38.33647464251623,44.08694583889366,33.5444153122017,13.41776612488068,53.67106449952272,56.54630009771144,13.41776612488068,32.5860034461388,43.12853397283076,14.376177990943585,30.669179714012984,46.96218143708238,66.1304187583405,33.5444153122017,34.50282717826461,43.12853397283076,17.251413589132305,30.669179714012984,17.251413589132305,30.669179714012984,36.419650910390416,16.2930017230694,37.378062776453326,52.71265263345982,18.209825455195208,22.04347291944683,53.67106449952272,27.793944115824267,49.8374170352711,36.419650910390416,36.419650910390416,46.96218143708238,72.83930182078083,43.12853397283076,35.46123904432751,44.08694583889366,21.085061053383924,40.25329837464204,14.376177990943585,28.75235598188717,33.5444153122017,23.001884785509738,33.5444153122017,64.21359502621469,11.500942392754869,13.41776612488068,69.00565435652922,32.5860034461388,44.08694583889366,56.54630009771144,38.33647464251623,12.459354258817775
B02010,99000000308,Synthetic Census Tract 99000000308,1.0,Total:,0.0,19.960790169606348,+/-20,11.976474101763808,0.0,0.0,0.0,0.0,0.0,0.0,0.0,0.0,0.0,0.0,0.0,0.0,0.0,0.0,0.0,0.0,0.0,0.0,0.0,0.0,0.0,0.0,0.0,0.0,0.0,0.0,0.0,0.0,0.0,0.0,0.0,0.0,0.0,0.0,0.0,0.0,0.0,0.0,0.0,0.0,0.0,0.0,0.0,0.0,0.0,0.0,0.0,0.0,0.0,0.0,0.0,0.0,0.0,0.0,0.0,0.0,0.0,0.0,0.0,0.0,0.0,0.0,0.0,0.0,0.0,0.0,0.0,0.0,0.0,0.0,0.0,0.0,0.0,0.0,0.0,0.0,0.0,0.0,0.0,0.0
B02010,99000000309,Synthetic Census Tract 99000000309,1.0,Total:,47.81258462633909,157.6798003634587,+/-155,95.62516925267818,0.0,70.19294338760419,139.36859774060542,55.95089690316276,67.14107628379531,0.0,91.55601311426634,0.0,0.0,79.34854469903082,13.22475744983847,60.0200530415746,72.22752145681011,23.397647795868064,33.57053814189766,30.51867103808878,19.328491657456226,0.0,29.50138200348582,85.45227890664857,14.24204648444143,45.77800655713317,64.08920917998644,124.10926222156102,35.60511621110358,40.69156138411837,99.69432539109,17.29391358825031,0.0,78.33125566442786,34.58782717650062,108.84992670251664,70.19294338760419,0.0,29.50138200348582,81.38312276823675,30.51867103808878,0.0,36.62240524570653,0.0,65.1064982145894,63.07192014538347,12.20746841523551,16.27662455364735,11.190179380632552,102.74619249489889,13.22475744983847,67.14107628379531,75.27938856061898,34.58782717650062,17.29391358825031,0.0,8.138312276823674,78.33125566442786,31.535960072691736,101.72890346029592,198.37136174757705,150.55877712123797,84.43498987204562,4.069156138411837,36.62240524570653,79.34854469903082,0.0,24.41493683047102,20.345780692059186,72.22752145681011,4.069156138411837,89.52143504506041,63.07192014538347,22.380358761265104,90.53872407966338,22.380358761265104,0.0,89.52143504506041,66.12378724919235,39.67427234951541,41.70885041872133,59.00276400697164,13.22475744983847,82.4004118028397
B02010,99000000310,Synthetic Census Tract 99000000310,1.0,Total:,26.9637658695936,63.91411169088853,+/-64,38.9476618116352,12.982553937211733,45.938267777826134,33.954371835784535,18.974501908232533,107.8550634783744,68.9074016667392,23.967791884083198,55.924847729527464,9.986579951701334,43.940951787485865,9.986579951701334,33.954371835784535,10.985237946871466,5.9919479710207995,36.95034582129493,21.970475893742933,17.9758439130624,18.974501908232533,28.961081859933866,29.959739855104,26.9637658695936,16.977185917892267,29.959739855104,45.938267777826134,24.966449879253332,29.959739855104,6.990605966190933,41.943635797145596,43.940951787485865,34.95302983095467,51.93021574884693,8.9879219565312,37.949003816465066,26.9637658695936,59.919479710208,30.95839785027413,10.985237946871466,14.979869927552,33.954371835784535,61.91679570054826,13.981211932381866,63.91411169088853,24.966449879253332,19.973159903402667,62.9154536957184,28.961081859933866,27.962423864763732,37.949003816465066,17.9758439130624,45.938267777826134,8.9879219565312,25.965107874423467,15.978527922722133,7.9892639613610665,24.966449879253332,30.95839785027413,33.954371835784535,29.959739855104,28.961081859933866,25.965107874423467,27.962423864763732,8.9879219565312,61.91679570054826,39.946319806805334,35.9516878261248,29.959739855104,8.9879219565312,46.93692577299627,37.949003816465066,37.949003816465066,38.9476618116352,7.9892639613610665,19.973159903402667,24.966449879253332,83.88727159429119,40.94497780197547,10.985237946871466,8.9879219565312,38.9476618116352,58.92082171503787
B02010,99000000311,Synthetic Census Tract 99000000311,1.0,Total:,0.0,18.33646133822753,+/-20,11.001876802936517,0.0,0.0,0.0,0.0,0.0,0.0,0.0,0.0,0.0,0.0,0.0,0.0,0.0,0.0,0.0,0.0,0.0,0.0,0.0,0.0,0.0,0.0,0.0,0.0,0.0,0.0,0.0,0.0,0.0,0.0,0.0,0.0,0.0,0.0,0.0,0.0,0.0,0.0,0.0,0.0,0.0,0.0,0.0,0.0,0.0,0.0,0.0,0.0,0.0,0.0,0.0,0.0,0.0,0.0,0.0,0.0,0.0,0.0,0.0,0.0,0.0,0.0,0.0,0.0,0.0,0.0,0.0,0.0,0.0,0.0,0.0,0.0,0.0,0.0,0.0,0.0,0.0,0.0,0.0,0.0
B02010,99000000312,Synthetic Census Tract 99000000312,1.0,Total:,32.25693868757885,33.205672178389996,+/-35,19.923403307033997,32.25693868757885,19.923403307033997,23.71833727027857,51.23160850380171,23.71833727027857,47.43667454055714,35.10313916001228,28.46200472433428,38.89807312325686,22.769603779467428,44.59047406812371,27.51327123352314,18.974669816222857,32.25693868757885,32.25693868757885,22.769603779467428,35.10313916001228,39.846806614067994,26.564537742711998,50.282875012990566,31.308205196767712,37.00060614163457,46.487941049746,32.25693868757885,30.35947170595657,20.87213679784514,39.846806614067994,26.564537742711998,19.923403307033997,32.25693868757885,24.66707076108971,45.539207558934855,35.10313916001228,30.35947170595657,35.10313916001228,23.71833727027857,11.384801889733714,36.05187265082343,38.89807312325686,32.25693868757885,30.35947170595657,14.23100236216714,18.025936325411713,41.74427359569028,27.51327123352314,55.97527595785743,36.05187265082343,32.25693868757885,45.539207558934855,31.308205196767712,41.74427359569028,22.769603779467428,23.71833727027857,32.25693868757885,28.46200472433428,37.949339632445714,46.487941049746,35.10313916001228,21.820870288656284,33.205672178389996,26.564537742711998,37.949339632445714,50.282875012990566,15.179735852978284,25.615804251900855,23.71833727027857,43.64174057731257,37.00060614163457,18.025936325411713,29.410738215145425,22.769603779467428,41.74427359569028,49.33414152217942,37.949339632445714,25.615804251900855,37.949339632445714,18.974669816222857,32.25693868757885,52.18034199461285,48.38540803136828
B02010,99000000313,Synthetic Census Tract 99000000313,1.0,Total:,91.9097202179157,102.59689698744079,+/-96,61.985625263245474,101.52817931048828,79.0851080944856,121.83381517258593,63.054342940197984,71.60408435581805,78.0163904175331,92.97843789486821,144.2768863885886,94.04715557182072,56.642036878482934,84.42869647924815,103.66561466439329,85.49741415620065,40.61127172419531,85.49741415620065,65.191778294103,101.52817931048828,115.42150911087089,97.25330860267825,131.4522742651585,122.90253284953845,50.22973081676788,125.03996820344346,54.504601524577915,38.47383637029029,94.04715557182072,81.22254344839062,129.3148389112535,112.21535608001336,54.504601524577915,110.07792072610835,81.22254344839062,97.25330860267825,49.161013139815374,94.04715557182072,79.0851080944856,79.0851080944856,149.62047477335113,109.00920304915583,140.00201568077858,82.29126112534313,81.22254344839062,130.383556588206,69.46664900191303,64.12306061715049,106.87176769525082,102.59689698744079,175.26969902021133,123.97125052649095,60.916907586292965,84.42869647924815,105.80305001829831,68.39793132496052,41.67998940114782,110.07792072610835,85.49741415620065,89.77228486401069,136.79586264992105,74.81023738667557,125.03996820344346,113.28407375696587,50.22973081676788,141.0707333577311,57.71075455543544,30.992812631622737,113.28407375696587,88.70356718705818,138.93329800382605,129.3148389112535,47.02357778591036,91.9097202179157,89.77228486401069,90.8410025409632,42.748707078100324,103.66561466439329,107.94048537220333,53.43588384762541,113.28407375696587,87.63484951010567,166.7199576045913
B02010,99000000314,Synthetic Census Tract 99000000314,1.0,Total:,6.165106440574151,12.330212881148302,+/-12,7.192624180669843,7.192624180669843,4.110070960382767,7.192624180669843,12.330212881148302,3.0825532202870756,2.0550354801913837,9.247659660861228,7.192624180669843,2.0550354801913837,11.30269514105261,17.467801581626762,9.247659660861228,5.137588700478459,3.0825532202870756,7.192624180669843,5.137588700478459,7.192624180669843,5.137588700478459,2.0550354801913837,5.137588700478459,5.137588700478459,6.165106440574151,13.357730621243995,12.330212881148302,3.0825532202870756,2.0550354801913837,10.275177400956919,4.110070960382767,3.0825532202870756,17.467801581626762,6.165106440574151,6.165106440574151,6.165106440574151,2.0550354801913837,7.192624180669843,8.220141920765535,9.247659660861228,6.165106440574151,2.0550354801913837,7.192624180669843,5.137588700478459,8.220141920765535,1.0275177400956919,1.0275177400956919,11.30269514105261,10.275177400956919,2.0550354801913837,6.165106440574151,12.330212881148302,2.0550354801913837,2.0550354801913837,8.220141920765535,7.192624180669843,11.30269514105261,7.192624180669843,8.220141920765535,6.165106440574151,8.220141920765535,12.330212881148302,6.165106440574151,11.30269514105261,6.165106440574151,2.0550354801913837,2.0550354801913837,10.275177400956919,16.44028384153107,2.0550354801913837,5.137588700478459,8.220141920765535,1.0275177400956919,3.0825532202870756,8.220141920765535,6.165106440574151,9.247659660861228,9.247659660861228,5.137588700478459,5.137588700478459,7.192624180669843,11.30269514105261,6.165106440574151
B02010,99000000315,Synthetic Census Tract 99000000315,1.0,Total:,55.61080974145017,79.29689537206784,+/-77,48.402001071262184,60.759958791584445,19.566766390510246,64.87927803169187,76.20740594198728,54.580979931423315,21.626426010563957,23.686085630617665,62.81961841163816,67.96876746177243,16.47727696042968,80.32672518209469,56.64063955147703,93.7145127124438,77.23723575201413,72.08808670187985,85.47587423222896,17.507106770456534,54.580979931423315,47.37217126123533,68.99859727179928,77.23723575201413,27.805404870725084,51.49149050134275,90.62502328236324,59.73012898155759,18.536936580483392,22.65625582059081,41.1931924010742,67.96876746177243,18.536936580483392,67.96876746177243,58.70029917153074,76.20740594198728,84.4460444222021,53.55115012139646,80.32672518209469,19.566766390510246,55.61080974145017,62.81961841163816,57.67046936150388,65.90910784171872,19.566766390510246,56.64063955147703,74.14774632193357,67.96876746177243,19.566766390510246,21.626426010563957,55.61080974145017,52.52132031136961,19.566766390510246,109.16195986284663,67.96876746177243,89.59519347233639,78.26706556204098,53.55115012139646,86.50570404225583,14.41761734037597,41.1931924010742,73.11791651190671,58.70029917153074,53.55115012139646,28.83523468075194,52.52132031136961,74.14774632193357,76.20740594198728,18.536936580483392,20.5965962005371,47.37217126123533,57.67046936150388,20.5965962005371,91.6548530923901,80.32672518209469,105.04264062273921,78.26706556204098,42.22302221110105,78.26706556204098,23.686085630617665,55.61080974145017,53.55115012139646,65.90910784171872
B02010,99000000316,Synthetic Census Tract 99000000316,1.0,Total:,36.19142278745949,58.940317111005456,+/-57,36.19142278745949,46.5318292981622,33.089300834248675,51.702032553513554,34.123341485318946,45.49778864709193,15.510609766054067,14.476569114983796,34.123341485318946,38.25950408960003,32.055260183178405,66.17860166849735,29.987178881037863,12.408487812843253,44.46374799602166,14.476569114983796,12.408487812843253,66.17860166849735,39.2935447406703,50.66799190244328,52.736073204583825,44.46374799602166,41.36162604281084,66.17860166849735,38.25950408960003,50.66799190244328,12.408487812843253,8.272325208562169,47.56586994923247,33.089300834248675,31.021219532108134,59.974357762075726,22.748894323545965,17.57869106819461,35.15738213638922,11.374447161772983,12.408487812843253,52.736073204583825,38.25950408960003,65.14456101742708,32.055260183178405,43.42970734495139,42.39566669388112,61.008398413146,27.91909757889732,76.51900817920006,11.374447161772983,9.30636585963244,46.5318292981622,39.2935447406703,45.49778864709193,61.008398413146,32.055260183178405,10.34040651070271,31.021219532108134,11.374447161772983,16.544650417124338,51.702032553513554,34.123341485318946,72.38284557491897,32.055260183178405,34.123341485318946,33.089300834248675,81.68921143455141,49.63395125137301,48.59991060030274,10.34040651070271,14.476569114983796,31.021219532108134,36.19142278745949,29.987178881037863,41.36162604281084,48.59991060030274,14.476569114983796,35.15738213638922,14.476569114983796,13.442528463913524,55.83819515779464,33.089300834248675,67.21264231956762,34.123341485318946
B02010,99000000317,Synthetic Census Tract 99000000317,1.0,Total:,0.0,21.05161207615812,+/-20,12.630967245694873,0.0,0.0,0.0,0.0,0.0,0.0,0.0,0.0,0.0,0.0,0.0,0.0,0.0,0.0,0.0,0.0,0.0,0.0,0.0,0.0,0.0,0.0,0.0,0.0,0.0,0.0,0.0,0.0,0.0,0.0,0.0,0.0,0.0,0.0,0.0,0.0,0.0,0.0,0.0,0.0,0.0,0.0,0.0,0.0,0.0,0.0,0.0,0.0,0.0,0.0,0.0,0.0,0.0,0.0,0.0,0.0,0.0,0.0,0.0,0.0,0.0,0.0,0.0,0.0,0.0,0.0,0.0,0.0,0.0,0.0,0.0,0.0,0.0,0.0,0.0,0.0,0.0,0.0,0.0,0.0
B02010,99000000318,Synthetic Census Tract 99000000318,1.0,Total:,33.73000276473871,39.199732942804445,+/-43,23.702164104951525,19.144055623230077,18.23243392688579,33.73000276473871,38.288111246460154,21.878920712262946,48.31594990624734,41.02297633549303,25.525407497640106,38.288111246460154,25.525407497640106,26.437029193984394,33.73000276473871,23.702164104951525,45.581084817214474,30.083515979361554,30.083515979361554,57.432166869690235,42.8462197281816,45.581084817214474,34.641624461083,30.083515979361554,38.288111246460154,45.581084817214474,28.260272586672972,42.8462197281816,40.111354639148736,51.05081499528021,12.762703748820053,18.23243392688579,11.851082052475762,10.939460356131473,51.9624366916245,38.288111246460154,32.81838106839442,17.3208122305415,39.199732942804445,29.171894283017263,30.99513767570584,46.492706513558765,25.525407497640106,23.702164104951525,22.790542408607237,27.348650890328685,30.083515979361554,25.525407497640106,42.8462197281816,39.199732942804445,22.790542408607237,38.288111246460154,31.906759372050132,25.525407497640106,30.083515979361554,21.878920712262946,51.05081499528021,31.906759372050132,30.99513767570584,60.16703195872311,36.46486785377158,42.8462197281816,36.46486785377158,36.46486785377158,35.55324615742729,41.93459803183732,29.171894283017263,36.46486785377158,30.083515979361554,50.13919329893592,12.762703748820053,16.40919053419721,9.116216963442895,10.939460356131473,65.63676213678885,33.73000276473871,39.199732942804445,20.055677319574368,44.669463120870184,33.73000276473871,29.171894283017263,52.87405838796879,24.613785801295816
B02010,99000000319,Synthetic Census Tract 99000000319,1.0,Total:,5.839930061919135,13.626503477811315,+/-14,7.78657341589218,9.733216769865225,3.89328670794609,20.43975521671697,1.946643353973045,6.813251738905658,3.89328670794609,0.9733216769865225,2.9199650309595677,3.89328670794609,1.946643353973045,10.706538446851747,3.89328670794609,4.866608384932612,2.9199650309595677,8.759895092878702,7.78657341589218,6.813251738905658,10.706538446851747,2.9199650309595677,3.89328670794609,4.866608384932612,5.839930061919135,9.733216769865225,2.9199650309595677,2.9199650309595677,5.839930061919135,1.946643353973045,5.839930061919135,7.78657341589218,1.946643353973045,5.839930061919135,4.866608384932612,13.626503477811315,2.9199650309595677,15.57314683178436,20.43975521671697,5.839930061919135,5.839930061919135,1.946643353973045,6.813251738905658,8.759895092878702,3.89328670794609,12.653181800824793,1.946643353973045,3.89328670794609,3.89328670794609,1.946643353973045,3.89328670794609,3.89328670794609,1.946643353973045,12.653181800824793,2.9199650309595677,3.89328670794609,4.866608384932612,6.813251738905658,6.813251738905658,11.67986012383827,5.839930061919135,3.89328670794609,5.839930061919135,6.813251738905658,5.839930061919135,5.839930061919135,4.866608384932612,3.89328670794609,3.89328670794609,0.9733216769865225,5.839930061919135,12.653181800824793,0.9733216769865225,5.839930061919135,4.866608384932612,7.78657341589218,1.946643353973045,14.599825154797838,14.599825154797838,4.866608384932612,5.839930061919135,1.946643353973045,4.866608384932612
B02010,99000000320,Synthetic Census Tract 99000000320,1.0,Total:,138.08305172617,142.11467367437936,+/-141,86.67987188650088,168.32021633774008,189.48623156583915,86.67987188650088,69.54547860661117,78.6166279900822,70.55338409366351,180.4150821823681,138.08305172617,130.01980782975133,77.60872250302987,228.79454556088024,146.1462956225887,117.9249419851233,202.5890028975195,150.17791757079803,163.2806889024784,203.59690838457183,133.04352429090832,165.29649987658308,120.9486584462803,161.26487792837372,152.1937285449027,52.41108532672146,63.49804568429716,79.62453347713453,50.395274352616795,160.2569724413214,116.91703649807096,126.99609136859432,70.55338409366351,158.24116146721673,88.69568286060556,121.95656393333263,195.53366448815316,151.18582305785037,145.13839013553635,185.45460961762979,108.85379260165227,160.2569724413214,118.93284747217562,113.89332003691395,180.4150821823681,59.46642373608781,64.5059511713495,66.52176214545416,66.52176214545416,178.39927120826346,165.29649987658308,165.29649987658308,56.44270727493081,123.97237490743731,145.13839013553635,147.15420110964104,122.96446942038497,120.9486584462803,121.95656393333263,172.35183828594944,155.21744500605973,131.02771331680367,159.24906695426907,138.08305172617,189.48623156583915,89.70358834765788,73.57710055482052,64.5059511713495,137.0751462391177,189.48623156583915,157.2332559801644,162.27278341542606,79.62453347713453,168.32021633774008,179.40717669531577,170.33602731184476,167.31231085068774,170.33602731184476,124.98028039448964,155.21744500605973,146.1462956225887,119.94075295922796,165.29649987658308
B02010,99000000321,Synthetic Census Tract 99000000321,1.0,Total:,194.5059506285525,170.3136682120659,+/-176,103.54296874256279,188.69980284859574,143.21831190560087,220.6336156383581,134.50909023566567,82.25376021605454,284.5012412178828,299.9843019644342,154.83060746551445,180.95827247532,231.2782199016122,155.7982987621739,160.63675524547125,191.60287673857414,214.8274678584013,214.8274678584013,200.3120984085093,209.0213200784445,242.89051546152578,247.72897194482312,205.15055489180665,172.24905080538483,269.98587176799083,173.2167421020443,218.69823304503916,291.27508029449905,84.18914280937348,69.6737733594815,211.9243939684229,244.8258980548447,192.5705680352336,247.72897194482312,239.01975027488794,187.73211155193627,203.21517229848772,187.73211155193627,158.70137265215232,185.79672895861734,134.50909023566567,128.7029424557089,198.37671581519038,247.72897194482312,245.79358935150418,157.73368135549285,142.2506206089414,209.98901137510396,208.05362878178505,173.2167421020443,137.41216412564407,216.76285045172023,301.91968455775316,174.18443339870376,140.31523801562247,216.76285045172023,191.60287673857414,250.63204583480152,224.50438082499596,196.44133322187145,123.86448597241156,143.21831190560087,183.8613463652984,88.05990799601135,132.57370764234673,250.63204583480152,273.8566369546287,163.53982913544962,208.05362878178505,193.53825933189307,203.21517229848772,194.5059506285525,87.09221669935188,218.69823304503916,214.8274678584013,187.73211155193627,206.11824618846612,85.15683410603295,188.69980284859574,228.3751460116338,262.2443413947151,253.53511972477992,189.6674941452552
B02010,99000000322,Synthetic Census Tract 99000000322,1.0,Total:,200.95240563559824,183.85007324107923,+/-172,111.1651605643735,104.75178591642887,172.09221971984744,258.6727774670999,174.2300112691623,198.81461408628337,305.7041915520271,255.46609014312756,99.40730704314169,134.68086760683713,127.19859718423506,198.81461408628337,222.330321128747,194.5390309876536,264.01725634038706,264.01725634038706,238.36375774860855,236.22596619929368,222.330321128747,197.74571831162592,90.85614084588218,126.12970140957762,198.81461408628337,265.0861521150445,257.6038816924424,241.57044507258087,235.15707042463623,187.05676056505155,156.05878309998587,122.9230140856053,148.57651267738382,208.4346760582003,207.36578028354288,206.29688450888543,156.05878309998587,177.43669859313462,260.8105690164147,261.87946479107217,262.9483605657296,196.6768225369685,138.95645070546686,131.4741802828648,215.91694648080238,234.0881746499788,214.84805070614493,207.36578028354288,257.6038816924424,182.7811774664218,76.9604957753355,100.47620281779912,136.818659156152,214.84805070614493,276.8440056362763,212.71025915683006,229.81259155134904,205.227988734228,268.2928394390168,267.22394366435935,241.57044507258087,226.60590422737675,79.09828732465037,132.54307605752226,214.84805070614493,298.221921129425,218.05473803011725,219.12363380477467,283.2573802842209,185.98786479039413,164.60994929724538,106.88957746574374,120.78522253629043,212.71025915683006,162.47215774793048,140.0253464801243,225.5370084527193,206.29688450888543,234.0881746499788,280.0506929602486,249.05271549518292,223.39921690340444,123.99190986026275
B02010,99000000323,Synthetic Census Tract 99000000323,1.0,Total:,32.88497855667614,30.891949553241222,+/-31,18.933775532631717,30.891949553241222,50.8222395875904,34.87800756011106,38.86406556698089,34.87800756011106,42.85012357385073,29.895435051523766,49.82572508587294,8.968630515457129,37.867551065263434,25.90937704465393,30.891949553241222,17.937261030914257,16.9407465291968,21.923319037784093,24.91286254293647,36.87103656354598,37.867551065263434,22.919833539501553,24.91286254293647,37.867551065263434,42.85012357385073,23.91634804121901,27.902406048088846,26.90589154637139,25.90937704465393,36.87103656354598,26.90589154637139,31.888464054958682,35.874522061828515,44.84315257728564,40.85709457041581,24.91286254293647,23.91634804121901,32.88497855667614,34.87800756011106,25.90937704465393,48.82921058415548,27.902406048088846,42.85012357385073,14.947717525761883,27.902406048088846,18.933775532631717,22.919833539501553,46.83618158072056,50.8222395875904,31.888464054958682,34.87800756011106,25.90937704465393,38.86406556698089,20.926804536066633,41.85360907213327,17.937261030914257,18.933775532631717,38.86406556698089,25.90937704465393,31.888464054958682,38.86406556698089,41.85360907213327,39.860580068698354,38.86406556698089,40.85709457041581,25.90937704465393,34.87800756011106,25.90937704465393,39.860580068698354,29.895435051523766,24.91286254293647,31.888464054958682,16.9407465291968,31.888464054958682,45.83966707900311,42.85012357385073,40.85709457041581,25.90937704465393,12.954688522326965,43.84663807556819,35.874522061828515,28.898920549806306,46.83618158072056
B02010,99000000324,Synthetic Census Tract 99000000324,1.0,Total:,82.19059039556632,104.3188262712957,+/-99,63.223531073512554,113.8023559323226,96.94274764605258,71.65333521664756,74.81451177032318,40.04156967989128,72.70706073453944,84.29804143135007,71.65333521664756,101.15764971762007,52.68627589459379,103.26510075340383,85.35176694924195,115.90980696810634,148.57529802275448,64.27725659140442,47.41764830513441,75.86823728821506,81.13686487767444,63.223531073512554,35.82666760832378,47.41764830513441,120.12470903967385,38.987844161999405,91.6741200565932,52.68627589459379,91.6741200565932,131.71568973648448,80.08313935978256,128.55451318280885,45.31019726935066,85.35176694924195,118.01725800389009,159.11255320167325,85.35176694924195,114.85608145021446,129.60823870070072,49.52509934091817,82.19059039556632,47.41764830513441,47.41764830513441,122.2321600754576,91.6741200565932,63.223531073512554,80.08313935978256,37.93411864410753,86.40549246713383,101.15764971762007,87.4592179850257,99.05019868183633,47.41764830513441,123.28588559334948,107.48000282497134,99.05019868183633,118.01725800389009,55.84745244826942,69.54588418086381,79.02941384189069,70.59960969875569,71.65333521664756,35.82666760832378,81.13686487767444,145.41412146907888,32.66549105464815,112.74863041443072,51.632550376701914,91.6741200565932,105.37255178918758,63.223531073512554,158.05882768378137,40.04156967989128,88.51294350291757,124.33961111124135,158.05882768378137,75.86823728821506,94.83529661026883,88.51294350291757,69.54588418086381,81.13686487767444,35.82666760832378,53.74000141248567
B02010,99000000325,Synthetic Census Tract 99000000325,1.0,Total:,20.337658964148446,31.041689997910787,+/-29,18.196852757395977,21.408062067524682,21.408062067524682,21.408062067524682,18.196852757395977,10.704031033762341,20.337658964148446,19.267255860772213,16.05604655064351,13.915240343891043,19.267255860772213,29.97128689453455,20.337658964148446,16.05604655064351,14.985643447267275,17.126449654019744,53.5201551688117,26.76007758440585,23.548868274277147,20.337658964148446,24.619271377653384,14.985643447267275,33.18249620466325,38.534511721544426,27.830480687782085,20.337658964148446,13.915240343891043,44.95693034180183,14.985643447267275,22.478465170900915,17.126449654019744,11.774434137138574,11.774434137138574,7.492821723633638,23.548868274277147,27.830480687782085,12.844837240514808,12.844837240514808,25.689674481029616,10.704031033762341,34.25289930803949,5.3520155168811705,16.05604655064351,19.267255860772213,20.337658964148446,32.11209310128702,20.337658964148446,16.05604655064351,6.422418620257404,40.67531792829689,7.492821723633638,6.422418620257404,18.196852757395977,23.548868274277147,33.18249620466325,32.11209310128702,7.492821723633638,13.915240343891043,22.478465170900915,21.408062067524682,29.97128689453455,20.337658964148446,9.633627930386107,13.915240343891043,9.633627930386107,27.830480687782085,32.11209310128702,12.844837240514808,21.408062067524682,33.18249620466325,20.337658964148446,10.704031033762341,27.830480687782085,33.18249620466325,17.126449654019744,25.689674481029616,12.844837240514808,31.041689997910787,11.774434137138574,23.548868274277147,9.633627930386107
B02010,99000000326,Synthetic Census Tract 99000000326,1.0,Total:,70.06708076064896,82.07858031961736,+/-82,50.04791482903498,58.055581201680575,128.12266196232954,24.02299911793679,65.06228927774548,115.11020410678044,88.08433009910156,99.09487136148925,84.08049691277877,81.07762202303667,111.10637092045765,72.06899735381037,57.054622905099876,72.06899735381037,69.06612246406827,22.02108252477539,26.02491571109819,46.04408164271218,31.029707194001688,71.06803905722967,92.08816328542436,69.06612246406827,31.029707194001688,78.07474713329457,67.06420587090687,49.04695653245428,40.03833186322798,75.07187224355246,97.09295476832786,85.08145520935946,78.07474713329457,33.031623787163085,91.08720498884367,38.036415270066584,61.05845609142268,67.06420587090687,55.05270631193848,68.06516416748757,73.06995565039107,75.07187224355246,79.07570542987527,70.06708076064896,71.06803905722967,36.03449867690519,93.08912158200506,67.06420587090687,65.06228927774548,91.08720498884367,90.08624669226296,75.07187224355246,99.09487136148925,75.07187224355246,72.06899735381037,53.050789718777075,79.07570542987527,32.030665490582386,28.02683230425959,23.02204082135609,32.030665490582386,100.09582965806996,122.11691218284535,94.09007987858575,42.040248456389385,63.060372684584074,61.05845609142268,61.05845609142268,31.029707194001688,67.06420587090687,115.11020410678044,101.09678795465065,89.08528839568226,32.030665490582386,89.08528839568226,30.028748897420986,60.05749779484197,77.07378883671387,57.054622905099876,75.07187224355246,62.059414388003376,59.05653949826127,75.07187224355246
B02010,99000000327,Synthetic Census Tract 99000000327,1.0,Total:,296.44346296415,192.5800598818201,+/-178,116.84632846762118,298.60728386169853,239.1022091791137,332.14650777370093,364.60382123692904,199.0715225744657,209.8906270622084,300.77110475924707,193.66197033059436,301.85301520802136,234.77456738401662,239.1022091791137,311.5902092469898,311.5902092469898,382.99629886609165,382.99629886609165,323.49122418350674,312.6721196957641,327.81886597860387,341.88370181266936,231.5288360376938,248.83940321808214,225.0373733450482,332.14650777370093,312.6721196957641,252.08513456440494,380.83247796854306,310.50829879821555,207.72680616465988,295.36155251537576,180.6790449453031,300.77110475924707,295.36155251537576,284.54244802763304,318.08167193963544,266.14997039847043,372.17719437834893,338.63797046634653,323.49122418350674,350.53898540286355,229.36501514014526,385.1601197636402,196.90770167691716,338.63797046634653,362.4400003393805,254.24895546195347,339.7198809151208,292.11582116905294,232.6107464864681,212.05444795975694,189.33432853549726,360.27617944183197,331.06459732492664,271.5595226423418,321.3274032859582,334.31032867124947,363.52191078815474,341.88370181266936,313.7540301445383,310.50829879821555,218.54591065240257,255.33086591072774,214.21826885730547,389.48776155873725,366.76764213447757,220.7097315499511,218.54591065240257,299.6891943104728,206.64489571588558,305.0987465543442,233.69265693524235,285.62435847640734,222.87355244749963,314.8359405933126,374.34101527589746,276.96907488621315,351.6208958516378,238.02029873033942,268.31379129601896,350.53898540286355,194.74388077936862
B02010,99000000328,Synthetic Census Tract 99000000328,1.0,Total:,5.087123940536981,11.191672669181358,+/-11,7.121973516751773,9.156823092966565,4.0696991524295845,1.0174247881073961,2.0348495762147922,5.087123940536981,5.087123940536981,3.052274364322188,6.104548728644376,7.121973516751773,10.174247881073962,3.052274364322188,2.0348495762147922,12.209097457288753,11.191672669181358,8.139398304859169,4.0696991524295845,2.0348495762147922,7.121973516751773,2.0348495762147922,1.0174247881073961,2.0348495762147922,6.104548728644376,11.191672669181358,11.191672669181358,5.087123940536981,4.0696991524295845,8.139398304859169,9.156823092966565,7.121973516751773,4.0696991524295845,7.121973516751773,8.139398304859169,2.0348495762147922,6.104548728644376,1.0174247881073961,5.087123940536981,11.191672669181358,8.139398304859169,8.139398304859169,2.0348495762147922,2.0348495762147922,5.087123940536981,9.156823092966565,5.087123940536981,4.0696991524295845,3.052274364322188,5.087123940536981,9.156823092966565,5.087123940536981,2.0348495762147922,4.0696991524295845,11.191672669181358,3.052274364322188,14.243947033503545,2.0348495762147922,7.121973516751773,14.243947033503545,4.0696991524295845,12.209097457288753,10.174247881073962,6.104548728644376,8.139398304859169,3.052274364322188,2.0348495762147922,4.0696991524295845,4.0696991524295845,6.104548728644376,5.087123940536981,4.0696991524295845,12.209097457288753,8.139398304859169,2.0348495762147922,11.191672669181358,7.121973516751773,9.156823092966565,6.104548728644376,2.0348495762147922,6.104548728644376,1.0174247881073961,6.104548728644376
B02010,99000000329,Synthetic Census Tract 99000000329,1.0,Total:,12.840658317200932,16.050822896501163,+/-15,9.630493737900698,21.401097195334884,12.840658317200932,13.910713176967676,20.331042335568142,9.630493737900698,9.630493737900698,16.050822896501163,14.980768036734421,12.840658317200932,25.681316634401863,13.910713176967676,16.050822896501163,14.980768036734421,10.700548597667442,13.910713176967676,9.630493737900698,11.770603457434188,10.700548597667442,9.630493737900698,13.910713176967676,3.210164579300233,5.350274298833721,9.630493737900698,20.331042335568142,17.12087775626791,10.700548597667442,7.490384018367211,11.770603457434188,9.630493737900698,9.630493737900698,16.050822896501163,19.260987475801397,22.47115205510163,12.840658317200932,11.770603457434188,12.840658317200932,11.770603457434188,18.190932616034655,8.560438878133954,16.050822896501163,9.630493737900698,13.910713176967676,8.560438878133954,11.770603457434188,17.12087775626791,20.331042335568142,10.700548597667442,11.770603457434188,16.050822896501163,5.350274298833721,8.560438878133954,12.840658317200932,12.840658317200932,17.12087775626791,10.700548597667442,16.050822896501163,13.910713176967676,14.980768036734421,19.260987475801397,4.280219439066977,22.47115205510163,20.331042335568142,19.260987475801397,7.490384018367211,7.490384018367211,12.840658317200932,13.910713176967676,17.12087775626791,19.260987475801397,25.681316634401863,10.700548597667442,5.350274298833721,3.210164579300233,8.560438878133954,12.840658317200932,13.910713176967676,11.770603457434188,9.630493737900698,14.980768036734421,10.700548597667442
B02010,99000000330,Synthetic Census Tract 99000000330,1.0,Total:,0.0,19.3623631823661,+/-20,11.61741790941966,0.0,0.0,0.0,0.0,0.0,0.0,0.0,0.0,0.0,0.0,0.0,0.0,0.0,0.0,0.0,0.0,0.0,0.0,0.0,0.0,0.0,0.0,0.0,0.0,0.0,0.0,0.0,0.0,0.0,0.0,0.0,0.0,0.0,0.0,0.0,0.0,0.0,0.0,0.0,0.0,0.0,0.0,0.0,0.0,0.0,0.0,0.0,0.0,0.0,0.0,0.0,0.0,0.0,0.0,0.0,0.0,0.0,0.0,0.0,0.0,0.0,0.0,0.0,0.0,0.0,0.0,0.0,0.0,0.0,0.0,0.0,0.0,0.0,0.0,0.0,0.0,0.0,0.0,0.0,0.0
B02010,99000000331,Synthetic Census Tract 99000000331,1.0,Total:,6.99834374194408,20.99503122583224,+/-21,12.996924092181862,0.0,0.0,7.998107133650377,6.99834374194408,19.995267834125944,8.997870525356674,0.0,4.998816958531486,0.0,12.996924092181862,0.0,0.0,0.0,0.0,21.99479461753854,12.996924092181862,0.0,0.0,13.99668748388816,11.997160700475565,3.9990535668251885,5.998580350237782,15.996214267300754,11.997160700475565,14.996450875594457,11.997160700475565,11.997160700475565,14.996450875594457,6.99834374194408,18.995504442419644,10.99739730876927,5.998580350237782,5.998580350237782,3.9990535668251885,12.996924092181862,18.995504442419644,4.998816958531486,9.997633917062972,16.99597765900705,7.998107133650377,0.9997633917062971,0.0,12.996924092181862,7.998107133650377,8.997870525356674,7.998107133650377,0.0,9.997633917062972,0.0,11.997160700475565,0.9997633917062971,0.0,0.0,0.0,7.998107133650377,11.997160700475565,0.9997633917062971,0.0,10.99739730876927,11.997160700475565,5.998580350237782,4.998816958531486,10.99739730876927,13.99668748388816,21.99479461753854,13.99668748388816,6.99834374194408,8.997870525356674,6.99834374194408,13.99668748388816,6.99834374194408,10.99739730876927,5.998580350237782,5.998580350237782,23.99432140095113,16.99597765900705,6.99834374194408,5.998580350237782,17.99574105071335,6.99834374194408
B02010,99000000332,Synthetic Census Tract 99000000332,1.0,Total:,221.3820858042014,241.50772996821973,+/-240,146.91720239733365,240.5014477600188,348.1736440375168,230.43862567800966,317.9851777914893,98.61565640368973,192.19990176637486,329.0542820816994,359.2427483277268,333.07941091450306,283.7715827126582,124.77899381691353,237.48260113541608,194.2124661827767,153.96117785474007,198.23759501558035,254.5893986748316,164.02399993674922,122.7664294005117,184.14964410076755,73.45860119866683,150.94233123013734,301.8846624602747,414.5882697787772,305.90979129307834,206.28785268118767,352.19877287032045,324.0228710406948,219.36952138779958,233.4574723026124,205.28157047298677,217.35695697139775,157.98630668754373,208.3004170975895,93.58424536268514,265.6585029650417,291.8218403782655,217.35695697139775,185.15592630896845,127.79784044151627,203.26900605658494,315.97261337508746,275.72132504705087,207.2941348893886,328.04799987349844,109.68476069389979,221.3820858042014,306.91607350127924,252.57683425842978,275.72132504705087,283.7715827126582,171.06797539415564,220.3758035960005,122.7664294005117,158.99258889574466,277.73388946345267,208.3004170975895,152.95489564653917,206.28785268118767,260.62709192403713,118.74130056770804,228.42606126160783,276.72760725525177,307.92235570948014,237.48260113541608,155.9737422711419,325.02915324889574,247.54542321742522,208.3004170975895,218.36323917959868,161.0051533121465,256.6019630912335,150.94233123013734,202.262723848384,104.65334965289522,357.230183911325,262.63965634043893,186.16220851716938,253.5831164666307,181.1307974761648,138.86694473172633
B02010,99000000333,Synthetic Census Tract 99000000333,1.0,Total:,9.209959431792141,16.577926977225854,+/-18,10.130955374971355,9.209959431792141,3.6839837727168567,14.735935090867427,9.209959431792141,10.130955374971355,3.6839837727168567,8.288963488612927,3.6839837727168567,2.7629878295376424,15.656931034046641,13.814939147688213,6.446971602254499,12.893943204508998,11.972947261329784,9.209959431792141,2.7629878295376424,12.893943204508998,11.972947261329784,6.446971602254499,12.893943204508998,7.3679675454337135,3.6839837727168567,16.577926977225854,12.893943204508998,10.130955374971355,2.7629878295376424,10.130955374971355,2.7629878295376424,3.6839837727168567,18.419918863584282,23.945894522659568,11.972947261329784,7.3679675454337135,7.3679675454337135,9.209959431792141,3.6839837727168567,16.577926977225854,13.814939147688213,7.3679675454337135,2.7629878295376424,8.288963488612927,14.735935090867427,2.7629878295376424,11.972947261329784,13.814939147688213,11.05195131815057,9.209959431792141,11.972947261329784,20.26191074994271,2.7629878295376424,3.6839837727168567,14.735935090867427,8.288963488612927,9.209959431792141,10.130955374971355,14.735935090867427,2.7629878295376424,6.446971602254499,16.577926977225854,5.525975659075285,7.3679675454337135,14.735935090867427,3.6839837727168567,7.3679675454337135,9.209959431792141,17.498922920405068,12.893943204508998,16.577926977225854,13.814939147688213,2.7629878295376424,2.7629878295376424,8.288963488612927,14.735935090867427,12.893943204508998,6.446971602254499,15.656931034046641,3.6839837727168567,7.3679675454337135,8.288963488612927,11.972947261329784
B02010,99000000334,Synthetic Census Tract 99000000334,1.0,Total:,47.026104064334795,59.7623405817588,+/-61,36.249288549591405,37.22899905093171,51.92465657103634,63.681182587120034,39.18842005361233,20.573920528146473,52.904367072376644,31.350736042889864,38.20870955227202,40.16813055495264,59.7623405817588,57.802919579078186,60.74205108309911,42.127551557633254,51.92465657103634,38.20870955227202,58.78263008041849,52.904367072376644,17.63478902412555,19.594210026806167,38.20870955227202,16.65507852278524,48.98552506701541,35.2695780482511,16.65507852278524,48.98552506701541,38.20870955227202,48.98552506701541,14.695657520104623,78.37684010722467,61.72176158443942,65.64060358980065,59.7623405817588,14.695657520104623,49.96523556835572,48.98552506701541,87.19423461928743,20.573920528146473,52.904367072376644,61.72176158443942,17.63478902412555,48.0058145656751,16.65507852278524,17.63478902412555,46.04639356299449,71.5188665978425,15.675368021444932,64.66089308846034,41.14784105629295,42.127551557633254,55.84349857639757,62.70147208577973,54.86378807505726,45.06668306165418,15.675368021444932,83.2753926139262,52.904367072376644,39.18842005361233,67.60002459248126,57.802919579078186,39.18842005361233,68.57973509382158,60.74205108309911,40.16813055495264,55.84349857639757,53.88407757371695,46.04639356299449,39.18842005361233,60.74205108309911,26.452183536188322,17.63478902412555,16.65507852278524,13.715947018764314,58.78263008041849,48.98552506701541,42.127551557633254,35.2695780482511,53.88407757371695,66.62031409114095,56.82320907773788,67.60002459248126
B02010,99000000335,Synthetic Census Tract 99000000335,1.0,Total:,31.42055850079972,29.253623431779054,+/-27,17.335480552165365,33.587493569820396,42.25523384590308,24.919753293737713,45.50563644943408,34.67096110433073,34.67096110433073,37.92136370786174,43.33870138041341,29.253623431779054,39.00483124237207,30.337090966289388,36.837896173351396,32.50402603531006,29.253623431779054,37.92136370786174,57.42377932904777,29.253623431779054,29.253623431779054,23.836285759227376,29.253623431779054,36.837896173351396,26.003220828248047,23.836285759227376,22.75281822471704,40.088298776882404,24.919753293737713,17.335480552165365,16.25201301765503,20.585883155696372,43.33870138041341,20.585883155696372,29.253623431779054,16.25201301765503,35.75442863884106,34.67096110433073,24.919753293737713,40.088298776882404,21.669350690206706,36.837896173351396,21.669350690206706,21.669350690206706,29.253623431779054,16.25201301765503,35.75442863884106,31.42055850079972,33.587493569820396,23.836285759227376,21.669350690206706,35.75442863884106,27.08668836275838,16.25201301765503,37.92136370786174,28.170155897268717,31.42055850079972,35.75442863884106,34.67096110433073,31.42055850079972,14.085077948634359,23.836285759227376,32.50402603531006,50.92297412198576,41.171766311392744,35.75442863884106,46.58910398394442,44.422168914923745,23.836285759227376,26.003220828248047,27.08668836275838,19.502415621186035,49.83950658747543,32.50402603531006,31.42055850079972,17.335480552165365,35.75442863884106,39.00483124237207,44.422168914923745,36.837896173351396,32.50402603531006,32.50402603531006,24.919753293737713
B02010,99000000336,Synthetic Census Tract 99000000336,1.0,Total:,12.313997376875381,17.444829617240124,+/-17,10.261664480729484,12.313997376875381,19.49716251338602,5.130832240364742,8.209331584583587,3.0784993442188453,12.313997376875381,20.52332896145897,12.313997376875381,15.392496721094226,5.130832240364742,12.313997376875381,22.575661857604864,19.49716251338602,20.52332896145897,15.392496721094226,12.313997376875381,14.366330273021278,10.261664480729484,6.156998688437691,5.130832240364742,18.470996065313074,14.366330273021278,6.156998688437691,12.313997376875381,6.156998688437691,13.34016382494833,21.549495409531918,16.418663169167175,14.366330273021278,6.156998688437691,19.49716251338602,17.444829617240124,15.392496721094226,11.287830928802432,12.313997376875381,15.392496721094226,13.34016382494833,14.366330273021278,6.156998688437691,16.418663169167175,13.34016382494833,5.130832240364742,19.49716251338602,9.235498032656537,12.313997376875381,15.392496721094226,5.130832240364742,12.313997376875381,5.130832240364742,23.601828305677813,17.444829617240124,6.156998688437691,5.130832240364742,16.418663169167175,15.392496721094226,15.392496721094226,18.470996065313074,11.287830928802432,17.444829617240124,14.366330273021278,15.392496721094226,4.104665792291794,16.418663169167175,13.34016382494833,21.549495409531918,14.366330273021278,4.104665792291794,11.287830928802432,4.104665792291794,14.366330273021278,15.392496721094226,6.156998688437691,7.183165136510639,12.313997376875381,17.444829617240124,20.52332896145897,12.313997376875381,13.34016382494833,19.49716251338602,7.183165136510639
B02010,99000000337,Synthetic Census Tract 99000000337,1.0,Total:,47.71056714085707,47.71056714085707,+/-51,29.0005408111092,53.32357503978143,67.35609478709233,47.71056714085707,53.32357503978143,69.22709742006712,28.065039494621807,28.065039494621807,36.48455134300835,29.0005408111092,67.35609478709233,40.22655660895792,63.61408952114276,59.87208425519319,59.87208425519319,56.130078989243614,45.83956450788229,45.83956450788229,43.033060558420104,52.38807372329404,57.065580305731004,59.87208425519319,62.67858820465537,19.645527646235266,58.0010816222184,72.9691026860167,56.130078989243614,61.74308688816797,34.61354871003356,30.871543444083986,43.033060558420104,37.42005265949574,41.16205792544532,32.742546077058776,37.42005265949574,28.065039494621807,43.96856187490749,53.32357503978143,29.0005408111092,24.32303422867223,50.51707109031925,80.45311321791584,63.61408952114276,28.065039494621807,67.35609478709233,68.29159610357974,44.90406319139489,45.83956450788229,28.065039494621807,40.22655660895792,51.452572406806645,39.29105529247053,54.25907635626883,38.355553975983135,52.38807372329404,40.22655660895792,64.54959083763015,76.71110795196627,22.452031595697445,28.065039494621807,29.936042127596593,41.16205792544532,58.0010816222184,48.64606845734446,32.742546077058776,58.0010816222184,39.29105529247053,36.48455134300835,36.48455134300835,23.387532912184838,67.35609478709233,32.742546077058776,67.35609478709233,40.22655660895792,45.83956450788229,46.775065824369676,31.80704476057138,49.58156977383186,42.09755924193271,46.775065824369676,22.452031595697445
B02010,99000000338,Synthetic Census Tract 99000000338,1.0,Total:,113.22922187326476,88.06717256809482,+/-91,53.22741199170566,113.22922187326476,65.80843664429064,99.68042609355787,119.03584863599629,87.0994014409729,79.35723242399753,94.84157045794827,129.68133103433743,171.29548950058003,77.42169016975369,118.06807750887437,97.74488383931403,90.00271482233866,109.35813736477708,139.35904230555664,134.52018666994704,131.61687328858127,97.74488383931403,121.93916201736205,113.22922187326476,167.42440499209235,63.87289439004679,112.26145074614284,121.93916201736205,92.90602820370442,99.68042609355787,104.51928172916747,122.90693314448397,176.13434513618964,86.13163031385098,85.16385918672906,95.80934158507019,150.9722958310197,131.61687328858127,120.00361976311821,133.55241554282512,99.68042609355787,123.87470427160589,121.93916201736205,88.06717256809482,62.90512326292487,140.32681343267856,90.97048594946058,141.29458455980048,167.42440499209235,159.68223597511698,116.13253525463053,116.13253525463053,96.7771127121921,128.7135599072155,120.97139089024013,103.55151060204555,87.0994014409729,110.325908491899,77.42169016975369,106.45482398341132,117.10030638175245,112.26145074614284,136.45572892419088,113.22922187326476,54.19518311882758,84.19608805960713,68.7117500256564,115.1647641275086,164.5210916107266,143.23012681404433,105.4870528562894,81.29277467824137,80.32500355111945,124.84247539872781,140.32681343267856,139.35904230555664,108.39036623765516,133.55241554282512,80.32500355111945,97.74488383931403,132.5846444157032,138.39127117843472,137.4235000513128,96.7771127121921
B02010,99000000339,Synthetic Census Tract 99000000339,1.0,Total:,19.70473264058334,32.8412210676389,+/-35,19.70473264058334,23.4580150483135,12.19816782512302,19.70473264058334,29.08793865990874,10.32152662125794,7.50656481546032,20.64305324251588,17.82809143671826,33.77954166957144,21.581373844448418,21.581373844448418,24.39633565024604,16.88977083478572,30.964579863773817,25.33465625217858,27.21129745604366,15.01312963092064,6.568244213527779,31.90290046570636,22.51969444638096,29.08793865990874,10.32152662125794,15.95145023285318,19.70473264058334,10.32152662125794,10.32152662125794,22.51969444638096,22.51969444638096,26.272976854111118,29.08793865990874,26.272976854111118,15.01312963092064,27.21129745604366,24.39633565024604,19.70473264058334,15.95145023285318,6.568244213527779,9.3832060193254,29.08793865990874,24.39633565024604,5.62992361159524,25.33465625217858,25.33465625217858,6.568244213527779,30.02625926184128,42.2244270869643,22.51969444638096,23.4580150483135,6.568244213527779,12.19816782512302,20.64305324251588,34.71786227150398,18.7664120386508,6.568244213527779,23.4580150483135,15.01312963092064,33.77954166957144,50.66931250435716,11.25984722319048,22.51969444638096,10.32152662125794,46.916030096627,12.19816782512302,6.568244213527779,40.34778588309922,26.272976854111118,18.7664120386508,19.70473264058334,6.568244213527779,33.77954166957144,24.39633565024604,17.82809143671826,25.33465625217858,4.6916030096627,25.33465625217858,15.95145023285318,31.90290046570636,33.77954166957144,5.62992361159524,20.64305324251588
B02010,99000000340,Synthetic Census Tract 99000000340,1.0,Total:,162.89363274474863,143.8893755911946,+/-159,87.78156875689231,167.4184558765472,187.3276776564609,174.6581728874249,157.46384498659032,153.84398648115146,176.46810214014434,151.12909260207232,85.97163950417288,156.5588803602306,148.41419872299318,113.12057829496432,133.93476470123775,180.0879606455832,139.36455245939604,202.71207630457604,142.07944633847518,145.69930484391404,219.00143957905092,157.46384498659032,85.97163950417288,196.37732392005805,106.78582591044632,162.89363274474863,65.15745309789945,152.93902185479175,218.0964749526912,172.84824363470548,198.18725317277747,131.2198708221586,219.90640420541064,213.57165182089264,193.6624300409789,193.6624300409789,149.3191633493529,156.5588803602306,221.71633345813007,171.94327900834577,111.31064904224489,167.4184558765472,223.5262627108495,118.5503660531226,273.2993171606338,137.5546232066766,230.7659797217272,195.47235929369833,150.2241279757126,239.81562598532435,104.07093203136716,140.26951708575575,155.6539157338709,161.9886681183889,148.41419872299318,171.03831438198605,185.51774840374148,167.4184558765472,132.12483544851833,116.74043680040317,194.56739466733862,147.50923409663346,111.31064904224489,196.37732392005805,96.83121502048945,128.50497694307947,104.07093203136716,205.4269701836552,247.05534299620206,172.84824363470548,179.18299601922348,84.16171025145346,228.95605046900778,200.90214705185662,171.94327900834577,209.04682868909407,177.37306676650405,85.97163950417288,164.70356199746806,193.6624300409789,95.02128576777002,182.80285452466234,255.2000246334395
B02010,99000000341,Synthetic Census Tract 99000000341,1.0,Total:,35.821239026126584,40.163207392929806,+/-37,24.966318109118525,43.41968366803222,49.93263621823705,46.676159943134635,34.73574693442578,30.393778567622554,19.5388576506145,23.88082601741772,30.393778567622554,23.88082601741772,48.84714412653625,10.854920917008055,59.7020650435443,32.56476275102416,43.41968366803222,60.78755713524511,36.90673111782739,30.393778567622554,32.56476275102416,31.47927065932336,29.308286475921747,14.111397192110472,34.73574693442578,39.077715301229,30.393778567622554,23.88082601741772,27.13730229252014,30.393778567622554,41.248699484630606,39.077715301229,34.73574693442578,47.76165203483544,31.47927065932336,52.103620401638665,27.13730229252014,27.13730229252014,15.196889283811277,22.795333925716918,44.50517575973303,36.90673111782739,57.531080860142694,28.222794384220943,18.453365558913696,30.393778567622554,40.163207392929806,45.590667851433835,45.590667851433835,34.73574693442578,53.18911249333947,46.676159943134635,15.196889283811277,49.93263621823705,17.36787346721289,27.13730229252014,15.196889283811277,17.36787346721289,40.163207392929806,28.222794384220943,33.65025484272497,30.393778567622554,31.47927065932336,59.7020650435443,58.616572951843494,20.624349742315303,35.821239026126584,41.248699484630606,35.821239026126584,39.077715301229,11.94041300870886,40.163207392929806,43.41968366803222,27.13730229252014,28.222794384220943,18.453365558913696,39.077715301229,33.65025484272497,39.077715301229,54.27460458504028,20.624349742315303,21.70984183401611,21.70984183401611
B02010,99000000342,Synthetic Census Tract 99000000342,1.0,Total:,0.0,13.854980519119241,+/-14,8.906773190862369,0.0,0.0,0.0,0.0,0.0,0.0,0.0,0.0,0.0,0.0,0.0,0.0,0.0,0.0,0.0,0.0,0.0,0.0,0.0,0.0,0.0,0.0,0.0,0.0,0.0,0.0,0.0,0.0,0.0,0.0,0.0,0.0,0.0,0.0,0.0,0.0,0.0,0.0,0.0,0.0,0.0,0.0,0.0,0.0,0.0,0.0,0.0,0.0,0.0,0.0,0.0,0.0,0.0,0.0,0.0,0.0,0.0,0.0,0.0,0.0,0.0,0.0,0.0,0.0,0.0,0.0,0.0,0.0,0.0,0.0,0.0,0.0,0.0,0.0,0.0,0.0,0.0,0.0,0.0,0.0
B02010,99000000343,Synthetic Census Tract 99000000343,1.0,Total:,17.30712626071483,24.037675362103933,+/-25,14.42260521726236,14.42260521726236,24.99918237658809,34.61425252142966,20.191647304167304,11.538084173809889,29.806717449008875,6.7305491013891015,20.191647304167304,13.461098202778203,14.42260521726236,20.191647304167304,22.11466133313562,10.57657715932573,18.26863327519899,12.499591188294046,18.26863327519899,8.653563130357416,5.769042086904944,8.653563130357416,16.345619246230676,8.653563130357416,23.076168347619777,14.42260521726236,9.615070144841573,13.461098202778203,16.345619246230676,23.076168347619777,8.653563130357416,30.768224463493034,25.960689391072247,21.15315431865146,24.99918237658809,18.26863327519899,18.26863327519899,17.30712626071483,21.15315431865146,11.538084173809889,28.84521043452472,15.384112231746517,3.8460280579366293,14.42260521726236,7.6920561158732585,9.615070144841573,13.461098202778203,30.768224463493034,10.57657715932573,24.99918237658809,32.69123849246135,11.538084173809889,15.384112231746517,12.499591188294046,15.384112231746517,16.345619246230676,4.807535072420786,29.806717449008875,19.230140289683145,13.461098202778203,13.461098202778203,16.345619246230676,24.037675362103933,24.037675362103933,25.960689391072247,15.384112231746517,25.960689391072247,15.384112231746517,16.345619246230676,22.11466133313562,25.960689391072247,16.345619246230676,9.615070144841573,11.538084173809889,13.461098202778203,35.57575953591382,17.30712626071483,14.42260521726236,10.57657715932573,36.53726655039798,20.191647304167304,18.26863327519899,18.26863327519899
B02010,99000000344,Synthetic Census Tract 99000000344,1.0,Total:,65.26050805193903,112.1664982142702,+/-110,68.31959436687367,71.3786806818083,78.51654874998914,15.29543157467321,60.16203086038129,99.93015295453164,25.49238595778868,24.472690519477133,78.51654874998914,81.57563506492379,21.413604204542494,110.1271073376471,58.1226399837582,169.26944275971684,61.18172629869284,52.00446735388891,75.4574624350545,18.354517889607852,87.69380769479307,22.433299642854042,20.393908766230947,70.35898524349676,73.41807155843141,99.93015295453164,69.33928980518522,15.29543157467321,102.98923926946628,87.69380769479307,24.472690519477133,88.71350313310461,67.29989892856211,17.334822451296304,48.94538103895427,29.57116771103487,67.29989892856211,74.43776699674295,70.35898524349676,106.04832558440091,80.55593962661224,127.46192978894341,28.551472272723323,85.65441681816998,38.7484266558388,108.08771646102402,75.4574624350545,21.413604204542494,116.2452799675164,122.36345259738567,24.472690519477133,55.06355366882355,74.43776699674295,19.3742133279194,80.55593962661224,19.3742133279194,50.98477191557736,104.00893470777783,76.47715787336605,121.34375715907413,44.866599285708084,84.63472137985842,102.98923926946628,65.26050805193903,61.18172629869284,28.551472272723323,54.04385823051201,102.98923926946628,23.45299508116559,28.551472272723323,116.2452799675164,36.709035779215704,48.94538103895427,109.10741189933556,78.51654874998914,113.18619365258175,56.0832491071351,86.67411225648152,63.22111717531593,17.334822451296304,57.10294454544665,23.45299508116559,109.10741189933556
B02010,99000000345,Synthetic Census Tract 99000000345,1.0,Total:,0.0,12.620480477620443,+/-14,8.113166021327428,0.0,0.0,0.0,0.0,0.0,0.0,0.0,0.0,0.0,0.0,0.0,0.0,0.0,0.0,0.0,0.0,0.0,0.0,0.0,0.0,0.0,0.0,0.0,0.0,0.0,0.0,0.0,0.0,0.0,0.0,0.0,0.0,0.0,0.0,0.0,0.0,0.0,0.0,0.0,0.0,0.0,0.0,0.0,0.0,0.0,0.0,0.0,0.0,0.0,0.0,0.0,0.0,0.0,0.0,0.0,0.0,0.0,0.0,0.0,0.0,0.0,0.0,0.0,0.0,0.0,0.0,0.0,0.0,0.0,0.0,0.0,0.0,0.0,0.0,0.0,0.0,0.0,0.0,0.0,0.0
B02010,99000000346,Synthetic Census Tract 99000000346,1.0,Total:,50.647034329968626,43.00219895940732,+/-45,25.801319375644393,40.135385695446836,56.3806608578896,53.513847593929114,45.86901222336781,56.3806608578896,33.4461547462057,43.95780338072749,61.15868296449042,44.91340780204765,27.71252821828472,79.31516696957351,49.691429908648466,46.82461664468798,52.558243172608954,38.22417685280651,44.91340780204765,47.78022106600814,54.469452015249274,55.42505643656944,45.86901222336781,48.7358254873283,56.3806608578896,53.513847593929114,38.22417685280651,76.44835370561302,43.00219895940732,47.78022106600814,52.558243172608954,45.86901222336781,64.98110064977107,39.179781274126675,47.78022106600814,47.78022106600814,49.691429908648466,43.00219895940732,53.513847593929114,91.73802444673562,34.40175916752586,80.27077139089367,55.42505643656944,49.691429908648466,75.49274928429286,69.75912275637188,55.42505643656944,34.40175916752586,50.647034329968626,50.647034329968626,35.35736358884602,64.0254962284509,64.98110064977107,25.801319375644393,41.090990116766996,45.86901222336781,57.33626527920977,63.069891807130745,65.93670507109123,59.24747412185009,47.78022106600814,49.691429908648466,57.33626527920977,71.6703315990122,36.31296801016619,38.22417685280651,35.35736358884602,48.7358254873283,70.71472717769204,51.60263875128879,58.29186970052993,41.090990116766996,48.7358254873283,71.6703315990122,63.069891807130745,62.11428738581058,35.35736358884602,67.84791391373156,64.98110064977107,30.57934148224521,58.29186970052993,47.78022106600814,70.71472717769204
B02010,99000000347,Synthetic Census Tract 99000000347,1.0,Total:,23.93395394221491,36.42123425989225,+/-35,21.852740555935352,10.406066931397786,23.93395394221491,31.218200794193358,27.055774021634242,32.25880748733314,27.055774021634242,26.015167328494464,10.406066931397786,27.055774021634242,11.446673624537565,13.527887010817121,30.17759410105358,37.46184095303203,31.218200794193358,28.09638071477402,11.446673624537565,20.812133862795573,27.055774021634242,23.93395394221491,14.5684937039569,24.974560635354685,24.974560635354685,26.015167328494464,16.649707090236458,10.406066931397786,19.771527169655794,22.89334724907513,26.015167328494464,10.406066931397786,42.664874418730925,52.03033465698893,28.09638071477402,23.93395394221491,12.487280317677342,14.5684937039569,26.015167328494464,18.730920476516015,19.771527169655794,21.852740555935352,56.19276142954804,8.324853545118229,28.09638071477402,32.25880748733314,24.974560635354685,41.624267725591146,30.17759410105358,32.25880748733314,7.28424685197845,37.46184095303203,8.324853545118229,9.365460238258008,29.1369874079138,20.812133862795573,28.09638071477402,34.340020873612694,9.365460238258008,22.89334724907513,17.690313783376237,24.974560635354685,13.527887010817121,36.42123425989225,22.89334724907513,28.09638071477402,20.812133862795573,10.406066931397786,28.09638071477402,28.09638071477402,28.09638071477402,9.365460238258008,45.78669449815026,38.50244764617181,21.852740555935352,20.812133862795573,5.203033465698893,5.203033465698893,30.17759410105358,27.055774021634242,19.771527169655794,16.649707090236458,59.31458150896738
B02010,99000000348,Synthetic Census Tract 99000000348,1.0,Total:,6.160523727683116,14.374555364593938,+/-14,8.214031636910821,10.267539546138526,4.107015818455411,21.561833046890907,2.0535079092277053,7.187277682296969,4.107015818455411,1.0267539546138527,3.080261863841558,4.107015818455411,2.0535079092277053,11.29429350075238,4.107015818455411,5.133769773069263,3.080261863841558,9.240785591524673,8.214031636910821,7.187277682296969,11.29429350075238,3.080261863841558,4.107015818455411,5.133769773069263,6.160523727683116,10.267539546138526,3.080261863841558,3.080261863841558,6.160523727683116,2.0535079092277053,6.160523727683116,8.214031636910821,2.0535079092277053,6.160523727683116,5.133769773069263,14.374555364593938,3.080261863841558,16.428063273821643,21.561833046890907,6.160523727683116,6.160523727683116,2.0535079092277053,7.187277682296969,9.240785591524673,4.107015818455411,13.347801409980084,2.0535079092277053,4.107015818455411,4.107015818455411,2.0535079092277053,4.107015818455411,4.107015818455411,2.0535079092277053,13.347801409980084,3.080261863841558,4.107015818455411,5.133769773069263,7.187277682296969,7.187277682296969,12.321047455366232,6.160523727683116,4.107015818455411,6.160523727683116,7.187277682296969,6.160523727683116,6.160523727683116,5.133769773069263,4.107015818455411,4.107015818455411,1.0267539546138527,6.160523727683116,13.347801409980084,1.0267539546138527,6.160523727683116,5.133769773069263,8.214031636910821,2.0535079092277053,15.40130931920779,15.40130931920779,5.133769773069263,6.160523727683116,2.0535079092277053,5.133769773069263
B02010,99000000349,Synthetic Census Tract 99000000349,1.0,Total:,5.4818059475425365,8.770889516068058,+/-8,5.4818059475425365,1.0963611895085073,5.4818059475425365,4.385444758034029,9.867250705576565,4.385444758034029,1.0963611895085073,3.2890835685255215,2.1927223790170145,9.867250705576565,5.4818059475425365,2.1927223790170145,1.0963611895085073,4.385444758034029,7.6745283265595505,3.2890835685255215,3.2890835685255215,6.578167137051043,7.6745283265595505,7.6745283265595505,6.578167137051043,2.1927223790170145,9.867250705576565,4.385444758034029,5.4818059475425365,6.578167137051043,2.1927223790170145,6.578167137051043,1.0963611895085073,8.770889516068058,5.4818059475425365,1.0963611895085073,2.1927223790170145,5.4818059475425365,5.4818059475425365,4.385444758034029,4.385444758034029,5.4818059475425365,5.4818059475425365,5.4818059475425365,2.1927223790170145,10.963611895085073,1.0963611895085073,4.385444758034029,2.1927223790170145,4.385444758034029,6.578167137051043,7.6745283265595505,7.6745283265595505,2.1927223790170145,3.2890835685255215,8.770889516068058,8.770889516068058,5.4818059475425365,4.385444758034029,4.385444758034029,6.578167137051043,2.1927223790170145,1.0963611895085073,5.4818059475425365,2.1927223790170145,8.770889516068058,1.0963611895085073,4.385444758034029,1.0963611895085073,5.4818059475425365,5.4818059475425365,3.2890835685255215,6.578167137051043,2.1927223790170145,7.6745283265595505,7.6745283265595505,6.578167137051043,3.2890835685255215,5.4818059475425365,6.578167137051043,3.2890835685255215,5.4818059475425365,2.1927223790170145,4.385444758034029,7.6745283265595505
B02010,99000000350,Synthetic Census Tract 99000000350,1.0,Total:,22.529573922495395,35.84250396760631,+/-35,21.505502380563787,35.84250396760631,23.553645464427003,7.168500793521262,11.264786961247697,23.553645464427003,32.770289341811484,6.144429251589653,56.32393480623849,23.553645464427003,28.674003174085048,25.601788548290223,25.601788548290223,22.529573922495395,26.62586009022183,7.168500793521262,25.601788548290223,16.385144670905742,15.361073128974134,28.674003174085048,23.553645464427003,24.57771700635861,34.8184324256747,16.385144670905742,21.505502380563787,43.01100476112757,21.505502380563787,25.601788548290223,28.674003174085048,41.98693321919596,11.264786961247697,6.144429251589653,9.21664387738448,8.192572335452871,37.89064705146953,24.57771700635861,23.553645464427003,6.144429251589653,23.553645464427003,18.43328775476896,36.86657550953792,9.21664387738448,23.553645464427003,24.57771700635861,34.8184324256747,29.698074716016656,6.144429251589653,36.86657550953792,11.264786961247697,24.57771700635861,25.601788548290223,21.505502380563787,23.553645464427003,16.385144670905742,19.45735929670057,32.770289341811484,6.144429251589653,16.385144670905742,14.337001587042524,9.21664387738448,35.84250396760631,28.674003174085048,5.120357709658045,21.505502380563787,21.505502380563787,9.21664387738448,21.505502380563787,19.45735929670057,25.601788548290223,9.21664387738448,41.98693321919596,34.8184324256747,36.86657550953792,34.8184324256747,8.192572335452871,25.601788548290223,16.385144670905742,36.86657550953792,7.168500793521262,22.529573922495395,9.21664387738448
B02010,99000000351,Synthetic Census Tract 99000000351,1.0,Total:,0.0,13.937016446157653,+/-14,8.95951057252992,0.0,0.0,0.0,0.0,0.0,0.0,0.0,0.0,0.0,0.0,0.0,0.0,0.0,0.0,0.0,0.0,0.0,0.0,0.0,0.0,0.0,0.0,0.0,0.0,0.0,0.0,0.0,0.0,0.0,0.0,0.0,0.0,0.0,0.0,0.0,0.0,0.0,0.0,0.0,0.0,0.0,0.0,0.0,0.0,0.0,0.0,0.0,0.0,0.0,0.0,0.0,0.0,0.0,0.0,0.0,0.0,0.0,0.0,0.0,0.0,0.0,0.0,0.0,0.0,0.0,0.0,0.0,0.0,0.0,0.0,0.0,0.0,0.0,0.0,0.0,0.0,0.0,0.0,0.0,0.0
B02010,99000000352,Synthetic Census Tract 99000000352,1.0,Total:,108.38551080159056,94.70578613731213,+/-90,57.87575819502408,116.80380290268496,133.64038710487378,104.17636475104335,152.58154433233622,103.12407823840655,75.7646289098497,138.9018196680578,128.37895454168978,69.4509098340289,102.07179172576974,78.92148844776011,66.2940502961185,108.38551080159056,102.07179172576974,129.4312410543266,115.75151639004817,98.91493218785934,128.37895454168978,86.28749403621772,158.89526340815704,62.08490424557129,107.33322428895376,94.70578613731213,104.17636475104335,114.69922987741137,133.64038710487378,127.32666802905298,90.49664008676493,174.67956109770904,107.33322428895376,62.08490424557129,141.0063926933314,127.32666802905298,145.2155387438786,152.58154433233622,110.49008382686416,57.87575819502408,96.81035916258574,82.07834798567052,68.3986233213921,148.372398281789,117.85608941532178,102.07179172576974,125.22209500377937,105.22865126368015,61.03261773293449,114.69922987741137,138.9018196680578,51.56203911920328,137.849533155421,134.6926736175106,87.33978054885452,101.01950521313294,77.86920193512331,88.39206706149133,113.64694336477456,128.37895454168978,113.64694336477456,113.64694336477456,167.31355550925144,94.70578613731213,106.28093777631695,122.06523546586898,58.92804470766089,147.32011176915222,127.32666802905298,44.196033530745666,84.18292101094411,128.37895454168978,142.0586792059682,131.5358140796002,133.64038710487378,92.60121311203854,139.9541061806946,68.3986233213921,103.12407823840655,123.11752197850578,82.07834798567052,118.90837592795857,75.7646289098497
B02010,99000000353,Synthetic Census Tract 99000000353,1.0,Total:,0.0,15.12931804149935,+/-14,9.725990169535295,0.0,0.0,0.0,0.0,0.0,0.0,0.0,0.0,0.0,0.0,0.0,0.0,0.0,0.0,0.0,0.0,0.0,0.0,0.0,0.0,0.0,0.0,0.0,0.0,0.0,0.0,0.0,0.0,0.0,0.0,0.0,0.0,0.0,0.0,0.0,0.0,0.0,0.0,0.0,0.0,0.0,0.0,0.0,0.0,0.0,0.0,0.0,0.0,0.0,0.0,0.0,0.0,0.0,0.0,0.0,0.0,0.0,0.0,0.0,0.0,0.0,0.0,0.0,0.0,0.0,0.0,0.0,0.0,0.0,0.0,0.0,0.0,0.0,0.0,0.0,0.0,0.0,0.0,0.0,0.0
B02010,99000000354,Synthetic Census Tract 99000000354,1.0,Total:,65.78076892865124,81.4428567688063,+/-78,49.074541899152514,57.427655413901874,52.20695946718352,73.08974325405693,93.97252704093034,21.926922976217078,43.853845952434156,136.78223380402082,77.26630001143161,45.9421243311215,109.6346148810854,69.95732568602592,77.26630001143161,80.39871757946263,57.427655413901874,89.79597028355566,107.54633650239806,60.56007298193288,59.515933792589216,40.72142838440315,87.70769190486831,40.72142838440315,77.26630001143161,41.76556757374682,42.80970676309049,86.66355271552465,82.48699595814996,45.9421243311215,59.515933792589216,96.06080541961768,45.9421243311215,40.72142838440315,52.20695946718352,49.074541899152514,105.45805812371071,109.6346148810854,72.04560406471326,54.295237845870865,69.95732568602592,99.1932229876487,84.57527433683731,71.00146487536959,60.56007298193288,86.66355271552465,100.23736217699236,36.54487162702846,42.80970676309049,86.66355271552465,76.22216082208794,55.33937703521453,78.31043920077528,87.70769190486831,58.47179460324554,88.751831094212,55.33937703521453,61.60421217127656,107.54633650239806,75.17802163274428,55.33937703521453,39.67728919505948,135.73809461467715,87.70769190486831,54.295237845870865,36.54487162702846,53.25109865652719,84.57527433683731,78.31043920077528,45.9421243311215,60.56007298193288,75.17802163274428,49.074541899152514,38.633150005715805,37.58901081637214,56.38351622455821,130.51739866795882,75.17802163274428,72.04560406471326,58.47179460324554,71.00146487536959,104.41391893436705,66.82490811799491
B02010,99000000355,Synthetic Census Tract 99000000355,1.0,Total:,32.77926734129628,41.52040529897529,+/-38,25.13077162832715,21.85284489419752,8.741137957679008,27.3160561177469,18.57491816006789,48.07625876723455,29.501340607166654,31.686625096586404,12.019064691808637,39.335120809555534,51.35418550136417,30.59398285187653,53.53946999078393,48.07625876723455,28.408698362456775,42.61304754368516,31.686625096586404,37.14983632013578,29.501340607166654,50.2615432566543,36.05719407542591,13.111706936518512,12.019064691808637,25.13077162832715,17.482275915358017,56.81739672491355,20.760202649487645,52.44682774607405,12.019064691808637,39.335120809555534,38.24247856484566,36.05719407542591,53.53946999078393,28.408698362456775,32.77926734129628,44.79833203310492,21.85284489419752,39.335120809555534,36.05719407542591,51.35418550136417,41.52040529897529,16.38963367064814,13.111706936518512,30.59398285187653,20.760202649487645,42.61304754368516,29.501340607166654,36.05719407542591,10.92642244709876,43.70568978839504,36.05719407542591,32.77926734129628,42.61304754368516,30.59398285187653,38.24247856484566,54.6321122354938,24.038129383617274,40.42776305426541,30.59398285187653,42.61304754368516,32.77926734129628,25.13077162832715,9.833780202388883,21.85284489419752,18.57491816006789,41.52040529897529,27.3160561177469,30.59398285187653,9.833780202388883,39.335120809555534,54.6321122354938,48.07625876723455,50.2615432566543,37.14983632013578,30.59398285187653,43.70568978839504,24.038129383617274,37.14983632013578,39.335120809555534,50.2615432566543,38.24247856484566
B02010,99000000356,Synthetic Census Tract 99000000356,1.0,Total:,0.0,14.789614478066898,+/-14,9.50760930732872,0.0,0.0,0.0,0.0,0.0,0.0,0.0,0.0,0.0,0.0,0.0,0.0,0.0,0.0,0.0,0.0,0.0,0.0,0.0,0.0,0.0,0.0,0.0,0.0,0.0,0.0,0.0,0.0,0.0,0.0,0.0,0.0,0.0,0.0,0.0,0.0,0.0,0.0,0.0,0.0,0.0,0.0,0.0,0.0,0.0,0.0,0.0,0.0,0.0,0.0,0.0,0.0,0.0,0.0,0.0,0.0,0.0,0.0,0.0,0.0,0.0,0.0,0.0,0.0,0.0,0.0,0.0,0.0,0.0,0.0,0.0,0.0,0.0,0.0,0.0,0.0,0.0,0.0,0.0,0.0
B02010,99000000357,Synthetic Census Tract 99000000357,1.0,Total:,0.0,15.027044027133394,+/-14,9.660242588871467,0.0,0.0,0.0,0.0,0.0,0.0,0.0,0.0,0.0,0.0,0.0,0.0,0.0,0.0,0.0,0.0,0.0,0.0,0.0,0.0,0.0,0.0,0.0,0.0,0.0,0.0,0.0,0.0,0.0,0.0,0.0,0.0,0.0,0.0,0.0,0.0,0.0,0.0,0.0,0.0,0.0,0.0,0.0,0.0,0.0,0.0,0.0,0.0,0.0,0.0,0.0,0.0,0.0,0.0,0.0,0.0,0.0,0.0,0.0,0.0,0.0,0.0,0.0,0.0,0.0,0.0,0.0,0.0,0.0,0.0,0.0,0.0,0.0,0.0,0.0,0.0,0.0,0.0,0.0,0.0
B02010,99000000358,Synthetic Census Tract 99000000358,1.0,Total:,0.0,12.919491399314184,+/-14,8.305387328130546,0.0,0.0,0.0,0.0,0.0,0.0,0.0,0.0,0.0,0.0,0.0,0.0,0.0,0.0,0.0,0.0,0.0,0.0,0.0,0.0,0.0,0.0,0.0,0.0,0.0,0.0,0.0,0.0,0.0,0.0,0.0,0.0,0.0,0.0,0.0,0.0,0.0,0.0,0.0,0.0,0.0,0.0,0.0,0.0,0.0,0.0,0.0,0.0,0.0,0.0,0.0,0.0,0.0,0.0,0.0,0.0,0.0,0.0,0.0,0.0,0.0,0.0,0.0,0.0,0.0,0.0,0.0,0.0,0.0,0.0,0.0,0.0,0.0,0.0,0.0,0.0,0.0,0.0,0.0,0.0
B02010,99000000359,Synthetic Census Tract 99000000359,1.0,Total:,42.905790724549064,52.32413502993788,+/-50,31.39448101796273,54.417100431135395,16.74372320958012,36.62689452095652,59.64951393412918,62.78896203592546,53.37061773053664,40.81282532335155,34.533929119759,43.952273425147816,59.64951393412918,38.71985992215403,35.58041182035776,25.11558481437018,24.069102113771425,59.64951393412918,44.998756125746574,47.09172152694409,17.79020591017888,41.859308023950305,26.16206751496894,44.998756125746574,49.18468692814161,36.62689452095652,17.79020591017888,28.255032916166456,24.069102113771425,30.34799831736397,35.58041182035776,47.09172152694409,50.23116962874036,41.859308023950305,55.463583131734154,73.25378904191304,80.57916794610433,38.71985992215403,15.697240508981364,49.18468692814161,63.83544473652421,51.27765232933912,53.37061773053664,43.952273425147816,25.11558481437018,51.27765232933912,92.09047765269067,80.57916794610433,68.02137553891924,37.67337722155527,32.440963718561484,53.37061773053664,50.23116962874036,33.48744641916024,24.069102113771425,26.16206751496894,27.208550215567698,54.417100431135395,43.952273425147816,39.76634262275279,18.836688610777635,39.76634262275279,26.16206751496894,39.76634262275279,57.556548532931664,37.67337722155527,29.30151561676521,27.208550215567698,28.255032916166456,39.76634262275279,41.859308023950305,50.23116962874036,38.71985992215403,36.62689452095652,60.69599663472794,65.92841013772173,59.64951393412918,38.71985992215403,17.79020591017888,29.30151561676521,53.37061773053664,40.81282532335155,56.51006583233291
B02010,99000000360,Synthetic Census Tract 99000000360,1.0,Total:,174.87913996326887,126.46627070790065,+/-128,77.06538371262695,198.59156572100022,154.1307674252539,147.2146432459156,153.14274968534843,141.28653680648276,148.20266098582107,155.11878516515938,158.0828383848758,236.13623983740825,193.65147702147286,189.69940606185096,197.60354798109475,187.72337058204002,144.25059002619918,174.87913996326887,141.28653680648276,186.73535284213455,188.7113883219455,147.2146432459156,183.77129962241813,257.87263011532866,176.85517544307982,141.28653680648276,171.91508674355245,182.78328188251265,191.6754415416619,150.17869646563202,164.01094482430867,181.79526414260718,239.10029305712467,173.8911222233634,213.41183181958235,226.2560624383535,168.95103352383603,161.04689160459222,159.07085612478127,182.78328188251265,247.00443497636846,150.17869646563202,179.81922866279623,128.4423061877116,158.0828383848758,192.66345928156738,179.81922866279623,224.28002695854255,201.55561894071667,304.3094638908859,216.37588503929877,135.35843036704992,151.1667142055375,214.39984955948782,201.55561894071667,94.84970303092548,196.61553024118928,245.0283994965575,168.95103352383603,165.9869803041196,166.97499804402509,229.22011565806991,174.87913996326887,164.01094482430867,117.57411104875139,236.13623983740825,204.5196721604331,164.01094482430867,183.77129962241813,208.47174312005498,131.40635940742803,94.84970303092548,181.79526414260718,216.37588503929877,198.59156572100022,149.19067872572654,211.4357963397714,264.788754294667,177.8431931829853,135.35843036704992,112.63402234922401,140.29851906657728,185.74733510222907
B02010,99000000361,Synthetic Census Tract 99000000361,1.0,Total:,38.403588898325694,46.48855498218373,+/-46,28.29738129350314,39.41420965880795,41.43545117977246,57.605383347488534,14.14869064675157,61.64786638941756,41.43545117977246,17.180552928198335,50.53103802411275,50.53103802411275,15.159311407233826,41.43545117977246,36.38234737736118,34.36110585639667,21.223035970127356,51.54165878459501,55.584141826524025,59.62662486845305,54.57352106604177,17.180552928198335,56.59476258700628,48.50979650314824,39.41420965880795,52.55227954507726,25.265519012056377,29.308002053985394,35.371726616878924,17.180552928198335,44.46731346121922,33.350485095914415,35.371726616878924,35.371726616878924,37.39296813784343,44.46731346121922,17.180552928198335,47.49917574266598,47.49917574266598,62.65848714989981,44.46731346121922,21.223035970127356,39.41420965880795,43.456692700736966,35.371726616878924,18.19117368868059,55.584141826524025,55.584141826524025,45.477934221701474,58.61600410797079,52.55227954507726,46.48855498218373,45.477934221701474,42.44607194025471,47.49917574266598,35.371726616878924,52.55227954507726,23.244277491091864,20.2124152096451,29.308002053985394,19.201794449162847,46.48855498218373,43.456692700736966,45.477934221701474,40.4248304192902,15.159311407233826,63.66910791038207,28.29738129350314,30.318622814467652,58.61600410797079,41.43545117977246,39.41420965880795,54.57352106604177,25.265519012056377,39.41420965880795,38.403588898325694,57.605383347488534,15.159311407233826,22.23365673060961,25.265519012056377,16.16993216771608,62.65848714989981,30.318622814467652
B02010,99000000362,Synthetic Census Tract 99000000362,1.0,Total:,0.0,14.4314867465506,+/-14,9.277384337068243,0.0,0.0,0.0,0.0,0.0,0.0,0.0,0.0,0.0,0.0,0.0,0.0,0.0,0.0,0.0,0.0,0.0,0.0,0.0,0.0,0.0,0.0,0.0,0.0,0.0,0.0,0.0,0.0,0.0,0.0,0.0,0.0,0.0,0.0,0.0,0.0,0.0,0.0,0.0,0.0,0.0,0.0,0.0,0.0,0.0,0.0,0.0,0.0,0.0,0.0,0.0,0.0,0.0,0.0,0.0,0.0,0.0,0.0,0.0,0.0,0.0,0.0,0.0,0.0,0.0,0.0,0.0,0.0,0.0,0.0,0.0,0.0,0.0,0.0,0.0,0.0,0.0,0.0,0.0,0.0
B02010,99000000363,Synthetic Census Tract 99000000363,1.0,Total:,17.503408373457823,28.443038606868964,+/-26,17.503408373457823,19.691334420140052,27.34907558352785,17.503408373457823,5.46981511670557,16.40944535011671,5.46981511670557,28.443038606868964,17.503408373457823,5.46981511670557,5.46981511670557,14.221519303434482,15.315482326775594,18.597371396798938,15.315482326775594,21.87926046682228,31.724927676892303,19.691334420140052,6.563778140046684,28.443038606868964,7.657741163387797,19.691334420140052,4.375852093364456,15.315482326775594,22.97322349016339,20.785297443481166,28.443038606868964,7.657741163387797,20.785297443481166,24.067186513504506,24.067186513504506,15.315482326775594,25.16114953684562,15.315482326775594,17.503408373457823,16.40944535011671,5.46981511670557,32.81889070023342,27.34907558352785,5.46981511670557,24.067186513504506,20.785297443481166,32.81889070023342,17.503408373457823,7.657741163387797,24.067186513504506,5.46981511670557,28.443038606868964,17.503408373457823,6.563778140046684,7.657741163387797,21.87926046682228,13.127556280093367,19.691334420140052,18.597371396798938,16.40944535011671,24.067186513504506,13.127556280093367,5.46981511670557,27.34907558352785,7.657741163387797,17.503408373457823,5.46981511670557,19.691334420140052,32.81889070023342,22.97322349016339,35.006816746915646,7.657741163387797,14.221519303434482,33.912853723574536,29.537001630210078,15.315482326775594,9.845667210070026,13.127556280093367,18.597371396798938,16.40944535011671,5.46981511670557,20.785297443481166,30.63096465355119,5.46981511670557,33.912853723574536
B02010,99000000364,Synthetic Census Tract 99000000364,1.0,Total:,27.422890407158125,40.58587780259402,+/-37,25.229059174585473,50.458118349170945,23.035227942012824,23.035227942012824,28.51980602344445,31.810552872303422,38.39204657002137,31.810552872303422,37.29513095373505,35.1012997211624,14.259903011722225,35.1012997211624,21.9383123257265,21.9383123257265,10.96915616286325,7.678409314004274,54.84578081431625,39.488962186307695,8.7753249302906,28.51980602344445,23.035227942012824,19.744481093153848,24.13214355829915,30.713637256017098,43.876624651453,30.713637256017098,18.647565476867523,32.90746848858975,42.779709035166675,43.876624651453,8.7753249302906,41.68279341888035,27.422890407158125,6.581493697717949,8.7753249302906,13.162987395435898,32.90746848858975,40.58587780259402,12.066071779149574,39.488962186307695,28.51980602344445,19.744481093153848,41.68279341888035,28.51980602344445,44.973540267739324,71.29951505861112,21.9383123257265,27.422890407158125,26.325974790871797,46.07045588402565,7.678409314004274,27.422890407158125,20.841396709440176,12.066071779149574,19.744481093153848,13.162987395435898,24.13214355829915,36.19821533744872,8.7753249302906,26.325974790871797,23.035227942012824,23.035227942012824,28.51980602344445,23.035227942012824,30.713637256017098,38.39204657002137,34.004384104876074,35.1012997211624,31.810552872303422,32.90746848858975,10.96915616286325,43.876624651453,23.035227942012824,10.96915616286325,12.066071779149574,15.356818628008549,35.1012997211624,40.58587780259402,23.035227942012824,35.1012997211624,27.422890407158125
B02010,99000000365,Synthetic Census Tract 99000000365,1.0,Total:,34.47524336751292,44.05169985848873,+/-46,26.81407817473227,41.17876291119599,41.17876291119599,28.729369472927434,16.27997603465888,46.924636805781475,28.729369472927434,33.51759771841534,35.4328890166105,36.39053466570808,49.79757375307422,32.55995206931776,22.025849929244366,47.88228245487905,30.644660771122595,61.28932154224519,35.4328890166105,16.27997603465888,25.85643252563469,21.068204280146784,44.05169985848873,45.00934550758631,30.644660771122595,13.407039087366135,18.19526733285404,29.687015122025013,41.17876291119599,38.305825963903246,36.39053466570808,44.05169985848873,65.11990413863552,31.602306420220177,15.322330385561298,45.00934550758631,50.7552194021718,53.62815634946454,35.4328890166105,20.1105586310492,36.39053466570808,13.407039087366135,18.19526733285404,15.322330385561298,53.62815634946454,71.82342368231858,39.263471613000824,43.094054209391146,28.729369472927434,40.2211172620984,38.305825963903246,31.602306420220177,12.449393438268554,35.4328890166105,46.924636805781475,19.152912981951623,48.83992810397664,12.449393438268554,36.39053466570808,43.094054209391146,36.39053466570808,74.69636062961132,19.152912981951623,18.19526733285404,26.81407817473227,37.34818031480566,34.47524336751292,27.771723823829852,36.39053466570808,37.34818031480566,37.34818031480566,32.55995206931776,28.729369472927434,30.644660771122595,37.34818031480566,19.152912981951623,45.00934550758631,24.89878687653711,27.771723823829852,44.05169985848873,45.96699115668389,49.79757375307422,56.50109329675728
B02010,99000000366,Synthetic Census Tract 99000000366,1.0,Total:,237.6124087836814,262.7344255713834,+/-251,160.15285702160023,284.7161902606226,323.44596614166323,338.1004759344894,315.0719605457626,342.28747873243975,336.00697453551425,168.5268626175009,299.3707000534488,254.36041997548273,161.19960772108783,94.20756295388249,81.64655456003149,209.35013989751664,329.72647033858874,248.07991577855722,227.14490178880556,151.77885142569957,225.0514003898304,224.00464969034283,256.4539213744579,317.16546194473773,423.9340332924712,254.36041997548273,273.20193256625925,230.2851538872683,235.51890738470624,234.47215668521864,222.95789899085523,340.19397733346455,78.50630246156875,155.9658542236499,145.49834722877407,254.36041997548273,430.2145374893967,188.41512590776497,131.89058813543548,199.9293836021284,262.7344255713834,141.31134443082374,304.6044535508867,253.31366927599515,316.11871124525015,354.8484871262907,336.00697453551425,299.3707000534488,221.91114829136765,306.69795494986187,210.39689059700424,247.03316507906965,172.71386541545124,183.18137241032707,183.18137241032707,342.28747873243975,320.30571404320045,217.72414549341732,81.64655456003149,257.5006720739455,263.78117627087096,87.927058756957,387.2977588104058,195.74238080417808,256.4539213744579,388.3445095098934,371.5964983180921,240.75266088214414,213.537142695467,247.03316507906965,210.39689059700424,161.19960772108783,217.72414549341732,130.8438374359479,212.4903919959794,243.8929129806069,232.3786552862435,259.59417347292066,132.93733883492308,254.36041997548273,199.9293836021284,160.15285702160023,322.39921544217566
B02010,99000000367,Synthetic Census Tract 99000000367,1.0,Total:,9.449970368283484,15.749950613805806,+/-15,9.449970368283484,3.149990122761161,10.499967075870538,15.749950613805806,4.199986830348215,4.199986830348215,15.749950613805806,7.349976953109376,8.39997366069643,25.19992098208929,7.349976953109376,10.499967075870538,9.449970368283484,9.449970368283484,12.599960491044644,4.199986830348215,10.499967075870538,4.199986830348215,12.599960491044644,11.549963783457592,17.849944028979913,2.0999934151741075,7.349976953109376,12.599960491044644,3.149990122761161,4.199986830348215,11.549963783457592,8.39997366069643,10.499967075870538,9.449970368283484,8.39997366069643,13.649957198631698,9.449970368283484,13.649957198631698,12.599960491044644,4.199986830348215,12.599960491044644,4.199986830348215,9.449970368283484,8.39997366069643,3.149990122761161,12.599960491044644,9.449970368283484,2.0999934151741075,7.349976953109376,12.599960491044644,3.149990122761161,12.599960491044644,12.599960491044644,5.249983537935269,8.39997366069643,3.149990122761161,10.499967075870538,6.299980245522322,10.499967075870538,16.79994732139286,10.499967075870538,16.79994732139286,12.599960491044644,15.749950613805806,6.299980245522322,15.749950613805806,9.449970368283484,4.199986830348215,24.149924274502236,11.549963783457592,3.149990122761161,11.549963783457592,9.449970368283484,2.0999934151741075,8.39997366069643,4.199986830348215,11.549963783457592,13.649957198631698,10.499967075870538,17.849944028979913,10.499967075870538,15.749950613805806,11.549963783457592,6.299980245522322,16.79994732139286
B02010,99000000368,Synthetic Census Tract 99000000368,1.0,Total:,45.55703289634266,150.24127870070453,+/-155,91.11406579268532,0.0,66.88160148612008,132.79390439997755,53.31142147444354,63.97370576933225,0.0,87.23687150363489,0.0,0.0,75.60528863648356,12.600881439413929,57.18861576349398,68.8201986306453,22.293867162040026,31.986852884666124,29.078957167878297,18.416672872989587,0.0,28.109658595615684,81.42108007005923,13.570180011676538,43.618435751817444,61.06581005254442,118.2544258160384,33.925450029191346,38.77194289050439,94.99126008173576,16.47807572846437,0.0,74.63599006422096,32.95615145692874,103.71494723209925,66.88160148612008,0.0,28.109658595615684,77.54388578100878,29.078957167878297,0.0,34.894748601453955,0.0,62.03510862480703,60.09651148028181,11.631582867151318,15.508777156201758,10.662284294888709,97.8991557985236,12.600881439413929,63.97370576933225,71.72809434743313,32.95615145692874,16.47807572846437,0.0,7.754388578100879,74.63599006422096,30.048255740140906,96.92985722626098,189.01322159120892,143.45618869486626,80.45178149779662,3.8771942890504394,34.894748601453955,75.60528863648356,0.0,23.263165734302635,19.385971445252196,68.8201986306453,3.8771942890504394,85.29827435910967,60.09651148028181,21.324568589777417,86.26757293137227,21.324568589777417,0.0,85.29827435910967,63.00440719706964,37.80264431824178,39.741241462767,56.21931719123137,12.600881439413929,78.5131843532714
B02010,99000000369,Synthetic Census Tract 99000000369,1.0,Total:,47.16347170361505,55.48643729837065,+/-60,33.29186237902239,15.721157234538351,74.90669035280038,71.207594532909,60.11030707323487,51.78734147847928,62.884628938153405,62.884628938153405,25.89367073923964,59.18553311826203,36.990958198913766,36.990958198913766,43.464375883723676,49.937793568533586,71.207594532909,44.389149838696525,31.442314469076702,19.42025305442973,47.16347170361505,51.78734147847928,70.28282057793616,64.7341768480991,23.119348874321105,41.61482797377799,16.645931189511195,27.743218649185327,54.56166334339781,18.495479099456883,44.389149838696525,58.26075916328919,55.48643729837065,60.11030707323487,54.56166334339781,38.84050610885946,23.119348874321105,38.84050610885946,61.03508102820772,63.80940289312625,34.21663633399523,44.389149838696525,31.442314469076702,24.04412282929395,59.18553311826203,41.61482797377799,91.55262154231157,57.33598520831634,46.23869774864221,84.15442990252882,26.81844469421248,33.29186237902239,39.7652800638323,36.990958198913766,26.81844469421248,53.63688938842496,58.26075916328919,52.71211543345212,26.81844469421248,27.743218649185327,61.95985498318056,57.33598520831634,49.937793568533586,79.5305601276646,21.269800964375417,49.937793568533586,24.04412282929395,30.51754051410386,36.990958198913766,26.81844469421248,67.50849871301763,46.23869774864221,44.389149838696525,55.48643729837065,45.31392379366937,50.86256752350643,17.57070514448404,46.23869774864221,54.56166334339781,56.411211253343495,49.01301961356074,43.464375883723676,46.23869774864221
B02010,99000000370,Synthetic Census Tract 99000000370,1.0,Total:,0.0,12.714651488800015,+/-14,8.173704528514296,0.0,0.0,0.0,0.0,0.0,0.0,0.0,0.0,0.0,0.0,0.0,0.0,0.0,0.0,0.0,0.0,0.0,0.0,0.0,0.0,0.0,0.0,0.0,0.0,0.0,0.0,0.0,0.0,0.0,0.0,0.0,0.0,0.0,0.0,0.0,0.0,0.0,0.0,0.0,0.0,0.0,0.0,0.0,0.0,0.0,0.0,0.0,0.0,0.0,0.0,0.0,0.0,0.0,0.0,0.0,0.0,0.0,0.0,0.0,0.0,0.0,0.0,0.0,0.0,0.0,0.0,0.0,0.0,0.0,0.0,0.0,0.0,0.0,0.0,0.0,0.0,0.0,0.0,0.0,0.0
B02010,99000000371,Synthetic Census Tract 99000000371,1.0,Total:,30.60859013966924,33.77499601618675,+/-32,21.109372510116717,44.329682271245105,22.164841135622552,22.164841135622552,32.71952739068091,26.386715637645896,39.052339143715926,37.99687051821009,30.60859013966924,22.164841135622552,35.88593326719842,40.107807769221765,27.44218426315173,28.49765288865757,16.887498008093374,18.998435259105044,40.107807769221765,36.941401892704256,25.33124701214006,26.386715637645896,32.71952739068091,21.109372510116717,48.55155677326845,40.107807769221765,51.71796264978596,30.60859013966924,11.610154880564195,34.830464641692586,33.77499601618675,30.60859013966924,22.164841135622552,14.776560757081702,17.94296663359921,25.33124701214006,45.38515089675094,35.88593326719842,12.66562350607003,17.94296663359921,56.99530577731514,20.053903884610882,42.218745020233435,13.721092131575865,42.218745020233435,47.49608814776261,32.71952739068091,31.664058765175078,27.44218426315173,27.44218426315173,24.275778386634226,40.107807769221765,20.053903884610882,12.66562350607003,24.275778386634226,25.33124701214006,46.44061952225678,44.329682271245105,8.443749004046687,15.832029382587539,39.052339143715926,25.33124701214006,35.88593326719842,36.941401892704256,20.053903884610882,17.94296663359921,28.49765288865757,27.44218426315173,40.107807769221765,24.275778386634226,27.44218426315173,39.052339143715926,27.44218426315173,40.107807769221765,30.60859013966924,33.77499601618675,25.33124701214006,22.164841135622552,44.329682271245105,34.830464641692586,15.832029382587539,31.664058765175078,26.386715637645896
B02010,99000000372,Synthetic Census Tract 99000000372,1.0,Total:,46.90317757307892,47.9011175214423,+/-48,28.940258502538057,28.940258502538057,56.882577056712734,59.87639690180288,33.929958244354964,58.878456953439496,40.91553788289863,73.84755617889022,54.88669715998597,55.88463710834935,22.95261881235777,59.87639690180288,44.90729767635216,25.946438657447914,57.880517005076115,67.85991648870993,46.90317757307892,31.9340783476282,36.92377808944511,60.87433685016626,36.92377808944511,62.87021674689302,25.946438657447914,60.87433685016626,41.913477831262014,45.90523762471554,73.84755617889022,41.913477831262014,54.88669715998597,47.9011175214423,51.89287731489583,59.87639690180288,61.87227679852964,61.87227679852964,36.92377808944511,34.927898192718345,36.92377808944511,36.92377808944511,50.894937366532446,38.91965798617187,56.882577056712734,29.93819845090144,44.90729767635216,55.88463710834935,45.90523762471554,57.880517005076115,39.91759793453525,78.83725592070712,63.8681566952564,45.90523762471554,15.9670391738141,55.88463710834935,31.9340783476282,25.946438657447914,60.87433685016626,86.82077550761417,32.93201829599158,39.91759793453525,42.911417779625395,41.913477831262014,26.944378605811295,62.87021674689302,21.95467886399439,43.90935772798878,40.91553788289863,44.90729767635216,61.87227679852964,34.927898192718345,56.882577056712734,55.88463710834935,53.88875721162259,52.89081726325921,56.882577056712734,66.86197654034655,25.946438657447914,29.93819845090144,42.911417779625395,46.90317757307892,60.87433685016626,65.86403659198317,55.88463710834935
B02010,99000000373,Synthetic Census Tract 99000000373,1.0,Total:,29.621916915272607,26.33059281357565,+/-24,16.456620508484782,37.3016731525655,44.9814293898584,28.52480888137362,32.913241016969565,25.233484779676665,35.10745708476753,38.39878118646449,31.816132983070574,25.233484779676665,35.10745708476753,44.9814293898584,21.942160677979707,34.01034905086855,27.427700847474632,14.26240444068681,37.3016731525655,31.816132983070574,41.69010528816145,29.621916915272607,24.136376745777678,29.621916915272607,44.9814293898584,34.01034905086855,35.10745708476753,30.71902494917159,17.553728542383766,52.6611856271513,27.427700847474632,24.136376745777678,37.3016731525655,44.9814293898584,25.233484779676665,30.71902494917159,31.816132983070574,25.233484779676665,24.136376745777678,25.233484779676665,35.10745708476753,21.942160677979707,17.553728542383766,43.884321355959415,35.10745708476753,26.33059281357565,28.52480888137362,25.233484779676665,31.816132983070574,36.204565118666515,25.233484779676665,25.233484779676665,37.3016731525655,41.69010528816145,23.03926871187869,34.01034905086855,29.621916915272607,16.456620508484782,31.816132983070574,36.204565118666515,29.621916915272607,32.913241016969565,19.747944610181737,34.01034905086855,46.07853742375738,36.204565118666515,39.49588922036347,34.01034905086855,24.136376745777678,43.884321355959415,26.33059281357565,26.33059281357565,29.621916915272607,46.07853742375738,26.33059281357565,25.233484779676665,30.71902494917159,28.52480888137362,37.3016731525655,25.233484779676665,37.3016731525655,23.03926871187869,19.747944610181737
B02010,99000000374,Synthetic Census Tract 99000000374,1.0,Total:,52.628718635652724,61.5656708568013,+/-62,37.73379826707176,46.67075048822034,35.747808884594306,84.4045487552921,52.628718635652724,79.43957529909845,55.607702709368915,56.60069740060764,83.41155406405338,57.59369209184638,20.852888516013344,80.43256999033719,62.55866554804003,33.76181950211684,59.579681474323834,54.61470801813019,25.817861972206998,51.635723944413996,29.789840737161917,47.66374517945907,70.50262307794988,65.53764962175622,49.64973456193653,28.79684604592319,63.55166023927876,20.852888516013344,53.62171332689145,54.61470801813019,29.789840737161917,62.55866554804003,64.5446549305175,34.75481419335557,28.79684604592319,86.39053813776957,78.44658060785972,44.68476110574288,62.55866554804003,87.38353282900829,66.53064431299495,37.73379826707176,60.57267616556257,52.628718635652724,43.691766414504144,24.824867280968267,53.62171332689145,31.77583011963938,60.57267616556257,45.67775579698161,33.76181950211684,59.579681474323834,59.579681474323834,43.691766414504144,43.691766414504144,34.75481419335557,52.628718635652724,85.39754344653083,61.5656708568013,51.635723944413996,105.25743727130545,58.586686783085106,32.76882481087811,41.70577703202669,45.67775579698161,70.50262307794988,55.607702709368915,67.52363900423369,47.66374517945907,49.64973456193653,71.49561776918861,53.62171332689145,40.71278234078795,84.4045487552921,73.48160715166607,20.852888516013344,39.719787649549225,82.41855937281464,51.635723944413996,33.76181950211684,37.73379826707176,85.39754344653083,28.79684604592319
B02010,99000000375,Synthetic Census Tract 99000000375,1.0,Total:,356.0646036397996,265.1311817871739,+/-242,161.0507591847709,482.0566941584979,398.7923560765756,338.5352693067633,315.52801799465317,232.26367991273082,356.0646036397996,377.97627155609496,487.5346111375718,335.24851911931904,249.79301424576713,313.3368512030237,394.4100224933165,358.25577043142914,400.9835228682051,318.8147681820975,484.24786095012746,409.7481900347232,238.83718028761945,351.6822700565405,496.2992783040899,372.49835457702113,285.94726630765444,315.52801799465317,214.73434557969455,291.4251832867283,250.8885976415819,293.6163500783578,423.9907741803152,398.7923560765756,242.12393047506373,336.3441025151338,299.0942670574317,339.63085270257807,450.28477567986965,290.3295998909135,333.0573523276895,511.6374458454967,358.25577043142914,457.953859450573,425.08635757613,363.73368741050297,360.4469372230587,391.1232723058722,139.13909126847554,350.5866866607258,310.05010101557934,344.01318628583715,468.9096934087207,305.66776743232026,354.96902024398486,345.10876968165195,290.3295998909135,248.69743084995235,495.20369490827517,491.9169447208308,336.3441025151338,415.2261070137971,315.52801799465317,470.00527680453547,310.05010101557934,238.83718028761945,431.65985795101864,349.49110326491103,312.2412678072089,216.92551237132406,187.34476068432534,398.7923560765756,440.42452511753675,348.39551986909623,293.6163500783578,325.38826855698613,329.77060214024516,357.1601870356144,399.8879394723903,407.55702324309374,497.3948616999047,230.07251312110128,388.93210551424266,383.45418853516884,272.80026555787725
B02010,99000000376,Synthetic Census Tract 99000000376,1.0,Total:,115.91319365177982,107.07235684783052,+/-109,64.8328032289616,129.6656064579232,143.41801926406657,91.35531364080953,134.57718246011726,112.96624805046338,115.91319365177982,179.7636816803026,123.77171525529032,154.2234864688935,77.60290083466614,97.24920484344239,146.364964865383,150.29422566713825,70.72669443159447,123.77171525529032,138.5064432618725,63.85048802852278,64.8328032289616,101.17846564519763,137.5241280614337,140.47107366275011,69.74437923115565,138.5064432618725,92.33762884124833,125.73634565616794,107.07235684783052,59.921227226767535,158.15274727064875,130.647921658362,174.85210567810856,131.6302368588008,60.90354242720635,71.70900963203329,129.6656064579232,142.43570406362775,54.02733602413466,103.14309604607527,118.86013925309626,107.07235684783052,144.40033446450536,126.71866085660676,77.60290083466614,124.75403045572912,119.84245445353507,141.45338886318893,107.07235684783052,58.93891202632872,156.1881168697711,108.05467204826932,170.92284487635328,153.24117126845468,59.921227226767535,68.76206403071684,146.364964865383,120.82476965397387,61.88585762764516,125.73634565616794,141.45338886318893,137.5241280614337,128.68329125748437,130.647921658362,134.57718246011726,96.26688964300358,98.2315200438812,118.86013925309626,104.12541124651408,153.24117126845468,115.91319365177982,172.88747527723092,73.6736400329109,67.77974883027804,141.45338886318893,156.1881168697711,62.86817282808397,118.86013925309626,121.8070848544127,70.72669443159447,74.65595523334972,101.17846564519763,122.78940005485151
B02010,99000000377,Synthetic Census Tract 99000000377,1.0,Total:,16.939782881791913,30.703356473247844,+/-29,19.057255742015904,16.939782881791913,6.3524185806719675,12.704837161343935,22.233465032351887,23.29220146246388,5.293682150559973,6.3524185806719675,6.3524185806719675,15.881046451679918,5.293682150559973,28.585883613023853,13.76357359145593,27.52714718291186,29.64462004313585,23.29220146246388,20.115992172127896,6.3524185806719675,16.939782881791913,10.587364301119946,10.587364301119946,10.587364301119946,21.17472860223989,11.64610073123194,6.3524185806719675,32.820829333471835,29.64462004313585,42.34945720447978,16.939782881791913,26.468410752799866,15.881046451679918,4.234945720447978,34.93830219369582,7.411155010783962,15.881046451679918,20.115992172127896,6.3524185806719675,29.64462004313585,14.822310021567924,21.17472860223989,12.704837161343935,16.939782881791913,7.411155010783962,19.057255742015904,19.057255742015904,24.350937892575875,6.3524185806719675,5.293682150559973,12.704837161343935,16.939782881791913,3.1762092903359838,23.29220146246388,11.64610073123194,39.1732479141438,34.93830219369582,33.87956576358383,19.057255742015904,3.1762092903359838,17.99851931190391,17.99851931190391,25.40967432268787,12.704837161343935,17.99851931190391,15.881046451679918,11.64610073123194,25.40967432268787,20.115992172127896,39.1732479141438,13.76357359145593,29.64462004313585,17.99851931190391,8.469891440895957,19.057255742015904,4.234945720447978,7.411155010783962,11.64610073123194,6.3524185806719675,28.585883613023853,14.822310021567924,23.29220146246388,22.233465032351887
B02010,99000000378,Synthetic Census Tract 99000000378,1.0,Total:,50.43301199543015,51.349975849892516,+/-56,31.176771051720458,44.93122886865595,57.76872283112908,58.68568668559145,85.27763846500008,46.76515657758068,56.851758976666716,52.26693970435488,21.09016865263443,72.44014450252695,57.76872283112908,17.422313234784962,54.100867413279616,47.68212043204305,43.097301159731224,38.51248188741939,67.85532523021512,58.68568668559145,64.18746981236565,75.19103606591405,33.01069876064519,56.851758976666716,39.42944574188176,75.19103606591405,45.848192723118316,55.93479512220435,68.77228908467748,76.10799992037641,41.26337345080649,40.346409596344124,33.92766261510756,40.346409596344124,77.94192762930115,44.93122886865595,56.851758976666716,43.097301159731224,39.42944574188176,61.43657824897855,42.18033730526886,53.18390355881725,55.01783126774198,57.76872283112908,52.26693970435488,44.93122886865595,27.50891563387099,77.94192762930115,41.26337345080649,55.01783126774198,69.68925293913985,38.51248188741939,45.848192723118316,78.85889148376351,67.85532523021512,49.51604814096778,55.93479512220435,72.44014450252695,37.595518032957024,35.76159032403229,25.674987924946258,40.346409596344124,80.69281919268825,48.599084286505416,93.53031315516137,28.425879488333358,54.100867413279616,55.01783126774198,26.591951779408625,35.76159032403229,52.26693970435488,60.51961439451618,50.43301199543015,58.68568668559145,38.51248188741939,82.52674690161298,46.76515657758068,50.43301199543015,63.27050595790328,51.349975849892516,48.599084286505416,57.76872283112908,48.599084286505416
B02010,99000000379,Synthetic Census Tract 99000000379,1.0,Total:,63.69881754773583,118.29780401722368,+/-117,71.78755628395625,19.210754498523503,20.221846840551056,48.53243241732254,121.33108104330634,22.24403152460616,100.09814186072774,74.8208333100389,58.643355837598065,51.5657094434052,79.87629502017667,64.70990988976338,77.85411033612156,29.321677918799033,112.23124996505837,70.7764639419287,64.70990988976338,120.31998870127879,101.10923420275529,53.5878941274603,58.643355837598065,62.687725205708276,67.74318691584604,146.60838959399516,56.62117115354296,86.95394141436954,71.78755628395625,85.94284907234199,23.255123866633713,23.255123866633713,17.188569814468398,20.221846840551056,104.14251122883795,68.75427925787359,77.85411033612156,19.210754498523503,112.23124996505837,53.5878941274603,54.598986469487855,132.45309680560942,21.23293918257861,19.210754498523503,17.188569814468398,56.62117115354296,83.92066438828688,20.221846840551056,135.48637383169208,53.5878941274603,62.687725205708276,83.92066438828688,67.74318691584604,54.598986469487855,57.63226349557051,19.210754498523503,148.63057427805026,69.76537159990114,75.83192565206646,97.06486483464508,147.6194819360227,98.07595717667263,68.75427925787359,75.83192565206646,81.89847970423178,125.37545041141655,67.74318691584604,60.66554052165317,55.61007881151541,110.20906528100326,23.255123866633713,19.210754498523503,24.26621620866127,20.221846840551056,143.5751125679125,63.69881754773583,49.54352475935009,32.35495494488169,94.0315878085624,76.84301799409401,63.69881754773583,94.0315878085624,29.321677918799033
B02010,99000000380,Synthetic Census Tract 99000000380,1.0,Total:,86.95378050656588,81.65172071958015,+/-77,49.83936199766581,60.44348157163726,62.56430548643155,104.98078378231735,92.2558402935516,69.98718918821156,130.43067075984882,127.24943488765739,75.28924897519728,69.98718918821156,111.34325552670022,68.92677723081442,74.22883701780015,80.59130876218302,68.92677723081442,131.49108271724597,142.09520229121742,44.53730221068008,76.34966093259443,65.74554135862299,93.31625225094875,89.07460442136016,119.82655118587738,59.383069614240114,53.02059786985724,53.02059786985724,131.49108271724597,91.19542833615446,72.10801310300585,106.04119573971448,64.68512940122584,62.56430548643155,86.95378050656588,101.79954791012591,131.49108271724597,85.89336854916874,116.64531531368594,66.80595331602012,97.55790008053734,60.44348157163726,100.73913595272876,62.56430548643155,60.44348157163726,69.98718918821156,93.31625225094875,81.65172071958015,104.98078378231735,93.31625225094875,49.83936199766581,69.98718918821156,110.28284356930307,68.92677723081442,101.79954791012591,97.55790008053734,71.04760114560871,119.82655118587738,127.24943488765739,61.5038935290344,83.77254463437444,75.28924897519728,78.47048484738872,113.4640794414945,138.91396641902597,66.80595331602012,56.20183374204868,51.9601859124601,111.34325552670022,90.13501637875731,74.22883701780015,92.2558402935516,82.7121326769773,69.98718918821156,83.77254463437444,119.82655118587738,135.73273054683455,67.86636527341727,95.43707616574304,83.77254463437444,102.85995986752306,45.59771416807723,111.34325552670022
B02010,99000000381,Synthetic Census Tract 99000000381,1.0,Total:,0.0,15.189164668215689,+/-14,9.7644630009958,0.0,0.0,0.0,0.0,0.0,0.0,0.0,0.0,0.0,0.0,0.0,0.0,0.0,0.0,0.0,0.0,0.0,0.0,0.0,0.0,0.0,0.0,0.0,0.0,0.0,0.0,0.0,0.0,0.0,0.0,0.0,0.0,0.0,0.0,0.0,0.0,0.0,0.0,0.0,0.0,0.0,0.0,0.0,0.0,0.0,0.0,0.0,0.0,0.0,0.0,0.0,0.0,0.0,0.0,0.0,0.0,0.0,0.0,0.0,0.0,0.0,0.0,0.0,0.0,0.0,0.0,0.0,0.0,0.0,0.0,0.0,0.0,0.0,0.0,0.0,0.0,0.0,0.0,0.0,0.0
B02010,99000000382,Synthetic Census Tract 99000000382,1.0,Total:,6.3870997087409185,14.90323265372881,+/-14,8.516132944987891,10.645166181234863,4.258066472493946,22.354848980593214,2.129033236246973,7.451616326864405,4.258066472493946,1.0645166181234864,3.1935498543704592,4.258066472493946,2.129033236246973,11.709682799358351,4.258066472493946,5.322583090617432,3.1935498543704592,9.580649563111377,8.516132944987891,7.451616326864405,11.709682799358351,3.1935498543704592,4.258066472493946,5.322583090617432,6.3870997087409185,10.645166181234863,3.1935498543704592,3.1935498543704592,6.3870997087409185,2.129033236246973,6.3870997087409185,8.516132944987891,2.129033236246973,6.3870997087409185,5.322583090617432,14.90323265372881,3.1935498543704592,17.032265889975783,22.354848980593214,6.3870997087409185,6.3870997087409185,2.129033236246973,7.451616326864405,9.580649563111377,4.258066472493946,13.838716035605323,2.129033236246973,4.258066472493946,4.258066472493946,2.129033236246973,4.258066472493946,4.258066472493946,2.129033236246973,13.838716035605323,3.1935498543704592,4.258066472493946,5.322583090617432,7.451616326864405,7.451616326864405,12.774199417481837,6.3870997087409185,4.258066472493946,6.3870997087409185,7.451616326864405,6.3870997087409185,6.3870997087409185,5.322583090617432,4.258066472493946,4.258066472493946,1.0645166181234864,6.3870997087409185,13.838716035605323,1.0645166181234864,6.3870997087409185,5.322583090617432,8.516132944987891,2.129033236246973,15.967749271852297,15.967749271852297,5.322583090617432,6.3870997087409185,2.129033236246973,5.322583090617432
B02010,99000000383,Synthetic Census Tract 99000000383,1.0,Total:,78.94329065330044,83.48026138050162,+/-92,50.81407214465315,66.23977261713715,93.4615969803442,99.81335599842583,103.44293258018678,76.22110821697973,101.6281442893063,110.70208574370865,48.99928385377268,81.66547308962114,97.09117356210513,100.72075014386607,41.74013069025081,124.31299792531217,101.6281442893063,58.98061945361527,82.57286723506138,26.314430217766812,81.66547308962114,83.48026138050162,78.0358965078602,52.628860435533625,138.83130425235595,53.53625458097386,101.6281442893063,137.01651596147548,89.83202039858325,136.10912181603524,50.81407214465315,68.05456090801762,88.92462625314302,82.57286723506138,60.79540774449574,68.05456090801762,101.6281442893063,97.09117356210513,38.110554108489865,69.86934919889809,81.66547308962114,81.66547308962114,77.12850236241997,99.81335599842583,63.51759018081644,85.29504967138207,52.628860435533625,51.72146629009339,75.3137140715395,78.94329065330044,112.51687403458912,74.40631992609926,77.12850236241997,79.85068479874067,97.99856770754536,91.64680868946373,24.49964192688634,66.23977261713715,101.6281442893063,110.70208574370865,92.55420283490396,77.12850236241997,76.22110821697973,130.66475694339383,48.09188970833245,67.14716676257738,52.628860435533625,58.98061945361527,114.3316623254696,29.036612654087516,66.23977261713715,60.79540774449574,96.1837794166649,91.64680868946373,122.49820963443172,88.92462625314302,67.14716676257738,90.73941454402349,114.3316623254696,115.23905647090983,69.86934919889809,83.48026138050162,78.0358965078602
B02010,99000000384,Synthetic Census Tract 99000000384,1.0,Total:,52.62518528611273,75.0396160561237,+/-77,45.80340200828331,57.497887627419466,18.51626889696559,61.396049500464855,72.11599465133968,51.650644817851386,20.465349833488286,22.414430770010977,59.44696856394216,64.3196709052489,15.59264749218155,76.01415652438506,53.59972575437408,88.68318261178257,73.09053511960101,68.21783277829428,80.88685886569179,16.567187960442897,51.650644817851386,44.828861540021954,65.29421137351024,73.09053511960101,26.312592643056366,48.72702341306734,85.75956120699853,56.52334715915812,17.541728428704243,21.43989030174963,38.981618730453874,64.3196709052489,17.541728428704243,64.3196709052489,55.548806690896775,72.11599465133968,79.91231839743044,50.67610434959004,76.01415652438506,18.51626889696559,52.62518528611273,59.44696856394216,54.57426622263542,62.3705899687262,18.51626889696559,53.59972575437408,70.16691371481697,64.3196709052489,18.51626889696559,20.465349833488286,52.62518528611273,49.70156388132869,18.51626889696559,103.30128963570277,64.3196709052489,84.78502073873717,74.06507558786237,50.67610434959004,81.86139933395314,13.643566555658856,38.981618730453874,69.19237324655563,55.548806690896775,50.67610434959004,27.28713311131771,49.70156388132869,70.16691371481697,72.11599465133968,17.541728428704243,19.490809365226937,44.828861540021954,54.57426622263542,19.490809365226937,86.73410167525988,76.01415652438506,99.40312776265738,74.06507558786237,39.95615919871522,74.06507558786237,22.414430770010977,52.62518528611273,50.67610434959004,62.3705899687262
B02010,99000000385,Synthetic Census Tract 99000000385,1.0,Total:,89.15449005735148,102.80058547429304,+/-113,62.77203891793115,83.69605189057486,100.07136639090473,119.17589997462291,145.55835111404323,46.396724417601284,46.396724417601284,117.35642058569736,75.50839464040993,44.57724502867574,109.16876333553243,141.91939233619215,100.07136639090473,77.32787402933548,40.93828625082466,82.78631219611209,88.24475036288871,90.06422975181425,86.42527097396318,51.85516258437791,104.62006486321857,100.07136639090473,97.34214730751641,26.382451139420336,40.02854655636189,116.44668089123459,108.25902364106966,41.84802594528743,105.52980455768135,122.81485875247398,46.396724417601284,47.306464112064056,79.147353418261,95.52266791859088,126.45381753032507,89.15449005735148,92.79344883520257,80.96683280718655,90.97396944627702,125.5440778358623,90.97396944627702,83.69605189057486,108.25902364106966,126.45381753032507,120.99537936354844,40.93828625082466,49.12594350098959,126.45381753032507,78.23761372379825,34.57010838958527,144.64861141958048,147.37783050296878,91.8837091407398,79.147353418261,38.20906716743635,92.79344883520257,90.06422975181425,95.52266791859088,93.70318852966534,40.93828625082466,80.96683280718655,87.33501066842595,96.43240761305364,33.6603686951225,49.12594350098959,113.71746180784628,131.0025160026389,47.306464112064056,87.33501066842595,120.99537936354844,48.21620380652682,49.12594350098959,111.89798241892075,83.69605189057486,121.90511905801121,73.68891525148439,83.69605189057486,78.23761372379825,83.69605189057486,150.10704958635708,97.34214730751641
B02010,99000000386,Synthetic Census Tract 99000000386,1.0,Total:,0.0,12.905990415120762,+/-14,8.296708124006205,0.0,0.0,0.0,0.0,0.0,0.0,0.0,0.0,0.0,0.0,0.0,0.0,0.0,0.0,0.0,0.0,0.0,0.0,0.0,0.0,0.0,0.0,0.0,0.0,0.0,0.0,0.0,0.0,0.0,0.0,0.0,0.0,0.0,0.0,0.0,0.0,0.0,0.0,0.0,0.0,0.0,0.0,0.0,0.0,0.0,0.0,0.0,0.0,0.0,0.0,0.0,0.0,0.0,0.0,0.0,0.0,0.0,0.0,0.0,0.0,0.0,0.0,0.0,0.0,0.0,0.0,0.0,0.0,0.0,0.0,0.0,0.0,0.0,0.0,0.0,0.0,0.0,0.0,0.0,0.0
B02010,99000000387,Synthetic Census Tract 99000000387,1.0,Total:,32.086894897738404,34.1570171492054,+/-33,20.70122251466994,28.981711520537914,21.736283640403435,34.1570171492054,32.086894897738404,15.525916886002454,50.71799516094135,36.22713940067239,26.91158926907092,22.771344766136934,24.841467017603925,24.841467017603925,27.94665039480442,41.40244502933988,41.40244502933988,20.70122251466994,28.981711520537914,32.086894897738404,34.1570171492054,33.1219560234719,34.1570171492054,18.631100263202946,15.525916886002454,33.1219560234719,22.771344766136934,27.94665039480442,36.22713940067239,55.89330078960884,30.016772646271413,33.1219560234719,35.19207827493889,40.36738390360638,30.016772646271413,34.1570171492054,25.876528143337424,36.22713940067239,42.43750615507337,15.525916886002454,48.64787290947436,51.75305628667485,41.40244502933988,41.40244502933988,28.981711520537914,37.26220052640589,35.19207827493889,13.45579463453546,60.033545292542826,35.19207827493889,25.876528143337424,26.91158926907092,22.771344766136934,18.631100263202946,24.841467017603925,50.71799516094135,46.57775065800736,23.80640589187043,39.33232277787288,37.26220052640589,37.26220052640589,32.086894897738404,32.086894897738404,20.70122251466994,11.385672383068467,31.05183377200491,20.70122251466994,22.771344766136934,36.22713940067239,60.033545292542826,23.80640589187043,32.086894897738404,37.26220052640589,34.1570171492054,32.086894897738404,24.841467017603925,39.33232277787288,32.086894897738404,37.26220052640589,22.771344766136934,43.47256728080687,45.54268953227387,43.47256728080687
B02010,99000000388,Synthetic Census Tract 99000000388,1.0,Total:,50.04727868459231,63.60174999500272,+/-61,38.57811065270657,39.62076229196891,55.260536880904006,67.77235655205209,41.70606557049359,21.895684424509135,56.303188520166344,33.36485245639487,40.66341393123125,42.74871720975593,63.60174999500272,61.51644671647804,64.64440163426507,44.83402048828061,55.260536880904006,40.66341393123125,62.55909835574038,56.303188520166344,18.767729506722116,20.853032785246796,40.66341393123125,17.725077867459774,52.132581963116984,37.53545901344423,17.725077867459774,52.132581963116984,40.66341393123125,52.132581963116984,15.639774588935095,83.41213114098719,65.6870532735274,69.85765983057676,63.60174999500272,15.639774588935095,53.17523360237933,52.132581963116984,92.79599589434824,21.895684424509135,56.303188520166344,65.6870532735274,18.767729506722116,51.089930323854645,17.725077867459774,18.767729506722116,49.00462704532997,76.1135696661508,16.682426228197436,68.81500819131442,43.79136884901827,44.83402048828061,59.43114343795337,66.72970491278974,58.38849179869102,47.96197540606763,16.682426228197436,88.62538933729887,56.303188520166344,41.70606557049359,71.94296310910144,61.51644671647804,41.70606557049359,72.98561474836379,64.64440163426507,42.74871720975593,59.43114343795337,57.34584015942868,49.00462704532997,41.70606557049359,64.64440163426507,28.151594260083172,18.767729506722116,17.725077867459774,14.597122949672755,62.55909835574038,52.132581963116984,44.83402048828061,37.53545901344423,57.34584015942868,70.9003114698391,60.473795077215705,71.94296310910144
B02010,99000000389,Synthetic Census Tract 99000000389,1.0,Total:,0.0,14.766417911704556,+/-14,9.49269722895293,0.0,0.0,0.0,0.0,0.0,0.0,0.0,0.0,0.0,0.0,0.0,0.0,0.0,0.0,0.0,0.0,0.0,0.0,0.0,0.0,0.0,0.0,0.0,0.0,0.0,0.0,0.0,0.0,0.0,0.0,0.0,0.0,0.0,0.0,0.0,0.0,0.0,0.0,0.0,0.0,0.0,0.0,0.0,0.0,0.0,0.0,0.0,0.0,0.0,0.0,0.0,0.0,0.0,0.0,0.0,0.0,0.0,0.0,0.0,0.0,0.0,0.0,0.0,0.0,0.0,0.0,0.0,0.0,0.0,0.0,0.0,0.0,0.0,0.0,0.0,0.0,0.0,0.0,0.0,0.0
B02010,99000000390,Synthetic Census Tract 99000000390,1.0,Total:,54.72765679016776,51.50838286133436,+/-48,31.119647978722842,87.99348738811287,36.48510452677851,66.53166119589022,105.16294834189098,57.94693071900116,62.239295957445684,39.7043784556119,43.996743694056434,71.89711774394588,59.02002202861229,74.04330036316814,55.80074809977889,66.53166119589022,64.38547857666795,54.72765679016776,52.58147417094549,39.7043784556119,61.166204647834554,46.1429263132787,79.4087569112238,37.558195836389636,59.02002202861229,16.096369644166987,34.33892190755624,48.289108932500966,49.362200242112095,70.82402643433474,56.87383940939002,39.7043784556119,39.7043784556119,56.87383940939002,47.21601762288983,26.827282740278314,46.1429263132787,50.43529155172323,59.02002202861229,64.38547857666795,42.923652384445305,49.362200242112095,47.21601762288983,40.77746976522304,60.09311333822342,49.362200242112095,35.41201321716737,51.50838286133436,62.239295957445684,66.53166119589022,82.6280308400572,34.33892190755624,61.166204647834554,41.85056107483417,57.94693071900116,50.43529155172323,45.06983500366756,45.06983500366756,45.06983500366756,64.38547857666795,53.65456548055663,53.65456548055663,22.53491750183378,65.45856988627908,35.41201321716737,91.21276131694627,72.97020905355701,55.80074809977889,46.1429263132787,28.97346535950058,50.43529155172323,66.53166119589022,81.55493953044608,52.58147417094549,56.87383940939002,72.97020905355701,71.89711774394588,56.87383940939002,45.06983500366756,23.608008811444915,61.166204647834554,52.58147417094549,45.06983500366756
B02010,99000000391,Synthetic Census Tract 99000000391,1.0,Total:,57.63374615324161,58.68163244693691,+/-56,35.62813398564027,51.34642839106979,66.01683650280403,67.06472279649932,97.45342531366308,53.4422009784604,64.96895020910873,59.72951874063221,24.101384754991944,82.78301720192886,66.01683650280403,19.909839580210736,61.825291328022814,54.490087272155705,49.250655803679194,44.011224335202684,77.54358573345235,67.06472279649932,73.35204055867113,85.92667608301475,37.723906573030874,64.96895020910873,45.05911062889798,85.92667608301475,52.3943146847651,63.92106391541342,78.59147202714765,86.97456237671007,47.15488321628859,46.10699692259328,38.77179286672617,46.10699692259328,89.07033496410067,51.34642839106979,64.96895020910873,49.250655803679194,45.05911062889798,70.20838167758524,48.20276950998389,60.777405034327515,62.87317762171811,66.01683650280403,59.72951874063221,51.34642839106979,31.436588810859057,89.07033496410067,47.15488321628859,62.87317762171811,79.63935832084294,44.011224335202684,52.3943146847651,90.11822125779597,77.54358573345235,56.585859859546304,63.92106391541342,82.78301720192886,42.96333804150738,40.86756545411678,29.340816223468455,46.10699692259328,92.21399384518656,55.537973565851004,106.8844019569208,32.48447510455436,61.825291328022814,62.87317762171811,30.388702517163757,40.86756545411678,59.72951874063221,69.16049538388992,57.63374615324161,67.06472279649932,44.011224335202684,94.30976643257718,53.4422009784604,57.63374615324161,72.30415426497584,58.68163244693691,55.537973565851004,66.01683650280403,55.537973565851004
B02010,99000000392,Synthetic Census Tract 99000000392,1.0,Total:,243.84009323690512,164.32701935530562,+/-155,99.6563859316047,166.4473679921483,150.54475321582837,256.562185057961,292.60811188428613,163.2668450368843,295.7886348395501,216.27556095795063,206.73399209215867,224.75695550532123,195.0720745895241,311.69124961587,296.84880915797146,184.47033140531082,289.42758892902214,254.44183642111838,210.974689365844,253.38166210269705,251.2613134658544,236.41887300795582,243.84009323690512,242.7799189184838,315.9319468895553,247.0206161921691,219.4560839132146,272.46479983428094,251.2613134658544,262.923230968489,172.80841390267622,144.1837073053004,150.54475321582837,200.37294618163074,319.1124698448193,214.15521232110797,234.2985243711132,169.62789094741225,235.3586986895345,261.8630566500677,243.84009323690512,279.8860200632302,119.79969798160991,164.32701935530562,161.14649640004166,280.94619438165154,279.8860200632302,155.845624807935,314.871772571134,248.08079051059042,218.39590959479327,289.42758892902214,217.33573527637196,247.0206161921691,258.6825336948037,171.74823958425492,295.7886348395501,240.65957028164112,210.974689365844,260.80288233164634,257.62235937638235,268.2241025605956,247.0206161921691,225.81712982374256,256.562185057961,260.80288233164634,175.98893685794022,242.7799189184838,258.6825336948037,309.5709009790274,189.77120299741745,195.0720745895241,174.92876253951889,174.92876253951889,260.80288233164634,206.73399209215867,197.19242322636674,164.32701935530562,252.32148778427572,296.84880915797146,249.14096482901175,255.5020107395397,136.76248707635114
B02010,99000000393,Synthetic Census Tract 99000000393,1.0,Total:,38.21129516251555,62.77569919556125,+/-69,38.21129516251555,28.203575000904333,61.8659064535966,31.842745968762955,35.48191693662158,40.03088064644486,11.827305645540527,40.940673388409515,43.67005161430348,65.50507742145523,11.827305645540527,49.128808066091416,74.60300484110178,37.30150242055089,34.57212419465692,17.28606209732846,10.91751290357587,63.68549193752591,42.760258872338824,35.48191693662158,11.827305645540527,44.57984435626814,80.97155403485438,36.39170967858624,38.21129516251555,45.48963709823279,13.646891129469838,42.760258872338824,49.128808066091416,70.0540411312785,16.376269355363807,90.97927419646558,52.76797903395004,32.75253871072761,34.57212419465692,11.827305645540527,15.46647661339915,56.40715000180867,43.67005161430348,36.39170967858624,53.6777717759147,30.9329532267983,14.556683871434494,30.9329532267983,57.31694274377332,46.39942984019745,61.8659064535966,48.21901532412676,32.75253871072761,15.46647661339915,68.2344556473492,11.827305645540527,16.376269355363807,40.940673388409515,40.03088064644486,58.226735485737976,62.77569919556125,13.646891129469838,39.121087904480206,48.21901532412676,64.59528467949056,35.48191693662158,11.827305645540527,53.6777717759147,26.38398951697502,42.760258872338824,60.046320969667285,29.113367742868988,38.21129516251555,13.646891129469838,60.95611371163194,12.737098387505181,18.19585483929312,42.760258872338824,36.39170967858624,69.14424838931384,49.128808066091416,11.827305645540527,37.30150242055089,39.121087904480206,12.737098387505181
B02010,99000000394,Synthetic Census Tract 99000000394,1.0,Total:,1.8938140601765194,3.787628120353039,+/-4,2.840721090264779,2.840721090264779,2.840721090264779,0.0,0.9469070300882597,2.840721090264779,1.8938140601765194,2.840721090264779,0.0,2.840721090264779,0.0,2.840721090264779,2.840721090264779,2.840721090264779,2.840721090264779,2.840721090264779,0.9469070300882597,2.840721090264779,2.840721090264779,2.840721090264779,2.840721090264779,2.840721090264779,2.840721090264779,2.840721090264779,3.787628120353039,2.840721090264779,2.840721090264779,2.840721090264779,2.840721090264779,0.0,3.787628120353039,2.840721090264779,0.0,0.0,0.0,2.840721090264779,2.840721090264779,0.0,1.8938140601765194,3.787628120353039,2.840721090264779,2.840721090264779,2.840721090264779,2.840721090264779,3.787628120353039,2.840721090264779,2.840721090264779,2.840721090264779,2.840721090264779,0.0,2.840721090264779,2.840721090264779,0.0,0.0,0.0,2.840721090264779,2.840721090264779,0.0,2.840721090264779,2.840721090264779,2.840721090264779,2.840721090264779,2.840721090264779,0.0,0.0,2.840721090264779,2.840721090264779,2.840721090264779,0.0,3.787628120353039,0.9469070300882597,1.8938140601765194,2.840721090264779,2.840721090264779,2.840721090264779,2.840721090264779,0.0,2.840721090264779,3.787628120353039,2.840721090264779,2.840721090264779
B02010,99000000395,Synthetic Census Tract 99000000395,1.0,Total:,2.0487591093500983,5.121897773375245,+/-5,3.0731386640251475,1.0243795546750492,1.0243795546750492,1.0243795546750492,2.0487591093500983,3.0731386640251475,2.0487591093500983,3.0731386640251475,5.121897773375245,5.121897773375245,1.0243795546750492,1.0243795546750492,0.0,2.0487591093500983,4.097518218700197,2.0487591093500983,2.0487591093500983,4.097518218700197,6.146277328050295,4.097518218700197,6.146277328050295,1.0243795546750492,1.0243795546750492,3.0731386640251475,3.0731386640251475,1.0243795546750492,2.0487591093500983,3.0731386640251475,1.0243795546750492,0.0,0.0,6.146277328050295,1.0243795546750492,3.0731386640251475,2.0487591093500983,1.0243795546750492,5.121897773375245,3.0731386640251475,1.0243795546750492,1.0243795546750492,4.097518218700197,2.0487591093500983,4.097518218700197,1.0243795546750492,2.0487591093500983,1.0243795546750492,1.0243795546750492,2.0487591093500983,0.0,1.0243795546750492,3.0731386640251475,4.097518218700197,6.146277328050295,1.0243795546750492,1.0243795546750492,3.0731386640251475,1.0243795546750492,1.0243795546750492,1.0243795546750492,1.0243795546750492,0.0,3.0731386640251475,1.0243795546750492,0.0,1.0243795546750492,2.0487591093500983,2.0487591093500983,2.0487591093500983,2.0487591093500983,1.0243795546750492,1.0243795546750492,0.0,1.0243795546750492,4.097518218700197,2.0487591093500983,2.0487591093500983,2.0487591093500983,3.0731386640251475,4.097518218700197,4.097518218700197,0.0
B02010,99000000396,Synthetic Census Tract 99000000396,1.0,Total:,0.0,15.002750852949506,+/-14,9.644625548324683,0.0,0.0,0.0,0.0,0.0,0.0,0.0,0.0,0.0,0.0,0.0,0.0,0.0,0.0,0.0,0.0,0.0,0.0,0.0,0.0,0.0,0.0,0.0,0.0,0.0,0.0,0.0,0.0,0.0,0.0,0.0,0.0,0.0,0.0,0.0,0.0,0.0,0.0,0.0,0.0,0.0,0.0,0.0,0.0,0.0,0.0,0.0,0.0,0.0,0.0,0.0,0.0,0.0,0.0,0.0,0.0,0.0,0.0,0.0,0.0,0.0,0.0,0.0,0.0,0.0,0.0,0.0,0.0,0.0,0.0,0.0,0.0,0.0,0.0,0.0,0.0,0.0,0.0,0.0,0.0
B02010,99000000397,Synthetic Census Tract 99000000397,1.0,Total:,92.79270257375698,81.08100224891386,+/-90,49.54950137433625,99.99990277366044,114.41430317346735,89.18910247380525,130.63050362325012,88.28820244881733,64.8648017991311,118.91880329840701,109.90980304852769,59.45940164920351,87.3873024238294,67.56750187409489,56.756701574239706,92.79270257375698,87.3873024238294,110.81070307351563,99.0990027486725,84.6846023488656,109.90980304852769,73.87380204901041,136.03590377317772,53.15310147428798,91.89180254876905,81.08100224891386,89.18910247380525,98.19810272368457,114.41430317346735,109.00890302353976,77.47740214896214,149.54940414799668,91.89180254876905,53.15310147428798,120.72060334838287,109.00890302353976,124.3242034483346,130.63050362325012,94.59450262373285,49.54950137433625,82.88280229888973,70.27020194905869,58.55850162421557,127.02690352329839,100.90080279864837,87.3873024238294,107.20710297356389,90.09000249879318,52.252201449300046,98.19810272368457,118.91880329840701,44.144101224408665,118.01790327341908,115.31520319845528,74.77470207399834,86.48640239884146,66.66660184910695,75.67560209898627,97.29720269869664,109.90980304852769,97.29720269869664,97.29720269869664,143.24310397308116,81.08100224891386,90.99090252378112,104.50440289860009,50.450401399324186,126.12600349831047,109.00890302353976,37.83780104949314,72.07200199903455,109.90980304852769,121.6215033733708,112.61250312349148,114.41430317346735,79.27920219893801,119.81970332339493,58.55850162421557,88.28820244881733,105.40530292358802,70.27020194905869,101.8017028236363,64.8648017991311
B02010,99000000398,Synthetic Census Tract 99000000398,1.0,Total:,0.0,14.04096215792578,+/-14,9.02633281580943,0.0,0.0,0.0,0.0,0.0,0.0,0.0,0.0,0.0,0.0,0.0,0.0,0.0,0.0,0.0,0.0,0.0,0.0,0.0,0.0,0.0,0.0,0.0,0.0,0.0,0.0,0.0,0.0,0.0,0.0,0.0,0.0,0.0,0.0,0.0,0.0,0.0,0.0,0.0,0.0,0.0,0.0,0.0,0.0,0.0,0.0,0.0,0.0,0.0,0.0,0.0,0.0,0.0,0.0,0.0,0.0,0.0,0.0,0.0,0.0,0.0,0.0,0.0,0.0,0.0,0.0,0.0,0.0,0.0,0.0,0.0,0.0,0.0,0.0,0.0,0.0,0.0,0.0,0.0,0.0
B02010,99000000399,Synthetic Census Tract 99000000399,1.0,Total:,6.2127448792372775,12.425489758474555,+/-12,7.248202359110157,7.248202359110157,4.141829919491518,7.248202359110157,12.425489758474555,3.1063724396186387,2.070914959745759,9.319117318855916,7.248202359110157,2.070914959745759,11.390032278601675,17.60277715783895,9.319117318855916,5.177287399364397,3.1063724396186387,7.248202359110157,5.177287399364397,7.248202359110157,5.177287399364397,2.070914959745759,5.177287399364397,5.177287399364397,6.2127448792372775,13.460947238347433,12.425489758474555,3.1063724396186387,2.070914959745759,10.354574798728795,4.141829919491518,3.1063724396186387,17.60277715783895,6.2127448792372775,6.2127448792372775,6.2127448792372775,2.070914959745759,7.248202359110157,8.283659838983036,9.319117318855916,6.2127448792372775,2.070914959745759,7.248202359110157,5.177287399364397,8.283659838983036,1.0354574798728795,1.0354574798728795,11.390032278601675,10.354574798728795,2.070914959745759,6.2127448792372775,12.425489758474555,2.070914959745759,2.070914959745759,8.283659838983036,7.248202359110157,11.390032278601675,7.248202359110157,8.283659838983036,6.2127448792372775,8.283659838983036,12.425489758474555,6.2127448792372775,11.390032278601675,6.2127448792372775,2.070914959745759,2.070914959745759,10.354574798728795,16.567319677966072,2.070914959745759,5.177287399364397,8.283659838983036,1.0354574798728795,3.1063724396186387,8.283659838983036,6.2127448792372775,9.319117318855916,9.319117318855916,5.177287399364397,5.177287399364397,7.248202359110157,11.390032278601675,6.2127448792372775
B02010,99000000400,Synthetic Census Tract 99000000400,1.0,Total:,9.059214578257226,16.30658624086301,+/-18,9.96513603608295,9.059214578257226,3.6236858313028906,14.494743325211562,9.059214578257226,9.96513603608295,3.6236858313028906,8.153293120431504,3.6236858313028906,2.717764373477168,15.400664783037286,13.588821867385839,6.341450204780059,12.682900409560117,11.776978951734394,9.059214578257226,2.717764373477168,12.682900409560117,11.776978951734394,6.341450204780059,12.682900409560117,7.247371662605781,3.6236858313028906,16.30658624086301,12.682900409560117,9.96513603608295,2.717764373477168,9.96513603608295,2.717764373477168,3.6236858313028906,18.118429156514452,23.55395790346879,11.776978951734394,7.247371662605781,7.247371662605781,9.059214578257226,3.6236858313028906,16.30658624086301,13.588821867385839,7.247371662605781,2.717764373477168,8.153293120431504,14.494743325211562,2.717764373477168,11.776978951734394,13.588821867385839,10.871057493908673,9.059214578257226,11.776978951734394,19.9302720721659,2.717764373477168,3.6236858313028906,14.494743325211562,8.153293120431504,9.059214578257226,9.96513603608295,14.494743325211562,2.717764373477168,6.341450204780059,16.30658624086301,5.435528746954336,7.247371662605781,14.494743325211562,3.6236858313028906,7.247371662605781,9.059214578257226,17.21250769868873,12.682900409560117,16.30658624086301,13.588821867385839,2.717764373477168,2.717764373477168,8.153293120431504,14.494743325211562,12.682900409560117,6.341450204780059,15.400664783037286,3.6236858313028906,7.247371662605781,8.153293120431504,11.776978951734394
B02010,99000000401,Synthetic Census Tract 99000000401,1.0,Total:,0.0,13.723795561149487,+/-14,8.8224400035961,0.0,0.0,0.0,0.0,0.0,0.0,0.0,0.0,0.0,0.0,0.0,0.0,0.0,0.0,0.0,0.0,0.0,0.0,0.0,0.0,0.0,0.0,0.0,0.0,0.0,0.0,0.0,0.0,0.0,0.0,0.0,0.0,0.0,0.0,0.0,0.0,0.0,0.0,0.0,0.0,0.0,0.0,0.0,0.0,0.0,0.0,0.0,0.0,0.0,0.0,0.0,0.0,0.0,0.0,0.0,0.0,0.0,0.0,0.0,0.0,0.0,0.0,0.0,0.0,0.0,0.0,0.0,0.0,0.0,0.0,0.0,0.0,0.0,0.0,0.0,0.0,0.0,0.0,0.0,0.0
B02010,99000000402,Synthetic Census Tract 99000000402,1.0,Total:,0.0,15.107777667874352,+/-14,9.712142786490656,0.0,0.0,0.0,0.0,0.0,0.0,0.0,0.0,0.0,0.0,0.0,0.0,0.0,0.0,0.0,0.0,0.0,0.0,0.0,0.0,0.0,0.0,0.0,0.0,0.0,0.0,0.0,0.0,0.0,0.0,0.0,0.0,0.0,0.0,0.0,0.0,0.0,0.0,0.0,0.0,0.0,0.0,0.0,0.0,0.0,0.0,0.0,0.0,0.0,0.0,0.0,0.0,0.0,0.0,0.0,0.0,0.0,0.0,0.0,0.0,0.0,0.0,0.0,0.0,0.0,0.0,0.0,0.0,0.0,0.0,0.0,0.0,0.0,0.0,0.0,0.0,0.0,0.0,0.0,0.0
B02010,99000000403,Synthetic Census Tract 99000000403,1.0,Total:,207.8988349160055,182.04077087172624,+/-176,110.67251410951538,201.69289954537848,153.07973914213343,235.82554408382717,143.77083608619287,87.9174177505496,304.0908331607245,320.6399941490632,165.49160988338747,193.41831905120912,247.20309226331005,166.52593244515865,171.6975452540145,204.795867230692,229.61960871320014,229.61960871320014,214.10477028663254,223.4136733425731,259.6149630045641,264.78657581342,219.27638309548843,184.10941599526856,288.57599473415695,185.14373855703974,233.75689896028481,311.3310910931227,89.98606287409194,74.47122444752436,226.5166410278866,261.68360812810647,205.8301897924632,264.78657581342,255.47767275747944,200.65857698360733,217.20773797194607,200.65857698360733,169.62890013047218,198.58993186006498,143.77083608619287,137.56490071556584,212.03612516309022,264.78657581342,262.7179306898776,168.594577568701,152.04541658036226,224.44799590434428,222.37935078080193,185.14373855703974,146.8738037715064,231.6882538367425,322.7086392726056,186.17806111881092,149.9767714568199,231.6882538367425,204.795867230692,267.8895434987335,239.96283433091185,209.96748003954787,132.39328790671,153.07973914213343,196.52128673652263,94.12335312117663,141.70219096265052,267.8895434987335,292.7132849812416,174.80051293932803,222.37935078080193,206.86451235423436,217.20773797194607,207.8988349160055,93.08903055940546,233.75689896028481,229.61960871320014,200.65857698360733,220.31070565725958,91.02038543586312,201.69289954537848,244.10012457799652,280.30141423998754,270.992511184047,202.72722210714966
B02010,99000000404,Synthetic Census Tract 99000000404,1.0,Total:,28.425950180163582,36.00620356154054,+/-38,21.793228471458747,18.95063345344239,7.580253381376956,23.688291816802987,16.10803843542603,41.69139359757325,25.583355162147225,27.478418507491465,10.422848399393313,34.111140216196304,44.533988615589614,26.530886834819345,46.429051960933855,41.69139359757325,24.635823489475108,36.95373523421266,27.478418507491465,32.21607687085206,25.583355162147225,43.58645694291749,31.268545198179943,11.370380072065434,10.422848399393313,21.793228471458747,15.160506762753911,49.271646978950216,18.00310178077027,45.481520288261734,10.422848399393313,34.111140216196304,33.163608543524184,31.268545198179943,46.429051960933855,24.635823489475108,28.425950180163582,38.8487985795569,18.95063345344239,34.111140216196304,31.268545198179943,44.533988615589614,36.00620356154054,14.212975090081791,11.370380072065434,26.530886834819345,18.00310178077027,36.95373523421266,25.583355162147225,31.268545198179943,9.475316726721195,37.90126690688478,31.268545198179943,28.425950180163582,36.95373523421266,26.530886834819345,33.163608543524184,47.376583633605975,20.845696798786626,35.05867188886842,26.530886834819345,36.95373523421266,28.425950180163582,21.793228471458747,8.527785054049076,18.95063345344239,16.10803843542603,36.00620356154054,23.688291816802987,26.530886834819345,8.527785054049076,34.111140216196304,47.376583633605975,41.69139359757325,43.58645694291749,32.21607687085206,26.530886834819345,37.90126690688478,20.845696798786626,32.21607687085206,34.111140216196304,43.58645694291749,33.163608543524184
B02010,99000000405,Synthetic Census Tract 99000000405,1.0,Total:,92.0678354296689,132.74897201487144,+/-124,80.2917169444787,103.84395391485911,126.32563465931314,167.00677124451568,103.84395391485911,43.89280526298168,175.57122105192673,32.11668677779148,123.113965981534,66.37448600743572,125.25507843338676,81.36227317040508,88.85616675188975,70.65671091114125,134.8900844667242,51.386698844466366,103.84395391485911,86.71505430003698,37.469467907423386,44.96336148890807,71.72726713706763,38.540024133349775,97.42061655930081,88.85616675188975,33.18724300371786,90.99727920374252,77.08004826669955,96.35006033337443,37.469467907423386,122.04340975560761,163.79510256673652,122.04340975560761,145.59564672598802,66.37448600743572,95.27950410744805,80.2917169444787,134.8900844667242,53.52781129631913,118.83174107782847,95.27950410744805,28.905018100012327,89.92672297781614,35.32835545557062,47.10447394076083,110.2672912704174,184.1356708593378,50.31614261853998,143.45453427413526,143.45453427413526,71.72726713706763,107.05562259263826,72.79782336299401,88.85616675188975,78.15060449262593,37.469467907423386,168.07732747044207,85.6444980741106,84.57394184818422,141.3134218222825,138.10175314450336,104.9145101407855,130.60785956301868,114.54951617412293,80.2917169444787,153.0895403074727,100.63228523707996,70.65671091114125,103.84395391485911,125.25507843338676,42.8222490370553,38.540024133349775,37.469467907423386,38.540024133349775,145.59564672598802,93.13839165559529,80.2917169444787,31.046130551865094,176.64177727785312,117.76118485190209,87.78561052596336,99.56172901115357
B02010,99000000406,Synthetic Census Tract 99000000406,1.0,Total:,16.48330683959235,23.27055083236567,+/-24,14.544094270228543,20.361731978319963,11.635275416182836,28.118582255775184,11.635275416182836,16.48330683959235,27.148975971093282,24.240157117047573,26.179369686411377,12.604881700864738,15.513700554910447,15.513700554910447,18.422519408956155,19.392125693638057,10.665669131500932,13.574487985546641,12.604881700864738,9.696062846819029,21.331338263001864,24.240157117047573,9.696062846819029,18.422519408956155,26.179369686411377,9.696062846819029,20.361731978319963,15.513700554910447,13.574487985546641,14.544094270228543,15.513700554910447,12.604881700864738,24.240157117047573,19.392125693638057,14.544094270228543,11.635275416182836,23.27055083236567,20.361731978319963,17.452913124274254,36.84503881791231,17.452913124274254,12.604881700864738,23.27055083236567,15.513700554910447,29.088188540457086,10.665669131500932,12.604881700864738,19.392125693638057,7.756850277455223,22.300944547683766,21.331338263001864,4.848031423409514,11.635275416182836,17.452913124274254,19.392125693638057,10.665669131500932,28.118582255775184,33.9362199638666,26.179369686411377,20.361731978319963,5.817637708091418,21.331338263001864,11.635275416182836,12.604881700864738,6.787243992773321,20.361731978319963,20.361731978319963,13.574487985546641,25.209763401729475,19.392125693638057,14.544094270228543,36.84503881791231,23.27055083236567,19.392125693638057,15.513700554910447,31.027401109820893,10.665669131500932,10.665669131500932,6.787243992773321,12.604881700864738,29.088188540457086,10.665669131500932,22.300944547683766
B02010,99000000407,Synthetic Census Tract 99000000407,1.0,Total:,67.45214285641516,83.51217686984734,+/-78,50.321439908754165,58.88679138258466,53.533446711440604,74.94682539601685,96.36020408059308,22.484047618805054,44.96809523761011,140.25763038397437,79.22950113293209,47.109433106067726,112.42023809402527,71.7348185933304,79.22950113293209,82.44150793561853,58.88679138258466,92.07752834367784,110.27890022556764,62.0987981852711,61.02812925104229,41.75608843492367,89.93619047522022,41.75608843492367,79.22950113293209,42.82675736915248,43.897426303381295,88.8655215409914,84.58284580407616,47.109433106067726,61.02812925104229,98.5015419490507,47.109433106067726,41.75608843492367,53.533446711440604,50.321439908754165,108.13756235711001,112.42023809402527,73.87615646178803,55.67478457989823,71.7348185933304,101.71354875173715,86.72418367253377,72.80548752755922,62.0987981852711,88.8655215409914,102.78421768596596,37.473412698008424,43.897426303381295,88.8655215409914,78.15883219870328,56.745453514127036,80.3001700671609,89.93619047522022,59.957460316813474,91.00685940944902,56.745453514127036,63.16946711949991,110.27890022556764,77.08816326447447,56.745453514127036,40.685419500694856,139.18696144974555,89.93619047522022,55.67478457989823,37.473412698008424,54.60411564566942,86.72418367253377,80.3001700671609,47.109433106067726,62.0987981852711,77.08816326447447,50.321439908754165,39.61475056646604,38.54408163223724,57.81612244835585,133.8336167786015,77.08816326447447,73.87615646178803,59.957460316813474,72.80548752755922,107.06689342288121,68.52281179064397
B02010,99000000408,Synthetic Census Tract 99000000408,1.0,Total:,11.517464762685375,14.396830953356718,+/-15,8.63809857201403,19.195774604475623,11.517464762685375,12.477253492909156,18.235985874251842,8.63809857201403,8.63809857201403,14.396830953356718,13.437042223132936,11.517464762685375,23.03492952537075,12.477253492909156,14.396830953356718,13.437042223132936,9.597887302237812,12.477253492909156,8.63809857201403,10.557676032461593,9.597887302237812,8.63809857201403,12.477253492909156,2.8793661906713437,4.798943651118906,8.63809857201403,18.235985874251842,15.3566196835805,9.597887302237812,6.718521111566468,10.557676032461593,8.63809857201403,8.63809857201403,14.396830953356718,17.27619714402806,20.155563334699405,11.517464762685375,10.557676032461593,11.517464762685375,10.557676032461593,16.31640841380428,7.67830984179025,14.396830953356718,8.63809857201403,12.477253492909156,7.67830984179025,10.557676032461593,15.3566196835805,18.235985874251842,9.597887302237812,10.557676032461593,14.396830953356718,4.798943651118906,7.67830984179025,11.517464762685375,11.517464762685375,15.3566196835805,9.597887302237812,14.396830953356718,12.477253492909156,13.437042223132936,17.27619714402806,3.839154920895125,20.155563334699405,18.235985874251842,17.27619714402806,6.718521111566468,6.718521111566468,11.517464762685375,12.477253492909156,15.3566196835805,17.27619714402806,23.03492952537075,9.597887302237812,4.798943651118906,2.8793661906713437,7.67830984179025,11.517464762685375,12.477253492909156,10.557676032461593,8.63809857201403,13.437042223132936,9.597887302237812
B02010,99000000409,Synthetic Census Tract 99000000409,1.0,Total:,126.2399422219021,96.71608476677983,+/-95,59.04771491024453,102.82446906783962,79.40899591377712,87.55350831519016,110.96898146925265,109.95091741907602,110.96898146925265,115.04123766995917,100.78834096748635,113.0051095696059,143.5470310749048,140.49283892437492,84.49931616466027,87.55350831519016,95.6980207166032,120.13155792084231,82.46318806430702,133.36639057313852,151.69154347631783,110.96898146925265,137.43864677384502,106.89672526854613,106.89672526854613,114.02317361978254,168.99863232932054,98.7522128671331,157.79992777737763,125.22187817172546,144.56509512508143,127.25800627207873,162.89024802826077,155.76379967702437,130.31219842260862,164.92637612861404,146.6012232254347,161.87218397808414,130.31219842260862,108.93285336889939,160.8541199279075,79.40899591377712,52.93933060918475,107.91478931872277,113.0051095696059,69.22835541201083,100.78834096748635,76.35480376324723,132.34832652296188,90.60770046572006,119.11349387066569,174.0889525802037,117.07736577031243,123.18575007137221,96.71608476677983,89.58963641554342,106.89672526854613,145.58315917525806,106.89672526854613,91.62576451589669,122.16768602119558,92.64382856607331,154.74573562684773,142.52896702472816,123.18575007137221,141.51090297455156,165.94444017879067,146.6012232254347,143.5470310749048,102.82446906783962,165.94444017879067,131.33026247278525,136.4205827236684,167.9805682791439,122.16768602119558,89.58963641554342,141.51090297455156,108.93285336889939,103.84253311801623,205.64893813567923,176.12508068055695,130.31219842260862,95.6980207166032
B02010,99000000410,Synthetic Census Tract 99000000410,1.0,Total:,7.835104108396535,14.690820203243502,+/-15,8.8144921219461,16.649596230342635,2.9381640406487004,6.855716094846968,5.876328081297401,9.793880135495668,2.9381640406487004,19.587760270991335,11.752656162594802,10.773268149045235,9.793880135495668,2.9381640406487004,1.9587760270991337,10.773268149045235,7.835104108396535,6.855716094846968,7.835104108396535,12.732044176144369,6.855716094846968,14.690820203243502,3.9175520541982674,5.876328081297401,4.896940067747834,7.835104108396535,6.855716094846968,9.793880135495668,3.9175520541982674,13.711432189693936,12.732044176144369,6.855716094846968,6.855716094846968,2.9381640406487004,3.9175520541982674,12.732044176144369,9.793880135495668,10.773268149045235,8.8144921219461,11.752656162594802,11.752656162594802,7.835104108396535,10.773268149045235,7.835104108396535,11.752656162594802,8.8144921219461,8.8144921219461,3.9175520541982674,11.752656162594802,1.9587760270991337,1.9587760270991337,5.876328081297401,5.876328081297401,17.6289842438922,15.67020821679307,3.9175520541982674,8.8144921219461,10.773268149045235,10.773268149045235,2.9381640406487004,10.773268149045235,4.896940067747834,17.6289842438922,9.793880135495668,14.690820203243502,13.711432189693936,9.793880135495668,2.9381640406487004,12.732044176144369,1.9587760270991337,2.9381640406487004,7.835104108396535,8.8144921219461,13.711432189693936,18.60837225744177,1.9587760270991337,5.876328081297401,10.773268149045235,8.8144921219461,3.9175520541982674,6.855716094846968,9.793880135495668,2.9381640406487004
B02010,99000000411,Synthetic Census Tract 99000000411,1.0,Total:,0.0,13.369510142114187,+/-14,8.594685091359121,0.0,0.0,0.0,0.0,0.0,0.0,0.0,0.0,0.0,0.0,0.0,0.0,0.0,0.0,0.0,0.0,0.0,0.0,0.0,0.0,0.0,0.0,0.0,0.0,0.0,0.0,0.0,0.0,0.0,0.0,0.0,0.0,0.0,0.0,0.0,0.0,0.0,0.0,0.0,0.0,0.0,0.0,0.0,0.0,0.0,0.0,0.0,0.0,0.0,0.0,0.0,0.0,0.0,0.0,0.0,0.0,0.0,0.0,0.0,0.0,0.0,0.0,0.0,0.0,0.0,0.0,0.0,0.0,0.0,0.0,0.0,0.0,0.0,0.0,0.0,0.0,0.0,0.0,0.0,0.0
B02010,99000000412,Synthetic Census Tract 99000000412,1.0,Total:,75.41180587040617,88.33954401961867,+/-82,53.8655756217187,62.48406772119369,137.89587359159987,25.855476298424975,70.02524830823431,123.890823929953,94.80341309422491,106.65383973100302,90.49416704448741,87.2622325071843,119.5815778802155,77.56642889527492,61.40675620875932,77.56642889527492,74.3344943579718,23.700853273556227,28.010099323293723,49.5563295719812,33.39665688546559,76.48911738284055,99.1126591439624,74.3344943579718,33.39665688546559,84.03029796988116,72.17987133310305,52.78826410928433,43.09246049737496,80.79836343257804,104.49921670613428,91.57147855692179,84.03029796988116,35.551279910334344,98.03534763152803,40.93783747250621,65.71600225849681,72.17987133310305,59.252133183890564,73.25718284553743,78.6437404077093,80.79836343257804,85.10760948231554,75.41180587040617,76.48911738284055,38.78321444763746,100.18997065639678,72.17987133310305,70.02524830823431,98.03534763152803,96.95803611909366,80.79836343257804,106.65383973100302,80.79836343257804,77.56642889527492,57.09751015902182,85.10760948231554,34.47396839789997,30.16472234816247,24.7781647859906,34.47396839789997,107.7311512434374,131.43200451699363,101.26728216883114,45.247083522243706,67.87062528336556,65.71600225849681,65.71600225849681,33.39665688546559,72.17987133310305,123.890823929953,108.80846275587177,95.88072460665929,34.47396839789997,95.88072460665929,32.31934537303122,64.63869074606244,82.9529864574468,61.40675620875932,80.79836343257804,66.79331377093118,63.56137923362806,80.79836343257804
B02010,99000000413,Synthetic Census Tract 99000000413,1.0,Total:,0.0,13.125262309430576,+/-14,8.437668627491085,0.0,0.0,0.0,0.0,0.0,0.0,0.0,0.0,0.0,0.0,0.0,0.0,0.0,0.0,0.0,0.0,0.0,0.0,0.0,0.0,0.0,0.0,0.0,0.0,0.0,0.0,0.0,0.0,0.0,0.0,0.0,0.0,0.0,0.0,0.0,0.0,0.0,0.0,0.0,0.0,0.0,0.0,0.0,0.0,0.0,0.0,0.0,0.0,0.0,0.0,0.0,0.0,0.0,0.0,0.0,0.0,0.0,0.0,0.0,0.0,0.0,0.0,0.0,0.0,0.0,0.0,0.0,0.0,0.0,0.0,0.0,0.0,0.0,0.0,0.0,0.0,0.0,0.0,0.0,0.0
B02010,99000000414,Synthetic Census Tract 99000000414,1.0,Total:,5.501773909482916,9.169623182471527,+/-10,5.501773909482916,6.418736227730069,4.584811591235764,2.750886954741458,5.501773909482916,9.169623182471527,4.584811591235764,5.501773909482916,2.750886954741458,4.584811591235764,12.837472455460137,8.252660864224374,7.3356985459772215,8.252660864224374,6.418736227730069,6.418736227730069,3.6678492729886107,4.584811591235764,5.501773909482916,6.418736227730069,8.252660864224374,5.501773909482916,5.501773909482916,10.08658550071868,5.501773909482916,2.750886954741458,6.418736227730069,4.584811591235764,6.418736227730069,4.584811591235764,1.8339246364943054,3.6678492729886107,4.584811591235764,3.6678492729886107,8.252660864224374,2.750886954741458,10.08658550071868,11.003547818965831,7.3356985459772215,8.252660864224374,3.6678492729886107,3.6678492729886107,12.837472455460137,4.584811591235764,11.920510137212984,10.08658550071868,4.584811591235764,10.08658550071868,1.8339246364943054,11.920510137212984,7.3356985459772215,6.418736227730069,7.3356985459772215,8.252660864224374,4.584811591235764,9.169623182471527,4.584811591235764,1.8339246364943054,5.501773909482916,4.584811591235764,7.3356985459772215,3.6678492729886107,4.584811591235764,8.252660864224374,7.3356985459772215,1.8339246364943054,5.501773909482916,6.418736227730069,9.169623182471527,5.501773909482916,1.8339246364943054,3.6678492729886107,4.584811591235764,4.584811591235764,7.3356985459772215,4.584811591235764,7.3356985459772215,8.252660864224374,5.501773909482916,4.584811591235764,2.750886954741458
B02010,99000000415,Synthetic Census Tract 99000000415,1.0,Total:,17.43093697876438,22.272863917310037,+/-23,13.55739542792785,5.810312326254793,15.494166203346113,24.2096346927283,11.620624652509585,22.272863917310037,34.86187395752876,8.71546848938219,8.71546848938219,12.589010040218717,12.589010040218717,16.462551591055245,13.55739542792785,12.589010040218717,14.525780815636981,16.462551591055245,23.24124930501917,19.367707754182643,16.462551591055245,17.43093697876438,20.336093141891773,10.652239264800453,23.24124930501917,30.019947018983093,12.589010040218717,18.39932236647351,33.893488569819624,18.39932236647351,15.494166203346113,10.652239264800453,24.2096346927283,21.304478529600907,16.462551591055245,18.39932236647351,15.494166203346113,24.2096346927283,31.95671779440136,25.178020080437435,26.146405468146565,15.494166203346113,23.24124930501917,22.272863917310037,9.683853877091321,8.71546848938219,17.43093697876438,13.55739542792785,13.55739542792785,18.39932236647351,22.272863917310037,15.494166203346113,16.462551591055245,7.747083101673057,13.55739542792785,14.525780815636981,13.55739542792785,18.39932236647351,10.652239264800453,11.620624652509585,9.683853877091321,22.272863917310037,22.272863917310037,23.24124930501917,13.55739542792785,26.146405468146565,33.893488569819624,17.43093697876438,11.620624652509585,23.24124930501917,32.92510318211049,27.1147908558557,30.019947018983093,16.462551591055245,18.39932236647351,15.494166203346113,18.39932236647351,20.336093141891773,10.652239264800453,11.620624652509585,16.462551591055245,24.2096346927283,12.589010040218717
B02010,99000000416,Synthetic Census Tract 99000000416,1.0,Total:,74.09047589651027,62.61166977169882,+/-60,38.61052969254761,78.26458721462353,87.65633768037836,70.95989240792534,59.48108628311388,107.48336644141631,56.350502794528936,66.78578108981208,102.26572729377475,76.1775315555669,99.1351438051898,69.91636457839702,60.5246141126422,94.96103248707655,86.61280985085004,72.00342023745364,65.74225326028376,62.61166977169882,69.91636457839702,57.39403062405725,73.04694806698195,75.13400372603859,75.13400372603859,64.69872543075545,115.83158907764282,78.26458721462353,115.83158907764282,96.00456031660485,46.95875232877412,60.5246141126422,56.350502794528936,85.56928202132173,76.1775315555669,91.8304489984916,106.43983861188799,53.219919305943996,75.13400372603859,76.1775315555669,81.39517070320846,84.52575419179341,51.13286364688737,35.47994620396267,78.26458721462353,66.78578108981208,123.13628388434101,105.39631078235968,99.1351438051898,93.91750465754824,58.43755845358557,54.26344713547231,78.26458721462353,88.69986550990666,68.8728367488687,70.95989240792534,100.17867163471811,32.34936271537772,84.52575419179341,73.04694806698195,56.350502794528936,77.22105938509522,89.74339333943497,96.00456031660485,90.78692116896329,92.87397682801992,75.13400372603859,80.35164287368015,42.78464101066086,56.350502794528936,103.30925512330306,105.39631078235968,73.04694806698195,84.52575419179341,90.78692116896329,66.78578108981208,65.74225326028376,106.43983861188799,64.69872543075545,79.30811504415183,92.87397682801992,86.61280985085004,77.22105938509522
B02010,99000000417,Synthetic Census Tract 99000000417,1.0,Total:,31.844589635857695,40.33648020541975,+/-38,24.4141853874909,21.22972642390513,8.491890569562052,26.537158029881414,18.045267460319362,46.705398132591284,28.660130672271926,30.78310331466244,11.676349533147821,38.21350756302924,49.88985709617706,29.721616993467183,52.01282973856757,46.705398132591284,27.598644351076672,41.39796652661501,30.78310331466244,36.090534920638724,28.660130672271926,48.8283707749818,35.02904859944346,12.737835854343079,11.676349533147821,24.4141853874909,16.983781139124105,55.197288702153344,20.168240102709873,50.951343417372314,11.676349533147821,38.21350756302924,37.15202124183398,35.02904859944346,52.01282973856757,27.598644351076672,31.844589635857695,43.520939169005516,21.22972642390513,38.21350756302924,35.02904859944346,49.88985709617706,40.33648020541975,15.922294817928847,12.737835854343079,29.721616993467183,20.168240102709873,41.39796652661501,28.660130672271926,35.02904859944346,10.614863211952565,42.45945284781026,35.02904859944346,31.844589635857695,41.39796652661501,29.721616993467183,37.15202124183398,53.07431605976283,23.352699066295642,39.27499388422449,29.721616993467183,41.39796652661501,31.844589635857695,24.4141853874909,9.55337689075731,21.22972642390513,18.045267460319362,40.33648020541975,26.537158029881414,29.721616993467183,9.55337689075731,38.21350756302924,53.07431605976283,46.705398132591284,48.8283707749818,36.090534920638724,29.721616993467183,42.45945284781026,23.352699066295642,36.090534920638724,38.21350756302924,48.8283707749818,37.15202124183398
B02010,99000000418,Synthetic Census Tract 99000000418,1.0,Total:,0.0,15.396481436186942,+/-14,9.897738066120178,0.0,0.0,0.0,0.0,0.0,0.0,0.0,0.0,0.0,0.0,0.0,0.0,0.0,0.0,0.0,0.0,0.0,0.0,0.0,0.0,0.0,0.0,0.0,0.0,0.0,0.0,0.0,0.0,0.0,0.0,0.0,0.0,0.0,0.0,0.0,0.0,0.0,0.0,0.0,0.0,0.0,0.0,0.0,0.0,0.0,0.0,0.0,0.0,0.0,0.0,0.0,0.0,0.0,0.0,0.0,0.0,0.0,0.0,0.0,0.0,0.0,0.0,0.0,0.0,0.0,0.0,0.0,0.0,0.0,0.0,0.0,0.0,0.0,0.0,0.0,0.0,0.0,0.0,0.0,0.0
B02010,99000000419,Synthetic Census Tract 99000000419,1.0,Total:,0.0,13.429813759631262,+/-14,8.633451702620098,0.0,0.0,0.0,0.0,0.0,0.0,0.0,0.0,0.0,0.0,0.0,0.0,0.0,0.0,0.0,0.0,0.0,0.0,0.0,0.0,0.0,0.0,0.0,0.0,0.0,0.0,0.0,0.0,0.0,0.0,0.0,0.0,0.0,0.0,0.0,0.0,0.0,0.0,0.0,0.0,0.0,0.0,0.0,0.0,0.0,0.0,0.0,0.0,0.0,0.0,0.0,0.0,0.0,0.0,0.0,0.0,0.0,0.0,0.0,0.0,0.0,0.0,0.0,0.0,0.0,0.0,0.0,0.0,0.0,0.0,0.0,0.0,0.0,0.0,0.0,0.0,0.0,0.0,0.0,0.0
B02010,99000000420,Synthetic Census Tract 99000000420,1.0,Total:,3.926353560905026,6.871118731583795,+/-7,4.907941951131283,3.926353560905026,0.9815883902262565,1.963176780452513,4.907941951131283,5.889530341357539,5.889530341357539,0.9815883902262565,5.889530341357539,1.963176780452513,4.907941951131283,6.871118731583795,8.83429551203631,8.83429551203631,3.926353560905026,0.9815883902262565,6.871118731583795,4.907941951131283,4.907941951131283,3.926353560905026,0.9815883902262565,7.852707121810052,3.926353560905026,3.926353560905026,1.963176780452513,0.9815883902262565,6.871118731583795,3.926353560905026,3.926353560905026,3.926353560905026,6.871118731583795,3.926353560905026,4.907941951131283,4.907941951131283,1.963176780452513,2.9447651706787696,3.926353560905026,7.852707121810052,1.963176780452513,7.852707121810052,4.907941951131283,4.907941951131283,7.852707121810052,7.852707121810052,2.9447651706787696,3.926353560905026,4.907941951131283,6.871118731583795,1.963176780452513,5.889530341357539,4.907941951131283,0.9815883902262565,1.963176780452513,1.963176780452513,2.9447651706787696,7.852707121810052,1.963176780452513,3.926353560905026,4.907941951131283,3.926353560905026,8.83429551203631,1.963176780452513,4.907941951131283,3.926353560905026,6.871118731583795,7.852707121810052,0.9815883902262565,4.907941951131283,3.926353560905026,4.907941951131283,1.963176780452513,3.926353560905026,4.907941951131283,3.926353560905026,6.871118731583795,3.926353560905026,3.926353560905026,0.9815883902262565,5.889530341357539,0.9815883902262565,4.907941951131283
B02010,99000000421,Synthetic Census Tract 99000000421,1.0,Total:,27.82092766817776,29.67565617938961,+/-32,17.61992085651258,10.201006811665177,29.67565617938961,25.966199156965907,31.53038469060146,38.94929873544886,27.82092766817776,26.893563412571833,24.111470645754057,28.748291923783682,25.966199156965907,18.547285112118505,37.09457022423701,13.91046383408888,16.692556600906656,26.893563412571833,25.038834901359984,30.603020434995535,24.111470645754057,34.312477457419234,21.32937787893628,28.748291923783682,39.876662991054786,15.76519234530073,19.47464936772443,37.09457022423701,18.547285112118505,36.16720596863109,28.748291923783682,40.80402724666071,38.02193447984293,34.312477457419234,32.45774894620738,30.603020434995535,38.02193447984293,15.76519234530073,12.055735322877029,36.16720596863109,35.23984171302516,16.692556600906656,38.94929873544886,18.547285112118505,32.45774894620738,38.02193447984293,30.603020434995535,30.603020434995535,27.82092766817776,36.16720596863109,30.603020434995535,16.692556600906656,34.312477457419234,12.055735322877029,26.893563412571833,13.91046383408888,10.201006811665177,28.748291923783682,22.256742134542208,34.312477457419234,35.23984171302516,21.32937787893628,49.15030554711404,38.02193447984293,25.966199156965907,15.76519234530073,8.346278300453328,24.111470645754057,37.09457022423701,37.09457022423701,29.67565617938961,21.32937787893628,26.893563412571833,24.111470645754057,27.82092766817776,35.23984171302516,32.45774894620738,15.76519234530073,15.76519234530073,23.18410639014813,38.94929873544886,13.91046383408888,30.603020434995535
B02010,99000000422,Synthetic Census Tract 99000000422,1.0,Total:,37.55405227921045,38.569026665135056,+/-38,23.344410876265954,36.53907789328584,45.673847366607305,47.70379613845652,35.52410350736124,32.479180349587416,30.449231577738203,51.763693682154944,29.434257191813597,39.584001051059666,35.52410350736124,23.344410876265954,40.59897543698427,54.80861683992877,34.50912912143663,47.70379613845652,60.898463155476406,24.359385262190564,20.299487718492134,34.50912912143663,39.584001051059666,36.53907789328584,29.434257191813597,29.434257191813597,36.53907789328584,47.70379613845652,37.55405227921045,16.239590174793708,48.71877052438113,35.52410350736124,42.62892420883348,52.778668068079554,34.50912912143663,15.224615788869102,47.70379613845652,34.50912912143663,21.31446210441674,54.80861683992877,63.94338631325022,42.62892420883348,35.52410350736124,36.53907789328584,49.73374491030573,54.80861683992877,30.449231577738203,33.494154735512026,34.50912912143663,52.778668068079554,27.404308419964384,31.46420596366281,35.52410350736124,26.389334034039777,49.73374491030573,71.04820701472248,28.41928280588899,37.55405227921045,61.91343754140101,28.41928280588899,18.26953894664292,35.52410350736124,37.55405227921045,39.584001051059666,31.46420596366281,34.50912912143663,41.61394982290888,35.52410350736124,42.62892420883348,20.299487718492134,48.71877052438113,33.494154735512026,51.763693682154944,51.763693682154944,35.52410350736124,13.194667017019889,49.73374491030573,33.494154735512026,25.37435964811517,42.62892420883348,56.83856561177798,42.62892420883348,31.46420596366281
B02010,99000000423,Synthetic Census Tract 99000000423,1.0,Total:,17.592256119241338,29.686932201219758,+/-27,18.69177212669392,24.18935216395684,13.194192089431002,23.089836156504255,28.587416193767172,6.597096044715501,21.990320149051673,16.492740111788756,35.184512238482675,15.39322410433617,14.293708096883586,5.497580037262918,17.592256119241338,16.492740111788756,30.78644820867234,7.696612052168085,6.597096044715501,17.592256119241338,6.597096044715501,14.293708096883586,15.39322410433617,16.492740111788756,34.08499623103009,27.48790018631459,18.69177212669392,14.293708096883586,32.98548022357751,6.597096044715501,16.492740111788756,5.497580037262918,5.497580037262918,19.791288134146505,5.497580037262918,32.98548022357751,21.990320149051673,14.293708096883586,15.39322410433617,28.587416193767172,20.890804141599087,5.497580037262918,34.08499623103009,35.184512238482675,16.492740111788756,16.492740111788756,24.18935216395684,6.597096044715501,15.39322410433617,15.39322410433617,29.686932201219758,20.890804141599087,19.791288134146505,5.497580037262918,15.39322410433617,16.492740111788756,25.288868171409423,7.696612052168085,6.597096044715501,15.39322410433617,5.497580037262918,15.39322410433617,14.293708096883586,18.69177212669392,39.58257626829301,27.48790018631459,17.592256119241338,17.592256119241338,24.18935216395684,7.696612052168085,13.194192089431002,6.597096044715501,6.597096044715501,17.592256119241338,5.497580037262918,28.587416193767172,25.288868171409423,17.592256119241338,13.194192089431002,29.686932201219758,20.890804141599087,7.696612052168085,40.682092275745596
B02010,99000000424,Synthetic Census Tract 99000000424,1.0,Total:,7.2812334141689234,12.482114424289582,+/-12,8.321409616193055,2.0803524040482637,7.2812334141689234,3.1205286060723956,2.0803524040482637,6.241057212144791,2.0803524040482637,12.482114424289582,11.44193822226545,8.321409616193055,7.2812334141689234,9.361585818217186,12.482114424289582,1.0401762020241319,11.44193822226545,9.361585818217186,11.44193822226545,11.44193822226545,4.160704808096527,17.68299543441024,8.321409616193055,2.0803524040482637,7.2812334141689234,3.1205286060723956,3.1205286060723956,5.200881010120659,3.1205286060723956,11.44193822226545,9.361585818217186,5.200881010120659,10.401762020241318,10.401762020241318,8.321409616193055,3.1205286060723956,7.2812334141689234,11.44193822226545,18.723171636434373,9.361585818217186,8.321409616193055,11.44193822226545,9.361585818217186,13.522290626313714,6.241057212144791,11.44193822226545,13.522290626313714,4.160704808096527,10.401762020241318,3.1205286060723956,11.44193822226545,8.321409616193055,6.241057212144791,1.0401762020241319,7.2812334141689234,9.361585818217186,11.44193822226545,2.0803524040482637,2.0803524040482637,10.401762020241318,5.200881010120659,4.160704808096527,7.2812334141689234,12.482114424289582,10.401762020241318,12.482114424289582,12.482114424289582,7.2812334141689234,7.2812334141689234,3.1205286060723956,8.321409616193055,6.241057212144791,8.321409616193055,3.1205286060723956,9.361585818217186,10.401762020241318,6.241057212144791,2.0803524040482637,2.0803524040482637,9.361585818217186,9.361585818217186,3.1205286060723956,10.401762020241318
B02010,99000000425,Synthetic Census Tract 99000000425,1.0,Total:,0.0,20.38085136165349,+/-20,12.228510816992094,0.0,0.0,0.0,0.0,0.0,0.0,0.0,0.0,0.0,0.0,0.0,0.0,0.0,0.0,0.0,0.0,0.0,0.0,0.0,0.0,0.0,0.0,0.0,0.0,0.0,0.0,0.0,0.0,0.0,0.0,0.0,0.0,0.0,0.0,0.0,0.0,0.0,0.0,0.0,0.0,0.0,0.0,0.0,0.0,0.0,0.0,0.0,0.0,0.0,0.0,0.0,0.0,0.0,0.0,0.0,0.0,0.0,0.0,0.0,0.0,0.0,0.0,0.0,0.0,0.0,0.0,0.0,0.0,0.0,0.0,0.0,0.0,0.0,0.0,0.0,0.0,0.0,0.0,0.0,0.0
B02010,99000000426,Synthetic Census Tract 99000000426,1.0,Total:,0.0,13.698633460181025,+/-14,8.80626436725923,0.0,0.0,0.0,0.0,0.0,0.0,0.0,0.0,0.0,0.0,0.0,0.0,0.0,0.0,0.0,0.0,0.0,0.0,0.0,0.0,0.0,0.0,0.0,0.0,0.0,0.0,0.0,0.0,0.0,0.0,0.0,0.0,0.0,0.0,0.0,0.0,0.0,0.0,0.0,0.0,0.0,0.0,0.0,0.0,0.0,0.0,0.0,0.0,0.0,0.0,0.0,0.0,0.0,0.0,0.0,0.0,0.0,0.0,0.0,0.0,0.0,0.0,0.0,0.0,0.0,0.0,0.0,0.0,0.0,0.0,0.0,0.0,0.0,0.0,0.0,0.0,0.0,0.0,0.0,0.0
B02010,99000000427,Synthetic Census Tract 99000000427,1.0,Total:,47.654629090512884,41.15627057817022,+/-38,24.910374297313552,55.236047354912664,58.485226611083995,59.568286363141105,40.073210826113105,59.568286363141105,47.654629090512884,44.40544983434155,42.23933033022733,40.073210826113105,29.242613305541997,44.40544983434155,15.162836528799554,38.990151074055994,58.485226611083995,45.48850958639866,48.737688842569995,74.73112289194066,44.40544983434155,45.48850958639866,73.64806313988355,49.820748594627105,62.817465619312436,50.903808346684215,72.56500338782644,36.82403156994177,38.990151074055994,64.98358512342666,62.817465619312436,49.820748594627105,35.74097181788466,47.654629090512884,56.319107106969774,35.74097181788466,46.571569338455774,41.15627057817022,50.903808346684215,48.737688842569995,23.827314545256442,35.74097181788466,57.402166859026885,38.990151074055994,55.236047354912664,54.15298760285555,40.073210826113105,51.986868098741326,45.48850958639866,46.571569338455774,31.408732809656218,45.48850958639866,45.48850958639866,58.485226611083995,27.076493801427777,36.82403156994177,57.402166859026885,50.903808346684215,40.073210826113105,73.64806313988355,45.48850958639866,44.40544983434155,59.568286363141105,51.986868098741326,54.15298760285555,31.408732809656218,77.98030214811199,38.990151074055994,45.48850958639866,72.56500338782644,72.56500338782644,44.40544983434155,32.49179256171333,33.57485231377044,37.907091321998884,35.74097181788466,53.06992785079844,49.820748594627105,57.402166859026885,43.32239008228444,32.49179256171333,41.15627057817022,68.232764379598
B02010,99000000428,Synthetic Census Tract 99000000428,1.0,Total:,67.95806570737275,65.95929906892061,+/-66,39.975332769042794,61.96176579201634,30.98088289600817,49.969165961303496,52.967315918981704,77.95189889963345,44.97224936517315,70.95621566505096,76.95251558040738,34.978416172912446,84.94758213421595,60.96238247279027,70.95621566505096,60.96238247279027,40.97471608826887,76.95251558040738,61.96176579201634,60.96238247279027,57.96423251511206,90.94388204957237,89.9444987303463,81.94943217653774,96.94018196492878,53.966699238207774,70.95621566505096,44.97224936517315,87.94573209189416,49.969165961303496,58.96361583433813,80.95004885731167,75.95313226118131,105.93463183796341,108.93278179564162,72.9549823035031,54.96608255743384,69.95683234582489,89.9444987303463,62.961149111242406,87.94573209189416,98.93894860338092,104.93524851873734,68.95744902659882,93.94203200725057,83.94819881498988,92.9426486880245,72.9549823035031,99.93833192260699,67.95806570737275,43.97286604594708,74.95374894195524,78.95128221885952,97.93956528415485,100.93771524183306,38.975949449816724,81.94943217653774,96.94018196492878,62.961149111242406,38.975949449816724,76.95251558040738,76.95251558040738,47.97039932285136,43.97286604594708,54.96608255743384,52.967315918981704,66.95868238814668,73.95436562272917,28.98211625755603,82.94881549576381,43.97286604594708,99.93833192260699,50.968549280529565,43.97286604594708,47.97039932285136,65.95929906892061,50.968549280529565,73.95436562272917,57.96423251511206,57.96423251511206,76.95251558040738,56.96484919588599,31.980266215234238
B02010,99000000429,Synthetic Census Tract 99000000429,1.0,Total:,33.36744177585405,35.22118854117927,+/-38,21.318087801240083,33.36744177585405,31.51369501052882,23.17183456656531,38.001808689167106,31.51369501052882,42.636175602480165,13.903100739939184,30.586821627866208,38.92868207182972,25.025581331890532,19.46434103591486,27.806201479878368,22.244961183902696,34.29431515851665,46.34366913313062,37.07493530650449,55.612402959756736,39.85555545449233,15.75684750526441,28.73307486254098,23.17183456656531,23.17183456656531,21.318087801240083,35.22118854117927,16.683720887927024,43.56304898514278,43.56304898514278,33.36744177585405,48.197415898455844,46.34366913313062,55.612402959756736,19.46434103591486,39.85555545449233,36.14806192384188,22.244961183902696,23.17183456656531,23.17183456656531,39.85555545449233,51.90490942910629,53.758656194431516,32.440568393191434,34.29431515851665,33.36744177585405,19.46434103591486,24.098707949227922,47.27054251579323,41.70930221981755,28.73307486254098,24.098707949227922,29.659948245203594,19.46434103591486,31.51369501052882,50.97803604644368,33.36744177585405,12.049353974613961,27.806201479878368,18.537467653252246,28.73307486254098,53.758656194431516,25.025581331890532,32.440568393191434,48.197415898455844,49.12428928111845,31.51369501052882,34.29431515851665,18.537467653252246,25.025581331890532,16.683720887927024,34.29431515851665,27.806201479878368,27.806201479878368,50.97803604644368,28.73307486254098,21.318087801240083,38.92868207182972,43.56304898514278,38.001808689167106,30.586821627866208,34.29431515851665,25.025581331890532
B02010,99000000430,Synthetic Census Tract 99000000430,1.0,Total:,0.0,13.623059696957574,+/-14,8.75768123375844,0.0,0.0,0.0,0.0,0.0,0.0,0.0,0.0,0.0,0.0,0.0,0.0,0.0,0.0,0.0,0.0,0.0,0.0,0.0,0.0,0.0,0.0,0.0,0.0,0.0,0.0,0.0,0.0,0.0,0.0,0.0,0.0,0.0,0.0,0.0,0.0,0.0,0.0,0.0,0.0,0.0,0.0,0.0,0.0,0.0,0.0,0.0,0.0,0.0,0.0,0.0,0.0,0.0,0.0,0.0,0.0,0.0,0.0,0.0,0.0,0.0,0.0,0.0,0.0,0.0,0.0,0.0,0.0,0.0,0.0,0.0,0.0,0.0,0.0,0.0,0.0,0.0,0.0,0.0,0.0
B02010,99000000431,Synthetic Census Tract 99000000431,1.0,Total:,5.4806000026173205,6.394033336386873,+/-7,3.6537333350782135,3.6537333350782135,6.394033336386873,5.4806000026173205,4.567166668847767,6.394033336386873,3.6537333350782135,4.567166668847767,4.567166668847767,5.4806000026173205,4.567166668847767,4.567166668847767,4.567166668847767,6.394033336386873,2.7403000013086602,5.4806000026173205,4.567166668847767,8.22090000392598,6.394033336386873,4.567166668847767,5.4806000026173205,5.4806000026173205,7.307466670156427,2.7403000013086602,5.4806000026173205,5.4806000026173205,8.22090000392598,11.874633339004195,7.307466670156427,4.567166668847767,8.22090000392598,4.567166668847767,5.4806000026173205,3.6537333350782135,8.22090000392598,3.6537333350782135,3.6537333350782135,2.7403000013086602,4.567166668847767,2.7403000013086602,3.6537333350782135,8.22090000392598,3.6537333350782135,6.394033336386873,6.394033336386873,5.4806000026173205,5.4806000026173205,3.6537333350782135,4.567166668847767,4.567166668847767,1.8268666675391068,9.134333337695534,2.7403000013086602,4.567166668847767,9.134333337695534,8.22090000392598,5.4806000026173205,3.6537333350782135,5.4806000026173205,3.6537333350782135,6.394033336386873,5.4806000026173205,6.394033336386873,3.6537333350782135,8.22090000392598,3.6537333350782135,5.4806000026173205,4.567166668847767,3.6537333350782135,8.22090000392598,7.307466670156427,5.4806000026173205,2.7403000013086602,4.567166668847767,7.307466670156427,3.6537333350782135,8.22090000392598,1.8268666675391068,3.6537333350782135,8.22090000392598,8.22090000392598
B02010,99000000432,Synthetic Census Tract 99000000432,1.0,Total:,15.046332920604101,27.27147841859493,+/-29,16.927124535679614,15.046332920604101,5.642374845226538,11.284749690453076,19.74831195829288,20.68870776583064,4.701979037688782,5.642374845226538,5.642374845226538,14.105937113066345,4.701979037688782,25.390686803519422,12.225145497990832,24.450290995981664,26.331082611057177,20.68870776583064,17.86752034321737,5.642374845226538,15.046332920604101,9.403958075377563,9.403958075377563,9.403958075377563,18.807916150755126,10.34435388291532,5.642374845226538,29.152270033670447,26.331082611057177,37.61583230151025,15.046332920604101,23.509895188443906,14.105937113066345,3.7615832301510252,31.033061648745957,6.582770652764294,14.105937113066345,17.86752034321737,5.642374845226538,26.331082611057177,13.165541305528588,18.807916150755126,11.284749690453076,15.046332920604101,6.582770652764294,16.927124535679614,16.927124535679614,21.629103573368397,5.642374845226538,4.701979037688782,11.284749690453076,15.046332920604101,2.821187422613269,20.68870776583064,10.34435388291532,34.79464487889698,31.033061648745957,30.092665841208202,16.927124535679614,2.821187422613269,15.986728728141857,15.986728728141857,22.56949938090615,11.284749690453076,15.986728728141857,14.105937113066345,10.34435388291532,22.56949938090615,17.86752034321737,34.79464487889698,12.225145497990832,26.331082611057177,15.986728728141857,7.5231664603020505,16.927124535679614,3.7615832301510252,6.582770652764294,10.34435388291532,5.642374845226538,25.390686803519422,13.165541305528588,20.68870776583064,19.74831195829288
B02010,99000000433,Synthetic Census Tract 99000000433,1.0,Total:,3.6141350247999298,6.324736293399877,+/-7,3.6141350247999298,4.517668780999912,2.710601268599947,3.6141350247999298,0.9035337561999824,5.421202537199894,7.2282700495998595,3.6141350247999298,0.9035337561999824,0.9035337561999824,2.710601268599947,1.8070675123999649,1.8070675123999649,3.6141350247999298,3.6141350247999298,5.421202537199894,3.6141350247999298,7.2282700495998595,5.421202537199894,1.8070675123999649,3.6141350247999298,3.6141350247999298,3.6141350247999298,5.421202537199894,9.035337561999825,2.710601268599947,0.9035337561999824,3.6141350247999298,6.324736293399877,4.517668780999912,1.8070675123999649,3.6141350247999298,5.421202537199894,0.9035337561999824,3.6141350247999298,0.9035337561999824,0.9035337561999824,3.6141350247999298,1.8070675123999649,6.324736293399877,2.710601268599947,1.8070675123999649,2.710601268599947,4.517668780999912,6.324736293399877,3.6141350247999298,1.8070675123999649,3.6141350247999298,6.324736293399877,3.6141350247999298,3.6141350247999298,1.8070675123999649,7.2282700495998595,1.8070675123999649,5.421202537199894,0.9035337561999824,0.0,2.710601268599947,0.9035337561999824,7.2282700495998595,2.710601268599947,4.517668780999912,3.6141350247999298,3.6141350247999298,0.9035337561999824,1.8070675123999649,8.131803805799843,4.517668780999912,0.9035337561999824,1.8070675123999649,1.8070675123999649,3.6141350247999298,0.9035337561999824,5.421202537199894,3.6141350247999298,3.6141350247999298,5.421202537199894,3.6141350247999298,7.2282700495998595,0.9035337561999824,2.710601268599947
B02010,99000000434,Synthetic Census Tract 99000000434,1.0,Total:,5.943935899800197,9.906559833000328,+/-10,5.943935899800197,6.93459188310023,4.953279916500164,2.9719679499000984,5.943935899800197,9.906559833000328,4.953279916500164,5.943935899800197,2.9719679499000984,4.953279916500164,13.86918376620046,8.915903849700296,7.925247866400262,8.915903849700296,6.93459188310023,6.93459188310023,3.962623933200131,4.953279916500164,5.943935899800197,6.93459188310023,8.915903849700296,5.943935899800197,5.943935899800197,10.89721581630036,5.943935899800197,2.9719679499000984,6.93459188310023,4.953279916500164,6.93459188310023,4.953279916500164,1.9813119666000656,3.962623933200131,4.953279916500164,3.962623933200131,8.915903849700296,2.9719679499000984,10.89721581630036,11.887871799600394,7.925247866400262,8.915903849700296,3.962623933200131,3.962623933200131,13.86918376620046,4.953279916500164,12.878527782900427,10.89721581630036,4.953279916500164,10.89721581630036,1.9813119666000656,12.878527782900427,7.925247866400262,6.93459188310023,7.925247866400262,8.915903849700296,4.953279916500164,9.906559833000328,4.953279916500164,1.9813119666000656,5.943935899800197,4.953279916500164,7.925247866400262,3.962623933200131,4.953279916500164,8.915903849700296,7.925247866400262,1.9813119666000656,5.943935899800197,6.93459188310023,9.906559833000328,5.943935899800197,1.9813119666000656,3.962623933200131,4.953279916500164,4.953279916500164,7.925247866400262,4.953279916500164,7.925247866400262,8.915903849700296,5.943935899800197,4.953279916500164,2.9719679499000984
B02010,99000000435,Synthetic Census Tract 99000000435,1.0,Total:,64.69520733839265,80.09882813324805,+/-78,48.2646784905469,56.479942914469774,51.34540264951798,71.88356370932517,92.42172476913237,21.565069112797552,43.130138225595104,134.5249549417371,75.9911959212866,45.18395433157582,107.82534556398775,68.8028395503541,75.9911959212866,79.07192008025768,56.479942914469774,88.31409255717092,105.77152945800704,59.560667073440854,58.533759020450496,40.049414066624024,86.26027645119021,40.049414066624024,75.9911959212866,41.07632211961438,42.103230172604746,85.23336839819984,81.12573618623841,45.18395433157582,58.533759020450496,94.47554087511308,45.18395433157582,40.049414066624024,51.34540264951798,48.2646784905469,103.71771335202632,107.82534556398775,70.85665565633481,53.3992187554987,68.8028395503541,97.55626503408416,83.17955229221913,69.82974760334446,59.560667073440854,85.23336839819984,98.58317308707453,35.94178185466259,42.103230172604746,85.23336839819984,74.96428786829625,54.42612680848906,77.01810397427697,86.26027645119021,57.50685096746014,87.28718450418056,54.42612680848906,60.58757512643122,105.77152945800704,73.93737981530589,54.42612680848906,39.02250601363367,133.49804688874676,86.26027645119021,53.3992187554987,35.94178185466259,52.37231070250834,83.17955229221913,77.01810397427697,45.18395433157582,59.560667073440854,73.93737981530589,48.2646784905469,37.9955979606433,36.968689907652944,55.453034861479416,128.36350662379496,73.93737981530589,70.85665565633481,57.50685096746014,69.82974760334446,102.69080529903596,65.72211539138301
B02010,99000000436,Synthetic Census Tract 99000000436,1.0,Total:,0.0,13.561218894660943,+/-14,8.717926432282034,0.0,0.0,0.0,0.0,0.0,0.0,0.0,0.0,0.0,0.0,0.0,0.0,0.0,0.0,0.0,0.0,0.0,0.0,0.0,0.0,0.0,0.0,0.0,0.0,0.0,0.0,0.0,0.0,0.0,0.0,0.0,0.0,0.0,0.0,0.0,0.0,0.0,0.0,0.0,0.0,0.0,0.0,0.0,0.0,0.0,0.0,0.0,0.0,0.0,0.0,0.0,0.0,0.0,0.0,0.0,0.0,0.0,0.0,0.0,0.0,0.0,0.0,0.0,0.0,0.0,0.0,0.0,0.0,0.0,0.0,0.0,0.0,0.0,0.0,0.0,0.0,0.0,0.0,0.0,0.0
B02010,99000000437,Synthetic Census Tract 99000000437,1.0,Total:,199.76749992311426,221.41717971773747,+/-225,134.8184605392446,187.9585836715016,145.64330043655622,185.99043096289947,146.62737679085726,163.35667481397522,72.82165021827811,237.16240138655436,159.42036939677098,174.1815147112868,199.76749992311426,321.7929678564451,191.8948890887058,245.0350122209628,258.8120811811776,230.27386690644698,117.1050861618256,269.6369210784892,239.13055409515647,168.2770565854805,255.8598521182744,195.83119450591002,162.37259845967415,212.56049252902798,152.5318349166636,147.61145314515832,58.06050490376227,293.2547535817145,99.3917117844066,125.9617733505351,218.4649506548343,323.76112056504724,212.56049252902798,174.1815147112868,275.54137920429554,215.51272159193115,144.65922408225515,328.6815023365525,220.43310336343643,207.6401107575227,269.6369210784892,200.75157627741532,165.32482752257732,178.11782012849105,141.70699501935198,154.4999876252657,61.996810320966496,257.8280048268765,123.00954428763193,116.12100980752454,207.6401107575227,392.6464653661211,237.16240138655436,172.2133620026847,211.57641617472692,215.51272159193115,112.18470439032032,331.6337313994557,212.56049252902798,205.6719580489206,255.8598521182744,207.6401107575227,210.59233982042588,221.41717971773747,123.00954428763193,133.83438418494353,95.45540636720237,272.58915014139234,111.20062803601927,132.8503078306425,194.84711815160898,337.538189525262,245.0350122209628,196.8152708602111,214.5286452376301,221.41717971773747,129.89807876773932,301.127364416123,215.51272159193115,250.93947034676913,286.36621910160716
B02010,99000000438,Synthetic Census Tract 99000000438,1.0,Total:,32.75525563706746,34.93893934620529,+/-32,20.74499523680939,12.010260400258067,34.93893934620529,30.571571927929625,37.12262305534312,45.85735789189444,32.75525563706746,31.66341378249854,28.387888218791797,33.847097491636376,30.571571927929625,21.836837091378307,43.67367418275661,16.37762781853373,19.653153382240475,31.66341378249854,29.479730073360713,36.0307812007742,28.387888218791797,40.39814861904986,25.11236265508505,33.847097491636376,46.94919974646336,18.56131152767156,22.92867894594722,43.67367418275661,21.836837091378307,42.581832328187694,33.847097491636376,48.04104160103227,44.765516037325526,40.39814861904986,38.21446490991203,36.0307812007742,44.765516037325526,18.56131152767156,14.193944109395899,42.581832328187694,41.48999047361878,19.653153382240475,45.85735789189444,21.836837091378307,38.21446490991203,44.765516037325526,36.0307812007742,36.0307812007742,32.75525563706746,42.581832328187694,36.0307812007742,19.653153382240475,40.39814861904986,14.193944109395899,31.66341378249854,16.37762781853373,12.010260400258067,33.847097491636376,26.204204509653966,40.39814861904986,41.48999047361878,25.11236265508505,57.86761829215251,44.765516037325526,30.571571927929625,18.56131152767156,9.826576691120238,28.387888218791797,43.67367418275661,43.67367418275661,34.93893934620529,25.11236265508505,31.66341378249854,28.387888218791797,32.75525563706746,41.48999047361878,38.21446490991203,18.56131152767156,18.56131152767156,27.29604636422288,45.85735789189444,16.37762781853373,36.0307812007742
B02010,99000000439,Synthetic Census Tract 99000000439,1.0,Total:,139.70221903389276,119.74475917190809,+/-114,72.47709107773385,130.24868541505793,95.58572881266348,123.94632966916802,179.61713875786214,112.39201080170321,199.57459861984682,112.39201080170321,129.19829279074295,121.84554442053806,154.40771577430255,134.45025591231786,184.86910187943704,105.03926243149833,146.00457477978267,136.55104116094782,136.55104116094782,197.47381337121686,170.16360513902728,137.6014337852628,141.80300428252275,164.91164201745238,207.9777396143667,129.19829279074295,141.80300428252275,151.2565379013576,147.05496740409765,210.07852486299666,133.39986328800288,143.9037895311527,151.2565379013576,99.78729930992341,135.50064853663284,128.14790016642795,193.2722428739569,120.79515179622308,192.22185024964193,103.98886980718335,120.79515179622308,171.21399776334226,147.05496740409765,183.81870925512206,196.42342074690188,213.2297027359416,61.97316483458401,178.56674613354716,93.48494356403351,118.6943665475931,168.06281989039732,169.1132125147123,167.01242726608234,161.7604641445074,154.40771577430255,177.51635350923218,87.18258781814362,129.19829279074295,180.66753138217712,121.84554442053806,154.40771577430255,160.71007152019243,169.1132125147123,137.6014337852628,128.14790016642795,65.12434270752897,131.29907803937292,123.94632966916802,138.65182640957778,178.56674613354716,159.65967889587745,161.7604641445074,189.070672376697,212.17931011162662,58.82198696163906,101.88808455855337,115.54318867464816,195.37302812258687,113.44240342601819,121.84554442053806,98.73690668560843,119.74475917190809,70.37630582910388
B02010,99000000440,Synthetic Census Tract 99000000440,1.0,Total:,421.41561484859795,409.31755891993004,+/-406,249.0183178650806,516.183719623163,411.333901574708,336.72922334792275,595.8292544868932,269.1817444128604,500.0529783849392,524.249090242275,555.5024013913337,434.5218421046548,481.9058944919374,332.6965380383668,539.3716601531098,434.5218421046548,339.75373733008973,392.1786463543172,380.08059042564935,175.4218109656843,249.0183178650806,435.5300134320438,267.16540175808245,332.6965380383668,566.5922859926126,442.58721272376675,576.6739992665024,522.232747587497,742.0140969582968,283.2961429963063,483.92223714671536,363.9498491874255,306.4840835262531,496.0202930753832,359.91716387786954,390.1623036995392,241.96111857335768,643.2133068741758,486.9467511288823,392.1786463543172,469.80783856326946,265.14905910330447,358.90899255048055,303.4595695440861,526.265432897053,445.61172670593373,291.3615136154182,513.1592056409961,339.75373733008973,321.6066534370879,210.70780742429898,347.8191079492016,406.2930449377631,497.0284644027722,332.6965380383668,440.57087006898877,523.2409189148859,435.5300134320438,529.2899468792199,773.2674081073555,442.58721272376675,424.44012883076493,460.7342966167686,564.5759433378346,234.90391928163473,334.71288069314477,417.382929539042,424.44012883076493,275.23077237719434,483.92223714671536,480.8977231645484,481.9058944919374,567.6004573200015,380.08059042564935,344.7945939670347,317.57396812753194,738.9895829761299,215.74866406124391,347.8191079492016,546.4288594448327,416.374758211653,576.6739992665024,634.139764927675
B02010,99000000441,Synthetic Census Tract 99000000441,1.0,Total:,18.18125532542494,27.750337075648588,+/-29,16.26743897538021,19.138163500447302,19.138163500447302,19.138163500447302,16.26743897538021,9.569081750223651,18.18125532542494,17.224347150402572,14.353622625335477,12.439806275290747,17.224347150402572,26.793428900626225,18.18125532542494,14.353622625335477,13.396714450313112,15.310530800357842,47.845408751118256,23.922704375559128,21.05197985049203,18.18125532542494,22.0088880255144,13.396714450313112,29.664153425693318,34.448694300805144,24.879612550581495,18.18125532542494,12.439806275290747,40.19014335093934,13.396714450313112,20.09507167546967,15.310530800357842,10.525989925246016,10.525989925246016,6.698357225156556,21.05197985049203,24.879612550581495,11.482898100268383,11.482898100268383,22.965796200536765,9.569081750223651,30.621061600715684,4.7845408751118255,14.353622625335477,17.224347150402572,18.18125532542494,28.707245250670955,18.18125532542494,14.353622625335477,5.741449050134191,36.36251065084988,6.698357225156556,5.741449050134191,16.26743897538021,21.05197985049203,29.664153425693318,28.707245250670955,6.698357225156556,12.439806275290747,20.09507167546967,19.138163500447302,26.793428900626225,18.18125532542494,8.612173575201286,12.439806275290747,8.612173575201286,24.879612550581495,28.707245250670955,11.482898100268383,19.138163500447302,29.664153425693318,18.18125532542494,9.569081750223651,24.879612550581495,29.664153425693318,15.310530800357842,22.965796200536765,11.482898100268383,27.750337075648588,10.525989925246016,21.05197985049203,8.612173575201286
B02010,99000000442,Synthetic Census Tract 99000000442,1.0,Total:,41.01717567067477,59.366964786502955,+/-55,35.62017887190177,19.429188475582787,51.811169268220766,39.93777631092017,39.93777631092017,73.39915646331275,43.17597439018397,80.95495198159495,52.89056862797536,50.73176990846616,38.858376951165575,36.699578231656375,22.667386554846583,39.93777631092017,53.96996798772996,17.270389756073588,41.01717567067477,49.652370548711566,14.03219167680979,61.525763506012154,15.11159103656439,16.190990396318988,45.33477310969317,44.25537374993857,53.96996798772996,79.87555262184034,35.62017887190177,65.84336094503055,65.84336094503055,43.17597439018397,49.652370548711566,37.77897759141097,15.11159103656439,60.44636414625756,63.684562225521354,15.11159103656439,36.699578231656375,48.57297118895696,16.190990396318988,34.540779512147175,52.89056862797536,74.47855582306735,37.77897759141097,38.858376951165575,48.57297118895696,19.429188475582787,34.540779512147175,19.429188475582787,34.540779512147175,41.01717567067477,18.349789115828187,42.09657503042937,59.366964786502955,20.508587835337384,24.826185274355783,60.44636414625756,31.30258143288338,56.12876670723916,41.01717567067477,41.01717567067477,52.89056862797536,82.03435134134953,48.57297118895696,39.93777631092017,49.652370548711566,23.746785914601183,45.33477310969317,16.190990396318988,32.381980792637975,37.77897759141097,25.905584634110383,37.77897759141097,72.31975710355815,12.952792317055192,15.11159103656439,77.71675390233115,36.699578231656375,49.652370548711566,63.684562225521354,43.17597439018397,14.03219167680979
B02010,99000000443,Synthetic Census Tract 99000000443,1.0,Total:,0.0,13.258271927265849,+/-14,8.523174810385187,0.0,0.0,0.0,0.0,0.0,0.0,0.0,0.0,0.0,0.0,0.0,0.0,0.0,0.0,0.0,0.0,0.0,0.0,0.0,0.0,0.0,0.0,0.0,0.0,0.0,0.0,0.0,0.0,0.0,0.0,0.0,0.0,0.0,0.0,0.0,0.0,0.0,0.0,0.0,0.0,0.0,0.0,0.0,0.0,0.0,0.0,0.0,0.0,0.0,0.0,0.0,0.0,0.0,0.0,0.0,0.0,0.0,0.0,0.0,0.0,0.0,0.0,0.0,0.0,0.0,0.0,0.0,0.0,0.0,0.0,0.0,0.0,0.0,0.0,0.0,0.0,0.0,0.0,0.0,0.0
B02010,99000000444,Synthetic Census Tract 99000000444,1.0,Total:,38.60274184413342,56.93904422009679,+/-59,34.74246765972008,34.74246765972008,53.07877003568345,57.90411276620013,37.63767329803008,16.406165283756703,55.008907127890126,15.441096737653368,43.4280845746501,45.358221666856764,41.49794748244342,31.84726202141007,35.707536205823416,39.56781039023676,69.48493531944015,11.580822553240026,30.882193475306735,40.53287893634009,12.545891099343361,15.441096737653368,63.69452404282014,69.48493531944015,37.63767329803008,39.56781039023676,55.97397567399346,37.63767329803008,41.49794748244342,41.49794748244342,67.55479822723348,12.545891099343361,10.61575400713669,13.510959645446697,12.545891099343361,69.48493531944015,36.67260475192675,35.707536205823416,11.580822553240026,52.113701489580116,27.98698783699673,32.812330567513406,15.441096737653368,51.148632943476784,14.476028191550032,10.61575400713669,42.46301602854676,59.8342498584068,10.61575400713669,58.86918131230347,43.4280845746501,50.183564397373445,27.98698783699673,44.39315312075343,40.53287893634009,34.74246765972008,10.61575400713669,62.72945549671681,52.113701489580116,49.218495851270106,48.253427305166774,51.148632943476784,34.74246765972008,13.510959645446697,36.67260475192675,49.218495851270106,14.476028191550032,31.84726202141007,41.49794748244342,35.707536205823416,13.510959645446697,52.113701489580116,75.27534659606016,49.218495851270106,55.008907127890126,14.476028191550032,39.56781039023676,46.3232902129601,53.07877003568345,14.476028191550032,43.4280845746501,33.77739911361674,49.218495851270106
B02010,99000000445,Synthetic Census Tract 99000000445,1.0,Total:,103.85404443692062,116.83579999153571,+/-108,71.39965555038293,111.42673517711275,80.05415925345964,90.87228888230554,101.69041851115145,73.56328147615211,100.60860554826685,93.03591480807472,81.13597221634424,85.46322406788259,59.49971295865244,117.91761295442029,144.96293702653503,183.90820369038028,157.94469258115012,73.56328147615211,77.89053332769046,153.61744072961176,98.44497962249767,44.354331478268186,146.0447499894196,37.86345370096065,20.554446294807207,85.46322406788259,109.26310925134358,151.4538148038426,96.2813536967285,89.79047591942096,75.7269074019213,84.38141110499801,141.71749813788128,126.572116657497,146.0447499894196,97.36316665961309,91.95410184519014,146.0447499894196,135.22662036057372,64.90877777307539,97.36316665961309,135.22662036057372,161.19013146980387,102.77223147403603,81.13597221634424,75.7269074019213,99.52679258538227,74.6450944390367,112.50854813999734,101.69041851115145,82.21778517922883,89.79047591942096,69.23602962461375,130.89936850903538,155.78106665538093,172.0082610986498,176.33551295018813,76.80872036480588,65.99059073595998,150.37200184095798,101.69041851115145,46.51795740403736,144.96293702653503,38.94526666384523,23.799885183460976,80.05415925345964,102.77223147403603,153.61744072961176,99.52679258538227,90.87228888230554,80.05415925345964,88.70866295653637,117.91761295442029,112.50854813999734,152.53562776672717,99.52679258538227,90.87228888230554,124.40849073172784,111.42673517711275,68.15421666172917,103.85404443692062,99.52679258538227,143.88112406365045
B02010,99000000446,Synthetic Census Tract 99000000446,1.0,Total:,47.27769531967968,48.283603730736694,+/-48,29.17134392065342,29.17134392065342,57.33677943024983,60.35450466342087,34.20088597593849,59.348596252363855,41.242244853337596,74.43722241821906,55.32496260813579,56.33087101919281,23.135893454311333,60.35450466342087,45.26587849756565,26.153618687482375,58.34268784130684,68.40177195187698,47.27769531967968,32.18906915382446,37.21861120910953,61.36041307447788,37.21861120910953,63.37222989659191,26.153618687482375,61.36041307447788,42.24815326439461,46.271786908622666,74.43722241821906,42.24815326439461,55.32496260813579,48.283603730736694,52.30723737496475,60.35450466342087,62.3663214855349,62.3663214855349,37.21861120910953,35.206794386995504,37.21861120910953,37.21861120910953,51.301328963907736,39.23042803122356,57.33677943024983,30.177252331710434,45.26587849756565,56.33087101919281,46.271786908622666,58.34268784130684,40.236336442280574,79.46676447350414,64.37813830764892,46.271786908622666,16.09453457691223,56.33087101919281,32.18906915382446,26.153618687482375,61.36041307447788,87.51403176196025,33.194977564881476,40.236336442280574,43.254061675451624,42.24815326439461,27.15952709853939,63.37222989659191,22.12998504325432,44.25997008650864,41.242244853337596,45.26587849756565,62.3663214855349,35.206794386995504,57.33677943024983,56.33087101919281,54.31905419707878,53.313145786021764,57.33677943024983,67.39586354081997,26.153618687482375,30.177252331710434,43.254061675451624,47.27769531967968,61.36041307447788,66.38995512976295,56.33087101919281
B02010,99000000447,Synthetic Census Tract 99000000447,1.0,Total:,49.27778872452899,162.51185643195728,+/-155,98.55557744905798,0.0,72.34398770196809,143.63951181405258,57.66549744359775,69.1985969323173,0.0,94.3617230895236,0.0,0.0,81.78016001092044,13.63002666848674,61.85935180313213,74.44091488173528,24.114662567322696,34.59929846615865,31.453907696507862,19.920808207788312,0.0,30.40544410662427,88.07094155022202,14.678490258370337,47.1808615447618,66.05320616266651,127.91255796579864,36.69622564592584,41.938543595343816,102.74943180859235,17.823881028021123,0.0,80.73169642103684,35.64776205604225,112.18560411754471,72.34398770196809,0.0,30.40544410662427,83.87708719068763,31.453907696507862,0.0,37.74468923580944,0.0,67.10166975255011,65.00474257278292,12.581563078603146,16.775417438137527,11.53309948871955,105.89482257824314,13.63002666848674,69.1985969323173,77.58630565138607,35.64776205604225,17.823881028021123,0.0,8.387708719068764,80.73169642103684,32.50237128639146,104.84635898835954,204.4504000273011,155.17261130277214,87.02247796033842,4.193854359534382,37.74468923580944,81.78016001092044,0.0,25.163126157206293,20.969271797671908,74.44091488173528,4.193854359534382,92.2647959097564,65.00474257278292,23.0661989774391,93.31325949964,23.0661989774391,0.0,92.2647959097564,68.1501333424337,40.89008000546022,42.98700718522741,60.81088821324854,13.63002666848674,84.92555078057123
B02010,99000000448,Synthetic Census Tract 99000000448,1.0,Total:,183.26681258989558,161.88568445440777,+/-159,98.76044900677707,188.35755738405936,210.75683447837991,196.50274905472136,177.15791883689906,173.08532300156804,198.53904697238687,170.0308761250698,96.72415108911156,176.13976987806632,166.97642924857152,127.26861985409415,150.6860459072475,202.61164280771789,156.794939660244,228.0653667785367,159.84938653674226,163.92198237207327,246.39204803752628,177.15791883689906,96.72415108911156,220.93832406670745,120.14157714226488,183.26681258989558,73.30672503595824,172.0671740427353,245.37389907869354,194.46645113705588,222.97462198437296,147.63159903074921,247.41019699635905,240.28315428452976,217.8838771902092,217.8838771902092,167.9945782074043,176.13976987806632,249.44649491402456,193.44830217822312,125.23232193642865,188.35755738405936,251.48279283169006,133.37751360709066,307.4809855674915,154.7586417425785,259.6279845023521,219.9201751078747,169.01272716623703,269.8094740906796,117.08713026576662,157.81308861907675,175.12162091923355,182.24866363106284,166.97642924857152,192.43015321939038,208.7205365607144,188.35755738405936,148.64974798958198,131.34121568942516,218.90202614904194,165.95828028973878,125.23232193642865,220.93832406670745,108.9419385951046,144.57715215425097,117.08713026576662,231.119813655035,277.95466576134163,194.46645113705588,201.59349384888515,94.68785317144605,257.59168658468656,226.02906886087123,193.44830217822312,235.192409490366,199.55719593121964,96.72415108911156,185.3031105075611,217.8838771902092,106.9056406774391,205.66608968421616,287.1180063908364
B02010,99000000449,Synthetic Census Tract 99000000449,1.0,Total:,0.0,20.613756836037986,+/-20,12.36825410162279,0.0,0.0,0.0,0.0,0.0,0.0,0.0,0.0,0.0,0.0,0.0,0.0,0.0,0.0,0.0,0.0,0.0,0.0,0.0,0.0,0.0,0.0,0.0,0.0,0.0,0.0,0.0,0.0,0.0,0.0,0.0,0.0,0.0,0.0,0.0,0.0,0.0,0.0,0.0,0.0,0.0,0.0,0.0,0.0,0.0,0.0,0.0,0.0,0.0,0.0,0.0,0.0,0.0,0.0,0.0,0.0,0.0,0.0,0.0,0.0,0.0,0.0,0.0,0.0,0.0,0.0,0.0,0.0,0.0,0.0,0.0,0.0,0.0,0.0,0.0,0.0,0.0,0.0,0.0,0.0
B02010,99000000450,Synthetic Census Tract 99000000450,1.0,Total:,15.358026532847443,28.796299749088956,+/-30,17.277779849453374,15.358026532847443,29.756176407391923,17.277779849453374,18.237656507756338,33.59568304060378,15.358026532847443,5.759259949817791,18.237656507756338,4.799383291514826,28.796299749088956,5.759259949817791,11.518519899635582,5.759259949817791,11.518519899635582,29.756176407391923,31.67592972399785,20.15740982436227,5.759259949817791,9.598766583029652,27.836423090785992,3.839506633211861,7.679013266423722,20.15740982436227,14.398149874544478,24.956793115877094,38.39506633211861,19.197533166059305,25.91666977418006,15.358026532847443,20.15740982436227,19.197533166059305,4.799383291514826,19.197533166059305,3.839506633211861,12.478396557938547,13.438273216241512,4.799383291514826,19.197533166059305,22.0771631409682,21.117286482665236,19.197533166059305,17.277779849453374,23.037039799271163,3.839506633211861,4.799383291514826,16.317903191150407,22.0771631409682,24.956793115877094,22.0771631409682,5.759259949817791,24.956793115877094,24.956793115877094,23.99691645757413,13.438273216241512,5.759259949817791,3.839506633211861,13.438273216241512,34.55555969890675,17.277779849453374,5.759259949817791,29.756176407391923,32.635806382300814,4.799383291514826,14.398149874544478,26.876546432483025,6.719136608120756,15.358026532847443,4.799383291514826,16.317903191150407,21.117286482665236,15.358026532847443,19.197533166059305,16.317903191150407,22.0771631409682,19.197533166059305,12.478396557938547,21.117286482665236,10.558643241332618,5.759259949817791,18.237656507756338
B02010,99000000451,Synthetic Census Tract 99000000451,1.0,Total:,48.36199502859196,48.36199502859196,+/-51,29.39650678208531,54.05164150254396,68.27575768742395,48.36199502859196,54.05164150254396,70.17230651207461,28.448232369759978,28.448232369759978,36.98270208068797,29.39650678208531,68.27575768742395,40.7757997299893,64.48266003812262,60.68956238882129,60.68956238882129,56.896464739519956,46.4654462039413,46.4654462039413,43.6206229669653,53.103367090218626,57.84473915184529,60.68956238882129,63.534385625797285,19.913762658831985,58.79301356417062,73.96540416137594,56.896464739519956,62.58611121347195,35.086153256037306,31.293055606735976,43.6206229669653,37.930976493013304,41.724074142314635,33.18960443138664,37.930976493013304,28.448232369759978,44.56889737929063,54.05164150254396,29.39650678208531,24.655134720458648,51.20681826556796,81.5515994599786,64.48266003812262,28.448232369759978,68.27575768742395,69.22403209974928,45.517171791615965,46.4654462039413,28.448232369759978,40.7757997299893,52.15509267789329,39.82752531766397,54.99991591486929,38.87925090533864,53.103367090218626,40.7757997299893,65.43093445044795,77.75850181067727,22.758585895807983,28.448232369759978,30.344781194410643,41.724074142314635,58.79301356417062,49.310269440917295,33.18960443138664,58.79301356417062,39.82752531766397,36.98270208068797,36.98270208068797,23.706860308133315,68.27575768742395,33.18960443138664,68.27575768742395,40.7757997299893,46.4654462039413,47.41372061626663,32.24133001906131,50.25854385324263,42.67234855463997,47.41372061626663,22.758585895807983
B02010,99000000452,Synthetic Census Tract 99000000452,1.0,Total:,28.93495408301199,30.86395102187946,+/-32,18.325470919240928,10.609483163771063,30.86395102187946,27.005957144144524,32.79294796074692,40.50893571621679,28.93495408301199,27.97045561357826,25.07696020527706,29.899452552445727,27.005957144144524,19.289969388674663,38.57993877734933,14.467477041505996,17.360972449807196,27.97045561357826,26.041458674710793,31.82844949131319,25.07696020527706,35.68644336904812,22.183464796975862,29.899452552445727,41.473434185650525,16.39647398037346,20.254467858108395,38.57993877734933,19.289969388674663,37.61544030791559,29.899452552445727,42.43793265508425,39.544437246783055,35.68644336904812,33.75744643018066,31.82844949131319,39.544437246783055,16.39647398037346,12.53848010263853,37.61544030791559,36.650941838481856,17.360972449807196,40.50893571621679,19.289969388674663,33.75744643018066,39.544437246783055,31.82844949131319,31.82844949131319,28.93495408301199,37.61544030791559,31.82844949131319,17.360972449807196,35.68644336904812,12.53848010263853,27.97045561357826,14.467477041505996,10.609483163771063,29.899452552445727,23.147963266409594,35.68644336904812,36.650941838481856,22.183464796975862,51.11841887998785,39.544437246783055,27.005957144144524,16.39647398037346,8.680486224903598,25.07696020527706,38.57993877734933,38.57993877734933,30.86395102187946,22.183464796975862,27.97045561357826,25.07696020527706,28.93495408301199,36.650941838481856,33.75744643018066,16.39647398037346,16.39647398037346,24.112461735843326,40.50893571621679,14.467477041505996,31.82844949131319
B02010,99000000453,Synthetic Census Tract 99000000453,1.0,Total:,80.07359490223486,115.45495078926888,+/-124,69.83162346125134,90.31556634321839,109.86842091236876,145.24977679940278,90.31556634321839,38.17462082548406,152.69848330193625,27.932649384500536,107.07515597391871,57.72747539463444,108.93733259955208,70.76271177406802,77.28032996378481,61.45182864590117,117.31712741490225,44.692239015200855,90.31556634321839,75.41815333815144,32.588090948583954,39.105709138300746,62.38291695871786,33.51917926140064,84.72903646631829,77.28032996378481,28.86373769731722,79.14250658941818,67.03835852280127,83.79794815350161,32.588090948583954,106.14406766110203,142.45651186095273,106.14406766110203,126.62801054306908,57.72747539463444,82.86685984068492,69.83162346125134,117.31712741490225,46.55441564083422,103.35080272265198,82.86685984068492,25.13938444605048,78.21141827660149,30.725914322950587,40.96788576393412,95.9020962201185,160.14718980446972,43.76115070238417,124.76583391743571,124.76583391743571,62.38291695871786,93.10883128166844,63.31400527153454,77.28032996378481,67.96944683561797,32.588090948583954,146.18086511221946,74.48706502533476,73.55597671251807,122.90365729180235,120.1103923533523,91.24665465603508,113.59277416363551,99.62644947138524,69.83162346125134,133.14562873278587,87.52230140476834,61.45182864590117,90.31556634321839,108.93733259955208,37.24353251266738,33.51917926140064,32.588090948583954,33.51917926140064,126.62801054306908,81.00468321505154,69.83162346125134,27.00156107168385,153.62957161475293,102.4197144098353,76.34924165096812,86.59121309195166
B02010,99000000454,Synthetic Census Tract 99000000454,1.0,Total:,38.69506343009382,40.844789176210135,+/-38,24.721846080337716,38.69506343009382,36.54533768397749,26.871571826454037,44.069377795384625,36.54533768397749,49.44369216067543,16.122943095872422,35.47047481091933,45.144240668442784,29.02129757257036,22.572120334221392,32.245886191744844,25.79670895339588,39.769926303151976,53.743143652908074,42.99451492232646,64.49177238348969,46.21910354150094,18.272668841988747,33.32074906480301,26.871571826454037,26.871571826454037,24.721846080337716,40.844789176210135,19.34753171504691,50.51855503373359,50.51855503373359,38.69506343009382,55.8928693990244,53.743143652908074,64.49177238348969,22.572120334221392,46.21910354150094,41.9196520492683,25.79670895339588,26.871571826454037,26.871571826454037,46.21910354150094,60.19232089125705,62.34204663737337,37.62020055703565,39.769926303151976,38.69506343009382,22.572120334221392,27.9464346995122,54.81800652596624,48.36882928761727,33.32074906480301,27.9464346995122,34.39561193786117,22.572120334221392,36.54533768397749,59.11745801819888,38.69506343009382,13.9732173497561,32.245886191744844,21.49725746116323,33.32074906480301,62.34204663737337,29.02129757257036,37.62020055703565,55.8928693990244,56.967732272082564,36.54533768397749,39.769926303151976,21.49725746116323,29.02129757257036,19.34753171504691,39.769926303151976,32.245886191744844,32.245886191744844,59.11745801819888,33.32074906480301,24.721846080337716,45.144240668442784,50.51855503373359,44.069377795384625,35.47047481091933,39.769926303151976,29.02129757257036
B02010,99000000455,Synthetic Census Tract 99000000455,1.0,Total:,1.9132987733000457,3.8265975466000914,+/-4,2.8699481599500687,2.8699481599500687,2.8699481599500687,0.0,0.9566493866500229,2.8699481599500687,1.9132987733000457,2.8699481599500687,0.0,2.8699481599500687,0.0,2.8699481599500687,2.8699481599500687,2.8699481599500687,2.8699481599500687,2.8699481599500687,0.9566493866500229,2.8699481599500687,2.8699481599500687,2.8699481599500687,2.8699481599500687,2.8699481599500687,2.8699481599500687,2.8699481599500687,3.8265975466000914,2.8699481599500687,2.8699481599500687,2.8699481599500687,2.8699481599500687,0.0,3.8265975466000914,2.8699481599500687,0.0,0.0,0.0,2.8699481599500687,2.8699481599500687,0.0,1.9132987733000457,3.8265975466000914,2.8699481599500687,2.8699481599500687,2.8699481599500687,2.8699481599500687,3.8265975466000914,2.8699481599500687,2.8699481599500687,2.8699481599500687,2.8699481599500687,0.0,2.8699481599500687,2.8699481599500687,0.0,0.0,0.0,2.8699481599500687,2.8699481599500687,0.0,2.8699481599500687,2.8699481599500687,2.8699481599500687,2.8699481599500687,2.8699481599500687,0.0,0.0,2.8699481599500687,2.8699481599500687,2.8699481599500687,0.0,3.8265975466000914,0.9566493866500229,1.9132987733000457,2.8699481599500687,2.8699481599500687,2.8699481599500687,2.8699481599500687,0.0,2.8699481599500687,3.8265975466000914,2.8699481599500687,2.8699481599500687
B02010,99000000456,Synthetic Census Tract 99000000456,1.0,Total:,0.0,20.24595757765754,+/-20,12.147574546594523,0.0,0.0,0.0,0.0,0.0,0.0,0.0,0.0,0.0,0.0,0.0,0.0,0.0,0.0,0.0,0.0,0.0,0.0,0.0,0.0,0.0,0.0,0.0,0.0,0.0,0.0,0.0,0.0,0.0,0.0,0.0,0.0,0.0,0.0,0.0,0.0,0.0,0.0,0.0,0.0,0.0,0.0,0.0,0.0,0.0,0.0,0.0,0.0,0.0,0.0,0.0,0.0,0.0,0.0,0.0,0.0,0.0,0.0,0.0,0.0,0.0,0.0,0.0,0.0,0.0,0.0,0.0,0.0,0.0,0.0,0.0,0.0,0.0,0.0,0.0,0.0,0.0,0.0,0.0,0.0
B02010,99000000457,Synthetic Census Tract 99000000457,1.0,Total:,0.0,14.81752839039585,+/-14,9.525553965254474,0.0,0.0,0.0,0.0,0.0,0.0,0.0,0.0,0.0,0.0,0.0,0.0,0.0,0.0,0.0,0.0,0.0,0.0,0.0,0.0,0.0,0.0,0.0,0.0,0.0,0.0,0.0,0.0,0.0,0.0,0.0,0.0,0.0,0.0,0.0,0.0,0.0,0.0,0.0,0.0,0.0,0.0,0.0,0.0,0.0,0.0,0.0,0.0,0.0,0.0,0.0,0.0,0.0,0.0,0.0,0.0,0.0,0.0,0.0,0.0,0.0,0.0,0.0,0.0,0.0,0.0,0.0,0.0,0.0,0.0,0.0,0.0,0.0,0.0,0.0,0.0,0.0,0.0,0.0,0.0
B02010,99000000458,Synthetic Census Tract 99000000458,1.0,Total:,34.87323912187971,39.10029840938029,+/-37,24.305590903128287,42.27059287500572,48.611181806256575,45.44088734063114,33.81647430000457,29.589415012504,19.021766793752573,23.248826081253142,29.589415012504,23.248826081253142,47.554416984381426,10.56764821875143,58.122065203132856,31.702944656254285,42.27059287500572,59.178830025008,35.930003943754855,29.589415012504,31.702944656254285,30.646179834379144,28.532650190628857,13.737942684376858,33.81647430000457,38.043533587505145,29.589415012504,23.248826081253142,26.41912054687857,29.589415012504,40.15706323125543,38.043533587505145,33.81647430000457,46.497652162506284,30.646179834379144,50.72471145000686,26.41912054687857,26.41912054687857,14.794707506252,22.192061259378,43.32735769688086,35.930003943754855,56.00853555938257,27.475885368753715,17.965001971877427,29.589415012504,39.10029840938029,44.384122518756,44.384122518756,33.81647430000457,51.781476271882,45.44088734063114,14.794707506252,48.611181806256575,16.908237150002286,26.41912054687857,14.794707506252,16.908237150002286,39.10029840938029,27.475885368753715,32.75970947812943,29.589415012504,30.646179834379144,58.122065203132856,57.065300381257714,20.078531615627714,34.87323912187971,40.15706323125543,34.87323912187971,38.043533587505145,11.624413040626571,39.10029840938029,42.27059287500572,26.41912054687857,27.475885368753715,17.965001971877427,38.043533587505145,32.75970947812943,38.043533587505145,52.83824109375714,20.078531615627714,21.13529643750286,21.13529643750286
B02010,99000000459,Synthetic Census Tract 99000000459,1.0,Total:,143.2132014989416,182.72029156761513,+/-185,111.60752944400276,184.69564607104883,140.25016974379108,193.58474133650037,65.18669861331135,160.00371477812786,262.72214895667906,163.9544237849952,225.1904133914392,183.707968819332,60.248312354727155,122.47197921288799,41.48244457210722,131.36107447833953,160.9913920298447,68.14973036846186,130.3733972266227,87.90327540279864,199.5108048468014,197.53545034336773,120.49662470945431,118.52127020602063,172.84351905044676,159.01603752641103,72.10043937532922,147.16391050580896,149.13926500924262,130.3733972266227,248.89466743264333,171.85584179872993,83.95256639593129,131.36107447833953,72.10043937532922,157.04068302297733,136.29946073692372,63.21134410987767,169.88048729529623,69.1374076201787,275.561953228998,209.3875773639698,192.59706408478354,168.8928100435794,193.58474133650037,140.25016974379108,250.87002193607702,145.18855600237526,95.80469341653334,116.54591570258695,84.94024364764812,60.248312354727155,204.4491911053856,131.36107447833953,190.62170958134985,142.22552424722477,151.1146195126763,191.60938683306668,193.58474133650037,191.60938683306668,56.2976033478598,48.39618533412509,129.38571997490587,145.18855600237526,182.72029156761513,189.63403232963302,196.5477730916509,110.61985219228592,56.2976033478598,170.8681645470131,69.1374076201787,75.06347113047974,210.37525461568663,128.398042723189,207.4122228605361,141.23784699550794,130.3733972266227,243.95628117405914,143.2132014989416,199.5108048468014,85.92792089936496,69.1374076201787,144.20087875065843
B02010,99000000460,Synthetic Census Tract 99000000460,1.0,Total:,187.10727480286087,171.18325141538335,+/-172,103.5061520186039,97.53464324829983,160.23548533649256,240.85085373559752,162.22598825992725,185.11677187942618,284.6419180511607,237.8650993504455,92.55838593971309,125.40168417638549,118.43492394436407,185.11677187942618,207.0123040372078,181.1357660325568,245.82711104418425,245.82711104418425,221.94107596296797,219.95057303953328,207.0123040372078,184.12152041770884,84.59637424597433,117.43967248264673,185.11677187942618,246.8223625059016,239.85560227388018,224.92683034812,218.95532157781594,174.1690058005354,145.30671341073239,114.4539180974947,138.33995317871097,194.07403503488231,193.07878357316497,192.08353211144762,145.30671341073239,165.21174264507928,242.84135665903221,243.83660812074956,244.8318595824669,183.1262689559915,129.38269002325487,122.41592979123345,201.04079526690373,217.9600701160986,200.04554380518638,193.07878357316497,239.85560227388018,170.187999953666,71.65810524364885,93.55363740143044,127.39218709982018,200.04554380518638,257.7701285847924,198.0550408817517,213.9790642692292,191.08828064973028,249.80811689105363,248.81286542933628,224.92683034812,210.99330988407718,73.64860816708354,123.4111812529508,200.04554380518638,277.6751578191393,203.03129819033842,204.02654965205576,263.7416373550965,173.17375433881804,153.26872510447114,99.52514617173452,112.46341517406,198.0550408817517,151.27822218103645,130.3779414849722,209.99805842235983,192.08353211144762,217.9600701160986,260.7558829699444,231.89359058014142,208.00755549892514,115.44916955921204
B02010,99000000461,Synthetic Census Tract 99000000461,1.0,Total:,41.75973329190619,62.63959993785928,+/-57,38.46291224254517,70.33218238636832,38.46291224254517,15.385164897018068,45.0565543412672,48.353375390628216,86.81628763317339,42.858673641693194,17.58304559659208,28.57244909446213,13.18728419744406,51.65019643998923,39.56185259233218,15.385164897018068,17.58304559659208,47.254435040841216,34.06715084339715,46.15549469105421,58.24383853871126,45.0565543412672,17.58304559659208,16.484105246805075,50.55125609020223,71.43112273615532,8.79152279829604,29.671389444249133,19.78092629616609,40.66079294211918,70.33218238636832,34.06715084339715,50.55125609020223,15.385164897018068,51.65019643998923,81.32158588423836,61.54065958807227,52.74913678977624,50.55125609020223,41.75973329190619,40.66079294211918,27.473508744675122,13.18728419744406,18.681985946379083,57.14489818892426,64.83748063743329,12.088343847657054,53.848077139563244,19.78092629616609,41.75973329190619,57.14489818892426,28.57244909446213,46.15549469105421,17.58304559659208,48.353375390628216,79.12370518466436,61.54065958807227,37.363971892758165,70.33218238636832,49.45231574041522,42.858673641693194,45.0565543412672,74.72794378551633,64.83748063743329,39.56185259233218,19.78092629616609,53.848077139563244,40.66079294211918,67.0353613370073,43.9576139914802,14.286224547231065,25.275628045101115,13.18728419744406,62.63959993785928,37.363971892758165,18.681985946379083,12.088343847657054,42.858673641693194,45.0565543412672,38.46291224254517,38.46291224254517,38.46291224254517,60.44171923828527
B02010,99000000462,Synthetic Census Tract 99000000462,1.0,Total:,12.41903394474966,15.523792430937075,+/-15,9.314275458562244,20.6983899079161,12.41903394474966,13.453953440145465,19.663470412520294,9.314275458562244,9.314275458562244,15.523792430937075,14.48887293554127,12.41903394474966,24.83806788949932,13.453953440145465,15.523792430937075,14.48887293554127,10.34919495395805,13.453953440145465,9.314275458562244,11.384114449353854,10.34919495395805,9.314275458562244,13.453953440145465,3.104758486187415,5.174597476979025,9.314275458562244,19.663470412520294,16.55871192633288,10.34919495395805,7.244436467770635,11.384114449353854,9.314275458562244,9.314275458562244,15.523792430937075,18.62855091712449,21.733309403311903,12.41903394474966,11.384114449353854,12.41903394474966,11.384114449353854,17.593631421728684,8.27935596316644,15.523792430937075,9.314275458562244,13.453953440145465,8.27935596316644,11.384114449353854,16.55871192633288,19.663470412520294,10.34919495395805,11.384114449353854,15.523792430937075,5.174597476979025,8.27935596316644,12.41903394474966,12.41903394474966,16.55871192633288,10.34919495395805,15.523792430937075,13.453953440145465,14.48887293554127,18.62855091712449,4.13967798158322,21.733309403311903,19.663470412520294,18.62855091712449,7.244436467770635,7.244436467770635,12.41903394474966,13.453953440145465,16.55871192633288,18.62855091712449,24.83806788949932,10.34919495395805,5.174597476979025,3.104758486187415,8.27935596316644,12.41903394474966,13.453953440145465,11.384114449353854,9.314275458562244,14.48887293554127,10.34919495395805
B02010,99000000463,Synthetic Census Tract 99000000463,1.0,Total:,188.13820088637306,136.0547441438178,+/-128,82.90835971263897,213.6484654133389,165.81671942527794,158.37622560491292,164.75379173665436,151.99865947317144,159.4391532935365,166.8796471139015,170.06843017977224,254.0397175810348,208.333826970221,204.0821162157267,212.58553772471532,201.95626083847955,155.18744253904217,188.13820088637306,151.99865947317144,200.89333314985598,203.01918852710313,158.37622560491292,197.70455008398525,277.42412673075347,190.2640562636202,151.99865947317144,184.94941782050233,196.64162239536165,206.20797159297385,161.56500867078364,176.4459963115137,195.57869470673808,257.2285006469055,187.07527319774948,229.59238074269254,243.41044069479904,181.76063475463158,173.257213245643,171.13135786839584,196.64162239536165,265.73192215589415,161.56500867078364,193.45283932949093,138.18059952106495,170.06843017977224,207.27089928159742,193.45283932949093,241.2845853175519,216.83724847920962,327.3817280960616,232.78116380856326,145.62109334143,162.62793635940722,230.65530843131612,216.83724847920962,102.04105810786335,211.52261003609175,263.606066778647,181.76063475463158,178.57185168876086,179.63477937738443,246.59922376066976,188.13820088637306,176.4459963115137,126.48839494620562,254.0397175810348,220.02603154508034,176.4459963115137,197.70455008398525,224.27774229957464,141.36938258693567,102.04105810786335,195.57869470673808,232.78116380856326,213.6484654133389,160.50208098216007,227.4665253654454,284.8646205511185,191.32698395224378,145.62109334143,121.17375650308773,150.93573178454787,199.8304054612324
B02010,99000000464,Synthetic Census Tract 99000000464,1.0,Total:,0.0,21.61021587687693,+/-20,12.966129526126158,0.0,0.0,0.0,0.0,0.0,0.0,0.0,0.0,0.0,0.0,0.0,0.0,0.0,0.0,0.0,0.0,0.0,0.0,0.0,0.0,0.0,0.0,0.0,0.0,0.0,0.0,0.0,0.0,0.0,0.0,0.0,0.0,0.0,0.0,0.0,0.0,0.0,0.0,0.0,0.0,0.0,0.0,0.0,0.0,0.0,0.0,0.0,0.0,0.0,0.0,0.0,0.0,0.0,0.0,0.0,0.0,0.0,0.0,0.0,0.0,0.0,0.0,0.0,0.0,0.0,0.0,0.0,0.0,0.0,0.0,0.0,0.0,0.0,0.0,0.0,0.0,0.0,0.0,0.0,0.0
B02010,99000000465,Synthetic Census Tract 99000000465,1.0,Total:,0.0,14.80525154144215,+/-14,9.517661705212811,0.0,0.0,0.0,0.0,0.0,0.0,0.0,0.0,0.0,0.0,0.0,0.0,0.0,0.0,0.0,0.0,0.0,0.0,0.0,0.0,0.0,0.0,0.0,0.0,0.0,0.0,0.0,0.0,0.0,0.0,0.0,0.0,0.0,0.0,0.0,0.0,0.0,0.0,0.0,0.0,0.0,0.0,0.0,0.0,0.0,0.0,0.0,0.0,0.0,0.0,0.0,0.0,0.0,0.0,0.0,0.0,0.0,0.0,0.0,0.0,0.0,0.0,0.0,0.0,0.0,0.0,0.0,0.0,0.0,0.0,0.0,0.0,0.0,0.0,0.0,0.0,0.0,0.0,0.0,0.0
B02010,99000000466,Synthetic Census Tract 99000000466,1.0,Total:,54.34808040146139,66.52954669834067,+/-71,40.292542366600685,74.02583365026638,81.52212060219208,61.84436735338709,62.78140322237781,68.40361843632209,86.20729994714564,55.2851162704521,65.59251082934995,24.362932593758554,66.52954669834067,14.055538034860703,54.34808040146139,77.77397712622923,48.72586518751711,24.362932593758554,14.992573903851417,101.19987385099707,66.52954669834067,24.362932593758554,44.04068584256354,31.85921954568426,65.59251082934995,32.796255414674974,39.35550649760997,76.83694125723851,43.10364997357282,70.27769017430352,55.2851162704521,49.66290105650782,55.2851162704521,68.40361843632209,59.033259746414956,32.796255414674974,42.16661410458211,59.97029561540567,44.04068584256354,35.60736302164712,72.15176191228494,65.59251082934995,33.733291283665686,59.97029561540567,44.04068584256354,62.78140322237781,43.10364997357282,61.84436735338709,40.292542366600685,65.59251082934995,46.85179344953568,66.52954669834067,57.159188008433524,89.9554434231085,59.97029561540567,59.033259746414956,48.72586518751711,47.78882931852639,73.08879778127566,44.04068584256354,49.66290105650782,56.22215213944281,95.57765863705278,89.9554434231085,44.97772171155425,86.20729994714564,53.411044532470676,26.23700433173998,68.40361843632209,19.677753248804986,51.536972794489245,51.536972794489245,25.299968462749266,59.97029561540567,22.488860855777126,83.39619234017351,78.71101299521995,43.10364997357282,44.97772171155425,69.34065430531281,21.55182498678641,44.97772171155425,108.69616080292278
B02010,99000000467,Synthetic Census Tract 99000000467,1.0,Total:,22.273551228445317,35.435195136163,+/-35,21.261117081697805,35.435195136163,23.28598537519283,7.087039027232601,11.136775614222659,23.28598537519283,32.39789269592046,6.0746048804850865,55.68387807111329,23.28598537519283,28.348156108930404,25.310853668687862,25.310853668687862,22.273551228445317,26.323287815435375,7.087039027232601,25.310853668687862,16.19894634796023,15.186512201212716,28.348156108930404,23.28598537519283,24.298419521940346,34.422760989415494,16.19894634796023,21.261117081697805,42.52223416339561,21.261117081697805,25.310853668687862,28.348156108930404,41.50980001664809,11.136775614222659,6.0746048804850865,9.11190732072763,8.099473173980115,37.460063429658035,24.298419521940346,23.28598537519283,6.0746048804850865,23.28598537519283,18.22381464145526,36.44762928291052,9.11190732072763,23.28598537519283,24.298419521940346,34.422760989415494,29.36059025567792,6.0746048804850865,36.44762928291052,11.136775614222659,24.298419521940346,25.310853668687862,21.261117081697805,23.28598537519283,16.19894634796023,19.236248788202772,32.39789269592046,6.0746048804850865,16.19894634796023,14.174078054465202,9.11190732072763,35.435195136163,28.348156108930404,5.062170733737572,21.261117081697805,21.261117081697805,9.11190732072763,21.261117081697805,19.236248788202772,25.310853668687862,9.11190732072763,41.50980001664809,34.422760989415494,36.44762928291052,34.422760989415494,8.099473173980115,25.310853668687862,16.19894634796023,36.44762928291052,7.087039027232601,22.273551228445317,9.11190732072763
B02010,99000000468,Synthetic Census Tract 99000000468,1.0,Total:,1.840757662925818,3.681515325851636,+/-4,2.761136494388727,2.761136494388727,2.761136494388727,0.0,0.920378831462909,2.761136494388727,1.840757662925818,2.761136494388727,0.0,2.761136494388727,0.0,2.761136494388727,2.761136494388727,2.761136494388727,2.761136494388727,2.761136494388727,0.920378831462909,2.761136494388727,2.761136494388727,2.761136494388727,2.761136494388727,2.761136494388727,2.761136494388727,2.761136494388727,3.681515325851636,2.761136494388727,2.761136494388727,2.761136494388727,2.761136494388727,0.0,3.681515325851636,2.761136494388727,0.0,0.0,0.0,2.761136494388727,2.761136494388727,0.0,1.840757662925818,3.681515325851636,2.761136494388727,2.761136494388727,2.761136494388727,2.761136494388727,3.681515325851636,2.761136494388727,2.761136494388727,2.761136494388727,2.761136494388727,0.0,2.761136494388727,2.761136494388727,0.0,0.0,0.0,2.761136494388727,2.761136494388727,0.0,2.761136494388727,2.761136494388727,2.761136494388727,2.761136494388727,2.761136494388727,0.0,0.0,2.761136494388727,2.761136494388727,2.761136494388727,0.0,3.681515325851636,0.920378831462909,1.840757662925818,2.761136494388727,2.761136494388727,2.761136494388727,2.761136494388727,0.0,2.761136494388727,3.681515325851636,2.761136494388727,2.761136494388727
B02010,99000000469,Synthetic Census Tract 99000000469,1.0,Total:,5.152922126563999,8.244675402502398,+/-8,5.152922126563999,1.0305844253127998,5.152922126563999,4.122337701251199,9.275259827815198,4.122337701251199,1.0305844253127998,3.0917532759383994,2.0611688506255996,9.275259827815198,5.152922126563999,2.0611688506255996,1.0305844253127998,4.122337701251199,7.214090977189599,3.0917532759383994,3.0917532759383994,6.183506551876799,7.214090977189599,7.214090977189599,6.183506551876799,2.0611688506255996,9.275259827815198,4.122337701251199,5.152922126563999,6.183506551876799,2.0611688506255996,6.183506551876799,1.0305844253127998,8.244675402502398,5.152922126563999,1.0305844253127998,2.0611688506255996,5.152922126563999,5.152922126563999,4.122337701251199,4.122337701251199,5.152922126563999,5.152922126563999,5.152922126563999,2.0611688506255996,10.305844253127997,1.0305844253127998,4.122337701251199,2.0611688506255996,4.122337701251199,6.183506551876799,7.214090977189599,7.214090977189599,2.0611688506255996,3.0917532759383994,8.244675402502398,8.244675402502398,5.152922126563999,4.122337701251199,4.122337701251199,6.183506551876799,2.0611688506255996,1.0305844253127998,5.152922126563999,2.0611688506255996,8.244675402502398,1.0305844253127998,4.122337701251199,1.0305844253127998,5.152922126563999,5.152922126563999,3.0917532759383994,6.183506551876799,2.0611688506255996,7.214090977189599,7.214090977189599,6.183506551876799,3.0917532759383994,5.152922126563999,6.183506551876799,3.0917532759383994,5.152922126563999,2.0611688506255996,4.122337701251199,7.214090977189599
B02010,99000000470,Synthetic Census Tract 99000000470,1.0,Total:,135.29266581905773,103.65163913556842,+/-95,63.28205336697861,110.19805844939378,85.10345107972985,93.83201016483035,118.92661753449428,117.83554764885672,118.92661753449428,123.29089707704453,108.01591867811867,121.10875730576942,153.84085387489628,150.5676442179836,90.55880050791767,93.83201016483035,102.56056924993085,128.74624650523234,88.37666073664253,142.93015501852065,162.56941295999678,118.92661753449428,147.29443456107091,114.56233799194403,114.56233799194403,122.19982719140697,181.11760101583533,105.83377890684353,169.11583227382215,134.20159593342015,154.93192376053383,136.38373570469528,174.57118170200997,166.93369250254702,139.65694536160797,176.75332147328507,157.11406353180897,173.48011181637239,139.65694536160797,116.74447776321917,172.38904193073483,85.10345107972985,56.735634053153234,115.6534078775816,121.10875730576942,74.19275222335423,108.01591867811867,81.83024142281717,141.8390851328831,97.10521982174303,127.65517661959478,186.57295044402315,125.47303684831965,132.01945616214502,103.65163913556842,96.01414993610548,114.56233799194403,156.02299364617141,114.56233799194403,98.1962897073806,130.92838627650747,99.28735959301817,165.84262261690947,152.7497839892587,132.01945616214502,151.65871410362115,177.84439135892265,157.11406353180897,153.84085387489628,110.19805844939378,177.84439135892265,140.74801524724552,146.20336467543333,180.02653113019778,130.92838627650747,96.01414993610548,151.65871410362115,116.74447776321917,111.28912833503135,220.39611689878757,188.75509021529828,139.65694536160797,102.56056924993085
B02010,99000000471,Synthetic Census Tract 99000000471,1.0,Total:,16.040742605760357,29.073845972940646,+/-29,18.045835431480402,16.040742605760357,6.015278477160134,12.030556954320268,21.053474670060467,22.05602108292049,5.012732064300112,6.015278477160134,6.015278477160134,15.038196192900335,5.012732064300112,27.068753147220605,13.03310336718029,26.06620673436058,28.071299560080625,22.05602108292049,19.048381844340426,6.015278477160134,16.040742605760357,10.025464128600223,10.025464128600223,10.025464128600223,20.050928257200447,11.028010541460246,6.015278477160134,31.078938798660694,28.071299560080625,40.10185651440089,16.040742605760357,25.063660321500556,15.038196192900335,4.010185651440089,33.084031624380735,7.017824890020156,15.038196192900335,19.048381844340426,6.015278477160134,28.071299560080625,14.035649780040313,20.050928257200447,12.030556954320268,16.040742605760357,7.017824890020156,18.045835431480402,18.045835431480402,23.058567495780515,6.015278477160134,5.012732064300112,12.030556954320268,16.040742605760357,3.007639238580067,22.05602108292049,11.028010541460246,37.094217275820824,33.084031624380735,32.081485211520715,18.045835431480402,3.007639238580067,17.043289018620378,17.043289018620378,24.061113908640536,12.030556954320268,17.043289018620378,15.038196192900335,11.028010541460246,24.061113908640536,19.048381844340426,37.094217275820824,13.03310336718029,28.071299560080625,17.043289018620378,8.020371302880179,18.045835431480402,4.010185651440089,7.017824890020156,11.028010541460246,6.015278477160134,27.068753147220605,14.035649780040313,22.05602108292049,21.053474670060467
B02010,99000000472,Synthetic Census Tract 99000000472,1.0,Total:,67.08842590300164,65.11523690585453,+/-66,39.46377994294214,61.16885891156032,30.58442945578016,49.32972492867768,52.289508424398335,76.95437088873717,44.39675243580991,70.0482093987223,75.96777639016362,34.53080745007437,83.86053237875205,60.18226441298677,70.0482093987223,60.18226441298677,40.45037444151569,75.96777639016362,61.16885891156032,60.18226441298677,57.222480917266104,89.78009937019337,88.79350487161982,80.90074888303138,95.6996663616347,53.27610292297189,70.0482093987223,44.39675243580991,86.82031587447271,49.32972492867768,58.209075415839656,79.91415438445783,74.98118189159007,104.57901684879667,107.53880034451734,72.02139839586941,54.26269742154545,69.06161490014874,88.79350487161982,62.15545341013387,86.82031587447271,97.6728553587818,103.59242235022312,68.07502040157519,92.73988286591403,82.8739378801785,91.75328836734047,72.02139839586941,98.65944985735536,67.08842590300164,43.410157937236356,73.99458739301652,77.94096538731073,96.68626086020825,99.64604435592891,38.47718544436859,80.90074888303138,95.6996663616347,62.15545341013387,38.47718544436859,75.96777639016362,75.96777639016362,47.35653593153057,43.410157937236356,54.26269742154545,52.289508424398335,66.10183140442808,73.00799289444296,28.611240458633052,81.88734338160494,43.410157937236356,98.65944985735536,50.31631942725123,43.410157937236356,47.35653593153057,65.11523690585453,50.31631942725123,73.00799289444296,57.222480917266104,57.222480917266104,75.96777639016362,56.23588641869255,31.571023954353713
B02010,99000000473,Synthetic Census Tract 99000000473,1.0,Total:,57.15161866786885,70.75914692212335,+/-78,42.636921863330734,49.89427026559979,45.358427514181635,63.50179851985428,81.64516952552694,19.050539555956284,38.10107911191257,118.83908008715588,67.13047272098882,39.91541621247983,95.25269777978143,60.78029286900339,67.13047272098882,69.8519783718397,49.89427026559979,78.01649532439241,93.43836067921416,52.615775916450694,51.70860736616706,35.379573461061675,76.20215822382514,35.379573461061675,67.13047272098882,36.286742011345304,37.19391056162894,75.29498967354151,71.66631547240698,39.91541621247983,51.70860736616706,83.4595066260942,39.91541621247983,35.379573461061675,45.358427514181635,42.636921863330734,91.6240235786469,95.25269777978143,62.594629969570654,47.1727646147489,60.78029286900339,86.1810122769451,73.48065257297425,61.68746141928702,52.615775916450694,75.29498967354151,87.08818082722874,31.75089925992714,37.19391056162894,75.29498967354151,66.22330417070518,48.07993316503253,68.03764127127245,76.20215822382514,50.80143881588343,77.10932677410878,48.07993316503253,53.52294446673432,93.43836067921416,65.31613562042155,48.07993316503253,34.47240491077804,117.93191153687225,76.20215822382514,47.1727646147489,31.75089925992714,46.265596064465264,73.48065257297425,68.03764127127245,39.91541621247983,52.615775916450694,65.31613562042155,42.636921863330734,33.56523636049441,32.658067810210774,48.987101715316165,113.39606878545408,65.31613562042155,62.594629969570654,50.80143881588343,61.68746141928702,90.71685502836327,58.05878721815249
B02010,99000000474,Synthetic Census Tract 99000000474,1.0,Total:,0.0,15.287368662521818,+/-14,9.827594140192597,0.0,0.0,0.0,0.0,0.0,0.0,0.0,0.0,0.0,0.0,0.0,0.0,0.0,0.0,0.0,0.0,0.0,0.0,0.0,0.0,0.0,0.0,0.0,0.0,0.0,0.0,0.0,0.0,0.0,0.0,0.0,0.0,0.0,0.0,0.0,0.0,0.0,0.0,0.0,0.0,0.0,0.0,0.0,0.0,0.0,0.0,0.0,0.0,0.0,0.0,0.0,0.0,0.0,0.0,0.0,0.0,0.0,0.0,0.0,0.0,0.0,0.0,0.0,0.0,0.0,0.0,0.0,0.0,0.0,0.0,0.0,0.0,0.0,0.0,0.0,0.0,0.0,0.0,0.0,0.0
B02010,99000000475,Synthetic Census Tract 99000000475,1.0,Total:,30.37981771525905,34.062219862563175,+/-37,21.173812346998734,36.82402147304127,42.34762469399747,39.585823083519365,29.45921717843302,25.77681503112889,16.570809662868573,20.2532118101727,25.77681503112889,20.2532118101727,41.42702415717143,9.206005368260318,50.63302952543175,27.618016104780956,36.82402147304127,51.55363006225778,31.30041825208508,25.77681503112889,27.618016104780956,26.697415567954923,24.856214494302858,11.967806978738414,29.45921717843302,33.141619325737146,25.77681503112889,20.2532118101727,23.015013420650796,25.77681503112889,34.98282039938921,33.141619325737146,29.45921717843302,40.5064236203454,26.697415567954923,44.188825767649526,23.015013420650796,23.015013420650796,12.888407515564445,19.332611273346668,37.74462200986731,31.30041825208508,48.791828451779686,23.93561395747683,15.65020912604254,25.77681503112889,34.062219862563175,38.665222546693336,38.665222546693336,29.45921717843302,45.10942630447556,39.585823083519365,12.888407515564445,42.34762469399747,14.72960858921651,23.015013420650796,12.888407515564445,14.72960858921651,34.062219862563175,23.93561395747683,28.538616641606986,25.77681503112889,26.697415567954923,50.63302952543175,49.712428988605716,17.491410199694606,30.37981771525905,34.98282039938921,30.37981771525905,33.141619325737146,10.12660590508635,34.062219862563175,36.82402147304127,23.015013420650796,23.93561395747683,15.65020912604254,33.141619325737146,28.538616641606986,33.141619325737146,46.03002684130159,17.491410199694606,18.412010736520635,18.412010736520635
B02010,99000000476,Synthetic Census Tract 99000000476,1.0,Total:,212.52250156666685,152.58025753504288,+/-168,92.63801350341889,246.12648685712273,250.66756595042756,330.5905579925929,162.57063154031354,190.7253219188036,108.98589823931633,316.9673207126783,227.05395466524237,128.96664624985766,242.49362358247885,194.35818519344747,217.0635806599717,257.9332924997153,152.58025753504288,232.50324957720818,194.35818519344747,191.63353773746456,189.8171061001426,213.43071738532782,213.43071738532782,242.49362358247885,218.88001229729363,248.85113431310563,255.20864504373242,197.08283264943037,250.66756595042756,275.18939305427375,201.62391174273523,191.63353773746456,277.91404051025665,277.91404051025665,209.79785411068394,146.2227468044161,171.65278972692323,191.63353773746456,211.61428574800587,210.70606992934492,181.6431637321939,147.13096262307704,157.1213366283477,269.74009814230794,202.53212756139618,208.88963829202297,148.947394260399,233.41146539586916,233.41146539586916,164.38706317763547,234.3196812145301,279.7304721475786,175.2856530015671,154.3966891723648,222.5128755719375,219.7882281159546,252.4839975877495,303.3440834327638,163.4788473589745,194.35818519344747,234.3196812145301,281.5469037849005,203.44034338005716,215.24714902264975,152.58025753504288,162.57063154031354,181.6431637321939,222.5128755719375,316.9673207126783,192.5417535561255,214.3389332039888,306.0687308887467,206.16499083604006,223.4210913905985,186.18424282549873,143.4980993484332,255.20864504373242,239.76897612649594,200.71569592407425,270.6483139609689,167.11171063361837,171.65278972692323,187.0924586441597
B02010,99000000477,Synthetic Census Tract 99000000477,1.0,Total:,36.070106247437536,43.66381282584544,+/-46,26.577973024427656,37.01931956973852,38.9177462143405,54.105159371156304,13.288986512213828,57.902012660360256,38.9177462143405,16.136626479116792,47.460666115049385,47.460666115049385,14.238199834514816,38.9177462143405,34.17167960283556,32.273252958233584,19.933479768320744,48.40987943735038,52.20673272655433,56.00358601575828,51.25751940425334,16.136626479116792,53.15594604885531,45.56223947044741,37.01931956973852,49.35909275965136,23.730333057524692,27.527186346728644,33.22246628053457,16.136626479116792,41.765386181243464,31.324039635932596,33.22246628053457,33.22246628053457,35.120892925136545,41.765386181243464,16.136626479116792,44.613026148146425,44.613026148146425,58.85122598266124,41.765386181243464,19.933479768320744,37.01931956973852,40.81617285894247,33.22246628053457,17.08583980141778,52.20673272655433,52.20673272655433,42.71459950354445,55.05437269345729,49.35909275965136,43.66381282584544,42.71459950354445,39.86695953664149,44.613026148146425,33.22246628053457,49.35909275965136,21.83190641292272,18.984266446019756,27.527186346728644,18.035053123718768,43.66381282584544,40.81617285894247,42.71459950354445,37.96853289203951,14.238199834514816,59.80043930496223,26.577973024427656,28.476399669029632,55.05437269345729,38.9177462143405,37.01931956973852,51.25751940425334,23.730333057524692,37.01931956973852,36.070106247437536,54.105159371156304,14.238199834514816,20.882693090621732,23.730333057524692,15.187413156815804,58.85122598266124,28.476399669029632
B02010,99000000478,Synthetic Census Tract 99000000478,1.0,Total:,16.43590956210618,21.001439996024562,+/-23,12.783485214971472,5.478636520702059,14.609697388538825,22.827652169591914,10.957273041404118,21.001439996024562,32.87181912421236,8.21795478105309,8.21795478105309,11.870379128187794,11.870379128187794,15.522803475322501,12.783485214971472,11.870379128187794,13.696591301755149,15.522803475322501,21.914546082808236,18.26212173567353,15.522803475322501,16.43590956210618,19.175227822457206,10.044166954620442,21.914546082808236,28.30628869029397,11.870379128187794,17.349015648889853,31.95871303742868,17.349015648889853,14.609697388538825,10.044166954620442,22.827652169591914,20.088333909240884,15.522803475322501,17.349015648889853,14.609697388538825,22.827652169591914,30.132500863861328,23.74075825637559,24.653864343159267,14.609697388538825,21.914546082808236,21.001439996024562,9.131060867836766,8.21795478105309,16.43590956210618,12.783485214971472,12.783485214971472,17.349015648889853,21.001439996024562,14.609697388538825,15.522803475322501,7.304848694269412,12.783485214971472,13.696591301755149,12.783485214971472,17.349015648889853,10.044166954620442,10.957273041404118,9.131060867836766,21.001439996024562,21.001439996024562,21.914546082808236,12.783485214971472,24.653864343159267,31.95871303742868,16.43590956210618,10.957273041404118,21.914546082808236,31.045606950645002,25.566970429942945,28.30628869029397,15.522803475322501,17.349015648889853,14.609697388538825,17.349015648889853,19.175227822457206,10.044166954620442,10.957273041404118,15.522803475322501,22.827652169591914,11.870379128187794
B02010,99000000479,Synthetic Census Tract 99000000479,1.0,Total:,46.578107718670566,47.56913128715292,+/-48,28.739683485988223,28.739683485988223,56.48834340349409,59.46141410894115,33.69480132839998,58.4703905404588,40.63196630777645,73.33574406769408,54.50629626652939,55.49731983501174,22.79354207509411,59.46141410894115,44.59606058170586,25.766612780541166,57.47936697197645,67.38960265679997,46.578107718670566,31.71275419143528,36.66787203384704,60.452437677423504,36.66787203384704,62.434484814388206,25.766612780541166,60.452437677423504,41.622989876258806,45.58708415018822,73.33574406769408,41.622989876258806,54.50629626652939,47.56913128715292,51.53322556108233,59.46141410894115,61.44346124590586,61.44346124590586,36.66787203384704,34.68582489688234,36.66787203384704,36.66787203384704,50.54220199259998,38.64991917081175,56.48834340349409,29.730707054470574,44.59606058170586,55.49731983501174,45.58708415018822,57.47936697197645,39.640942739294104,78.29086191010585,63.42550838287056,45.58708415018822,15.85637709571764,55.49731983501174,31.71275419143528,25.766612780541166,60.452437677423504,86.21905045796467,32.703777759917635,39.640942739294104,42.61401344474116,41.622989876258806,26.757636349023517,62.434484814388206,21.802518506611754,43.60503701322351,40.63196630777645,44.59606058170586,61.44346124590586,34.68582489688234,56.48834340349409,55.49731983501174,53.515272698047035,52.52424912956468,56.48834340349409,66.39857908831762,25.766612780541166,29.730707054470574,42.61401344474116,46.578107718670566,60.452437677423504,65.40755551983527,55.49731983501174
B02010,99000000480,Synthetic Census Tract 99000000480,1.0,Total:,27.08687412678841,64.20592385609105,+/-64,39.12548484980548,13.041828283268494,46.14800777156544,34.10939704854837,19.06113364477703,108.34749650715364,69.22201165734816,24.077221446034144,56.18018337407967,10.032175602514226,44.141572651062596,10.032175602514226,34.10939704854837,11.035393162765649,6.019305361508536,37.11904972930264,22.070786325531298,18.05791608452561,19.06113364477703,29.093309247291256,30.096526807542677,27.08687412678841,17.054698524274183,30.096526807542677,46.14800777156544,25.080439006285566,30.096526807542677,7.0225229217599585,42.13513753055975,44.141572651062596,35.11261460879979,52.167313133073975,9.028958042262804,38.12226728955406,27.08687412678841,60.193053615085354,31.099744367794102,11.035393162765649,15.048263403771339,34.10939704854837,62.199488735588204,14.045045843519917,64.20592385609105,25.080439006285566,20.06435120502845,63.202706295839626,29.093309247291256,28.090091687039834,38.12226728955406,18.05791608452561,46.14800777156544,9.028958042262804,26.083656566536987,16.051480964022762,8.025740482011381,25.080439006285566,31.099744367794102,34.10939704854837,30.096526807542677,29.093309247291256,26.083656566536987,28.090091687039834,9.028958042262804,62.199488735588204,40.1287024100569,36.11583216905122,30.096526807542677,9.028958042262804,47.15122533181686,38.12226728955406,38.12226728955406,39.12548484980548,8.025740482011381,20.06435120502845,25.080439006285566,84.2702750611195,41.131919970308324,11.035393162765649,9.028958042262804,39.12548484980548,59.18983605483393
B02010,99000000481,Synthetic Census Tract 99000000481,1.0,Total:,15.400223836891469,28.875419694171505,+/-30,17.325251816502902,15.400223836891469,29.83793368397722,17.325251816502902,18.28776580630862,33.68798964320009,15.400223836891469,5.7750839388343005,18.28776580630862,4.812569949028584,28.875419694171505,5.7750839388343005,11.550167877668601,5.7750839388343005,11.550167877668601,29.83793368397722,31.762961663588655,20.212793785920052,5.7750839388343005,9.625139898057167,27.912905704365787,3.850055959222867,7.700111918445734,20.212793785920052,14.437709847085753,25.025363734948638,38.50055959222867,19.250279796114334,25.98787772475435,15.400223836891469,20.212793785920052,19.250279796114334,4.812569949028584,19.250279796114334,3.850055959222867,12.512681867474319,13.475195857280035,4.812569949028584,19.250279796114334,22.137821765531488,21.17530777572577,19.250279796114334,17.325251816502902,23.100335755337202,3.850055959222867,4.812569949028584,16.362737826697185,22.137821765531488,25.025363734948638,22.137821765531488,5.7750839388343005,25.025363734948638,25.025363734948638,24.06284974514292,13.475195857280035,5.7750839388343005,3.850055959222867,13.475195857280035,34.650503633005805,17.325251816502902,5.7750839388343005,29.83793368397722,32.72547565339437,4.812569949028584,14.437709847085753,26.95039171456007,6.737597928640017,15.400223836891469,4.812569949028584,16.362737826697185,21.17530777572577,15.400223836891469,19.250279796114334,16.362737826697185,22.137821765531488,19.250279796114334,12.512681867474319,21.17530777572577,10.587653887862885,5.7750839388343005,18.28776580630862
B02010,99000000482,Synthetic Census Tract 99000000482,1.0,Total:,43.68922063271891,55.52171788741361,+/-61,33.67710757105416,34.587299667569134,48.240181115293794,59.16248627347352,36.40768386059909,19.114034026814522,49.15037321180877,29.12614708847927,35.49749176408411,37.31787595711407,55.52171788741361,53.701333694383656,56.43190998392859,39.13826015014402,48.240181115293794,35.49749176408411,54.61152579089863,49.15037321180877,16.38345773726959,18.203841930299546,35.49749176408411,15.473265640754613,45.50960482574886,32.76691547453918,15.473265640754613,45.50960482574886,35.49749176408411,45.50960482574886,13.652881447724658,72.81536772119819,57.34210208044357,60.98287046650348,55.52171788741361,13.652881447724658,46.41979692226384,45.50960482574886,81.00709658983297,19.114034026814522,49.15037321180877,57.34210208044357,16.38345773726959,44.59941272923388,15.473265640754613,16.38345773726959,42.77902853620393,66.44402304559334,14.563073544239636,60.072678369988495,38.228068053629045,39.13826015014402,51.880949501353705,58.25229417695854,50.97075740483872,41.868836439688955,14.563073544239636,77.36632820377307,49.15037321180877,36.40768386059909,62.80325465953343,53.701333694383656,36.40768386059909,63.713446756048405,56.43190998392859,37.31787595711407,51.880949501353705,50.060565308323746,42.77902853620393,36.40768386059909,56.43190998392859,24.575186605904385,16.38345773726959,15.473265640754613,12.74268935120968,54.61152579089863,45.50960482574886,39.13826015014402,32.76691547453918,50.060565308323746,61.893062563018454,52.79114159786868,62.80325465953343
B02010,99000000483,Synthetic Census Tract 99000000483,1.0,Total:,38.73744309329351,35.97048287234397,+/-39,22.13568176759629,26.747282135845516,19.368721546646753,39.65976316694335,41.50440331424304,49.80528397709165,49.80528397709165,43.349043461542735,40.58208324059319,36.892802945993814,43.349043461542735,31.358882504094744,36.892802945993814,36.892802945993814,22.13568176759629,41.50440331424304,43.349043461542735,33.20352265139444,16.60176132569722,29.51424235679505,45.19368360884242,32.28120257774459,31.358882504094744,49.80528397709165,53.49456427169103,58.10616463994026,47.03832375614211,55.33920441899072,53.49456427169103,62.71776500818949,59.0284847135901,32.28120257774459,35.04816279869412,43.349043461542735,26.747282135845516,38.73744309329351,63.64008508183933,45.19368360884242,30.436562430444898,38.73744309329351,25.82496206219567,39.65976316694335,45.19368360884242,48.882963903441805,29.51424235679505,23.98032191489598,31.358882504094744,29.51424235679505,51.64992412439134,47.96064382979196,37.81512301964366,21.213361693946442,30.436562430444898,57.18384456629041,45.19368360884242,37.81512301964366,41.50440331424304,35.04816279869412,33.20352265139444,36.892802945993814,36.892802945993814,51.64992412439134,52.57224419804118,47.03832375614211,44.27136353519258,55.33920441899072,53.49456427169103,42.426723387892885,66.40704530278887,40.58208324059319,33.20352265139444,35.97048287234397,49.80528397709165,51.64992412439134,47.03832375614211,53.49456427169103,48.882963903441805,40.58208324059319,42.426723387892885,37.81512301964366,43.349043461542735
B02010,99000000484,Synthetic Census Tract 99000000484,1.0,Total:,37.122233272723456,49.82194465549727,+/-51,30.283927143537557,42.98363852631137,56.66025078468317,48.845043779899285,45.914341153105326,36.14533239712547,46.89124202870331,12.699711382773813,36.14533239712547,20.5149183875577,53.72954815788921,15.63041400956777,37.122233272723456,35.16843152152748,62.52165603827108,39.076035023919424,42.98363852631137,50.79884553109525,12.699711382773813,15.63041400956777,71.31376391865295,33.21462977033151,40.052935899517415,64.47545778946706,41.0298367751154,18.561116636361728,52.75264728229123,33.21462977033151,44.93744027750734,34.1915306459295,17.58421576076374,32.23772889473353,11.722810507175828,53.72954815788921,30.283927143537557,20.5149183875577,20.5149183875577,36.14533239712547,37.122233272723456,44.93744027750734,40.052935899517415,15.63041400956777,15.63041400956777,40.052935899517415,16.607314885165756,42.00673765071338,46.89124202870331,62.52165603827108,40.052935899517415,61.5447551626731,32.23772889473353,43.96053940190936,38.09913414832144,40.052935899517415,19.538017511959712,40.052935899517415,34.1915306459295,12.699711382773813,46.89124202870331,51.77574640669324,17.58421576076374,42.98363852631137,30.283927143537557,17.58421576076374,45.914341153105326,57.637151660281155,18.561116636361728,49.82194465549727,24.422521889949643,35.16843152152748,47.868142904301294,41.0298367751154,50.79884553109525,15.63041400956777,32.23772889473353,74.24446654544691,64.47545778946706,27.353224516743598,39.076035023919424,31.26082801913554,45.914341153105326
B02010,99000000485,Synthetic Census Tract 99000000485,1.0,Total:,26.45106501479391,24.6268536344633,+/-27,14.593691042644917,28.275276395124525,35.57212191644698,20.97843087380207,38.3084389869429,29.187382085289833,29.187382085289833,31.923699155785755,36.48422760661229,24.6268536344633,32.83580484595106,25.538959324628603,31.011593465620447,27.36317070495922,24.6268536344633,31.923699155785755,48.341601578761285,24.6268536344633,24.6268536344633,20.06632518363676,24.6268536344633,31.011593465620447,21.890536563967373,20.06632518363676,19.15421949347145,33.74791053611637,20.97843087380207,14.593691042644917,13.68158535247961,17.33000811314084,36.48422760661229,17.33000811314084,24.6268536344633,13.68158535247961,30.09948777545514,29.187382085289833,20.97843087380207,33.74791053611637,18.242113803306147,31.011593465620447,18.242113803306147,18.242113803306147,24.6268536344633,13.68158535247961,30.09948777545514,26.45106501479391,28.275276395124525,20.06632518363676,18.242113803306147,30.09948777545514,22.80264225413268,13.68158535247961,31.923699155785755,23.71474794429799,26.45106501479391,30.09948777545514,29.187382085289833,26.45106501479391,11.857373972148995,20.06632518363676,27.36317070495922,42.86896743776944,34.66001622628168,30.09948777545514,39.220544677108215,37.3963332967776,20.06632518363676,21.890536563967373,22.80264225413268,16.41790242297553,41.95686174760414,27.36317070495922,26.45106501479391,14.593691042644917,30.09948777545514,32.83580484595106,37.3963332967776,31.011593465620447,27.36317070495922,27.36317070495922,20.97843087380207
B02010,99000000486,Synthetic Census Tract 99000000486,1.0,Total:,18.71348301219569,33.26841424390345,+/-32,20.792758902439658,28.070224518293536,6.237827670731897,18.71348301219569,14.554931231707759,15.594569176829742,48.862983420733194,20.792758902439658,15.594569176829742,4.158551780487931,17.673845067073707,10.396379451219829,13.515293286585777,18.71348301219569,22.87203479268362,35.34769013414741,22.87203479268362,5.1981897256099145,15.594569176829742,17.673845067073707,14.554931231707759,20.792758902439658,17.673845067073707,6.237827670731897,4.158551780487931,6.237827670731897,15.594569176829742,29.109862463415517,6.237827670731897,30.149500408537502,16.634207121951725,11.43601739634181,18.71348301219569,55.10081109146509,36.3873280792694,15.594569176829742,16.634207121951725,19.753120957317673,28.070224518293536,6.237827670731897,8.317103560975863,11.43601739634181,27.030586573171554,17.673845067073707,20.792758902439658,19.753120957317673,5.1981897256099145,19.753120957317673,19.753120957317673,36.3873280792694,8.317103560975863,21.83239684756164,22.87203479268362,21.83239684756164,21.83239684756164,5.1981897256099145,7.277465615853879,39.506241914635346,17.673845067073707,20.792758902439658,17.673845067073707,9.356741506097846,15.594569176829742,27.030586573171554,37.42696602439138,18.71348301219569,30.149500408537502,5.1981897256099145,25.99094862804957,15.594569176829742,13.515293286585777,29.109862463415517,19.753120957317673,5.1981897256099145,6.237827670731897,25.99094862804957,14.554931231707759,16.634207121951725,6.237827670731897,27.030586573171554,23.911672737805606
B02010,99000000487,Synthetic Census Tract 99000000487,1.0,Total:,27.30071914084391,30.1249314657588,+/-32,18.82808216609925,39.538972548808424,19.769486274404212,19.769486274404212,29.183527357453837,23.535102707624063,34.83195200728361,33.890547898978646,27.30071914084391,19.769486274404212,32.00773968236872,35.77335611558858,24.476506815929024,25.417910924233986,15.0624657328794,16.945273949489323,35.77335611558858,32.94914379067369,22.593698599319097,23.535102707624063,29.183527357453837,18.82808216609925,43.30458898202827,35.77335611558858,46.12880130694316,27.30071914084391,10.355445191354587,31.06633557406376,30.1249314657588,27.30071914084391,19.769486274404212,13.179657516269474,16.00386984118436,22.593698599319097,40.48037665711339,32.00773968236872,11.296849299659549,16.00386984118436,50.83582184846797,17.88667805779429,37.6561643321985,12.238253407964512,37.6561643321985,42.36318487372331,29.183527357453837,28.242123249148875,24.476506815929024,24.476506815929024,21.652294491014136,35.77335611558858,17.88667805779429,11.296849299659549,21.652294491014136,22.593698599319097,41.42178076541835,39.538972548808424,7.5312328664397,14.121061624574438,34.83195200728361,22.593698599319097,32.00773968236872,32.94914379067369,17.88667805779429,16.00386984118436,25.417910924233986,24.476506815929024,35.77335611558858,21.652294491014136,24.476506815929024,34.83195200728361,24.476506815929024,35.77335611558858,27.30071914084391,30.1249314657588,22.593698599319097,19.769486274404212,39.538972548808424,31.06633557406376,14.121061624574438,28.242123249148875,23.535102707624063
B02010,99000000488,Synthetic Census Tract 99000000488,1.0,Total:,7.683314510053822,11.524971765080732,+/-12,6.722900196297094,12.48538607883746,5.762485882540366,12.48538607883746,1.9208286275134554,2.881242941270183,5.762485882540366,6.722900196297094,11.524971765080732,12.48538607883746,5.762485882540366,0.9604143137567277,7.683314510053822,2.881242941270183,2.881242941270183,7.683314510053822,5.762485882540366,12.48538607883746,3.841657255026911,9.604143137567277,9.604143137567277,2.881242941270183,8.64372882381055,3.841657255026911,13.445800392594188,8.64372882381055,6.722900196297094,5.762485882540366,10.564557451324005,1.9208286275134554,5.762485882540366,9.604143137567277,7.683314510053822,10.564557451324005,10.564557451324005,2.881242941270183,5.762485882540366,3.841657255026911,8.64372882381055,6.722900196297094,5.762485882540366,10.564557451324005,8.64372882381055,7.683314510053822,1.9208286275134554,2.881242941270183,5.762485882540366,7.683314510053822,7.683314510053822,13.445800392594188,8.64372882381055,1.9208286275134554,8.64372882381055,2.881242941270183,3.841657255026911,10.564557451324005,6.722900196297094,11.524971765080732,5.762485882540366,12.48538607883746,6.722900196297094,2.881242941270183,12.48538607883746,2.881242941270183,10.564557451324005,11.524971765080732,4.802071568783639,7.683314510053822,8.64372882381055,2.881242941270183,7.683314510053822,11.524971765080732,6.722900196297094,8.64372882381055,9.604143137567277,2.881242941270183,5.762485882540366,1.9208286275134554,8.64372882381055,7.683314510053822,9.604143137567277
B02010,99000000489,Synthetic Census Tract 99000000489,1.0,Total:,15.661202486969913,26.42827919676173,+/-27,16.64002764240553,21.53415341958363,11.745901865227435,20.55532826414801,25.449454041326106,5.872950932613717,19.57650310871239,14.682377331534294,31.322404973939825,13.703552176098674,12.724727020663053,4.894125777178098,15.661202486969913,14.682377331534294,27.407104352197347,6.851776088049337,5.872950932613717,15.661202486969913,5.872950932613717,12.724727020663053,13.703552176098674,14.682377331534294,30.343579818504207,24.470628885890488,16.64002764240553,12.724727020663053,29.364754663068588,5.872950932613717,14.682377331534294,4.894125777178098,4.894125777178098,17.61885279784115,4.894125777178098,29.364754663068588,19.57650310871239,12.724727020663053,13.703552176098674,25.449454041326106,18.597677953276772,4.894125777178098,30.343579818504207,31.322404973939825,14.682377331534294,14.682377331534294,21.53415341958363,5.872950932613717,13.703552176098674,13.703552176098674,26.42827919676173,18.597677953276772,17.61885279784115,4.894125777178098,13.703552176098674,14.682377331534294,22.51297857501925,6.851776088049337,5.872950932613717,13.703552176098674,4.894125777178098,13.703552176098674,12.724727020663053,16.64002764240553,35.2377055956823,24.470628885890488,15.661202486969913,15.661202486969913,21.53415341958363,6.851776088049337,11.745901865227435,5.872950932613717,5.872950932613717,15.661202486969913,4.894125777178098,25.449454041326106,22.51297857501925,15.661202486969913,11.745901865227435,26.42827919676173,18.597677953276772,6.851776088049337,36.21653075111792
B02010,99000000490,Synthetic Census Tract 99000000490,1.0,Total:,0.0,13.766506972593616,+/-14,8.849897339524468,0.0,0.0,0.0,0.0,0.0,0.0,0.0,0.0,0.0,0.0,0.0,0.0,0.0,0.0,0.0,0.0,0.0,0.0,0.0,0.0,0.0,0.0,0.0,0.0,0.0,0.0,0.0,0.0,0.0,0.0,0.0,0.0,0.0,0.0,0.0,0.0,0.0,0.0,0.0,0.0,0.0,0.0,0.0,0.0,0.0,0.0,0.0,0.0,0.0,0.0,0.0,0.0,0.0,0.0,0.0,0.0,0.0,0.0,0.0,0.0,0.0,0.0,0.0,0.0,0.0,0.0,0.0,0.0,0.0,0.0,0.0,0.0,0.0,0.0,0.0,0.0,0.0,0.0,0.0,0.0
B02010,99000000491,Synthetic Census Tract 99000000491,1.0,Total:,111.64118555033505,85.53155344582122,+/-95,52.219264209027685,90.93354629503096,70.22590703972689,77.42856417200657,98.13620342731065,97.23587128577569,98.13620342731065,101.73753199345049,89.13288201196104,99.93686771038057,126.94683195642938,124.2458355318245,74.7275677474017,77.42856417200657,84.63122130428626,106.23919270112529,72.92690346433177,117.94351054107977,134.14948908870906,98.13620342731065,121.54483910721962,94.5348748611708,94.5348748611708,100.83719985191553,149.4551354948034,87.33221772889112,139.55148193791882,110.74085340880009,127.84716409796434,112.54151769187001,144.05314264559362,137.7508176548489,115.2425141164749,145.85380692866354,129.64782838103426,143.15281050405866,115.2425141164749,96.33553914424073,142.2524783625237,70.22590703972689,46.81727135981792,95.43520700270577,99.93686771038057,61.22258562437729,89.13288201196104,67.52491061512201,117.04317839954481,80.12956059661146,105.33886055959033,153.9567962024782,103.53819627652041,108.94018912573017,85.53155344582122,79.2292284550765,94.5348748611708,128.7474962394993,94.5348748611708,81.02989273814642,108.03985698419521,81.93022487968138,136.85048551331394,126.04649981489442,108.94018912573017,125.14616767335946,146.7541390701985,129.64782838103426,126.94683195642938,90.93354629503096,146.7541390701985,116.14284625800985,120.64450696568466,148.55480335326843,108.03985698419521,79.2292284550765,125.14616767335946,96.33553914424073,91.83387843656593,181.86709259006193,155.7574604855481,115.2425141164749,84.63122130428626
B02010,99000000492,Synthetic Census Tract 99000000492,1.0,Total:,40.58621926478854,35.0517348195901,+/-38,21.21552370659401,47.04311778418672,49.810360006785935,50.73277408098568,34.12932074539036,50.73277408098568,40.58621926478854,37.81897704218932,35.974148893789845,34.12932074539036,24.905180003392967,37.81897704218932,12.913797038796353,33.20690667119062,49.810360006785935,38.74139111638906,41.508633338988275,63.646571119782024,37.81897704218932,38.74139111638906,62.72415704558229,42.43104741318802,53.50001630358489,43.35346148738776,61.80174297138255,31.362078522791144,33.20690667119062,55.34484445198437,53.50001630358489,42.43104741318802,30.439664448591405,40.58621926478854,47.965531858386456,30.439664448591405,39.6638051905888,35.0517348195901,43.35346148738776,41.508633338988275,20.29310963239427,30.439664448591405,48.88794593258619,33.20690667119062,47.04311778418672,46.12070370998698,34.12932074539036,44.2758755615875,38.74139111638906,39.6638051905888,26.750008151792446,38.74139111638906,38.74139111638906,49.810360006785935,23.06035185499349,31.362078522791144,48.88794593258619,43.35346148738776,34.12932074539036,62.72415704558229,38.74139111638906,37.81897704218932,50.73277408098568,44.2758755615875,46.12070370998698,26.750008151792446,66.41381334238125,33.20690667119062,38.74139111638906,61.80174297138255,61.80174297138255,37.81897704218932,27.672422225992186,28.594836300191925,32.28449259699089,30.439664448591405,45.19828963578723,42.43104741318802,48.88794593258619,36.89656296798958,27.672422225992186,35.0517348195901,58.112086674583594
B02010,99000000493,Synthetic Census Tract 99000000493,1.0,Total:,23.596164080459864,30.03148155694892,+/-28,18.233399516718986,19.305952429467162,21.451058254963513,21.451058254963513,28.958928644200743,35.3942461206898,34.32169320794162,8.580423301985405,40.757010684430675,26.81382281870439,18.233399516718986,19.305952429467162,11.798082040229932,8.580423301985405,22.52361116771169,21.451058254963513,35.3942461206898,13.943187865726284,28.958928644200743,33.24914029519344,16.088293691222635,41.82956359717885,37.539351946186144,12.870634952978108,13.943187865726284,23.596164080459864,23.596164080459864,26.81382281870439,26.81382281870439,33.24914029519344,13.943187865726284,21.451058254963513,23.596164080459864,27.886375731452567,33.24914029519344,9.652976214733581,21.451058254963513,23.596164080459864,31.104034469697094,21.451058254963513,24.66871699320804,27.886375731452567,23.596164080459864,28.958928644200743,21.451058254963513,8.580423301985405,17.16084660397081,38.611904858934324,11.798082040229932,20.378505342215337,13.943187865726284,35.3942461206898,34.32169320794162,38.611904858934324,25.741269905956216,27.886375731452567,11.798082040229932,37.539351946186144,25.741269905956216,6.435317476489054,23.596164080459864,7.50787038923723,11.798082040229932,40.757010684430675,37.539351946186144,26.81382281870439,20.378505342215337,23.596164080459864,25.741269905956216,18.233399516718986,40.757010684430675,27.886375731452567,31.104034469697094,20.378505342215337,9.652976214733581,33.24914029519344,20.378505342215337,19.305952429467162,11.798082040229932,30.03148155694892,20.378505342215337
B02010,99000000494,Synthetic Census Tract 99000000494,1.0,Total:,48.61331707512861,83.7229349627215,+/-93,50.41381030013338,63.9175094876691,15.30419241254049,49.51356368763099,32.40887805008574,15.30419241254049,39.6108509501048,82.82268835021911,63.9175094876691,68.41874255018101,62.117016262664336,68.41874255018101,63.01726287516672,52.214303525138135,27.907644987573832,13.503699187535725,18.905178862550017,18.004932250047634,52.214303525138135,107.12934688778343,62.117016262664336,53.11455013764052,11.703205962530962,48.61331707512861,57.61578320015243,16.20443902504287,61.21676965016196,77.42120867520482,72.91997561269292,83.7229349627215,59.41627642515719,61.21676965016196,38.71060433760241,33.309124662588125,41.411344175109555,12.603452575033344,17.104685637545252,17.104685637545252,49.51356368763099,97.22663415025723,18.004932250047634,46.81282385012385,90.92490786274055,54.915043362645285,39.6108509501048,86.42367480022864,39.6108509501048,15.30419241254049,13.503699187535725,20.705672087554778,38.71060433760241,44.112084012616705,72.91997561269292,57.61578320015243,51.314056912635756,79.2217019002096,59.41627642515719,83.7229349627215,55.815289975147664,19.8054254750524,16.20443902504287,45.012330625119084,75.62071545020007,52.214303525138135,50.41381030013338,91.82515447524294,55.815289975147664,11.703205962530962,18.004932250047634,22.506165312559542,43.21183740011432,39.6108509501048,36.91011111259765,41.411344175109555,61.21676965016196,101.72786721276913,86.42367480022864,83.7229349627215,46.81282385012385,15.30419241254049,92.72540108774531
B02010,99000000495,Synthetic Census Tract 99000000495,1.0,Total:,0.0,14.022868596276052,+/-14,9.014701240463177,0.0,0.0,0.0,0.0,0.0,0.0,0.0,0.0,0.0,0.0,0.0,0.0,0.0,0.0,0.0,0.0,0.0,0.0,0.0,0.0,0.0,0.0,0.0,0.0,0.0,0.0,0.0,0.0,0.0,0.0,0.0,0.0,0.0,0.0,0.0,0.0,0.0,0.0,0.0,0.0,0.0,0.0,0.0,0.0,0.0,0.0,0.0,0.0,0.0,0.0,0.0,0.0,0.0,0.0,0.0,0.0,0.0,0.0,0.0,0.0,0.0,0.0,0.0,0.0,0.0,0.0,0.0,0.0,0.0,0.0,0.0,0.0,0.0,0.0,0.0,0.0,0.0,0.0,0.0,0.0
B02010,99000000496,Synthetic Census Tract 99000000496,1.0,Total:,71.8488288937038,99.79004013014416,+/-100,60.87192447938794,46.90131886116776,67.85722728849804,69.85302809110091,59.8740240780865,84.82153411062254,77.83623130151244,19.958008026028832,36.92231484815334,153.676661800422,8.981103611712975,22.951709229933158,73.84462969630668,82.82573330801965,82.82573330801965,110.76694454446002,43.90761765726343,67.85722728849804,75.84043049890957,62.86772528199082,111.76484494576147,47.8992192624692,60.87192447938794,72.84672929500525,86.81733491322542,146.69135899131192,46.90131886116776,84.82153411062254,16.96430682212451,101.78584093274705,40.91391645335911,57.87822327548361,60.87192447938794,77.83623130151244,131.7228529717903,69.85302809110091,33.92861364424902,44.90551805856487,78.83413170281389,79.83203210411533,95.7984385249384,48.89711966377064,76.838330900211,72.84672929500525,87.81523531452686,73.84462969630668,94.80053812363695,58.876123676785056,42.90971725596199,104.77954213665137,38.91811565075622,35.9244144468519,67.85722728849804,59.8740240780865,139.70605618220182,63.865625683292265,32.930713242947576,52.888721268976404,69.85302809110091,85.81943451192399,80.82993250541678,26.943310835138924,75.84043049890957,76.838330900211,56.88032287418218,62.86772528199082,66.85932688719659,62.86772528199082,50.892920466373525,141.70185698480472,19.958008026028832,34.926514045550455,97.79423932754128,57.87822327548361,32.930713242947576,126.7333509652831,36.92231484815334,88.81313571582831,62.86772528199082,48.89711966377064,94.80053812363695
B02010,99000000497,Synthetic Census Tract 99000000497,1.0,Total:,83.12921956938298,92.79540789140425,+/-96,56.0638922677234,91.82878905920212,71.52979358295744,110.19454687104255,57.03051109992553,64.76346175754256,70.56317475075532,84.0958384015851,130.49354234728722,85.06245723378723,51.23079810671276,76.36288774396809,93.76202672360638,77.32950657617022,36.73151562368085,77.32950657617022,58.963748764329786,91.82878905920212,104.39483387782978,87.96231373039362,118.8941163608617,111.16116570324468,45.4310851135,113.09440336764894,49.29756044230851,34.7982779592766,85.06245723378723,73.4630312473617,116.96087869645744,101.4949773812234,49.29756044230851,99.56173971681915,73.4630312473617,87.96231373039362,44.464466281297874,85.06245723378723,71.52979358295744,71.52979358295744,135.32663650829787,98.59512088461702,126.62706701847873,74.42965007956383,73.4630312473617,117.92749752865957,62.8302240931383,57.997129932127656,96.66188322021276,92.79540789140425,158.52548848114893,112.1277845354468,55.097273435521274,76.36288774396809,95.69526438801064,61.86360526093617,37.69813445588298,99.56173971681915,77.32950657617022,81.19598190497872,123.72721052187234,67.66331825414893,113.09440336764894,102.46159621342552,45.4310851135,127.59368585068084,52.19741693891489,28.0319461338617,102.46159621342552,80.2293630727766,125.6604481862766,116.96087869645744,42.531228616893614,83.12921956938298,81.19598190497872,82.16260073718085,38.66475328808511,93.76202672360638,97.62850205241489,48.33094161010638,102.46159621342552,79.26274424057446,150.79253782353192
B02010,99000000498,Synthetic Census Tract 99000000498,1.0,Total:,52.272066413552366,61.14845504981598,+/-62,37.478085353113016,46.35447398937663,35.50555454505444,83.83255934248965,52.272066413552366,78.90123232234319,55.23086262564024,56.21712802966953,82.84629393846036,57.20339343369882,20.71157348461509,79.88749772637249,62.13472045384527,33.53302373699586,59.1759242417574,54.244597221610945,25.64290050476154,51.28580100952308,29.5879621208787,47.34073939340592,70.02484368607959,65.09351666593314,49.3132702014645,28.60169671684941,63.12098585787456,20.71157348461509,53.258331817581656,54.244597221610945,29.5879621208787,62.13472045384527,64.10725126190385,34.51928914102515,28.60169671684941,85.80509015054822,77.91496691831391,44.38194318131805,62.13472045384527,86.79135555457752,66.07978206996243,37.478085353113016,60.16218964578669,52.272066413552366,43.39567777728876,24.65663510073225,53.258331817581656,31.56049292893728,60.16218964578669,45.36820858534734,33.53302373699586,59.1759242417574,59.1759242417574,43.39567777728876,43.39567777728876,34.51928914102515,52.272066413552366,84.81882474651894,61.14845504981598,51.28580100952308,104.54413282710473,58.18965883772811,32.54675833296657,41.42314696923018,45.36820858534734,70.02484368607959,55.23086262564024,67.06604747399172,47.34073939340592,49.3132702014645,71.01110909010887,53.258331817581656,40.43688156520089,83.83255934248965,72.98363989816745,20.71157348461509,39.450616161171595,81.86002853443107,51.28580100952308,33.53302373699586,37.478085353113016,84.81882474651894,28.60169671684941
B02010,99000000499,Synthetic Census Tract 99000000499,1.0,Total:,31.683486825159505,33.79571928017014,+/-32,20.06620832260102,11.617278502558486,33.79571928017014,29.57125437014887,35.907951735180774,44.35688155522331,31.683486825159505,30.62737059765419,27.459021915138237,32.739603052664826,29.57125437014887,21.122324550106338,42.244649100212676,15.841743412579753,19.010092095095704,30.62737059765419,28.515138142643554,34.85183550767545,27.459021915138237,39.07630041769672,24.29067323262229,32.739603052664826,45.412997782728624,17.953975867590387,22.178440777611655,42.244649100212676,21.122324550106338,41.188532872707356,32.739603052664826,46.469114010233945,43.30076532771799,39.07630041769672,36.96406796268609,34.85183550767545,43.30076532771799,17.953975867590387,13.729510957569119,41.188532872707356,40.13241664520204,19.010092095095704,44.35688155522331,21.122324550106338,36.96406796268609,43.30076532771799,34.85183550767545,34.85183550767545,31.683486825159505,41.188532872707356,34.85183550767545,19.010092095095704,39.07630041769672,13.729510957569119,30.62737059765419,15.841743412579753,11.617278502558486,32.739603052664826,25.346789460127603,39.07630041769672,40.13241664520204,24.29067323262229,55.974160057781795,43.30076532771799,29.57125437014887,17.953975867590387,9.505046047547852,27.459021915138237,42.244649100212676,42.244649100212676,33.79571928017014,24.29067323262229,30.62737059765419,27.459021915138237,31.683486825159505,40.13241664520204,36.96406796268609,17.953975867590387,17.953975867590387,26.40290568763292,44.35688155522331,15.841743412579753,34.85183550767545
B02010,99000000500,Synthetic Census Tract 99000000500,1.0,Total:,9.614166671186922,16.02361111864487,+/-15,9.614166671186922,11.750648153672904,10.682407412429914,9.614166671186922,3.204722223728974,6.409444447457948,21.364814824859828,7.477685188700939,2.1364814824859826,3.204722223728974,9.614166671186922,9.614166671186922,4.272962964971965,9.614166671186922,8.54592592994393,19.228333342373844,13.887129636158887,8.54592592994393,16.02361111864487,3.204722223728974,10.682407412429914,10.682407412429914,10.682407412429914,12.818888894915895,10.682407412429914,7.477685188700939,4.272962964971965,10.682407412429914,12.818888894915895,11.750648153672904,8.54592592994393,9.614166671186922,14.955370377401877,3.204722223728974,11.750648153672904,3.204722223728974,4.272962964971965,8.54592592994393,4.272962964971965,20.296574083616836,11.750648153672904,8.54592592994393,9.614166671186922,9.614166671186922,13.887129636158887,10.682407412429914,2.1364814824859826,7.477685188700939,18.160092601130852,17.09185185988786,7.477685188700939,10.682407412429914,20.296574083616836,4.272962964971965,9.614166671186922,3.204722223728974,2.1364814824859826,6.409444447457948,4.272962964971965,21.364814824859828,9.614166671186922,7.477685188700939,9.614166671186922,10.682407412429914,3.204722223728974,11.750648153672904,11.750648153672904,8.54592592994393,4.272962964971965,4.272962964971965,11.750648153672904,9.614166671186922,3.204722223728974,17.09185185988786,8.54592592994393,19.228333342373844,17.09185185988786,11.750648153672904,14.955370377401877,2.1364814824859826,8.54592592994393
