TBLID,GEOID,NAME,ORDER,TITLE,ESTIMATE,MOE,CME,SE,Var_Rep1,Var_Rep2,Var_Rep3,Var_Rep4,Var_Rep5,Var_Rep6,Var_Rep7,Var_Rep8,Var_Rep9,Var_Rep10,Var_Rep11,Var_Rep12,Var_Rep13,Var_Rep14,Var_Rep15,Var_Rep16,Var_Rep17,Var_Rep18,Var_Rep19,Var_Rep20,Var_Rep21,Var_Rep22,Var_Rep23,Var_Rep24,Var_Rep25,Var_Rep26,Var_Rep27,Var_Rep28,Var_Rep29,Var_Rep30,Var_Rep31,Var_Rep32,Var_Rep33,Var_Rep34,Var_Rep35,Var_Rep36,Var_Rep37,Var_Rep38,Var_Rep39,Var_Rep40,Var_Rep41,Var_Rep42,Var_Rep43,Var_Rep44,Var_Rep45,Var_Rep46,Var_Rep47,Var_Rep48,Var_Rep49,Var_Rep50,Var_Rep51,Var_Rep52,Var_Rep53,Var_Rep54,Var_Rep55,Var_Rep56,Var_Rep57,Var_Rep58,Var_Rep59,Var_Rep60,Var_Rep61,Var_Rep62,Var_Rep63,Var_Rep64,Var_Rep65,Var_Rep66,Var_Rep67,Var_Rep68,Var_Rep69,Var_Rep70,Var_Rep71,Var_Rep72,Var_Rep73,Var_Rep74,Var_Rep75,Var_Rep76,Var_Rep77,Var_Rep78,Var_Rep79,Var_Rep80
B02009,99000000001,Synthetic Census Tract 99000000001,1.0,Total:,88.61321363997556,84.49166881951157,+/-82,51.519310255799745,100.9778481013675,84.49166881951157,77.27896538369961,100.9778481013675,50.48892405068375,73.15742056323563,136.01097907531133,95.82591707578753,138.0717514855433,145.2844549213553,50.48892405068375,79.3397377939316,73.15742056323563,94.79553087067153,77.27896538369961,91.70437225532355,113.34248256275944,94.79553087067153,120.5551859985714,73.15742056323563,146.31484112647126,58.732013691611705,93.76514466555554,77.27896538369961,108.19055153717946,97.88668948601952,150.43638594693525,105.09939292183148,110.25132394741145,75.21819297346762,97.88668948601952,122.6159584088034,43.27622061487178,96.85630328090352,126.73750322926738,46.36737923021977,56.67124128137972,52.54969646091574,78.30935158881562,56.67124128137972,89.64359984509156,86.55244122974356,109.22093774229546,51.519310255799745,115.40325497299142,107.16016533206347,73.15742056323563,88.61321363997556,84.49166881951157,49.458537845567754,104.06900671671548,103.03862051159949,117.46402738322341,104.06900671671548,98.91707569113551,84.49166881951157,115.40325497299142,97.88668948601952,59.7623998967277,79.3397377939316,77.27896538369961,115.40325497299142,86.55244122974356,103.03862051159949,80.3701239990476,80.3701239990476,51.519310255799745,74.18780676835163,88.61321363997556,85.52205502462758,111.28171015252745,72.12703435811964,133.95020666507932,66.97510333253966,86.55244122974356,139.1021376906593,107.16016533206347,132.91982045996335,71.09664815300364,99.9474618962515
B02009,99000000002,Synthetic Census Tract 99000000002,1.0,Total:,312.3879547679853,188.93567023768185,+/-176,114.86429951949975,357.47487607470487,313.4614528943358,318.8289435260881,301.65297350448066,223.28761028089673,266.22753533491533,254.41905594506022,323.12293603149,384.31232923346647,338.1519098003965,294.13848662002744,362.8423667064572,308.0939622625835,260.860044703163,242.6105765552051,332.78441916864415,322.0494379051395,308.0939622625835,328.4904266632423,293.06498849367694,300.5794753781302,291.9914903673265,308.0939622625835,220.06711590184534,320.97593977878904,319.9024416524386,263.00704095586394,319.9024416524386,387.53282361251786,380.01833672806464,284.4770034828732,355.3278798220039,390.75331799156925,291.9914903673265,174.9801945951258,309.16746038893393,453.01620931989623,294.13848662002744,279.10951285112094,291.9914903673265,268.3745315876163,280.1830109774714,393.9738123706207,430.47274866653646,483.0741568577093,268.3745315876163,346.7398948112002,349.9603891902516,314.53495102068626,310.2409585152844,212.55262901739206,186.7886739849809,279.10951285112094,304.87346788353204,326.3434304105414,297.3589809990788,226.50810465994812,293.06498849367694,362.8423667064572,378.94483860171414,232.94909341805092,293.06498849367694,386.4593254861674,366.0628610855086,420.8112655293823,332.78441916864415,267.3010334612658,285.5505016092237,296.2854828727284,296.2854828727284,198.59715337483604,254.41905594506022,259.78654657681255,264.0805390822144,312.3879547679853,267.3010334612658,317.75544539973765,320.97593977878904,372.50384984361136,270.52152784031716
B02009,99000000003,Synthetic Census Tract 99000000003,1.0,Total:,0.0,13.870911269813641,+/-14,8.917014387737341,0.0,0.0,0.0,0.0,0.0,0.0,0.0,0.0,0.0,0.0,0.0,0.0,0.0,0.0,0.0,0.0,0.0,0.0,0.0,0.0,0.0,0.0,0.0,0.0,0.0,0.0,0.0,0.0,0.0,0.0,0.0,0.0,0.0,0.0,0.0,0.0,0.0,0.0,0.0,0.0,0.0,0.0,0.0,0.0,0.0,0.0,0.0,0.0,0.0,0.0,0.0,0.0,0.0,0.0,0.0,0.0,0.0,0.0,0.0,0.0,0.0,0.0,0.0,0.0,0.0,0.0,0.0,0.0,0.0,0.0,0.0,0.0,0.0,0.0,0.0,0.0,0.0,0.0,0.0,0.0
B02009,99000000004,Synthetic Census Tract 99000000004,1.0,Total:,229.79543484684572,151.93086601444347,+/-160,92.10808752125635,236.44241023497764,169.9726563536586,268.7277192630469,208.90494076985976,268.7277192630469,333.29833731918535,201.3083974691376,234.54327440979708,159.52740931516564,252.58506474901225,225.99716319648465,199.40926164395705,244.98852144829007,254.48420057419278,268.7277192630469,224.0980273713041,222.19889154612355,291.5173491652134,187.06487878028352,267.7781513504566,249.73636101124143,243.08938562310954,221.2493236335333,259.23204013714417,161.42654514034618,175.67006382920025,254.48420057419278,258.2824722245539,298.1643245533453,243.08938562310954,244.03895353569982,270.6268550882274,134.83864358781858,295.31562081557445,175.67006382920025,209.85450868245002,242.13981771051925,175.67006382920025,290.5677812526231,229.79543484684572,287.7190775148523,157.62827348998508,225.99716319648465,224.0980273713041,268.7277192630469,357.03753513394213,264.9294476126858,189.9135825180543,183.26660712992242,308.6095715918383,152.88043392703372,174.72049591661,270.6268550882274,206.05623703208894,276.324262563769,207.00580494467923,264.9294476126858,301.96259620370637,204.1571012069084,213.65278033281112,225.99716319648465,268.7277192630469,234.54327440979708,282.97123795190095,203.20753329431813,169.9726563536586,244.03895353569982,302.91216411629665,260.18160804973445,202.25796538172784,263.03031178750524,263.9798797000955,170.9222242662489,285.81994168967174,163.32568096552671,197.5101258187765,241.190249797929,166.17438470329753,275.37469465117874,237.3919781475679
B02009,99000000005,Synthetic Census Tract 99000000005,1.0,Total:,576.9254758131054,393.14297612879926,+/-415,238.7277830950781,586.3988005391005,635.6600891142754,598.7141226828943,466.087576518962,396.9323060191973,773.0232976412053,680.1847153264526,644.186081367671,354.3023447522191,665.9747282374599,326.8297030468331,654.6067385662657,613.8714422444865,615.7661071896856,736.0773312098241,618.6081046074842,425.3522801971828,741.7613260454212,576.9254758131054,405.45829827259297,445.24626212177265,752.1819832440159,591.1354629020982,448.0882595395712,607.24011493629,489.7708883339499,471.7715713545591,795.7592769835936,691.5527049976469,564.6101536693117,551.3474990529185,778.7072924768023,593.9774603198966,722.8146765934309,506.8228728407412,326.8297030468331,610.0821123540885,594.9247927924962,570.2941485049088,634.7127566416759,531.4535171283286,552.294831525518,592.0827953746976,696.2893673606444,756.9186456070134,537.1375119639257,655.5540710388652,646.0807463128701,585.4514680665011,635.6600891142754,703.8680271414406,593.0301278472972,406.40563074519247,293.67306650585004,392.1956436561997,558.9261588337146,718.0780142304333,449.0355920121707,556.084161415916,706.7100245592392,650.8174086758677,467.982241464161,321.145708211236,561.7681562515131,575.0308108679063,676.3953854360547,741.7613260454212,385.5643163480031,565.5574861419112,607.24011493629,594.9247927924962,539.0321769091247,620.5027695526832,566.5048186145107,586.3988005391005,681.1320477990522,719.0253467030328,684.9213776894502,384.6169838754036,532.4008496009282
B02009,99000000006,Synthetic Census Tract 99000000006,1.0,Total:,910.7080790502624,644.2105536138953,+/-614,391.35266530616116,1042.9076389123973,694.5722907042324,920.1509047547006,783.754533468371,670.4406250151126,1093.2693760027344,986.2506846857681,824.6734448542699,953.7253961482587,676.7358421514047,850.9035162554871,771.1640991957868,1075.4329274499066,951.6269904361613,1035.5632189200564,851.9527191115359,636.8661336215545,1178.2548073426783,913.8556876184085,866.6415590962175,991.4966989660115,1199.2388644636521,922.2493104667981,1238.0593701374535,1159.369155933802,630.5709164852624,581.2583822509739,674.6374364393073,929.5937304591389,775.3609106199815,873.9859790885583,1218.1245158725285,472.14128522191027,738.6388106582774,1095.3677817148318,824.6734448542699,1061.7932903212738,648.4073650380901,867.6907619522661,1202.3864730317982,911.7572819063112,873.9859790885583,866.6415590962175,896.0192390655808,612.7344679324347,1030.317204639813,1195.0420530394572,839.3622848389516,875.035181944607,753.327650642959,1086.9741588664422,601.1932365158991,925.3969190349441,871.887573376461,887.6256162171912,835.1654734147568,481.58411092634844,1207.6324873120416,899.1668476337269,678.8342478635021,855.1003276796819,1209.730893024139,1111.105824555562,1404.8826242491953,1052.3504646168356,596.9964250917043,662.047002166723,931.6921361712363,918.0524990426032,914.9048904744573,1081.7281445861988,986.2506846857681,508.8633851836144,1001.9887275264985,946.3809761559179,899.1668476337269,941.1349618756744,729.1959849538392,881.3303990808992,1166.7135759261428
B02009,99000000007,Synthetic Census Tract 99000000007,1.0,Total:,10.633137526847822,18.076333795641297,+/-17,10.633137526847822,14.886392537586952,7.443196268793476,2.1266275053695645,3.189941258054347,2.1266275053695645,7.443196268793476,9.56982377416304,11.696451279532605,7.443196268793476,4.253255010739129,9.56982377416304,8.506510021478258,12.759765032217388,15.949706290271733,7.443196268793476,10.633137526847822,14.886392537586952,9.56982377416304,10.633137526847822,11.696451279532605,11.696451279532605,7.443196268793476,15.949706290271733,37.21598134396738,11.696451279532605,9.56982377416304,5.316568763423911,11.696451279532605,14.886392537586952,17.013020042956516,7.443196268793476,8.506510021478258,8.506510021478258,6.379882516108694,10.633137526847822,19.13964754832608,7.443196268793476,12.759765032217388,11.696451279532605,10.633137526847822,10.633137526847822,14.886392537586952,4.253255010739129,3.189941258054347,5.316568763423911,6.379882516108694,20.202961301010863,10.633137526847822,8.506510021478258,3.189941258054347,12.759765032217388,12.759765032217388,10.633137526847822,18.076333795641297,10.633137526847822,6.379882516108694,15.949706290271733,11.696451279532605,11.696451279532605,10.633137526847822,20.202961301010863,2.1266275053695645,20.202961301010863,18.076333795641297,12.759765032217388,15.949706290271733,6.379882516108694,8.506510021478258,7.443196268793476,21.266275053695644,6.379882516108694,10.633137526847822,11.696451279532605,4.253255010739129,10.633137526847822,14.886392537586952,4.253255010739129,7.443196268793476,11.696451279532605,8.506510021478258
B02009,99000000008,Synthetic Census Tract 99000000008,1.0,Total:,117.8951188442656,117.8951188442656,+/-128,71.84233804572435,143.6846760914487,182.36901196222334,148.2899541713028,100.39506214081992,159.34262156295273,128.9477862359155,134.47411993174043,147.368898555332,164.86895525877767,108.68456268455735,78.28972735752012,106.84245145261569,79.21078297349095,157.50051033101107,167.63212210669013,146.44784293936118,144.60573170741952,142.76362047547786,156.57945471504024,80.13183858946178,97.63189529290744,98.55295090887827,139.07939801159458,108.68456268455735,48.81594764645372,80.13183858946178,129.86884185188632,126.18461938800301,50.65805887839537,143.6846760914487,153.81628786712778,97.63189529290744,93.94767282902414,53.421225726307846,98.55295090887827,114.2108963803823,141.84256485950704,94.86872844499497,83.81606105334507,81.97394982140342,87.50028351722837,80.13183858946178,112.36878514844065,132.6320086997988,54.342281342278675,72.76339366169518,117.8951188442656,102.23717337276157,51.579114494366195,136.3162311636821,128.9477862359155,92.1055615970825,120.65828569217807,41.447502718687126,88.4213391331992,122.50039692411973,95.7897840609658,73.684449277666,77.36867174154929,159.34262156295273,122.50039692411973,177.76373388236922,127.10567500397384,150.13206540324447,151.97417663518613,128.02673061994466,123.42145254009054,129.86884185188632,202.6322355135815,99.4740065248491,90.26345036514084,108.68456268455735,107.76350706858652,172.23740018654428,179.60584511431088,175.00056703445674,123.42145254009054,161.18473279489436,162.1057884108652,145.52678732339035
B02009,99000000009,Synthetic Census Tract 99000000009,1.0,Total:,31.96591199868625,47.49221211233386,+/-52,29.225976684513142,35.61915908425039,56.62532982624421,37.445782627032465,35.61915908425039,42.01234148398764,31.052600227295216,74.89156525406493,13.699676570865535,15.526300113647608,31.052600227295216,31.052600227295216,41.099029712596604,44.75227679816075,24.659417827557963,13.699676570865535,25.572729598949,13.699676570865535,13.699676570865535,62.10520045459043,41.099029712596604,41.099029712596604,64.84513576876354,31.96591199868625,33.79253554146832,49.318835655115926,36.53247085564143,50.23214742650696,9.133117713910357,16.439611885038644,31.96591199868625,31.96591199868625,36.53247085564143,37.445782627032465,29.225976684513142,12.7863647994745,37.445782627032465,16.439611885038644,13.699676570865535,63.01851222598146,31.96591199868625,28.312664913122106,15.526300113647608,37.445782627032465,28.312664913122106,17.352923656429677,28.312664913122106,15.526300113647608,59.36526514041732,51.145459197898,35.61915908425039,24.659417827557963,36.53247085564143,17.352923656429677,33.79253554146832,46.57890034094282,29.225976684513142,47.49221211233386,43.83896502676971,17.352923656429677,33.79253554146832,31.96591199868625,15.526300113647608,39.27240616981454,29.225976684513142,14.612988342256571,34.705847312859355,13.699676570865535,55.712018054853175,51.145459197898,34.705847312859355,27.39935314173107,31.96591199868625,21.919482513384857,29.225976684513142,45.66558856955179,33.79253554146832,52.97208274068007,47.49221211233386,10.959741256692428,36.53247085564143
B02009,99000000010,Synthetic Census Tract 99000000010,1.0,Total:,88.64314574936228,112.07754060264196,+/-110,68.26541109433646,124.30418139565744,37.69880911179775,141.62525585242938,129.39861505941388,93.73757941311872,109.02088040438808,92.71869268036744,46.86878970655936,58.076543766823555,73.35984475809292,101.88867327512905,124.30418139565744,112.07754060264196,32.604375448041296,95.7753528786213,33.62326218079259,97.81312634412389,49.925449904813235,29.547715249787423,98.83201307687517,94.75646614587002,51.963223370315816,110.03976713713938,128.37972832666262,96.7942396113726,103.92644674063163,83.54871208560581,59.095430499574846,93.73757941311872,109.02088040438808,91.69980594761614,130.41750179216518,130.41750179216518,48.906563172061944,94.75646614587002,42.7932427755542,88.64314574936228,122.26640793015486,64.18986416333131,82.52982535285453,99.85089980962647,49.925449904813235,108.0019936716368,168.11631090396293,124.30418139565744,101.88867327512905,57.057657034072264,32.604375448041296,126.34195486116002,106.9831069388855,75.3976182235955,111.05865386989066,111.05865386989066,61.13320396507743,58.076543766823555,54.0009968358184,144.68191605068324,97.81312634412389,52.98211010306711,62.15209069782872,76.41650495634678,51.963223370315816,94.75646614587002,121.24752119740357,76.41650495634678,48.906563172061944,113.09642733539324,40.75546931005162,58.076543766823555,154.87078337819617,74.3787314908442,168.11631090396293,99.85089980962647,29.547715249787423,132.45527525766775,52.98211010306711,96.7942396113726,99.85089980962647,33.62326218079259,88.64314574936228
B02009,99000000011,Synthetic Census Tract 99000000011,1.0,Total:,104.07428066991645,176.55458327932254,+/-190,106.86198461643207,169.1207060886142,154.25295170719758,100.35734207456228,191.42233766073917,185.84692976770793,102.21581137223936,135.6682587304268,91.99423023501542,92.92346488385397,179.34228722583816,101.28657672340083,141.24366662345804,118.01280040249453,152.39448240952052,178.41305257699963,180.2715218746767,156.11142100487467,106.86198461643207,113.36662715830184,107.7912192652706,38.09862060238013,34.381682007025965,101.28657672340083,40.88632454889574,31.59397806051035,99.42810742572375,111.50815786062476,95.71116883036959,138.45596267694242,36.24015130470305,118.01280040249453,41.81555919773429,99.42810742572375,31.59397806051035,31.59397806051035,34.381682007025965,37.169385953541585,112.43739250946331,97.56963812804666,113.36662715830184,32.52321270934889,35.31091665586451,102.21581137223936,29.73550876283327,32.52321270934889,133.8097894327497,110.57892321178622,111.50815786062476,128.23438153971847,24.160100869802033,161.6868288979059,31.59397806051035,97.56963812804666,36.24015130470305,27.87703946515619,33.45244735818743,39.02785525121867,113.36662715830184,101.28657672340083,89.20652628849982,204.43162274447872,158.8991249513903,87.34805699082273,183.0592258211923,209.07779598867143,124.51744294436432,108.72045391410914,91.06499558617689,91.06499558617689,200.71468414912457,90.13576093733835,151.46524776068196,117.083565753656,165.40376749326006,184.9176951188694,211.86549993518705,214.65320388170267,103.1450460210779,94.78193418153104,134.73902408158824
B02009,99000000012,Synthetic Census Tract 99000000012,1.0,Total:,8.519462704730147,14.909059733277758,+/-14,8.519462704730147,10.649328380912683,9.584395542821415,7.454529866638879,10.649328380912683,7.454529866638879,2.1298656761825367,13.84412689518649,5.324664190456342,5.324664190456342,10.649328380912683,8.519462704730147,7.454529866638879,8.519462704730147,18.103858247551564,4.2597313523650735,4.2597313523650735,4.2597313523650735,1.0649328380912684,11.714261219003951,11.714261219003951,9.584395542821415,4.2597313523650735,5.324664190456342,9.584395542821415,3.1947985142738053,8.519462704730147,7.454529866638879,12.779194057095221,10.649328380912683,9.584395542821415,5.324664190456342,18.103858247551564,1.0649328380912684,9.584395542821415,9.584395542821415,7.454529866638879,12.779194057095221,9.584395542821415,6.389597028547611,9.584395542821415,18.103858247551564,9.584395542821415,8.519462704730147,13.84412689518649,6.389597028547611,3.1947985142738053,13.84412689518649,2.1298656761825367,2.1298656761825367,9.584395542821415,8.519462704730147,11.714261219003951,10.649328380912683,9.584395542821415,5.324664190456342,6.389597028547611,6.389597028547611,1.0649328380912684,15.973992571369026,6.389597028547611,7.454529866638879,5.324664190456342,4.2597313523650735,6.389597028547611,4.2597313523650735,8.519462704730147,5.324664190456342,25.558388114190443,14.909059733277758,11.714261219003951,4.2597313523650735,7.454529866638879,0.0,9.584395542821415,9.584395542821415,4.2597313523650735,10.649328380912683,9.584395542821415,5.324664190456342,8.519462704730147
B02009,99000000013,Synthetic Census Tract 99000000013,1.0,Total:,1000.5496121762076,670.5606535450161,+/-697,407.91638034876155,849.5051034149916,929.3566590021312,650.3572479145349,832.187898588865,923.5842573934224,976.4979388065872,1038.0702226328153,708.0812640016238,1206.431936220158,737.9053389799531,940.9014622195491,1229.5215426549935,1236.2560111984872,1312.2592990464877,1127.5424475678033,798.5155558713964,1410.3901263945388,1167.9492588287653,984.1944742848657,871.6326429150424,1044.804691176309,938.9773283499794,636.8883108275475,856.2395719584854,1052.5012266545875,993.8151436327139,926.4704581977768,767.7294139582823,1273.776621655095,812.9465598931687,1113.1114435460308,1138.125183850436,1373.831582872716,1112.1493766112462,1171.7975265679047,735.0191381755986,1111.1873096764614,970.7255371978783,988.042742024005,1022.6771516762583,1064.0460298720054,1167.9492588287653,868.7464421106879,692.6881930450668,1159.290656415702,1075.590833089423,1116.9597112851702,740.7915397843076,1312.2592990464877,782.1604179800546,918.7739227194983,1326.69030306826,1273.776621655095,1095.7942387199043,975.5358718718023,933.2049267412706,1415.2004610684628,993.8151436327139,1138.125183850436,1231.4456765245632,1040.9564234371699,1127.5424475678033,780.2362841104849,575.3160270013193,989.0048089587898,758.1087446104342,922.6221904586375,613.7987043927119,1225.6732749158543,610.9125035883575,941.8635291543338,1262.2318184376772,1231.4456765245632,956.2945331761061,819.6810284366624,749.4501421973708,1232.407743459348,919.7359896542831,1177.5699281766135,1108.3011088721069
B02009,99000000014,Synthetic Census Tract 99000000014,1.0,Total:,1325.3610496699641,486.6777785753758,+/-524,295.3502549369647,1147.0363674438725,1111.7429407532916,1155.3953369232204,1106.1702944337262,1290.9963973659778,1166.5406295623511,1184.1873429076416,1279.851104726847,1501.8281831228676,1215.7656720518453,1182.329794134453,1421.953585875764,1323.5035008967757,1499.041859963085,1629.9990484728712,1448.8880430869967,1398.7342262109082,1369.9422202264873,1319.7884033503988,1479.5375978446061,1531.548963493883,1274.2784584072817,1343.936537401849,1162.8255320159742,1461.890884499316,1314.2157570308334,1182.329794134453,1593.7768473956962,1193.4750867735838,1384.802610411995,1121.9594590058282,1371.7997689996757,1337.4351166956892,1331.8624703761238,1481.3951466177946,1250.1303243558318,1568.6999389576522,1442.386622380837,1343.936537401849,1447.9592687004024,1307.714336324674,1295.6402692989489,1229.6972878507586,1259.418068221774,1242.700129263078,1510.1871526022157,1147.9651418304666,969.6404596043747,1093.167453021407,1493.4692136435197,1239.9138061032952,1103.3839712739436,1421.953585875764,1483.252695390983,1394.0903542779372,1308.643110711268,1017.0079533206804,1489.7541160971427,1270.5633608609048,1092.238678634813,1381.087512865618,1480.4663722312005,1164.6830807891627,1421.0248114891697,1530.6201891072888,1310.5006594844565,1514.8310245351868,1449.8168174735908,1285.4237510464125,1520.4036708547521,1280.7798791134412,1355.0818300409796,1517.6173476949696,1217.6232208250337,1264.0619401547451,1195.3326355467723,1198.1189587065548,1552.9107743855502,1356.0106044275738,1156.3241113098147
B02009,99000000015,Synthetic Census Tract 99000000015,1.0,Total:,246.11205945093027,163.713308269121,+/-151,99.7458566937691,313.3320933097747,234.18592441145788,229.8491480334679,205.99687795452314,261.2907767738951,303.57434645929726,305.74273464829224,263.4591649628901,304.65854055379475,339.3527515777144,236.35431260045286,219.007207088493,183.22880197007584,278.63788228585497,260.2065826793976,160.46072598562856,228.76495393897042,190.81816063155827,299.2375700813073,292.73240551432235,143.1136204736687,291.64821141982486,172.38686102510093,319.8372578767596,285.1430468528399,256.95400039590515,236.35431260045286,226.59656574997544,235.27011850595537,269.96432952987504,229.8491480334679,178.89202559208587,294.90079370331733,266.7117472463826,258.03819449040265,282.97465866384493,249.36464173442275,343.68952795570436,183.22880197007584,306.82692874278973,172.38686102510093,226.59656574997544,164.7975023636185,332.84758701072946,202.74429567103067,202.74429567103067,242.8594771674378,259.12238858490014,263.4591649628901,305.74273464829224,234.18592441145788,219.007207088493,299.2375700813073,333.93178110522695,232.0175362224629,256.95400039590515,213.58623661600555,303.57434645929726,233.10173031696038,147.45039685165867,275.3853000023625,236.35431260045286,278.63788228585497,212.50204252150806,243.9436712619353,370.79438031814163,259.12238858490014,226.59656574997544,246.11205945093027,290.56401732532737,285.1430468528399,201.66010157653318,194.07074291505074,287.3114350418349,331.76339291623196,203.82848976552816,276.46949409686,223.34398346648297,246.11205945093027,187.5655783480658
B02009,99000000016,Synthetic Census Tract 99000000016,1.0,Total:,2023.9076613225636,593.4556351319274,+/-636,361.1121553397105,2237.5890142238395,1946.459834725158,2053.7670643480697,2371.9563278386154,2178.803314517375,1958.5902172042697,2027.640086700752,2096.689956197234,1775.7013736730469,1954.8577918260817,1527.4950860235301,2115.3520830881753,2100.422381575422,1805.5607766985527,1967.9212806497403,1929.6639205233112,1951.1253664478934,2147.077698802775,2289.8429695184745,1649.7320171591944,1964.1888552715523,1733.7115881684294,2075.228510272652,2224.525525400181,2156.4087622482457,2281.445012417551,2027.640086700752,1918.4666443887463,2357.9597326704097,2392.4846674186506,1903.5369428759936,1900.7376238423524,1919.3997507332936,2218.9268873328983,2036.9711501462225,2064.9643404826343,1937.1287712796875,2304.7726710312277,1871.8113271613936,2320.6354788885274,2009.911066154358,1977.252344095211,1977.252344095211,2129.348678256381,1836.3532860686055,2196.532335063769,2070.5629785499164,2163.8736130046223,1819.5573718667586,1887.6741350186935,2063.0981277935402,2086.4257864072165,1865.2795827495643,2275.846374350269,1938.9949839687818,2178.803314517375,1952.0584727924404,1988.4496202297755,2242.2545459465746,2131.214890945475,1897.005198464164,1611.4746570327652,2086.4257864072165,1911.934899976917,1653.4644425373826,1975.3861314061169,2272.1139489720804,1824.2229035894939,2202.130973131051,2121.8838275000044,2172.2715701055454,2145.211486113681,1797.162819597629,2094.82374350814,2080.827148339934,2199.33165409741,2148.010805147322,1838.2194987576997,1928.7308141787641,1969.7874933388346
B02009,99000000017,Synthetic Census Tract 99000000017,1.0,Total:,919.6231998253513,473.6872881514557,+/-495,288.04014895674374,717.7080123506904,1191.395300502146,1006.7051053239018,1062.2078582790218,857.4218387549581,944.5037442535086,956.9440164675872,742.5885567788476,1087.088402707179,753.1149409599911,952.1592963852493,711.9663482518848,896.6565434301292,1032.5425937685266,840.1968464585416,831.5843503103333,768.4260452234726,712.9232922683525,652.6358192308945,1008.6189933568369,892.8287673642589,680.3871957084546,889.9579353148561,755.0288289929263,709.0955162024821,1078.4759065589708,852.6371186726202,948.3315203193789,1238.2855573090578,1023.9300976203183,1054.5523061472811,1250.7258295231366,852.6371186726202,806.703805882176,983.7384489286796,1054.5523061472811,1007.6620493403693,865.0773908866988,856.4648947384906,1106.2272830365307,942.5898562205734,1071.7772984436976,1060.2939702460867,1045.9398099990728,960.7717925334575,973.2120647475361,911.010703677143,827.756574244463,877.5176631007774,977.0398408134065,953.1162404017168,877.5176631007774,1017.2314895050451,1288.0466461653723,763.6413251411345,721.5357884165608,863.1635028537637,867.9482229361016,947.3745763029114,969.3842886816658,1028.7148177026563,863.1635028537637,824.8857421950602,492.8261684808074,786.6079815363566,863.1635028537637,739.7177247294449,868.9051669525692,971.298176714601,1103.356450987128,1021.0592655709155,834.455182359736,732.0621725977043,773.2107653058105,810.5315819480463,1032.5425937685266,867.9482229361016,1038.2842578673321,938.7620801547031,961.7287365499251
B02009,99000000018,Synthetic Census Tract 99000000018,1.0,Total:,307.13848408267586,232.68066975960295,+/-250,141.4698472138386,298.76197997133016,307.13848408267586,375.08123965247995,323.8914923053673,192.65959456095123,409.5179787769012,197.3132079561433,190.7981492028744,346.22883660228916,299.6927026503686,392.76497055420975,321.0993242682521,272.70174495825466,385.31918912190247,358.32823142978856,340.6445005280587,167.53008222691412,224.30416564825723,261.5330728097937,322.0300469472905,358.32823142978856,290.38547585998447,371.3583489363263,269.90957692113943,204.7589893884506,330.4065510586362,170.32225026402935,233.61139243864136,389.9728025170945,303.4155933665222,398.3493066284402,322.0300469472905,265.2559635259474,404.8643653817091,347.1595592813276,394.6264159122866,269.90957692113943,205.689712067489,352.74389535555804,348.090281960366,395.557138591325,252.2258460194096,370.4276262572879,323.8914923053673,134.0240657815313,351.8131726765196,156.3614100784532,253.156568698448,388.1113571590177,312.7228201569064,378.8041303686336,279.21680371152354,282.9396944276772,424.4095416415158,272.70174495825466,319.23787891017525,252.2258460194096,255.01801405652483,285.7318624647924,344.36739124421234,270.84029960017784,426.2709869995926,328.54510570055936,314.5842655149832,224.30416564825723,315.5149881940216,252.2258460194096,192.65959456095123,384.38846644286406,308.9999294407527,377.8734076895952,345.29811392325075,289.45475318094606,389.0420798380561,335.06016445382824,362.9818448249806,163.80719151076048,200.10537599325852,292.2469212180613,332.267996416713
B02009,99000000019,Synthetic Census Tract 99000000019,1.0,Total:,480.93406463393,228.9283071578016,+/-248,139.38779992269372,350.77724483856696,451.39492822647173,484.62645668486226,514.1655930923206,684.0156274352056,552.9357096271095,450.47183021373866,483.7033586721292,397.8552434879536,499.3960248885914,453.2411242519379,510.4732010413883,446.7794381628064,388.6242633606229,527.0889652705836,603.7061003274284,406.16312560255125,588.0134341109663,528.9351612960497,370.1623031059615,511.39629905412136,514.1655930923206,449.5487322010056,395.08594944975437,480.93406463393,492.9343387994599,574.1669639199702,420.9326938062804,510.4732010413883,525.2427692451174,426.4712818826788,428.31747790814495,515.0886911050536,468.010692455667,461.54900636653554,452.3180262392048,576.0131599454363,573.2438659072371,501.24222091405755,415.39410572988197,459.7028103410694,416.31720374261505,564.9359837926395,599.0906102637631,596.3213162255639,567.7052778308387,496.6267308503922,384.00877329695754,487.3957507230615,514.1655930923206,435.7022620100095,515.0886911050536,488.3188487357946,345.23865676216855,517.8579851432528,500.3191229013245,423.7019878444796,589.8596301364324,477.2416725829977,421.85579181901346,470.7799864938662,513.2424950795875,411.70171367894966,416.31720374261505,492.9343387994599,412.62481169168274,612.9370804547591,421.85579181901346,493.857436812193,580.6286500091016,564.0128857799064,542.7816314870457,528.9351612960497,600.0137082764961,420.0095957935473,382.1625772714914,478.1647705957308,516.9348871305198,531.7044553342489,564.0128857799064
B02009,99000000020,Synthetic Census Tract 99000000020,1.0,Total:,253.18428891484066,152.81480295217168,+/-169,93.13564913653067,205.2601199416744,287.5450138389976,307.438065110878,177.22900224038847,222.44048240375287,198.93051271880339,207.97280875147626,294.7788506651359,340.8945604317676,226.05740081682202,271.2688809801864,348.12839725790593,200.73897192533795,241.4293040723659,285.736554632463,243.2377632789005,258.6096665344444,217.91933438741643,268.5561921703846,294.7788506651359,266.74773296384996,272.1731105834537,326.426886779491,241.4293040723659,249.5673705017715,227.8658600233566,157.33595096850812,264.03504415404814,286.64078423573034,226.05740081682202,283.92809542592846,311.0549835239471,207.06857914820898,192.60090549593235,233.2912376429603,276.69425859979015,357.1706932905788,277.59848820305746,234.19546724622762,208.87703835474355,273.077340186721,242.3335336756332,251.37582970830607,346.3199380513713,262.2265849475135,305.62960590434335,320.09727955662,282.1196362193939,246.85468169196963,312.86344273048167,202.54743113187254,236.0039264527622,347.2241676546386,269.46042177365183,228.77008962662387,183.55860946325947,170.89939501751743,240.52507446909863,251.37582970830607,273.98156978998827,254.99274812137523,237.81238565929675,181.7501502567249,265.8435033605827,304.7253763010761,241.4293040723659,274.8857993932556,203.45166073513982,160.95286938157727,284.8323250291957,307.438065110878,165.4740173979137,245.95045208870235,273.077340186721,245.04622248543507,214.30241597434727,245.04622248543507,325.52265717622373,272.1731105834537,219.727793593951
B02009,99000000021,Synthetic Census Tract 99000000021,1.0,Total:,5.466474490997112,9.110790818328521,+/-10,5.466474490997112,3.644316327331408,1.822158163665704,1.822158163665704,9.110790818328521,1.822158163665704,6.377553572829964,9.110790818328521,8.199711736495669,7.288632654662816,11.844028063827077,5.466474490997112,4.555395409164261,1.822158163665704,8.199711736495669,4.555395409164261,1.822158163665704,6.377553572829964,6.377553572829964,5.466474490997112,8.199711736495669,7.288632654662816,5.466474490997112,5.466474490997112,4.555395409164261,5.466474490997112,1.822158163665704,8.199711736495669,3.644316327331408,3.644316327331408,4.555395409164261,0.911079081832852,9.110790818328521,6.377553572829964,7.288632654662816,1.822158163665704,2.733237245498556,1.822158163665704,1.822158163665704,10.021869900161372,7.288632654662816,3.644316327331408,2.733237245498556,1.822158163665704,10.021869900161372,0.911079081832852,5.466474490997112,6.377553572829964,8.199711736495669,5.466474490997112,10.021869900161372,5.466474490997112,6.377553572829964,0.911079081832852,7.288632654662816,5.466474490997112,1.822158163665704,6.377553572829964,5.466474490997112,2.733237245498556,7.288632654662816,8.199711736495669,5.466474490997112,5.466474490997112,6.377553572829964,6.377553572829964,1.822158163665704,10.021869900161372,3.644316327331408,4.555395409164261,7.288632654662816,0.911079081832852,8.199711736495669,3.644316327331408,6.377553572829964,1.822158163665704,4.555395409164261,1.822158163665704,1.822158163665704,10.021869900161372,5.466474490997112
B02009,99000000022,Synthetic Census Tract 99000000022,1.0,Total:,437.54644167959583,238.40671501772852,+/-255,144.91388559901145,394.539740146986,317.875620023638,462.7895056226495,412.30337773654225,370.23160449811957,325.35504637713535,488.03256956570306,386.12538549930144,419.7828040900396,579.6555423960458,503.92635056688493,515.145490097131,410.43352114816787,319.74547661201234,532.9091276866873,461.85457732846226,399.21438161792184,427.26223044353696,460.9196490342751,433.80672850284714,561.8919048064895,549.7378369820564,519.8201315680668,476.81343003545703,350.598110320189,498.3167808017619,333.7694010248199,458.1148641517136,459.0497924459008,313.20097855270217,330.9646161422584,311.3311219643278,439.4162982679702,494.5770676250132,380.51581573417843,468.3990753877725,495.51199591920044,468.3990753877725,392.6698835586117,481.4880715063929,516.0804183913182,451.5703660924034,425.39237385516265,461.85457732846226,396.4095967353603,416.9780192074781,291.6976277863972,555.3474067471793,502.0564939785106,285.15312972708705,355.27275179112485,355.27275179112485,443.15601144471884,570.3062594541741,411.3684494423551,458.1148641517136,401.08423820629616,445.0258680330932,423.52251726678827,442.2210831505317,379.5808874399913,287.02298631546137,398.2794533237347,406.69380797141923,402.95409479467054,314.1359068468893,522.6249164506283,352.4679669085633,448.7655812098419,461.85457732846226,563.7617613948639,555.3474067471793,461.85457732846226,421.65266067841395,510.47084862619516,488.03256956570306,423.52251726678827,482.42299980058004,423.52251726678827,426.3273021493498
B02009,99000000023,Synthetic Census Tract 99000000023,1.0,Total:,134.78010520576441,119.298606634832,+/-131,72.8541109220348,65.56869982983133,154.81498570932396,158.45769125542571,113.8345483156794,153.90430932279853,84.69290394686547,168.4751315072055,205.81286335474834,113.8345483156794,75.58614008161112,199.4381286490703,123.85198856745917,133.86942881923898,153.90430932279853,83.78222756034003,145.7082218440696,161.18972041500203,98.353049744747,136.60145797881526,130.22672327313722,128.40537050008635,142.97619268449333,98.353049744747,87.42493310644177,98.353049744747,127.49469411356093,142.0655162979679,162.10039680152747,146.61889823059505,162.10039680152747,149.35092739017136,65.56869982983133,121.11995940788287,192.1527175568668,170.29648428025638,176.67121898593442,183.9566300781379,91.97831503906895,120.20928302135744,101.99575529084873,187.59933562423964,188.51001201076508,142.97619268449333,184.86730646466333,142.0655162979679,166.65377873415463,97.44237335822156,69.21140537593307,132.0480760461881,134.78010520576441,128.40537050008635,175.76054259940898,81.96087478728916,81.96087478728916,132.0480760461881,97.44237335822156,136.60145797881526,117.47725386178114,130.22672327313722,187.59933562423964,132.0480760461881,88.33560949296721,131.13739965966266,193.06339394339224,93.79966781211982,186.6886592377142,90.15696226601808,139.33348713839158,131.13739965966266,124.76266495398461,167.56445512068007,152.08295654974768,142.97619268449333,139.33348713839158,133.86942881923898,106.54913722347591,71.03275814898394,212.18759806042638,104.72778445042505,152.99363293627312
B02009,99000000024,Synthetic Census Tract 99000000024,1.0,Total:,186.33586366966153,143.5702556143294,+/-141,87.56767363710871,171.06243222132863,181.24471985355058,168.00774593166204,181.24471985355058,206.70043893410542,293.2498838079919,220.95564161921615,185.31763490643937,138.4791117982184,176.1535760374396,133.38796798210745,278.9946811228812,220.95564161921615,145.60671314077376,176.1535760374396,222.99209914566055,242.33844564688223,228.0832429617715,200.59106635477227,233.1743867778825,219.93741285599395,227.0650141985493,188.37232119610593,161.8983733523289,168.00774593166204,168.00774593166204,145.60671314077376,206.70043893410542,190.40877872255032,168.00774593166204,191.42700748577252,147.64317066721816,176.1535760374396,198.55460882832787,183.28117737999497,139.4973405614406,147.64317066721816,145.60671314077376,152.73431448332914,192.44523624899472,275.93999483321466,238.26553059399345,288.15873999188096,256.59364833199294,102.84110508544161,228.0832429617715,186.33586366966153,195.49992253866128,117.09630777055234,133.38796798210745,182.26294861677277,130.33328169244086,220.95564161921615,299.3592563873251,119.13276529699672,195.49992253866128,243.35667441010443,163.93483087877328,177.1718048006618,172.08066098455083,186.33586366966153,253.53896204232638,214.846269039883,183.28117737999497,189.39054995932813,200.59106635477227,149.67962819366255,243.35667441010443,179.20826232710618,175.13534727421742,169.02597469488424,133.38796798210745,272.88530854354804,171.06243222132863,164.95305964199548,166.98951716843985,199.57283759155007,122.18745158666331,121.16922282344112,186.33586366966153
B02009,99000000025,Synthetic Census Tract 99000000025,1.0,Total:,1568.7203587148906,906.6250421899138,+/-875,551.2280256514675,2110.623098218119,1510.6963560147362,1956.2378053194939,1638.141933374004,1647.467219522243,1817.394656001267,1305.5400607534757,1647.467219522243,1452.6723533145816,1167.7330543406088,1679.5876495884002,1179.130626299568,1652.6479340490428,1397.756779330507,1482.7204975700188,2259.827676589945,1121.1066235994133,1360.4556347375506,2020.4786654518077,1767.6597965439917,1585.2986452006492,2173.827815445073,1482.7204975700188,1570.7926445256105,1794.5995120833493,1463.0337823681807,1614.3106465507265,1422.6242090591445,1768.6959394493517,1321.0822043338742,1238.190771905082,1535.563785743374,1611.2022178346467,1741.7562239099943,1754.189938774313,1395.684493519787,1247.5160580533213,1792.5272262726294,1767.6597965439917,1336.624347914273,1050.64890603494,1697.2020789795185,1608.093789118567,1608.093789118567,1477.5397830432194,1714.8165083706367,1727.2502232349557,1766.6236536386318,1188.455912447807,2061.9243816662038,1607.0576462132071,1735.5393664778348,1613.2745036453664,1285.8533455516376,1599.8046458756878,1162.5523398138093,2071.249667814443,2091.9725259216407,1008.1670469151841,1763.515224922552,1257.8774871069204,1282.744916835558,1386.359207371548,2003.9003789660492,1518.9854992576154,1606.021503307847,1627.780504320405,1726.2140803295956,1588.407073916729,1655.7563627651225,1814.2862272851874,1666.1177918187213,1626.7443614150452,1444.3832100717025,2017.370236735728,1335.5882050089128,1707.5635080331174,1394.6483506144273,1386.359207371548,1000.9140465776647
B02009,99000000026,Synthetic Census Tract 99000000026,1.0,Total:,40.12776974602263,61.65974375608356,+/-63,37.19159147192342,34.2554131978242,61.65974375608356,39.149043654656225,32.29796101509139,37.19159147192342,13.702165279129678,14.680891370496084,39.149043654656225,10.765987005030462,64.59592203018278,14.680891370496084,62.63846984744996,39.149043654656225,66.55337421291559,67.532100304282,39.149043654656225,33.27668710645779,41.10649583738904,43.06394802012185,44.04267411148825,63.617195938816366,44.04267411148825,14.680891370496084,70.4682785783812,63.617195938816366,45.02140020285466,46.97885238558747,12.723439187763274,39.149043654656225,40.12776974602263,39.149043654656225,43.06394802012185,12.723439187763274,41.10649583738904,43.06394802012185,71.44700466974761,64.59592203018278,13.702165279129678,12.723439187763274,37.19159147192342,12.723439187763274,40.12776974602263,63.617195938816366,9.787260913664056,13.702165279129678,43.06394802012185,41.10649583738904,61.65974375608356,49.915030659686686,40.12776974602263,43.06394802012185,39.149043654656225,64.59592203018278,38.17031756328982,43.06394802012185,15.65961746186249,13.702165279129678,66.55337421291559,72.42573076111402,69.4895524870148,44.04267411148825,12.723439187763274,37.19159147192342,38.17031756328982,33.27668710645779,71.44700466974761,66.55337421291559,42.085221928755445,53.82993502515231,12.723439187763274,60.68101766471715,12.723439187763274,49.915030659686686,12.723439187763274,12.723439187763274,42.085221928755445,44.04267411148825,43.06394802012185,40.12776974602263,12.723439187763274
B02009,99000000027,Synthetic Census Tract 99000000027,1.0,Total:,579.1225298536364,423.0196183123899,+/-439,257.2807245772394,744.8614235887868,693.7907179610951,671.6279589151158,636.9384230170609,448.0731720165406,455.7819577716639,753.5338075633006,606.1032799965678,748.7158164663485,510.7070562769172,984.7973802169989,776.6601648286704,582.0133245118076,561.777761904609,585.8677173893692,709.2082894713417,745.8250218081772,654.2831909660883,555.0325743688761,497.2166812054515,642.7200123334034,498.1802794248419,418.2016272154379,556.9597708076569,636.9384230170609,730.4074502979307,499.1438776442323,409.5292432409242,661.0283785018212,445.18237735836937,442.29158270019815,432.65560050629404,598.3944942414446,666.8099678181636,537.6878064198487,530.9426188841159,428.8012076287324,542.5057975168007,668.7371642569444,510.7070562769172,543.4693957361911,487.58069901154744,722.6986645428075,801.7137185328211,609.9576728741295,705.3538965937801,579.1225298536364,491.43509188910906,460.5999488686159,666.8099678181636,620.557253287424,350.7497518581092,483.72630613398576,454.8183595522735,539.6150028586295,630.1932354813281,426.8740111899516,457.7091542104447,518.4158420320405,828.6944686757525,635.0112265782801,541.5421992974103,721.7350663234171,567.5593512209514,686.0819322059718,672.5915571345062,452.89116311349267,773.7693701704992,707.2810930325609,401.82045748580094,587.79491382815,506.8526633993556,424.9468147511708,587.79491382815,694.7543161804855,923.1270941760126,607.0668782159582,516.4886455932597,850.857227721732,607.0668782159582
B02009,99000000028,Synthetic Census Tract 99000000028,1.0,Total:,1151.0410345151129,455.4118875690229,+/-455,277.25075353103153,945.8554587972014,1189.0754339164819,1171.0591394632017,1324.197642316082,1036.937836311006,868.7857547470591,1275.153285193264,1131.022929567024,1179.0663814424374,1331.2039790479132,1145.0356030306862,1296.1722953887574,1114.0075403611484,1035.9369310636016,1133.0247400618327,1202.0872021327395,1117.0102561033616,1247.1279382659397,1170.0582342157973,1141.0319820410684,983.8898581985704,1224.1071175756374,1411.2763988402687,1203.088107380144,1068.9668042279484,906.8201541484281,1196.0817706483128,1056.955941259095,998.9034369096371,1143.0337925358774,1077.9749514545883,1066.9649937331394,1290.166863904331,1236.1179805444908,1000.905247404446,1393.2601043869888,1255.1351802451752,1121.0138770929796,1122.014782340384,1020.923352352535,1021.9242575999393,1084.9812881864195,1012.9161103732994,1228.1107385652551,1081.978572444206,1402.2682516136288,1190.0763391638864,1006.9106788888727,1367.2365679544732,1016.9197313629171,852.771270788588,1210.0944441119752,1199.0844863905263,1110.0039193715306,1108.0021088767216,1318.1922108316553,1135.0265505566417,1131.022929567024,1163.0518974839663,1034.9360258161971,1242.1234120289175,1107.0012036293172,1166.0546132261795,1136.0274558040462,1154.043750257326,1456.317134973469,1136.0274558040462,987.8934791881882,1281.1587166776908,1127.0193085774063,818.7404923768368,1162.0509922365618,1395.2619148817978,1134.0256453092372,871.7884704892724,1450.3117034890422,1400.26644111882,1026.9287838369617,1257.1369907399842,1171.0591394632017
B02009,99000000029,Synthetic Census Tract 99000000029,1.0,Total:,87.07508006420066,107.50009884469219,+/-100,65.57506029526223,110.72510181003295,66.65006128370915,132.2251215789714,34.4000316303015,26.875024711173047,118.2501087291614,105.35009686779834,88.1500810526476,131.15012059052447,78.47507215662529,62.35005732992147,79.55007314507222,79.55007314507222,54.82505041079301,110.72510181003295,115.02510576382063,86.00007907575375,107.50009884469219,94.60008698332912,66.65006128370915,107.50009884469219,92.45008500643527,112.87510378692679,69.87506424904991,73.10006721439069,60.20005535302762,50.525046457005324,70.95006523749684,106.42509785624526,73.10006721439069,55.900051399239935,117.17510774071448,23.65002174583228,61.275056341474546,129.0001186136306,84.92507808730683,162.3251492554852,63.425058318368386,79.55007314507222,108.5750998331391,43.00003953787687,48.375044480111484,47.30004349166456,90.30008302954144,102.12509390245758,119.32510971760833,106.42509785624526,80.62507413351913,53.750049422346095,87.07508006420066,106.42509785624526,67.72506227215608,144.05013245188752,144.05013245188752,50.525046457005324,81.70007512196605,30.10002767651381,106.42509785624526,91.37508401798836,60.20005535302762,59.1250543645807,116.10010675226755,67.72506227215608,166.6251532092729,168.77515518616673,72.02506622594376,54.82505041079301,87.07508006420066,49.4500454685584,101.05009291401065,130.07511960207754,115.02510576382063,104.27509587935141,129.0001186136306,55.900051399239935,79.55007314507222,86.00007907575375,49.4500454685584,112.87510378692679,136.52512553275906
B02009,99000000030,Synthetic Census Tract 99000000030,1.0,Total:,386.3517034565633,179.79802266122613,+/-168,109.16308518717301,480.53162008863416,384.2112508058344,490.1636570169141,354.2449136956301,385.28147713119887,346.753329418079,362.8067242985456,483.7422990647275,341.40219779125675,505.14682557201627,375.64944020291887,362.8067242985456,361.73649797318114,288.96110784839914,405.61577731312326,438.79279339942093,345.68310309271453,332.84038718834125,321.06789760933236,482.67207273936305,332.84038718834125,319.9976712839679,374.5792138775544,398.12419303557215,429.160756471141,406.6860036384877,355.31514002099453,356.3853663463589,361.73649797318114,399.1944193609366,343.54265044198564,423.80962484431876,444.14392502624315,345.68310309271453,435.5821144233276,466.6186778588964,432.37143544723426,355.31514002099453,429.160756471141,340.3319714658923,334.98083983907014,403.47532466239437,302.87405007813686,422.7393985189543,373.50898755219004,451.6355093037942,436.65234074869204,317.8572186332391,449.4950566530653,361.73649797318114,330.69993453761236,474.1102621364475,427.0203038204121,427.0203038204121,288.96110784839914,344.6128767673501,456.98664093061643,412.03713526530987,491.23388334227855,352.1044610449012,437.7225670740565,473.04003581108304,367.08762960000337,364.9471769492745,349.9640083941723,321.06789760933236,437.7225670740565,459.1270935813453,447.3546040023365,387.42192978192776,485.8827517154563,404.5455509877588,382.07079815510554,359.59604532245226,360.6662716478167,373.50898755219004,370.2983085760967,386.3517034565633,299.6633711020436,448.4248303277009
B02009,99000000031,Synthetic Census Tract 99000000031,1.0,Total:,254.43460347271636,153.56945709603238,+/-169,93.59558627746352,206.27376781538078,288.9650139440136,308.95630421686985,178.10422243090144,223.5389730510294,199.91290272856287,208.99985285258845,296.23457404323403,342.57801967576455,227.1737531006396,272.60850372076754,349.847579774985,201.730292753368,242.62156831148312,287.14762391920846,244.43895833628824,259.8867735471317,218.9954979890166,269.8824186835599,296.23457404323403,268.0650286587547,273.5171987331701,328.0388994773236,242.62156831148312,250.79982342310615,228.99114312544472,158.11293215804517,265.33894362154706,288.05631893161103,227.1737531006396,285.33023389440336,312.5910842664801,208.0911578401859,193.55203764174496,234.44331319986009,278.0606737951829,358.9345298990106,278.96936880758545,235.35200821226263,209.908547864991,274.42589374557264,243.53026332388566,252.61721344791124,348.0301897501799,263.52155359674197,307.13891419206476,321.6780343905057,283.5128438695982,248.07373838589845,314.40847429128524,203.54768277817308,237.16939823706775,348.93888476258246,270.7911136959624,229.8998381378473,184.46508751771935,171.74335734408353,241.71287329908054,252.61721344791124,275.3345887579752,256.2519934975215,238.98678826187287,182.64769749291426,267.1563336463522,306.2302191796622,242.62156831148312,276.2432837703778,204.45637779057566,161.7477122076554,286.23892890680594,308.95630421686985,166.2911872696682,247.1650433734959,274.42589374557264,246.25634836109333,215.36071793940636,246.25634836109333,327.13020446492106,273.5171987331701,220.8128880138217
B02009,99000000032,Synthetic Census Tract 99000000032,1.0,Total:,252.8009141182123,193.8140341572961,+/-207,117.97375992183241,233.1386207979069,192.8777344753768,177.89693956466792,148.87164942516947,249.9920150724544,198.49553256689262,316.46929248872505,342.6856835824656,220.03042525103663,242.50161761709995,317.4055921706443,261.227611255486,175.08804051891,237.8201192075034,272.4632074385177,280.88990457579143,282.76250393963005,247.18311602669647,318.3418918525636,210.66742843184358,216.2852265233594,228.45712238831038,191.00513511153818,132.01825515062197,227.52082270639107,162.91614465395904,278.0810055300335,264.03651030124394,242.50161761709995,275.2721064842756,331.45008739943387,263.1002106193246,205.98593002224706,262.1639109374053,264.03651030124394,323.02339026216015,286.5077026673073,230.32972175214897,349.2397813559007,321.15079089832153,146.06275037941154,289.31660171306515,149.80794910708877,205.04963034032775,245.31051666285785,212.5400277956822,370.7746740400447,226.58452302447176,298.67959853225824,253.7372138001316,282.76250393963005,263.1002106193246,184.45103733810305,259.35501189164745,328.641188353676,400.7362638614625,239.69271857134203,254.6735134820509,293.0618004407424,211.60372811376288,151.68054847092736,261.227611255486,165.72504369971693,197.5592328849733,240.62901825326134,138.5723529240571,310.8514943972092,220.96672493295594,292.1255007588231,222.83932429679453,287.4440023492266,302.4247972599355,152.61684815284667,246.24681634477716,317.4055921706443,295.8706994865003,254.6735134820509,249.9920150724544,367.0294753123675,335.1952861271111
B02009,99000000033,Synthetic Census Tract 99000000033,1.0,Total:,82.4193607572165,104.20838716429672,+/-110,63.47238127279891,115.57657485494727,35.05191204617253,131.68150741670223,120.31331972605167,87.15610562832089,101.36634024163408,86.20875665410001,43.57805281416044,53.99889153059012,68.2091261439033,94.73489742208793,115.57657485494727,104.20838716429672,30.315167175068137,89.05080357676265,31.262516149289016,90.9455015252044,46.42009973682308,27.473120252405497,91.8928504994253,88.10345460254177,48.31479768526484,102.31368921585496,119.36597075183079,89.99815255098353,96.62959537052969,77.6826158861121,54.946240504810994,87.15610562832089,101.36634024163408,85.26140767987913,121.26066870027255,121.26066870027255,45.4727507626022,88.10345460254177,39.78865691727693,82.4193607572165,113.68187690650551,59.68298537591539,76.73526691189122,92.84019947364617,46.42009973682308,100.4189912674132,156.3125807464451,115.57657485494727,94.73489742208793,53.05154255636924,30.315167175068137,117.47127280338903,99.47164229319232,70.10382409234506,103.26103819007584,103.26103819007584,56.840938453252754,53.99889153059012,50.2094956337066,134.52355433936486,90.9455015252044,49.26214665948572,57.788287427473634,71.05117306656595,48.31479768526484,88.10345460254177,112.73452793228464,71.05117306656595,45.4727507626022,105.1557361385176,37.89395896883517,53.99889153059012,143.99704408157365,69.15647511812419,156.3125807464451,92.84019947364617,27.473120252405497,123.1553666487143,49.26214665948572,89.99815255098353,92.84019947364617,31.262516149289016,82.4193607572165
B02009,99000000034,Synthetic Census Tract 99000000034,1.0,Total:,106.38628169864154,121.58432194130462,+/-128,74.0904461829825,101.63689412280934,94.03787400147779,57.942528425152986,128.2334645474697,121.58432194130462,149.13076988113144,151.98040242663077,67.4413035768174,81.68946630431404,135.83248466880127,112.0855467896402,61.74203848581875,144.38138230529924,144.38138230529924,98.78726157731,107.33615921380799,73.14056866781607,121.58432194130462,113.98530181997309,82.63934381948049,70.29093612231674,139.63199472946704,76.94007872848184,153.88015745696367,147.23101485079857,103.53664915314222,112.0855467896402,122.53419945647107,103.53664915314222,106.38628169864154,156.72979000246298,101.63689412280934,99.73713909247645,118.73468939580529,71.24081363748317,75.99020121331539,113.03542430480664,72.19069115264962,127.28358703230327,127.28358703230327,89.28848642564559,118.73468939580529,132.98285212330194,38.944978121824136,38.944978121824136,58.89240594031943,69.34105860715029,150.0806473962979,66.49142606165097,135.83248466880127,37.04522309149125,151.98040242663077,135.83248466880127,148.180892365965,176.67721782095828,96.88750654697712,71.24081363748317,183.32636042712338,101.63689412280934,78.83983375881472,66.49142606165097,118.73468939580529,151.03052491146434,81.68946630431404,58.89240594031943,37.04522309149125,34.19559054599193,208.02317582145088,113.03542430480664,108.28603672897442,78.83983375881472,173.82758527545894,108.28603672897442,111.13566927447376,122.53419945647107,83.58922133464692,125.38383200197039,162.42905509346164,116.8349343654724,104.48652666830866
B02009,99000000035,Synthetic Census Tract 99000000035,1.0,Total:,248.49039993539589,192.70684076622538,+/-190,116.63835099008378,318.47341052944614,360.0575182737369,193.72108729657393,281.96053543689817,188.64985464483115,244.43341381400165,311.3736848170063,184.59286852343695,322.5303966508404,114.60985792938668,266.74683748166984,305.28820563491496,339.7725876667658,281.96053543689817,264.71834442097276,178.5073893413456,182.56437546273983,368.1714905165253,264.71834442097276,226.17697626772767,306.3024521652635,210.96327831249937,177.49314281099706,187.6356081144826,144.02300730949474,297.1742333921265,212.99177137319646,190.67834770552827,283.9890284975953,184.59286852343695,348.9008064399028,290.07450767968663,224.14848320703058,282.9747819672467,198.7923199483167,133.88054200600922,265.7325909513213,338.75834113641724,251.53313952644154,314.4164244080519,269.78957707271553,347.88655990955425,247.4761534050473,245.44766034435023,240.37642769260745,274.8608097244583,313.40217787770337,174.4504032199514,255.59012564783575,114.60985792938668,247.4761534050473,283.9890284975953,241.390674222956,279.9320423762011,293.11724727073226,225.16272973737912,175.46464975029994,262.68985136027567,309.34519175630913,252.5473860567901,336.72984807572016,230.2339623891219,211.9775248428479,209.9490317821508,245.44766034435023,215.02026443389357,206.90629219110514,182.56437546273983,128.80930935426645,210.96327831249937,282.9747819672467,308.3309452259606,237.3336881015618,222.11999014633346,243.4191672836531,194.7353338269225,260.6613582995785,246.46190687469877,294.13149380108086,192.70684076622538
B02009,99000000036,Synthetic Census Tract 99000000036,1.0,Total:,86.52621869237619,64.89466401928215,+/-66,39.330099405625546,114.05728827631407,95.37549105864194,99.3085009992045,74.72718887068854,83.57646123695427,113.07403579117343,74.72718887068854,70.79417893012598,75.71044135582918,115.04054076145471,60.96165407871959,109.14102585061089,89.47597614779811,82.59320875181363,80.62670378153236,47.19611928675065,87.50947117751683,68.8276739598447,91.44248111807939,127.82282306828301,81.609956266673,114.05728827631407,78.66019881125109,112.09078330603279,102.25825845462641,88.49272366265747,81.609956266673,115.04054076145471,70.79417893012598,58.99514910843831,104.22476342490769,102.25825845462641,112.09078330603279,117.00704573173599,100.29175348434514,102.25825845462641,82.59320875181363,66.86116898956342,75.71044135582918,112.09078330603279,60.96165407871959,103.24151093976705,68.8276739598447,70.79417893012598,103.24151093976705,76.69369384096981,99.3085009992045,95.37549105864194,83.57646123695427,56.045391653016395,115.04054076145471,110.12427833575151,98.32524851406386,107.17452088032961,110.12427833575151,101.27500596948578,82.59320875181363,104.22476342490769,115.04054076145471,64.89466401928215,118.97355070201726,78.66019881125109,105.20801591004833,86.52621869237619,116.02379324659535,115.04054076145471,90.45922863293875,64.89466401928215,95.37549105864194,92.42573360322002,94.3922385735013,81.609956266673,75.71044135582918,34.41383697992235,76.69369384096981,67.84442147470406,75.71044135582918,79.64345129639172,94.3922385735013,58.99514910843831
B02009,99000000037,Synthetic Census Tract 99000000037,1.0,Total:,789.7505152194303,558.6484059271086,+/-614,339.3743573465985,904.3917190416057,602.3212454784135,797.9391726353,679.6585655171826,581.3946765267466,948.0645585929107,855.2597745463877,715.1427476526178,827.0543990028367,586.8537814706597,737.8890182522558,668.7403556293564,932.5970945851568,825.2346973548656,898.0227632737071,738.7988690762413,552.27945015921,1021.7624753357377,792.4800676913869,751.5367806120386,859.8090286663153,1039.959491815448,799.7588742832711,1073.6239723029123,1005.3851605039983,546.8203452152968,504.0573564879775,585.0340798226887,806.1278300511697,672.3797589252985,757.9057363799373,1056.3368066471874,409.4328707934835,640.5349800858053,949.8842602408816,715.1427476526178,920.769033873345,562.2878092230507,752.4466314360241,1042.6890442874046,790.6603660434159,757.9057363799373,751.5367806120386,777.0126036836331,531.352881207543,893.4735091537796,1036.320088519506,727.880659188415,758.8155872039227,653.2728916216025,942.6054536489976,521.3445221437023,802.4884267552277,756.0860347319662,769.733797091749,724.241255892473,417.6215282093532,1047.2382984073322,779.7421561555897,588.6734831186307,741.5284215481979,1049.0580000553032,963.5320226006645,1218.2902533166098,912.5803764574754,517.7051188477602,574.1158699348624,807.9475316991408,796.119470987329,793.3899185153724,938.05619952907,855.2597745463877,441.27764963297665,868.9075369061705,820.685443234938,779.7421561555897,816.1361891150104,632.3463226699356,764.2746921478358,1011.754116271897
B02009,99000000038,Synthetic Census Tract 99000000038,1.0,Total:,143.28425567071142,116.96673932302971,+/-120,71.15476642150975,96.49755994149952,120.86563063379738,152.05676111993864,88.6997773199642,178.37427746762032,149.13259263686288,80.9019946984289,130.6128589107165,151.08203829224672,193.96984271069095,137.43591870455992,162.77871222454968,117.94146215072163,201.76762533222626,136.461195876868,122.8150762891812,192.99511988299903,156.93037525839821,195.91928836607477,155.9556524307063,153.03148394763053,224.18625036914028,137.43591870455992,175.45010898454458,118.91618497841354,146.20842415378715,215.41374491991306,151.08203829224672,169.6017720183931,150.1073154645548,149.13259263686288,178.37427746762032,142.3095328430195,108.19423387380249,96.49755994149952,191.0456742276152,133.53702739379227,110.14367952918631,54.584478350747204,83.82616318150463,177.3995546399284,197.8687340214586,143.28425567071142,170.576494846085,90.64922297534802,96.49755994149952,191.0456742276152,200.79290250453434,159.85454374147395,150.1073154645548,153.03148394763053,156.93037525839821,181.29844595069605,158.87982091378203,161.8039893968578,206.64123947068583,127.68869042764078,148.157869809171,163.7534350522416,142.3095328430195,166.67760353531736,65.30642945535826,155.9556524307063,144.2589784984033,172.52594050146882,152.05676111993864,122.8150762891812,124.76452194456503,143.28425567071142,126.71396759994886,136.461195876868,128.6634132553327,148.157869809171,129.6381360830246,134.51175022148416,125.73924477225695,189.09622857223138,105.27006539072674,214.43902209222114,191.0456742276152
B02009,99000000039,Synthetic Census Tract 99000000039,1.0,Total:,20.09501179487055,38.18052241025405,+/-38,23.109263564101134,48.22802830768933,7.033254128204693,50.23752948717638,39.18527299999758,22.104512974357608,30.142517692305827,8.03800471794822,6.028503538461166,36.171021230766996,18.085510615383498,19.090261205127025,20.09501179487055,33.15676946153641,20.09501179487055,18.085510615383498,20.09501179487055,8.03800471794822,18.085510615383498,21.09976238461408,7.033254128204693,28.133016512818774,9.042755307691749,41.19477417948463,43.204275358971685,18.085510615383498,21.09976238461408,9.042755307691749,7.033254128204693,31.147268282049357,28.133016512818774,18.085510615383498,22.104512974357608,40.1900235897411,15.071258846152913,18.085510615383498,23.109263564101134,8.03800471794822,21.09976238461408,21.09976238461408,6.028503538461166,35.166270641023466,9.042755307691749,54.25653184615049,37.17577182051052,16.07600943589644,23.109263564101134,6.028503538461166,8.03800471794822,33.15676946153641,23.109263564101134,16.07600943589644,20.09501179487055,40.1900235897411,18.085510615383498,20.09501179487055,26.123515333331717,7.033254128204693,26.123515333331717,22.104512974357608,7.033254128204693,29.1377671025623,9.042755307691749,39.18527299999758,33.15676946153641,26.123515333331717,27.128265923075244,7.033254128204693,8.03800471794822,26.123515333331717,16.07600943589644,22.104512974357608,33.15676946153641,30.142517692305827,19.090261205127025,25.11876474358819,22.104512974357608,9.042755307691749,19.090261205127025,27.128265923075244,9.042755307691749
B02009,99000000040,Synthetic Census Tract 99000000040,1.0,Total:,17.486353231034123,26.689697036841554,+/-29,16.56601885045338,19.327021992195608,30.371034559164528,18.406687611614863,6.442340664065203,21.167690753357096,18.406687611614863,6.442340664065203,32.211703320326016,18.406687611614863,15.645684469872634,5.522006283484459,17.486353231034123,16.56601885045338,28.53036579800304,23.00835951451858,15.645684469872634,4.601671902903716,30.371034559164528,27.6100314174223,16.56601885045338,6.442340664065203,17.486353231034123,30.371034559164528,20.247356372776352,5.522006283484459,6.442340664065203,16.56601885045338,18.406687611614863,6.442340664065203,28.53036579800304,15.645684469872634,25.76936265626081,30.371034559164528,17.486353231034123,25.76936265626081,6.442340664065203,23.00835951451858,16.56601885045338,15.645684469872634,8.28300942522669,20.247356372776352,30.371034559164528,17.486353231034123,5.522006283484459,19.327021992195608,18.406687611614863,5.522006283484459,30.371034559164528,17.486353231034123,17.486353231034123,5.522006283484459,17.486353231034123,18.406687611614863,25.76936265626081,20.247356372776352,19.327021992195608,4.601671902903716,30.371034559164528,31.29136893974527,18.406687611614863,6.442340664065203,14.725350089291892,28.53036579800304,18.406687611614863,6.442340664065203,6.442340664065203,19.327021992195608,17.486353231034123,8.28300942522669,31.29136893974527,15.645684469872634,23.00835951451858,27.6100314174223,15.645684469872634,22.088025133937837,4.601671902903716,20.247356372776352,15.645684469872634,16.56601885045338,6.442340664065203
B02009,99000000041,Synthetic Census Tract 99000000041,1.0,Total:,170.67067372123392,149.33683950607968,+/-140,90.66879541440552,283.73999506155144,168.5372902997185,190.93781622563046,208.00488359775386,216.53841728381556,171.73736543199163,157.8703731921414,296.54029559064395,166.4039068782031,148.27014779532198,198.40465820093445,165.33721516744538,160.0037566136568,195.20458306866132,259.206085714124,208.00488359775386,170.67067372123392,241.07232663124293,184.5376659610842,142.93668924153343,102.40240423274037,187.73774109335733,163.20383174592996,211.204958730027,116.26939647259061,157.8703731921414,182.40428253956875,86.40202857137467,160.0037566136568,204.80480846548073,218.67180070533098,196.27127477941903,193.07119964714587,203.738116754723,131.20308042319857,136.53653897698715,139.73661410926027,134.40315555547173,144.00338095229114,189.87112451487275,144.00338095229114,141.86999753077572,116.26939647259061,155.73698977062597,161.0704483244145,123.7362384478946,173.87074885350708,188.80443280411504,167.4705985889608,138.66992239850256,103.46909594349808,160.0037566136568,192.00450793638817,112.00262962955976,211.204958730027,126.93631358016773,254.93931887109318,216.53841728381556,142.93668924153343,248.53916860654692,150.4035312168374,226.13864268063497,162.13714003517222,139.73661410926027,247.4724768957892,310.4072878304942,182.40428253956875,215.47172557305785,189.87112451487275,212.2716504407847,174.9374405642648,177.0708239857802,164.27052345668767,268.80631111094345,165.33721516744538,174.9374405642648,145.07007266304885,158.9370649028991,228.2720261021504,144.00338095229114
B02009,99000000042,Synthetic Census Tract 99000000042,1.0,Total:,459.74814851297555,138.37964074053917,+/-152,83.75609834295793,379.63361966318973,424.24284595454776,444.2714781669942,442.4506934204082,446.09226291358027,406.94539086198034,550.7873858422777,436.98833918065003,399.6622518756362,487.0599197117662,491.6118815782313,499.8054129378685,568.084840934845,453.37540189992444,446.09226291358027,465.2105027527337,480.68717309871505,487.0599197117662,413.3181374750315,418.7804917147896,452.4650095266314,495.2534510714034,511.64051379067774,549.8769934689847,497.98462819128247,414.2285298483245,475.2248188589569,457.92736376638953,431.52598494089193,498.8950205645755,468.8520722459058,517.1028680304358,386.0063662762409,424.24284595454776,456.10657901980346,443.3610857937012,485.23913496518014,406.94539086198034,406.94539086198034,557.1601324553288,478.866388352129,406.94539086198034,455.19618664651045,436.077946807357,408.7661756085664,490.7014892049383,509.81972904409173,484.32874259188713,443.3610857937012,451.55461715333837,436.98833918065003,409.6765679818594,447.0026552868733,447.9130476601663,470.6728569924918,439.7195163005291,389.6479357694129,517.1028680304358,443.3610857937012,474.3144264856639,444.2714781669942,484.32874259188713,412.4077451017385,502.53659005774756,477.04560360554296,350.50106371781305,476.13521123224996,501.62619768445455,428.79480782101285,436.077946807357,438.8091239272361,460.6585408862686,507.08855192421265,477.04560360554296,421.5116688346687,436.077946807357,518.0132604037289,459.74814851297555,447.0026552868733,490.7014892049383
B02009,99000000043,Synthetic Census Tract 99000000043,1.0,Total:,519.6998510519304,301.62120791740426,+/-278,183.3596551728105,470.8762742307678,460.02659049273166,568.5234278730929,415.54288716678354,555.5038073874496,607.582289330023,496.9155152020545,577.2031748635218,519.6998510519304,560.9286492564677,595.6476372181833,508.85016731389425,467.621369109357,454.6017486237136,440.49715976426666,441.5821281380703,580.4580799849326,398.18339318592575,520.784819425734,585.8829218539507,603.2424158348085,424.22263415721244,543.5691552756099,478.4710528473931,426.3925709048197,742.1183676816709,494.7455784544473,419.882760661998,496.9155152020545,790.9419445028335,504.51029381867977,406.86314017635465,631.4515935537024,589.1378269753616,648.8110875345602,667.2555498892217,490.4057049592328,553.3338706398423,605.4123525824158,511.02010406150146,477.38608447358945,604.3273842086121,770.3275454005649,506.68023056628704,628.1966884322916,473.04621097837503,566.3534911254857,461.1115588665353,642.3012772917385,473.04621097837503,620.6019098156663,465.4514323617497,515.3599775567159,639.0463721703277,564.1835543778785,481.7259579688039,534.8894082851809,589.1378269753616,530.5495347899665,711.7392532151698,539.2292817803954,493.66061008064366,420.96772903580165,389.50364619549686,355.8696266075849,579.373111611129,590.2227953491652,358.0395633551921,496.9155152020545,704.1444745985444,462.1965272403389,374.3140889622463,513.1900408091087,531.6345031637701,527.2946296685557,438.32722301665945,520.784819425734,627.111720058488,481.7259579688039,456.7716853713208
B02009,99000000044,Synthetic Census Tract 99000000044,1.0,Total:,501.30333243220645,309.0604031141677,+/-336,187.64381617645893,585.9270142372761,481.067234609255,573.0494974408525,560.1719806444289,518.77996237021,791.9672829800546,511.4213813436822,386.32550389270955,537.1764149365295,681.5885675821376,332.05596882206703,392.7642622909214,436.9157484500882,375.28763235291785,469.1095404411473,539.9358828214774,411.1607148572409,441.5148615916681,633.7577909097068,424.0382316536645,531.6574791666336,447.0337973615639,644.7956624494985,606.1631120602276,468.18971781283136,573.0494974408525,539.9358828214774,414.8400053705048,574.8891426974844,661.3524697591862,385.4056812643936,500.3835098038905,513.2610266003142,449.79326524651185,509.5817360870502,332.975791450383,527.9781886533698,524.2988981401058,514.1808492286301,485.6663477508349,382.64621337944567,559.2521580161128,368.84887395470605,504.9826229454704,431.39681268019234,383.5660360077616,519.699784998526,599.7243536620158,382.64621337944567,384.48585863607764,648.4749529627625,550.9737543612691,578.5684332107484,735.8581026527802,485.6663477508349,602.4838215469638,559.2521580161128,516.9403171135781,455.3122010164077,636.5172587946548,393.68408491923736,475.5482988393592,383.5660360077616,542.6953507064253,500.3835098038905,488.42581563578284,563.8512711576927,495.7843966623106,391.8444396626054,376.20745498123387,635.5974361663389,471.86900832609524,479.22758935262306,626.3992098831791,453.47255575977573,588.6864821222241,497.62404191894257,532.5773017949497,550.0539317329532,383.5660360077616
B02009,99000000045,Synthetic Census Tract 99000000045,1.0,Total:,378.325106573121,257.5603126670117,+/-241,156.0323885866544,358.0195217570495,403.97426634079017,393.2871164375947,382.5999665343992,423.2111361665421,314.20220715394794,434.96700106005716,321.68321208618477,268.24746257020723,368.70667166024504,445.6541509632527,267.17874757988767,391.1496864569556,282.1407574443614,378.325106573121,392.21840144727514,372.98153162152323,532.2200651791363,334.5077919700194,387.94354148599695,524.7390602468994,213.74299806391014,318.47706711522613,496.9524704985911,438.1731460310158,521.5329152759408,289.62176237659827,386.8748264956774,322.75192707650433,374.05024661184274,307.7899172120306,506.57090541146704,447.79158094389174,408.24912630206836,330.23293200874116,203.05584816071465,417.8675612149443,274.65975251212456,324.88935705714346,368.70667166024504,301.3776272701133,518.3267703049821,437.1044310406963,304.583772241072,354.8133767860908,275.7284675024441,502.29604545018884,333.43907697969985,338.7826519312976,323.8206420668239,397.5619763988729,203.05584816071465,269.3161775605268,293.89662233787647,450.99772591485043,475.5781706922001,394.3558314279142,452.06644090516994,368.70667166024504,353.7446617957713,510.84576537274523,256.4915976766922,323.8206420668239,415.73013123430525,405.04298133110973,406.1116963214293,308.8586322023502,421.073706185903,414.6614162439857,328.0955020281021,291.75919235723734,394.3558314279142,440.3105760116549,481.99046063411737,365.50052668928635,272.52232253148543,422.14242117622257,282.1407574443614,362.2943817183277,339.8513669216171
B02009,99000000046,Synthetic Census Tract 99000000046,1.0,Total:,202.05922758289287,172.88490060568375,+/-160,104.81147099219577,203.1397582116784,176.1264924920403,276.615840969094,196.65657443896527,218.26718701467573,255.00522839338353,127.50261419669177,240.95833021917173,224.75037078738887,302.5485760599466,170.7238393481127,220.42824827224678,157.7574718026864,217.18665638589022,176.1264924920403,233.39461581767307,131.82473671183385,100.48934847705368,255.00522839338353,186.93179877989556,165.3211862041851,178.28755374961136,234.47514644645858,224.75037078738887,289.5822085145203,211.78400324196258,249.6025752494559,253.924697764598,117.77783853762205,171.80436997689822,109.13359350733786,113.45571602247996,203.1397582116784,154.51587991632985,288.50167788573475,205.30081946924946,202.05922758289287,213.94506449953363,276.615840969094,112.37518539369444,252.84416713581248,211.78400324196258,135.06632859819044,158.83800243147195,275.53531034030846,173.96543123446926,252.84416713581248,164.24065557539956,244.1999221055283,151.2742880299733,227.99196267374543,233.39461581767307,230.15302393131648,163.16012494661405,250.68310587824143,178.28755374961136,318.7565354917294,234.47514644645858,207.46188072682048,173.96543123446926,189.0928600374666,206.38135009803497,138.307920484547,132.9052673406194,180.4486150071824,164.24065557539956,245.28045273431383,118.85836916640757,300.3875148023755,253.924697764598,219.34771764346127,296.0653922872334,155.59641054511536,271.21318782516636,149.11322677240224,223.66984015860334,155.59641054511536,207.46188072682048,204.22028884046392,280.9379634842361
B02009,99000000047,Synthetic Census Tract 99000000047,1.0,Total:,27.397853402932963,37.26108062798883,+/-34,23.01419685846369,28.493767539050282,17.534626177877097,29.5896816751676,25.20602513069833,41.64473717245811,13.150969633407822,46.02839371692738,40.548823036340785,30.68559581128492,38.35699476410615,9.863227225055867,12.055055497290505,37.26108062798883,29.5896816751676,29.5896816751676,26.301939266815644,42.74065130857542,24.11011099458101,33.97333821963688,16.43871204175978,24.11011099458101,8.767313088938549,23.01419685846369,35.069252355754195,44.93247958081006,12.055055497290505,37.26108062798883,36.16516649187151,31.78150994740224,30.68559581128492,14.246883769525141,17.534626177877097,37.26108062798883,30.68559581128492,28.493767539050282,32.87742408351956,50.41205026139666,23.01419685846369,25.20602513069833,42.74065130857542,15.34279790564246,38.35699476410615,24.11011099458101,32.87742408351956,13.150969633407822,41.64473717245811,6.575484816703911,15.34279790564246,35.069252355754195,28.493767539050282,42.74065130857542,49.316136125279336,17.534626177877097,35.069252355754195,26.301939266815644,26.301939266815644,10.959141361173186,30.68559581128492,19.726454450111735,55.89162094198325,28.493767539050282,42.74065130857542,29.5896816751676,27.397853402932963,8.767313088938549,37.26108062798883,15.34279790564246,9.863227225055867,31.78150994740224,32.87742408351956,38.35699476410615,33.97333821963688,8.767313088938549,26.301939266815644,27.397853402932963,35.069252355754195,13.150969633407822,25.20602513069833,29.5896816751676,7.67139895282123
B02009,99000000048,Synthetic Census Tract 99000000048,1.0,Total:,37.11418116191516,53.020258802735945,+/-50,32.87256045769628,43.476612218243474,43.476612218243474,9.54364658449247,18.02688799293022,23.328913873203813,51.95985362668122,47.71823292246235,50.89944845062651,44.53701739429819,53.020258802735945,50.89944845062651,71.04714679566617,60.44309503511897,36.05377598586044,22.268508697149095,49.839043274571786,47.71823292246235,31.812155281641566,31.812155281641566,8.48324140843775,50.89944845062651,41.35580186613404,18.02688799293022,26.510129401367973,10.604051760547188,37.11418116191516,48.778638098517064,30.751750105586847,56.2014743309001,29.69134492953213,46.65782774640763,69.98674161961145,50.89944845062651,34.993370809805725,23.328913873203813,45.59742257035291,31.812155281641566,23.328913873203813,36.05377598586044,18.02688799293022,71.04714679566617,33.932965633751,29.69134492953213,19.08729316898494,22.268508697149095,32.87256045769628,32.87256045769628,27.57053457742269,38.17458633796988,36.05377598586044,61.503500211173694,57.26187950695482,55.14106915484538,50.89944845062651,20.147698345039657,32.87256045769628,62.56390538722841,37.11418116191516,47.71823292246235,21.208103521094376,51.95985362668122,31.812155281641566,15.906077640820783,7.422836232383032,30.751750105586847,34.993370809805725,43.476612218243474,43.476612218243474,21.208103521094376,37.11418116191516,58.322284683009535,75.28876749988504,53.020258802735945,34.993370809805725,8.48324140843775,29.69134492953213,72.10755197172088,47.71823292246235,37.11418116191516,18.02688799293022
B02009,99000000049,Synthetic Census Tract 99000000049,1.0,Total:,654.6552150556448,405.46387513123807,+/-384,246.02365339994392,836.2692424581785,556.4569327972981,631.425513876251,608.195812696857,708.5058859715124,646.2080509904107,747.5740197732202,685.2761847921186,469.8735011286483,548.009768732064,707.4499904633581,708.5058859715124,691.6115578410441,711.6735724959751,735.9591691835233,541.6743956831384,618.7547677783998,695.8351398736612,682.1084982676557,773.9714074770768,501.55036637327623,756.0211838384544,609.2517082050114,771.8596164607683,477.26476968572814,709.5617814796666,522.6682765363615,522.6682765363615,833.1015559337158,790.865735607545,667.325961153496,695.8351398736612,600.8045441397772,636.7049914170223,556.4569327972981,910.1819280289772,653.5993195474905,576.5189474522291,670.4936476779587,503.66215738958476,851.0517795723382,444.5320089329459,665.2141701371875,699.002826398124,826.7661828847902,696.8910353818154,829.9338694092529,863.7225256701894,497.3267843406592,478.3206651938824,709.5617814796666,716.9530500367465,592.3573800745431,639.8726779414851,744.4063332487574,494.1590978161964,673.6613342024216,551.1774552565267,650.4316330230278,810.9277502624761,488.87962027542505,884.8404358332748,591.3014845663888,663.1023791208789,436.08484486771175,556.4569327972981,499.4385753569677,457.2027550307971,764.4683479036885,909.1260325208228,664.1582746290331,651.487528531182,692.6674533491984,644.0962599741022,366.3957413295302,782.4185715423109,772.9155119689226,711.6735724959751,799.3128996727792,467.76171011233976
B02009,99000000050,Synthetic Census Tract 99000000050,1.0,Total:,601.6705432914791,215.98429759181303,+/-210,131.64757186548604,517.3338175651522,561.5591737387139,661.3233492930275,692.1782489490008,567.7301536699085,533.7897640483379,618.126489774665,654.1238727066337,622.2404763954614,637.667926223448,547.1602205659264,563.6161670491122,608.8700198778729,643.8389061546427,556.4166904627184,704.5202088113901,662.3518459482267,626.3544630162578,627.3829596714569,517.3338175651522,500.8778710819664,502.93486439236466,666.4658325690231,597.5565566706828,477.2224480123869,515.2768242547539,614.0125031538685,457.6810115636038,623.2689730506605,511.1628376339575,462.8234948395994,545.1032272555282,679.8362890866115,670.5798191898195,674.6938058106159,623.2689730506605,634.5824362578506,584.1861001530943,605.7845299122756,530.7042740827407,585.2145968082934,476.1939513571878,536.8752540139353,626.3544630162578,602.6990399466783,627.3829596714569,611.9555098434703,477.2224480123869,598.5850533258819,477.2224480123869,712.748182052983,617.0979931194659,594.4710667050854,636.6394295682489,678.8077924314124,532.7612673931388,552.3027038419219,606.8130265674747,545.1032272555282,486.4789179091789,681.8932823970098,565.6731603595103,578.0151202218997,634.5824362578506,540.9892406347317,576.9866235667006,663.3803426034258,535.8467573587361,594.4710667050854,512.1913342891567,676.7507991210142,648.9813894306383,527.6187841171433,529.6757774275414,568.7586503251076,620.1834830850631,542.0177372899308,597.5565566706828,699.3777255353946,558.4736837731166
B02009,99000000051,Synthetic Census Tract 99000000051,1.0,Total:,533.178631812391,160.48148917917513,+/-152,97.13353292423758,440.268295971816,492.00246024668166,515.2300442068254,513.1184456649942,517.3416427486567,471.94227409928476,638.7585589039536,506.7836500395004,463.49587993195973,564.8526099398598,570.1316062944379,579.6337997326787,658.8187450513506,525.7880369159817,517.3416427486567,539.5134274378848,557.4620150434505,564.8526099398598,479.3328689956941,485.6676646211879,524.7322376450661,574.3548033781004,593.3591902545818,637.702759633038,577.5222011908473,480.3886682666098,551.1272194179567,531.0670332705598,500.44885441400663,578.5780004617629,543.7366245215474,599.6939858800755,447.65889086822534,492.00246024668166,528.9554347287285,514.1742449359098,562.7410113980286,471.94227409928476,471.94227409928476,646.149153800363,555.3504165016192,471.94227409928476,527.8996354578129,505.7278507685848,474.053872641116,569.0758070235223,591.2475917127505,561.685212127113,514.1742449359098,523.6764383741504,506.7836500395004,475.1096719120316,518.3974420195723,519.4532412904879,545.8482230633786,509.9510478522473,451.88208795188785,599.6939858800755,514.1742449359098,550.0714201470411,515.2300442068254,561.685212127113,478.2770697247785,582.8011975454255,553.238817959788,406.48271930251593,552.1830186888724,581.7453982745099,497.2814566012598,505.7278507685848,508.89524858133166,534.2344310833067,588.0801939000036,553.238817959788,488.83506243393475,505.7278507685848,600.7497851509911,533.178631812391,518.3974420195723,569.0758070235223
B02009,99000000052,Synthetic Census Tract 99000000052,1.0,Total:,9.269104416826295,16.68438795028733,+/-18,10.196014858508924,14.830567066922072,4.634552208413147,12.049835741874183,4.634552208413147,7.415283533461036,14.830567066922072,7.415283533461036,12.976746183556813,8.342193975143665,9.269104416826295,4.634552208413147,8.342193975143665,3.707641766730518,2.7807313250478884,15.757477508604701,9.269104416826295,7.415283533461036,12.049835741874183,7.415283533461036,11.122925300191554,3.707641766730518,10.196014858508924,2.7807313250478884,12.049835741874183,16.68438795028733,17.61129839196996,7.415283533461036,6.488373091778406,2.7807313250478884,5.561462650095777,13.903656625239442,10.196014858508924,21.318940158700478,16.68438795028733,2.7807313250478884,7.415283533461036,2.7807313250478884,7.415283533461036,5.561462650095777,11.122925300191554,23.172761042065737,13.903656625239442,12.976746183556813,2.7807313250478884,2.7807313250478884,6.488373091778406,9.269104416826295,4.634552208413147,26.880402808796255,6.488373091778406,2.7807313250478884,8.342193975143665,3.707641766730518,2.7807313250478884,12.976746183556813,7.415283533461036,17.61129839196996,10.196014858508924,8.342193975143665,9.269104416826295,5.561462650095777,5.561462650095777,6.488373091778406,8.342193975143665,9.269104416826295,12.049835741874183,10.196014858508924,15.757477508604701,2.7807313250478884,6.488373091778406,12.976746183556813,10.196014858508924,9.269104416826295,12.049835741874183,5.561462650095777,7.415283533461036,2.7807313250478884,7.415283533461036,7.415283533461036,8.342193975143665
B02009,99000000053,Synthetic Census Tract 99000000053,1.0,Total:,506.6284444163323,183.31287650849399,+/-182,111.80071039803755,383.74838433920996,504.61401720195323,510.6572988450904,554.9746975614296,481.44810423659413,493.53466752286846,520.7294349169857,519.7222213097962,467.34711373594075,560.0107655973773,511.66451245227995,535.8376390248286,541.8809206679658,474.3976089862674,472.38318177188836,503.60680359476373,552.9602703470506,504.61401720195323,443.1739871633921,507.63565802352184,563.0324064189458,556.9891247758087,460.29661848561403,481.44810423659413,550.9458431326715,556.9891247758087,554.9746975614296,581.1622513483574,467.34711373594075,502.5995899875742,461.3038320928036,573.1045424908411,427.05856944835966,536.8448526320182,510.6572988450904,470.3687545575093,512.6717260594695,492.5274539156789,551.953056739861,516.7005804882276,391.8060931967262,470.3687545575093,366.62575301698797,551.953056739861,533.8232118104496,495.5490947372475,406.9142973045691,487.4913858797313,555.9819111686191,578.1406105267888,498.57073555881607,490.51302670129985,584.1838921699259,388.7844523751576,414.97200616208534,540.8737070607763,580.1550377411678,565.0468336333249,399.8638020542424,570.0829016692726,581.1622513483574,578.1406105267888,404.89987009019006,569.075688062083,523.7510757385543,578.1406105267888,532.81599820326,484.4697450581627,481.44810423659413,490.51302670129985,517.7077940954172,502.5995899875742,438.13791912744443,506.6284444163323,501.5923763803847,550.9458431326715,530.8015709888809,509.6500852379009,664.7609807450881,547.9242023111029
B02009,99000000054,Synthetic Census Tract 99000000054,1.0,Total:,302.859061359501,214.60873884414974,+/-214,130.36979462495077,288.81923732296787,210.59736054799743,435.234545132528,219.62296171434016,293.8334601931583,399.132140467157,401.13782961523316,413.17196450369016,319.9074191181484,172.48926673455026,325.92448656237696,243.69123149125414,290.824926471044,287.8163927489298,259.73674467586346,243.69123149125414,249.70829893548265,356.00982378351944,347.98706719121475,333.9472431546816,242.68838691721606,380.07809356043344,307.8732842296915,394.1179175969666,223.63434001049248,255.72536637971115,256.7282109537492,177.50348960474068,321.91310826622464,375.063870690243,267.75950126816815,325.92448656237696,297.84483848931063,281.7993253047013,252.71683265759688,387.0980055787,378.0724044123573,311.8846625258438,322.9159528402627,318.90457454411035,233.66278575087333,351.9984454873671,288.81923732296787,390.10653930081423,250.71114350952072,244.69407606529222,257.7310555277873,207.58882682588316,302.859061359501,360.02120207967175,256.7282109537492,333.9472431546816,341.9699997469863,282.8021698787394,259.73674467586346,410.1634307815759,362.0268912277479,337.95862145083396,334.95008772871967,305.86759508161526,287.8163927489298,207.58882682588316,387.0980055787,253.719677231635,268.76234584220623,336.9557768767959,453.2857474652135,444.2601462988707,314.89319624795803,149.42384153167436,317.90172997007227,270.7680349902824,307.8732842296915,269.7651904162443,264.7509675460539,239.67985319510183,218.62011714030209,380.07809356043344,368.04395867197644,269.7651904162443
B02009,99000000055,Synthetic Census Tract 99000000055,1.0,Total:,157.5126210372032,109.29447174010018,+/-102,66.43389458711971,171.44230861192185,198.23016933253464,187.51502504428953,173.58533746957087,160.72716432367673,137.15384688953748,111.43750059774919,127.51021703011688,160.72716432367673,191.80108275958756,141.43990460483553,122.15264488599432,157.5126210372032,181.08593847134244,129.6532458877659,139.2968757471865,175.7283663272199,145.72596232013356,138.225361318362,105.00841402480214,185.3719961866405,162.87019318132576,171.44230861192185,122.15264488599432,173.58533746957087,154.29807775072965,148.9405056066071,169.29927975427282,154.29807775072965,211.08834247842879,192.87259718841207,237.87620319904156,143.58293346248453,113.58052945539822,153.22656332190516,192.87259718841207,99.65084188067958,162.87019318132576,137.15384688953748,151.08353446425613,206.80228476313073,105.00841402480214,117.86658717069626,129.6532458877659,197.15865490371013,144.65444789130905,160.72716432367673,178.94290961369342,113.58052945539822,231.4471166260945,193.9441116172366,163.94170761015027,158.5841354660277,110.36598616892469,170.37079418309733,143.58293346248453,172.51382304074636,190.72956833076304,200.37319819018364,139.2968757471865,203.5877414766572,165.0132220389748,127.51021703011688,226.08954448197193,189.65805390193853,114.65204388422273,148.9405056066071,166.08473646779927,165.0132220389748,170.37079418309733,98.57932745185506,109.29447174010018,202.51622704783267,139.2968757471865,167.1562508966238,141.43990460483553,165.0132220389748,213.23137133607779,129.6532458877659,223.9465156243229
B02009,99000000056,Synthetic Census Tract 99000000056,1.0,Total:,142.92862172909327,142.92862172909327,+/-144,87.34526883444587,162.7798191914673,125.06254401295661,179.65333703448528,75.43455035702144,139.95094210973716,163.77237906458603,178.66077716136658,79.40478984949625,198.51197462374063,165.75749881082342,137.96582236349974,107.19646629681995,69.47919111830922,67.49407137207182,181.6384567807227,145.90630134844938,178.66077716136658,177.66821728824786,219.3557319592334,75.43455035702144,160.79469944522992,173.69797779577306,146.89886122156807,59.553592387122194,155.8319000796364,149.87654084092418,181.6384567807227,96.2783076925142,194.54173513126582,207.44501348180896,155.8319000796364,133.0030229979062,110.17414591617606,81.38990959573366,220.34829183235212,96.2783076925142,125.06254401295661,145.90630134844938,194.54173513126582,184.6161364000788,155.8319000796364,151.8616605871616,150.86910071404287,194.54173513126582,134.98814274414363,128.04022363231272,76.42711023014014,209.43013322804637,61.538712133359596,82.38246946885236,156.8244599527551,154.8393402065177,184.6161364000788,210.42269310116507,94.2931879462768,135.98070261726232,145.90630134844938,126.0551038860753,85.36014908820847,196.52685487750324,168.73517843017953,132.01046312478752,112.15926566241346,186.6012561463162,164.76493893770473,129.0327835054314,67.49407137207182,174.69053766889175,89.33038858068329,91.31550832692069,163.77237906458603,127.04766375919401,159.8021395721112,180.64589690760397,74.44199048390274,142.92862172909327,168.73517843017953,162.7798191914673,71.46431086454663,81.38990959573366
B02009,99000000057,Synthetic Census Tract 99000000057,1.0,Total:,79.13844983682573,97.70178992200708,+/-100,59.59809185242432,100.63284361966728,60.57510975164439,120.17320160406871,31.264572775042264,24.42544748050177,107.47196891420778,95.74775412356693,80.1154677360458,119.19618370484864,71.32230664306516,56.66703815476411,72.29932454228523,72.29932454228523,49.827912860223606,100.63284361966728,104.54091521654757,78.16143193760566,97.70178992200708,85.97757513136622,60.57510975164439,97.70178992200708,84.02353933292609,102.58687941810743,63.5061634493046,66.43721714696481,54.71300235632396,45.91984126334333,64.48318134852467,96.72477202278701,66.43721714696481,50.80493075944368,106.49495101498772,21.494393782841556,55.690020255544034,117.24214790640849,77.1844140383856,147.5297027822307,57.64405605398417,72.29932454228523,98.67880782122715,39.08071596880283,43.965805464903184,42.98878756568311,82.06950353448595,92.81670042590672,108.44898681342785,96.72477202278701,73.2763424415053,48.85089496100354,79.13844983682573,96.72477202278701,61.552127650864456,130.92039849548948,130.92039849548948,45.91984126334333,74.25336034072538,27.35650117816198,96.72477202278701,83.04652143370602,54.71300235632396,53.73598445710389,105.51793311576765,61.552127650864456,151.43777437911098,153.39181017755112,65.46019924774474,49.827912860223606,79.13844983682573,44.94282336412326,91.83968252668666,118.21916580562856,104.54091521654757,94.77073622434686,117.24214790640849,50.80493075944368,72.29932454228523,78.16143193760566,44.94282336412326,102.58687941810743,124.08127320094898
B02009,99000000058,Synthetic Census Tract 99000000058,1.0,Total:,67.84223518032987,74.0097111058144,+/-72,45.22815678688657,56.53519598360822,69.89806048882471,90.45631357377314,67.84223518032987,72.98179845156697,42.14441882414431,30.837379627422663,139.79612097764942,45.22815678688657,69.89806048882471,61.67475925484533,96.62378949925768,92.51213888226799,68.87014783457728,72.98179845156697,48.31189474962884,39.06068086140204,80.17718703129893,42.14441882414431,53.45145802086596,85.31675030253604,105.87500338748448,87.37257561103088,31.865292281670087,37.0048555529072,59.61893394635049,62.70267190909275,78.12136172280408,67.84223518032987,81.20509968554636,48.31189474962884,75.03762376006182,80.17718703129893,62.70267190909275,78.12136172280408,38.03276820715462,87.37257561103088,66.81432252608244,61.67475925484533,84.28883764828862,44.200244132639156,79.14927437705151,77.09344906855667,69.89806048882471,66.81432252608244,37.0048555529072,28.78155431892782,117.18204258420613,34.949030244412356,67.84223518032987,58.591021292103065,78.12136172280408,95.59587684501027,74.0097111058144,57.56310863785564,57.56310863785564,38.03276820715462,105.87500338748448,47.28398209538142,45.22815678688657,81.20509968554636,113.07039196721644,101.76335277049479,31.865292281670087,43.17233147839173,56.53519598360822,60.64684660059791,89.42840091952573,81.20509968554636,83.26092499404119,30.837379627422663,72.98179845156697,72.98179845156697,66.81432252608244,97.65170215350511,37.0048555529072,71.95388579731956,75.03762376006182,78.12136172280408,79.14927437705151
B02009,99000000059,Synthetic Census Tract 99000000059,1.0,Total:,1222.121194607217,410.86913796857294,+/-431,249.76267783704435,1278.365461753727,1168.7368054512076,1305.0576563317318,1182.0829027402099,1337.4696068907374,1200.195463346713,1143.9511962002032,1446.1449705297568,1296.4780223602302,1290.758266379229,1481.416799079263,1197.3355853562125,1044.8087591961855,1096.2865630251947,1111.5392456411973,1006.6770526561787,1253.5798525027226,974.265102097173,1158.2505861527056,1117.2590016221984,1440.4252145487558,1201.1487560102132,1285.9918030617284,1070.5476611106901,1424.219239269253,1354.6288748337406,1263.1127791377244,1409.9198493167503,1199.2421706832129,1326.9833875922357,1130.6050989112007,1127.7452209207001,1388.9474107197466,1186.8493660577108,1462.3509458092597,1193.522414702212,951.3860781731689,1230.7008285787185,983.7980287321747,1131.5583915747009,1142.0446108732028,1374.6480207672441,1287.8983883887288,1415.6396052977514,1020.9764426086813,1080.080587745692,1245.000218531221,1075.314124428191,1239.2804625502201,1274.5522910997263,1285.9918030617284,1280.2720470807274,1169.6900981147078,1213.5415606357155,1097.239855688695,1340.329484881238,1323.170216938235,1223.074487270717,1290.758266379229,1074.3608317646908,1155.390708162205,1331.7498509097366,1208.7750973182146,1255.486437829723,967.5920534526718,1227.840950588218,1371.7881427767436,1203.0553413372136,1122.0254649396993,1271.6924131092258,1142.0446108732028,1274.5522910997263,1310.7774123127328,1067.6877831201896,1109.632660314197,1368.928264786243,1362.2552161417418,1307.9175343222323,1374.6480207672441,1193.522414702212
B02009,99000000060,Synthetic Census Tract 99000000060,1.0,Total:,470.4725168707313,200.43799535321097,+/-216,121.56193236699367,385.10077810917846,465.8327484597773,454.6973042734878,546.5647188103761,334.99127927087574,617.0891986568763,405.51575911737586,416.65120330366534,475.1122852816852,521.5099693912248,527.0776914843696,437.06618431186274,347.054677139356,595.7462639664881,545.6367651281854,491.81545156111946,478.8241000104484,613.3773839281131,435.2102769474812,514.0863399336985,384.17282442698763,427.7866474899549,450.0575358625338,495.5272662898826,660.7030217198435,476.9681926460668,408.29962016394825,442.6339064050075,491.81545156111946,409.227573846139,505.7347567939813,498.311127336455,552.1324409035209,439.8500453584351,370.2535191941258,523.3658767556063,460.2650263666326,410.1555275283298,440.77799904062596,439.8500453584351,462.12093373101413,515.94224729808,480.68000737483,423.1468790790009,427.7866474899549,514.0863399336985,469.54456318854045,360.0460286900271,592.9624029199157,502.95089574740894,455.6252579556786,471.40047055292206,382.3169170626061,475.1122852816852,456.55321163786937,456.55321163786937,482.53591473921153,433.3543695830996,538.2131356706591,445.4177674515799,450.0575358625338,450.98548954472466,484.39182210359314,462.12093373101413,387.88463915575085,531.7174598953235,454.6973042734878,456.55321163786937,489.0315905145471,499.2390810186458,459.33707268444175,460.2650263666326,425.0027864433825,563.2678850898104,526.1497378021787,418.50711066804695,500.1670347008366,478.8241000104484,516.8702009802709,465.8327484597773
B02009,99000000061,Synthetic Census Tract 99000000061,1.0,Total:,22.89823546050923,44.80089546621371,+/-45,27.876112734532978,8.960179093242743,5.973452728828495,23.89381091531398,33.84956546336147,21.902660005704483,54.756650014261204,18.915933641290234,28.871688189337725,9.955754548047492,18.915933641290234,4.977877274023746,25.88496182492348,8.960179093242743,38.82744273738522,23.89381091531398,59.73452728828495,32.85399000855672,19.911509096094985,48.78319728543271,6.969028183633244,21.902660005704483,30.862839098947223,17.920358186485487,21.902660005704483,12.94248091246174,25.88496182492348,42.809744556604215,6.969028183633244,29.867263644142476,5.973452728828495,12.94248091246174,48.78319728543271,12.94248091246174,39.82301819218997,7.9646036384379935,28.871688189337725,37.83186728258047,27.876112734532978,28.871688189337725,32.85399000855672,48.78319728543271,33.84956546336147,5.973452728828495,6.969028183633244,23.89381091531398,13.938056367266489,19.911509096094985,20.907084550899732,33.84956546336147,19.911509096094985,17.920358186485487,20.907084550899732,34.84514091816622,20.907084550899732,27.876112734532978,9.955754548047492,29.867263644142476,18.915933641290234,7.9646036384379935,35.840716372970974,25.88496182492348,26.880537279728227,17.920358186485487,13.938056367266489,51.76992364984696,19.911509096094985,4.977877274023746,45.79647092101846,27.876112734532978,44.80089546621371,23.89381091531398,11.94690545765699,28.871688189337725,9.955754548047492,62.7212536526992,21.902660005704483,8.960179093242743,7.9646036384379935,27.876112734532978,27.876112734532978
B02009,99000000062,Synthetic Census Tract 99000000062,1.0,Total:,1645.1911827318488,435.6363980575069,+/-443,264.52864803040484,1488.8341008105313,1674.692518943418,1671.742385322261,1531.1193493804474,1777.9471956839106,1816.2989327589507,1597.9890447933378,1565.5375749606117,1690.4265649229217,1475.0668105784657,1733.6951913665566,1839.9000017282062,1406.2303594181374,1474.0834327047467,1779.9139514313486,1744.5123479774654,1612.7397128991224,1534.0694830016043,1675.675896817137,1752.3793709672173,1580.2882430663963,1582.2549988138342,1687.4764313017647,1664.8587402062283,1679.6094083120129,1864.4844485711806,1720.91127900821,1364.9284887219403,1682.5595419331698,1508.501658284911,1560.6206855920166,1695.3434542915165,1648.1413163530055,1488.8341008105313,1611.7563350254036,1758.2796382095312,1420.981027523922,1620.6067358888743,1844.816891096801,1765.163283325564,1492.7676123054073,1756.312882462093,1764.179905451845,1509.4850361586298,1732.7118134928376,1762.213149704407,1770.0801726941588,1588.155266056148,1643.2244269844107,1546.853395359951,1715.011011765896,1757.2962603358121,1774.0136841890346,1743.5289701037464,1481.9504556944985,1597.0056669196188,1404.2636036706992,1527.1858378855713,1712.0608781447393,1624.5402473837503,1656.9917172164764,1724.844790503086,1751.3959930934982,1312.8094614148345,1648.1413163530055,1581.271620940115,1605.8560677830897,1665.8421180799473,1771.0635505678779,1544.8866396125131,1584.221754561272,1875.3016051820894,1833.9997344858923,1818.2656885063886,1397.3799585546665,1510.4684140323488,1727.7949241242427,1508.501658284911,1756.312882462093,1970.6892589328302
B02009,99000000063,Synthetic Census Tract 99000000063,1.0,Total:,1023.1816211423426,630.378316078446,+/-666,383.3381651828388,1046.844470844987,1130.1377017982952,1025.0746491185541,1007.0908833445444,1281.579939895219,1011.8234532850732,1297.6706776930173,1044.0049288806697,615.2340922687537,1279.6869119190076,1227.6286425731898,1017.5025372137079,1042.111900904458,1208.6983628110745,1069.5608065595254,696.6342952458502,573.5874767920996,759.1042184608314,1079.0259464405833,778.9810122110526,778.9810122110526,1153.8005515009395,1041.1653869163522,979.6419776894769,1261.7031461449978,1302.4032476335462,1192.6076250132762,1059.149152690362,811.162487806649,1118.7795339410259,972.0698657846307,1133.9237577507183,1096.0631982264872,1344.0498631102002,1187.8750550727473,684.3296134004752,888.7766348313226,768.5693583418891,1008.0373973326501,900.1348026885919,1165.1587193582088,906.7604006053323,976.8024357251596,825.3601976282356,1407.466300313287,1213.4309327516032,1183.1424851322186,913.3859985220727,963.5512398916787,925.6906803674477,1327.0126113242964,1008.0373973326501,991.0001455467462,1177.4634012035838,1125.4051318577663,817.7880857233895,908.6534285815438,669.1853895907827,1077.1329184643716,758.1577044727256,1143.388897631776,974.9094077489481,1080.9189744167948,1088.491086321641,1100.7957681670161,1295.7776497168056,1248.451950311517,1107.4213660837565,860.3812151881493,1167.0517473344203,1317.5474714432385,944.6209601295633,916.2255404863901,854.7021312595147,831.9857955449761,853.7556172714088,804.5368898899086,779.9275261991585,877.4184669740532,646.4690538762442
B02009,99000000064,Synthetic Census Tract 99000000064,1.0,Total:,7.788018896184205,15.57603779236841,+/-16,9.735023620230256,5.841014172138154,9.735023620230256,9.735023620230256,7.788018896184205,15.57603779236841,5.841014172138154,3.8940094480921026,6.8145165341611795,3.8940094480921026,3.8940094480921026,20.44354960248354,9.735023620230256,20.44354960248354,8.761521258207232,7.788018896184205,15.57603779236841,12.655530706299334,15.57603779236841,4.867511810115128,6.8145165341611795,1.9470047240460513,9.735023620230256,8.761521258207232,8.761521258207232,12.655530706299334,7.788018896184205,3.8940094480921026,7.788018896184205,2.920507086069077,1.9470047240460513,10.708525982253281,6.8145165341611795,13.629033068322359,8.761521258207232,8.761521258207232,17.523042516414463,5.841014172138154,13.629033068322359,2.920507086069077,9.735023620230256,3.8940094480921026,10.708525982253281,9.735023620230256,6.8145165341611795,17.523042516414463,7.788018896184205,2.920507086069077,8.761521258207232,2.920507086069077,3.8940094480921026,15.57603779236841,11.682028344276308,17.523042516414463,6.8145165341611795,7.788018896184205,16.549540154391437,12.655530706299334,12.655530706299334,3.8940094480921026,7.788018896184205,1.9470047240460513,7.788018896184205,7.788018896184205,7.788018896184205,17.523042516414463,6.8145165341611795,2.920507086069077,6.8145165341611795,2.920507086069077,2.920507086069077,10.708525982253281,9.735023620230256,14.602535430345384,7.788018896184205,9.735023620230256,15.57603779236841,6.8145165341611795,14.602535430345384,2.920507086069077,9.735023620230256
B02009,99000000065,Synthetic Census Tract 99000000065,1.0,Total:,667.6690441161612,337.7276360179416,+/-347,205.36176138266765,516.8108781715475,574.2343090794973,561.581688709949,719.2528040843195,517.7841566615127,470.09351065321556,564.5015241798448,508.05137176186025,582.0205369992192,767.9167285825819,585.9136509590802,571.3144736096015,728.985588983972,601.4861067985242,619.0051196178987,625.8180690476555,712.4398546545627,651.123309786752,563.5282456898796,712.4398546545627,737.7450953936592,861.3514636192459,637.4974109272384,869.1376915389678,639.4439679071689,716.3329686144236,600.5128283085589,717.306247104389,751.3709942531726,958.6793126157709,639.4439679071689,553.795460790227,642.3638033770648,625.8180690476555,636.5241324372732,871.0842485188983,668.6423226061264,917.8016160372304,748.4511587832769,780.5693489521302,798.0883617715047,582.0205369992192,753.3175512331031,657.9362592165087,674.4819935459179,712.4398546545627,720.2260825742846,795.168526301609,715.3596901244584,669.6156010960917,759.1572221728946,808.7944251611224,728.985588983972,743.5847663334507,764.9968931126862,609.2723347182463,702.7070697549102,629.7111830075165,637.4974109272384,549.902346830366,728.985588983972,575.2075875694625,659.8828161964392,553.795460790227,595.6464358587327,698.8139557950492,538.223004950783,802.9547542213309,558.6618532400532,596.619714348698,671.5621580760222,522.650549111339,448.68138387398005,593.6998788788022,655.9897022365782,632.6310184774122,504.1582578019993,696.8673988151187,617.0585626379682,692.0010063652925
B02009,99000000066,Synthetic Census Tract 99000000066,1.0,Total:,473.09456531242944,244.2712755592748,+/-253,148.6868633839064,403.5786291848888,447.9915883774842,419.02661499100896,432.5436025713641,559.0239863589728,520.4040218436725,446.0605901517192,503.99053692466975,414.1991194265964,405.5096274106538,666.1943878889313,515.5765262792598,615.0229349061583,494.33554579584467,395.85463628182873,513.6455280534949,454.7500821676618,532.9555103111451,495.3010449087272,489.5080502314321,448.95708749036675,548.4034961172651,376.54465402417856,606.3334428902157,493.37004668296214,399.7166327333588,461.50857595783935,385.2341460401211,579.2994677295055,391.9926398302987,532.9555103111451,442.1985937001892,575.4374712779754,594.7474535356256,416.13011765236143,479.853059102607,389.09614249165116,573.5064730522104,441.23309458730665,485.6460537799021,489.5080502314321,352.4071762021158,501.09403958602223,559.9894854718552,538.7485049884401,466.3360715222519,415.1646185394789,641.091410953986,406.47512652353635,532.9555103111451,494.33554579584467,539.7140041013226,429.64710523271657,436.40559902289414,555.1619899074427,538.7485049884401,298.3392258806953,421.9231123296565,622.7469278092184,547.4379970043826,406.47512652353635,496.26654402160966,445.0950910388367,515.5765262792598,456.68108039342684,408.40612474930134,460.54307684495683,401.6476309591238,572.540973939328,375.57915491129603,506.8870342633173,419.9921141038915,485.6460537799021,466.3360715222519,475.991062651077,525.231517408085,359.1656699922934,587.0234606325655,461.50857595783935,395.85463628182873
B02009,99000000067,Synthetic Census Tract 99000000067,1.0,Total:,40.9874982697062,67.33660430023161,+/-69,40.9874982697062,10.734820975399243,48.79464079726929,67.33660430023161,60.50535458861392,110.2758882018286,11.710713791344629,49.770533613214674,50.74642642916006,75.1437468277947,22.445534766743872,42.93928390159697,39.03571263781543,13.662499423235401,39.03571263781543,52.69821206105083,20.4937491348531,34.1562485580885,35.132141374033885,48.79464079726929,41.96339108565159,73.19196119590393,14.638392239180787,12.686606607290015,17.566070687016943,18.54196350296233,51.722319245105446,58.55356895672315,40.011605453760815,15.614285055126173,65.38481866834084,33.180355742143114,45.86696234943313,60.50535458861392,36.10803418997927,38.05981982187004,61.481247404559305,37.08392700592466,40.011605453760815,42.93928390159697,54.649997692941604,15.614285055126173,75.1437468277947,68.312497116177,76.11963964374009,77.09553245968547,18.54196350296233,50.74642642916006,33.180355742143114,71.24017556401316,15.614285055126173,36.10803418997927,40.011605453760815,11.710713791344629,37.08392700592466,41.96339108565159,15.614285055126173,44.891069533487745,43.91517671754236,54.649997692941604,35.132141374033885,82.95088935535779,13.662499423235401,15.614285055126173,9.758928159453857,15.614285055126173,54.649997692941604,40.9874982697062,44.891069533487745,11.710713791344629,50.74642642916006,38.05981982187004,51.722319245105446,70.26428274806777,42.93928390159697,40.011605453760815,57.57767614077776,40.011605453760815,38.05981982187004,41.96339108565159,40.9874982697062
B02009,99000000068,Synthetic Census Tract 99000000068,1.0,Total:,485.3855771346765,264.4729106182532,+/-255,160.7580437091343,437.6767383564818,352.6305474910043,513.3885912001386,457.38256306921437,410.71087296011086,360.9277368437338,541.3916052656007,428.3424003346611,465.6797524219439,643.0321748365373,559.023132640151,571.4689166692452,455.308265731032,354.70484482918664,591.1747413819778,512.3514425310474,442.8624817019377,473.97694177467343,511.31429386195623,481.23698245831173,623.3263501238047,609.8434174256191,576.6546600147011,528.9458212365064,388.9307509091959,552.8002406256038,370.2620748655545,508.20284785468266,509.2399965237738,347.44480414554835,367.1506288582809,345.370506807366,487.45987447285887,548.651645949239,422.11950832011394,519.6114832146857,549.6887946183302,519.6114832146857,435.60244101829943,534.1315645819624,572.5060653383364,500.9428071710443,471.902644436491,512.3514425310474,439.75103569466415,462.5683064146703,323.590384756451,616.0663094401663,556.9488353019685,316.3303440728127,394.11649425465185,394.11649425465185,491.60846914922365,632.6606881456254,456.3454144001232,508.20284785468266,444.93677904012014,493.682766487406,469.82834709830865,490.57132048013244,421.0823596510228,318.40464141099505,441.8253330328466,451.1596710546672,447.0110763783025,348.48195281463956,579.7661060219747,391.0050482473783,497.83136116377074,512.3514425310474,625.400647461987,616.0663094401663,512.3514425310474,467.7540497601263,566.2831733237892,541.3916052656007,469.82834709830865,535.1687132510535,469.82834709830865,472.9397931055822
B02009,99000000069,Synthetic Census Tract 99000000069,1.0,Total:,52.76564122028414,60.440643579598195,+/-63,36.45626120674177,38.375011796570284,26.8625082575992,70.03439652874077,56.60314239994117,40.2937623863988,51.806265925369885,25.903132962684943,45.09063886097008,29.74063414234197,61.400018874512455,25.903132962684943,59.48126828468394,39.334387091484544,18.228130603370886,56.60314239994117,55.64376710502691,32.61876002708474,42.212512976227316,60.440643579598195,71.95314711856928,71.95314711856928,38.375011796570284,85.38440124736888,75.79064829822632,72.91252241348354,78.66877418296909,41.253137681313056,50.846890630455626,69.0750212338265,73.8718977083978,52.76564122028414,76.75002359314057,66.19689534908375,31.659384732170484,90.18127772194016,48.92814004062711,52.76564122028414,55.64376710502691,50.846890630455626,53.7250165151984,72.91252241348354,67.156270643998,72.91252241348354,56.60314239994117,45.09063886097008,51.806265925369885,70.99377182365502,35.49688591182751,58.52189298976968,51.806265925369885,70.03439652874077,86.34377654228314,91.14065301685443,66.19689534908375,53.7250165151984,55.64376710502691,67.156270643998,98.81565537616848,50.846890630455626,30.700009437256227,71.95314711856928,42.212512976227316,31.659384732170484,33.578135321999,32.61876002708474,28.781258847427715,47.0093894507986,22.065631783027914,70.99377182365502,46.05001415588434,48.92814004062711,68.11564593891225,67.156270643998,40.2937623863988,35.49688591182751,18.228130603370886,47.0093894507986,53.7250165151984,20.1468811931994,45.09063886097008
B02009,99000000070,Synthetic Census Tract 99000000070,1.0,Total:,123.1441891437667,108.97715853430681,+/-100,66.47606670592715,127.50327548513896,150.38847877734338,141.67030609459886,90.45104158347465,78.46355414470091,96.98967109553305,158.01687987474486,138.40099133856964,128.59304707048204,146.02939243597112,155.83733670405874,89.36126999813158,160.196423045431,101.34875743690533,89.36126999813158,165.64528097214634,68.65560987661328,120.96464597308055,146.02939243597112,132.9521334118543,126.4135038997959,135.13167658254045,165.64528097214634,117.69533121705135,105.7078437782776,92.63058475416078,203.78728645915373,186.35094109366463,75.19423938867169,101.34875743690533,141.67030609459886,98.07944268087613,126.4135038997959,77.37378255935783,82.82264048607317,138.40099133856964,110.06693011964987,148.20893560665726,164.55550938680327,125.32373231445283,142.76007767994193,149.29870719200034,70.83515304729943,100.25898585156226,168.91459572817556,96.98967109553305,129.6828186558251,92.63058475416078,79.55332573004397,118.78510280239442,66.47606670592715,156.92710828940182,164.55550938680327,173.27368206954782,158.01687987474486,163.46573780146022,162.37596621611715,87.18172682744544,174.3634536548909,139.4907629239127,119.87487438773749,149.29870719200034,102.4385290222484,90.45104158347465,151.47825036268645,99.1692142662192,98.07944268087613,88.27149841278852,116.60555963170829,106.79761536362066,111.15670170499294,184.1713979229785,128.59304707048204,172.18391048420474,138.40099133856964,124.23396072910975,166.7350525574894,54.488579267153405,138.40099133856964,135.13167658254045
B02009,99000000071,Synthetic Census Tract 99000000071,1.0,Total:,2722.2565146198885,736.6233306571922,+/-680,447.39034641385354,2810.001352536407,2568.4322308650044,2682.175539275306,2942.1602442131384,2926.9944697584315,2723.339784223796,2507.7691330461766,2414.60794711012,2820.8340485754834,2756.921141944933,2758.0044115488404,2860.915023920066,2827.333666198929,2387.526207012429,2492.6033585914697,2448.189304831257,2812.1678917442223,2785.0861516465316,2761.2542203605635,2986.574297973352,2876.0807983747727,2400.5254422593207,2361.5277365186457,2498.019706611008,2403.775251071044,2683.2588088792136,2922.6613913428014,2682.175539275306,2439.5231479999957,2704.9242009573663,2793.7523084777927,2542.433760371221,2985.491028369444,2930.2442785701546,3152.3145473712198,2885.8302248099417,2676.7591912557677,2973.57506272646,2861.9982935239736,2580.348196507988,2654.0105295737076,2955.15947946003,2982.2412195577213,2553.2664564102975,2832.750014218467,2368.0273541420916,2427.6071823570114,2922.6613913428014,2657.2603383854303,2745.0051763019487,2802.4184653090538,2846.8325190692667,2813.25116134813,2840.332901445821,2648.594181554169,2755.837872341025,2908.578886492002,2648.594181554169,2702.757661749551,3059.1533614351633,2502.3527850266387,2861.9982935239736,2487.1870105719318,2103.7095707886288,2300.8646386998184,2402.691981467136,2938.9104354014157,2669.1763040284145,2388.609476616337,2842.499440653636,2545.6835691829438,2349.611770875662,3014.7393076749504,3131.732424896975,2948.6598618365842,3039.654508564826,2544.6002995790363,2714.6736273925353,2975.7416019342754,2372.360432557722
B02009,99000000072,Synthetic Census Tract 99000000072,1.0,Total:,166.36240830522263,123.52657862184195,+/-124,74.71365642450118,146.43876659202232,108.58384733694172,217.16769467388343,162.37767996258256,139.4654919924022,208.2020559029433,180.30895750446285,141.45785616372223,156.40058744862247,119.5418502792019,146.43876659202232,150.4234949346624,191.26696044672303,165.3662262195626,130.49985322146208,139.4654919924022,139.4654919924022,192.26314253238303,171.34331873352272,148.43113076334234,180.30895750446285,79.69456685280126,221.1524230165235,121.53421445052193,169.35095456220267,242.07224681538383,225.13715135916357,203.2211454746432,139.4654919924022,84.67547728110134,213.18296633124336,214.1791484169034,143.45022033504227,189.27459627540298,165.3662262195626,143.45022033504227,128.50748905014203,157.3967695342825,173.33568290484274,146.43876659202232,242.07224681538383,129.50367113580205,187.28223210408296,136.47694573542216,205.21350964596326,209.1982379886033,171.34331873352272,201.2287813033232,200.23259921766316,151.41967702032238,227.1295155304836,178.31659333314283,184.29368584710292,184.29368584710292,170.3471366478627,103.60293690864164,80.69074893846128,127.51130696448202,134.48458156410211,206.20969173162325,147.43494867768234,141.45785616372223,138.46930990674218,109.58002942260174,156.40058744862247,156.40058744862247,161.38149787692257,201.2287813033232,184.29368584710292,133.48839947844212,184.29368584710292,107.5876652512817,205.21350964596326,119.5418502792019,168.35477247654265,116.55330402222184,107.5876652512817,195.2516887893631,182.30132167578287,151.41967702032238
B02009,99000000073,Synthetic Census Tract 99000000073,1.0,Total:,280.044949890272,199.89415388719414,+/-207,121.67470236611817,294.53003350528604,225.96730439421947,186.374742513181,243.34940473223634,159.33591976515476,249.14343817824195,284.8733110952767,413.3077191484014,351.5046957243414,312.87780608430387,317.70616728930855,344.7449900373348,223.07028767121665,304.1867559152954,292.5986890232842,193.13444820018756,300.3240669512917,287.7703278182795,243.34940473223634,323.5002007353142,414.2733913894023,307.0837726382982,223.07028767121665,212.44789302020632,322.53452849431324,145.8165083911416,337.98528435032824,289.70167230028136,314.80915056630573,290.6673445412823,268.4568829982607,373.71515726736294,280.044949890272,250.1091104192429,218.24192646621196,307.0837726382982,287.7703278182795,204.72251509219882,321.5688562533123,207.61953181520164,236.58969904522976,353.43604020634325,388.200240882377,237.55537128623072,378.5435184723676,271.35389972126353,347.6420067603376,240.45238800923352,181.5463813081763,189.2717592361838,259.7658328292523,318.6718395303095,274.25091644426635,205.68818733319975,287.7703278182795,303.2210836742945,271.35389972126353,248.17776593724102,304.1867559152954,279.07927764927103,170.923986657166,283.9076388542757,265.5598662752579,270.3882274802626,304.1867559152954,371.7838127853611,219.2075987072129,249.14343817824195,228.86432111722226,272.3195719622645,340.88230107333106,162.23293648815755,256.8688161062495,310.946461602302,393.99427432838263,296.4613779872879,306.1181003972973,384.33755191837326,206.6538595742007,265.5598662752579
B02009,99000000074,Synthetic Census Tract 99000000074,1.0,Total:,332.3386961287802,251.77173949150017,+/-250,153.0772176108321,323.27491350708624,332.3386961287802,405.85604406029825,350.4662613721682,208.46700029896215,443.1182615050403,213.50243508879214,206.45282638303013,374.6363483633522,324.2820004650522,424.99069626165226,347.44500049827025,295.0764786840382,416.9340005979243,387.72847881691024,368.5938266155562,181.2756524338801,242.70795686980617,282.9914351884462,348.45208745623626,387.72847881691024,314.2111308853922,401.82769622843426,292.0552178101402,221.55913075252016,357.51587007793023,184.2969133077781,252.77882644946618,421.9694353877543,328.31034829691623,431.03321800944826,348.45208745623626,287.0197830203102,438.0828267152103,375.64343532131824,427.0048701775843,292.0552178101402,222.56621771048614,381.68595706911424,376.65052227928425,428.0119571355503,272.9205656087862,400.82060927046825,350.4662613721682,145.0205219471041,380.6788701111482,169.1906089382881,273.92765256675216,419.95526147182227,338.3812178765762,409.8843918921623,302.1260873898002,306.1544352216642,459.2316528324963,295.0764786840382,345.4308265823382,272.9205656087862,275.9418264826842,309.1756960955622,372.62217444742026,293.0623047681062,461.2458267484283,355.5016961619982,340.39539179250824,242.70795686980617,341.40247875047424,272.9205656087862,208.46700029896215,415.9269136399583,334.35287004471223,408.8773049341963,373.6292614053863,313.2040439274262,420.9623484297883,362.5513048677602,392.7639136067403,177.24730460201613,216.52369596269014,316.2253048013242,359.53004399386225
B02009,99000000075,Synthetic Census Tract 99000000075,1.0,Total:,277.0554333184738,158.31739046769928,+/-148,96.27408879792524,263.14917604766237,288.82226639377575,301.65881156683247,249.24291877685093,389.3752035827199,193.6178896936052,222.5001163329828,278.1251454162285,286.6828421982663,229.98810101726588,318.77420513090806,357.28384065007816,254.59147926562454,294.17082688254936,213.942419550945,247.10349458134147,307.0073720556061,238.54579779930367,401.1420366580219,347.6564317702856,271.70687282970016,275.98572122071903,356.2141285523234,226.7789647240017,389.3752035827199,211.80299535543554,196.8270259868694,211.80299535543554,247.10349458134147,204.31501067115246,296.3102510780588,311.28622044662495,275.98572122071903,304.8679478600966,216.08184374645444,208.59385906217136,345.5170075747762,236.4063736037942,315.5650688376439,256.730903461134,238.54579779930367,287.752554296021,303.7982357623419,287.752554296021,238.54579779930367,247.10349458134147,248.17320667909618,298.4496752735683,253.52176716786983,321.98334142417224,319.84391722866275,269.56744863419067,228.91838891951116,295.2405389803041,290.9616905892852,282.4039938072474,273.8462970252096,315.5650688376439,228.91838891951116,191.47846549809577,285.61313010051157,277.0554333184738,267.42802443868123,296.3102510780588,223.56982843073752,284.5434180027568,299.519387371323,345.5170075747762,254.59147926562454,339.0987349882478,338.0290228904931,203.24529857339775,246.03378248358675,240.68522199481313,298.4496752735683,350.8655680635498,299.519387371323,297.37996317581354,209.6635711599261,281.33428170949264
B02009,99000000076,Synthetic Census Tract 99000000076,1.0,Total:,1016.0902235584521,433.84785407516057,+/-421,263.8124718366772,950.1371055992828,1090.2874812625175,1094.4095511349656,811.01724740416,971.7779724296353,1120.172487837766,1018.1512584946761,1088.2264463262936,1125.3250751783262,915.0995116834741,1093.3790336668537,873.8788129589933,1052.158334942373,990.3272868556516,1033.6090205163564,1104.7147258160858,980.0221121745313,1160.3626690941348,933.6488261094904,1094.4095511349656,980.0221121745313,1136.6607673275585,1012.998671154116,754.3387866579989,965.5948676209631,941.8929658543866,1006.8155663454439,1232.4988918619763,1276.8111429907933,843.9938063837446,1248.9871713517687,1058.3414397510448,888.3060575125616,910.977441811026,862.543120809761,902.7333020661299,1183.0340533925994,1092.3485161987417,1042.8836777293645,1049.0667825380367,917.1605466196982,904.7943370023539,1231.4683743938645,1082.0433415176215,1253.1092412242167,802.7731076592639,922.3131339602583,1220.1326822446322,1263.414415905337,871.8177780227693,1038.7616078569165,1186.1256057969354,1086.1654113900695,688.3856686988296,878.0008828314413,1155.2100817535747,935.7098610457145,948.0760706630588,1178.9119835201514,1038.7616078569165,1027.4259157076842,832.6581142345125,1068.646614432165,1037.7310903888044,918.1910640878102,1276.8111429907933,897.5807147255698,1134.5997323913346,1009.90711874978,1002.6934964729959,1113.9893830290941,897.5807147255698,1108.836795688534,861.5126033416491,1030.5174681120204,864.604155745985,1040.8226427931406,1247.9566538836566,1033.6090205163564,1180.9730184563753
B02009,99000000077,Synthetic Census Tract 99000000077,1.0,Total:,1266.6887685137622,356.45513083804366,+/-336,216.4191865802408,1073.6089059764886,1215.7666069654704,1250.775593029921,1455.5251175886783,1358.9851863200413,1181.818499266609,1347.3155242985579,1154.2356617612843,1333.5241055458955,1246.5320795675634,1307.0021464061601,1368.5330916103462,1274.1149170728881,1131.9572160839064,1218.9492420622385,1249.7147146643315,1236.9841742772587,1290.0280925567295,1287.9063358255505,1008.8953256755342,1093.7655949226876,1368.5330916103462,1175.4532290730724,1261.3843766858151,1235.9232959116691,1205.157823309576,1303.8195113093918,1139.3833646430323,1311.2456598685178,1109.6787704065287,1248.6538362987421,1172.2705939763043,1013.1388391378919,1356.8634295888626,1231.6797824493115,1107.55701367535,1326.0979569867695,1267.7496468793518,1386.5680238253663,1142.5659997398006,1099.0699867506346,1199.853431481629,1501.142887309023,1300.6368762126235,1255.0191064922788,1250.775593029921,1390.811537287724,1178.6358641698407,1310.1847815029282,1195.6099180192714,1173.3314723418937,1228.4971473525434,1220.010120427828,1078.9132978044356,1180.7576209010197,1078.9132978044356,1250.775593029921,1130.896337718317,1194.549039653682,1180.7576209010197,1102.252621847403,1401.420320943618,1160.6009319548207,1374.8983618038826,1314.4282949652859,1235.9232959116691,1156.357418492463,1353.6807944920943,1331.4023488147166,1053.4522170302896,1466.1339012445724,1265.6278901481728,1099.0699867506346,1409.9073478683333,1269.8714036105305,1242.2885661052057,1332.463227180306,1339.889375739432,1295.3324843846765,1238.045052642848
B02009,99000000078,Synthetic Census Tract 99000000078,1.0,Total:,271.76700290755,208.35470222912167,+/-207,126.82460135685668,250.6295693480739,207.34815777390853,191.24344649049814,160.04056837889055,268.7473695419106,213.38742450518743,340.2120258620441,368.39527060801225,236.53794697508982,260.69501390020537,341.2185703172572,280.82590300446833,188.2238131248587,255.66229162413964,292.90443646702613,301.96333656394444,303.9764254743707,265.7277361762711,342.22511477247036,226.47250242295834,232.51176915423721,245.59684707200816,205.33506886348223,141.92276818505388,244.59030261679501,175.1387352070878,298.943703198305,283.84553637010777,260.69501390020537,295.92406983266557,356.31673714545445,282.8389919148946,221.4397801468926,281.8324474596815,283.84553637010777,347.25783704853615,308.00260329522337,247.60993598243445,375.44108179450427,345.2447481381098,157.02093501325112,311.0222366608628,161.0471128341037,220.43323569167944,263.7146472658448,228.48559133338463,398.59160426440667,243.58375816158187,321.08768121299426,272.77354736276317,303.9764254743707,282.8389919148946,198.2892576769902,278.81281409404204,353.297103779815,430.80102683122743,257.67538053456593,273.7800918179763,315.0484144817154,227.4790468781715,163.06020174453,280.82590300446833,178.15836857272723,212.38088004997425,258.6819249897791,148.96857937154593,334.1727591307652,237.54449143030297,314.04187002650224,239.55758034072926,309.0091477504365,325.11385903384684,164.06674619974316,264.72119172105795,341.2185703172572,318.0680478473548,273.7800918179763,268.7473695419106,394.5654264435541,360.34291496630703
B02009,99000000079,Synthetic Census Tract 99000000079,1.0,Total:,503.0259276682269,447.5904172721366,+/-436,272.04463435118396,613.8969484604075,506.1056782457875,341.8523141092236,473.2550054184747,344.93206468678414,751.4591409247798,573.8601909521201,477.3613395218888,740.166722140391,382.9156551433646,248.43321325655288,546.1424357540749,519.4512640818833,427.0587467550661,359.3042340487335,480.44109009944935,399.34099155702097,311.05480833361787,609.7906143569934,433.21824791018724,605.6842802535793,503.0259276682269,889.021333389152,352.11814936775886,534.8500169696862,516.3715135043227,484.54742420286345,476.33475599603526,437.32458201360134,747.3528068213657,410.63341034140973,491.73350888383817,536.9031840213933,312.0813918594714,554.3551039609031,647.7742048135739,654.9602894945485,196.07745343802316,607.7374473052864,578.9931085813877,595.4184449950441,578.9931085813877,844.8782417774505,526.637348762858,379.835904565804,399.34099155702097,622.1096166672357,249.4597967824064,379.835904565804,577.9665250555341,531.7702663921256,416.79291149653085,448.6170007979901,455.8030854789648,551.2753533833426,414.7397444448238,727.8477198301488,392.1549068760463,469.1486713150606,522.5310146594438,582.0728591589483,620.0564496155287,602.6045296760187,408.58024328970265,481.4676736253029,505.07909471993395,611.8437814087005,364.4371516780011,613.8969484604075,449.64358432384364,240.22054504972468,407.55365976384917,406.52707623799563,282.3104696097192,584.1260262106554,382.9156551433646,363.4105681521476,427.0587467550661,708.3426328389318,378.8093210399505
B02009,99000000080,Synthetic Census Tract 99000000080,1.0,Total:,56.50023624735305,64.161285230045,+/-67,39.26287603629619,55.54260512451656,89.0596944237938,44.05103165047865,56.50023624735305,44.05103165047865,21.067884702402832,35.43235154495022,42.135769404805664,51.712080633170594,67.99180972139096,35.43235154495022,57.45786737018955,78.52575207259238,90.01732554663029,76.61048982691939,45.008662773315145,71.82233421273693,82.35627656393835,60.33076073869902,58.415498493026035,59.37312961586253,56.50023624735305,57.45786737018955,88.1020633009573,110.12757912619664,69.90707196706394,53.62734287884358,47.881556141824625,60.33076073869902,55.54260512451656,65.11891635288148,52.66971175600708,27.77130256225828,73.73759645840991,75.6528587040829,60.33076073869902,67.03417859855448,26.81367143942179,24.898409193748805,47.881556141824625,71.82233421273693,63.2036541072085,34.47472042211373,98.63600565215872,60.33076073869902,41.178138281969176,66.07654747571797,16.27972908822037,71.82233421273693,53.62734287884358,58.415498493026035,54.58497400168007,52.66971175600708,62.24602298437201,41.178138281969176,54.58497400168007,105.33942351201416,59.37312961586253,43.09340052764216,34.47472042211373,43.09340052764216,67.03417859855448,72.77996533557342,56.50023624735305,83.31390768677484,50.7544495103341,39.26287603629619,76.61048982691939,17.237360211056863,83.31390768677484,37.34761379062321,64.161285230045,44.05103165047865,90.01732554663029,86.18680105528432,59.37312961586253,39.26287603629619,68.94944084422745,58.415498493026035,41.178138281969176
B02009,99000000081,Synthetic Census Tract 99000000081,1.0,Total:,0.0,14.657700854468816,+/-14,9.422807692158525,0.0,0.0,0.0,0.0,0.0,0.0,0.0,0.0,0.0,0.0,0.0,0.0,0.0,0.0,0.0,0.0,0.0,0.0,0.0,0.0,0.0,0.0,0.0,0.0,0.0,0.0,0.0,0.0,0.0,0.0,0.0,0.0,0.0,0.0,0.0,0.0,0.0,0.0,0.0,0.0,0.0,0.0,0.0,0.0,0.0,0.0,0.0,0.0,0.0,0.0,0.0,0.0,0.0,0.0,0.0,0.0,0.0,0.0,0.0,0.0,0.0,0.0,0.0,0.0,0.0,0.0,0.0,0.0,0.0,0.0,0.0,0.0,0.0,0.0,0.0,0.0,0.0,0.0,0.0,0.0
B02009,99000000082,Synthetic Census Tract 99000000082,1.0,Total:,227.59638230728478,150.476946980023,+/-160,91.22664910663894,234.1797487376608,168.34608443390073,266.15609997091565,206.90580209753162,266.15609997091565,330.1088024374254,199.38195474853046,232.2987869004105,158.00079432902413,250.16792435428823,223.8344586327842,197.50099291128018,242.64407700528707,252.04888619153851,266.15609997091565,221.9534967955339,220.07253495828363,288.7276420179191,185.2747409691533,265.21561905229055,247.3464815984128,240.7631151680368,219.1320540396585,256.7512907846642,159.88175616627444,173.98896994565158,252.04888619153851,255.81080986603908,295.3110084482951,240.7631151680368,241.70359608666195,268.03706180816596,133.5482904447704,292.4895656924197,173.98896994565158,207.84628301615675,239.82263424941164,173.98896994565158,287.787161099294,227.59638230728478,284.96571834341853,156.11983249177385,223.8344586327842,221.9534967955339,266.15609997091565,353.620825403054,262.3941762964151,188.09618372502874,181.51281729465273,305.6562985531717,151.41742789864813,173.04848902702645,268.03706180816596,204.08435934165618,273.67994731991683,205.02484026028134,262.3941762964151,299.0729321227957,202.2033975044059,211.60820669065734,223.8344586327842,266.15609997091565,232.2987869004105,280.2633137502928,201.26291658578074,168.34608443390073,241.70359608666195,300.01341304142085,257.69177170328936,200.32243566715562,260.51321445916483,261.4536953777899,169.28656535252586,283.0847565061683,161.76271800352472,195.6200310740299,238.8821533307865,164.58416075940016,272.7394664012917,235.12022965628591
B02009,99000000083,Synthetic Census Tract 99000000083,1.0,Total:,338.7008379989661,300.2593318457092,+/-289,181.81793450864745,295.0645337168907,446.75263907839087,149.61018610997274,310.64892810334624,312.7268473548736,169.35041899948305,344.9345957535483,200.51920777239405,447.7915987041546,332.4670802443839,342.8566765020209,333.5060398701476,428.05136581464427,364.6748286430586,175.58417675406525,345.973555379312,431.1682446919354,408.31113292513396,385.4540211583326,345.973555379312,286.75285671078115,212.98672328155845,361.5579497657675,297.1424529684181,528.8304495137231,460.259114213319,347.0125150050757,468.57079121942854,172.46729787677415,360.5189901400038,335.583959121675,366.752747894586,179.74001525712006,340.7787572504935,379.2202634037504,363.6358690172949,198.44128852086664,188.05169226322965,356.363151636949,322.0774839867469,365.7137882688223,258.7009468151612,444.67471982686345,339.7397976247298,408.31113292513396,401.0384155447881,345.973555379312,414.54489067971616,255.58406793787012,327.2722821155654,340.7787572504935,340.7787572504935,164.15562087066456,299.2203722199455,418.700729182771,351.1683535081305,180.77897488288374,190.12961151475704,311.6878877291099,275.3243008273804,384.41506153256887,469.60975084519225,249.35031018328795,339.7397976247298,146.49330723268167,154.80498423879126,343.8956361277846,170.38937862524676,438.44096207228125,317.9216454836921,319.9995647352195,330.3891609928565,417.6617695570073,323.11644361251064,193.24649039204814,379.2202634037504,443.6357602010998,423.8955273115895,328.3112417413291,334.5449994959113
B02009,99000000084,Synthetic Census Tract 99000000084,1.0,Total:,219.78948180136166,200.49089315538845,+/-187,122.2243947578304,243.3766457019956,214.42876273303577,296.98383638525456,190.84159883240184,171.5430101864286,157.60514060878128,271.2523848572902,321.64314409955364,295.91169257158936,226.22234468335273,212.2844751057054,233.72735137900898,385.9717729194644,244.4487895156608,143.66727103113396,160.82157204977682,300.20026782625007,191.91374264606702,87.91579272054467,203.70732459638398,107.21438136651788,95.42079941620092,272.32452867095543,242.30450188833044,287.33454206226793,190.84159883240184,304.4888430809108,258.3866590933081,223.0059132423572,309.8495621492367,197.2744617143929,197.2744617143929,230.51091993801344,158.67728442244646,249.80950858398668,337.72530130453134,183.3365921367456,184.40873595041077,244.4487895156608,229.43877612434827,242.30450188833044,249.80950858398668,261.60309053430365,248.7373647703215,144.73941484479914,232.6552075653438,246.59307714299115,230.51091993801344,196.20231790072773,153.31656535412057,220.86162561502684,293.767404944259,307.70527452190635,273.3966724846206,169.39872255909825,137.2344081491429,299.1281240125849,231.58306375167862,117.93581950316967,272.32452867095543,99.70937467086164,120.08010713050004,243.3766457019956,249.80950858398668,263.747378161634,204.77946841004916,244.4487895156608,186.55302357774113,229.43877612434827,296.98383638525456,272.32452867095543,233.72735137900898,206.92375603737952,127.58511382615629,323.787431726884,272.32452867095543,168.32657874543307,206.92375603737952,249.80950858398668,219.78948180136166
B02009,99000000085,Synthetic Census Tract 99000000085,1.0,Total:,17.601990781745865,26.866196456348955,+/-29,16.675570214285557,19.454831916666485,30.57187872619019,18.528411349206173,6.484943972222162,21.307673051587102,18.528411349206173,6.484943972222162,32.42471986111081,18.528411349206173,15.749149646825249,5.558523404761853,17.601990781745865,16.675570214285557,28.719037591269572,23.16051418650772,15.749149646825249,4.632102837301543,30.57187872619019,27.792617023809264,16.675570214285557,6.484943972222162,17.601990781745865,30.57187872619019,20.381252484126794,5.558523404761853,6.484943972222162,16.675570214285557,18.528411349206173,6.484943972222162,28.719037591269572,15.749149646825249,25.939775888888647,30.57187872619019,17.601990781745865,25.939775888888647,6.484943972222162,23.16051418650772,16.675570214285557,15.749149646825249,8.337785107142778,20.381252484126794,30.57187872619019,17.601990781745865,5.558523404761853,19.454831916666485,18.528411349206173,5.558523404761853,30.57187872619019,17.601990781745865,17.601990781745865,5.558523404761853,17.601990781745865,18.528411349206173,25.939775888888647,20.381252484126794,19.454831916666485,4.632102837301543,30.57187872619019,31.498299293650497,18.528411349206173,6.484943972222162,14.82272907936494,28.719037591269572,18.528411349206173,6.484943972222162,6.484943972222162,19.454831916666485,17.601990781745865,8.337785107142778,31.498299293650497,15.749149646825249,23.16051418650772,27.792617023809264,15.749149646825249,22.23409361904741,4.632102837301543,20.381252484126794,15.749149646825249,16.675570214285557,6.484943972222162
B02009,99000000086,Synthetic Census Tract 99000000086,1.0,Total:,489.95757914391595,284.35951357413074,+/-278,172.8660352303169,443.92816147903864,433.6994019979548,535.9869968087933,391.76148812551105,523.7124854314926,572.810530940695,468.4771842336399,544.1700043936603,489.95757914391595,528.8268651720346,561.5588955115028,479.7288196628321,440.8595336347135,428.5850222574129,415.2876349320039,416.3105108801123,547.2386322379855,375.39547295577694,490.98045509202433,552.3530119785273,568.7190271482615,399.94449571037813,512.4608500023004,451.08829311579734,401.9902476065949,699.6471485061346,466.43143233742313,395.8529919179446,468.4771842336399,745.6765661710119,475.63731587039854,383.578480540644,595.3138017990794,555.4216398228525,611.6798169688136,629.0687080866562,462.33992854498956,521.6667335352759,570.7647790444782,481.77457155904887,450.06541716768896,569.7419030963699,726.2419231569527,477.68306776661535,592.2451739547544,445.97391337525545,533.9412449125764,434.72227794606323,605.5425612801633,445.97391337525545,585.0850423179957,438.81378173849674,485.8660753514824,602.4739334358381,531.8954930163596,454.1569209601225,504.2778424174333,555.4216398228525,500.1863386249998,671.0066219590999,508.3693462098669,465.4085563893147,396.875867866053,367.21246537090985,335.50331097954995,546.215756289877,556.444515770961,337.5490628757667,468.4771842336399,663.8464903223412,435.7451538941716,352.8922020973925,483.8203234552656,501.20921457310817,497.1177107806746,413.2418830357871,490.98045509202433,591.2222980066459,454.1569209601225,430.63077415362966
B02009,99000000087,Synthetic Census Tract 99000000087,1.0,Total:,118.55347030433232,131.41973839937614,+/-143,79.95466601920087,139.69091074619,120.39150860362429,126.8246426511462,79.95466601920087,133.25777669866812,167.26148523556964,132.33875754902212,215.05048101716096,196.6700980242412,59.736244726989156,93.73995326389067,85.46878091707678,146.12404479371193,125.90562350150022,72.60251282203296,81.79270431849284,61.57428302628113,150.71914054194187,176.4516767320295,117.63445115468633,93.73995326389067,163.58540863698568,133.25777669866812,65.25035962486507,112.1203362568104,170.0185426845076,145.20502564406593,157.15227458946376,191.1559831263653,50.54605323052928,153.47619799087983,95.57799156318265,92.82093411424468,161.7473703376937,79.03564686955488,149.80012139229586,69.845455373095,147.9620830930039,130.50071924973014,116.71543200504034,154.3952171405258,106.60622135893449,158.99031288875574,192.99402142565725,123.14856605256226,82.71172346813883,98.3350490121206,71.68349367238699,58.817225577343166,191.1559831263653,124.06758520220824,141.528949045482,131.41973839937614,105.6872022092885,144.28600649441995,137.85287244689803,158.99031288875574,84.5497617674308,89.14485751566073,134.1767958483141,136.93385329725206,110.28229795751844,108.44425965822646,151.63815969158784,112.1203362568104,59.736244726989156,116.71543200504034,90.06387666530672,79.95466601920087,204.94127037105508,137.85287244689803,202.18421292211713,104.76818305964251,124.06758520220824,161.7473703376937,149.80012139229586,172.77560013344555,48.70801493123731,109.36327880787245,127.74366180079218
B02009,99000000088,Synthetic Census Tract 99000000088,1.0,Total:,459.86297528788555,449.4115440313427,+/-430,273.8274989214228,354.30351959680274,336.5360864606799,496.4429846857855,431.64411089521985,564.3772878533141,414.9218208847513,313.5429376962856,337.5812295863342,629.1761616438798,248.7440639057199,288.4595026805828,377.296668361197,506.8944159423284,698.1556079370627,660.5304554135083,255.01492265964563,577.9641484868198,718.0133273244941,467.1789771674656,276.96292829838563,346.9875177172227,618.7247303873369,385.6578133664313,313.5429376962856,216.34462701043708,675.1624591726684,359.52923522507416,644.853308528694,458.8178321622313,534.0681372093399,537.2035665863027,521.5264197014884,354.30351959680274,407.60581900517127,468.2241202931198,716.9681841988397,350.1229470941856,502.71384343971124,442.0955421517627,291.59493205754563,659.4853122878541,313.5429376962856,664.7110279161254,499.5784140627484,408.6509621308256,274.872642047077,467.1789771674656,371.0258096072713,302.04636331408847,564.3772878533141,581.0995778637827,502.71384343971124,552.8807134711169,270.6920695444599,400.2898171255913,423.2829658899856,462.9984046648484,479.72069467531696,516.3007040732169,696.065321685754,173.49375885861136,564.3772878533141,442.0955421517627,478.6755515496627,536.1584234606484,458.8178321622313,570.6481466072398,287.41435955492847,469.26926341877413,297.8657908114713,260.2406382879171,665.7561710417798,533.0229940836855,689.7944629318283,667.8464572930883,408.6509621308256,376.2515252355427,375.20638210988847,533.0229940836855,337.5812295863342
B02009,99000000089,Synthetic Census Tract 99000000089,1.0,Total:,827.0425766757631,375.9284439435287,+/-410,228.30776229741133,805.9539078691749,694.092273329881,1009.5054067849392,630.8262669101164,739.0203068743515,1059.0179335482333,726.1837258616456,603.3193075971753,891.2254817392924,856.3833332762337,868.3030156451748,862.8016237825866,880.222698014116,804.1201105816455,637.2445574164693,722.5161312865869,906.8127586832924,867.3861170014101,910.4803532583512,867.3861170014101,813.2890970192925,959.9928800216452,956.3252854465863,737.1865095868221,826.1256780319984,962.7435759529393,831.6270698945866,731.6851177242339,789.4497322814102,943.4887044338805,904.0620627519983,736.2696109430574,659.2501248668223,948.9900962964688,915.9817451209394,813.2890970192925,711.5133475614103,827.9594753195278,776.6131512687043,980.1646501844687,760.1089756809397,1034.2616701665863,809.6215024442337,775.6962526249397,675.7543004545869,745.4385973807044,846.2974481948219,865.5523197138807,938.904211215057,794.9511241439984,1029.6771769477627,782.1145431312926,995.7519271284687,736.2696109430574,743.6048000931751,923.316934271057,670.2529085919987,960.9097786654099,633.5769628414105,869.2199142889394,666.5853140169398,655.5825302917634,934.3197179962335,795.8680227877632,673.0036045232928,1062.685528123292,882.9733939454101,827.0425766757631,898.5606708894101,662.0008207981164,967.3280691717628,906.8127586832924,906.8127586832924,826.1256780319984,673.9205031670575,871.0537115764689,635.41076012894,905.8958600395276,784.8652390625867,924.2338329148217
B02009,99000000090,Synthetic Census Tract 99000000090,1.0,Total:,222.87353273072569,203.30414936900343,+/-187,123.93942795757428,246.79166795060843,217.43759290802504,301.15106617761467,193.5194576881423,173.95007432642004,159.8166307873984,275.0585550286517,326.15638936203754,300.0638782130746,229.3966605179664,215.2632169789448,237.0069762697473,391.3876672344451,247.87885591514856,145.68318724837678,163.07819468101877,304.41263007123507,194.6066456526824,89.14941309229027,206.5657132626238,108.71879645401252,96.75972884407115,276.1457429931918,245.7044799860683,291.36637449675356,193.5194576881423,308.76138192939555,262.0122994541702,226.13509662434603,314.1973217520962,200.04258547538305,200.04258547538305,233.74541237612692,160.90381875193853,253.31479573784918,342.46420883013946,185.9091419363614,186.99632990090154,247.87885591514856,232.6582244115868,245.7044799860683,253.31479573784918,265.27386334779055,252.22760777330905,146.77037521291692,235.91978830520716,250.0532318442288,233.74541237612692,198.95539751084291,155.4678789292379,223.9607206952658,297.8895022839943,312.02294582301596,277.2329309577319,171.7756983973398,139.16005946113603,303.32544210669494,234.83260034066706,119.59067609941377,276.1457429931918,101.10848070223165,121.76505202849403,246.79166795060843,253.31479573784918,267.4482392768708,207.6529012271639,247.87885591514856,189.17070582998178,232.6582244115868,301.15106617761467,276.1457429931918,237.0069762697473,209.82727715624418,129.3753677802749,328.3307652911178,276.1457429931918,170.68851043279966,209.82727715624418,253.31479573784918,222.87353273072569
B02009,99000000091,Synthetic Census Tract 99000000091,1.0,Total:,564.8362858786044,384.9048581931376,+/-415,233.72535967390525,574.11110173868,622.340144211073,586.1683623567782,456.3209403157198,388.61478453716785,756.8249741821694,665.9317787534284,630.6874784851411,346.87811316682763,652.019554963315,319.98114717260836,640.8897759312243,601.0080677328992,602.8630309049144,720.6531923278745,605.645475662937,416.4392321173947,726.2180818439199,564.8362858786044,396.9621188112359,435.9163454235534,736.420379290003,578.7485096687177,438.6987901815761,594.5156966308463,479.50797996590876,461.88582983176514,779.0845322463508,677.0615577855192,552.779025260506,539.7942830564002,762.3898636982148,581.5309544267404,707.6684501237686,496.2026485140449,319.98114717260836,597.298141388869,582.4584360127479,558.3439147765514,621.4126626250655,520.3171697502414,540.7217646424077,579.6759912547253,681.6989657155569,741.0577872200408,525.8820592662868,641.8172575172318,632.5424416571562,573.1836201526723,622.340144211073,689.1188184036174,580.6034728407328,397.88960039724344,287.51929166234373,383.97737660713005,547.2141357444607,703.0310421937309,439.62627176758366,544.431690986438,691.9012631616401,637.1798495871941,458.1759034877349,314.416257656563,549.9965805024833,562.9813227065893,662.2218524093981,726.2180818439199,377.48500550507714,553.7065068465135,594.5156966308463,582.4584360127479,527.7370224383019,607.5004388349521,554.6339884325212,574.11110173868,666.859260339436,703.9585237797384,670.5691866834662,376.5575239190696,521.244651336249
B02009,99000000092,Synthetic Census Tract 99000000092,1.0,Total:,1107.0609138703617,532.7867120007263,+/-488,324.2574866069994,910.5412250176347,1146.364851640907,1199.8618780508161,1329.7832279034521,1404.0239992478157,1012.0763975915437,1089.5924970834526,989.1491005587255,1166.0168205261798,1101.6020336244526,941.1109543947256,786.0787554109077,1016.443501788271,1411.6664315920884,1068.848752148998,956.395819083271,1376.7295980182703,1076.4911844932708,1080.858288689998,1026.2694862309072,1157.2826121327253,1151.8237318868162,1277.377977542725,1055.7474395588163,1056.839215607998,1171.4757007720889,1084.1336168375435,1024.0859341325436,1128.896434853998,1129.9882109031798,893.0728082307257,1470.6223382479066,996.7915329029983,897.439912427453,1343.9763165428158,911.6330010668165,910.5412250176347,1072.1240802965435,1159.466164231089,918.1836573619074,1218.422070886907,1090.6842731326344,1169.2921486737253,1026.2694862309072,1021.90238203418,776.2527709682713,1055.7474395588163,1279.5615296410886,801.3636200994531,1469.5305621987247,1167.1085965753616,1089.5924970834526,1339.6092123460885,932.376746001271,807.914276394544,1275.1944254443613,1151.8237318868162,1089.5924970834526,1243.5329200180888,1072.1240802965435,1103.7855857228162,1158.374388181907,979.3231161160892,1173.6592528704525,1056.839215607998,1127.8046588048162,1219.5138469360888,1414.9417597396339,1032.820142525998,878.8797195913621,1270.827321247634,1102.6938096736344,960.7629232799983,1042.6461269686345,1250.0835763131797,1458.6128017069066,1039.370798821089,1140.905971394998,985.8737724111801,1345.0680925919976
B02009,99000000093,Synthetic Census Tract 99000000093,1.0,Total:,354.0990629624845,252.3220867816506,+/-238,152.66546427125078,282.00703816772716,415.5893194050716,423.01055725159074,328.654818917276,472.8388685067906,160.08670211776993,487.6813441998289,362.5804776442206,396.5061363711652,267.16456247468886,481.3202831885268,432.5521487685439,283.0672150029442,273.525623485991,363.6406544794376,361.5203008090036,310.6318127185867,267.16456247468886,486.6211673646119,324.4141115764079,325.4742884116249,298.96986753119944,345.6176482807483,276.70615399164205,355.1592397977015,272.46544665077397,361.5203008090036,355.1592397977015,219.456604889923,332.89552625814406,428.3114414276758,399.6866668768163,336.0760567637951,273.525623485991,407.1079047233354,449.5149781320162,421.9503804163737,295.7893370255484,420.8902035811567,396.5061363711652,416.6494962402886,219.456604889923,202.4937755264507,249.14155627599953,278.8265076620761,349.8583556216164,320.17340423553986,465.41763066027147,330.77517258771,448.4548012967992,379.54330700769293,300.03004436641646,283.0672150029442,364.70083131465464,561.8937226650203,427.25126459245877,396.5061363711652,434.6725024389779,309.57163588336965,302.1503980368505,240.6601415942634,350.9185324568334,230.05837324209318,371.06189232595676,363.6406544794376,307.4512822129356,501.46364305765013,356.2194166329185,350.9185324568334,371.06189232595676,415.5893194050716,283.0672150029442,282.00703816772716,460.11674648418636,381.663660678127,349.8583556216164,370.00171549073974,406.0477278881184,376.36277650204187,373.1822459963908
B02009,99000000094,Synthetic Census Tract 99000000094,1.0,Total:,2270.7634375911007,714.1342170261829,+/-701,433.9817067805334,2148.5150694839085,2390.974332896507,2139.346441875869,2643.6209603180378,1923.3743248864955,1885.6810780534445,2519.3351194090587,2533.5974290215645,1948.8427349088272,2556.009629841217,2671.1268431421563,2294.194374811646,2373.6558140813213,1968.1987265257994,1864.2876136346856,2533.5974290215645,2268.7259647893143,2109.803086249964,1993.667136548131,2269.7447011902077,2216.7704083437575,2236.1263999607295,2377.730759684894,2498.9603913911933,1930.5054796927484,2134.2527598714023,2350.224876860776,2387.918123693827,1948.8427349088272,2361.430977270602,2383.843178090254,2508.129018999233,2365.505922874175,2408.2928517116925,2415.424006517945,2105.728140646391,2059.8850026061937,2321.7002576357645,1948.8427349088272,2320.681521234871,2156.6649606910546,2196.395680325892,2003.8545005570638,2086.372149029419,2242.238818366089,2314.5691028295114,2081.2784670249525,2274.838383194674,2515.260173805486,2398.1054877027595,1962.0863081204398,2141.3839146776554,2190.2832619205324,2462.2858809590357,2412.3677973152653,2430.7050525313443,2170.9272703035604,2319.6627848339776,2476.5481905715415,2299.288056816112,2450.0610441483163,2276.8758559964604,1952.9176805124002,2050.716374998154,2443.9486257429567,2468.3982993643954,2391.9930692974,2316.606575631298,2828.01224887972,2063.959948209767,2228.995245154477,2325.7752032393373,1567.8353209747438,2230.01398155537,2151.571278686588,2208.6205171366114,2210.657989938398,2033.3978561829688,2511.1852282019127,2382.824441689361
B02009,99000000095,Synthetic Census Tract 99000000095,1.0,Total:,88.7480849577764,77.12631192759139,+/-73,47.543616941665924,91.91765942055413,94.03070906240595,95.08723388333185,75.01326228573957,119.38730476462777,115.16120548092414,101.42638280888731,46.487092120740016,80.29588639036912,88.7480849577764,120.44382958555369,92.97418424148003,119.38730476462777,71.84368782296184,76.06978710666549,114.10468065999822,52.82624104629547,75.01326228573957,118.33077994370186,118.33077994370186,105.65248209259094,98.25680834610958,103.53943245073913,67.61758853925821,78.1828367485173,99.3133331670355,61.27843961370275,46.487092120740016,70.78716300203594,50.713191404443656,107.76553173444277,133.12212743666458,52.82624104629547,38.03489355333274,97.20028352518368,92.97418424148003,53.88276586722139,98.25680834610958,104.59595727166504,61.27843961370275,33.808794269629104,73.95673746481367,117.27425512277595,78.1828367485173,104.59595727166504,104.59595727166504,100.3698579879614,86.63503531592458,105.65248209259094,159.53524795981232,104.59595727166504,61.27843961370275,85.57851049499867,121.50035440647959,87.69156013685048,104.59595727166504,105.65248209259094,89.8046097787023,47.543616941665924,59.16538997185093,84.52198567407277,62.33496443462866,98.25680834610958,75.01326228573957,82.40893603222094,95.08723388333185,62.33496443462866,92.97418424148003,89.8046097787023,101.42638280888731,100.3698579879614,73.95673746481367,67.61758853925821,96.14375870425776,109.87858137629459,98.25680834610958,95.08723388333185,108.82205655536868,58.10886515092502,98.25680834610958
B02009,99000000096,Synthetic Census Tract 99000000096,1.0,Total:,16.944367484745875,28.593620130508665,+/-27,18.003390452542494,5.2951148389830855,5.2951148389830855,9.531206710169554,4.236091871186469,24.357528259322194,15.885344516949258,15.885344516949258,9.531206710169554,22.23948232372896,12.708275613559406,15.885344516949258,26.47557419491543,13.767298581356023,21.180459355932342,30.7116660661019,15.885344516949258,16.944367484745875,13.767298581356023,23.29850529152558,26.47557419491543,5.2951148389830855,4.236091871186469,5.2951148389830855,7.413160774576321,26.47557419491543,11.64925264576279,14.826321549152642,6.354137806779703,40.242872776271454,23.29850529152558,16.944367484745875,18.003390452542494,14.826321549152642,13.767298581356023,19.06241342033911,21.180459355932342,30.7116660661019,20.121436388135727,32.829712001695135,18.003390452542494,32.829712001695135,28.593620130508665,34.947757937288365,30.7116660661019,5.2951148389830855,13.767298581356023,16.944367484745875,30.7116660661019,5.2951148389830855,23.29850529152558,15.885344516949258,4.236091871186469,15.885344516949258,21.180459355932342,5.2951148389830855,13.767298581356023,19.06241342033911,16.944367484745875,6.354137806779703,12.708275613559406,22.23948232372896,32.829712001695135,25.416551227118813,31.770689033898517,5.2951148389830855,16.944367484745875,18.003390452542494,23.29850529152558,6.354137806779703,12.708275613559406,14.826321549152642,6.354137806779703,14.826321549152642,13.767298581356023,5.2951148389830855,21.180459355932342,24.357528259322194,15.885344516949258,4.236091871186469,12.708275613559406
B02009,99000000097,Synthetic Census Tract 99000000097,1.0,Total:,951.9655305804695,316.95877505596866,+/-291,192.78935802373354,993.3553362578813,1035.8343473478565,882.2563841764077,945.4302981050887,909.4865194904943,867.0075084005191,898.5944653648596,1144.754888604203,1010.7826228588967,1056.5292501865622,902.9512870151135,982.4632821322466,1124.0599857654972,978.1064604819927,852.847838037194,955.2331468181599,843.0449893241229,969.3928171814849,906.2189032528039,1067.421304312197,1018.4070607468409,1034.7451419352928,999.8905687332621,795.1199511713304,934.538243979454,935.6274493920175,731.9460372426494,981.3740767196831,771.1574320949342,936.716654804581,1018.4070607468409,792.9415403462034,881.1671787638442,840.866578498996,897.5052599522962,870.2751246382095,942.1626818673983,996.6229524955717,766.8006104446803,992.2661308453178,1009.6934174463332,950.8763251679061,957.4115576432869,888.7916166517884,974.8388442443023,987.9093091950639,797.2983619964573,943.2518872799618,794.0307457587669,861.5614813377018,865.9183029879557,932.3598331543271,1056.5292501865622,826.7069081356709,1091.383823388593,815.8148540100362,835.4205514361786,1102.275877514228,741.7488859557205,919.2893682035656,809.2796215346555,954.1439414055965,902.9512870151135,913.8433411407482,1049.9940177111814,770.0682266823707,1054.3508393614354,1142.5764777790762,1085.937796325776,1038.0127581729832,884.4347950015346,991.1769254327543,1016.228649921714,968.3036117689215,876.8103571135904,963.9467901186676,956.3223522307234,905.1296978402405,965.0359955312312,929.0922169166367
B02009,99000000098,Synthetic Census Tract 99000000098,1.0,Total:,481.9930720792936,205.3461608858529,+/-216,124.53864387058671,394.53081836865255,477.2396887254544,465.83156867624035,559.9485590822562,343.1942781471893,632.1999860606119,415.445705125545,426.85382517475904,486.7464554331328,534.2802889715247,539.9843489961316,447.76871193165147,355.55307486717123,610.3344226329516,558.9978824114884,503.8586355069539,490.5491621162041,628.3972793775406,445.86735859011577,526.674875605382,393.5801416978847,438.26194522397304,461.07818532240117,507.6613421900252,676.8817895867003,488.6478087746685,418.29773513784846,453.47277195625844,503.8586355069539,419.2484118086163,518.1187855684714,510.5133722023287,565.6526191068633,450.62074194395495,379.31999163636715,536.1816423130604,471.5356287008474,420.19908847938416,451.5714186147228,450.62074194395495,473.4369820423831,528.5762289469176,492.4505154577398,433.50856187013386,438.26194522397304,526.674875605382,481.04239540852575,368.86254825792093,607.4823926206482,515.2667555561679,466.7822453470082,482.94374875006145,391.67878835634906,486.7464554331328,467.73292201777605,467.73292201777605,494.3518687992755,443.9660052485801,551.3924690453457,456.324801968562,461.07818532240117,462.028861993169,496.25322214081115,473.4369820423831,397.38284838095603,544.7377323499709,465.83156867624035,467.73292201777605,501.00660549465033,511.46404887309654,470.58495203007953,471.5356287008474,435.40991521166956,577.0607391560774,539.0336723253638,428.7551785162947,512.4147255438644,490.5491621162041,529.5269056176854,477.2396887254544
B02009,99000000099,Synthetic Census Tract 99000000099,1.0,Total:,144.55815542817598,135.396018816531,+/-133,82.45922950480461,167.9725045468242,152.70227686074927,98.7474723699512,172.04456526311085,171.0265500840392,126.23388220488607,122.16182148859941,138.450064353746,110.96365451881114,145.57617060724763,220.90929385855063,166.95448936775253,180.18868669568414,163.90044383053757,164.91845900960922,178.15265633754083,130.30594292117271,196.47692956083074,142.52212507003264,162.8824286514659,97.72945719087954,174.08059562125416,248.3957036934855,60.06289556522805,91.62136611644956,186.29677777011412,163.90044383053757,123.17983666767108,223.96333939576562,196.47692956083074,137.43204917467435,86.53129022109125,116.05373041416945,158.81036793517924,95.69342683273621,118.08976077231277,127.25189738395773,86.53129022109125,121.14380630952776,99.76548754902286,109.94563933973947,62.098925923371375,115.03571523509778,155.75632239796425,145.57617060724763,72.27907771408799,173.0625804421825,206.65708135154736,130.30594292117271,62.098925923371375,116.05373041416945,76.35113843037463,235.1615063655539,102.81953308623784,103.83754826530951,112.99968487695446,89.58533575830624,189.3508233073291,154.7383072188926,148.63021614446262,211.74715724690566,172.04456526311085,134.37800363745936,154.7383072188926,128.26991256302938,222.94532421669393,174.08059562125416,132.34197327931605,156.77433757703594,183.24273223289913,155.75632239796425,167.9725045468242,129.28792774210106,135.396018816531,186.29677777011412,148.63021614446262,157.7923527561076,132.34197327931605,163.90044383053757,165.93647418868088
B02009,99000000100,Synthetic Census Tract 99000000100,1.0,Total:,26.65128534587353,26.65128534587353,+/-29,16.542177111231844,34.92237390148945,17.461186950744725,35.84138374100233,30.32732470392505,21.137226308796247,14.704157432206085,27.57029518538641,17.461186950744725,22.975245987822007,19.299206629770485,38.59841325954097,22.056236148309125,26.65128534587353,23.894255827334888,27.57029518538641,34.92237390148945,45.03148213613113,24.81326566684777,29.40831486441217,20.218216469283366,41.35544277807961,26.65128534587353,14.704157432206085,40.43643293856673,28.489305024899288,21.137226308796247,22.975245987822007,29.40831486441217,35.84138374100233,11.028118074154563,20.218216469283366,26.65128534587353,23.894255827334888,26.65128534587353,36.76039358051521,43.193462457105376,30.32732470392505,21.137226308796247,22.056236148309125,18.380196790257607,28.489305024899288,28.489305024899288,29.40831486441217,29.40831486441217,19.299206629770485,23.894255827334888,21.137226308796247,37.679403420028095,38.59841325954097,20.218216469283366,14.704157432206085,27.57029518538641,28.489305024899288,33.08435422246369,26.65128534587353,39.51742309905385,12.866137753180324,28.489305024899288,28.489305024899288,24.81326566684777,32.16534438295081,14.704157432206085,50.54554117320841,22.056236148309125,32.16534438295081,18.380196790257607,14.704157432206085,29.40831486441217,23.894255827334888,32.16534438295081,34.00336406197657,30.32732470392505,38.59841325954097,23.894255827334888,33.08435422246369,19.299206629770485,22.975245987822007,27.57029518538641,24.81326566684777,41.35544277807961
B02009,99000000101,Synthetic Census Tract 99000000101,1.0,Total:,209.76279370098896,191.34459718090213,+/-187,116.64857796054996,232.2739227810951,204.64662800096485,283.4355797813363,182.1354989208587,163.71730240077187,150.41527158070917,258.87798442122056,306.9699420014473,282.4123466413315,215.9021925410179,202.60016172095519,223.0648245210517,368.36393040173675,233.29715592109991,137.11324076064645,153.48497100072365,286.5052792013508,183.15873206086354,83.90511748039559,194.4142966009166,102.32331400048243,91.06774946042935,259.90121756122534,231.25068964109028,274.2264815212929,182.1354989208587,290.59821176137007,246.59918674116264,212.83249312100344,295.7143774613942,188.27489776088765,188.27489776088765,219.99512510103722,151.43850472071398,238.41332162112406,322.31843910151963,174.97286694082496,175.99610008082976,233.29715592109991,218.97189196103238,231.25068964109028,238.41332162112406,249.6688861611771,237.39008848111922,138.13647390065128,222.04159138104686,235.34362220110958,219.99512510103722,187.25166462088285,146.32233902068987,210.7860268409938,280.36588036132184,293.66791118138457,260.92445070123017,161.67083612076223,130.9738419206175,285.48204606134595,221.01835824104202,112.55564540053066,259.90121756122534,95.16068202044866,114.60211168054032,232.2739227810951,238.41332162112406,251.71535244118675,195.43752974092143,233.29715592109991,178.04256636083943,218.97189196103238,283.4355797813363,259.90121756122534,223.0648245210517,197.48399602093107,121.76474366057408,309.0164082814569,259.90121756122534,160.6476029807574,197.48399602093107,238.41332162112406,209.76279370098896
B02009,99000000102,Synthetic Census Tract 99000000102,1.0,Total:,0.0,13.07961565145981,+/-14,8.40832434736702,0.0,0.0,0.0,0.0,0.0,0.0,0.0,0.0,0.0,0.0,0.0,0.0,0.0,0.0,0.0,0.0,0.0,0.0,0.0,0.0,0.0,0.0,0.0,0.0,0.0,0.0,0.0,0.0,0.0,0.0,0.0,0.0,0.0,0.0,0.0,0.0,0.0,0.0,0.0,0.0,0.0,0.0,0.0,0.0,0.0,0.0,0.0,0.0,0.0,0.0,0.0,0.0,0.0,0.0,0.0,0.0,0.0,0.0,0.0,0.0,0.0,0.0,0.0,0.0,0.0,0.0,0.0,0.0,0.0,0.0,0.0,0.0,0.0,0.0,0.0,0.0,0.0,0.0,0.0,0.0
B02009,99000000103,Synthetic Census Tract 99000000103,1.0,Total:,1027.1719840066112,494.3391796797103,+/-488,300.85806632146307,844.8337619936033,1063.6396284092127,1113.2761444016428,1233.8219689546868,1302.705297270712,939.0418433669907,1010.9641420498994,917.7690507988065,1081.8734506105136,1022.1070333951387,873.197485417849,729.3528880520316,943.0938038561686,1309.7962281267735,991.7173297263041,887.3793471299718,1277.3805442133498,998.8082605823655,1002.8602210715435,952.2107149568191,1073.7695296321576,1068.7045790206853,1185.1984430845514,979.5614482587703,980.5744383810647,1086.938401221986,1005.8991914384269,950.1847347122301,1047.431786452501,1048.4447765747955,828.6259200368914,1364.497694730676,924.8599816548679,832.6778805260694,1246.990840544515,845.8467521158977,844.8337619936033,994.7563000931876,1075.7955098767466,851.9246928496647,1130.496976480649,1011.9771321721939,1084.912420977397,952.2107149568191,948.1587544676411,720.2359769513812,979.5614482587703,1187.2244233291403,743.5347497641544,1363.4847046083814,1082.886440732808,1010.9641420498994,1242.9388800553372,865.0935644394931,749.6126904979214,1183.1724628399625,1068.7045790206853,1010.9641420498994,1153.7957492934222,994.7563000931876,1024.1330136397278,1074.782519754452,908.652139698156,1088.964381466575,980.5744383810647,1046.4187963302065,1131.5099666029435,1312.835198493657,958.288655690586,815.4570484470631,1179.1205023507844,1023.1200235174333,891.4313076191497,967.4055667912364,1159.8736900271892,1353.3548033854365,964.3665964243529,1058.5746777977404,914.7300804319229,1248.0038306668096
B02009,99000000104,Synthetic Census Tract 99000000104,1.0,Total:,7.10140271964739,17.24626374771509,+/-17,10.1448610280677,6.08691661684062,6.08691661684062,8.11588882245416,3.04345830842031,5.07243051403385,3.04345830842031,16.23177764490832,9.13037492526093,4.05794441122708,2.02897220561354,9.13037492526093,8.11588882245416,7.10140271964739,7.10140271964739,5.07243051403385,9.13037492526093,8.11588882245416,3.04345830842031,13.18831933648801,16.23177764490832,6.08691661684062,12.17383323368124,8.11588882245416,4.05794441122708,5.07243051403385,2.02897220561354,20.2897220561354,10.1448610280677,2.02897220561354,3.04345830842031,8.11588882245416,7.10140271964739,13.18831933648801,6.08691661684062,8.11588882245416,8.11588882245416,5.07243051403385,1.01448610280677,14.20280543929478,7.10140271964739,6.08691661684062,25.36215257016925,6.08691661684062,2.02897220561354,13.18831933648801,4.05794441122708,10.1448610280677,5.07243051403385,3.04345830842031,3.04345830842031,6.08691661684062,6.08691661684062,6.08691661684062,8.11588882245416,7.10140271964739,14.20280543929478,8.11588882245416,2.02897220561354,14.20280543929478,9.13037492526093,15.217291542101549,16.23177764490832,6.08691661684062,2.02897220561354,8.11588882245416,2.02897220561354,9.13037492526093,6.08691661684062,2.02897220561354,3.04345830842031,6.08691661684062,6.08691661684062,6.08691661684062,7.10140271964739,10.1448610280677,22.318694261748938,12.17383323368124,2.02897220561354,11.159347130874469,21.30420815894217
B02009,99000000105,Synthetic Census Tract 99000000105,1.0,Total:,145.99996349764808,133.0884020998969,+/-134,80.44895947829589,215.52375563938529,144.0135694364556,142.0271753752631,147.98635755884058,189.7006328438829,117.19724961035698,85.41494463127711,147.98635755884058,125.14282585512694,188.70743581328665,133.0884020998969,119.18364367154946,173.80948035434298,149.97275162003308,133.0884020998969,96.34011196783581,192.68022393567162,150.96594865062931,119.18364367154946,190.69382987447915,110.24487039618326,223.46933188415525,174.80267738493922,152.9523427118218,90.38092978425834,212.54416454759655,138.05438725287812,136.06799319168564,232.40810515952145,143.02037240585935,153.94553974241805,172.81628332374672,189.7006328438829,150.96594865062931,129.1156139775119,151.95914568122558,65.5510040193522,111.2380674267795,71.51018620292967,144.0135694364556,113.224461487972,182.74825362970918,146.99316052824435,112.23126445737574,109.25167336558701,235.3876962513102,165.863904109573,149.97275162003308,254.25843983263886,175.79587441553545,143.02037240585935,180.76185956851668,184.73464769090168,118.19044664095321,142.0271753752631,158.91152489539928,59.59182183577473,104.28568821260578,93.36052087604708,128.12241694691568,222.476134853559,104.28568821260578,123.15643179393444,152.9523427118218,199.63260314984535,77.46936838650716,140.0407813140706,152.9523427118218,140.0407813140706,169.83669223195798,173.80948035434298,119.18364367154946,128.12241694691568,142.0271753752631,195.65981502746038,105.27888524320203,163.87751004838051,200.6258001804416,130.10881100810818,149.97275162003308
B02009,99000000106,Synthetic Census Tract 99000000106,1.0,Total:,2178.817664217593,638.8787618452693,+/-636,388.75169942471575,2408.854199536094,2095.441976744075,2210.9625075808767,2553.505994670872,2345.5690391646285,2108.500819360409,2182.8357696380035,2257.1707199155976,1911.6136537602947,2104.4827139399986,1644.4096433029965,2277.26124701765,2261.188825336008,1943.7584971235788,2118.5460829114354,2077.3605023522277,2100.464608519588,2311.4151430911393,2465.107675421841,1776.0025958214403,2114.527977491025,1866.4099677806767,2234.066613748237,2394.7908305646574,2321.4604066421657,2456.0669382259175,2182.8357696380035,2065.306186090996,2538.4380993443324,2575.6055744831297,2049.2337644093545,2046.2201853440465,2066.310712446099,2388.7636724340414,2192.8810331890295,2223.0168238421084,2085.396713193049,2481.180097103483,2015.079868335865,2498.2570451402275,2163.7497688910535,2128.591346462462,2128.591346462462,2292.3291423441897,1976.9078668419654,2364.6550399115786,2229.043981972724,2329.4966174829865,1958.8263924501182,2032.1568163726097,2221.007771131903,2246.120930009469,2008.0481838501466,2450.0397800953015,2087.405765903254,2345.5690391646285,2101.469134874691,2140.645662723693,2413.876831311607,2294.338195054395,2042.202079923636,1734.8170152622329,2246.120930009469,2058.274501605278,1780.020701241851,2126.5822937522566,2446.021674674891,1963.8490242256312,2370.682198042194,2284.2929315033684,2338.53735467891,2309.406090380934,1934.7177599276552,2255.1616672053924,2240.093771878853,2367.668618976886,2312.419669446242,1978.9169195521706,2076.3559759971254,2120.5551356216406
B02009,99000000107,Synthetic Census Tract 99000000107,1.0,Total:,1593.916002493995,921.186593251153,+/-875,560.081448696701,2144.522389088684,1534.960060525921,1987.6574720664878,1664.4525759200833,1673.9276380220952,1846.5843252143113,1326.5086942816604,1673.9276380220952,1476.0041185578475,1186.4883321074851,1706.563963040136,1198.0689635654996,1679.1915614121017,1420.2065306237776,1506.5348742198855,2296.123382720874,1139.1130215974258,1382.30628221573,2052.9301221025694,1796.050660670248,1610.760557342016,2208.7422544467645,1506.5348742198855,1596.0215718499976,1823.4230622982823,1486.5319653378606,1640.238528326053,1445.4733628958093,1797.1034453482494,1342.30046445168,1258.0776902115747,1560.2268927979528,1637.080174292049,1769.731043720215,1782.364459856231,1418.100961267775,1267.5527523135866,1821.3174929422796,1796.050660670248,1358.0922346216998,1067.5236634933362,1724.4613025661583,1633.921820258045,1633.921820258045,1501.270950829879,1742.3586420921808,1754.9920582281966,1794.9978759922467,1207.5440256675115,2095.041509222622,1632.8690355800438,1763.4143356522072,1639.1857436480516,1306.5057853996352,1625.4995428340346,1181.2244087174784,2104.5165713246342,2125.5722648846604,1024.359491695282,1791.8395219582428,1278.0805990935996,1303.3474313656313,1408.625899165763,2036.0855672545483,1543.3823379499318,1631.8162509020424,1653.9247291400702,1753.9392735501954,1613.91891137602,1682.3499154461056,1843.4259711803072,1692.8777622261189,1652.8719444620688,1467.5818411338369,2049.7717680685655,1357.0394499436984,1734.9891493461716,1417.0481765897737,1408.625899165763,1016.989998949273
B02009,99000000108,Synthetic Census Tract 99000000108,1.0,Total:,240.58571012964785,252.2440485059744,+/-238,153.67809677884995,102.80534750033411,243.76525695955507,167.45613304178133,139.90006051591857,287.219063634954,116.58338376326547,322.1940787639337,257.54329322248645,201.37129922745854,256.483444279184,249.06450167606715,99.62580067042686,268.1417826555106,279.80012103183714,243.76525695955507,313.71528721751434,268.1417826555106,134.6008157994065,219.38873126359957,219.38873126359957,145.19930523243065,267.0819337122082,207.73039288727304,199.2516013408537,278.7402720885347,129.30157108289444,394.26380690849777,277.68042314523234,235.28646541313577,322.1940787639337,279.80012103183714,95.3864048972172,223.62812703680922,287.219063634954,202.43114817076096,287.219063634954,315.8349851041192,112.34398799005582,241.64555907295025,266.02208476890576,364.5880364960302,211.9697886604827,243.76525695955507,401.6827495116147,237.4061632997406,232.10691858322855,118.7030816498703,122.94247742307995,250.12435061936958,185.47356507792236,226.80767386671647,374.12667698575194,272.38117842872026,146.25915417573304,245.8849548461599,110.224290103451,153.67809677884995,310.5357403876071,240.58571012964785,281.919818918442,365.64788543933264,161.09703938196685,192.89250768103923,288.27891257825644,269.201631598813,345.51075551658676,127.18187319628962,105.98489433024135,201.37129922745854,215.14933549038992,214.08948654708752,310.5357403876071,242.70540801625268,117.64323270656789,291.45845940816366,108.10459221684617,153.67809677884995,308.4160425010023,214.08948654708752,234.22661646983337
B02009,99000000109,Synthetic Census Tract 99000000109,1.0,Total:,112.82266267200471,99.84306431150858,+/-100,60.90426923002024,116.81638524446505,137.78342874988186,129.79598360496118,82.86974337855213,71.88700630428619,88.86032723724264,144.77244325168746,126.80069167561591,117.81481588758014,133.78970617742152,142.7755819654573,81.87131273543704,146.76930453791763,92.85404980970299,81.87131273543704,151.76145775349306,62.90113051625041,110.82580138577454,133.78970617742152,121.80853846004048,115.81795460134997,123.80539974627065,151.76145775349306,107.83050945642928,96.84777238216333,84.8666046647823,186.70653026252106,170.7316399726797,68.89171437494093,92.85404980970299,129.79598360496118,89.85875788035773,115.81795460134997,70.8885756611711,75.88072887674653,126.80069167561591,100.84149495462367,135.7865674636517,150.76302711037798,114.81952395823488,130.79441424807627,136.78499810676678,64.89799180248059,91.8556191665879,154.75674968283832,88.86032723724264,118.81324653069522,84.8666046647823,72.88543694740127,108.82894009954437,60.90426923002024,143.77401260857238,150.76302711037798,158.75047225529866,144.77244325168746,149.7645964672629,148.7661658241478,79.87445144920687,159.74890289841375,127.799122318731,109.82737074265945,136.78499810676678,93.85248045281807,82.86974337855213,138.78185939299695,90.85718852347281,89.85875788035773,80.87288209232196,106.8320788133142,97.84620302527841,101.83992559773876,168.73477868644952,117.81481588758014,157.75204161218358,126.80069167561591,113.8210933151198,152.75988839660815,49.92153215575429,126.80069167561591,123.80539974627065
B02009,99000000110,Synthetic Census Tract 99000000110,1.0,Total:,350.8520287767558,289.6569074784844,+/-284,176.44593307668242,370.2304838545417,309.03536255627034,297.8162569849206,434.4853612177266,454.8837349838171,331.47357369896986,252.9398346995216,450.80406023059896,239.6808917515628,479.3617835031256,218.26259929716784,386.54918286741406,278.43780190713466,328.4138176340563,415.1069061399407,451.8239789189035,354.93170352997384,187.66503864803215,364.11097172471455,533.4174739832653,246.82032256969447,217.2426806088633,531.3776366066563,420.20649958146333,324.33414288083816,395.72845106215476,422.24633695807233,478.3418648148211,394.70853237385023,281.49755797204824,331.47357369896986,273.33820846561207,327.39389894575174,296.79633829661606,321.27438681592463,284.5573140369618,160.12723406381005,383.4894268025005,496.7004012043025,339.63292320540603,335.5532484521879,479.3617835031256,341.6727605820151,244.7804851930854,328.4138176340563,323.3142241925337,450.80406023059896,266.19877764748037,379.4097520492824,200.92398159599094,458.9634097370352,372.2703212311508,476.30202743821206,400.8280445036774,322.29430550422916,247.840241257999,338.6130045171015,471.2024339966894,336.57316714049244,155.02764062228744,487.5211330095618,428.3658490878995,243.7605665047809,329.4337363223608,381.4495894258915,245.80040388138994,353.9117848416693,225.40203011529948,290.67682616678894,365.1308904130191,380.42967073758695,413.06706876333163,398.78820712706835,332.4934923872744,336.57316714049244,407.96747532180905,484.46137694464824,344.7325166469286,213.16300585564522,349.83211008845126
B02009,99000000111,Synthetic Census Tract 99000000111,1.0,Total:,21.72494494276041,41.27739539124478,+/-38,24.983686684174472,52.13986786262498,7.603730729966143,54.31236235690102,42.3636426383828,23.89743943703645,32.58741741414062,8.689977977104164,6.517483482828123,39.104900896968736,19.552450448484368,20.63869769562239,21.72494494276041,35.84615915555467,21.72494494276041,19.552450448484368,21.72494494276041,8.689977977104164,19.552450448484368,22.811192189898428,7.603730729966143,30.414922919864573,9.776225224242184,44.53613713265884,46.70863162693488,19.552450448484368,22.811192189898428,9.776225224242184,7.603730729966143,33.673664661278636,30.414922919864573,19.552450448484368,23.89743943703645,43.44988988552082,16.29370870707031,19.552450448484368,24.983686684174472,8.689977977104164,22.811192189898428,22.811192189898428,6.517483482828123,38.01865364983072,9.776225224242184,58.65735134545311,40.191148144106755,17.379955954208327,24.983686684174472,6.517483482828123,8.689977977104164,35.84615915555467,24.983686684174472,17.379955954208327,21.72494494276041,43.44988988552082,19.552450448484368,21.72494494276041,28.242428425588532,7.603730729966143,28.242428425588532,23.89743943703645,7.603730729966143,31.50117016700259,9.776225224242184,42.3636426383828,35.84615915555467,28.242428425588532,29.328675672726554,7.603730729966143,8.689977977104164,28.242428425588532,17.379955954208327,23.89743943703645,35.84615915555467,32.58741741414062,20.63869769562239,27.15618117845051,23.89743943703645,9.776225224242184,20.63869769562239,29.328675672726554,9.776225224242184
B02009,99000000112,Synthetic Census Tract 99000000112,1.0,Total:,1398.8553305981402,808.4533779876965,+/-875,491.5396538165195,1882.0794639553576,1347.1143144069274,1744.4114030180242,1460.7597606840552,1469.0752811433572,1620.602542846194,1164.172864302283,1469.0752811433572,1295.3732982157148,1041.287950848153,1497.717629392064,1051.4513647428557,1473.6950147318582,1246.404122177603,1322.1677530290215,2015.12779130419,999.710348551643,1213.142040340395,1801.696099515438,1576.2531003965832,1413.6384780813437,1938.4402137350712,1322.1677530290215,1400.7032240335404,1600.275715056789,1304.6127653927172,1439.50898617695,1268.5788434024084,1577.1770471142834,1178.0320650677863,1104.1163276517684,1369.289035631733,1436.7371460238494,1553.1544324540776,1564.2417930664803,1244.5562287422026,1112.4318481110704,1598.4278216213886,1576.2531003965832,1191.8912658332897,936.8819717480278,1513.424723592968,1433.9653058707486,1433.9653058707486,1317.5480194405204,1529.1318177938717,1540.2191784062745,1575.329153678883,1059.7668852021577,1838.653968223447,1433.0413591530485,1547.6107521478762,1438.5850394592499,1146.6178766659787,1426.5737321291467,1036.668217259652,1846.969488682749,1865.4484230367536,899.0001563223186,1572.5573135257823,1121.6713152880727,1143.846036512878,1236.2407082829006,1786.9129520322344,1354.5058881485293,1432.1174124353481,1451.5202935070529,1539.2952316885742,1416.4103182344443,1476.466854884959,1617.8307026930934,1485.7063220619611,1450.5963467893528,1287.9817244741132,1798.9242593623374,1190.9673191155896,1522.6641907699702,1243.6322820245023,1236.2407082829006,892.532529298417
B02009,99000000113,Synthetic Census Tract 99000000113,1.0,Total:,103.42311987616249,118.19785128704284,+/-128,72.02681562804173,98.80601631026238,91.41865060482219,56.32866350398135,124.66179627930299,118.19785128704284,144.97705196926347,147.74731410880355,65.56287063578158,79.4141813334819,132.04916198474317,108.96364415524262,60.02234635670144,140.35994840336338,140.35994840336338,96.0357541707223,104.34654058934251,71.10339491486171,118.19785128704284,110.81048558160266,80.33760204666193,68.33313277532164,135.74284483746325,74.7970777675818,149.5941555351636,143.13021054290343,100.65285773662242,108.96364415524262,119.12127200022286,100.65285773662242,103.42311987616249,152.36441767470365,98.80601631026238,96.95917488390232,115.42758914750277,69.25655348850167,73.87365705440178,109.88706486842264,70.17997420168169,123.73837556612297,123.73837556612297,86.80154703892208,115.42758914750277,129.2788998452031,37.86024924038091,37.86024924038091,57.252084217161375,67.40971206214162,145.9004726824435,64.63944992260156,132.04916198474317,36.013407814020866,147.74731410880355,132.04916198474317,144.05363125608346,171.75625265148412,94.18891274436226,69.25655348850167,178.22019764374429,98.80601631026238,76.64391919394184,64.63944992260156,115.42758914750277,146.82389339562351,79.4141813334819,57.252084217161375,36.013407814020866,33.2431456744808,202.22913618642485,109.88706486842264,105.26996130252253,76.64391919394184,168.98599051194407,105.26996130252253,108.0402234420626,119.12127200022286,81.26102275984195,121.89153413976292,157.9049419537838,113.58074772114273,101.57627844980244
B02009,99000000114,Synthetic Census Tract 99000000114,1.0,Total:,537.6794961959421,133.0435613454123,+/-145,80.74367860962953,514.7409511363882,555.112790441203,508.3181585197131,511.98832572924175,532.1742453816491,525.751452764974,534.9268707887956,590.896920734107,499.1427404958916,531.256703579267,527.5865363697384,540.4321216030885,561.5355830578781,600.9898805603107,523.9163691602097,553.2777068364387,508.3181585197131,571.6285428840818,567.9583756745532,593.6495461412534,583.5565863150497,578.0513355007567,571.6285428840818,621.1758002127181,522.9988273578276,538.5970379983243,489.0497806696879,532.1742453816491,534.0093289864134,511.98832572924175,620.2582584103359,521.1637437530633,520.2462019506811,503.73044950780235,562.4531248602602,549.60753962691,499.1427404958916,596.4021715483999,475.2866536339556,555.112790441203,564.2882084650245,514.7409511363882,479.87436264586637,666.1353485294436,563.3706666626423,543.184747010235,542.2672052078528,514.7409511363882,542.2672052078528,497.3076568911273,571.6285428840818,499.1427404958916,511.98832572924175,578.0513355007567,482.62698805301284,572.5460846864639,512.9058675316239,494.5550314839808,534.9268707887956,544.1022888126171,560.6180412554959,575.2987100936103,574.3811682912282,550.5250814292922,466.11123561013403,503.73044950780235,515.6584929387703,605.5775895722214,438.58498153866947,577.1337936983747,589.0618371293426,631.2687600389218,522.0812855554454,547.7724560221458,558.7829576507315,516.5760347411525,550.5250814292922,600.0723387579285,522.0812855554454,532.1742453816491
B02009,99000000115,Synthetic Census Tract 99000000115,1.0,Total:,1191.466418844362,536.417781644215,+/-520,325.9769596145614,1295.6552572021806,874.7736131428736,1299.7815478302132,1304.9394111152537,1370.9600611637725,970.7098702446274,1267.8027954629617,1134.729922708916,1295.6552572021806,1228.603034496654,954.2047077324977,939.7626905343842,1442.1385744973318,1287.4026759461158,1271.9290860909941,1150.2035125640377,1259.550214206897,1215.1925899555483,1192.49799150137,1036.7305202931461,1221.382025897597,1104.8143156556812,1076.9618539164624,1250.266060293824,1293.5921118881645,999.5939046408544,1195.5927094723945,1583.4640285074422,1028.4779390370813,1009.9096312109355,1132.6667773949,1183.213837588297,962.4572889885626,1336.918163482505,1130.6036320808837,1091.4038711145758,1386.433651018894,1059.4251187473244,1054.2672554622839,1427.6965572992183,1255.4239235788646,1091.4038711145758,1080.0565718874866,936.66797256336,787.0899372971846,1346.202317395578,1042.9199562351948,916.0365194231978,1202.8137180714511,1225.5083165256294,1314.2235650283267,1106.8774609696973,1123.382623481827,1188.3717008733377,1373.0232064777886,1343.1075994245534,854.1421600027114,1243.0450516947674,1180.1191196172729,1135.7614953659242,1053.235682805276,1309.0657017432861,1367.865343192748,1116.1616148827702,1157.4245211630946,1576.2430199083853,1158.4560938201025,1024.351648409049,1116.1616148827702,1246.1397696657916,1351.3601806806184,1281.2132400040673,962.4572889885626,1016.099067152984,1354.4548986516427,1150.2035125640377,954.2047077324977,1294.6236845451726,1034.66737497913,902.6260748820924
B02009,99000000116,Synthetic Census Tract 99000000116,1.0,Total:,463.3329019344538,278.3932298247355,+/-283,169.20012554718906,526.2910881845706,586.2981094542132,500.71432502046065,425.95147884844687,452.51196367271496,373.81423086006885,619.7446458995878,329.5467561529554,452.51196367271496,334.4653644537458,442.67474707113416,533.1771398056771,466.284066914928,354.1397976569073,611.8748726183233,558.7539029697871,352.1723543365912,297.08394136773893,499.73060336030255,571.5422845518422,447.59335537192453,570.558562891684,576.4608928526325,492.84455173919605,431.85380880939533,409.2282106257596,429.8863654890792,480.0561701571411,399.39099402417884,383.65144746164964,404.3096023249692,541.0469130869418,545.9655213877321,373.81423086006885,383.65144746164964,623.6795325402202,318.7258178912166,351.1886326764331,455.4631286531892,423.00031386797264,468.25151023524415,512.5189849423575,542.0306347470998,491.86083007903795,471.2026752157184,623.6795325402202,424.96775718828883,536.1283047861514,489.8933867587218,297.08394136773893,366.92817923896234,500.71432502046065,448.5770770320826,365.94445757880425,486.9422217782476,599.0864910362683,337.41652943422,408.24448896560153,377.7491175007012,394.47238572338847,466.284066914928,564.6562329307355,357.09096263738155,550.8841296885225,437.7561387703438,517.437593243148,588.2655527745294,486.9422217782476,495.7957167196703,480.0561701571411,316.75837457090046,554.8190163291548,431.85380880939533,362.0095709381719,437.7561387703438,506.6166549814091,430.87008714923724,408.24448896560153,554.8190163291548,435.78869545002766
B02009,99000000117,Synthetic Census Tract 99000000117,1.0,Total:,8.43891426582695,20.042421381339008,+/-19,12.658371398740424,12.658371398740424,12.658371398740424,0.0,0.0,23.207014231024115,6.329185699370212,0.0,13.713235681968794,13.713235681968794,16.8778285316539,8.43891426582695,0.0,6.329185699370212,6.329185699370212,17.93269281488227,10.548642832283688,0.0,6.329185699370212,8.43891426582695,8.43891426582695,0.0,0.0,15.822964248425532,12.658371398740424,0.0,11.603507115512057,18.98755709811064,0.0,0.0,8.43891426582695,8.43891426582695,14.768099965197163,6.329185699370212,6.329185699370212,8.43891426582695,11.603507115512057,11.603507115512057,12.658371398740424,17.93269281488227,7.384049982598581,13.713235681968794,12.658371398740424,0.0,0.0,23.207014231024115,6.329185699370212,0.0,12.658371398740424,13.713235681968794,17.93269281488227,8.43891426582695,0.0,6.329185699370212,6.329185699370212,16.8778285316539,10.548642832283688,0.0,6.329185699370212,6.329185699370212,6.329185699370212,0.0,0.0,15.822964248425532,12.658371398740424,0.0,10.548642832283688,16.8778285316539,0.0,0.0,7.384049982598581,8.43891426582695,14.768099965197163,6.329185699370212,7.384049982598581,8.43891426582695,12.658371398740424,11.603507115512057,12.658371398740424,17.93269281488227,8.43891426582695
B02009,99000000118,Synthetic Census Tract 99000000118,1.0,Total:,29.993142197189837,29.993142197189837,+/-29,18.616433087910934,39.3013587411453,19.65067937057265,40.33560502380702,34.13012732783671,23.787664501219524,16.547940522587496,31.027388479851552,19.65067937057265,25.856157066542963,21.71917193589609,43.43834387179218,24.821910783881243,29.993142197189837,26.890403349204682,31.027388479851552,39.3013587411453,50.678067850424206,27.924649631866398,33.09588104517499,22.753418218557805,46.54108271977733,29.993142197189837,16.547940522587496,45.50683643711561,32.06163476251327,23.787664501219524,25.856157066542963,33.09588104517499,40.33560502380702,12.410955391940622,22.753418218557805,29.993142197189837,26.890403349204682,29.993142197189837,41.36985130646874,48.60957528510077,34.13012732783671,23.787664501219524,24.821910783881243,20.68492565323437,32.06163476251327,32.06163476251327,33.09588104517499,33.09588104517499,21.71917193589609,26.890403349204682,23.787664501219524,42.40409758913046,43.43834387179218,22.753418218557805,16.547940522587496,31.027388479851552,32.06163476251327,37.23286617582187,29.993142197189837,44.4725901544539,14.479447957264059,32.06163476251327,32.06163476251327,27.924649631866398,36.19861989316015,16.547940522587496,56.883545546394515,24.821910783881243,36.19861989316015,20.68492565323437,16.547940522587496,33.09588104517499,26.890403349204682,36.19861989316015,38.26711245848358,34.13012732783671,43.43834387179218,26.890403349204682,37.23286617582187,21.71917193589609,25.856157066542963,31.027388479851552,27.924649631866398,46.54108271977733
B02009,99000000119,Synthetic Census Tract 99000000119,1.0,Total:,177.8778695064792,122.77439906153727,+/-127,74.43802147825487,138.24203988818763,154.67640826650364,137.27531233652198,144.0424051981815,189.47860012646694,212.6800613664425,194.3122378847952,173.04423174815093,135.3418572331907,194.3122378847952,129.5414919231968,185.61168991980435,240.71516036474628,219.44715422810202,157.57659092150058,135.3418572331907,146.94258785317845,119.87421640654031,144.0424051981815,214.6135164697738,252.31589098473407,137.27531233652198,136.30858478485632,266.81680425971877,171.11077664481965,183.67823481647306,209.77987871144555,121.80767150987161,222.347336883099,204.94624095311733,148.87604295650974,171.11077664481965,222.347336883099,213.64678891810814,217.51369912477074,203.97951340145167,170.144049093154,126.64130926819985,199.14587564312342,212.6800613664425,169.17732154148834,183.67823481647306,113.10712354488078,144.0424051981815,203.97951340145167,234.9147950547524,172.0775041964853,179.81132460981047,143.07567764651586,236.8482501580837,111.1736684415495,164.34368378316012,219.44715422810202,209.77987871144555,140.17549499151892,164.34368378316012,201.07933074645473,165.31041133482577,175.94441440314787,145.00913274984717,166.2771388864914,144.0424051981815,129.5414919231968,197.21242053979213,218.4804266764364,186.57841747147,156.60986336983493,94.73930006323347,165.31041133482577,146.94258785317845,172.0775041964853,161.44350112816318,263.91662160472185,206.8796960564486,180.77805216147613,207.84642360811426,192.37878278146388,141.14222254318457,204.94624095311733,161.44350112816318
B02009,99000000120,Synthetic Census Tract 99000000120,1.0,Total:,268.8386540586045,144.67622346928917,+/-134,88.5332113767292,337.93774586483215,233.20943484601835,269.9183273680768,194.3411957050153,288.27277362910604,310.9459131280245,329.3003593890537,366.00925191111213,293.6711401764676,292.59146686699523,228.89074160812913,238.6078013933799,261.28094089229836,247.24518786915834,321.74264622274757,299.0695067238291,264.51996082071526,290.43212024805064,277.47604053438295,293.6711401764676,326.06133946063676,258.0419209638814,202.97858218079375,201.89890887132145,261.28094089229836,210.5362953470999,210.5362953470999,235.36878146496298,318.5036262943306,301.22885334277373,173.82740282504147,225.6517216797122,289.35244693857834,208.3769487281553,318.5036262943306,228.89074160812913,318.5036262943306,294.7508134859399,215.93466189446144,217.01433520393374,251.5638811070476,290.43212024805064,218.09400851340607,250.48420779757527,246.16551455968605,256.9622476544091,234.28910815549068,238.6078013933799,247.24518786915834,323.90199284169216,291.51179355752294,276.39636722491065,309.8662398185522,314.1849330564414,191.1021757765984,293.6711401764676,223.49237506076759,222.4127017512953,305.5475465806629,237.52812808390757,221.333028441823,254.80290103546452,233.20943484601835,250.48420779757527,345.4954590311383,309.8662398185522,260.20126758282606,316.344279675386,209.4566220376276,309.8662398185522,334.69872593641526,308.7865665090799,296.9101601048845,356.2921921258614,267.7589807491322,270.9980006775491,252.6435544165199,276.39636722491065,297.9898334143568,343.3361124121937
B02009,99000000121,Synthetic Census Tract 99000000121,1.0,Total:,254.7065559182196,168.4010287062609,+/-160,102.09312365317068,262.0741009241185,188.39865086512938,297.85931952419895,231.55141447110873,297.85931952419895,369.42975672435983,223.1313630357957,259.9690880652903,176.82108014157396,279.96671022415876,250.4965302005631,221.02635017696744,271.5466587888457,282.07172308298703,297.85931952419895,248.39151734173484,246.28650448290657,323.11947383013813,207.34376659458374,296.80681309478484,276.8091909359164,269.44164593001744,245.23399805349243,287.3342552300577,178.9260930004022,194.71368944161418,282.07172308298703,286.2817488006435,330.487018836037,269.44164593001744,270.49415235943155,299.9643323830272,149.45591297680656,327.3294995477946,194.71368944161418,232.60392090052287,268.38913950060333,194.71368944161418,322.06696740072397,254.7065559182196,318.9094481124816,174.71606728274568,250.4965302005631,248.39151734173484,297.85931952419895,395.7424174597131,293.64929380654246,210.50128588282612,203.13374087692722,342.06458955959243,169.45353513567503,193.66118301220004,299.9643323830272,228.39389518286634,306.279370959512,229.44640161228048,293.64929380654246,334.69704455369356,226.2888823240381,236.8139466181794,250.4965302005631,297.85931952419895,259.9690880652903,313.6469159654109,225.23637589462396,188.39865086512938,270.49415235943155,335.74955098310767,288.3867616594718,224.18386946520982,291.5442809477142,292.5967873771283,189.45115729454352,316.8044352536533,181.03110585923048,218.92133731813917,267.33663307118917,184.18862514747286,305.2268645300979,263.1266073535327
B02009,99000000122,Synthetic Census Tract 99000000122,1.0,Total:,56.29231230274008,63.92516820819636,+/-67,39.11838651546344,55.33820531455804,88.73194990092928,43.88892145637362,56.29231230274008,43.88892145637362,20.990353740004775,35.3019585627353,41.98070748000955,51.521777361829905,67.7415961609245,35.3019585627353,57.24641929092211,78.23677303092688,89.68605688911131,76.32855905456282,44.84302844455566,71.55802411365264,82.05320098365503,60.10874025546822,58.200526279104146,59.15463326728619,56.29231230274008,57.24641929092211,87.77784291274725,109.72230364093404,69.64981013728857,53.42999133819397,47.70534940910176,60.10874025546822,55.33820531455804,64.87927519637839,52.47588435001194,27.66910265727902,73.46623809001672,75.37445206638078,60.10874025546822,66.78748917274247,26.714995669096986,24.806781692732915,47.70534940910176,71.55802411365264,62.97106122001432,34.34785157455327,98.27301978274963,60.10874025546822,41.026600491827516,65.83338218456043,16.219818799094597,71.55802411365264,53.42999133819397,58.200526279104146,54.384098326376005,52.47588435001194,62.01695423183229,41.026600491827516,54.384098326376005,104.95176870002388,59.15463326728619,42.93481446819158,34.34785157455327,42.93481446819158,66.78748917274247,72.51213110183468,56.29231230274008,83.00730797183706,50.567670373647864,39.11838651546344,76.32855905456282,17.173925787276634,83.00730797183706,37.210172539099375,63.92516820819636,43.88892145637362,89.68605688911131,85.86962893638317,59.15463326728619,39.11838651546344,68.69570314910654,58.200526279104146,41.026600491827516
B02009,99000000123,Synthetic Census Tract 99000000123,1.0,Total:,0.0,13.619737649761753,+/-14,8.755545631989698,0.0,0.0,0.0,0.0,0.0,0.0,0.0,0.0,0.0,0.0,0.0,0.0,0.0,0.0,0.0,0.0,0.0,0.0,0.0,0.0,0.0,0.0,0.0,0.0,0.0,0.0,0.0,0.0,0.0,0.0,0.0,0.0,0.0,0.0,0.0,0.0,0.0,0.0,0.0,0.0,0.0,0.0,0.0,0.0,0.0,0.0,0.0,0.0,0.0,0.0,0.0,0.0,0.0,0.0,0.0,0.0,0.0,0.0,0.0,0.0,0.0,0.0,0.0,0.0,0.0,0.0,0.0,0.0,0.0,0.0,0.0,0.0,0.0,0.0,0.0,0.0,0.0,0.0,0.0,0.0
B02009,99000000124,Synthetic Census Tract 99000000124,1.0,Total:,108.80634355261634,96.28879960408526,+/-100,58.73616775849201,112.65789553677976,132.87854345363766,125.17543948531085,79.91970367139076,69.32793571494139,85.69703164763588,139.61875942592363,122.28677549718829,113.62078353282061,129.02699146947424,137.69298343384193,78.95681567534992,141.54453541800532,89.54858363179929,78.95681567534992,146.3589753982096,60.66194375057371,106.88056756053464,129.02699146947424,117.47233551698402,111.6950075407389,119.39811150906573,146.3589753982096,103.99190357241208,93.40013561596271,81.84547966347247,180.06005525963943,164.6538473229858,66.43927172681883,89.54858363179929,125.17543948531085,86.65991964367673,111.6950075407389,68.36504771890054,73.1794876991048,122.28677549718829,97.25168760012612,130.95276746155596,145.39608740216875,110.73211954469805,126.1383274813517,131.9156554575968,62.58771974265542,88.58569563575844,149.24763938633217,85.69703164763588,114.58367152886146,81.84547966347247,70.29082371098224,104.95479156845293,58.73616775849201,138.65587142988278,145.39608740216875,153.09919137049556,139.61875942592363,144.4331994061279,143.47031141008705,77.0310396832682,154.0620793665364,123.24966349322914,105.9176795644938,131.9156554575968,90.51147162784015,79.91970367139076,133.8414314496785,87.62280763971759,86.65991964367673,77.99392767930907,103.02901557637124,94.36302361200356,98.21457559616697,162.7280713309041,113.62078353282061,152.1363033744547,122.28677549718829,109.7692315486572,147.32186339425044,48.14439980204263,122.28677549718829,119.39811150906573
B02009,99000000125,Synthetic Census Tract 99000000125,1.0,Total:,187.23598827472497,136.933782469575,+/-147,82.90548734552499,144.38596110737498,160.2218407127,152.7696620749,214.25013583675,158.35879605325,258.96320766355,205.86643486922497,172.331630999125,204.93491253949998,169.53706400995,225.42840379344997,129.481603831775,126.6870368426,195.61968924225,190.962077593625,155.564229064075,221.70231447454998,206.79795719894997,124.82399218315,217.97622515564998,205.86643486922497,228.22297078262497,264.5523416419,173.26315332885,231.0175377718,162.08488537214998,204.00339020977498,173.26315332885,180.71533196664998,199.34577856114998,146.24900576682498,230.086015442075,244.05885038794997,227.29144845289997,161.15336304242498,209.592524188125,162.08488537214998,151.838139745175,254.305596014925,179.78380963692499,193.7566445828,111.78267956699999,116.440291215625,274.799087268875,147.18052809654998,223.56535913399998,142.52291644792498,189.099032934175,282.251265906675,200.27730089087498,242.19580572849998,125.755514512875,97.809844621125,185.37294361527498,216.1131804962,163.94793003159998,235.675149420425,204.93491253949998,102.46745626974999,230.086015442075,175.1261979883,217.97622515564998,245.92189504739997,118.30333587507499,219.83926981509998,158.35879605325,174.194675658575,236.60667175014999,156.4957513938,206.79795719894997,148.11205042627498,227.29144845289997,192.825122253075,204.00339020977498,223.56535913399998,185.37294361527498,175.1261979883,204.00339020977498,227.29144845289997,162.08488537214998
B02009,99000000126,Synthetic Census Tract 99000000126,1.0,Total:,455.4827705091348,405.28671008567915,+/-436,246.33251874473618,555.8748913560462,458.2714405326601,309.54237261131,428.5256269483901,312.3310426348353,680.4354857401769,519.622181050217,432.2438536464239,670.2103623205841,346.72463959164753,224.95271523104208,494.5241508384892,470.3556773012698,386.6955765955104,325.3448360779534,435.03252366994917,361.5975463837825,281.6556723760568,552.1566646580123,392.272916642561,548.4384379599786,455.4827705091348,804.9960801243076,318.8379393563944,484.2990274188964,467.5670072777445,438.7507503679829,431.3142969719154,395.99114334059476,676.7172590421432,371.82266980337533,445.257647089542,486.15814076791327,282.58522905056526,501.96060423455674,586.5502616148246,593.0571583363837,177.54532483111174,550.2975513089955,524.2699644227592,539.1428712148943,524.2699644227592,765.0251431204448,476.8625740228289,343.9359695681222,361.5975463837825,563.3113447521137,225.88227190555054,343.9359695681222,523.3404077482508,481.5103573953711,377.400009850426,406.2162667601876,412.7231634817466,499.1719342110314,375.5408965014091,659.0556822264828,355.0906496622235,424.80740025035635,473.14434732479515,527.0586344462846,561.4522314030968,545.6497679364534,369.96355645435847,435.9620803444576,457.3418838581517,554.0157780070293,329.9926194504956,555.8748913560462,407.145823434696,217.51626183497459,369.03399977985003,368.1044431053416,255.62808548982056,528.9177477953015,346.72463959164753,329.0630627759872,386.6955765955104,641.3941054108225,343.00641289361374
B02009,99000000127,Synthetic Census Tract 99000000127,1.0,Total:,59.79740209713319,68.49520603853438,+/-63,41.314568721655654,43.48901970700595,30.442313794904166,79.36746096528586,64.14630406783378,45.66347069235625,58.710176604458034,29.355088302229017,51.099598155732,33.703990272929616,69.58243153120952,29.355088302229017,67.40798054585923,44.5762451996811,20.657284360827827,64.14630406783378,63.05907857515863,36.96566675095506,47.83792167770655,68.49520603853438,81.54191195063616,81.54191195063616,43.48901970700595,96.76306884808824,85.89081392133676,82.62913744331131,89.1524903993622,46.7506961850314,57.62295111178288,78.28023547261071,83.71636293598645,59.79740209713319,86.9780394140119,75.01855899458526,35.878441258279906,102.199196311464,55.44850012643259,59.79740209713319,63.05907857515863,57.62295111178288,60.88462758980833,82.62913744331131,76.10578448726042,82.62913744331131,64.14630406783378,51.099598155732,58.710176604458034,80.454686457961,40.2273432289805,66.32075505318407,58.710176604458034,79.36746096528586,97.85029434076338,103.28642180413914,75.01855899458526,60.88462758980833,63.05907857515863,76.10578448726042,111.98422574554033,57.62295111178288,34.79121576560476,81.54191195063616,47.83792167770655,35.878441258279906,38.05289224363021,36.96566675095506,32.616764780254464,53.27404914108229,25.006186331528422,80.454686457961,52.18682364840714,55.44850012643259,77.19300997993557,76.10578448726042,45.66347069235625,40.2273432289805,20.657284360827827,53.27404914108229,60.88462758980833,22.831735346178125,51.099598155732
B02009,99000000128,Synthetic Census Tract 99000000128,1.0,Total:,890.7978883106551,404.9081310502978,+/-410,245.90762105249794,868.083529739541,747.5986712318913,1087.3264689911655,679.4555955185485,795.9901307964391,1140.655832592912,782.1639994922826,649.828171295356,959.9285448314378,922.4004741487272,935.2390246454439,929.3135398008054,948.0775751421608,866.1083681246614,686.3686611706268,778.2136762625236,976.7174185579134,934.2514438380042,980.6677417876725,934.2514438380042,875.9841761990589,1033.997105389419,1030.04678215966,794.0149691815596,889.8103075032154,1036.9598478117382,895.7357923478539,788.0894843369211,850.3070752056254,1016.2206508555035,973.7546761355942,793.0273883741198,710.0706005491808,1022.146135700142,986.593226632311,875.9841761990589,766.3627065732466,891.785469118095,836.4809439014689,1055.7238831530935,818.7044893675534,1113.9911507920388,872.0338529692999,835.4933630940292,727.8470550830963,802.9031964485174,911.5370852668899,932.2762822231247,1011.2827468183048,856.2325600502639,1109.05324675484,842.4064287461074,1072.5127568795692,793.0273883741198,800.9280348336379,994.493873091829,721.9215702384578,1034.9846861968588,682.4183379408678,936.2266054528837,717.9712470086988,706.1202773194218,1006.344842781106,857.2201408577037,724.884312660777,1144.606155822671,951.04031756448,890.7978883106551,967.8291912909557,713.0333429715,1041.897751848937,976.7174185579134,976.7174185579134,889.8103075032154,725.8718934682167,938.2017670677632,684.3934995557472,975.7298377504737,845.3691711684266,995.4814538992688
B02009,99000000129,Synthetic Census Tract 99000000129,1.0,Total:,334.01907587797484,195.3327929110964,+/-200,119.1530036757688,346.7157074171961,395.5489056449702,371.13230653108315,332.0657479488639,258.81595060720275,233.4226875287602,384.80560203485993,369.1789786019722,227.5627037414273,384.80560203485993,408.24553718419145,368.2023146374167,284.20921368564524,283.23254972108975,406.2922092550805,329.1357560551974,297.882509189422,316.4391245159762,295.92918126031105,449.2654236955217,393.59557771585924,307.6491488349768,219.74939202498345,334.9957398425303,447.3120957664108,455.1254074828546,238.3060073515376,274.44257404009045,334.9957398425303,267.60592628820206,293.9758533312001,355.50568309819545,354.52901913363996,402.3855533968586,288.1158695438672,391.64224978674827,409.22220114874693,301.78916504764396,326.20576416153096,270.5359181818685,409.22220114874693,375.0389623893051,257.83928664264727,326.20576416153096,434.6154642271895,391.64224978674827,333.04241191341936,339.87905966530775,424.8488245816347,268.58259025275754,335.9724038070858,325.2291001969755,224.63271184776085,382.85227410574896,375.0389623893051,372.10897049563863,375.0389623893051,257.83928664264727,320.3457803741981,359.4123389564174,292.9991893666446,342.8090515589742,359.4123389564174,414.10552097152436,291.04586143753363,255.88595871353627,300.8125010830885,326.20576416153096,220.72605598953893,344.7623794880851,332.0657479488639,301.78916504764396,374.0622984247496,391.64224978674827,350.622363275418,338.90239570075227,363.3189948146393,343.7857155235297,237.32934338698212,222.6793839186499
B02009,99000000130,Synthetic Census Tract 99000000130,1.0,Total:,14.64311998429666,21.96467997644499,+/-21,13.597182842561184,14.64311998429666,15.689057126032136,5.229685708677378,29.28623996859332,14.64311998429666,10.459371417354756,24.05655425991594,15.689057126032136,17.780931409503086,19.872805692974037,13.597182842561184,13.597182842561184,15.689057126032136,25.102491401651417,5.229685708677378,4.183748566941903,4.183748566941903,6.275622850412854,21.96467997644499,23.010617118180466,27.194365685122367,5.229685708677378,12.551245700825708,15.689057126032136,5.229685708677378,5.229685708677378,8.367497133883806,21.96467997644499,21.96467997644499,11.505308559090233,5.229685708677378,21.96467997644499,6.275622850412854,16.73499426776761,12.551245700825708,12.551245700825708,15.689057126032136,15.689057126032136,13.597182842561184,16.73499426776761,17.780931409503086,17.780931409503086,26.148428543386892,6.275622850412854,13.597182842561184,16.73499426776761,5.229685708677378,20.918742834709512,15.689057126032136,5.229685708677378,13.597182842561184,16.73499426776761,13.597182842561184,5.229685708677378,20.918742834709512,21.96467997644499,18.82686855123856,23.010617118180466,5.229685708677378,6.275622850412854,5.229685708677378,18.82686855123856,14.64311998429666,15.689057126032136,19.872805692974037,20.918742834709512,10.459371417354756,5.229685708677378,5.229685708677378,13.597182842561184,28.240302826857842,6.275622850412854,24.05655425991594,15.689057126032136,14.64311998429666,11.505308559090233,12.551245700825708,11.505308559090233,11.505308559090233,12.551245700825708
B02009,99000000131,Synthetic Census Tract 99000000131,1.0,Total:,495.19332039478417,440.62099529005286,+/-436,267.8086324584037,604.3379706042468,498.2251162339359,336.52933814584316,465.8859606163174,339.56113398499485,739.7581847530246,564.9246246952742,469.9283550685197,728.6416000094681,376.95328266786635,244.56486435824036,537.6384621429086,511.3628982035935,420.40902302904124,353.70951456770297,472.96015090767145,393.1228604766756,306.2113797543257,600.2955761520445,426.47261470734475,596.2531816998422,495.19332039478417,875.1783989018022,346.6353242763489,526.5218773993522,508.33110236444173,477.00254535987375,468.9177564554691,430.51500915954705,735.7157903008222,404.23944522023197,484.0767356512278,528.5430746254533,307.2219783673763,545.7232510473132,637.6877248349159,644.76191512627,193.02433509266078,598.2743789259433,569.9776177605271,586.1471955693364,569.9776177605271,831.7226585406273,518.4370884949475,373.9214868287146,393.1228604766756,612.4227595086514,245.57546297129093,373.9214868287146,568.9670191474765,523.4900815602005,410.3030368985355,441.63159390310346,448.7057841944575,542.6914552081614,408.28183967243433,716.5144166528612,386.04867018532155,461.84356616411503,514.3946940427452,573.0094135996789,610.4015622825503,593.2213858606905,402.2182479941308,473.970749520722,497.2145176208853,602.3167733781456,358.7625076329559,604.3379706042468,442.642192516154,236.48007545383572,401.2076493810803,400.19705076802967,277.9146185889095,575.03061082578,376.95328266786635,357.7519090199053,420.40902302904124,697.3130430049001,372.910888215664
B02009,99000000132,Synthetic Census Tract 99000000132,1.0,Total:,121.76953570518157,139.16518366306465,+/-128,84.80378379468003,116.33339571834311,107.63557173940157,66.32090783942925,146.7757796446385,139.16518366306465,170.69479558672774,173.95647957883082,77.19318781310618,93.50160777362156,155.47360362358003,128.2929036893877,70.66981982890002,165.25865559988927,165.25865559988927,113.07171172624003,122.85676370254926,83.71655579731232,139.16518366306465,130.46735968412312,94.58883577098926,80.45487180520925,159.82251561305083,88.0654677867831,176.1309355735662,168.52033959199235,118.5078517130785,128.2929036893877,140.25241166043236,118.5078517130785,121.76953570518157,179.3926195656693,116.33339571834311,114.15893972360772,135.90349967096157,81.54209980257694,86.97823978941541,129.38013168675542,82.62932779994463,145.6885516472708,145.6885516472708,102.1994317525631,135.90349967096157,152.21191963147697,44.5763478920754,44.5763478920754,67.40813583679694,79.36764380784156,171.78202358409544,76.10595981573849,155.47360362358003,42.401891897340015,173.95647957883082,155.47360362358003,169.60756758936006,202.22440751039082,110.89725573150464,81.54209980257694,209.83500349196467,116.33339571834311,90.23992378151848,76.10595981573849,135.90349967096157,172.86925158146312,93.50160777362156,67.40813583679694,42.401891897340015,39.140207905236934,238.10293142352467,129.38013168675542,123.94399169991695,90.23992378151848,198.96272351828776,123.94399169991695,127.20567569202004,140.25241166043236,95.67606376835695,143.51409565253542,185.91598754987544,133.72904367622618,119.59507971044619
B02009,99000000133,Synthetic Census Tract 99000000133,1.0,Total:,90.82118569524155,86.59694450011405,+/-82,52.80301493909393,103.4939092806241,86.59694450011405,79.2045224086409,103.4939092806241,51.74695464031205,74.98028121351338,139.39995943920798,98.2136077867147,141.51208003677172,148.90450212824487,51.74695464031205,81.31664300620464,74.98028121351338,97.15754748793283,79.2045224086409,93.9893665915872,116.16663286600664,97.15754748793283,123.55905495747979,74.98028121351338,149.96056242702676,60.19543703056708,96.10148718915094,79.2045224086409,110.88633137209725,100.32572838427846,154.18480362215428,107.71815047575161,112.998451969661,77.09240181107714,100.32572838427846,125.67117555504355,44.3545325488389,99.26966808549659,129.89541675017105,47.522713445184536,58.08331643300332,53.85907523787581,80.26058270742277,58.08331643300332,91.87724599402344,88.7090650976778,111.94239167087913,52.80301493909393,118.2787534635704,109.83027107331537,74.98028121351338,90.82118569524155,86.59694450011405,50.69089434153017,106.66209017696974,105.60602987818785,120.39087406113416,106.66209017696974,101.38178868306034,86.59694450011405,118.2787534635704,100.32572838427846,61.25149732934896,81.31664300620464,79.2045224086409,118.2787534635704,88.7090650976778,105.60602987818785,82.37270330498653,82.37270330498653,52.80301493909393,76.03634151229525,90.82118569524155,87.65300479889592,114.05451226844289,73.9242209147315,137.2878388416442,68.6439194208221,88.7090650976778,142.5681403355536,109.83027107331537,136.23177854286234,72.86816061594962,102.43784898184222
B02009,99000000134,Synthetic Census Tract 99000000134,1.0,Total:,216.10463908300505,214.11289125735524,+/-215,129.46360866723805,193.19953908803217,229.05099994972886,227.05925212407905,252.95197385752667,239.00973907797794,194.1954130008571,220.0881347343047,212.12114343170543,148.38521301091131,82.65753476446737,262.9107129857757,277.84882167814936,287.80756080639844,166.31094344175966,161.33157387763512,212.12114343170543,79.66991302599266,290.79518254487317,246.9767303805772,199.17478256498163,83.65340867729228,81.66166085164247,203.15827821628125,230.04687386255378,241.99736081645267,235.02624342667832,219.09226082147978,291.79105645769806,278.84469559097425,252.95197385752667,281.832317329449,134.4429782313626,259.92309124730104,241.99736081645267,159.3398260519853,243.98910864210248,198.1789086521567,244.9849825549274,142.40996953396186,204.15415212910617,101.57913910814062,91.62039997989154,231.04274777537867,234.0303695138534,214.11289125735524,219.09226082147978,174.27793474435893,336.60538253481894,288.80343471922333,187.22429561108274,222.0798825599545,138.42647388266224,255.9395955960014,257.9313434216512,169.2985651802344,239.00973907797794,233.0344956010285,307.7250390628966,148.38521301091131,350.54761731436764,260.91896516012594,186.22842169825782,210.12939560605562,211.12526951888051,215.10876517018016,205.15002604193108,198.1789086521567,209.1335216932307,145.39759127243659,95.60389563119118,267.8900825499003,285.8158129807486,250.96022603187686,116.51724780051426,165.31506952893474,273.86532602684974,97.59564345684099,273.86532602684974,328.6383912322197,373.4527173093405
B02009,99000000135,Synthetic Census Tract 99000000135,1.0,Total:,2450.858271371463,663.1848883933924,+/-680,402.78729250951625,2529.855294841853,2312.369662324608,2414.7732112677054,2648.8384659947847,2635.1846594690387,2451.8335432661593,2257.7544362216227,2173.8810532777525,2539.6080137888143,2482.0669720017404,2483.042243896437,2575.6930738925726,2545.4596451569914,2149.4992559103484,2244.1006296958763,2204.1144820133336,2531.805838631245,2507.424041263841,2485.9680595805253,2688.8246136773278,2589.346880418319,2161.202518646702,2126.09273043764,2248.9769891693572,2164.128334330791,2415.7484831624015,2631.283571890254,2414.7732112677054,2196.3123068557643,2435.2539210563245,2515.2262164214103,2288.9631368519,2687.8493417826317,2638.110475153127,2838.0412135658407,2598.1243274705844,2409.8968517942244,2677.1213509409736,2576.6683457872687,2323.0976531662654,2389.416142005605,2660.541728731139,2684.923526098543,2298.7158557988614,2550.336004630472,2131.944361805817,2185.584316014106,2631.283571890254,2392.3419576896936,2471.3389811600828,2523.0283915789796,2563.0145392615223,2532.781110525941,2557.162907893345,2384.5397825321243,2481.0917001070443,2618.6050372592035,2384.5397825321243,2433.3033772669323,2754.1678306219706,2252.8780767481417,2576.6683457872687,2239.2242702223953,1893.978019499953,2071.477504334655,2163.1530624360944,2645.9126503106963,2403.069948531351,2150.4745278050445,2559.113451682738,2291.888952535988,2115.3647395959824,2714.181682939428,2819.511047566614,2654.6900973629618,2736.6129365174397,2290.913680641292,2444.03136810859,2679.071894730366,2135.845449384602
B02009,99000000136,Synthetic Census Tract 99000000136,1.0,Total:,1028.194751518818,551.9551334193869,+/-503,335.7818505493686,1098.4236352938494,1085.255719586031,1020.513467355924,897.6129207496192,1000.7615937941965,780.1990056882387,1119.272835164562,1316.7915707818374,870.1797630249977,972.23110976059,897.6129207496192,1101.7156142208041,1019.4161410469392,1076.4771091141522,820.8000791206787,1269.6065394954883,1088.5476985129858,599.1401647057361,1320.0835497087921,914.0728153843922,1065.5038460243036,906.3915312214982,1086.353045895016,1283.8717815122916,1047.9466250805458,1270.7038658044733,1056.7252355524247,1086.353045895016,1325.5701812537166,1181.8204347766991,790.0749424691026,1034.7787093727272,1038.070688299682,1051.2386040075003,926.1434047832257,672.661027407722,893.2236155136798,1265.2172342595488,778.004353070269,1219.1295292821846,1320.0835497087921,997.469614867242,867.985110407028,971.1337834516052,831.7733422105274,854.8171946992095,1052.3359303164852,1252.0493185517305,942.6032994179986,1073.1851301871975,956.868541434802,1137.9273824173047,959.0631940527717,918.4621206203317,1002.9562464121663,1241.0760554618819,863.5958051710885,776.9070267612841,1314.5969181638677,950.2845835808928,1309.1102866189435,916.267468002362,1016.1241621199846,948.0899309629231,939.3113204910441,1112.6888773106527,974.4257623785597,1072.0878038782128,1103.9102668387739,1340.9327495795046,840.5519526824063,877.8610471878917,982.1070465414538,1223.518834518124,1019.4161410469392,786.782963542148,984.3016991594236,1320.0835497087921,1016.1241621199846,1211.4482451192905
B02009,99000000137,Synthetic Census Tract 99000000137,1.0,Total:,339.1544153402368,297.4123334522077,+/-285,180.53450416572608,344.37217557624047,452.90158848511624,460.20645281552135,294.2816773106055,234.79921062016396,449.77093234351406,286.9768129802004,313.0656141602186,414.2901627386893,305.7607498298135,395.5062258890762,472.7290773819301,350.6334878594448,373.59163289786085,200.3619930625399,227.49434628975885,289.0639170746019,221.23303400655448,315.1527182546201,475.85973352353227,394.46267384187547,351.6770399066456,282.80260479139747,488.382358089941,262.9751158945836,378.8093931338645,317.23982234902155,428.8998913994995,259.84445975298144,241.06052290336834,277.58484455539383,181.57805621292678,397.59332998347764,397.59332998347764,279.6719486497953,186.79581644893042,453.945140532317,378.8093931338645,400.7239861250798,151.31504684410567,370.4609767562587,293.23812526340475,293.23812526340475,348.5463837650434,487.3388060427403,199.31844101533918,420.5514750218937,208.71040944014572,303.67364573541204,258.80090770578073,324.5446866794266,408.0288504554849,363.15611242585356,182.62160826012752,495.68722242034613,302.63009368821133,324.5446866794266,370.4609767562587,433.07409958830243,406.98529840828417,298.4558854994084,368.3738726618572,297.4123334522077,248.36538723377342,405.94174636108346,330.805998962631,314.1091662074193,269.236428177788,366.2867685674558,521.7760236003644,380.89649722826596,350.6334878594448,166.9683275521166,354.80769604824775,426.812787305098,469.5984212403279,337.06731124583536,473.7726294291308,326.6317907738281,553.0825850163862
B02009,99000000138,Synthetic Census Tract 99000000138,1.0,Total:,125.37747718008836,134.09938863609452,+/-123,81.76791990005763,109.02389320007684,128.64819397609068,63.23385805604457,187.52109630413216,147.18225582010373,133.00914970409374,125.37747718008836,81.76791990005763,69.77529164804918,150.45297261610602,117.74580465608298,168.9870344601191,131.91891077209297,191.88205203213522,104.66293747207376,116.65556572408222,121.01652145208529,68.6850527160484,135.1896275680953,151.5432115481068,167.89679552811833,79.58744203605609,110.1141321320776,150.45297261610602,139.55058329609835,67.59481378404764,63.23385805604457,137.3701054320968,142.82130009210067,170.07727339211988,78.49720310405533,183.1601405761291,80.67768096805686,127.5579550440899,187.52109630413216,145.0017779561022,173.34799018812217,106.8434153360753,55.60218553203919,133.00914970409374,142.82130009210067,66.50457485204687,187.52109630413216,64.32409698804534,66.50457485204687,171.16751232412062,145.0017779561022,214.77706960415136,190.79181310013448,90.48983135606377,137.3701054320968,100.30198174407069,128.64819397609068,73.04600844405148,131.91891077209297,162.4456008681145,127.5579550440899,182.06990164412832,97.03126494806838,91.58007028806455,73.04600844405148,146.09201688810296,122.10676038408606,136.27986650009603,145.0017779561022,156.99440620811066,162.4456008681145,110.1141321320776,90.48983135606377,100.30198174407069,178.799184848126,77.40696417205456,156.99440620811066,101.39222067607146,59.96314126004226,100.30198174407069,73.04600844405148,160.26512300411295,219.13802533215446,109.02389320007684
B02009,99000000139,Synthetic Census Tract 99000000139,1.0,Total:,189.3576216658987,94.21696297522764,+/-102,57.26913435749132,161.64675020259645,203.21305739754985,167.1889244952569,179.19696879602122,169.96001164158713,236.46610315351253,158.87566305626623,192.12870881222892,214.29740598287074,214.29740598287074,196.74718738944597,206.90784025932348,183.81544737323827,214.29740598287074,188.4339259504553,210.6026231210971,166.2652287798135,136.70696588562444,150.56240161727555,165.34153306437008,187.5102302350119,192.12870881222892,158.87566305626623,205.06044882843665,158.87566305626623,230.92392886085207,176.42588164969098,210.6026231210971,236.46610315351253,218.9158845600878,201.36566596666302,158.87566305626623,195.82349167400255,181.96805594235144,186.5865345195685,215.22110169831413,156.10457590993602,192.12870881222892,215.22110169831413,142.24914017828488,179.19696879602122,160.72305448715306,121.0041387230865,169.03631592614371,205.06044882843665,162.57044591803987,222.61066742186142,186.5865345195685,225.38175456819164,205.98414454388006,208.75523169021028,208.75523169021028,174.57849021880418,168.11262021070033,242.008277446173,180.12066451146464,170.88370735703054,190.28131738134212,183.81544737323827,163.49414163348328,225.38175456819164,205.98414454388006,157.0282716253794,249.39784316972026,151.48609733271897,212.4500145519839,191.20501309678554,266.0243660477016,188.4339259504553,162.57044591803987,183.81544737323827,136.70696588562444,258.63480032415436,198.5945788203328,184.73914308868166,168.11262021070033,199.51827453577621,190.28131738134212,205.06044882843665,199.51827453577621
B02009,99000000140,Synthetic Census Tract 99000000140,1.0,Total:,258.9658300728339,171.21707773410506,+/-160,103.80035337630119,266.456577223701,191.54910571503004,302.84020624219835,235.42348188439445,302.84020624219835,375.607464279193,226.8626279976892,264.3163637520247,179.7779316208103,284.6483917329497,254.68540312948127,224.7224145260129,276.0875378462444,286.788605204626,302.84020624219835,252.54518965780497,250.40497618612866,328.52276790231406,210.81102696011686,301.77009950636017,281.4380715254352,273.9473243745681,249.33486945029048,292.13913888381677,181.91814509248664,197.96974613005898,286.788605204626,291.0690321479786,336.0135150531812,273.9473243745681,275.0174311104063,304.98041971387465,151.95515648901824,332.8031948456667,197.96974613005898,236.49358862023263,272.8772176387299,197.96974613005898,327.45266116647593,258.9658300728339,324.24234095896145,177.637718149134,254.68540312948127,252.54518965780497,302.84020624219835,402.3601326751469,298.5597792988457,214.02134716763132,206.53060001676423,347.7846891474009,172.2871844699432,196.89963939422083,304.98041971387465,232.21316167688,311.40106012890357,233.28326841271814,298.5597792988457,340.2939419965338,230.0729482052037,240.77401556358524,254.68540312948127,302.84020624219835,264.3163637520247,318.89180727977066,229.0028414693655,191.54910571503004,275.0174311104063,341.36404873237194,293.2092456196549,227.93273473352735,296.4195658271694,297.48967256300756,192.6192124508682,322.10212748728514,184.05835856416294,222.58220105433656,271.8071109028918,187.2686787716774,310.33095339306544,267.5266839595392
B02009,99000000141,Synthetic Census Tract 99000000141,1.0,Total:,49.315909286315595,56.507812723903285,+/-55,33.90468763434197,100.68664812622767,19.52088075916659,39.04176151833318,63.699716161490976,24.657954643157797,42.124005848727904,54.4529831703068,52.39815361671032,85.27542647425405,54.4529831703068,60.61747183109625,53.42556839350856,61.64488660789449,62.67230138469274,44.17883540232439,54.4529831703068,53.42556839350856,31.849858080745488,66.7819604918857,59.59005705429801,46.23366495592087,43.15142062552614,92.46732991184174,48.288494509517356,42.124005848727904,26.71278419675428,59.59005705429801,54.4529831703068,63.699716161490976,56.507812723903285,28.767613750350762,47.26107973271911,38.014346741534936,66.7819604918857,75.00127870627163,45.20625017912263,15.411221651973623,30.822443303947246,77.05610825986811,66.7819604918857,23.630539866359555,49.315909286315595,59.59005705429801,51.37073883991208,63.699716161490976,76.02869348306987,48.288494509517356,41.096591071929666,69.86420482228043,50.34332406311383,50.34332406311383,26.71278419675428,25.68536941995604,40.06917629513142,68.83679004548219,53.42556839350856,54.4529831703068,62.67230138469274,24.657954643157797,29.795028527149004,55.48039794710505,62.67230138469274,55.48039794710505,19.52088075916659,66.7819604918857,54.4529831703068,40.06917629513142,57.535227500701524,26.71278419675428,64.72713093828922,46.23366495592087,65.75454571508746,78.08352303666636,39.04176151833318,40.06917629513142,49.315909286315595,59.59005705429801,64.72713093828922,61.64488660789449,33.90468763434197
B02009,99000000142,Synthetic Census Tract 99000000142,1.0,Total:,5.546306014002135,11.09261202800427,+/-12,6.470690349669157,6.470690349669157,1.848768671334045,2.7731530070010675,5.546306014002135,6.470690349669157,6.470690349669157,2.7731530070010675,14.79014937067236,1.848768671334045,7.39507468533618,7.39507468533618,10.168227692337247,12.941380699338314,9.243843356670226,1.848768671334045,7.39507468533618,5.546306014002135,5.546306014002135,5.546306014002135,2.7731530070010675,12.016996363671293,4.621921678335113,4.621921678335113,2.7731530070010675,1.848768671334045,9.243843356670226,5.546306014002135,5.546306014002135,6.470690349669157,13.865765035005337,4.621921678335113,5.546306014002135,6.470690349669157,1.848768671334045,6.470690349669157,7.39507468533618,8.319459021003203,1.848768671334045,11.09261202800427,5.546306014002135,4.621921678335113,1.848768671334045,0.9243843356670225,4.621921678335113,6.470690349669157,6.470690349669157,2.7731530070010675,8.319459021003203,1.848768671334045,8.319459021003203,7.39507468533618,8.319459021003203,12.941380699338314,7.39507468533618,2.7731530070010675,8.319459021003203,5.546306014002135,6.470690349669157,4.621921678335113,0.9243843356670225,9.243843356670226,5.546306014002135,4.621921678335113,2.7731530070010675,2.7731530070010675,11.09261202800427,6.470690349669157,5.546306014002135,8.319459021003203,8.319459021003203,6.470690349669157,8.319459021003203,4.621921678335113,1.848768671334045,7.39507468533618,8.319459021003203,12.016996363671293,1.848768671334045,13.865765035005337,5.546306014002135
B02009,99000000143,Synthetic Census Tract 99000000143,1.0,Total:,20.353031999876883,38.67076079976608,+/-38,23.405986799858418,48.847276799704524,7.12356119995691,50.88257999969221,39.688412399759926,22.388335199864574,30.52954799981533,8.141212799950754,6.1059095999630655,36.63545759977839,18.317728799889196,19.33538039988304,20.353031999876883,33.58250279979686,20.353031999876883,18.317728799889196,20.353031999876883,8.141212799950754,18.317728799889196,21.37068359987073,7.12356119995691,28.49424479982764,9.158864399944598,41.723715599747614,43.7590187997353,18.317728799889196,21.37068359987073,9.158864399944598,7.12356119995691,31.547199599809172,28.49424479982764,18.317728799889196,22.388335199864574,40.706063999753766,15.264773999907664,18.317728799889196,23.405986799858418,8.141212799950754,21.37068359987073,21.37068359987073,6.1059095999630655,35.61780599978455,9.158864399944598,54.95318639966759,37.65310919977224,16.282425599901508,23.405986799858418,6.1059095999630655,8.141212799950754,33.58250279979686,23.405986799858418,16.282425599901508,20.353031999876883,40.706063999753766,18.317728799889196,20.353031999876883,26.45894159983995,7.12356119995691,26.45894159983995,22.388335199864574,7.12356119995691,29.511896399821484,9.158864399944598,39.688412399759926,33.58250279979686,26.45894159983995,27.476593199833793,7.12356119995691,8.141212799950754,26.45894159983995,16.282425599901508,22.388335199864574,33.58250279979686,30.52954799981533,19.33538039988304,25.441289999846106,22.388335199864574,9.158864399944598,19.33538039988304,27.476593199833793,9.158864399944598
B02009,99000000144,Synthetic Census Tract 99000000144,1.0,Total:,711.5324212924677,359.91508773831816,+/-347,218.85326660744997,550.7634339741987,611.959371082443,598.4755205331688,766.5050427625854,551.8006532472198,500.9769088691864,601.5871783522321,541.428460517009,620.2571252666118,818.3660064136399,624.4060023586961,608.8477132633798,776.8772354927963,641.0015107270335,659.6714576414131,666.9319925525608,759.2445078514378,693.8996936511091,600.549959079211,759.2445078514378,786.2122089499861,917.9390566236646,679.3786238288138,926.2368108078332,681.453062374856,763.3933849435222,639.9642914540125,764.4306042165432,800.7332787722813,1021.6609839257735,681.453062374856,590.1777663490001,684.5647201939194,666.9319925525608,678.3414045557928,928.3112493538754,712.5696405654887,978.0977744588878,797.6216209532181,831.849856962914,850.5198038772937,620.2571252666118,802.8077173183235,701.1602285622567,718.7929562036153,759.2445078514378,767.5422620356065,847.4081460582304,762.356165670501,713.6068598385098,809.0310329564501,861.9292158805257,776.8772354927963,792.4355245881127,815.2543485945766,649.2992649112023,748.8723151212268,671.0808696446451,679.3786238288138,586.0288892569158,776.8772354927963,612.9965903554641,703.2346671082989,590.1777663490001,634.778195088907,744.7234380291425,573.5822579806627,855.7059002423991,595.3638627141056,635.8154143619281,715.681298384552,556.9867496123253,478.15808486272243,632.7037565428648,699.0857900162146,674.1925274637084,537.2795834249246,742.6489994831003,657.5970190953709,737.4629031179949
B02009,99000000145,Synthetic Census Tract 99000000145,1.0,Total:,0.0,12.634447520488088,+/-14,8.122144834599485,0.0,0.0,0.0,0.0,0.0,0.0,0.0,0.0,0.0,0.0,0.0,0.0,0.0,0.0,0.0,0.0,0.0,0.0,0.0,0.0,0.0,0.0,0.0,0.0,0.0,0.0,0.0,0.0,0.0,0.0,0.0,0.0,0.0,0.0,0.0,0.0,0.0,0.0,0.0,0.0,0.0,0.0,0.0,0.0,0.0,0.0,0.0,0.0,0.0,0.0,0.0,0.0,0.0,0.0,0.0,0.0,0.0,0.0,0.0,0.0,0.0,0.0,0.0,0.0,0.0,0.0,0.0,0.0,0.0,0.0,0.0,0.0,0.0,0.0,0.0,0.0,0.0,0.0,0.0,0.0
B02009,99000000146,Synthetic Census Tract 99000000146,1.0,Total:,199.1635820660382,145.65694807814734,+/-147,88.18685972078309,153.58385681709413,170.42853788735607,162.50162914840928,227.89862624472033,168.4468107026194,275.4600786784011,218.98085391340518,183.30976458814462,217.98999032103686,180.33717381103958,239.78898935314052,137.73003933920054,134.7574485620955,208.08135439735335,203.1270364355116,165.47421992551435,235.82553498366713,219.97171750577354,132.77572137735882,231.86208061419373,218.98085391340518,242.7615801302456,281.4052602326112,184.30062818051297,245.73417090735063,172.41026507209278,216.9991267286685,184.30062818051297,192.22753691945977,212.04480876682675,155.56558400183084,244.74330731498227,259.6062612005075,241.77071653787723,171.41940147972443,222.9443082828786,172.41026507209278,161.51076555604095,270.50576071655934,191.2366733270914,206.09962721261667,118.90363108420192,123.85794904604366,292.30475974866306,156.5564475941992,237.80726216840384,151.60212963235745,201.14530925077491,300.23166848760985,213.0356723591951,257.62453401577085,133.76658496972715,104.04067719867668,197.18185488130152,229.88035342945705,174.39199225682947,250.68848886919238,217.98999032103686,108.99499516051843,244.74330731498227,186.28235536524966,231.86208061419373,261.5879883852442,125.83967623078036,233.84380779893044,168.4468107026194,185.29149177288133,251.6793524615607,166.46508351788268,219.97171750577354,157.54731118656753,241.77071653787723,205.1087636202483,216.9991267286685,237.80726216840384,197.18185488130152,186.28235536524966,216.9991267286685,241.77071653787723,172.41026507209278
B02009,99000000147,Synthetic Census Tract 99000000147,1.0,Total:,194.90962210978537,76.68575296122702,+/-72,46.86351569852763,219.40645986128845,198.10486181650316,203.43026132769947,239.64297800383446,179.99850347843568,211.9509005456136,216.21122015457064,187.4540627941105,171.47786426052156,210.88582064337433,217.27630005680993,183.19374318515347,233.2524985903989,203.43026132769947,172.54294416276082,187.4540627941105,170.4127843582823,199.16994171874242,167.21754465156448,193.8445422075461,193.8445422075461,191.71438240306756,192.77946230530685,189.58422259858904,178.9334235761964,149.111186313497,191.71438240306756,184.25882308739273,164.0223049448467,199.16994171874242,217.27630005680993,237.51281819935593,171.47786426052156,165.08738484708596,166.15246474932522,220.47153976352772,190.6493025008283,170.4127843582823,175.7381838694786,193.8445422075461,208.7556608388958,203.43026132769947,157.63182553141112,222.60169956800624,232.18741868815962,202.3651814254602,192.77946230530685,162.95722504260743,152.3064260202148,145.91594660677922,161.89214514036817,209.82074074113507,195.97470201202464,208.7556608388958,177.86834367395713,193.8445422075461,238.5778981015952,154.4365858246933,202.3651814254602,203.43026132769947,188.51914269634977,170.4127843582823,174.67310396723934,178.9334235761964,240.70805790607372,187.4540627941105,187.4540627941105,190.6493025008283,237.51281819935593,179.99850347843568,161.89214514036817,226.8620191769633,201.30010152322095,182.1286632829142,225.79693927472402,186.38898289187125,177.86834367395713,219.40645986128845,179.99850347843568,213.01598044785285
B02009,99000000148,Synthetic Census Tract 99000000148,1.0,Total:,110.29325758291408,98.78439592208827,+/-103,60.42152371933554,132.35190909949688,120.84304743867108,124.67933465894635,103.57975494743235,122.76119104880871,119.88397563360226,100.7025395322259,61.380595524404356,140.02448354004744,84.39831884605599,143.8607707603227,103.57975494743235,45.07637483823445,82.48017523591835,127.5565500741528,78.64388801564309,75.76667260043662,130.43376548935925,147.69705798059798,147.69705798059798,129.47469368429043,111.2523293879829,104.53882675250117,107.41604216770762,103.57975494743235,91.11182148153772,109.33418577784526,49.87173386357854,154.41056061607972,141.94262715018507,116.04768841332698,127.5565500741528,58.5033801091979,75.76667260043662,153.4514888110109,81.52110343084954,83.43924704098717,158.246847836355,146.73798617552916,110.29325758291408,124.67933465894635,104.53882675250117,96.86625231195062,101.66161133729472,125.63840646401516,104.53882675250117,107.41604216770762,56.585236499060265,156.32870422621735,99.74346772715708,141.94262715018507,101.66161133729472,43.15823122809681,70.97131357509254,145.77891437046034,104.53882675250117,84.39831884605599,139.06541173497862,146.73798617552916,131.39283729442806,108.37511397277645,128.5156218792216,82.48017523591835,107.41604216770762,117.96583202346463,124.67933465894635,122.76119104880871,41.240087617959176,138.1063399299098,117.0067602183958,109.33418577784526,132.35190909949688,54.66709288892263,70.97131357509254,147.69705798059798,60.42152371933554,93.98903689674417,154.41056061607972,127.5565500741528,105.49789855756998
B02009,99000000149,Synthetic Census Tract 99000000149,1.0,Total:,1140.466058813667,451.2278754436682,+/-455,274.70356373163975,937.1655874599263,1178.1510242353359,1160.300251140861,1312.0318224438968,1027.4111625486598,860.8039470002286,1263.438051242271,1120.6318664864727,1168.2339280717388,1318.9737897584148,1134.5158011155086,1284.263953185825,1103.7728030083576,1026.4194529323001,1122.6152857191921,1191.0432492480122,1106.7479318574367,1235.670181984199,1159.3085415245014,1130.5489626500698,974.8505528815953,1212.8608608079257,1398.3105590671917,1192.034958864372,1059.1458702721707,898.4889124218976,1185.0929915498539,1047.2453548758542,989.7261971269909,1132.5323818827892,1068.071256819408,1057.1624510394513,1278.3136954876666,1224.7613762042422,991.7096163597104,1380.4597859727169,1243.6038589150767,1110.7147703228757,1111.7064799392354,1011.5438086869045,1012.5355183032642,1075.013224133926,1003.6101317560268,1216.8276992733645,1072.0380952848468,1389.3851725199543,1179.1427338516955,997.6598740578686,1354.6753359473644,1007.5769702214657,844.9365931384732,1198.9769261788897,1188.068120398933,1099.8059645429187,1097.8225453101993,1306.0815647457384,1124.5987049519115,1120.6318664864727,1152.3665742099834,1025.4277433159405,1230.7116339024005,1096.8308356938396,1155.3417030590626,1125.5904145682712,1143.441187662746,1442.9374918033786,1125.5904145682712,978.8173913470341,1269.3883089404292,1116.6650280210338,811.2184661822431,1151.3748645936237,1382.4432052054362,1123.6069953355518,863.7790758493077,1436.9872341052203,1387.4017532872347,1017.4940663850628,1245.5872781477963,1160.300251140861
B02009,99000000150,Synthetic Census Tract 99000000150,1.0,Total:,202.63487920978363,195.71563943188858,+/-198,118.61553904962943,150.24634946286395,214.49643311474657,242.17339222632677,139.37325838331458,252.05802048046255,217.4618215909873,274.79266546497485,200.65795355895648,223.39259854346878,79.0770260330863,180.8886970506849,164.08482901865406,169.02714314572196,278.74651676662916,301.4811617511415,102.80013384301218,181.87715987609846,203.6233420351972,184.8425483523392,150.24634946286395,172.98099444737628,250.0810948296354,142.33864685955533,246.12724352798108,172.98099444737628,158.1540520661726,195.71563943188858,252.05802048046255,106.7539851446665,225.36952419429593,235.2541524484317,220.42721006722803,299.50423610031436,198.68102790812932,146.29249816120964,256.0118717821169,239.20800375008605,290.60807067159215,203.6233420351972,118.61553904962943,212.5195074639194,181.87715987609846,176.9348457490306,195.71563943188858,163.09636619324047,286.65421936993783,192.75025095564783,279.73497959204275,56.34238104857398,222.4041357180552,368.6966338792648,262.9311115600119,250.0810948296354,126.52324165293807,111.69629927173439,331.13504651354884,206.58873051143794,168.03868032030837,179.9002342252713,212.5195074639194,163.09636619324047,171.00406879654912,246.12724352798108,223.39259854346878,292.5849963224193,324.2158067356538,197.69256508271573,156.17712641534544,226.35798701970953,123.55785317669734,139.37325838331458,193.73871378106142,181.87715987609846,224.38106136888234,253.04648330587614,145.30403533579607,282.7003680682835,212.5195074639194,222.4041357180552,262.9311115600119
B02009,99000000151,Synthetic Census Tract 99000000151,1.0,Total:,193.03748113598817,141.17666530840927,+/-147,85.47430756767636,148.85974913471725,165.18630226562172,157.50321843931374,220.88866000635463,163.26553130904472,266.9871629642026,212.24519070175816,177.67131348337222,211.28480522346965,174.7901570485067,232.4132857458166,133.4935814821013,130.61242504723577,201.68095044058467,196.87902304914218,160.38437487417923,228.57174383266263,213.20557618004665,128.69165409065877,224.73020191950863,212.24519070175816,235.2944421806821,272.74947583393356,178.6316989616607,238.1755986155476,167.10707322219872,210.32441974518116,178.6316989616607,186.31478278796868,205.52249235373867,150.78052009129425,237.2152131372591,251.62099531158657,234.3340567023936,166.14668774391023,216.08673261491214,167.10707322219872,156.54283296102523,262.18523557276006,185.3543973096802,199.76017948400766,115.2462573946198,120.04818478606231,283.31371609510705,151.74090556958274,230.4925147892396,146.93897817814025,194.95825209256517,290.996799921415,206.48287783202716,249.7002243550096,129.6520395689473,100.84047522029233,191.11671017941117,222.80943096293163,169.02784417877572,242.9775260069901,211.28480522346965,105.64240261173482,237.2152131372591,180.5524699182377,224.73020191950863,253.54176626816357,121.9689557426393,226.65097287608563,163.26553130904472,179.5920844399492,243.9379114852786,161.34476035246774,213.20557618004665,152.70129104787125,234.3340567023936,198.79979400571918,210.32441974518116,230.4925147892396,191.11671017941117,180.5524699182377,210.32441974518116,234.3340567023936,167.10707322219872
B02009,99000000152,Synthetic Census Tract 99000000152,1.0,Total:,152.80006145353863,152.80006145353863,+/-141,93.19720060286754,160.38588010726042,193.98021985945684,217.82136419972528,150.63268469533242,257.9178342265404,163.63694524456974,113.78727980582664,154.96743821174485,68.27236788349599,148.4653079371262,166.88801038187907,184.22702444752886,95.36457736107376,170.1390755191884,179.8922709311164,150.63268469533242,188.5617779639413,73.69080977901154,112.70359142672353,101.86670763569242,164.72063362367285,224.32349447434396,145.21424279981687,161.46956848636353,213.48661068331285,113.78727980582664,136.54473576699198,134.37735900878576,159.3021917281573,175.55751741470397,165.80432200277596,215.65398744151906,143.04686604161063,151.71637307443552,213.48661068331285,134.37735900878576,228.6582479907564,131.1262938714764,59.6028608506711,226.49087123255018,144.13055442071374,133.29367062968265,182.05964768932262,102.95039601479553,157.13481496995107,163.63694524456974,215.65398744151906,269.8384063966746,186.39440120573508,131.1262938714764,136.54473576699198,171.22276389829153,91.02982384466131,146.29793117891998,127.87522873416708,118.12203332223909,106.20146115210487,133.29367062968265,269.8384063966746,134.37735900878576,150.63268469533242,158.2185033490542,132.20998225057951,138.7121125251982,167.97169876098218,206.98448040869417,229.7419363698595,223.23980609524085,184.22702444752886,80.19294005363021,159.3021917281573,217.82136419972528,95.36457736107376,88.86244708645509,101.86670763569242,70.4397446417022,126.79154035506397,171.22276389829153,146.29793117891998,133.29367062968265
B02009,99000000153,Synthetic Census Tract 99000000153,1.0,Total:,34.856540633848006,53.86919916140147,+/-51,32.7440230196754,24.293952562984977,9.50632926377673,43.30661109053843,51.75668154722886,55.98171677557407,45.41912870471104,31.687764212589098,44.36286989762473,40.13783466927953,38.02531705510692,21.125176141726065,10.562588070863033,10.562588070863033,11.618846877949336,33.800281826761704,51.75668154722886,32.7440230196754,13.731364492121942,48.587905125969954,8.450070456690426,35.91279944093431,69.71308126769601,46.475387511797344,7.393811649604123,11.618846877949336,9.50632926377673,34.856540633848006,41.19409347636583,40.13783466927953,50.70042274014256,32.7440230196754,64.4317872322645,58.09423438974668,54.92545796848777,27.462728984243885,11.618846877949336,33.800281826761704,49.644163933056255,32.7440230196754,10.562588070863033,33.800281826761704,48.587905125969954,41.19409347636583,13.731364492121942,12.67510568503564,22.181434948812367,32.7440230196754,34.856540633848006,41.19409347636583,45.41912870471104,31.687764212589098,45.41912870471104,35.91279944093431,50.70042274014256,26.40647017715758,15.843882106294549,41.19409347636583,51.75668154722886,51.75668154722886,49.644163933056255,36.969058248020616,9.50632926377673,28.51898779133019,54.92545796848777,68.65682246060972,54.92545796848777,28.51898779133019,46.475387511797344,43.30661109053843,33.800281826761704,28.51898779133019,8.450070456690426,8.450070456690426,11.618846877949336,32.7440230196754,49.644163933056255,32.7440230196754,10.562588070863033,31.687764212589098,53.86919916140147
B02009,99000000154,Synthetic Census Tract 99000000154,1.0,Total:,0.0,12.90964755078911,+/-14,8.299059139792998,0.0,0.0,0.0,0.0,0.0,0.0,0.0,0.0,0.0,0.0,0.0,0.0,0.0,0.0,0.0,0.0,0.0,0.0,0.0,0.0,0.0,0.0,0.0,0.0,0.0,0.0,0.0,0.0,0.0,0.0,0.0,0.0,0.0,0.0,0.0,0.0,0.0,0.0,0.0,0.0,0.0,0.0,0.0,0.0,0.0,0.0,0.0,0.0,0.0,0.0,0.0,0.0,0.0,0.0,0.0,0.0,0.0,0.0,0.0,0.0,0.0,0.0,0.0,0.0,0.0,0.0,0.0,0.0,0.0,0.0,0.0,0.0,0.0,0.0,0.0,0.0,0.0,0.0,0.0,0.0
B02009,99000000155,Synthetic Census Tract 99000000155,1.0,Total:,669.5388213246165,456.25387660051865,+/-415,277.0505467550137,680.5328906402916,737.7020510818024,694.8251807506693,540.9082103312173,460.6515043267887,897.1160561590921,789.3741768654756,747.59671346591,411.17819240625056,772.8830728919629,379.2953913907926,759.6901897131527,712.4156916557496,714.6145055188846,854.239185827959,717.9127263135872,493.6337122738141,860.8356274173641,669.5388213246165,470.54616671089633,516.721257836732,872.9291036646067,686.0299252981292,520.0194786314345,704.719843134777,568.3933836204052,547.5046519206223,923.5018225167124,802.5670600442858,655.2465312142388,639.8548341722936,903.7124977484972,689.3281460928317,838.8474887860137,588.1827083886204,379.2953913907926,708.0180639294795,690.4275530243992,661.8429728036439,736.6026441502349,616.7672886093758,640.9542411038611,687.1293322296967,808.0640947021234,878.4261383224443,623.3637301987809,760.7895966447202,749.7955273290451,679.4334837087241,737.7020510818024,816.8593501546635,688.2287391612642,471.64557364246383,340.8161487859296,455.15446966895115,648.6500896248338,833.3504541281762,521.118885563002,645.3518688301311,820.157570949366,755.2925619868827,543.1070241943523,372.6989498013875,651.9483104195363,667.3400074614815,784.9765491392055,860.8356274173641,447.45862114797853,656.3459381458064,704.719843134777,690.4275530243992,625.5625440619159,720.1115401767222,657.4453450773739,680.5328906402916,790.4735837970431,834.4498610597437,794.8712115233131,446.35921421641103,617.8666955409433
B02009,99000000156,Synthetic Census Tract 99000000156,1.0,Total:,26.896000121538727,43.03360019446196,+/-40,25.82016011667718,8.606720038892393,48.41280021876971,26.896000121538727,26.896000121538727,37.65440017015422,10.75840004861549,36.57856016529267,29.047680131261824,33.35104015070802,6.455040029169295,22.59264010209253,9.682560043753941,7.530880034030844,41.957760189600414,44.109440199323515,35.50272016043112,18.289280082646336,22.59264010209253,34.42688015556957,8.606720038892393,45.18528020418506,7.530880034030844,33.35104015070802,26.896000121538727,27.971840126400277,44.109440199323515,9.682560043753941,30.123520136123375,20.440960092369433,41.957760189600414,33.35104015070802,45.18528020418506,46.26112020904661,7.530880034030844,12.91008005833859,25.82016011667718,29.047680131261824,22.59264010209253,23.66848010695408,38.730240175015766,9.682560043753941,34.42688015556957,26.896000121538727,31.199360140984922,30.123520136123375,9.682560043753941,50.564480228492805,29.047680131261824,21.51680009723098,8.606720038892393,26.896000121538727,12.91008005833859,8.606720038892393,39.80608017987731,64.55040029169294,24.74432011181563,31.199360140984922,22.59264010209253,18.289280082646336,8.606720038892393,44.109440199323515,10.75840004861549,23.66848010695408,31.199360140984922,25.82016011667718,39.80608017987731,7.530880034030844,30.123520136123375,30.123520136123375,43.03360019446196,21.51680009723098,35.50272016043112,47.33696021390816,9.682560043753941,8.606720038892393,29.047680131261824,29.047680131261824,29.047680131261824,35.50272016043112,37.65440017015422
B02009,99000000157,Synthetic Census Tract 99000000157,1.0,Total:,605.6428082335873,368.360949715531,+/-385,223.88691489203703,489.8722240372776,662.092927800383,678.3582164891208,630.5191321104803,561.6308506052382,566.4147590431022,619.9945335471795,650.6115475495093,708.9752304914506,714.7159206168874,554.9333787922285,572.155449168539,745.3329346192173,598.9453364205776,476.4772804112583,803.6966175611585,686.969251677276,672.6175263636839,551.1062520419373,636.2598222359172,348.268534276502,507.0942944135881,646.7844207992181,515.7053296017434,482.21797053669513,561.6308506052382,549.1926886667917,588.4207378572768,813.2644344368866,646.7844207992181,499.44004091300565,350.18209765164767,664.9632728631015,508.05107610116096,364.5338229652398,568.3283224182478,634.3462588607715,668.7903996133927,602.772463170869,562.587632292811,657.3090193625189,744.3761529316445,475.5204987236855,643.9140757364996,708.9752304914506,434.37888615805474,651.5683292370821,648.6979841743637,642.000512361354,759.6846599328094,365.4906046528126,527.1867098526171,595.1182096702864,825.7025963753331,755.8575331825182,713.7591389293146,774.9931669339743,591.2910829199952,647.7412024867908,626.6920053601891,365.4906046528126,527.1867098526171,491.7857874124232,537.711308415918,579.8097026691215,392.2804919048512,661.1361461128101,744.3761529316445,597.031773045432,590.3343012324224,425.7678509698995,400.89152709300646,698.4506319281497,539.6248717910636,470.7365902858214,632.4326954856259,606.5995899211601,622.8648786098979,667.8336179258198,659.2225827376645
B02009,99000000158,Synthetic Census Tract 99000000158,1.0,Total:,231.62131155728477,229.48655292542037,+/-215,138.7593110711844,207.07158729084443,245.4972426644032,243.36248403253882,271.1143462467757,256.1710358237251,208.13896660677662,235.8908288210135,227.351794293556,159.03951807389598,88.59248322237158,281.78813940609757,297.7988291450804,308.4726223044023,178.25234576067535,172.91544918101442,227.351794293556,85.39034527457503,311.67476025219884,264.7100703511826,213.47586318643755,89.65986253830377,87.5251039064394,217.74538045016632,246.56462198033537,259.37317377152164,251.90151855999633,234.82344950508133,312.74213956813105,298.8662084610126,271.1143462467757,302.06834640880913,144.09620765084534,278.58600145830104,259.37317377152164,170.78069054915005,261.507932403386,212.40848387050536,262.5753117193182,152.63524217830286,218.8127597660985,108.87269022508316,98.19889706576129,247.63200129626756,250.83413924406415,229.48655292542037,234.82344950508133,186.79138028813287,360.7742087850795,309.54000162033446,200.66731139525132,238.0255874528779,148.36572491457412,274.3164841945723,276.45124282643667,181.45448370847194,256.1710358237251,249.76675992813196,329.820208623046,159.03951807389598,375.7175192081301,279.6533807742332,199.59993207931913,225.21703566169163,226.2844149776238,230.55393224135258,219.8801390820307,212.40848387050536,224.14965634575944,155.83738012609942,102.46841432949003,287.12503598575853,306.3378636725379,268.97958761491134,124.88337996406598,177.18496644474317,293.52931188135165,104.6031729613544,293.52931188135165,352.23517425762196,400.2672434745704
B02009,99000000159,Synthetic Census Tract 99000000159,1.0,Total:,1064.0829118622894,479.06763131462384,+/-520,291.1257144142714,1157.1325864060914,781.2487526053866,1160.8177220315886,1165.42414156346,1224.3863115714137,866.9281558981943,1132.257920933986,1013.4122970117043,1157.1325864060914,1097.2491324917635,852.1876133962058,839.289638706966,1287.9549011112388,1149.7623151550972,1135.943056559483,1027.2315556073183,1124.8876496829917,1085.2724417088978,1065.0041957686637,925.890325906148,1090.8001451471434,986.6950637268502,961.8203982547448,1116.5960945256231,1155.290018593343,892.724105276674,1067.7680474877866,1414.1707962845146,918.5200546551538,901.9369443404167,1011.5697291989557,1056.7126406112952,859.5578846472,1193.9839426610624,1009.7271613862072,974.7183729439846,1238.2055701670276,946.1585718463821,941.5521523145106,1275.0569264219987,1121.2025140574947,974.7183729439846,964.5842499738676,836.5257869878432,702.939620563573,1202.275497818431,931.4180293443936,818.1001088603576,1074.2170348324064,1094.4852807726406,1173.7156967208284,988.5376315395988,1003.2781740415872,1061.3190601431666,1226.2288793841622,1199.511646099308,762.8230744779011,1110.1471071810033,1053.9487888921724,1014.3335809180785,940.6308684081364,1169.109277188957,1221.6224598522908,996.8291866969673,1033.6805429519384,1407.7218089398946,1034.6018268583125,914.8349190296567,996.8291866969673,1112.9109589001262,1206.8819173503023,1144.2346117168515,859.5578846472,907.4646477786624,1209.6457690694251,1027.2315556073183,852.1876133962058,1156.211302499717,924.0477580933995,806.123418077492
B02009,99000000160,Synthetic Census Tract 99000000160,1.0,Total:,1665.1289123875995,962.3433278329918,+/-875,585.1047433224591,2240.335267195205,1603.5389394062881,2076.4619462270725,1738.8169157759544,1748.715304290808,1929.0859394503632,1385.7743920795083,1748.715304290808,1541.9489664249766,1239.4982062488934,1782.8097536197483,1251.5962366559368,1754.2144090212823,1483.6584562819496,1573.8437738617272,2398.709483432863,1190.0062636746254,1444.0649022225352,2144.650844884953,1876.2945340378103,1682.726047525117,2307.424344906991,1573.8437738617272,1667.3285542797894,1904.8898786362763,1552.9471758859252,1713.521034015773,1510.0541589882262,1877.3943549839053,1402.271706270931,1314.286030583343,1629.9346421125645,1710.2215711774884,1848.7990103854393,1861.9968617385773,1481.45881438976,1324.1844190981967,1902.6902367440866,1876.2945340378103,1418.7690204623536,1115.2184393401758,1801.5067097033607,1706.9221083392038,1706.9221083392038,1568.3446691312529,1820.203665786973,1833.4015171401113,1875.1947130917156,1261.4946251707904,2188.643682728747,1705.822287393109,1842.20008470887,1712.421213069678,1364.877794103706,1698.123540770445,1233.9991015184191,2198.5420712436007,2220.538490165498,1070.125780550287,1871.895250253431,1335.1826285591453,1361.5783312654216,1471.5604258749063,2127.0537097474357,1612.3375069750468,1704.722466447014,1727.818706315006,1832.3016961940164,1686.0255103634017,1757.5138718595667,1925.7864766120786,1768.5120813205153,1726.718885368911,1533.1503988562179,2141.3513820466687,1417.669199516259,1812.5049191643093,1480.3589934436652,1471.5604258749063,1062.427033927623
B02009,99000000161,Synthetic Census Tract 99000000161,1.0,Total:,0.0,14.463917261098304,+/-14,9.298232524991768,0.0,0.0,0.0,0.0,0.0,0.0,0.0,0.0,0.0,0.0,0.0,0.0,0.0,0.0,0.0,0.0,0.0,0.0,0.0,0.0,0.0,0.0,0.0,0.0,0.0,0.0,0.0,0.0,0.0,0.0,0.0,0.0,0.0,0.0,0.0,0.0,0.0,0.0,0.0,0.0,0.0,0.0,0.0,0.0,0.0,0.0,0.0,0.0,0.0,0.0,0.0,0.0,0.0,0.0,0.0,0.0,0.0,0.0,0.0,0.0,0.0,0.0,0.0,0.0,0.0,0.0,0.0,0.0,0.0,0.0,0.0,0.0,0.0,0.0,0.0,0.0,0.0,0.0,0.0,0.0
B02009,99000000162,Synthetic Census Tract 99000000162,1.0,Total:,233.8156757063694,245.14595074059875,+/-238,149.35362545120512,99.91242530184067,236.90575071570467,162.743950491658,135.96330041075225,279.13677584328684,113.30275034229355,313.1276009459749,250.29607575615756,195.7047505912343,249.2660507530458,242.05587573126348,96.82235029250539,260.59632578727513,271.9266008215045,236.90575071570467,304.8874009210808,260.59632578727513,130.81317539519347,213.2151756441342,213.2151756441342,141.11342542631104,259.5663007841634,201.88490060990486,193.64470058501078,270.89657581839276,125.66305037963465,383.1693011575745,269.86655081528096,228.66555069081062,313.1276009459749,271.9266008215045,92.70225028005835,217.33527565658125,279.13677584328684,196.73477559434608,279.13677584328684,306.9474509273043,109.18265032984651,234.84570070948115,258.53627578105164,354.32860107044525,206.0050006223519,236.90575071570467,390.37947617935686,230.7256006970341,225.57547568147533,115.36280034851706,119.4829003609641,243.08590073437523,180.25437554455792,220.42535066591654,363.59882609845107,264.7164257997222,142.1434504294228,238.9658007219282,107.12260032362299,149.35362545120512,301.79732591174553,233.8156757063694,273.986650827728,355.35862607355705,156.56380047298745,187.46455056634022,280.1668008463986,261.62635079038694,335.7881510144336,123.60300037341113,103.00250031117595,195.7047505912343,209.09507563168717,208.06505062857542,301.79732591174553,235.87572571259292,114.33277534540531,283.2568758557339,105.06255031739947,149.35362545120512,299.737275905522,208.06505062857542,227.63552568769884
B02009,99000000163,Synthetic Census Tract 99000000163,1.0,Total:,629.808467742223,318.57658645269885,+/-347,193.7165986787304,487.50480520571494,541.6720057841277,529.7368598939689,678.4671394482549,488.4228933511117,443.43657422666723,532.4911243301594,479.24201189714347,549.0167109473023,724.3715467180962,552.6890635288896,538.9177413479372,687.6480209022232,567.3784738552388,583.9040604723817,590.3306774901595,672.040522430477,614.200969270477,531.5730361847626,672.040522430477,695.9108142107946,812.5080086761915,601.3477352349214,819.8527138393662,603.1839115257151,675.7128750120644,566.4603857098421,676.6309631574612,708.7640482463502,904.3168232158743,603.1839115257151,522.3921547307943,605.9381759619056,590.3306774901595,600.4296470895246,821.6888901301598,630.7265558876198,865.7571211092074,706.0097838101597,736.3066926082549,752.8322792253978,549.0167109473023,710.6002245371437,620.6275862882547,636.2350847600009,672.040522430477,679.3852275936517,750.0780147892074,674.7947868666676,631.6446440330167,716.1087534095248,762.9312488247629,687.6480209022232,701.4193430831755,721.6172822819057,574.7231790184135,662.8596409765088,594.0030300717468,601.3477352349214,518.719802149207,687.6480209022232,542.5900939295245,622.4637625790484,522.3921547307943,561.8699449828579,659.1872883949214,507.7027444044451,757.422719952382,526.9825954577784,562.7880331282547,633.4808203238103,493.0133340780959,423.23863502793705,560.0337686920642,618.7914099974611,596.7572945079373,475.5696593155562,657.3511121041279,582.067884181588,652.7606713771437
B02009,99000000164,Synthetic Census Tract 99000000164,1.0,Total:,882.954664059488,480.3359725017997,+/-445,291.4398035404178,1123.6623536502775,779.3316228006728,804.1579764355972,1035.1510059083728,862.4459371436808,843.016616907653,607.70596071576,875.3988173010326,787.9668762389074,875.3988173010326,746.949422407293,1107.4712534535877,861.3665304639014,861.3665304639014,1106.3918467738083,1011.4040589532276,1274.779288819383,613.1029941146567,565.6091002043664,667.0733281036229,1122.5829469704981,1028.6745658296968,836.540176828977,1257.5087819429139,981.1806719194066,798.7609430367006,890.5105108179432,731.8377288903824,792.2845029580246,926.130931250661,982.2600785991859,763.1405226039828,689.7408683789888,968.2277917620546,888.3516974583846,913.178051093309,854.8900903852256,826.825516710963,767.4581493231002,981.1806719194066,940.1632180877922,922.892711211323,1032.992192548814,1003.8482121947724,871.0811905819154,970.3866051216133,896.9869508966192,936.9249980484542,659.5174813451677,797.6815363569212,806.3167897951558,633.6117210304639,823.587296671625,915.3368644528678,714.5672220139132,809.5550098344938,954.1955049249234,794.4433163175833,741.5523890083964,968.2277917620546,1062.1361729028558,627.1352809517879,760.9817092444242,970.3866051216133,799.84034971648,1130.1387937289535,725.3612888117065,932.607371329337,1010.3246522734484,634.6911277102432,843.016616907653,903.4633909752952,945.5602514866888,890.5105108179432,900.2251709359572,1107.4712534535877,1006.007025554331,779.3316228006728,927.2103379304403,960.6719450035994
B02009,99000000165,Synthetic Census Tract 99000000165,1.0,Total:,1221.018266063925,390.39975717622525,+/-431,237.3195739679142,1161.235472621626,1174.8224711312394,1026.2712874261329,1309.7866563267326,1313.409855929296,1105.9816786825315,1394.0260470863357,1353.2650515574956,1055.2568842466414,1175.7282710318802,1072.4670823588183,1215.5834666600797,1355.9824512594182,1319.7504552337823,1371.3810495703133,1284.4242591087875,1242.7574636793065,1428.4464433106896,1211.960267057516,1278.9894597049422,1152.177473615217,1059.7858837498459,992.7566911024197,1299.8228574196828,1385.8738479805677,1178.445670733803,1246.38066328187,1163.9528723235487,996.3798907049833,1140.4020749068854,1169.387671727394,1133.1556757017584,1134.9672755030401,1102.3584790799678,1394.0260470863357,1233.6994646728974,1338.7722531472411,1343.3012526504456,1125.0034765959902,1135.873075403681,1335.1490535446776,1308.8808564260917,1111.4164780863769,1216.4892665607206,1080.6192814645865,1493.664036156834,1111.4164780863769,1162.141272522267,1442.939241720944,1344.2070525510865,1307.9750565254508,1417.576844502999,1173.0108713299576,1051.633684644078,997.2856906056242,1136.778875304322,1310.6924562273734,1215.5834666600797,1053.4452844453597,1201.9964681504662,1111.4164780863769,1342.3954527498047,1395.8376468876174,1020.8364880222874,1282.6126593075057,1285.3300590094284,1221.018266063925,1145.8368743107308,1198.3732685479026,1318.8446553331414,1142.2136747081672,1283.5184592081466,1186.5978698395709,1029.8944870286964,1173.0108713299576,1268.1198608972513,1282.6126593075057,1134.0614756023992,1294.3880580158373,1242.7574636793065
B02009,99000000166,Synthetic Census Tract 99000000166,1.0,Total:,103.350051665297,81.54224259830774,+/-86,49.30461180362793,103.350051665297,88.17940187956533,125.15786073228628,109.98721094655461,86.28307065634888,119.4688670626369,108.09087972333816,89.12756749117356,73.00875209383366,89.12756749117356,91.97206432599826,114.72803900459576,127.05419195550274,144.12117296445086,99.55738921886409,84.38673943313242,150.7583322457085,89.12756749117356,79.64591137509127,139.38034490640973,127.05419195550274,102.40188605368878,121.36519828585337,93.86839554921471,114.72803900459576,93.86839554921471,76.80141454026658,130.84685440193567,91.02389871439003,121.36519828585337,125.15786073228628,91.02389871439003,132.7431856251521,121.36519828585337,145.0693385760591,60.682599142926684,104.29821727690523,49.30461180362793,62.57893036614314,111.88354216977108,91.02389871439003,72.06058648222543,137.48401368319327,131.7950200135439,91.97206432599826,135.5876824599768,140.32851051801796,109.98721094655461,61.630764754534916,73.00875209383366,77.74958015187481,119.4688670626369,104.29821727690523,117.57253583942045,104.29821727690523,83.43857382152419,146.96566979927556,91.02389871439003,78.69774576348304,101.45372044208055,146.96566979927556,98.60922360725586,113.77987339298753,102.40188605368878,104.29821727690523,116.62437022781222,109.03904533494638,157.39549152696608,88.17940187956533,92.92022993760648,117.57253583942045,103.350051665297,137.48401368319327,118.52070145102869,121.36519828585337,59.73443353131845,114.72803900459576,61.630764754534916,56.88993669649376,104.29821727690523
B02009,99000000167,Synthetic Census Tract 99000000167,1.0,Total:,1093.8959537892592,638.879810022929,+/-688,388.1566287639307,916.5325181578938,819.0290587793944,1140.3261725409257,1176.5417431672254,950.8908800341269,914.6753094078272,1382.691914424624,1602.7711513075226,999.1783075358599,1280.545433170958,883.102760656694,1099.4675800394593,996.3924944107599,1160.7554687916588,1021.4648125366598,1155.183842541459,891.460200031994,926.7471662832604,1340.9047175481242,947.1764625339936,857.1018381557609,1101.3247887895259,1657.5588094344887,1178.398951917292,1398.4781888001905,1396.6209800501238,742.8835000266616,1053.9659656628262,1147.7550075411923,1379.906101299524,1158.898260041592,979.6776156601601,1114.3252500399924,775.384653152828,1118.968271915159,965.7485500346602,938.8190231586937,1153.3266337913922,877.5311344064941,1125.4685025403924,1347.4049481733575,805.0999931538945,1095.753162539326,1469.9807256777567,1264.7591587953914,1102.2533931645592,1099.4675800394593,1229.472192544125,1201.6140612931251,1342.761926298191,966.6771544096935,1057.6803831629595,858.0304425307942,1018.6789994115597,1237.8296319194249,949.9622756590936,938.8190231586937,1005.6785381610932,1188.6136000426586,1170.041512541992,1014.9645819114264,1060.4661962880596,1181.184765042392,1216.4717312936584,1242.4726537945917,1092.967349414226,981.5348244102266,1104.110601914626,728.9544344011617,942.533440658827,1186.756391292592,985.24924191036,1160.7554687916588,761.4555875273281,1164.4698862917921,1352.9765744235574,1348.3335525483908,1146.8264031661588,1051.1801525377261,1518.2681531794897
B02009,99000000168,Synthetic Census Tract 99000000168,1.0,Total:,168.856574102151,147.74950233938213,+/-140,89.70505499176771,280.72405444482604,166.7458669258741,188.90829227678142,205.7939496869965,214.23677839210407,169.91192769028945,156.19233104448966,293.3882975024874,164.63515974959722,146.6941487512437,196.29576739375054,163.57980616145878,158.30303822076655,193.1297066293352,256.45092191764184,205.7939496869965,168.856574102151,238.50991091928827,182.57617074795075,141.41738081055146,101.31394446129059,185.7422315123661,161.4690989851819,208.96001045141185,115.03354110709036,156.19233104448966,180.46546357167387,85.48364063921395,158.30303822076655,202.62788892258118,216.34748556838096,194.18506021747365,191.0189994530583,201.57253533444276,129.80849134102857,135.0852592817208,138.25132004613613,132.9745521054439,142.4727343986899,187.85293868864298,142.4727343986899,140.36202722241302,115.03354110709036,154.08162386821277,159.358391808905,122.42101622405947,172.02263486656634,186.79758510050453,165.69051333773567,137.19596645799768,102.36929804942903,158.30303822076655,189.96364586491987,110.81212675453659,208.96001045141185,125.5870769884748,252.22950756508806,214.23677839210407,141.41738081055146,245.8973860362574,148.80485592752055,223.73496068535007,160.41374539704344,138.25132004613613,244.84203244811894,307.10789414828713,180.46546357167387,213.18142480396563,187.85293868864298,210.0153640395503,173.07798845470478,175.18869563098167,162.52445257332033,265.9491042108878,163.57980616145878,173.07798845470478,143.52808798682835,157.2476846326281,225.84566786162696,142.4727343986899
B02009,99000000169,Synthetic Census Tract 99000000169,1.0,Total:,642.7143382827245,190.74709162484368,+/-203,116.51546483487988,570.3619931836458,612.645831228562,660.5675143461335,674.6621270277722,590.09445093794,654.929669273478,700.0324298547218,592.9133734742677,717.8856059181309,631.4386481374136,598.5512185469232,618.2836763012174,635.1972115191838,670.9035636460019,653.9900284280354,646.4729016644948,625.800803064758,684.058535482198,715.0666833818032,567.5430706473181,650.2314650462652,599.4908593923658,622.0422396829878,622.9818805284303,573.1809157199735,617.3440354557748,650.2314650462652,625.800803064758,639.8954157463967,610.7665495376767,633.3179298282987,686.8774580185258,790.2379510172095,627.6800847556432,509.28533822987816,731.9802185997695,600.4305002378084,585.3962467107272,671.8432044914445,617.3440354557748,664.3260777279038,697.2135073183941,573.1809157199735,544.9916903566962,671.8432044914445,607.947627001349,668.0846411096742,749.8333946631785,600.4305002378084,642.7143382827245,696.2738664729516,695.3342256275089,676.5414087186573,590.09445093794,586.3358875561697,647.4125425099373,598.5512185469232,503.6474931572227,591.9737326288251,612.645831228562,549.6898945839091,757.3505214267192,618.2836763012174,650.2314650462652,720.7045284544586,650.2314650462652,746.0748312814083,624.8611622193155,664.3260777279038,682.1792537913128,636.1368523646264,545.9313312021387,696.2738664729516,710.3684791545902,700.0324298547218,499.88892977545237,586.3358875561697,652.1107467371503,553.4484579656794,610.7665495376767
B02009,99000000170,Synthetic Census Tract 99000000170,1.0,Total:,174.22255091361453,116.86978570602714,+/-108,71.4204245981277,149.33361506881246,226.16467789407105,165.56552975020512,147.1693597779601,176.3868062044669,200.1936144038428,192.61872088585955,147.1693597779601,139.59446625997685,124.44467922401039,143.92297684168156,132.0195727419936,189.372337949581,215.34340143980927,162.31914681392658,185.0438273678763,167.72978504105748,175.30467855904072,165.56552975020512,147.1693597779601,169.89404033190982,110.37701983347007,198.02935911299042,195.86510382213808,174.22255091361453,212.09701850353073,95.2272327975036,203.43999734012132,211.01489085810456,147.1693597779601,198.02935911299042,172.0582956227622,153.66212565051717,176.3868062044669,141.75872155082922,142.8408491962554,211.01489085810456,176.3868062044669,165.56552975020512,133.1017003874198,153.66212565051717,164.48340210477895,145.00510448710776,231.57531612120192,172.0582956227622,194.7829761767119,216.42552908523544,115.78765806060096,200.1936144038428,271.61403900197047,137.43021096912452,141.75872155082922,199.11148675841662,189.372337949581,238.068081993759,116.86978570602714,134.18382803284598,194.7829761767119,140.67659390540305,140.67659390540305,214.2612737943831,183.96169972245013,214.2612737943831,121.19829628773185,133.1017003874198,145.00510448710776,164.48340210477895,204.5221249855475,161.2370191685004,133.1017003874198,169.89404033190982,179.63318914074543,145.00510448710776,139.59446625997685,154.74425329594334,179.63318914074543,186.12595501330247,140.67659390540305,254.29999667515165,257.54637961143015
B02009,99000000171,Synthetic Census Tract 99000000171,1.0,Total:,21.65632996517546,4.125015231461992,+/-4,3.093761423596494,22.687583773040956,22.687583773040956,21.65632996517546,20.625076157309962,22.687583773040956,21.65632996517546,19.593822349444462,18.562568541578965,19.593822349444462,21.65632996517546,22.687583773040956,21.65632996517546,20.625076157309962,19.593822349444462,21.65632996517546,22.687583773040956,21.65632996517546,21.65632996517546,19.593822349444462,21.65632996517546,21.65632996517546,23.718837580906456,20.625076157309962,20.625076157309962,21.65632996517546,21.65632996517546,18.562568541578965,19.593822349444462,20.625076157309962,20.625076157309962,22.687583773040956,21.65632996517546,20.625076157309962,21.65632996517546,21.65632996517546,22.687583773040956,21.65632996517546,20.625076157309962,19.593822349444462,22.687583773040956,21.65632996517546,20.625076157309962,21.65632996517546,18.562568541578965,19.593822349444462,20.625076157309962,21.65632996517546,22.687583773040956,24.750091388771953,21.65632996517546,22.687583773040956,21.65632996517546,21.65632996517546,19.593822349444462,20.625076157309962,19.593822349444462,19.593822349444462,19.593822349444462,21.65632996517546,22.687583773040956,20.625076157309962,21.65632996517546,22.687583773040956,19.593822349444462,20.625076157309962,22.687583773040956,21.65632996517546,22.687583773040956,23.718837580906456,22.687583773040956,21.65632996517546,21.65632996517546,22.687583773040956,21.65632996517546,19.593822349444462,19.593822349444462,20.625076157309962,19.593822349444462,20.625076157309962,19.593822349444462
B02009,99000000172,Synthetic Census Tract 99000000172,1.0,Total:,78.02199862050877,74.39306845211301,+/-82,45.36162710494696,88.90878912569605,74.39306845211301,68.04244065742044,88.90878912569605,44.45439456284802,64.41351048902469,119.75469555705997,84.37262641520135,121.56916064125785,127.91978843595044,44.45439456284802,69.85690574161832,64.41351048902469,83.46539387310241,68.04244065742044,80.74369624680558,99.79557963088331,83.46539387310241,106.1462074255759,64.41351048902469,128.82702097804938,51.71225489963953,82.55816133100348,68.04244065742044,95.25941692038862,86.18709149939923,132.45595114644513,92.5377192940918,97.0738820045865,66.22797557322257,86.18709149939923,107.96067250977377,38.103766768155445,85.27985895730029,111.58960267816953,40.82546439445227,49.897789815441655,46.2688596470459,68.94967319951938,49.897789815441655,78.9292311626077,76.20753353631089,96.16664946248756,45.36162710494696,101.61004471508119,94.35218437828968,64.41351048902469,78.02199862050877,74.39306845211301,43.547162020749084,91.63048675199286,90.72325420989392,103.42450979927906,91.63048675199286,87.09432404149817,74.39306845211301,101.61004471508119,86.18709149939923,52.61948744173848,69.85690574161832,68.04244065742044,101.61004471508119,76.20753353631089,90.72325420989392,70.76413828371726,70.76413828371726,45.36162710494696,65.32074303112363,78.02199862050877,75.30030099421195,97.98111454668543,63.50627794692574,117.9402304728621,58.97011523643105,76.20753353631089,122.47639318335679,94.35218437828968,117.03299793076316,62.5990454048268,88.00155658359711
B02009,99000000173,Synthetic Census Tract 99000000173,1.0,Total:,241.49103910929836,177.51393546467082,+/-197,108.13031601908882,284.7431655169339,249.60081281073002,227.97474960691227,327.09420595774367,136.06398099068676,287.4464234174111,385.6647938014168,236.98560927516965,268.5236181140706,202.74434253579153,289.2485953510626,273.930133915025,293.75402518519127,258.61167247898743,200.04108463531432,217.16171800500337,196.43674076801136,236.98560927516965,174.81067756419358,145.97592662576992,224.3704057396093,261.31493037946467,203.64542850261728,273.930133915025,259.5127584458132,258.61167247898743,327.9952919245694,202.74434253579153,316.2811743558348,211.75520220404894,280.2377356828052,277.534477782328,251.4029847443815,180.21719336514803,175.71176353101933,262.21601634629036,220.76606187230635,275.7323058486765,200.94217060214007,269.42470408089633,229.77692154056373,174.81067756419358,214.45846010452615,244.1942970097756,348.7202691615614,275.7323058486765,190.12913900023116,163.09655999545896,179.3161073983223,331.5996357918724,223.46931977278356,179.3161073983223,194.63456883435987,279.33664971597943,279.33664971597943,266.7214461804191,231.57909347421523,212.6562881708747,347.81918319473573,287.4464234174111,205.44760043626874,188.3269670665797,262.21601634629036,304.56705678710017,350.5224410952129,249.60081281073002,186.5247951329282,287.4464234174111,168.5030757964134,313.5779164553576,176.61284949784508,190.12913900023116,209.05194430357173,288.34750938423684,239.6888671756469,207.24977236992024,298.25945501932,163.9976459622847,318.08334628948626,199.13999866848857
B02009,99000000174,Synthetic Census Tract 99000000174,1.0,Total:,65.54387400500734,80.10917933945342,+/-88,48.24757392035263,85.5711688398707,72.82652667223039,37.32359491951807,120.16376900918013,71.00586350542463,76.4678530058419,89.21249517348222,69.18520033861887,84.66083725646781,30.040942252295032,74.64718983903614,98.31581100751102,57.35088975438143,27.309947502086395,71.00586350542463,85.5711688398707,63.72321083820159,33.68226858590655,53.70956342076991,60.992216087992944,42.78558441993535,45.51657917014399,36.41326333611519,92.85382150709374,91.03315834028798,74.64718983903614,86.48150042327357,83.75050567306494,119.25343742577725,46.42691075354687,60.081884504590064,84.66083725646781,71.91619508882751,40.96492125312959,65.54387400500734,87.39183200667645,84.66083725646781,30.040942252295032,37.32359491951807,65.54387400500734,74.64718983903614,81.92984250625918,28.220279085489274,117.43277425897149,50.06823708715839,88.30216359007935,86.48150042327357,73.73685825563327,105.59846367473405,40.96492125312959,65.54387400500734,74.64718983903614,60.081884504590064,38.23392650292095,68.27486875521599,101.04680575771965,61.90254767139582,40.96492125312959,34.592600169309435,64.63354242160446,66.45420558841022,67.3645371718131,30.040942252295032,103.77780050792829,81.92984250625918,84.66083725646781,98.31581100751102,70.09553192202175,113.79144792535998,30.95127383569791,52.799231837367024,91.03315834028798,78.28851617264766,32.77193700250367,89.21249517348222,95.58481625730238,49.15790550375551,32.77193700250367,48.24757392035263,79.19884775605054
B02009,99000000175,Synthetic Census Tract 99000000175,1.0,Total:,130.71168454778183,130.71168454778183,+/-128,79.65243277130455,159.3048655426091,202.19463703485002,164.41079072025684,111.30916887272046,176.6650111466114,142.96590497413638,149.09301518731365,163.3896056847273,182.79212135978864,120.49983419248638,86.80072802001138,118.45746412142728,87.82191305554092,174.62264107555228,185.85567646637728,162.36842064919773,160.32605057813865,158.28368050707957,173.60145604002275,88.84309809107046,108.24561376613183,109.26679880166137,154.19894036496137,120.49983419248638,54.12280688306591,88.84309809107046,143.98709000966593,139.90234986754774,56.165176954125,159.3048655426091,170.53790093343412,108.24561376613183,104.16087362401365,59.22873206071364,109.26679880166137,126.62694440566365,157.26249547155,105.18205865954319,92.92783823318864,90.88546816212956,97.01257837530683,88.84309809107046,124.58457433460455,147.05064511625454,60.24991709624319,80.6736178068341,130.71168454778183,113.35153894377956,57.18636198965455,151.13538525837274,142.96590497413638,102.11850355295455,133.77523965437047,45.95332659882955,98.03376341083637,135.81760972542955,106.20324369507273,81.69480284236364,85.77954298448182,176.6650111466114,135.81760972542955,197.0887118572023,140.9235349030773,166.45316079131592,168.495530862375,141.94471993860682,136.8387947609591,143.98709000966593,224.6607078165,110.28798383719092,100.07613348189547,120.49983419248638,119.47864915695683,190.96160164402502,199.13108192826138,194.02515675061366,136.8387947609591,178.70738121767047,179.72856625320003,161.3472356136682
B02009,99000000176,Synthetic Census Tract 99000000176,1.0,Total:,307.4859450298461,219.4813469695798,+/-207,133.59734163365727,323.3903904624243,248.10934874822064,204.63719789917343,267.19468326731453,174.9488997583607,273.55646144034586,312.7874268407055,453.80684300956597,385.9478758305654,343.5360213436901,348.83750315454955,378.52580129536227,244.92845966170498,333.99335408414316,321.26979773808057,212.05927243437662,329.75216863545563,315.96831592722117,267.19468326731453,355.1992813275808,454.86713937173784,337.1742431706588,244.92845966170498,233.26519967781428,354.13898496540895,160.10475068795435,371.1037267601591,318.0889086515649,345.6566140680339,319.1492050137368,294.7623886837835,410.3346921605187,307.4859450298461,274.6167578025177,239.62697785084558,337.1742431706588,315.96831592722117,224.78282878043922,353.0786886032371,227.96371786695485,259.77260873211134,388.0684685549092,426.239137593097,260.8329050942832,415.6361739713782,297.9432777702991,381.7066903818779,264.01379418079887,199.335716088314,207.8180869856891,285.2197214242365,349.8977995167214,301.1241668568148,225.8431251426111,315.96831592722117,332.9330577219713,297.9432777702991,272.49616507817393,333.99335408414316,306.4256486676742,187.6724561044233,311.72713047853364,291.58149959726785,296.88298140812725,333.99335408414316,408.214099436175,240.68727421301745,273.55646144034586,251.29023783473627,299.00357413247104,374.28461584667474,178.12978884487634,282.0388323377209,341.41542861934636,432.6009157661283,325.5109831867681,336.1139468084869,421.99795214440945,226.90342150478298,291.58149959726785
B02009,99000000177,Synthetic Census Tract 99000000177,1.0,Total:,215.13029805648344,143.10429518294714,+/-151,87.18937189954394,273.88835303226307,204.70548185110317,200.91463959460128,180.06500718384078,228.39824595424014,265.35895795513375,267.2543790833847,230.29366708249108,266.30666851925923,296.6334065712745,206.60090297935415,191.4375339533465,160.16308533720573,243.56161498024778,227.45053539011465,140.2611634905707,199.9669290304758,166.79705928608408,261.56811569863186,255.881852313879,125.09779446456307,254.9341417497535,150.68597969595095,279.57461641701593,249.24787836500064,224.60740369773822,206.60090297935415,198.07150790222485,205.65319241522866,235.97993046724395,200.91463959460128,156.3722430807038,257.77727344212997,233.13679877486751,225.5551142618637,247.35245723674967,217.97342974885987,300.4242488277764,160.16308533720573,268.2020896475102,150.68597969595095,198.07150790222485,144.0520057470726,290.94714318652166,177.22187549146435,177.22187549146435,212.287166364107,226.50282482598917,230.29366708249108,267.2543790833847,204.70548185110317,191.4375339533465,261.56811569863186,291.89485375064714,202.81006072285223,224.60740369773822,186.6989811327191,265.35895795513375,203.75777128697771,128.88863672106498,240.71848328787135,206.60090297935415,243.56161498024778,185.75127056859364,213.2348769282325,324.1170129309134,226.50282482598917,198.07150790222485,215.13029805648344,253.98643118562802,249.24787836500064,176.27416492733886,169.6401909784605,251.1432994932516,289.99943262239617,178.1695860555898,241.6661938519968,195.22837620984842,215.13029805648344,163.95392759370765
B02009,99000000178,Synthetic Census Tract 99000000178,1.0,Total:,348.7814565585844,309.19583112095364,+/-289,187.2293095023076,303.84642227803056,460.0491604913843,154.06297467618452,319.8946488067998,322.03441234396905,174.3907282792922,355.2007471700921,206.48718133683064,461.1190422599689,342.36216594707673,353.06098363292284,343.4320477156613,440.79128865686124,375.52850077319977,180.81001889079988,356.2706289386767,444.0009339626151,420.46353505375356,396.92613614489204,356.2706289386767,295.28736812935364,219.32576255984603,372.3188554674459,305.9861858151998,544.5698202095689,473.95762348298433,357.34051070726133,482.51667763166125,177.60037358504604,371.2489736988613,345.57181125283057,377.668264310369,185.08954596513834,350.9212200957536,390.50684553338436,374.4586190046152,204.3474177996614,193.64860011381526,366.96944662452285,331.66334826123057,376.59838254178436,266.40056037756904,457.9093969542151,349.851338327169,420.46353505375356,412.9743626736613,356.2706289386767,426.8828256652613,263.1909150718152,337.01275710415365,350.9212200957536,350.9212200957536,169.04131943636912,308.12594935236905,431.1623527395997,361.62003778159976,186.15942773372296,195.78836365098448,320.9645305753844,283.5186686749229,395.85625437630745,483.58655940024585,256.7716244603075,349.851338327169,150.85332937043069,159.41238351910758,354.1308654015075,175.4606100478768,451.4901063427074,327.3838211868921,329.5235847240613,340.2224024099075,430.09247097101513,332.73323002981516,198.99800895673835,390.50684553338436,456.8395151856305,436.5117615825228,338.08263887273824,344.5019294842459
B02009,99000000179,Synthetic Census Tract 99000000179,1.0,Total:,240.62184644009216,235.15316811190826,+/-258,143.0970829208124,180.46638483006913,154.03443957718022,194.1380806505289,203.25254453083542,135.80551181656716,231.50738255978564,122.13381599610739,268.8766844690424,311.714664706483,303.5116472142072,282.5483802895022,166.79468900960933,168.61758178567064,244.26763199221477,265.2308989169198,168.61758178567064,314.449003870575,278.90259473737956,134.89406542853652,194.1380806505289,195.04952703855955,281.63693390147154,233.33027533584695,355.46409133195436,319.9176821987589,257.93932781267455,287.10561222965543,316.2718966466363,329.0321460790654,267.9652380810117,280.72548751344084,218.7471331273565,211.4555620231113,241.53329282812282,359.1098768840769,246.09052476827608,268.8766844690424,277.9911483493489,218.7471331273565,81.11872853472804,148.5657612489963,136.71695820459783,102.08199545943305,221.48147229144848,146.742868472935,232.4188289478163,145.83142208490435,200.51820536674347,179.55493844203846,276.1682555732876,260.6736669767665,92.96753157912651,160.4145642933948,195.04952703855955,246.09052476827608,109.37356656367825,244.26763199221477,290.75139778177805,133.0711726524752,288.9285050057167,184.11217038219172,289.83995139374736,314.449003870575,314.449003870575,264.31945252888914,408.3279818377322,265.2308989169198,267.9652380810117,346.3496274516478,288.0170586176861,313.53755748254434,269.78813085707304,251.55920309645998,321.7405749748202,354.55264494392367,308.06887915436045,285.2827194535941,326.2978069149735,251.55920309645998,154.03443957718022
B02009,99000000180,Synthetic Census Tract 99000000180,1.0,Total:,6.361156624370013,10.601927707283354,+/-10,6.361156624370013,4.240771082913342,2.120385541456671,2.120385541456671,10.601927707283354,2.120385541456671,7.421349395098348,10.601927707283354,9.541734936555018,8.481542165826683,13.78250601946836,6.361156624370013,5.300963853641677,2.120385541456671,9.541734936555018,5.300963853641677,2.120385541456671,7.421349395098348,7.421349395098348,6.361156624370013,9.541734936555018,8.481542165826683,6.361156624370013,6.361156624370013,5.300963853641677,6.361156624370013,2.120385541456671,9.541734936555018,4.240771082913342,4.240771082913342,5.300963853641677,1.0601927707283354,10.601927707283354,7.421349395098348,8.481542165826683,2.120385541456671,3.1805783121850064,2.120385541456671,2.120385541456671,11.662120478011689,8.481542165826683,4.240771082913342,3.1805783121850064,2.120385541456671,11.662120478011689,1.0601927707283354,6.361156624370013,7.421349395098348,9.541734936555018,6.361156624370013,11.662120478011689,6.361156624370013,7.421349395098348,1.0601927707283354,8.481542165826683,6.361156624370013,2.120385541456671,7.421349395098348,6.361156624370013,3.1805783121850064,8.481542165826683,9.541734936555018,6.361156624370013,6.361156624370013,7.421349395098348,7.421349395098348,2.120385541456671,11.662120478011689,4.240771082913342,5.300963853641677,8.481542165826683,1.0601927707283354,9.541734936555018,4.240771082913342,7.421349395098348,2.120385541456671,5.300963853641677,2.120385541456671,2.120385541456671,11.662120478011689,6.361156624370013
B02009,99000000181,Synthetic Census Tract 99000000181,1.0,Total:,79.2458132805153,84.67360871068757,+/-78,52.1068361296539,61.876867903964005,70.56134059223965,86.84472688275649,47.76459978551607,113.9837040336179,42.33680435534379,89.0158450548254,105.29923134534225,107.47034951741117,86.84472688275649,122.66817672189354,97.70031774310105,48.850158871550526,60.79130881792955,95.52919957103214,66.21910424810183,58.62019064586063,58.62019064586063,111.81258586154898,99.87143591516997,79.2458132805153,84.67360871068757,92.27252231292877,81.41693145258421,22.79674080672358,118.32594037775573,92.27252231292877,67.30466333413628,59.70574973189509,109.64146768948007,27.138977150861404,49.935717957584984,105.29923134534225,108.55590860344562,69.4757815062052,106.3847904313767,79.2458132805153,85.75916779672204,65.13354516206736,56.44907247379172,81.41693145258421,69.4757815062052,98.78587682913552,55.363513387757266,142.20824027051376,69.4757815062052,75.98913602241193,92.27252231292877,103.12811317327333,93.35808139896324,116.15482220568681,100.95699500120442,43.422363441378245,51.02127704361944,109.64146768948007,74.90357693637748,60.79130881792955,47.76459978551607,79.2458132805153,100.95699500120442,82.50249053861867,71.64689967827411,72.73245876430856,91.18696322689432,34.7378907531026,119.41149946379018,67.30466333413628,61.876867903964005,40.16568618327488,86.84472688275649,24.967858978792492,42.33680435534379,108.55590860344562,99.87143591516997,75.98913602241193,116.15482220568681,105.29923134534225,92.27252231292877,68.39022242017074,39.08012709724042
B02009,99000000182,Synthetic Census Tract 99000000182,1.0,Total:,69.59183086817782,75.91836094710308,+/-72,46.394553912118546,57.99319239014819,71.70067422781958,92.78910782423709,69.59183086817782,74.8639392672822,43.23128887265592,31.632650394626282,143.40134845563915,46.394553912118546,71.70067422781958,63.265300789252564,99.11563790316235,94.89795118387885,70.6462525479987,74.8639392672822,49.557818951581176,40.068023833193294,82.24489102602834,43.23128887265592,54.82992735068556,87.51699942513271,108.60543302155024,89.62584278477446,32.68707207444716,37.95918047355154,61.15645742961081,64.31972246907344,80.13604766638659,69.59183086817782,83.29931270584922,49.557818951581176,76.97278262692396,82.24489102602834,64.31972246907344,80.13604766638659,39.01360215337242,89.62584278477446,68.53740918835695,63.265300789252564,86.46257774531183,45.34013223229767,81.19046934620746,79.08162598656571,71.70067422781958,68.53740918835695,37.95918047355154,29.52380703498453,120.20407149957987,35.85033711390979,69.59183086817782,60.102035749789934,80.13604766638659,98.06121622334148,75.91836094710308,59.04761406996906,59.04761406996906,39.01360215337242,108.60543302155024,48.5033972717603,46.394553912118546,83.29931270584922,115.98638478029638,104.38774630226673,32.68707207444716,44.28571055247679,57.99319239014819,62.21087910943169,91.73468614441622,83.29931270584922,85.40815606549096,31.632650394626282,74.8639392672822,74.8639392672822,68.53740918835695,100.17005958298323,37.95918047355154,73.80951758746133,76.97278262692396,80.13604766638659,81.19046934620746
B02009,99000000183,Synthetic Census Tract 99000000183,1.0,Total:,152.82475104897193,106.04166399316419,+/-102,64.4566977213351,166.33986508731638,192.33046900720956,181.93422743925228,168.41911340090783,155.9436235193591,133.0718920698531,108.12091230675566,123.71527465869156,155.9436235193591,186.0927240664352,137.230388697036,118.51715387471292,152.82475104897193,175.69648249847793,125.79452297228302,135.15114038344456,170.49836171449928,141.38888532421893,134.11151622664883,101.88316736598128,179.85497912566083,158.02287183295056,166.33986508731638,118.51715387471292,168.41911340090783,149.70587857858476,144.5077577946061,164.26061677372493,149.70587857858476,204.80595888875828,187.13234822323093,230.7965628086515,139.30963701062748,110.2001606203471,148.666254421789,187.13234822323093,96.68504658200264,158.02287183295056,133.0718920698531,146.58700610819756,200.64746226157538,101.88316736598128,114.35865724753002,125.79452297228302,191.29084485041383,140.3492611674232,155.9436235193591,173.61723418488648,110.2001606203471,224.5588178678771,188.17197238002666,159.06249598974628,153.86437520576766,107.08128814995992,165.30024093052066,139.30963701062748,167.3794892441121,185.05309990963949,194.40971732080104,135.15114038344456,197.5285897911882,160.102120146542,123.71527465869156,219.3606970838985,184.01347575284376,111.23978477714283,144.5077577946061,161.14174430333776,160.102120146542,165.30024093052066,95.64542242520692,106.04166399316419,196.48896563439249,135.15114038344456,162.18136846013348,137.230388697036,160.102120146542,206.88520720234976,125.79452297228302,217.28144877030704
B02009,99000000184,Synthetic Census Tract 99000000184,1.0,Total:,136.65229359757782,136.65229359757782,+/-128,83.27249141102399,166.54498282204798,211.38401665875318,171.88296304070334,116.36796876668737,184.69411556547627,149.46344612235075,155.8690223847372,170.81536699697227,191.09969182786273,125.97633316026706,90.74566371714153,123.8411410728049,91.8132597608726,182.55892347801412,194.30247995905597,169.7477709532412,167.61257886577906,165.47738677831688,181.49132743428305,92.88085580460368,113.16518063549414,114.23277667922521,161.2070026033926,125.97633316026706,56.58259031774707,92.88085580460368,150.53104216608182,146.2606579911575,58.71778240520922,166.54498282204798,178.2885393030898,113.16518063549414,108.89479646056982,61.92057053640245,114.23277667922521,132.3819094226535,164.4097907345858,109.96239250430091,97.15123997952799,95.01604789206583,101.42162415445229,92.88085580460368,130.24671733519136,153.73383029727506,62.98816658013353,84.34008745475506,136.65229359757782,118.50316085414951,59.7853784489403,158.00421447219935,149.46344612235075,106.75960437310768,139.85508172877104,48.04182196789846,102.48922019818338,141.9902738162332,111.02998854803198,85.40768349848614,89.67806767341045,184.69411556547627,141.9902738162332,206.04603644009782,147.3282540348886,174.01815512816552,176.15334721562766,148.39585007861967,143.05786985996428,150.53104216608182,234.87112962083688,115.30037272295628,104.62441228564552,125.97633316026706,124.90873711653597,199.64046017771136,208.18122852755997,202.84324830890458,143.05786985996428,186.82930765293844,187.8969036966695,168.68017490951013
B02009,99000000185,Synthetic Census Tract 99000000185,1.0,Total:,250.6163517349981,162.537416523785,+/-179,98.97529833012605,168.89362834315088,310.5463488890194,301.4660462899252,187.96226380124855,280.58135031200874,306.00619758947227,204.306808479618,296.0178647304688,247.89226095526985,300.55801603001584,263.32877537372985,230.639686016991,290.5696831710123,256.0645332944546,206.12286899943683,283.30544109173695,233.36377679671924,207.93892951925565,161.62938626387557,265.1448358935487,180.69802172197325,252.4324122548169,207.03089925934623,159.81332574405675,325.07483304757,193.41044536070504,243.35210965572278,247.89226095526985,315.08650018856645,266.9608964133675,329.61498434711706,291.47771343092165,288.75362265119344,254.24847277463573,241.53604913590394,303.28210680974405,233.36377679671924,274.2251384926428,144.37681132559672,256.97256355436394,227.00756497735333,255.15650303454515,273.3171082327334,276.94922927237104,202.49074795979917,281.4893805719181,187.96226380124855,192.50241510079562,245.1681701755416,141.65272054586848,290.5696831710123,306.00619758947227,273.3171082327334,283.30544109173695,207.93892951925565,276.0411990124617,244.26013991563218,319.6266514881135,231.5477162769004,277.85725953228047,173.43377964269794,227.00756497735333,284.2134713516464,244.26013991563218,228.82362549717215,374.1084670826783,192.50241510079562,167.98559808324146,233.36377679671924,251.5243819949075,292.3857436908311,321.4427120079323,236.08786757644748,243.35210965572278,244.26013991563218,311.45437914892875,167.07756782333206,295.10983447055935,301.4660462899252,323.25877252775115
B02009,99000000186,Synthetic Census Tract 99000000186,1.0,Total:,23.50891055359528,31.972118352889577,+/-34,19.747484865020034,24.44926697573909,15.045702754300978,25.3896233978829,21.628197709307656,35.733544041464825,11.284277065725734,39.49496973004007,34.79318761932101,26.32997982002671,32.91247477503339,8.4632077992943,10.343920643581923,31.972118352889577,25.3896233978829,25.3896233978829,22.568554131451467,36.67390046360863,20.687841287163845,29.151049086458144,14.105346332157167,20.687841287163845,7.522851377150489,19.747484865020034,30.091405508601955,38.554613307896254,10.343920643581923,31.972118352889577,31.031761930745766,27.270336242170522,26.32997982002671,12.224633487869545,15.045702754300978,31.972118352889577,26.32997982002671,24.44926697573909,28.210692664314333,43.25639541861531,19.747484865020034,21.628197709307656,36.67390046360863,13.164989910013356,32.91247477503339,20.687841287163845,28.210692664314333,11.284277065725734,35.733544041464825,5.642138532862867,13.164989910013356,30.091405508601955,24.44926697573909,36.67390046360863,42.3160389964715,15.045702754300978,30.091405508601955,22.568554131451467,22.568554131451467,9.403564221438112,26.32997982002671,16.9264155985886,47.958177529334364,24.44926697573909,36.67390046360863,25.3896233978829,23.50891055359528,7.522851377150489,31.972118352889577,13.164989910013356,8.4632077992943,27.270336242170522,28.210692664314333,32.91247477503339,29.151049086458144,7.522851377150489,22.568554131451467,23.50891055359528,30.091405508601955,11.284277065725734,21.628197709307656,25.3896233978829,6.582494955006678
B02009,99000000187,Synthetic Census Tract 99000000187,1.0,Total:,147.99755773778057,129.49786302055801,+/-140,78.62370254819594,246.0459397390602,146.14758826605834,165.57226771914202,180.37202349292008,187.77190137980912,148.9225424736417,136.89774090744703,257.14575656939377,144.29761879433607,128.57287828469688,172.04716087016993,143.37263405847494,138.7477103791693,169.27220666258654,224.77129081425426,180.37202349292008,147.99755773778057,209.04655030461507,160.02235930397526,123.94795460539123,88.79853464266834,162.79731351155863,141.52266458675268,183.14697770050347,100.82333620886303,136.89774090744703,158.172389832253,74.92376360475141,138.7477103791693,177.5970692853367,189.62187085153136,170.19719139844767,167.42223719086428,176.67208454947556,113.77312251091882,118.39804619022446,121.17300039780785,116.5480767185022,124.87293934125236,164.6472829832809,124.87293934125236,123.0229698695301,100.82333620886303,135.04777143572477,139.67269511503042,107.29822935989093,150.77251194536396,163.72229824741976,145.2226035301972,120.24801566194672,89.72351937852947,138.7477103791693,166.49725245500315,97.1233972654185,183.14697770050347,110.0731835674743,221.07135187080974,187.77190137980912,123.94795460539123,215.52144345564298,130.42284775641915,196.09676400255927,140.59767985089155,121.17300039780785,214.59645871978185,269.1705581355884,158.172389832253,186.846916643948,164.6472829832809,184.0719624363646,151.6974966812251,153.54746615294735,142.4476493226138,233.0961534370044,143.37263405847494,151.6974966812251,125.79792407711349,137.82272564330816,197.94673347428153,124.87293934125236
B02009,99000000188,Synthetic Census Tract 99000000188,1.0,Total:,1258.1390909345168,649.5881225270497,+/-649,394.35704202720734,1027.9306653856395,1335.208868183489,1145.0366905561555,1329.2034309952573,1181.069313685545,1181.069313685545,1319.1943690148714,1219.1037492110115,1378.2478346991486,1181.069313685545,1322.1970876089872,1145.0366905561555,1028.931571583678,1140.0321595659625,1095.9922868522642,1327.2016185991802,1435.2994879873486,1221.1055616070887,1305.181682242331,967.8762935033236,1226.110092597282,1188.0756570718152,1416.2822702246153,813.7367390053797,1164.0539083188887,1246.1282165580537,1269.1490591129414,1434.29858178931,793.7186150446078,1131.024003783615,1184.0720322796608,1484.3438916912398,1158.0484711306572,1565.4172937323663,1856.6809973615982,1025.9288529895623,1140.0321595659625,1231.1146235874749,1176.0647826953518,1502.3602032559347,1319.1943690148714,1190.0774694678923,911.8255464131622,1142.0339719620397,1036.9388211679868,1306.1825884403695,1183.0711260816222,1176.0647826953518,1210.0955934286642,1351.2233673521064,1260.140903330594,1157.0475649326186,1159.0493773286958,1095.9922868522642,1133.0258161796921,1534.3892015931697,1467.3284863245838,1073.972350495415,1238.120966973745,1144.0357843581169,1055.9560389307203,1236.1191545776678,1447.3103623638117,1031.9342901777939,1374.2442099069942,1046.9478831483727,1407.274114442268,1525.3810458108223,1089.9868496640324,961.870856315092,1319.1943690148714,1402.2695834520748,1094.9913806542256,1590.4399486833313,1785.6166573008577,812.735832807341,1034.9370087719096,1329.2034309952573,1211.0964996267028,1536.3910139892469
B02009,99000000189,Synthetic Census Tract 99000000189,1.0,Total:,916.858884831882,305.26994906873875,+/-291,185.6796597428411,956.7223146071813,997.6347820081463,849.7204767892729,910.5646590778874,875.9464174309171,835.033950029952,865.4560411742594,1102.5385445747231,973.5069166178336,1017.5664968957959,869.6521916769225,946.2319383505236,1082.6068296870735,942.0357878478605,821.3964608962971,920.0059977088794,811.9551222653051,933.6434868425343,872.7993045539198,1028.0568731524536,980.850179997494,996.5857443824805,963.0165403611759,765.7974667360113,900.0742828212298,901.1233204468955,704.9532844473968,945.1829007248579,742.7186389713644,902.1723580725613,980.850179997494,763.6993914846798,848.6714391636071,809.8570470139737,864.4070035485936,838.1810629069494,907.4175462008901,959.8694274841786,738.5224884687013,955.6732769815155,972.4578789921678,915.8098472062163,922.1040729602109,856.0147025432675,938.8886749708632,951.4771264788525,767.8955419873429,908.466583826556,764.7484291103456,829.7887619016233,833.9849124042863,897.9762075698983,1017.5664968957959,796.2195578803187,1051.1357009171004,785.7291816236609,804.6118588856448,1061.6260771737582,714.3946230783887,885.387756061909,779.4349558696664,918.9569600832136,869.6521916769225,880.1425679335802,1011.2722711418013,741.6696013456987,1015.4684216444643,1100.4404693233917,1045.8905127887717,999.7328572594778,851.8185520406045,954.6242393558498,978.7521047461624,932.5944492168686,844.475288660944,928.3982987142056,921.0550353345452,871.7502669282541,929.4473363398713,894.829094692901
B02009,99000000190,Synthetic Census Tract 99000000190,1.0,Total:,961.3642196736171,516.0791915643857,+/-503,313.9567248880756,1027.028371284195,1014.7163428572117,954.1822030912101,839.2699377726989,935.7141604507351,729.4876842987638,1046.5224162935854,1231.2028426983356,813.6198785498168,909.0380988589378,839.2699377726989,1030.1063783909408,953.1562007222949,1006.5083239058894,767.4497719486293,1187.0847408349787,1017.7943499639575,560.1972934277427,1234.2808498050815,854.659973306428,996.2483002167367,847.477956724021,1015.742345226127,1200.4227716308774,979.8322623140922,1188.110743203894,988.0402812654144,1015.742345226127,1239.4108616496578,1105.0045513217563,738.7217056190015,967.5202338871088,970.5982409938547,982.910269420838,865.9459993644961,628.9394521450665,835.1659282970377,1182.9807313593176,727.4356795609333,1139.8886318648758,1234.2808498050815,932.6361533439892,811.5678738119863,908.0120964900226,777.709795637782,799.2558453850029,983.9362717897533,1170.668702932334,881.3360348982253,1003.4303167991436,894.6740656941239,1063.9644565651452,896.7260704319544,858.7639827820891,937.7661651885657,1160.4086792431815,807.4638643363252,726.4096771920181,1229.1508379605052,888.5180514806323,1224.0208261159287,856.7119780442586,950.078193615549,886.4660467428017,878.2580277914794,1040.3664020800936,911.0901035967684,1002.4043144302283,1032.1583831287714,1253.7748948144717,785.9178145891043,820.8018951322238,918.2721201791753,1143.992641340537,953.1562007222949,735.6436985122556,920.324124917006,1234.2808498050815,950.078193615549,1132.7066152824689
B02009,99000000191,Synthetic Census Tract 99000000191,1.0,Total:,542.6046935158603,231.1688635097156,+/-216,140.1996348137627,444.14388128024063,537.2535624160984,524.4108477766697,630.363243551956,386.35166540281176,711.7004362683374,467.6888581191932,480.5315727586218,547.9558246156222,601.4671356132416,607.8884929329558,504.07654959757434,400.2646062621928,687.0852332094325,629.2930173320036,567.2198965747651,552.2367294954317,707.4195313885278,501.93609715766956,592.9053258536225,443.0736550602883,493.37428739805046,519.0597166769078,571.5008014545747,762.0010686060996,550.0962770555269,470.8995367790503,510.4979069172886,567.2198965747651,471.9697629990027,583.273289874051,574.7114801144319,636.7846008716704,507.2872282574315,427.0202617610025,603.6075880531463,530.832205096384,473.0399892189551,508.3574544773839,507.2872282574315,532.9726575362888,595.0457782935272,554.3771819353365,488.02315629828854,493.37428739805046,592.9053258536225,541.5344672959079,415.24777334152617,683.8745545495754,580.0626112141938,525.4810739966221,543.6749197358126,440.9332026203835,547.9558246156222,526.5513002165744,526.5513002165744,556.5176343752413,499.7956447177648,620.7312075723845,513.7085855771458,519.0597166769078,520.1299428968601,558.658086815146,532.9726575362888,447.35455994009783,613.2396240327178,524.4108477766697,526.5513002165744,564.009217914908,575.7817063343842,529.7619788764316,530.832205096384,490.16360873819326,649.6273155110989,606.8182667130035,482.67202519852657,576.8519325543366,552.2367294954317,596.1160045134797,537.2535624160984
B02009,99000000192,Synthetic Census Tract 99000000192,1.0,Total:,17.689809371276148,27.000235356158328,+/-29,16.75876677278793,19.55189456825258,30.724405750111202,18.620851969764367,6.517298189417527,21.41397976522902,18.620851969764367,6.517298189417527,32.58649094708764,18.620851969764367,15.82772417429971,5.5862555909293095,17.689809371276148,16.75876677278793,28.862320553134765,23.276064962205457,15.82772417429971,4.655212992441092,30.724405750111202,27.931277954646546,16.75876677278793,6.517298189417527,17.689809371276148,30.724405750111202,20.4829371667408,5.5862555909293095,6.517298189417527,16.75876677278793,18.620851969764367,6.517298189417527,28.862320553134765,15.82772417429971,26.06919275767011,30.724405750111202,17.689809371276148,26.06919275767011,6.517298189417527,23.276064962205457,16.75876677278793,15.82772417429971,8.379383386393965,20.4829371667408,30.724405750111202,17.689809371276148,5.5862555909293095,19.55189456825258,18.620851969764367,5.5862555909293095,30.724405750111202,17.689809371276148,17.689809371276148,5.5862555909293095,17.689809371276148,18.620851969764367,26.06919275767011,20.4829371667408,19.55189456825258,4.655212992441092,30.724405750111202,31.65544834859942,18.620851969764367,6.517298189417527,14.896681575811492,28.862320553134765,18.620851969764367,6.517298189417527,6.517298189417527,19.55189456825258,17.689809371276148,8.379383386393965,31.65544834859942,15.82772417429971,23.276064962205457,27.931277954646546,15.82772417429971,22.345022363717238,4.655212992441092,20.4829371667408,15.82772417429971,16.75876677278793,6.517298189417527
B02009,99000000193,Synthetic Census Tract 99000000193,1.0,Total:,49.205438264190526,73.28469528709228,+/-70,45.01774139064239,53.39313513773865,71.19084685031821,61.768528884834915,48.15851404580349,12.563090620644388,27.220029678062843,61.768528884834915,57.58083201128678,64.90930153999601,82.70701325257556,23.032332804514713,17.797711712579552,38.7361960803202,20.93848436774065,56.533907792899754,83.7539374709626,54.44005935612569,46.064665609029426,30.36080233322394,105.73934605709027,25.126181241288776,18.844635930966582,15.703863275805487,49.205438264190526,64.90930153999601,54.44005935612569,12.563090620644388,34.54849920677207,42.92389295386833,31.407726551610974,39.78312029870723,50.25236248257755,87.94163434451072,70.14392263193118,56.533907792899754,81.66008903418853,58.627756229673814,42.92389295386833,42.92389295386833,83.7539374709626,24.079257022901746,17.797711712579552,14.656939057418453,36.64234764354614,71.19084685031821,43.97081717225536,13.610014839031422,30.36080233322394,47.11158982741646,29.313878114836907,46.064665609029426,53.39313513773865,102.59857340192917,80.6131648158015,57.58083201128678,48.15851404580349,48.15851404580349,51.299286700964586,49.205438264190526,21.98540858612768,77.4723921606404,60.72160466644788,76.42546794225336,68.05007419515711,16.75078749419252,50.25236248257755,70.14392263193118,49.205438264190526,40.830044517094265,84.80086168934963,51.299286700964586,11.516166402257356,28.266953896449877,21.98540858612768,39.78312029870723,72.23777106870524,50.25236248257755,51.299286700964586,55.48698357451272,15.703863275805487
B02009,99000000194,Synthetic Census Tract 99000000194,1.0,Total:,472.11997398141176,170.82671026762813,+/-182,104.18552109728968,357.6097616042105,470.24275738506424,475.8744071741069,517.1731722937533,448.65476652706724,459.91806610515266,485.2604901558447,484.3218818576709,435.51425035263435,521.8662137846221,476.8130154722807,499.33961462845144,504.9712644174941,442.0845084398508,440.20729184350324,469.30414908689045,515.2959556974057,470.24275738506424,412.9876511964636,473.05858227958555,524.6820386791435,519.0503888901009,428.9439922654179,448.65476652706724,513.4187391010581,519.0503888901009,517.1731722937533,541.5769880462716,435.51425035263435,468.36554078871666,429.88260056359167,534.0681216608813,397.9699184256831,500.27822292662523,475.8744071741069,438.33007524715566,477.75162377045444,458.97945780697887,514.3573473992319,481.5060569631496,365.1186279896008,438.33007524715566,341.65342053525626,514.3573473992319,497.46239803210386,461.7952827015002,379.19775246220746,454.2864163161099,518.1117805919271,538.7611631517502,464.61110759602155,457.1022412106313,544.392812940793,362.3028030950794,386.7066188475977,504.03265611932034,540.6383797480978,526.5592552754911,372.627494374991,531.25229676636,541.5769880462716,538.7611631517502,377.32053586585994,530.3136884681862,488.0763150503661,538.7611631517502,496.5237897339301,451.4705914215886,448.65476652706724,457.1022412106313,482.4446652613234,468.36554078871666,408.29460970559467,472.11997398141176,467.42693249054287,513.4187391010581,494.64657313758255,474.93579887593313,619.4814767946954,510.6029142065368
B02009,99000000195,Synthetic Census Tract 99000000195,1.0,Total:,20.037186755534762,36.25776651001529,+/-38,21.945490256061884,24.807945506852562,12.403972753426281,10.495669252899162,15.266428004216962,20.037186755534762,25.762097257116125,23.853793756589003,23.853793756589003,32.44115950896104,7.633214002108481,22.899642006325443,19.083035005271203,28.624552507906806,5.724910501581361,23.853793756589003,38.166070010542406,24.807945506852562,7.633214002108481,6.679062251844921,13.358124503689842,18.128883255007644,18.128883255007644,30.532856008433924,7.633214002108481,13.358124503689842,8.58736575237204,14.312276253953403,26.716249007379684,10.495669252899162,37.21191826027884,29.578704258170365,25.762097257116125,10.495669252899162,44.845132262387324,17.17473150474408,7.633214002108481,17.17473150474408,29.578704258170365,46.75343576291445,16.22057975448052,18.128883255007644,24.807945506852562,8.58736575237204,48.66173926344157,20.991338505798325,41.02852526133309,39.12022176080597,14.312276253953403,27.670400757643243,11.449821003162722,25.762097257116125,18.128883255007644,19.083035005271203,12.403972753426281,18.128883255007644,27.670400757643243,14.312276253953403,7.633214002108481,7.633214002108481,20.991338505798325,14.312276253953403,20.991338505798325,41.98267701159665,8.58736575237204,46.75343576291445,9.541517502635601,5.724910501581361,29.578704258170365,8.58736575237204,38.166070010542406,18.128883255007644,16.22057975448052,16.22057975448052,18.128883255007644,34.34946300948816,16.22057975448052,16.22057975448052,25.762097257116125,34.34946300948816,25.762097257116125
B02009,99000000196,Synthetic Census Tract 99000000196,1.0,Total:,10.41980939456261,17.713675970756434,+/-17,10.41980939456261,14.587733152387653,7.293866576193826,2.083961878912522,3.1259428183687827,2.083961878912522,7.293866576193826,9.377828455106348,11.46179033401887,7.293866576193826,4.167923757825044,9.377828455106348,8.335847515650087,12.503771273475131,15.629714091843914,7.293866576193826,10.41980939456261,14.587733152387653,9.377828455106348,10.41980939456261,11.46179033401887,11.46179033401887,7.293866576193826,15.629714091843914,36.469332880969134,11.46179033401887,9.377828455106348,5.209904697281305,11.46179033401887,14.587733152387653,16.671695031300175,7.293866576193826,8.335847515650087,8.335847515650087,6.2518856367375655,10.41980939456261,18.755656910212696,7.293866576193826,12.503771273475131,11.46179033401887,10.41980939456261,10.41980939456261,14.587733152387653,4.167923757825044,3.1259428183687827,5.209904697281305,6.2518856367375655,19.79763784966896,10.41980939456261,8.335847515650087,3.1259428183687827,12.503771273475131,12.503771273475131,10.41980939456261,17.713675970756434,10.41980939456261,6.2518856367375655,15.629714091843914,11.46179033401887,11.46179033401887,10.41980939456261,19.79763784966896,2.083961878912522,19.79763784966896,17.713675970756434,12.503771273475131,15.629714091843914,6.2518856367375655,8.335847515650087,7.293866576193826,20.83961878912522,6.2518856367375655,10.41980939456261,11.46179033401887,4.167923757825044,10.41980939456261,14.587733152387653,4.167923757825044,7.293866576193826,11.46179033401887,8.335847515650087
B02009,99000000197,Synthetic Census Tract 99000000197,1.0,Total:,141.38928345038602,230.16860096574464,+/-210,140.29324249340627,113.98825952589259,165.5021845039402,71.24266220368287,152.34969302018337,213.7279866110486,268.53003446003544,233.45672383668386,203.86361799823098,268.53003446003544,128.23679196662917,177.5586350307173,158.92593876206178,181.94279885863625,137.00511962246705,166.59822546091993,235.64880575064333,66.85849837576393,113.98825952589259,152.34969302018337,201.6715360842715,166.59822546091993,55.89808880596656,178.65467598769703,210.4398637401094,85.49119464441945,21.92081913959473,44.937679236169195,115.08430048287232,49.32184306408814,42.745597322209726,137.00511962246705,85.49119464441945,193.99924938541335,128.23679196662917,178.65467598769703,75.62682603160182,209.34382278312967,180.84675790165653,139.19720153642652,213.7279866110486,126.0447100526697,246.6092153204407,108.50805474099391,240.03296957856227,126.0447100526697,373.74996633009016,259.76170680419756,116.18034143985207,192.90320842843363,129.3328329236089,172.07843024581862,155.63781589112259,54.802047848986824,110.70013665495338,134.81303770850758,198.3834132133323,133.71699675152786,36.1693515803313,96.45160421421681,127.14075100964943,64.66641646180445,96.45160421421681,169.88634833185915,15.34457339771631,97.54764517119655,24.112901053554204,129.3328329236089,100.83576804213575,83.29911273045997,291.5468945566099,149.06157014924415,271.81815733097466,172.07843024581862,97.54764517119655,166.59822546091993,70.14662124670313,217.01610948198783,153.44573397716312,107.41201378401418,48.22580210710841
B02009,99000000198,Synthetic Census Tract 99000000198,1.0,Total:,154.36861690050753,182.99326109397913,+/-179,111.43165061030012,221.84099249940485,83.82931513802396,216.7294488934278,119.61012037986345,78.71777153204688,216.7294488934278,121.65473782225428,84.85162385921937,119.61012037986345,196.28327446951948,178.90402620919747,80.76238897443771,206.50636168147363,222.86330122060025,213.66252272984153,194.23865702712868,46.00389245379363,132.90013375540383,172.77017388202498,168.68093899724332,204.4617442390828,58.2715971081386,151.30169073692127,146.1901471309442,92.00778490758726,178.90402620919747,161.52477794887542,98.14163723475974,201.39481807549657,156.41323434289836,124.72166398584051,66.45006687770191,215.70714017223236,169.70324771843875,277.0456634439572,205.48405296027823,102.2308721195414,157.43554306409376,164.59170411246166,146.1901471309442,222.86330122060025,71.56161048367899,133.92244247659923,151.30169073692127,71.56161048367899,135.96705991899006,186.06018725756536,69.51699304128816,155.39092562170293,125.74397270703592,165.61401283365709,80.76238897443771,266.8225762320031,210.5955965662553,227.97484482657734,194.23865702712868,89.96316746519643,212.64021400864613,174.8147913244158,153.3463081793121,253.53256285646268,100.18625467715057,162.54708667007083,145.16783840974878,61.338523271724846,168.68093899724332,168.68093899724332,67.47237559889733,172.77017388202498,134.94475119779466,181.9709523727837,97.11932851356434,220.81868377820945,228.99715354777274,207.52867040266906,236.15331459614063,67.47237559889733,163.56939539126626,134.94475119779466,179.92633493039287
B02009,99000000199,Synthetic Census Tract 99000000199,1.0,Total:,218.6160151195822,148.47671026871623,+/-163,90.17910623682765,163.96201133968663,141.18950976473016,190.37811316663615,213.15061474159262,230.45771593855955,194.93261348162744,260.5174180175021,287.8444199074499,197.66531367062223,177.62551228466052,226.8141156865665,232.27951606455608,289.6662200334464,258.6956178915056,184.9127127886466,239.56671656854215,183.09091266265008,242.29941675753693,246.85391707252822,276.00271908847253,163.96201133968663,153.03121058370752,223.17051543457347,201.30891392261526,243.21031682053518,221.34871530857697,209.50701448959958,260.5174180175021,204.04161411161004,138.45680957573538,245.0321169465317,209.50701448959958,327.92402267937325,199.48711379661873,187.64541297764137,283.2899195924586,181.26911253665355,333.3894230573628,198.57621373362048,296.95342053743246,149.38761033171448,172.16011190667098,301.50792085242375,230.45771593855955,211.32881461559612,226.8141156865665,198.57621373362048,297.86432060043074,221.34871530857697,179.44731241065705,269.6264186474847,226.8141156865665,218.6160151195822,216.79421499358565,149.38761033171448,224.99231556057,175.803712158664,265.9828183954917,206.77431430060483,234.10131619055258,149.38761033171448,194.0217134186292,228.63591581256304,219.52691518258044,233.19041612755433,241.38851669453865,205.86341423760655,262.3392181434986,260.5174180175021,193.11081335563094,276.91361915147075,234.10131619055258,224.99231556057,186.73451291464312,154.85301070970405,216.79421499358565,183.09091266265008,285.1117197184551,196.75441360762397,334.3003231203611
B02009,99000000200,Synthetic Census Tract 99000000200,1.0,Total:,10.232617939855066,16.372188703768106,+/-16,9.20935614586956,18.41871229173912,9.20935614586956,8.186094351884053,18.41871229173912,10.232617939855066,8.186094351884053,5.116308969927533,3.06978538195652,10.232617939855066,7.162832557898547,14.325665115797094,12.27914152782608,10.232617939855066,12.27914152782608,9.20935614586956,11.255879733840572,9.20935614586956,4.093047175942027,12.27914152782608,12.27914152782608,4.093047175942027,14.325665115797094,3.06978538195652,5.116308969927533,14.325665115797094,24.55828305565216,21.48849767369564,10.232617939855066,6.13957076391304,12.27914152782608,6.13957076391304,10.232617939855066,7.162832557898547,3.06978538195652,2.0465235879710133,5.116308969927533,10.232617939855066,11.255879733840572,9.20935614586956,5.116308969927533,17.395450497753615,10.232617939855066,7.162832557898547,12.27914152782608,11.255879733840572,6.13957076391304,4.093047175942027,3.06978538195652,8.186094351884053,16.372188703768106,9.20935614586956,14.325665115797094,14.325665115797094,14.325665115797094,10.232617939855066,12.27914152782608,11.255879733840572,5.116308969927533,14.325665115797094,12.27914152782608,5.116308969927533,9.20935614586956,7.162832557898547,4.093047175942027,12.27914152782608,21.48849767369564,17.395450497753615,8.186094351884053,5.116308969927533,10.232617939855066,13.302403321811587,16.372188703768106,9.20935614586956,3.06978538195652,2.0465235879710133,2.0465235879710133,10.232617939855066,11.255879733840572,11.255879733840572,4.093047175942027
B02009,99000000201,Synthetic Census Tract 99000000201,1.0,Total:,982.0561892516321,605.0410934704782,+/-666,367.93039467799355,1004.7679420095329,1084.713311717344,983.8731294722642,966.6121973762596,1230.0685293679092,971.1545479278398,1245.5125212432818,1002.0425316785849,590.5055717054217,1228.2515891472772,1178.2857330798954,976.6053685897359,1000.2255914579528,1160.1163308735747,1026.5712246571177,668.6340011926006,550.5328868515162,728.5930284734588,1035.655925760278,747.6709007900955,747.6709007900955,1107.4250644752447,999.3171213476368,940.2665641770946,1210.9906570512726,1250.054871794862,1144.6723389982021,1016.5780534436414,778.5588845408406,1073.8116703935516,932.9988032945663,1088.347192158608,1052.0083877459667,1290.0275566487674,1140.1299884466218,656.8238897584922,853.0534335867554,737.6777295766192,967.5206674865756,863.9550749105478,1118.3267057990372,870.31436568276,937.5411538461465,792.1859361955811,1350.8950540399417,1164.6586814251548,1135.5876378950418,876.6736564549723,924.8225723017221,888.4837678890807,1273.6750946630789,967.5206674865756,951.168205500887,1130.1368172331456,1080.1709611657636,784.9181753130529,872.1313059033921,642.2883679934356,1033.838985539646,727.6845583631427,1097.4318932617684,935.7242136255144,1037.4728659809102,1044.7406268634384,1056.5507382975468,1243.6955810226498,1198.272075506848,1062.910029069759,825.7993302772744,1120.1436460196692,1264.5903935599185,906.6531700954014,879.3990667859204,820.3485096153781,798.5452269677934,819.4400395050621,772.1995937686285,748.5793709004115,842.151792262963,620.4850853458508
B02009,99000000202,Synthetic Census Tract 99000000202,1.0,Total:,290.7438684138082,181.98412504419844,+/-169,110.91340165415644,338.12435067383615,337.0475215315628,337.0475215315628,290.7438684138082,339.2011798161095,293.9743558406283,288.59021012926144,265.9767981415208,187.36827075556525,306.89630554790864,203.52070788966572,259.5158232878806,277.8219187065278,316.5877678283689,335.9706923892894,221.8268033083129,284.28289356016796,277.8219187065278,260.592652430154,269.20728556834086,316.5877678283689,268.13045642606755,286.4365518447147,333.81703410474273,181.98412504419844,309.0499638324553,179.83046675965173,341.35483810065625,264.89996899924745,202.44387874739235,362.8914209461235,244.44021529605354,326.27923010882915,298.2816724097217,277.8219187065278,284.28289356016796,264.89996899924745,228.28777816195307,325.2024009665558,354.2767878079366,263.8231398569741,262.7463107147007,299.35850155199506,278.8987478488012,300.43533069426843,335.9706923892894,248.74753186514698,379.04385808022397,200.2902204628456,275.6682604219811,242.2865570115068,325.2024009665558,358.5841043770301,290.7438684138082,129.21949707280362,351.0463003811165,300.43533069426843,307.973134690182,265.9767981415208,233.67192387331988,330.5865466779226,300.43533069426843,418.8865363443384,339.2011798161095,268.13045642606755,301.5121598365418,225.057290735133,247.6707027228736,310.1267929747287,236.90241130014,228.28777816195307,135.6804719264438,259.5158232878806,320.89508439746237,361.81459180385013,275.6682604219811,312.2804512592754,159.37071305645782,283.2060644178946,347.81581295429646
B02009,99000000203,Synthetic Census Tract 99000000203,1.0,Total:,287.5687213375543,186.50290260660225,+/-179,113.56880661519354,193.7963122057431,356.33515470088247,345.91599813068126,215.6765410031657,321.9519380192184,351.1255764157819,234.43102282952796,339.6645041885605,284.4429743664939,344.87408247366113,302.15554053583605,264.64657688311155,333.41301024643974,293.82021527967504,236.5148541435682,325.0776849902788,267.77232385417193,238.59868545760844,185.46098694958212,304.23937184987625,207.34121574700472,289.65255265159453,237.5567698005883,183.37715563554187,373.0058052132045,221.92803494528647,279.23339608139327,284.4429743664939,361.5447329859831,306.3232031639165,378.2153834983051,334.45492590345987,331.3291789323995,291.7363839656348,277.14956476735307,347.9998294447215,267.77232385417193,314.6585284200775,165.66458946619974,294.86213093669517,260.47891425503104,292.7782996226549,313.6166127630574,317.7842753911379,232.3471915154877,322.99385367623853,215.6765410031657,220.88611928826634,281.3172273954335,162.5388424951394,333.41301024643974,351.1255764157819,313.6166127630574,325.0776849902788,238.59868545760844,316.74235973411777,280.2753117384134,366.75431127108374,265.6884925401317,318.826191048158,199.00589049084374,260.47891425503104,326.1196006472989,280.2753117384134,262.5627455690713,429.26925069229117,220.88611928826634,192.75439654872298,267.77232385417193,288.6106369945744,335.49684156048,368.838142585124,270.8980708252323,279.23339608139327,280.2753117384134,357.3770703579026,191.71248089170285,338.6225885315404,345.91599813068126,370.92197389916424
B02009,99000000204,Synthetic Census Tract 99000000204,1.0,Total:,119.63207286841609,119.63207286841609,+/-128,72.90079440419106,145.80158880838212,185.05586271833113,150.4747166548046,101.87418705201057,161.69022348621863,130.8475796998301,136.4553331155371,149.54009108552012,167.29797690192564,110.28581717557108,79.44317338918256,108.41656603700208,80.37779895846705,159.82097234764962,170.1018536097791,148.6054655162356,146.7362143776666,144.8669632390976,158.88634677836512,81.31242452775156,99.07031034415708,100.00493591344157,141.1284609619596,110.28581717557108,49.53515517207854,81.31242452775156,131.7822052691146,128.0437029919766,51.40440631064754,145.80158880838212,156.08247007051162,99.07031034415708,95.33180806701907,54.20828301850104,100.00493591344157,115.89357059127809,143.9323376698131,96.26643363630357,85.05092680488956,83.18167566632056,88.78942908202757,81.31242452775156,114.02431945270908,134.5860819769681,55.14290858778554,73.83541997347555,119.63207286841609,103.74343819057958,52.33903187993204,138.3245842541061,130.8475796998301,93.46255692845007,122.43594957626959,42.05815061780253,89.72405465131206,124.30520071483859,97.20105920558807,74.77004554276006,78.50854781989806,161.69022348621863,124.30520071483859,180.38273487190864,128.9783285612611,152.34396779337362,154.2132189319426,129.9129541305456,125.2398262841231,131.7822052691146,205.61762524259015,100.93956148272608,91.59330578988107,110.28581717557108,109.35119160628658,174.77498145620163,182.25198601047762,177.57885816405513,125.2398262841231,163.5594746247876,164.49410019407213,147.6708399469511
B02009,99000000205,Synthetic Census Tract 99000000205,1.0,Total:,538.149701882596,133.15990916890175,+/-145,80.81428970250589,515.1910968534751,555.5982417047279,508.76268744532115,512.4360642499805,532.639636675607,526.2112272674531,535.3946692791015,591.4136655501567,499.5792454336727,531.7212924744422,528.0479156697828,540.9047344860905,562.0266511128818,601.51545176297,524.3745388651234,553.7615533023983,508.76268744532115,572.1284373256951,568.4550605210358,594.1686981536512,584.0669119408379,578.5568467338489,572.1284373256951,621.7190241885964,523.4561946639586,539.0680460837608,489.4774592208595,532.639636675607,534.4763250779366,512.4360642499805,620.8006799874315,521.6195062616289,520.7011620604641,504.17096643949696,562.9449953140467,550.0881764977389,499.5792454336727,596.9237307571458,475.70229620338694,555.5982417047279,564.7816837163764,515.1910968534751,480.2940172092111,666.7178900456736,563.8633395152116,543.6597670895851,542.7414228884202,515.1910968534751,542.7414228884202,497.7425570313431,572.1284373256951,499.5792454336727,512.4360642499805,578.5568467338489,483.0490498127056,573.04678152686,513.3544084511453,494.98752442784854,535.3946692791015,544.5781112907499,561.108306911717,575.8018141303544,574.8834699291896,551.0065206989037,466.5188541917385,504.17096643949696,516.1094410546399,606.1071727687942,438.96852815679335,577.6385025326841,589.576977147827,631.8208104014096,522.5378504627937,548.2514880954093,559.2716185093873,517.0277852558047,551.0065206989037,600.5971075618052,522.5378504627937,532.639636675607
B02009,99000000206,Synthetic Census Tract 99000000206,1.0,Total:,221.9994750489271,114.27821078467979,+/-122,69.31629178742872,209.82228865383829,243.54372790177658,216.37923517427072,241.67031461022447,256.6576209426415,247.29055448488083,211.69570194539043,204.2020487791819,222.93618169470318,199.51851555030157,244.48043454755265,214.5058218827186,158.30342313615478,174.22743611434785,274.45504721238666,279.138580441267,166.73378294813935,256.6576209426415,243.54372790177658,184.53120921788457,244.48043454755265,225.74630163203136,236.98678138134414,198.58180890452553,236.05007473556807,212.63240859116647,215.44252852849468,180.78438263478031,197.64510225874946,333.4675658962787,226.68300827780743,195.77168896719732,260.40444752574575,229.4931282151356,182.65779592633243,199.51851555030157,256.6576209426415,221.9994750489271,283.8221136701473,196.7083956129734,237.9234880271202,225.74630163203136,248.2272611306569,192.02486238409307,207.0121687165101,205.13875542495796,246.35384783910476,199.51851555030157,219.18935511159893,295.0625934194601,236.05007473556807,204.2020487791819,276.3284605039388,317.5435529180856,186.40462250943668,183.5945025721085,253.8475010053133,192.96156902986914,258.5310342341936,277.2651671497149,192.02486238409307,205.13875542495796,192.96156902986914,265.0879807546261,264.15127410885,222.93618169470318,222.93618169470318,217.3159418200468,241.67031461022447,219.18935511159893,204.2020487791819,239.79690131867233,178.91096934322817,167.67048959391542,248.2272611306569,238.86019467289626,206.07546207073403,232.30324815246382,215.44252852849468,281.0119937328191
B02009,99000000207,Synthetic Census Tract 99000000207,1.0,Total:,988.5969031915764,449.3622287234438,+/-410,272.90535354179883,963.3887781656272,829.6761149845048,1206.7019849378335,754.051739906657,883.3803813441359,1265.8862784770185,868.0363052413842,721.1715768293318,1065.3172837053353,1023.6690771407233,1037.917147807564,1031.341115192099,1052.165218474405,961.1967672938055,761.7237779580329,863.6522834977409,1083.9493761158194,1036.8211423716534,1088.3333978594628,1036.8211423716534,972.1568216529139,1147.5176913986481,1143.1336696550047,881.1883704723143,987.5008977556656,1150.8057077063806,994.0769303711306,874.6123378568492,943.660680319232,1127.7895935522529,1080.661359808087,880.0923650364034,788.027908419893,1134.3656261677181,1094.9094304749278,972.1568216529139,850.5002182668107,989.6929086274873,928.3166042164803,1171.6298109886866,908.5885063700853,1236.294131707426,967.7727999092706,927.2205987805695,807.7560062662881,891.0524193955118,1011.6130173457041,1034.6291314998316,1122.3095663726988,950.2367129346972,1230.814104527872,934.8926368319454,1190.2619033991707,880.0923650364034,888.8604085236901,1103.6774739622144,801.1799736508231,1148.6136968345588,757.3397562143895,1039.013153243475,796.7959519071798,783.6438866762496,1116.8295391931447,951.332718370608,804.4679899585556,1270.270300220662,1055.4532347821375,988.5969031915764,1074.085327192622,791.3159247276255,1156.2857348859347,1083.9493761158194,1083.9493761158194,987.5008977556656,805.5639953944664,1041.2051641152966,759.5317670862112,1082.8533706799085,938.1806531396779,1104.7734793981253
B02009,99000000208,Synthetic Census Tract 99000000208,1.0,Total:,185.4501680279475,158.6739405586717,+/-160,96.19607646369471,186.44188015643923,161.64907694414677,253.87830489387468,180.49160738548903,200.32584995532298,234.04406232404074,117.02203116202037,221.15180465364864,206.27612272627317,277.6793959776754,156.6905163016883,202.30927421230638,144.7899707597879,199.3341378268313,161.64907694414677,214.20981975420676,120.98887967598715,92.22922794972791,234.04406232404074,171.56619822906376,151.73195565922978,163.63250120113017,215.20153188269848,206.27612272627317,265.77885043577504,194.37557718437282,229.08550168158223,233.05235019554902,108.09662200559508,157.68222843017998,100.16292497766149,104.12977349162828,186.44188015643923,141.81483437431282,264.7871383072834,188.42530441342262,185.4501680279475,196.3590014413562,253.87830489387468,103.13806136313659,232.06063806705734,194.37557718437282,123.96401606146225,145.7816828882796,252.886592765383,159.66565268716337,232.06063806705734,150.7402435307381,224.12694103912375,138.8396979888377,209.25125911174828,214.20981975420676,211.23468336873168,149.74853140224639,230.07721381007394,163.63250120113017,292.5550779050509,215.20153188269848,190.40872867040602,159.66565268716337,173.54962248604716,189.4170165419143,126.93915244693734,121.98059180447885,165.61592545811357,150.7402435307381,225.11865316761543,109.08833413408678,275.69597172069206,233.05235019554902,201.3175620838147,271.72912320672526,142.8065465028045,248.9197442514162,136.85627373185432,205.2844105977815,142.8065465028045,190.40872867040602,187.4335922849309,257.84515340784145
B02009,99000000209,Synthetic Census Tract 99000000209,1.0,Total:,124.70431038085724,123.64749419118897,+/-117,75.03394946644801,102.51117039782332,76.09076565611629,141.61336941554976,126.8179427601938,107.79525134616473,206.07915698531494,165.92014177792024,124.70431038085724,98.2839056391502,170.14740653659337,89.82937612180395,87.71574374246738,132.10202370853523,103.5679865874916,181.77238462294446,216.64731888199776,56.01125805241893,106.73843515649645,94.05664088047708,140.55655322588146,135.27247227754006,164.86332558825194,81.37484660445769,64.46578756976518,65.52260375943347,171.20422272626163,137.38610465687663,98.2839056391502,150.06789893289601,104.62480277715989,104.62480277715989,132.10202370853523,166.9769579675885,175.43148748493476,132.10202370853523,142.67018560521802,96.17027325981364,157.46561226057398,76.09076565611629,151.12471512256428,101.45435420815505,85.60211136313082,106.73843515649645,153.23834750190085,128.93157513953037,168.0337741572568,128.93157513953037,81.37484660445769,85.60211136313082,158.52242845024224,82.43166279412597,115.19296467384271,126.8179427601938,118.36341324284756,164.86332558825194,196.5678112783004,88.77255993213566,121.5338618118524,102.51117039782332,104.62480277715989,156.4087960709057,199.73825984730524,79.26121422512112,76.09076565611629,68.69305232843831,149.01108274322772,143.72700179488632,83.48847898379425,126.8179427601938,151.12471512256428,109.9088837255013,141.61336941554976,163.80650939858367,201.8518922266418,119.42022943251584,149.01108274322772,116.24978086351099,158.52242845024224,64.46578756976518,166.9769579675885
B02009,99000000210,Synthetic Census Tract 99000000210,1.0,Total:,600.9597760266099,215.72915036852663,+/-210,131.49205355795908,516.7226792160424,560.8957909581692,660.5421127950601,691.3605628477068,567.0594809686985,533.1591859107872,617.3962827213547,653.3511411161091,621.5054093950409,636.9146344213643,546.5138476002675,562.9503542950123,608.1507477055608,643.0783244318936,555.7593826160614,703.6879428687654,661.5693944634817,625.6145360687271,626.6418177371487,516.7226792160424,500.28617252129743,502.34073585814053,665.6785211371679,596.8506493529236,476.6586941476017,514.6681158791993,613.2871560476685,457.1403424475921,622.5326910634625,510.558989205513,462.2767507896999,544.4592842634244,679.033182826648,669.7876478108541,673.8967744845403,622.5326910634625,633.8327894160997,583.4959876634434,605.0689027002961,530.0773409055225,584.523269331865,475.63141247918014,536.2410309160518,625.6145360687271,601.9870576950315,626.6418177371487,611.2325927108254,476.6586941476017,597.8779310213451,476.6586941476017,711.9061962161378,616.3690010529332,593.7688043476589,635.8873527529428,678.0059011582265,532.1319042423656,551.6502559423752,606.0961843687177,544.4592842634244,485.90422916339566,681.0877461634911,565.0049176318554,577.3322976529141,633.8327894160997,540.350157589738,576.3050159844926,662.5966761319032,535.2137492476303,593.7688043476589,511.58627087393455,675.9513378213834,648.2147327740014,526.9954959002579,529.050059237101,568.08676263712,619.4508460581978,541.3774392581597,596.8506493529236,698.5515345266576,557.8139459529045
B02009,99000000211,Synthetic Census Tract 99000000211,1.0,Total:,119.70895033902386,118.69446770903212,+/-117,72.02826672941265,98.40481510919757,73.04274935940438,135.9406724188915,121.73791559900731,103.4772282591562,197.82411284838687,159.27377290870123,119.70895033902386,94.34688458923067,163.33170342866813,86.23102354929684,84.20205828931338,126.81032874896594,99.4192977391893,174.49101235857714,207.96893914830414,53.76757938956156,102.46274562916449,90.28895406926375,134.92618978889976,129.85377663894113,158.2592902787095,78.11516250936302,61.88344042949538,62.897923059487105,164.34618605865987,131.8827418989246,94.34688458923067,144.0565334588253,100.43378036918102,100.43378036918102,126.81032874896594,160.28825553869297,168.40411657862677,126.81032874896594,136.95515504888323,92.3179193292472,151.1579118687674,73.04274935940438,145.07101608881703,97.39033247920585,82.17309302932993,102.46274562916449,147.0999813488005,123.76688085899076,161.30273816868467,123.76688085899076,78.11516250936302,82.17309302932993,152.17239449875913,79.12964513935475,110.5786066690983,121.73791559900731,113.62205455907349,158.2592902787095,188.69376917846134,85.21654091930512,116.66550244904867,98.40481510919757,100.43378036918102,150.14342923877567,191.7372170684365,76.08619724937957,73.04274935940438,65.9413709494623,143.0420508288336,137.96963767887496,80.14412776934648,121.73791559900731,145.07101608881703,105.50619351913967,135.9406724188915,157.24480764871777,193.76618232841997,114.63653718906521,143.0420508288336,111.59308929909002,152.17239449875913,61.88344042949538,160.28825553869297
B02009,99000000212,Synthetic Census Tract 99000000212,1.0,Total:,210.88891356179326,140.2829336908845,+/-151,85.47039668583692,268.4885287196399,200.66962700153016,196.95352279779812,176.5149496772719,223.8952782748554,260.1272942612428,261.9853463631088,225.7533303767214,261.0563203121758,290.78515394203214,202.52767910339617,187.66326228846802,157.0054026076787,238.75969508978355,222.9662522239224,137.49585553808546,196.0244967468651,163.50858496420975,256.41119005751074,250.83703375191268,122.63143872315732,249.90800770097968,147.7151420983486,274.06268502523795,244.3338513953816,220.17917407112336,202.52767910339617,194.16644464499907,201.59865305246316,231.3274866823195,196.95352279779812,153.28929840394665,252.6950858537787,228.54040852952045,221.10820012205636,242.4757992935156,213.6759917145923,294.50125814576415,157.0054026076787,262.9143724140418,147.7151420983486,194.16644464499907,141.2119597418175,285.21099763643406,173.72787152447285,173.72787152447285,208.10183540899422,222.03722617298936,225.7533303767214,261.9853463631088,200.66962700153016,187.66326228846802,256.41119005751074,286.14002368736703,198.81157489966412,220.17917407112336,183.01813203380297,260.1272942612428,199.74060095059713,126.34754292688935,235.97261693698454,202.52767910339617,238.75969508978355,182.08910598286994,209.03086145992722,317.7269094190894,222.03722617298936,194.16644464499907,210.88891356179326,248.97898165004668,244.3338513953816,172.79884547353984,166.2956631170088,246.19190349724764,284.281971585501,174.65689757540588,236.90164298791754,191.37936649220003,210.88891356179326,160.7215068114107
B02009,99000000213,Synthetic Census Tract 99000000213,1.0,Total:,1108.8105787444283,460.7336687710149,+/-423,279.92565691288615,1084.8480711487728,1222.0878873784368,1153.4679792636048,882.2559614764116,893.1480103835278,1070.6884075695216,1120.791832542256,1183.96571620353,1087.026480930196,936.7162060119925,1235.1583460669763,1246.0503949740923,1103.3645542908703,899.6832397277974,1199.2145846734927,1114.2566031979864,1280.9049514768642,1444.285685083607,980.2844016404573,1051.0827195367126,1052.171924427424,1268.9236976790364,918.199722869895,1081.580456476638,995.53327011042,1089.204890711619,1141.486725465777,1139.3083156843536,1095.7401200558888,1175.2520770778372,1217.7310678155902,1229.712321613418,1068.5099977880984,1041.279875520308,1029.2986217224802,1021.6741874874988,970.4815576240527,1254.7640340997852,1155.646389045028,1190.5009455477998,1317.9379177610592,1103.3645542908703,1046.725899973866,1316.8487128703475,1248.2288047555155,1149.1111597007582,1080.4912515859262,1348.4356547009845,1256.9424438812086,1142.5759303564885,928.0025668862995,893.1480103835278,1012.9605483618059,1162.1816183892977,939.9838206841274,1053.2611293181358,932.359386449146,902.9508543999323,1220.998682487725,1261.299263444055,917.1105179791833,844.1337903015049,1396.3606698922958,1139.3083156843536,1168.7168477335674,1312.4918933075012,1097.9185298373122,1133.8622912307956,1082.6696613673494,959.5895087169365,899.6832397277974,968.3031478426294,1113.1673983072749,853.9366343179095,1319.027122651771,1300.5106395096734,1292.886205274692,1271.1021074604596,934.5377962305693,1117.5242178701212
B02009,99000000214,Synthetic Census Tract 99000000214,1.0,Total:,268.8751874208242,162.28538097899747,+/-169,98.90765822980319,217.9809555161682,305.36539142793606,326.4912990110008,188.21263119457694,236.22605751972412,211.2590758306476,220.86176109567702,313.0475396399596,362.02123449160973,240.0671316257359,288.0805579508831,369.7033827036333,213.17961288365348,256.39169657628594,303.4448543749302,258.3122336292918,274.63679857984187,231.4247148872094,285.19975237137425,313.0475396399596,283.27921531836836,289.040826477386,346.65693806756263,256.39169657628594,265.03411331481243,241.98766867874178,167.08672361151218,280.3984097388595,304.4051229014331,240.0671316257359,301.5243173219243,330.3323731170126,219.90149256917408,204.53719614512698,247.74927983775945,293.84216910990074,379.3060679686627,294.8024376364037,248.7095483642624,221.82202962217997,290.00109500388896,257.3519651027889,266.9546503678183,367.7828456506274,278.47787268585364,324.57076195799493,339.93505838204203,299.6037802689184,262.1533077353036,332.2529101700185,215.10014993665936,250.63008541726828,368.74311417713034,286.1600208978772,242.94793720524473,194.93451088009755,181.49075150905634,255.431428049783,266.9546503678183,290.9613635303919,270.7957244738301,252.55062247027416,193.01397382709166,282.3189467918654,323.610493431492,256.39169657628594,291.92163205689485,216.0604184631623,170.92779771752396,302.48458584842723,326.4912990110008,175.72914035003868,261.19303920880066,290.00109500388896,260.2327706822977,227.58364078119763,260.2327706822977,345.6966695410597,289.040826477386,233.3452519402153
B02009,99000000215,Synthetic Census Tract 99000000215,1.0,Total:,238.66680914295446,208.19870584810923,+/-205,126.95043039518855,206.1674989617862,190.93344731436358,270.1505158809612,226.47956782501637,246.79163668824654,200.07387830281715,299.60301573264496,209.21430929127072,151.32491303106477,285.38456752838385,295.5406019599989,174.68379222377945,217.3391368365628,297.57180884632197,208.19870584810923,109.68517186144291,235.61999881346995,228.5107747113394,231.5575850408239,254.91646423353862,236.63560225663147,289.4469813010299,207.1831024049477,304.6810329484525,183.82422321223302,220.38594716604732,193.98025764384812,316.86827426639064,314.8370673800676,180.7774128827485,126.95043039518855,311.7902570505831,261.0100848925077,217.3391368365628,308.74344672109856,430.61585990047956,279.2909468694148,328.03991214116724,185.85543009855604,272.18172276728427,266.0881021083152,258.97887800618463,229.5263781545009,278.2753434262533,227.4951712681779,221.40155060920884,178.7462059964255,370.69525675395056,348.3519810043974,119.841206293058,163.51215434900286,365.61723953814305,286.4001709715454,196.0114645301711,272.18172276728427,366.6328429813045,179.76180943958698,288.43137785786837,251.86965390405408,254.91646423353862,218.3547402797243,199.05827485965565,295.5406019599989,196.0114645301711,298.5874122894835,304.6810329484525,269.13491243779976,120.8568097362195,132.0284476109961,296.55620540316045,321.94629148219815,166.55896467848737,225.46396438185488,233.58879192714693,213.27672306391676,148.27810270158022,265.0724986651537,239.682412586116,258.97887800618463,271.16611932412275
B02009,99000000216,Synthetic Census Tract 99000000216,1.0,Total:,21.83905896727408,33.27856604537003,+/-32,20.79910377835627,8.319641511342507,8.319641511342507,25.998879722945333,7.279686322424693,44.71807312346598,23.91896934510971,22.879014156191893,22.879014156191893,32.23861085645221,23.91896934510971,10.399551889178134,23.91896934510971,35.35847642320565,31.1986556675344,20.79910377835627,18.71919340052064,39.51829717887691,6.23973113350688,19.759148589438453,20.79910377835627,6.23973113350688,9.35959670026032,23.91896934510971,9.35959670026032,33.27856604537003,29.118745289698772,21.83905896727408,17.679238211602826,32.23861085645221,22.879014156191893,8.319641511342507,18.71919340052064,35.35847642320565,37.43838680104128,18.71919340052064,22.879014156191893,28.07879010078096,8.319641511342507,17.679238211602826,20.79910377835627,43.67811793454816,30.158700478616588,23.91896934510971,35.35847642320565,7.279686322424693,27.038834911863148,22.879014156191893,31.1986556675344,8.319641511342507,34.31852123428784,40.55825236779472,31.1986556675344,7.279686322424693,8.319641511342507,20.79910377835627,24.95892453402752,7.279686322424693,28.07879010078096,23.91896934510971,21.83905896727408,39.51829717887691,37.43838680104128,19.759148589438453,28.07879010078096,6.23973113350688,22.879014156191893,21.83905896727408,28.07879010078096,7.279686322424693,24.95892453402752,34.31852123428784,24.95892453402752,9.35959670026032,7.279686322424693,16.639283022685014,20.79910377835627,6.23973113350688,29.118745289698772,19.759148589438453,20.79910377835627
B02009,99000000217,Synthetic Census Tract 99000000217,1.0,Total:,56.64156470769841,64.8803377560909,+/-63,39.134171979864355,41.19386524196248,28.835705669373734,75.17880406658152,60.76095123189465,43.2535585040606,55.611718076649346,27.805859038324673,48.40279165930591,31.92524556252092,65.91018438713996,27.805859038324673,63.85049112504184,42.22371187301154,19.567085989932178,60.76095123189465,59.73110460084559,35.014785455668104,45.31325176615873,64.8803377560909,77.23849732867964,77.23849732867964,41.19386524196248,91.65635016336651,81.35788385287589,78.26834395972871,84.44742374602308,44.28340513510966,54.581871445600285,74.14895743553245,79.29819059077776,56.64156470769841,82.38773048392495,71.05941754238528,33.98493882461904,96.80558331861182,52.522178183502156,56.64156470769841,59.73110460084559,54.581871445600285,57.67141133874747,78.26834395972871,72.08926417343433,78.26834395972871,60.76095123189465,48.40279165930591,55.611718076649346,76.20865069763059,38.104325348815294,62.82064449399278,55.611718076649346,75.17880406658152,92.68619679441558,97.83542994966088,71.05941754238528,57.67141133874747,59.73110460084559,72.08926417343433,106.07420299805338,54.581871445600285,32.95509219356998,77.23849732867964,45.31325176615873,33.98493882461904,36.044632086717165,35.014785455668104,30.89539893147186,50.462484921404034,23.686472514128425,76.20865069763059,49.43263829035497,52.522178183502156,73.1191108044834,72.08926417343433,43.2535585040606,38.104325348815294,19.567085989932178,50.462484921404034,57.67141133874747,21.6267792520303,48.40279165930591
B02009,99000000218,Synthetic Census Tract 99000000218,1.0,Total:,140.36733577014436,155.60100011729182,+/-143,94.66634272870202,165.39407005474376,142.54357353402258,150.1604057075963,94.66634272870202,157.77723788117004,198.03763651291686,156.6891189992309,254.61981837375026,232.85744073496818,70.72772732604174,110.98812595778857,101.19505602033664,173.0109022283175,149.07228682565722,85.96139167318918,96.84258049258023,72.90396508991995,178.451496638013,208.9188253323079,139.27921688820527,110.98812595778857,193.68516098516045,157.77723788117004,77.25644061767636,132.75050359657064,201.30199315873418,171.92278334637837,186.06832881158672,226.32872744333355,59.8465385066507,181.7158532838303,113.16436372166677,109.90000707584947,191.50892322128226,93.57822384676291,177.3633777560739,82.69703502737188,175.18713999219568,154.51288123535272,138.19109800626617,182.8039721657694,126.22179030493602,188.24456657546494,228.50496520721177,145.8079301798399,97.93069937451934,116.42872036748409,84.87327279125009,69.63960844410263,226.32872744333355,146.896049061779,167.57030781862196,155.60100011729182,125.13367142299693,170.83466446443927,163.21783229086554,188.24456657546494,100.10693713839754,105.54753154809306,158.86535676310913,162.12971340892645,130.57426583269245,128.39802806881423,179.5396155199521,132.75050359657064,70.72772732604174,138.19109800626617,106.63565043003216,94.66634272870202,242.65051067242013,163.21783229086554,239.3861540266028,124.04555254105782,146.896049061779,191.50892322128226,177.3633777560739,204.5663498045515,57.6703007427725,129.48614695075332,151.2485245895354
B02009,99000000219,Synthetic Census Tract 99000000219,1.0,Total:,23.242194949600293,31.6093851314564,+/-34,19.523443757664246,24.171882747584306,14.875004767744187,25.101570545568315,21.382819353632268,35.32813632339244,11.15625357580814,39.04688751532849,34.39844852540843,26.031258343552327,32.53907292944041,8.367190181856106,10.226565777824128,31.6093851314564,25.101570545568315,25.101570545568315,22.31250715161628,36.25782412137646,20.453131555648255,28.82032173750436,13.945316969760174,20.453131555648255,7.4375023838720935,19.523443757664246,29.750009535488374,38.11719971734448,10.226565777824128,31.6093851314564,30.679697333472387,26.96094614153634,26.031258343552327,12.085941373792153,14.875004767744187,31.6093851314564,26.031258343552327,24.171882747584306,27.89063393952035,42.765638707264536,19.523443757664246,21.382819353632268,36.25782412137646,13.015629171776164,32.53907292944041,20.453131555648255,27.89063393952035,11.15625357580814,35.32813632339244,5.57812678790407,13.015629171776164,29.750009535488374,24.171882747584306,36.25782412137646,41.83595090928053,14.875004767744187,29.750009535488374,22.31250715161628,22.31250715161628,9.296877979840117,26.031258343552327,16.734380363712212,47.414077697184595,24.171882747584306,36.25782412137646,25.101570545568315,23.242194949600293,7.4375023838720935,31.6093851314564,13.015629171776164,8.367190181856106,26.96094614153634,27.89063393952035,32.53907292944041,28.82032173750436,7.4375023838720935,22.31250715161628,23.242194949600293,29.750009535488374,11.15625357580814,21.382819353632268,25.101570545568315,6.507814585888082
B02009,99000000220,Synthetic Census Tract 99000000220,1.0,Total:,264.44102458999856,258.4310013038623,+/-258,157.262275987234,198.33076844249894,169.28232255950667,213.35582665783977,223.37253213473366,149.2489116057189,254.4243191131047,134.22385339037808,295.49281156836963,342.5713273097709,333.5562923805664,310.51786978371047,183.3057102271581,185.30905132253687,268.44770678075616,291.4861293776121,185.30905132253687,345.5763389528391,306.5111875929529,148.24724105802952,213.35582665783977,214.35749720552914,309.51619923602107,256.4276602084835,390.6515135988615,351.58636223897537,283.47276499609694,315.5262225221574,347.5796800482178,361.60306771586926,294.49114102068023,308.51452868833167,240.40093144545327,232.38756706393815,265.44269513768796,394.65819578961907,270.4510478761349,295.49281156836963,305.5095170452635,240.40093144545327,89.14867874435558,163.27229927337035,150.2505821534083,112.18710134121152,243.4059430885214,161.26895817799155,255.42598966079407,160.26728763030218,220.3675204916655,197.32909789480954,303.5061759498847,286.47777663916514,102.17039586431764,176.29401639333238,214.35749720552914,270.4510478761349,120.20046572272663,268.44770678075616,319.53290471291496,146.24389996265074,317.52956361753616,202.33745063325648,318.53123416522556,345.5763389528391,345.5763389528391,290.4844588299227,448.74840536484606,291.4861293776121,294.49114102068023,380.63480812196764,316.5278930698468,344.5746684051497,296.49448211605903,276.46107116227125,353.58970333435417,389.6498430511721,338.56464511901333,313.5228814267786,358.5980560728011,276.46107116227125,169.28232255950667
B02009,99000000221,Synthetic Census Tract 99000000221,1.0,Total:,620.850753867781,377.610648087039,+/-385,229.50880948666787,502.17312161185447,678.718359678522,695.3920766070406,646.351732699633,575.7336374729659,580.6376718637067,635.5628570400033,666.9486771407442,726.7778967077816,732.6627379766705,568.8679893259289,586.5225131325957,764.0485580774114,613.985105720744,488.44182531778034,823.8777776444488,704.2193385103741,689.5072353381518,564.9447618133363,652.236573968522,357.01370364592776,519.8276454185212,663.0254496281516,528.6549073218546,494.32666658666926,575.7336374729659,562.98314805704,603.1962300611143,833.6858464259303,663.0254496281516,511.981190393336,358.9753174022241,681.6607803129665,520.8084522966694,373.6874205744464,582.599285620003,650.2749602122257,685.5840078255592,617.9083332333365,576.7144443511141,673.8143252877813,763.0677511992633,487.4610184396322,660.0830289937071,726.7778967077816,445.28632267926156,667.9294840188924,664.9870633844479,658.1214152374108,778.7606612496337,374.6682274525945,540.4245898596324,610.0618782081514,846.4363358418562,774.8374337370411,731.6819310985223,794.4535713000041,606.1386506955587,664.0062565062998,642.4285051870404,374.6682274525945,540.4245898596324,504.13473536815076,551.2134655192622,594.3689681577808,402.13082004074283,677.7375528003739,763.0677511992633,612.0234919644477,605.1578438174106,436.4590607759282,410.95808194407624,715.9890210481519,553.1750792755585,482.5569840488914,648.3133464559293,621.8315607459292,638.5052776744478,684.603200947411,675.7759390440776
B02009,99000000222,Synthetic Census Tract 99000000222,1.0,Total:,206.92541914647694,154.1992306139612,+/-155,93.51437211427323,305.4139599902328,199.96158292520127,156.18889810575422,181.05974175316732,166.13723556471948,156.18889810575422,217.8685903513387,281.53795008871623,162.15790058113336,229.80659530209698,209.9099203841665,264.6257764084753,211.89958787595955,217.8685903513387,164.14756807292642,228.81176155620045,218.86342409723522,121.3697169993759,244.72910149054485,297.45529002306057,182.05457549906384,230.8014290479935,193.99258044982213,213.8892553677526,229.80659530209698,105.45237706503151,299.4449575148536,222.8427590808213,206.92541914647694,191.00807921213254,142.2612256632029,196.9770816875117,148.23022813858205,266.61544390026836,184.0442429908569,218.86342409723522,168.1269030565125,155.1940643598577,227.81692781030392,169.12173680240903,159.1733993434438,181.05974175316732,257.66194018719966,237.76526526926918,253.68260520361355,265.62061015437183,149.22506188447855,169.12173680240903,247.7136027282344,185.0390767367534,176.0855730236847,164.14756807292642,206.92541914647694,192.9977467039256,253.68260520361355,169.12173680240903,196.9770816875117,272.58444637564753,110.42654579451414,145.24572690089246,209.9099203841665,184.0442429908569,182.05457549906384,203.94091790878736,203.94091790878736,314.3674637033015,132.31288820423765,183.04940924496037,163.1527343270299,218.86342409723522,311.3829624656119,242.7394339987518,254.67743894951008,174.09590553189165,207.92025289237347,248.70843647413093,260.64644142488925,259.6516076789927,204.93575165468388,243.73426774464832
B02009,99000000223,Synthetic Census Tract 99000000223,1.0,Total:,317.80216580240483,262.3715554880319,+/-284,159.82492640644196,335.3551924019563,279.9245820875833,269.76230352994827,393.5573332320478,412.03420333683886,300.2491392028534,229.11318929940813,408.3388293158806,217.103223731294,434.206447462588,197.7025101212635,350.136688485789,252.20927693039687,297.47760868713476,376.0043066324964,409.2626728211202,321.497539823363,169.987204964077,329.81213137051896,483.1701532402841,223.57012826797086,196.7786666160239,481.322466229805,380.6235241586942,293.7822346661766,358.45128003294496,382.4712111691733,433.28260395734844,357.52743652770545,254.9808074461155,300.2491392028534,247.5900594041991,296.5537651818952,268.83846002470875,291.0107041504579,257.75233796183414,145.0434303226092,347.3651579700704,449.9117870516603,307.6398872447698,303.9445132238116,434.206447462588,309.4875742552489,221.72244125749174,297.47760868713476,292.858391160937,408.3388293158806,241.1231548675223,343.66978394911223,181.99717053219115,415.72957735779704,337.2028794124354,431.43491694686935,363.0704975591427,291.9345476556975,224.4939717732104,306.7160437395303,426.8156994206716,304.86835672905113,140.42421279641144,441.5971955045044,388.01427220061055,220.7985977522522,298.40145219237434,345.5174709595913,222.64628476273128,320.5736963181235,204.1694146579403,263.2953989932715,330.73597487575853,344.59362745435175,374.15661962201733,361.22281054866363,301.17298270809295,304.86835672905113,369.5374020958196,438.8256649887858,312.25910477096755,193.08329259506573,316.8783222971653
B02009,99000000224,Synthetic Census Tract 99000000224,1.0,Total:,32.43866226910936,48.19458394267676,+/-52,29.658205503185698,36.14593795700757,57.46277316242229,37.99957580095668,36.14593795700757,42.63367041082944,31.511843347134803,75.99915160191335,13.902283829618296,15.755921673567402,31.511843347134803,31.511843347134803,41.70685148885489,45.4141271767531,25.024110893312933,13.902283829618296,25.950929815287488,13.902283829618296,13.902283829618296,63.02368669426961,41.70685148885489,41.70685148885489,65.80414346019327,32.43866226910936,34.29230011305847,50.04822178662587,37.07275687898212,50.97504070860042,9.26818921974553,16.682740595541954,32.43866226910936,32.43866226910936,37.07275687898212,37.99957580095668,29.658205503185698,12.975464907643744,37.99957580095668,16.682740595541954,13.902283829618296,63.950505616244165,32.43866226910936,28.731386581211144,15.755921673567402,37.99957580095668,28.731386581211144,17.60955951751651,28.731386581211144,15.755921673567402,60.24322992834595,51.901859630574975,36.14593795700757,25.024110893312933,37.07275687898212,17.60955951751651,34.29230011305847,47.26776502070221,29.658205503185698,48.19458394267676,44.48730825477855,17.60955951751651,34.29230011305847,32.43866226910936,15.755921673567402,39.85321364490578,29.658205503185698,14.829102751592849,35.21911903503302,13.902283829618296,56.53595424044774,51.901859630574975,35.21911903503302,27.804567659236593,32.43866226910936,22.243654127389274,29.658205503185698,46.340946098727656,34.29230011305847,53.75549747452408,48.19458394267676,11.121827063694637,37.07275687898212
B02009,99000000225,Synthetic Census Tract 99000000225,1.0,Total:,68.80428785925011,84.09412960575013,+/-88,50.64760078528133,89.82782026068764,76.44920873250013,39.18021947540631,126.1411944086252,74.53797851418761,80.27166916912512,93.65028069731264,72.62674829587512,88.87220515153139,31.5352986021563,78.36043895081262,103.20643178887516,60.203751876843846,28.668453274687543,74.53797851418761,89.82782026068764,66.8930576409376,35.3577590387813,56.38129144021884,64.02621231346885,44.91391013034382,47.780755457812575,38.22460436625006,97.47274113393765,95.56151091562515,78.36043895081262,90.78343536984389,87.91659004237513,125.18557929946894,48.73637056696882,63.0705972043126,88.87220515153139,75.49359362334387,43.00267991203132,68.80428785925011,91.73905047900014,88.87220515153139,31.5352986021563,39.18021947540631,68.80428785925011,78.36043895081262,86.00535982406264,29.624068383843795,123.27434908115644,52.55883100359383,92.6946655881564,90.78343536984389,77.40482384165637,110.85135266212517,43.00267991203132,68.80428785925011,78.36043895081262,63.0705972043126,40.13583458456256,71.67113318671886,106.07327711634392,64.9818274226251,43.00267991203132,36.31337414793756,67.84867275009385,69.75990296840635,70.7155180775626,31.5352986021563,108.94012244381267,86.00535982406264,88.87220515153139,103.20643178887516,73.58236340503136,119.45188864453144,32.49091371131255,55.42567633106258,95.56151091562515,82.18289938743763,34.402143929625055,93.65028069731264,100.3395864614064,51.60321589443758,34.402143929625055,50.64760078528133,83.13851449659388
B02009,99000000226,Synthetic Census Tract 99000000226,1.0,Total:,2126.562257624544,991.6910302162356,"+/-1,032",602.5099573116082,1606.693219497622,1543.271118727979,1926.6865461080934,1997.7961742437537,2143.859194198083,2137.132607752818,2373.5240742578508,1663.388733822,2444.633702393511,2128.4841394660484,2541.68873538948,2214.9688223337434,2436.9461750274936,2099.6559118434834,2249.5626954808213,2473.461930016076,2435.0242931859893,2366.7974878125856,2041.9994565983534,1801.7642264103117,2189.984358394187,2034.311929232336,1477.927136116832,1729.6936573538994,2037.1947519945925,2034.311929232336,1758.5218849764644,1648.0136790899653,2310.101973488208,1964.1632420174278,2383.1334834653726,1835.3971586366376,2556.102849200762,2226.5001133827695,1923.803723345837,1936.2959553156152,1972.8117103041975,2419.6492384539547,2802.103724913317,1616.3026287051437,1777.7407033915076,1843.084686002655,1895.936436644024,1943.9834826816325,2525.352739736693,2625.2905954949183,2212.085999571487,2286.078450469404,2256.2892819260865,2011.249347134284,2290.8831550731643,1974.7335921457018,2504.2120394801454,2285.1175095486515,1895.936436644024,2350.4614921597986,1770.0531760254903,2148.663898801844,2419.6492384539547,2273.5862184996254,2410.039829246433,1355.8876391813067,1760.4437668179687,1669.1543793465128,2104.4606164472443,1840.2018632403986,2027.5853427870709,1967.0460647796845,2182.29683102817,1917.0771369005718,2416.766415691698,2275.5081003411296,2424.4539430577156,1524.0523003129358,2164.9998944546305,1966.0851238589323,2506.1339213216497,2039.116633836097,2133.2888440698093,1966.0851238589323
B02009,99000000227,Synthetic Census Tract 99000000227,1.0,Total:,355.7946120277935,211.89983818829808,+/-215,129.11106419845137,297.6453541063536,297.6453541063536,343.96764431495825,376.4918055252552,269.06351546700176,305.5299992482437,506.5884503664428,273.00583803794683,366.63599909789247,481.9489342980361,403.10248287913447,412.9582893064972,397.18899902271687,311.44348310466137,452.38151501594797,344.95322495769454,335.0974185303318,400.14574095092564,265.12119289605664,260.1932896823753,269.06351546700176,337.06857981580436,256.2509671114302,361.7080958842111,365.6504184551562,435.6266440894314,428.7275795902775,225.69796718660587,335.0974185303318,371.5639023115738,376.4918055252552,345.9388056004308,395.21783773724434,443.51128923132154,338.05416045854065,371.5639023115738,301.58767667729865,383.3908700244091,430.69874087575005,427.7419989475412,378.4629668107277,359.73693459873857,545.0260954331574,351.85228945684844,350.86670881411214,317.35696696107897,273.00583803794683,412.9582893064972,324.25603146023286,203.02961240367165,269.06351546700176,480.9633536552998,324.25603146023286,338.05416045854065,334.1118378875956,371.5639023115738,436.61222473216765,326.2271927457054,371.5639023115738,292.7174508926722,424.7852570193324,393.24667645177175,394.23225709450804,361.7080958842111,327.2127733884417,334.1118378875956,276.9481606088919,463.22290208604693,327.2127733884417,293.7030315354085,321.29928953202403,293.7030315354085,348.8955475286396,332.14067660212305,288.77512832172715,372.5494829543101,347.9099668859034,317.35696696107897,420.8429344483873,303.5588379627712
B02009,99000000228,Synthetic Census Tract 99000000228,1.0,Total:,820.8246000540826,362.8801158396006,+/-355,220.79466203198234,740.0709968109038,883.1786481279294,650.1176159830592,621.496085719654,901.5782032972612,776.8701071495675,878.0676605808927,1019.1309168791037,866.8234879774121,867.8456854868195,893.4006232220027,547.8978650423265,741.0931943203111,750.2929719049771,816.7358100164532,766.6481320554942,879.0898580903,902.6004008066685,575.4971977963244,1129.5282478950949,884.2008456373367,722.6936391509793,650.1176159830592,905.6669933348905,917.9333634477784,826.9577851105265,805.4916374129726,773.8035146213456,804.4694399035653,866.8234879774121,697.1387014157962,1001.7535592191791,876.0232655620781,786.0698847342335,756.426156961421,769.7147245837162,852.5127228457096,709.4050715286841,825.9355876011191,578.5637903245463,856.601512883339,888.289635674966,995.6203741627352,730.8712192262378,710.4272690380914,753.359564433199,829.0021801293411,733.9378117544599,866.8234879774121,785.0476872248262,891.356228203188,600.0299380221002,835.1353651857851,846.3795377892657,719.6270466227572,923.0443509948151,771.7591196025309,845.3573402798584,840.2463527328217,822.8689950728972,902.6004008066685,672.6059611900203,745.1819843579405,974.1542264651814,732.9156142450526,879.0898580903,663.4061836053544,839.2241552234144,897.489413259632,983.3540040498473,841.268550242229,863.7568954491902,817.7580075258605,884.2008456373367,998.6869666909572,609.2297156067661,920.9999559760005,769.7147245837162,738.0266017920892,898.5116107690393
B02009,99000000229,Synthetic Census Tract 99000000229,1.0,Total:,83.18099170217587,102.69258234836526,+/-100,62.64247523250281,105.77335981881623,63.66940105598647,126.31187628848929,32.861626351476886,25.673145587091316,112.96184058320179,100.63873070139796,84.20791752565952,125.28495046500562,74.96558511430665,59.56169776205186,75.9925109377903,75.9925109377903,52.37321699766629,105.77335981881623,109.88106311275084,82.15406587869222,102.69258234836526,90.36947246656143,63.66940105598647,102.69258234836526,88.31562081959413,107.82721146578353,66.75017852643742,69.83095599688838,57.50784611508455,48.26551370373168,67.77710434992107,101.66565652488161,69.83095599688838,53.40014282114994,111.93491475971814,22.59236811664036,58.534771938568205,123.23109881803832,81.12714005520856,155.06579934603155,60.58862358553551,75.9925109377903,103.71950817184891,41.07703293934611,46.21166205676437,45.18473623328072,86.26176917262683,97.557953230947,113.98876640668544,101.66565652488161,77.01943676127395,51.34629117418263,83.18099170217587,101.66565652488161,64.69632687947012,137.60806034680945,137.60806034680945,48.26551370373168,78.0463625847576,28.753923057542274,101.66565652488161,87.28869499611048,57.50784611508455,56.480920291600896,110.90798893623449,64.69632687947012,159.17350263996616,161.22735428693346,68.80403017340473,52.37321699766629,83.18099170217587,47.238587880248026,96.53102740746336,124.25802464152197,109.88106311275084,99.61180487791431,123.23109881803832,53.40014282114994,75.9925109377903,82.15406587869222,47.238587880248026,107.82721146578353,130.4195795824239
B02009,99000000230,Synthetic Census Tract 99000000230,1.0,Total:,318.285346098745,190.57826278752015,+/-194,115.91873715941946,272.11432367084063,278.9908589260604,278.9908589260604,376.2447146784547,231.83747431883893,330.0736922505503,288.81448071923154,331.05605442986746,257.3788909810839,301.585189050354,361.509281988698,371.33290378186916,268.18487495357215,287.83211853991446,308.46172430557385,307.4793621262567,305.5146377676225,365.43873070596646,310.42644866420807,306.4969999469396,363.47400634733225,423.3980992856762,338.9149518644044,366.42109288528354,389.9977851888943,308.46172430557385,268.18487495357215,257.3788909810839,185.66645189093458,233.80219867747317,302.56755122967115,342.8444005816728,297.6557403330856,269.1672371328893,241.66109611201009,359.54455763006376,223.97857688430202,290.77920507786575,340.8796762230386,210.22550637386243,219.06676598771645,196.47243586342282,407.6803044166024,338.9149518644044,195.4900736841057,315.33825956079363,343.82676276098994,262.29070187766945,334.9855031471359,268.18487495357215,318.285346098745,336.95022750577016,252.46708008449832,383.1212499336745,336.95022750577016,281.93794546401176,334.9855031471359,308.46172430557385,371.33290378186916,318.285346098745,294.70865379513424,332.0384166091846,345.79148711962415,218.08440380839934,349.72093583689264,348.7385736575755,418.4862883890906,258.361253160401,231.83747431883893,246.57290700859565,237.73164739474163,308.46172430557385,289.7968428985487,229.87274996020471,207.27841983591108,357.57983327142955,363.47400634733225,355.61510891279534,325.16188135396476,222.0138525256678
B02009,99000000231,Synthetic Census Tract 99000000231,1.0,Total:,284.7094203468644,203.22362073034807,+/-207,123.70133435760317,299.43576967515054,229.73104952126303,189.4790280239477,247.40266871520635,161.989842611147,253.29320844652077,289.61820345629314,420.1918341670965,357.3594103664091,318.08914549097955,322.9979286004083,350.48711401320895,226.7857796556058,309.25333589400793,297.47225643137904,196.35132437714788,305.326309406465,292.56347332195037,247.40266871520635,328.8884683317227,421.1735907889822,312.19860575966516,226.7857796556058,215.98645681486266,327.90671170983694,148.24524990474666,343.6148176600088,294.5269865657218,320.05265873475105,295.5087431876076,272.9283408842356,379.93981266978113,284.7094203468644,254.27496506840652,221.8769965461771,312.19860575966516,292.56347332195037,208.13240383977677,326.9249550879512,211.07767370543397,240.53037236200615,359.3229236101806,394.66616199806725,241.5121289838919,384.84859577920986,275.8736107498928,353.4323838788662,244.45739884954912,184.570244914519,192.42429788960493,264.0925312872639,323.979685222294,278.81888061555,209.1141604616625,292.56347332195037,308.27157927212215,275.8736107498928,252.31145182463504,309.25333589400793,283.7276637249787,173.77092207377586,288.63644683440737,269.98307101857836,274.891854128007,309.25333589400793,377.9762994260097,222.85875316806286,253.29320844652077,232.67631938692026,276.8553673717785,346.560087525666,164.93511247680422,261.1472614216067,316.1256322472081,400.5567017293817,301.399282918922,311.2168491377794,390.7391355105243,210.09591708354824,269.98307101857836
B02009,99000000232,Synthetic Census Tract 99000000232,1.0,Total:,818.9803122345926,579.324783078387,+/-614,351.93508809159334,937.8645511073561,624.6140169346778,827.4720435826471,704.8137018885261,602.9129257118717,983.1537849636469,886.9141630190288,741.6112043967624,857.6648661535077,608.5740799439081,765.1993470302473,693.4913934244535,967.1138479728772,855.7778147428289,931.2598711699803,766.1428727355866,572.7201031410112,1059.5793670961377,821.8108893506108,779.3522326103381,891.6317915457258,1078.4498812029256,829.3590949933259,1113.360332300483,1042.5959044000285,567.0589489089748,522.7132407580234,606.6870285332293,835.9637749307017,697.2654962458109,785.9569125477138,1095.4333438990345,424.5865674027266,664.2420965589322,985.0408363743256,741.6112043967624,954.848013803465,583.0988858997445,780.2957583156775,1081.2804583189436,819.923837939932,785.9569125477138,779.3522326103381,805.7709523598411,551.0190119182051,926.5422426432833,1074.6757783815679,754.820564271514,786.9004382530533,677.4514564336837,977.4926307316106,540.6402291594718,832.1896721093441,784.0698611370351,798.2227467171259,751.0464614501564,433.07829875078113,1085.9980868456407,808.6015294758593,610.4611313545869,768.9734498516048,1087.8851382563194,999.1937219544166,1263.3809194494463,946.3562824554106,536.8661263381143,595.3647200691566,837.8508263413804,825.5849921719683,822.7544150559502,972.7750022049136,886.9141630190288,457.60996708960533,901.0670485991197,851.0601862161319,808.6015294758593,846.342557689435,655.7503652108777,792.5615924850896,1049.2005843374043
B02009,99000000233,Synthetic Census Tract 99000000233,1.0,Total:,59.024352481544504,48.84773998472649,+/-48,29.512176240772252,69.20096497836252,64.11265872995351,75.30693247645334,49.86540123440829,43.759433736317476,88.53652872231676,54.9537074828173,64.11265872995351,91.58951247136217,62.077336230589914,74.28927122677153,50.88306248409009,74.28927122677153,46.812417485362886,32.56515998981766,67.16564247899892,58.0066912318627,62.077336230589914,39.68878873759027,60.042013731226305,43.759433736317476,80.39523872486234,56.9890299821809,50.88306248409009,64.11265872995351,65.13031997963532,69.20096497836252,44.777094985999284,65.13031997963532,60.042013731226305,32.56515998981766,51.90072373377189,80.39523872486234,83.44822247390775,75.30693247645334,59.024352481544504,72.25394872740793,69.20096497836252,71.23628747772612,61.05967498090811,25.441531242045045,56.9890299821809,75.30693247645334,51.90072373377189,63.094997480271715,68.18330372868073,78.35991622549874,43.759433736317476,82.43056122422595,63.094997480271715,46.812417485362886,69.20096497836252,54.9537074828173,63.094997480271715,63.094997480271715,63.094997480271715,53.9360462331355,55.9713687324991,97.69547996945298,42.741772486635675,82.43056122422595,60.042013731226305,49.86540123440829,76.32459372613513,71.23628747772612,39.68878873759027,67.16564247899892,78.35991622549874,76.32459372613513,89.55418997199857,52.91838498345369,56.9890299821809,55.9713687324991,44.777094985999284,77.34225497581694,76.32459372613513,61.05967498090811,60.042013731226305,56.9890299821809,80.39523872486234
B02009,99000000234,Synthetic Census Tract 99000000234,1.0,Total:,486.52113204304106,146.43804370404405,+/-152,88.63355276823718,401.74121200385764,448.94821293476656,470.14319294456243,468.21637658003556,472.0700093090893,430.64345747176105,582.8619502693858,462.43592748645483,422.9361920136535,515.4233775109444,520.2404184222617,528.9110920626327,601.1667057323913,479.7772747671969,472.0700093090893,492.30158113662173,508.6795202351003,515.4233775109444,437.3873147476052,443.1677638411859,478.81386658493346,524.0940511513155,541.4353984320576,581.8985420871223,526.9842756981059,438.35072292986865,502.89907114151964,484.59431567851414,456.65547839287416,527.9476838803693,496.15521386567553,547.2158475256382,408.4850692797018,448.94821293476656,482.66749931398726,469.179784762299,513.4965611464175,430.64345747176105,430.64345747176105,589.6058075452299,506.75270387057344,430.64345747176105,481.70409113172377,461.4725193041914,432.570273836288,519.2770102399983,539.5085820675307,512.5331529641542,469.179784762299,477.85045840267003,462.43592748645483,433.5336820185514,473.0334174913528,473.99682567361623,498.0820302302024,465.3261520332452,412.33870200875555,547.2158475256382,469.179784762299,501.9356629592562,470.14319294456243,512.5331529641542,436.4239065653418,531.8013166094231,504.82588750604657,370.9121501714273,503.8624793237831,530.8379084271596,453.7652538460838,461.4725193041914,464.36274385098176,487.4845402253045,536.6183575207403,504.82588750604657,446.05798838797625,461.4725193041914,548.1792557079017,486.52113204304106,473.0334174913528,519.2770102399983
B02009,99000000235,Synthetic Census Tract 99000000235,1.0,Total:,250.3905028521105,162.39094206712963,+/-179,98.88610438724653,168.74142583511795,310.2664926645717,301.19437299601697,187.79287713908286,280.3284977583411,305.7304328302943,204.1226925424814,295.75110119488414,247.66886695154406,300.2871610291615,263.0914703880871,230.4318395812901,290.30782939375126,255.83377465324332,205.93711647619233,283.0501336589075,233.1534754818565,207.75154040990327,161.48373010027416,264.90589432179803,180.5351814042391,252.20492678582144,206.8443284430478,159.66930616656322,324.78188413425926,193.2361489402157,243.1328071172667,247.66886695154406,314.8025524988491,266.72031825550897,329.3179439685366,291.2150413606068,288.4934054600403,254.01935071953238,241.31838318355577,303.0087969297279,233.1534754818565,273.9780139903528,144.24670273002016,256.7409866200988,226.8029917138682,254.92656268638785,273.0708020234973,276.6996498909192,202.30826860877042,281.23570972519656,187.79287713908286,192.32893697336024,244.94723105097765,141.52506682945375,290.30782939375126,305.7304328302943,273.0708020234973,283.0501336589075,207.75154040990327,275.79243792406373,244.04001908412218,319.33861233312643,231.33905154814556,277.6068618577747,173.2774856693953,226.8029917138682,283.95734562576297,244.04001908412218,228.61741564757915,373.7713303444548,192.32893697336024,167.83421386826245,233.1534754818565,251.29771481896597,292.12225332746226,321.1530362668374,235.87511138242292,243.1328071172667,244.04001908412218,311.17370463142714,166.92700190140698,294.8438892280287,301.19437299601697,322.9674602005483
B02009,99000000236,Synthetic Census Tract 99000000236,1.0,Total:,223.29536200472148,148.5356813335372,+/-151,90.49856081248625,284.28352255226656,212.4748819075764,208.5401618722509,186.89920167796072,237.0668821283607,275.43040247278424,277.39776249044695,239.03424214602344,276.4140824816156,307.8918427642195,214.44224192523913,198.70336178393717,166.2419214925019,252.80576226966267,236.08320211952932,145.58464130704309,207.55648186341952,173.1276815543215,271.4956824374587,265.5936023844705,129.84576116574112,264.60992237563914,156.40512140418818,290.1856026052548,258.7078423226509,233.13216209303522,214.44224192523913,205.58912184575678,213.45856191640777,244.93632219901167,208.5401618722509,162.3072014571764,267.5609624021332,241.98528217251757,234.11584210186658,256.7404823049881,226.2464020312156,311.826562799545,166.2419214925019,278.3814424992783,156.40512140418818,205.58912184575678,149.51936134236857,301.98976271123126,183.9481616514666,183.9481616514666,220.34432197822736,235.09952211069796,239.03424214602344,277.39776249044695,212.4748819075764,198.70336178393717,271.4956824374587,302.9734427200626,210.50752188991365,233.13216209303522,193.78496173978033,275.43040247278424,211.49120189874503,133.7804812010666,249.85472224316854,214.44224192523913,252.80576226966267,192.80128173094894,221.32800198705874,336.4185630203293,235.09952211069796,205.58912184575678,223.29536200472148,263.62624236680773,258.7078423226509,182.96448164263523,176.07872158081562,260.6752023403136,301.0060827023999,184.93184166029798,250.8384022519999,202.63808181926268,223.29536200472148,170.1766415278274
B02009,99000000237,Synthetic Census Tract 99000000237,1.0,Total:,24.870663375450853,39.79306140072136,+/-40,23.875836840432818,7.958612280144273,44.76719407581153,24.870663375450853,24.870663375450853,34.818928725631196,9.94826535018034,33.82410219061316,26.86031644548692,30.839622585559056,5.9689592101082045,20.891357235378717,8.953438815162308,6.963785745126239,38.79823486570333,40.7878879357394,32.829275655595126,16.91205109530658,20.891357235378717,31.83444912057709,7.958612280144273,41.78271447075743,6.963785745126239,30.839622585559056,24.870663375450853,25.865489910468888,40.7878879357394,8.953438815162308,27.855142980504954,18.901704165342647,38.79823486570333,30.839622585559056,41.78271447075743,42.77754100577547,6.963785745126239,11.937918420216409,23.875836840432818,26.86031644548692,20.891357235378717,21.886183770396748,35.81375526064923,8.953438815162308,31.83444912057709,24.870663375450853,28.84996951552299,27.855142980504954,8.953438815162308,46.7568471458476,26.86031644548692,19.89653070036068,7.958612280144273,24.870663375450853,11.937918420216409,7.958612280144273,36.80858179566726,59.68959210108204,22.881010305414783,28.84996951552299,20.891357235378717,16.91205109530658,7.958612280144273,40.7878879357394,9.94826535018034,21.886183770396748,28.84996951552299,23.875836840432818,36.80858179566726,6.963785745126239,27.855142980504954,27.855142980504954,39.79306140072136,19.89653070036068,32.829275655595126,43.772367540793496,8.953438815162308,7.958612280144273,26.86031644548692,26.86031644548692,26.86031644548692,32.829275655595126,34.818928725631196
B02009,99000000238,Synthetic Census Tract 99000000238,1.0,Total:,575.577211347273,392.22420806094954,+/-415,238.16988055749226,585.0283970836814,634.1745629130052,597.3149385410123,464.9983382312944,396.0046823555129,771.2167560909273,678.5951358741247,642.6806300757728,353.474346541675,664.4183572695122,326.0659079060906,653.076934385822,612.4368357192658,614.3270728665475,734.3571317189345,617.16242858747,424.3582395647382,740.0278431607795,575.577211347273,404.5107495182805,444.20572961119586,750.4241474708288,589.7539899518856,447.0410853321184,605.8210057037799,488.62630257231547,470.66904967313945,793.8996018583075,689.9365587578149,563.290669889942,550.0590098589702,776.8874675327723,592.5893456728081,721.1254716879627,505.6384368978506,326.0659079060906,608.6563614247025,593.5344642464489,568.961381331787,633.2294443393644,530.2115198125125,551.0041284326111,590.6991085255264,694.6621516260191,755.149740339033,535.8822312543575,654.0220529594628,644.5708672230544,584.0832785100405,634.1745629130052,702.2231002151458,591.6442270991673,405.45586809192133,292.9867578286611,391.2790894873087,557.6199584480969,716.3998788197584,447.9862039057592,554.7846027271744,705.0584559360683,649.2964600912586,466.8885753785761,320.39519646424554,560.4553141690195,573.6869741999913,674.8146615795614,740.0278431607795,384.6632594718228,564.2357884635828,605.8210057037799,593.5344642464489,537.7724684016392,619.0526657347517,565.1809070372237,585.0283970836814,679.5402544477656,717.3449973933992,683.3207287423289,383.71814089818196,531.1566383861534
B02009,99000000239,Synthetic Census Tract 99000000239,1.0,Total:,298.26052646758046,277.97069473509197,+/-274,168.40560337965428,175.50704448602522,268.8402704554722,222.1736574707487,241.44899761661276,364.20247959816794,342.89815627905506,384.49231133065643,190.72441828539158,142.02882212741926,244.492472376486,241.44899761661276,291.15908536120946,271.88374521534547,278.9851863217164,157.24619592678562,119.71000722168195,251.59391348285698,152.1737379936635,407.82561782301815,409.854600996267,342.89815627905506,305.3619675739514,224.20264064399754,351.01408897205044,457.5357055676149,380.4343449841587,267.82577886884775,397.68070195677393,241.44899761661276,263.76781252235,368.26044594466566,412.89807575614026,363.18798801154355,369.2749375312901,418.9850252758868,239.4200144433639,305.3619675739514,361.15900483829466,248.5504387229837,206.95628367138235,291.15908536120946,332.75324041281084,406.81112623639376,409.854600996267,217.1011995376266,304.347475987327,313.4779002669468,259.70984617585236,397.68070195677393,362.1734964249191,267.82577886884775,195.7968762185137,243.4779807898616,305.3619675739514,277.97069473509197,410.8690925828914,353.04307214529933,310.4344255070735,293.18806853445835,353.04307214529933,327.68078247968873,254.63738824273025,289.13010218796063,267.82577886884775,147.10128006054137,137.97085578092157,85.21729327645156,319.56484978669334,339.8546815191818,237.39103127011504,375.3618870510366,312.46340868032235,266.8112872822233,192.75340145864044,251.59391348285698,435.2168906618776,221.15916588412426,372.3184122911633,201.88382573826024,137.97085578092157
B02009,99000000240,Synthetic Census Tract 99000000240,1.0,Total:,111.44698180950226,139.81530445192104,+/-138,85.10496792725628,131.71006941122997,166.15731833416703,91.18389420777459,86.11812230734266,91.18389420777459,57.749799664923906,114.48644494976142,177.30201651511723,130.69691503114356,140.8284588320074,193.5124865964994,52.68402776449198,116.51275370993419,80.03919602682436,132.72322379131634,116.51275370993419,62.815571565355825,108.40751866924312,31.407785782677912,86.11812230734266,42.55248396362814,62.815571565355825,113.47329056967504,99.28912924846566,107.39436428915673,194.52564097658578,139.81530445192104,69.90765222596052,114.48644494976142,45.59194710388729,69.90765222596052,178.31517089520364,117.52590809002058,182.36778841554917,112.46013618958865,82.06550478699712,151.97315701295764,116.51275370993419,153.9994657731304,98.27597486837928,50.65771900431921,67.88134346578775,97.26282048829289,122.59167999045249,112.46013618958865,189.45986907615386,74.97342412639243,54.71033652466475,102.32859238872481,44.57879272380091,72.94711536621966,218.841346098659,92.19704858786096,179.32832527529,156.02577453330318,96.2496661082065,139.81530445192104,118.53906247010696,128.6706062709708,87.13127668742905,134.7495325514891,136.77584131166188,105.36805552898396,117.52590809002058,97.26282048829289,66.86818908570136,117.52590809002058,175.27570775494448,108.40751866924312,159.06523767356234,158.05208329347593,52.68402776449198,115.49959932984781,64.84188032552859,166.15731833416703,96.2496661082065,52.68402776449198,130.69691503114356,40.52617520345537,74.97342412639243
B02009,99000000241,Synthetic Census Tract 99000000241,1.0,Total:,318.3625334839548,221.60529291530185,+/-213,134.21165627264762,446.3317871392699,221.60529291530185,227.8476955326343,230.96889684130053,354.7765487517274,358.93815049661566,395.3521657643883,273.6253147264056,252.81730600196408,245.53450294840957,273.6253147264056,296.51412432329124,329.8069382823976,388.0693627108338,449.45298844793615,329.8069382823976,350.6149470068391,211.20128855308113,284.0293190886263,354.7765487517274,396.39256620061036,262.1809099279628,204.95888593574867,216.4032907341915,376.6249579123909,348.5341461343949,425.5237784148284,275.70611559884975,240.3325007672992,287.15052039729255,265.302111236629,314.2009317390665,281.94851821618215,380.78655965727927,452.5741897566024,322.5241352288431,466.09939542748936,241.37290120352128,307.95852912173405,342.2917435170625,251.77690556574203,329.8069382823976,402.6349688179428,293.392923014625,289.2313212697367,327.7261374099535,237.21129945863296,232.0092972775226,392.2309644557221,366.2209535501702,209.12048768063696,298.59492519573536,391.1905640195,275.70611559884975,221.60529291530185,323.56453566506514,303.79692737684576,395.3521657643883,341.2513430808404,373.50375660372475,339.1705422083963,344.37254438950663,377.66535834861304,330.84733871861965,282.98891865240427,325.6453365375093,212.24168898930319,316.2817326115106,466.09939542748936,377.66535834861304,259.05970861929654,320.4433343563989,384.94816140216756,227.8476955326343,217.44369117041356,302.75652694062364,315.24133217528856,370.3825552950585,353.7361483155053,358.93815049661566
B02009,99000000242,Synthetic Census Tract 99000000242,1.0,Total:,598.1916136317806,307.84731923563237,+/-299,187.38532475212403,582.7477681851769,639.3752014893903,477.72961914827226,519.9427967023222,627.0201251321074,783.5177589910242,791.7544765625461,457.13782521946746,589.9548960602586,788.6657074732253,421.10218584405897,645.5527396680318,559.0672051670514,526.1203348809637,725.8607359903706,613.6354590783842,564.2151536492527,593.0436651495794,576.5702300065356,527.1499245774039,507.5877203450393,760.8667856693388,613.6354590783842,677.4700202576793,477.72961914827226,610.5466899890636,711.4464802402073,713.5056596330877,586.8661269709379,437.57562098710287,753.6596577942571,547.7417185062087,583.7773578816173,543.6233597204478,502.4397718628381,584.8069475780575,667.1741232932768,499.3510027735174,604.3691518104221,638.3456117929501,625.9905354356672,616.724228167705,538.4754112382466,595.1028445424599,601.2803827211013,662.0261748110756,572.4518712207746,601.2803827211013,572.4518712207746,548.771308202649,443.7531591657443,635.2568427036293,703.2097626686852,633.1976633107488,682.6179687398804,672.322071775478,621.8721766499061,509.6468997379198,439.63480037998335,470.5224912731906,442.72356946930404,603.3395621139819,547.7417185062087,586.8661269709379,602.3099724175415,516.8540276130014,678.4996099541195,814.4054498842314,667.1741232932768,507.5877203450393,740.274991740534,735.1270432583328,539.5050009346868,455.078645826587,522.0019760952027,651.7302778466732,583.7773578816173,629.0793045249878,589.9548960602586,402.56957130813464
B02009,99000000243,Synthetic Census Tract 99000000243,1.0,Total:,89.65233518346595,113.35352724346271,+/-110,69.04260295738183,125.71936657911318,38.12800461825564,143.2376389712847,130.8717996356342,94.80476823998698,110.26206740955008,93.77428162868279,47.40238411999349,58.737736844339764,74.19503601390286,103.04866113042064,125.71936657911318,113.35352724346271,32.975571561734604,96.8657414625954,34.00605817303881,98.92671468520382,50.493843953906115,29.884111727821985,99.95720129650802,95.8352548512912,52.554817176514526,111.29255402085428,129.84131302433,97.89622807389961,105.10963435302905,84.49990212694492,59.76822345564397,94.80476823998698,110.26206740955008,92.74379501737857,131.90228624693842,131.90228624693842,49.46335734260191,95.8352548512912,43.28043767477667,89.65233518346595,123.65839335650476,64.920656512165,83.46941551564072,100.98768790781223,50.493843953906115,109.23158079824587,170.03029086519405,125.71936657911318,103.04866113042064,57.70725023303556,32.975571561734604,127.7803398017216,108.20109418694167,76.25600923651128,112.3230406321585,112.3230406321585,61.82919667825238,58.737736844339764,54.615790399122936,146.3290988051973,98.92671468520382,53.58530378781873,62.85968328955659,77.28649584781547,52.554817176514526,95.8352548512912,122.62790674520056,77.28649584781547,49.46335734260191,114.3840138547669,41.21946445216825,58.737736844339764,156.63396491823937,75.22552262520706,170.03029086519405,100.98768790781223,29.884111727821985,133.96325946954684,53.58530378781873,97.89622807389961,100.98768790781223,34.00605817303881,89.65233518346595
B02009,99000000244,Synthetic Census Tract 99000000244,1.0,Total:,0.9632428303648086,51.051870009334856,+/-53,30.823770571673876,2.889728491094426,2.889728491094426,0.0,1.9264856607296172,3.8529713214592345,0.9632428303648086,0.0,3.8529713214592345,3.8529713214592345,1.9264856607296172,1.9264856607296172,0.0,34.67674189313311,0.9632428303648086,0.9632428303648086,32.750256232403494,0.0,34.67674189313311,2.889728491094426,0.9632428303648086,1.9264856607296172,0.0,37.566470384227536,1.9264856607296172,0.0,34.67674189313311,40.45619887532196,0.0,0.0,1.9264856607296172,1.9264856607296172,2.889728491094426,0.9632428303648086,1.9264856607296172,34.67674189313311,0.9632428303648086,4.8162141518240436,0.9632428303648086,1.9264856607296172,34.67674189313311,1.9264856607296172,3.8529713214592345,0.0,1.9264856607296172,3.8529713214592345,0.9632428303648086,0.0,3.8529713214592345,3.8529713214592345,1.9264856607296172,1.9264856607296172,0.0,34.67674189313311,1.9264856607296172,0.9632428303648086,35.63998472349792,0.0,34.67674189313311,1.9264856607296172,0.9632428303648086,1.9264856607296172,0.0,40.45619887532196,1.9264856607296172,0.0,33.7134990627683,37.566470384227536,0.0,0.0,1.9264856607296172,1.9264856607296172,3.8529713214592345,0.9632428303648086,1.9264856607296172,33.7134990627683,0.9632428303648086,1.9264856607296172,0.9632428303648086,1.9264856607296172,35.63998472349792
B02009,99000000245,Synthetic Census Tract 99000000245,1.0,Total:,20.092242443546624,30.667106887518532,+/-29,19.034755999149432,22.207215332341004,34.897052665107296,21.149728887943816,7.402405110780335,24.322188221135388,21.149728887943816,7.402405110780335,37.01202555390168,21.149728887943816,17.977269554752244,6.344918666383144,20.092242443546624,19.034755999149432,32.78207977631291,26.437161109929768,17.977269554752244,5.287432221985954,34.897052665107296,31.724593331915724,19.034755999149432,7.402405110780335,20.092242443546624,34.897052665107296,23.264701776738196,6.344918666383144,7.402405110780335,19.034755999149432,21.149728887943816,7.402405110780335,32.78207977631291,17.977269554752244,29.60962044312134,34.897052665107296,20.092242443546624,29.60962044312134,7.402405110780335,26.437161109929768,19.034755999149432,17.977269554752244,9.517377999574716,23.264701776738196,34.897052665107296,20.092242443546624,6.344918666383144,22.207215332341004,21.149728887943816,6.344918666383144,34.897052665107296,20.092242443546624,20.092242443546624,6.344918666383144,20.092242443546624,21.149728887943816,29.60962044312134,23.264701776738196,22.207215332341004,5.287432221985954,34.897052665107296,35.95453910950449,21.149728887943816,7.402405110780335,16.919783110355052,32.78207977631291,21.149728887943816,7.402405110780335,7.402405110780335,22.207215332341004,20.092242443546624,9.517377999574716,35.95453910950449,17.977269554752244,26.437161109929768,31.724593331915724,17.977269554752244,25.379674665532576,5.287432221985954,23.264701776738196,17.977269554752244,19.034755999149432,7.402405110780335
B02009,99000000246,Synthetic Census Tract 99000000246,1.0,Total:,10.09828876719936,17.16709090423891,+/-17,10.09828876719936,14.137604274079102,7.068802137039551,2.019657753439872,3.029486630159808,2.019657753439872,7.068802137039551,9.088459890479424,11.108117643919295,7.068802137039551,4.039315506879744,9.088459890479424,8.078631013759487,12.117946520639231,15.147433150799039,7.068802137039551,10.09828876719936,14.137604274079102,9.088459890479424,10.09828876719936,11.108117643919295,11.108117643919295,7.068802137039551,15.147433150799039,35.34401068519776,11.108117643919295,9.088459890479424,5.04914438359968,11.108117643919295,14.137604274079102,16.157262027518975,7.068802137039551,8.078631013759487,8.078631013759487,6.058973260319616,10.09828876719936,18.176919780958848,7.068802137039551,12.117946520639231,11.108117643919295,10.09828876719936,10.09828876719936,14.137604274079102,4.039315506879744,3.029486630159808,5.04914438359968,6.058973260319616,19.186748657678784,10.09828876719936,8.078631013759487,3.029486630159808,12.117946520639231,12.117946520639231,10.09828876719936,17.16709090423891,10.09828876719936,6.058973260319616,15.147433150799039,11.108117643919295,11.108117643919295,10.09828876719936,19.186748657678784,2.019657753439872,19.186748657678784,17.16709090423891,12.117946520639231,15.147433150799039,6.058973260319616,8.078631013759487,7.068802137039551,20.19657753439872,6.058973260319616,10.09828876719936,11.108117643919295,4.039315506879744,10.09828876719936,14.137604274079102,4.039315506879744,7.068802137039551,11.108117643919295,8.078631013759487
B02009,99000000247,Synthetic Census Tract 99000000247,1.0,Total:,498.0732377131689,149.91511313346865,+/-152,90.73809479130998,411.28027747800286,459.60817579076576,481.3064158495573,479.3338485714853,483.27898312762926,440.8687866490822,596.7016016167668,473.41614673726946,432.97851753679436,527.6617468842483,532.5931650794281,541.469717830752,615.4409907584503,491.16925223991706,483.27898312762926,503.99093954738476,520.7577614109964,527.6617468842483,447.772772122334,453.6904739565499,490.1829686008811,536.538299635572,554.2914051382197,595.7153179777307,539.49715055268,448.75905576137,514.8400595767805,496.10067043509696,467.4984449030536,540.483434191716,507.9360741035287,560.2091069724355,418.1842629512547,459.60817579076576,494.128103157025,480.3201322105213,525.6891796061763,440.8687866490822,440.8687866490822,603.6055870900186,518.7851941329244,440.8687866490822,493.141819517989,472.4298630982335,442.84135392715416,531.6068814403922,552.3188378601477,524.7028959671403,480.3201322105213,489.1966849618451,473.41614673726946,443.8276375661901,484.2652667666652,485.2515504057012,509.90864138160066,476.3749976543774,422.1293975073986,560.2091069724355,480.3201322105213,513.8537759377446,481.3064158495573,524.7028959671403,446.78648848329806,544.4285687478599,516.8126268548525,379.71920102885156,515.8263432158166,543.4422851088239,464.53959398594566,472.4298630982335,475.3887140153414,499.0595213522049,549.3599869430398,516.8126268548525,456.64932487365786,472.4298630982335,561.1953906114715,498.0732377131689,484.2652667666652,531.6068814403922
B02009,99000000248,Synthetic Census Tract 99000000248,1.0,Total:,374.19891110869725,201.96489174907768,+/-197,123.0242995425854,361.8964811544387,302.4347363755224,327.0395962840395,501.32402063603547,381.37532858201473,298.3339263907696,392.652556040085,293.2079139098285,280.90548395557,334.21601375735696,349.59405120018016,422.3834284295432,375.2241136048854,369.07289862775616,424.4338334219196,418.28261844479033,344.4680387192391,377.2745185972619,408.0305934829082,370.0981011239444,373.173708612509,349.59405120018016,339.34202623829805,355.7452661773094,321.91358380309845,393.67775853627325,361.8964811544387,372.1485061163208,418.28261844479033,328.0647987802277,397.7785685210261,391.62735354389685,353.694861184933,292.1827114136403,566.936980392081,383.42573357439113,286.031496436511,422.3834284295432,370.0981011239444,446.9882883380603,431.6102508952371,404.9549859943436,521.8280705597997,294.23311640601673,295.2583189022049,359.8460761620623,282.9558889479464,349.59405120018016,506.4500331169765,373.173708612509,321.91358380309845,228.6201566499712,286.031496436511,472.61835074276553,430.58504839904884,332.16560876498056,454.1647058113777,426.484238414296,364.9720886430033,403.92978349815536,273.7290664822525,321.91358380309845,361.8964811544387,466.46713576563627,327.0395962840395,301.4095338793342,454.1647058113777,300.384331383146,344.4680387192391,364.9720886430033,364.9720886430033,413.15660596384924,324.9891912916631,413.15660596384924,367.02249363537976,356.77046867349765,371.1233036201326,343.4428362230509,305.5103438640871,381.37532858201473
B02009,99000000249,Synthetic Census Tract 99000000249,1.0,Total:,2108.5531516845203,618.2756129420724,+/-636,376.2148776864497,2331.171257602342,2027.8662399326463,2139.661358625002,2471.1581888345095,2269.926975188269,2040.5039490022168,2112.441677552081,2184.3794061019444,1849.966181491767,2036.6154231346568,1591.3792112990134,2203.8220354397454,2188.267931969505,1881.0743884322485,2050.2252636711173,2010.3678735286253,2032.7268972670965,2236.8745053140074,2385.610619748185,1718.72843346161,2046.3367378035573,1806.2202654817147,2162.0203823634733,2317.5614170658814,2246.595819982908,2376.8614365461744,2112.441677552081,1998.7022959259448,2456.5762168311585,2492.5450811060905,1983.1481924557038,1980.2317980550338,1999.6744273928348,2311.728628264541,2122.1629922209813,2151.326936227683,2018.1449252637458,2401.164723218426,1950.0957225814423,2417.6909581555565,2093.97117968117,2059.946578340018,2059.946578340018,2218.4040074430964,1913.1547268396203,2288.39747305918,2157.159725029023,2254.372871718028,1895.6563604355993,1966.621957518573,2149.3826732939024,2173.685959966154,1943.2908023132118,2371.0286477448344,2020.0891881975258,2269.926975188269,2033.6990287339866,2071.6121559426983,2336.0319149367924,2220.3482703768764,1976.3432721874735,1678.871043319118,2173.685959966154,1991.8973756577143,1722.6169593291702,2058.002315406238,2367.140121877274,1900.5170177700495,2294.2302618605204,2210.626955707976,2263.1220549200384,2234.930242380227,1872.325205230238,2182.4351431681644,2167.8531711648134,2291.31386745985,2237.8466367808974,1915.0989897734003,2009.3957420617353,2052.1695266048973
B02009,99000000250,Synthetic Census Tract 99000000250,1.0,Total:,144.36689024467466,144.36689024467466,+/-144,88.22421070507895,164.4178472231017,126.32102896409032,181.46116065476465,76.19363651802273,141.3592466979106,165.42039507202304,180.4586128058433,80.20382791370814,200.50956978427035,167.42549076986575,139.3541510000679,108.27516768350598,70.17834942449463,68.17325372665192,183.46625635260736,147.3745337914387,180.4586128058433,179.45606495692195,221.56307461161873,76.19363651802273,162.41275152525898,175.44587356123657,148.37708164036005,60.1528709352811,157.40001228065222,151.3847251871241,183.46625635260736,97.24714134537112,196.49937838858494,209.5325004245625,157.40001228065222,134.34141175546114,111.28281123027004,82.20892361155084,222.56562246054008,97.24714134537112,126.32102896409032,147.3745337914387,196.49937838858494,186.47389989937142,157.40001228065222,153.3898208849668,152.38727303604546,196.49937838858494,136.34650745330384,129.32867251085437,77.19618436694408,211.5375961224052,62.157966633123806,83.2114714604722,158.40256012957357,156.39746443173087,186.47389989937142,212.54014397132656,95.24204564752841,137.3490553022252,147.3745337914387,127.32357681301167,86.21911500723625,198.50447408642765,170.4331343166298,133.33886390653979,113.28790692811275,188.47899559721412,166.4229429209444,130.33122035977573,68.17325372665192,176.4484214101579,90.22930640292165,92.23440210076436,165.42039507202304,128.32612466193302,161.41020367633763,182.463708503686,75.19108866910138,144.36689024467466,170.4331343166298,164.4178472231017,72.18344512233733,82.20892361155084
B02009,99000000251,Synthetic Census Tract 99000000251,1.0,Total:,339.3385286136479,203.18418071311015,+/-194,123.58625424818041,290.113495141915,297.4448831057901,297.4448831057901,401.1316557377381,247.17250849636082,351.90662226600523,307.91829448275456,352.95396340370166,274.40337807646836,321.53372927280833,385.42153867229143,395.8949500492559,285.92413059112926,306.8709533450581,328.86511723668343,327.817776098987,325.7230938235941,389.61090322307723,330.95979951207636,326.77043496129056,387.5162209476843,451.4040303471674,361.3326925052732,390.65824436077366,415.79443166548833,328.86511723668343,285.92413059112926,274.40337807646836,197.94747502462795,249.2671907717537,322.58107041050476,365.522057056059,317.3443647220226,286.9714717288257,257.6459198733252,383.32685639689856,238.79377939478925,310.01297675814743,363.4273747806661,224.13100346703905,233.55707370630702,209.46822753928882,434.6465721440243,361.3326925052732,208.42088640159238,336.19650520055853,366.56939819375543,279.6400837649506,357.14332795448746,285.92413059112926,339.3385286136479,359.23801022988033,269.1666723879861,408.4630437016132,359.23801022988033,300.58690651887946,357.14332795448746,328.86511723668343,395.8949500492559,339.3385286136479,314.2023413089332,354.0013045413981,368.6640804691483,232.5097325686106,372.8534450199341,371.80610388223766,446.1673246586852,275.4507192141648,247.17250849636082,262.88262556180746,253.4565553225395,328.86511723668343,308.965635620451,245.07782622096792,220.98898005394972,381.23217412150564,387.5162209476843,379.13749184611277,346.669916577523,236.69909711939636
B02009,99000000252,Synthetic Census Tract 99000000252,1.0,Total:,297.32943934714865,192.83322334470876,+/-179,117.42358293057683,200.37418738612195,368.4299574519016,357.6571516784542,222.99707951036152,332.8796983995251,363.04355456517794,242.38812990256685,351.19346821438575,294.09759761511447,356.57987110110946,312.4113674299751,273.62926664556437,344.7297847503173,303.79312281121713,244.54269105725635,336.11154013155937,276.8611083775986,246.69725221194582,191.755942767364,314.56592858466456,214.3788348916036,299.4840005018382,245.6199716346011,189.60138161267452,385.6664466894175,229.46076297442997,288.71119472839075,294.09759761511447,373.8163603386253,316.72048973935404,391.05284957614117,345.80706532766203,342.57522359562785,301.63856165652766,286.5566335737013,359.8117128331437,276.8611083775986,325.33873435811194,171.28761179781392,304.8704033885619,269.3201443361854,302.71584223387237,324.2614537807672,328.5705760901462,240.23356874787737,333.9569789768699,222.99707951036152,228.3834823970852,290.8657558830802,168.05577006577968,344.7297847503173,363.04355456517794,324.2614537807672,336.11154013155937,246.69725221194582,327.49329551280147,289.78847530573546,379.20276322534903,274.7065472229091,329.64785666749094,205.76059027284563,269.3201443361854,337.18882070890413,289.78847530573546,271.4747054908749,443.83959786603356,228.3834823970852,199.29690680877718,276.8611083775986,298.4067199244934,346.8843459050068,381.3573243800385,280.0929501096328,288.71119472839075,289.78847530573546,369.50723802924637,198.21962623143244,350.11618763704104,357.6571516784542,383.511885534728
B02009,99000000253,Synthetic Census Tract 99000000253,1.0,Total:,181.0633103896594,134.44221849292074,+/-124,81.31585795942787,159.37908160047863,118.17904690103518,236.35809380207036,176.72646463182323,151.78960152426535,226.600190846939,196.24227054208595,153.95802440318343,170.22119599506902,130.1053727350846,159.37908160047863,163.7159273583148,208.16859637613535,179.97909895020035,142.03169856913402,151.78960152426535,151.78960152426535,209.2528078155944,186.4843675869546,161.5475044793967,196.24227054208595,86.73691515672306,240.69493955990652,132.27379561400267,184.3159447080365,263.4633797885463,245.03178531774265,221.1791336496438,151.78960152426535,92.15797235401826,232.0212480442342,233.10545948369324,156.1264472821015,206.00017349721728,179.97909895020035,156.1264472821015,139.86327569021594,171.30540743452806,188.65279046587267,159.37908160047863,263.4633797885463,140.94748712967498,203.8317506182992,148.53696720588826,223.34755652856188,227.68440228639804,186.4843675869546,219.01071077072575,217.9264993312667,164.80013879777383,247.20020819666072,194.07384766316787,200.57911629992208,200.57911629992208,185.40015614749555,112.75798970373998,87.8211265961821,138.7790642507569,146.36854432697018,224.43176796802092,160.46329303993767,153.95802440318343,150.7053900848063,119.26325834049422,170.22119599506902,170.22119599506902,175.6422531923642,219.01071077072575,200.57911629992208,145.28433288751114,200.57911629992208,117.09483546157614,223.34755652856188,130.1053727350846,183.23173326857747,126.85273841670748,117.09483546157614,212.5054421339715,198.410693421004,164.80013879777383
B02009,99000000254,Synthetic Census Tract 99000000254,1.0,Total:,1194.867542533724,336.24413257230424,+/-336,204.14822334747043,1012.7353040570592,1146.8326664519664,1179.8566437581749,1372.9968746702425,1281.93075543191,1114.8094157307944,1270.9227629965071,1088.7905245198424,1257.9133173910311,1175.8537374180282,1232.8951527651157,1290.9372946972396,1201.8726286289805,1067.7752662340733,1149.8348462070762,1178.855917173138,1166.8471981526986,1216.8835274045298,1214.8820742344565,951.6909823698254,1031.749109172755,1290.9372946972396,1108.8050562205747,1189.863909608541,1165.846471567662,1136.8254006016002,1229.8929730100058,1074.7803523293296,1236.898059105262,1046.7600079483043,1177.8551905881016,1105.8028764654648,955.6938887099719,1279.9293022618367,1161.8435652275157,1044.7585547782312,1250.9082312957748,1195.8682691187607,1307.949646642862,1077.7825320844395,1036.7527420979382,1131.821767676417,1416.0281178268172,1226.890793254896,1183.8595500983213,1179.8566437581749,1311.9525529830087,1111.8072359756845,1235.8973325202255,1127.8188613362706,1106.8036030505016,1158.8413854724058,1150.8355727921128,1017.7389369822423,1113.8086891457579,1017.7389369822423,1179.8566437581749,1066.7745396490368,1126.8181347512339,1113.8086891457579,1039.754921853048,1321.9598188333748,1094.7948840300621,1296.9416542074594,1239.900238860372,1165.846471567662,1090.7919776899157,1276.9271225067268,1255.9118642209578,993.7214989413635,1383.0041405206086,1193.8668159486874,1036.7527420979382,1329.9656315136676,1197.8697222888338,1171.8508310778818,1256.9125908059946,1263.9176769012508,1221.8871603297127,1167.8479247377354
B02009,99000000255,Synthetic Census Tract 99000000255,1.0,Total:,25.101375573702846,40.16220091792455,+/-40,24.09732055075473,8.03244018358491,45.18247603266512,25.101375573702846,25.101375573702846,35.14192580318398,10.040550229481138,34.13787078023587,27.10948561959907,31.125705711391525,6.024330137688683,21.08515548191039,9.036495206533024,7.028385160636796,39.158145894976435,41.16625594087267,33.133815757287756,17.068935390117936,21.08515548191039,32.12976073433964,8.03244018358491,42.17031096382078,7.028385160636796,31.125705711391525,25.101375573702846,26.105430596650958,41.16625594087267,9.036495206533024,28.113540642547186,19.07704543601416,39.158145894976435,31.125705711391525,42.17031096382078,43.17436598676889,7.028385160636796,12.048660275377365,24.09732055075473,27.10948561959907,21.08515548191039,22.089210504858503,36.145980826132096,9.036495206533024,32.12976073433964,25.101375573702846,29.1175956654953,28.113540642547186,9.036495206533024,47.190586078561346,27.10948561959907,20.081100458962275,8.03244018358491,25.101375573702846,12.048660275377365,8.03244018358491,37.15003584908021,60.243301376886826,23.093265527806615,29.1175956654953,21.08515548191039,17.068935390117936,8.03244018358491,41.16625594087267,10.040550229481138,22.089210504858503,29.1175956654953,24.09732055075473,37.15003584908021,7.028385160636796,28.113540642547186,28.113540642547186,40.16220091792455,20.081100458962275,33.133815757287756,44.178421009717006,9.036495206533024,8.03244018358491,27.10948561959907,27.10948561959907,27.10948561959907,33.133815757287756,35.14192580318398
B02009,99000000256,Synthetic Census Tract 99000000256,1.0,Total:,152.6362678299985,118.71709720110995,+/-112,72.07823758638818,151.57629374784574,177.01567171951217,74.19818575069372,157.93613824076235,163.2360086515262,117.65712311895719,107.05738229742951,129.31683802263763,153.6962419121513,211.9948164305535,170.65582722659556,155.81619007645682,140.97655292631808,125.07694169402656,167.47590498013724,188.6753866231926,183.37551621242878,207.75492010194242,165.35595681583172,169.5958531444428,140.97655292631808,165.35595681583172,109.17733046173505,211.9948164305535,210.93484234840074,98.57758964020738,167.47590498013724,67.83834125777712,166.41593089798448,204.57499785548413,132.49676026909594,188.6753866231926,144.15647517277637,143.0965010906236,164.29598273367895,195.0352311161092,199.27512744472028,174.89572355520662,153.6962419121513,170.65582722659556,132.49676026909594,140.97655292631808,203.51502377333134,184.43549029458154,178.07564580166493,230.01437582715053,166.41593089798448,179.1356198838177,140.97655292631808,82.67797840791586,154.75621599430406,134.61670843340147,120.83704536541549,175.9556976373594,164.29598273367895,100.6975378045129,145.21644925492913,129.31683802263763,105.99740821527675,152.6362678299985,216.23471275916455,151.57629374784574,187.61541254103983,134.61670843340147,167.47590498013724,184.43549029458154,180.19559396597046,254.3937797166642,83.73795249006862,114.47720087249888,170.65582722659556,166.41593089798448,170.65582722659556,128.25686394048486,163.2360086515262,133.5567343512487,147.3363974192347,103.87746005097121,162.17603456937343,145.21644925492913
B02009,99000000257,Synthetic Census Tract 99000000257,1.0,Total:,596.991885776281,369.7498131259547,+/-384,224.3534022352798,762.6089895722815,507.44310290983884,575.8083027326065,554.624719688932,646.0992828320718,589.2887646694902,681.7262179509789,624.9156997883973,428.48611156523395,499.7399818030481,645.136392693723,646.0992828320718,630.6930406184904,648.9879532471184,671.1344264291417,493.96264097295506,564.2536210724204,634.5446011718858,622.0270293733508,705.7984714096999,457.3728157156991,689.4293390577697,555.5876098272809,703.8726911330023,435.2263425336758,647.0621729704206,476.63061848267597,476.63061848267597,759.7203191572349,721.2047136232814,608.5465674364671,634.5446011718858,547.8844887204901,580.6227534243507,507.44310290983884,830.0112992567003,596.0289956379321,525.7380155384668,611.4352378515135,459.2985959923968,776.0894515091653,405.37674824486174,606.6207871597694,637.4332715869323,753.942978327142,635.5074913102346,756.8316487421885,787.6441331693513,453.52125516230376,436.1892326720247,647.0621729704206,653.8024039388625,540.1813676136994,583.5114238393973,678.8375475359325,450.6325847472573,614.3239082665601,502.62865221809466,593.1403252228856,739.4996262519094,445.81813405551304,806.9019359363282,539.2184774753506,604.6950068830718,397.673627138071,507.44310290983884,455.44703543900147,416.9314299050478,697.1324601645604,829.0484091183515,605.6578970214206,594.1032153612344,631.6559307568392,587.3629843927926,334.1228780070476,713.5015925164906,704.8355812713511,648.9879532471184,728.9078347300721,426.56033128853625
B02009,99000000258,Synthetic Census Tract 99000000258,1.0,Total:,25.61943533925633,34.15924711900844,+/-32,20.282052976911263,27.75438828419436,8.53981177975211,39.49662948135351,23.484482394318302,21.349529449380277,10.674764724690139,25.61943533925633,10.674764724690139,7.472335307283096,28.821864756663373,44.834011843698576,32.02429417407041,23.484482394318302,24.551958866787317,25.61943533925633,8.53981177975211,28.821864756663373,24.551958866787317,23.484482394318302,9.607288252221124,24.551958866787317,35.22672359147745,8.53981177975211,24.551958866787317,18.147100031973235,33.09177064653943,24.551958866787317,34.15924711900844,49.10391773357463,12.809717669628165,8.53981177975211,22.417005921849288,24.551958866787317,35.22672359147745,24.551958866787317,37.36167653641548,10.674764724690139,25.61943533925633,26.686911811725345,11.742241197159151,23.484482394318302,28.821864756663373,10.674764724690139,23.484482394318302,18.147100031973235,39.49662948135351,20.282052976911263,34.15924711900844,27.75438828419436,10.674764724690139,10.674764724690139,24.551958866787317,25.61943533925633,29.889341229132384,20.282052976911263,33.09177064653943,5.337382362345069,22.417005921849288,28.821864756663373,34.15924711900844,22.417005921849288,10.674764724690139,33.09177064653943,51.23887067851266,26.686911811725345,7.472335307283096,26.686911811725345,10.674764724690139,11.742241197159151,38.4291530088845,30.9568177016014,23.484482394318302,29.889341229132384,34.15924711900844,23.484482394318302,12.809717669628165,40.564105953822526,22.417005921849288,26.686911811725345,26.686911811725345
B02009,99000000259,Synthetic Census Tract 99000000259,1.0,Total:,53.93672978238818,52.93790145308469,+/-53,31.962506537711512,42.949618160049845,61.92735641681605,45.9461031479603,77.9086096856718,53.93672978238818,49.941416465174235,51.939073123781206,39.95313317213939,65.92266973403,55.93438644099515,19.976566586069694,65.92266973403,39.95313317213939,59.92969975820908,58.9308714289056,30.963678208408027,44.947274818656815,50.94024479447772,70.91681138054741,35.957819854925454,93.88986295452757,50.94024479447772,54.93555811169166,51.939073123781206,41.95078983074636,63.925013075423024,64.9238414047265,86.89806464940317,46.944931477263786,61.92735641681605,57.93204309960212,74.91212469776136,36.95664818422894,54.93555811169166,47.94375980656727,40.951961501442874,48.94258813587075,43.94844648935333,57.93204309960212,35.957819854925454,62.92618474611954,66.92149806333347,71.91563970985091,53.93672978238818,86.89806464940317,85.89923632009969,63.925013075423024,66.92149806333347,28.96602154980106,43.94844648935333,88.89572130801014,50.94024479447772,54.93555811169166,50.94024479447772,60.92852808751257,72.91446803915439,59.92969975820908,58.9308714289056,32.961334867015,58.9308714289056,25.969536561890603,69.91798305124394,43.94844648935333,50.94024479447772,63.925013075423024,48.94258813587075,39.95313317213939,20.97539491537318,58.9308714289056,36.95664818422894,53.93672978238818,25.969536561890603,66.92149806333347,38.9543048428359,48.94258813587075,56.93321477029863,79.90626634427878,57.93204309960212,49.941416465174235,88.89572130801014
B02009,99000000260,Synthetic Census Tract 99000000260,1.0,Total:,536.3625513677582,276.02823211524907,+/-299,168.01718476580376,522.5149811947524,573.2894051624403,428.3515040183129,466.20152915786207,562.2113490240357,702.5333934438278,709.9187642027642,409.88807712097184,528.9771806088218,707.1492501681631,377.57708005062494,578.8284332316426,501.28204026281014,471.7405572270644,650.8357981312728,550.210121540764,505.89789698714543,531.7466946434229,516.9759531255501,472.6637285719315,455.12347301945744,682.2236238567526,550.210121540764,607.4467449225214,428.3515040183129,547.4406075061628,637.9113993031341,639.7577419928682,526.2076665742206,392.3478215684978,675.7614244426833,491.12715546927257,523.4381525396194,487.43447008980434,450.5076162951222,524.3613238844865,598.2150314738508,447.73810226052103,541.9015794369604,572.3662338175733,561.2881776791686,552.9796355753651,482.81861336546905,533.593037333157,539.1320654023593,593.5991747495156,513.2832677460818,539.1320654023593,513.2832677460818,492.0503268141396,397.88684963770015,569.5967197829721,630.5260285441976,567.750377093238,612.0626016468566,602.830888198186,557.5954922997004,456.96981570919155,394.1941642582319,421.88930460424353,396.9636782928331,540.9784080920934,491.12715546927257,526.2076665742206,540.0552367472264,463.43201512326095,608.3699162673884,730.2285337898394,598.2150314738508,455.12347301945744,663.7601969594116,659.1443402350764,483.7417847103361,408.0417344312377,468.0478718475962,584.367461300845,523.4381525396194,564.0576917137698,528.9771806088218,360.95999584301796
B02009,99000000261,Synthetic Census Tract 99000000261,1.0,Total:,2297.916927318862,621.8000440019204,+/-680,377.65208554822516,2371.984285501443,2168.07044754199,2264.083689630522,2483.542528690023,2470.740763078219,2298.831339148276,2116.863385094773,2038.2239677651185,2381.1284037955893,2327.178105860128,2328.092517689543,2414.961641483929,2386.6148747720767,2015.3636720297536,2104.0616194829686,2066.5707344769708,2373.8131091602722,2350.9528134249076,2330.835753177787,2521.0334136960214,2427.7634070957333,2026.3366139827287,1993.4177881238036,2108.6336786300417,2029.0798494709725,2264.998101459936,2467.0831157605603,2264.083689630522,2059.2554398416537,2283.286338048228,2358.268108060224,2146.12456363604,2520.1190018666066,2473.4839985664626,2660.9384235964535,2435.9931135604643,2259.5116304834487,2510.060471743046,2415.8760533133436,2178.1289776655503,2240.3089820657424,2494.515470642998,2517.3757663783626,2155.2686819301857,2391.1869339191494,1998.904259100291,2049.1969097180936,2467.0831157605603,2243.0522175539863,2317.119575736568,2365.5834026955413,2403.074287701539,2374.727520989687,2397.5878167250517,2235.7369229186697,2326.263694030714,2455.195761978171,2235.7369229186697,2281.457514389399,2582.2990062667986,2112.2913259477,2415.8760533133436,2099.489560335896,1775.7877727231314,1942.2107256765864,2028.165437641558,2480.799293201779,2253.110747677547,2016.2780838591682,2399.416640383881,2148.8677991242835,1983.359258000243,2544.8081212608004,2643.564598837576,2489.0289996665106,2565.8395933373363,2147.953387294869,2291.5160445129595,2511.889295401875,2002.5619064179493
B02009,99000000262,Synthetic Census Tract 99000000262,1.0,Total:,121.79744521169978,135.6866275604024,+/-127,82.26669545000775,81.19829680779985,148.5074112668971,48.077938899355175,145.30221534027342,96.15587779871035,142.09701941364975,116.45545200066032,142.09701941364975,125.00264113832345,163.4649922578076,68.37751310130514,132.4814316337787,122.86584385390768,96.15587779871035,67.30911445909724,96.15587779871035,146.37061398248133,197.65374880846016,118.59224928507611,85.47189137663142,128.20783706494714,131.41303299157082,141.02862077144187,68.37751310130514,194.4485528818365,180.5593705331339,167.73858682663916,144.23381669806554,56.62512803701832,130.34463434936293,148.5074112668971,163.4649922578076,60.89872260584989,151.71260719352077,144.23381669806554,56.62512803701832,139.96022212923396,120.72904656949189,51.283134825978856,160.25979633118394,63.035519890265675,154.91780312014447,43.804344330523605,158.12299904676814,106.83986422078928,133.5498302759866,125.00264113832345,132.4814316337787,128.20783706494714,174.14897867988654,52.35153346818675,113.25025607403664,100.42947236754192,77.99310088117618,63.035519890265675,122.86584385390768,163.4649922578076,176.2857759643023,133.5498302759866,117.52385064286821,111.11345878962085,127.13943842273925,135.6866275604024,73.7195063123446,196.58535016625228,216.88492436820223,184.83296510196547,152.78100583572868,63.035519890265675,123.93424249611557,126.07103978053135,149.575809909105,54.488330752602536,137.82342484481816,158.12299904676814,70.51431038572093,132.4814316337787,134.6182289181945,55.556729394810425,138.89182348702607
B02009,99000000263,Synthetic Census Tract 99000000263,1.0,Total:,1169.8698410616862,379.02325068665226,+/-416,230.51173659548803,1247.3144956491033,1324.75915023652,1138.8919792267195,1073.2918012232606,1247.3144956491033,1120.669707559092,1056.8917567223957,913.8469241315197,1269.1812216502562,1196.2921349797462,1167.1365003115422,1405.8482591574625,1322.9369230697573,1228.1811103980942,1142.536433560245,948.469240300012,1260.0700858164425,1087.8696185573624,1179.8920904788813,1100.6252087247017,1305.6257649855113,1206.3143843969413,1389.4482146565979,1342.0703083207663,1300.159083485223,981.2693293017415,1115.2030260588037,1164.403159561398,1008.6027368031828,1381.2481924061653,1127.0475026427616,894.7135388805109,1164.403159561398,947.5581267166307,1178.9809768955001,1230.003337564857,1099.7140951413203,980.3582157183602,1040.4917122215309,1093.3363000576508,1262.8034265665865,1231.8255647316198,1123.403048309236,1194.4699078129834,1069.647346889735,1293.7812884015534,1039.5805986381495,1144.3586607270076,1275.5590167339258,1022.2694405539035,1033.20280355448,1175.3365225619746,1158.0253644777283,1245.4922684823405,1171.692068228449,1114.2919124754224,1246.4033820657219,1255.5145178995356,1226.3588832313317,1093.3363000576508,1212.692179480611,1170.7809546450676,1361.2036935717751,1319.292468736232,1079.66959630693,1367.5814886554447,1138.8919792267195,1128.8697298095244,1229.0922239814756,1106.09189022499,1021.3583269705221,1066.0028925562094,1025.0027813040476,1041.4028258049123,1115.2030260588037,1269.1812216502562,1070.5584604731164,1191.7365670628392,1197.2032485631275,1172.6031818118304
B02009,99000000264,Synthetic Census Tract 99000000264,1.0,Total:,174.97037856249182,134.8132424989691,+/-141,82.22651670149888,160.62854425409085,170.18976712635816,157.76017739241064,170.18976712635816,194.09282430702643,275.3632187212986,207.47853632820068,174.01425627526507,130.03263106283543,165.4091556902245,125.25201962670178,261.97750670012437,207.47853632820068,136.72548707342256,165.4091556902245,209.39078090265414,227.55710435996204,214.1713923387878,188.35609058366606,218.95200377492145,206.52241404097393,213.21527005156105,176.88262313694528,152.02344366905027,157.76017739241064,157.76017739241064,136.72548707342256,194.09282430702643,178.79486771139872,157.76017739241064,179.75098999862547,138.63773164787602,165.4091556902245,186.4438460092126,172.10201170081163,130.98875335006218,138.63773164787602,136.72548707342256,143.41834308400968,180.7071122858522,259.10913983844415,223.7326152110551,270.58260728516495,240.94281638113625,96.56835100989986,214.1713923387878,174.97037856249182,183.5754791475324,109.95406303107409,125.25201962670178,171.14588941358488,122.3836527650216,207.47853632820068,281.099952444659,111.86630760552755,183.5754791475324,228.51322664718876,153.93568824350373,166.36527797745123,161.58466654131757,174.97037856249182,238.07444951945607,201.74180260484027,172.10201170081163,177.838745424172,188.35609058366606,140.5499762223295,228.51322664718876,168.2775225519047,164.45303340299776,158.7162996796374,125.25201962670178,256.24077297676394,160.62854425409085,154.89181053073045,156.80405510518392,187.3999682964393,114.73467446720774,113.77855217998102,174.97037856249182
B02009,99000000265,Synthetic Census Tract 99000000265,1.0,Total:,38.67304032401237,44.473996372614224,+/-46,27.071128226808657,31.905258267310202,33.83891028351082,55.10908246171762,61.87686451841979,17.402868145805567,34.80573629161113,55.10908246171762,29.971606251109584,14.502390121504638,38.67304032401237,47.37447439691515,40.60669234021299,34.80573629161113,19.336520162006185,40.60669234021299,43.50717036451391,43.50717036451391,48.34130040501546,29.004780243009275,54.142256453617314,42.540344356413605,47.37447439691515,63.810516534620405,46.40764838881484,33.83891028351082,21.270172178206803,37.70621431591206,37.70621431591206,21.270172178206803,67.67782056702164,53.175430445517,41.57351834831329,34.80573629161113,13.535564113404329,57.04273447791824,32.872084275410515,31.905258267310202,34.80573629161113,26.104302218708348,40.60669234021299,42.540344356413605,56.07590846981793,46.40764838881484,33.83891028351082,27.071128226808657,13.535564113404329,47.37447439691515,40.60669234021299,35.77256229971144,50.27495242121608,71.54512459942288,32.872084275410515,54.142256453617314,29.004780243009275,43.50717036451391,31.905258267310202,39.639866332112675,38.67304032401237,10.635086089103401,30.938432259209893,29.971606251109584,28.037954234908966,82.18021068852627,58.976386494118856,23.20382419440742,28.037954234908966,49.308126413115765,37.70621431591206,18.369694153905876,45.44082238071453,53.175430445517,36.73938830781175,42.540344356413605,32.872084275410515,29.971606251109584,41.57351834831329,46.40764838881484,44.473996372614224,22.236998186307112,33.83891028351082
B02009,99000000266,Synthetic Census Tract 99000000266,1.0,Total:,373.8395556153275,225.23833225823483,+/-241,137.38603668863286,368.2319622810976,391.59693450705555,413.0927089549369,465.4302467410827,409.35431339878363,405.6159178426303,242.06111226092457,368.2319622810976,398.1391267303238,323.3712156072583,304.67923782649194,313.0906278278368,491.5990156341557,457.0188567397379,394.4007311741705,434.5884834028182,389.7277367289789,430.85008784666496,275.70667226630405,430.85008784666496,400.94292339743873,411.22351117686026,514.0293889710754,410.288912287822,344.86699005513964,400.00832450840045,373.8395556153275,380.38174783859574,389.7277367289789,265.42608448688253,438.3268789589715,339.2593967209097,500.9450045245389,333.65180338667983,275.70667226630405,358.8859733907144,273.83747448822743,493.46821341223233,441.1306756260865,385.05474228378733,357.0167756126378,420.56950006724344,468.2340434081977,429.9154889576266,485.9914222999258,283.1834633786106,330.84800671956486,327.10961116341156,232.71512337054136,344.86699005513964,418.7003022891668,399.0737256193621,421.5040989562818,386.92394006186396,440.19607673704814,428.98089006858834,437.3922800699332,330.84800671956486,333.65180338667983,494.4028123012706,350.47458338936957,322.43661671821997,404.68131895359204,483.1876256328108,305.6138367155302,431.7846867357033,379.4471489495574,403.7467200645537,275.70667226630405,287.8564578238022,492.533614523194,332.7172044976415,435.52308229185655,452.3458622945463,506.55259785876876,376.6433522824425,456.08425785069954,357.95137450167607,325.24041338533493,303.7446389374536
B02009,99000000267,Synthetic Census Tract 99000000267,1.0,Total:,24.069466849009945,32.734474914653525,+/-34,20.218352153168354,25.032245522970342,15.404458783366366,25.995024196930743,22.14390950108915,36.58558961049512,11.553344087524774,40.43670430633671,35.62281093653472,26.95780287089114,33.697253588613926,8.66500806564358,10.590565413564377,32.734474914653525,25.995024196930743,25.995024196930743,23.10668817504955,37.54836828445551,21.181130827128754,29.846138892772334,14.441680109405969,21.181130827128754,7.702229391683183,20.218352153168354,30.80891756673273,39.473925632376314,10.590565413564377,32.734474914653525,31.771696240693128,27.920581544851537,26.95780287089114,12.516122761485171,15.404458783366366,32.734474914653525,26.95780287089114,25.032245522970342,28.883360218811937,44.2878190021783,20.218352153168354,22.14390950108915,37.54836828445551,13.47890143544557,33.697253588613926,21.181130827128754,28.883360218811937,11.553344087524774,36.58558961049512,5.776672043762387,13.47890143544557,30.80891756673273,25.032245522970342,37.54836828445551,43.3250403282179,15.404458783366366,30.80891756673273,23.10668817504955,23.10668817504955,9.627786739603978,26.95780287089114,17.33001613128716,49.10171237198029,25.032245522970342,37.54836828445551,25.995024196930743,24.069466849009945,7.702229391683183,32.734474914653525,13.47890143544557,8.66500806564358,27.920581544851537,28.883360218811937,33.697253588613926,29.846138892772334,7.702229391683183,23.10668817504955,24.069466849009945,30.80891756673273,11.553344087524774,22.14390950108915,25.995024196930743,6.739450717722785
B02009,99000000268,Synthetic Census Tract 99000000268,1.0,Total:,214.9503952357285,106.95092836119174,+/-102,65.00938782739107,183.494239835378,230.67847293590376,189.7854709154481,203.41647158893332,192.93108645548315,268.4258594163244,180.34862429534294,218.09601077576357,243.26093509604397,243.26093509604397,223.33870334248866,234.87262698928384,208.6591641556584,243.26093509604397,213.90185672238349,239.0667810426639,188.7369324021031,155.18369997506252,170.9117776752378,187.68839388875807,212.8533182090385,218.09601077576357,180.34862429534294,232.7755499625938,180.34862429534294,262.1346283362543,200.27085604889828,239.0667810426639,268.4258594163244,248.50362766276905,228.58139590921374,180.34862429534294,222.29016482914363,206.5620871289684,211.80477969569347,244.309473609389,177.2030087553079,218.09601077576357,244.309473609389,161.47493105513263,203.41647158893332,182.445701322033,137.35854524819723,191.88254794213813,232.7755499625938,184.542778348723,252.69778171614914,211.80477969569347,255.84339725618418,233.82408847593882,236.96970401597386,236.96970401597386,198.17377902220824,190.8340094287931,274.71709049639446,204.46501010227834,193.97962496882818,215.99893374907353,208.6591641556584,185.59131686206803,255.84339725618418,233.82408847593882,178.2515472686529,283.10539860315464,171.96031618858282,241.16385806935395,217.04747226241855,301.9790918433649,213.90185672238349,184.542778348723,208.6591641556584,155.18369997506252,293.5907837366048,225.43578036917867,209.70770266900342,190.8340094287931,226.4843188825237,215.99893374907353,232.7755499625938,226.4843188825237
B02009,99000000269,Synthetic Census Tract 99000000269,1.0,Total:,222.1223959031555,77.65254490923323,+/-86,46.95270157302474,263.6574780639082,219.41358619701947,217.60771305959543,211.28715707861133,219.41358619701947,227.54001531542758,243.79287355224383,261.85160492648413,233.86057129641168,183.29612344853888,232.05469815898766,192.32548913565904,223.0253324718675,214.8989033534594,208.5783473724753,269.97803404489224,223.92826904057952,221.21945933444348,251.01636610193995,205.86953766633926,215.8018399221714,183.29612344853888,204.96660109762723,223.92826904057952,166.1403286430106,200.45191825406715,223.0253324718675,213.99596678474737,264.56041463262017,211.28715707861133,225.73414217800357,233.86057129641168,218.51064962830745,214.8989033534594,213.09303021603534,233.86057129641168,215.8018399221714,218.51064962830745,274.4927168884523,219.41358619701947,176.97556746755478,213.09303021603534,220.31652276573146,246.50168325837987,205.86953766633926,244.69581012095585,247.4046198270919,176.07263089884276,219.41358619701947,241.0840638461078,232.05469815898766,191.42255256694702,214.8989033534594,243.79287355224383,225.73414217800357,242.8899369835318,260.0457317890601,212.19009364732335,203.1607279602032,189.61667942952297,207.67541080376327,213.99596678474737,264.56041463262017,274.4927168884523,246.50168325837987,241.0840638461078,217.60771305959543,166.1403286430106,197.74310854793112,214.8989033534594,223.0253324718675,251.01636610193995,195.9372354105071,243.79287355224383,212.19009364732335,227.54001531542758,222.1223959031555,233.86057129641168,241.0840638461078,222.1223959031555
B02009,99000000270,Synthetic Census Tract 99000000270,1.0,Total:,949.3023042495864,554.0260361501514,+/-520,336.6773604297074,556.1569055199598,825.7118808007065,857.6749213478306,963.1529551533403,832.1044889101313,808.6649258422403,726.6264551046218,1022.817297507972,971.6764326325733,1226.3153223246622,978.0690407419982,599.8397276010294,610.4940744500707,838.4970970195561,773.5055812404038,875.7873109912009,1070.761858328658,1056.9112074249042,887.5070925251465,952.4986083042988,901.3577434289002,1089.9396826569325,1217.791844845429,1165.5855452851263,1089.9396826569325,980.1999101118064,1030.275340302301,1230.5770610642787,1041.9951218362464,1057.9766421098084,798.0105789931989,906.6849168534209,1096.3322907663573,874.7218763062968,1054.780338055096,1342.447702979213,876.8527456761051,806.534056472432,1065.4346849041374,917.3392637024623,982.3307794816146,1055.8457727400003,738.3462366385672,843.8242704440768,906.6849168534209,1095.2668560814532,1174.1090227643595,1174.1090227643595,1232.707930434087,996.1814303853685,1045.1914258909587,1018.5555587683554,1247.6240160227449,1219.9227142152374,921.6010024420789,1045.1914258909587,1148.5385903266601,1089.9396826569325,766.0475384460748,876.8527456761051,821.4501420610899,842.7588357591727,831.0390542252271,790.5525361988699,807.5994911573362,647.7842884217156,877.9181803610093,737.2808019536631,931.1899146062161,803.3377524177196,771.3747118705954,725.5610204197176,1157.0620678058933,990.8542569608478,626.4755947236328,1033.4716443570132,983.3962141665188,1035.6025137268216,985.527083536327,796.9451443082947
B02009,99000000271,Synthetic Census Tract 99000000271,1.0,Total:,0.0,14.998334466008764,+/-14,9.641786442434206,0.0,0.0,0.0,0.0,0.0,0.0,0.0,0.0,0.0,0.0,0.0,0.0,0.0,0.0,0.0,0.0,0.0,0.0,0.0,0.0,0.0,0.0,0.0,0.0,0.0,0.0,0.0,0.0,0.0,0.0,0.0,0.0,0.0,0.0,0.0,0.0,0.0,0.0,0.0,0.0,0.0,0.0,0.0,0.0,0.0,0.0,0.0,0.0,0.0,0.0,0.0,0.0,0.0,0.0,0.0,0.0,0.0,0.0,0.0,0.0,0.0,0.0,0.0,0.0,0.0,0.0,0.0,0.0,0.0,0.0,0.0,0.0,0.0,0.0,0.0,0.0,0.0,0.0,0.0,0.0
B02009,99000000272,Synthetic Census Tract 99000000272,1.0,Total:,156.88682265676786,105.24084998093745,+/-108,64.31385276612845,134.47441942008675,203.66053375940675,149.0912041396614,132.52551479081012,158.8357272860445,180.2736782080873,173.45251200561913,132.52551479081012,125.70434858834196,112.06201618340562,129.60215784689518,118.88318238587378,170.5291550617042,193.91601061302364,146.16784719574645,166.63134580315096,151.040108768938,157.86127497140617,149.0912041396614,132.52551479081012,152.98901339821464,99.39413609310759,178.3247735788107,176.37586894953407,156.88682265676786,190.9926536691087,85.75180368817125,183.19703515200223,190.0182013544704,132.52551479081012,178.3247735788107,154.93791802749124,138.37222867863997,158.8357272860445,127.65325321761857,128.6277055322569,190.0182013544704,158.8357272860445,149.0912041396614,119.8576347005121,138.37222867863997,148.11675182502307,130.5766101615335,208.53279533259828,154.93791802749124,175.40141663489575,194.89046292766196,104.26639766629914,180.2736782080873,244.58753097421575,123.75544395906533,127.65325321761857,179.29922589344898,170.5291550617042,214.37950922042813,105.24084998093745,120.8320870151504,175.40141663489575,126.67880090298027,126.67880090298027,192.94155829838533,165.65689348851265,192.94155829838533,109.13865923949069,119.8576347005121,130.5766101615335,148.11675182502307,184.17148746664054,145.19339488110816,119.8576347005121,152.98901339821464,161.75908422995943,130.5766101615335,125.70434858834196,139.34668099327828,161.75908422995943,167.60579811778928,126.67880090298027,228.99629394000277,231.9196508839177
B02009,99000000273,Synthetic Census Tract 99000000273,1.0,Total:,25.12950965492743,26.990954814551685,+/-29,15.822283856806159,19.54517417605467,24.198787075115302,16.753006436618286,9.30722579812127,23.268064495303175,25.12950965492743,33.50601287323657,20.475896755866795,18.61445159624254,21.406619335678922,40.021070931921464,21.406619335678922,29.783122553988065,23.268064495303175,33.50601287323657,47.46685157041848,25.12950965492743,30.71384513380019,24.198787075115302,26.990954814551685,18.61445159624254,24.198787075115302,15.822283856806159,20.475896755866795,29.783122553988065,11.168670957745524,30.71384513380019,34.4367354530487,30.71384513380019,22.33734191549105,32.575290293424445,42.813238671357844,14.891561276994032,19.54517417605467,24.198787075115302,31.644567713612318,25.12950965492743,16.753006436618286,28.85239997417594,31.644567713612318,14.891561276994032,25.12950965492743,16.753006436618286,28.85239997417594,23.268064495303175,9.30722579812127,32.575290293424445,25.12950965492743,24.198787075115302,21.406619335678922,26.06023223473956,28.85239997417594,10.237948377933398,25.12950965492743,25.12950965492743,29.783122553988065,16.753006436618286,21.406619335678922,43.74396125116997,25.12950965492743,15.822283856806159,27.92167739436381,15.822283856806159,10.237948377933398,39.09034835210934,25.12950965492743,36.29818061267295,18.61445159624254,18.61445159624254,25.12950965492743,27.92167739436381,21.406619335678922,30.71384513380019,25.12950965492743,43.74396125116997,37.22890319248508,18.61445159624254,36.29818061267295,26.06023223473956,26.06023223473956
B02009,99000000274,Synthetic Census Tract 99000000274,1.0,Total:,21.42352971336934,38.766387100382616,+/-38,23.463865876547374,26.52437012131442,13.26218506065721,11.221848897479179,16.32268930542426,21.42352971336934,27.544538202903436,25.504202039725403,25.504202039725403,34.68571477402655,8.16134465271213,24.484033958136386,20.403361631780324,30.605042447670485,6.121008489534097,25.504202039725403,40.80672326356065,26.52437012131442,8.16134465271213,7.141176571123113,14.282353142246226,19.383193550191308,19.383193550191308,32.64537861084852,8.16134465271213,14.282353142246226,9.181512734301146,15.302521223835242,28.564706284492452,11.221848897479179,39.78655518197163,31.6252105292595,27.544538202903436,11.221848897479179,47.94789983468376,18.36302546860229,8.16134465271213,18.36302546860229,31.6252105292595,49.98823599786179,17.342857387013275,19.383193550191308,26.52437012131442,9.181512734301146,52.028572161039826,22.443697794958357,43.867227508327694,41.82689134514966,15.302521223835242,29.58487436608147,12.242016979068193,27.544538202903436,19.383193550191308,20.403361631780324,13.26218506065721,19.383193550191308,29.58487436608147,15.302521223835242,8.16134465271213,8.16134465271213,22.443697794958357,15.302521223835242,22.443697794958357,44.887395589916714,9.181512734301146,49.98823599786179,10.201680815890162,6.121008489534097,31.6252105292595,9.181512734301146,40.80672326356065,19.383193550191308,17.342857387013275,17.342857387013275,19.383193550191308,36.72605093720458,17.342857387013275,17.342857387013275,27.544538202903436,36.72605093720458,27.544538202903436
B02009,99000000275,Synthetic Census Tract 99000000275,1.0,Total:,1245.4637210611754,398.2157743155539,+/-431,242.07084192732046,1184.484043323759,1198.3430609913537,1046.817801158985,1336.0093031561275,1339.7050412008193,1128.1240381422072,1421.9352126952144,1380.3581596924305,1076.3837055165204,1199.2669955025265,1093.938461228807,1239.9201139941376,1383.1299632259493,1346.17258277903,1398.83684991589,1310.139136843284,1267.638149329327,1457.0447241197876,1236.2243759494456,1304.5955297762462,1175.244698212029,1081.0033780723852,1012.6322242455849,1325.8460235332248,1413.6198020946576,1202.0387990360455,1271.333887374019,1187.255846857278,1016.3279622902768,1163.2335495667803,1192.7994539243157,1155.8420734773965,1157.6899424997425,1124.4283000975154,1421.9352126952144,1258.3988042175972,1365.5752075136627,1370.1948800695277,1147.5266628768397,1158.6138770109155,1361.879469468971,1335.0853686449545,1133.6676452092452,1240.8440485053106,1102.2538718293638,1523.5680089242421,1133.6676452092452,1185.407977834932,1471.8276762985554,1371.1188145807007,1334.1614341337815,1445.957509985712,1196.4951919690077,1072.6879674718284,1017.2518968014498,1159.5378115220885,1336.9332376673003,1239.9201139941376,1074.5358364941744,1226.061096326543,1133.6676452092452,1369.2709455583547,1423.7830817175604,1041.2741940919473,1308.2912678209382,1311.063071354457,1245.4637210611754,1168.7771566338183,1222.365358281851,1345.2486482678573,1165.0814185891263,1309.215202332111,1210.3542096366023,1050.513539203677,1196.4951919690077,1293.5083156421704,1308.2912678209382,1156.7660079885695,1320.3024164661867,1267.638149329327
B02009,99000000276,Synthetic Census Tract 99000000276,1.0,Total:,680.1157266787397,318.16572621451775,+/-327,193.62379057091445,723.900000928444,804.657662322343,604.2229846459189,655.7911298733485,748.2245977338353,576.0064523516651,519.5733877631574,585.7362910738216,806.6036300667743,609.0879040069972,776.4411300280891,762.81935581707,667.4669363399363,579.8983878405277,692.7645170175432,768.6572590503639,528.3302426130982,765.738307433717,785.19798487803,793.9548397279708,743.359678372757,684.0076621676023,799.7927429612647,689.8455654008962,618.8177427291537,709.3052428452092,646.061291151192,618.8177427291537,713.1971783340719,680.1157266787397,474.81612964123747,520.546371635373,877.6314527385168,835.7931462332438,550.7088716740582,805.6306461945586,742.3866945005414,538.0600813352547,690.8185492731119,724.8729848006597,653.8451621289172,790.0629042391082,585.7362910738216,620.763710473585,701.521371867484,671.3588718287989,630.4935491957416,560.4387103962147,889.3072592051046,756.0084687115605,656.7641137455641,747.2516138616196,664.5479847232893,550.7088716740582,702.4943557396997,800.7657268334804,559.465726523999,778.3870977725204,817.3064526611464,712.2241944618562,668.439920212152,783.2520171335987,745.3056461171883,686.9266137842493,641.1963717901137,592.5471781793311,713.1971783340719,779.360081644736,788.1169364946769,683.0346782953867,570.1685491183712,591.5741943071155,855.2528236775568,729.7379041617379,546.8169361851956,790.0629042391082,788.1169364946769,544.8709684407643,567.2495975017242,697.6294363786214
B02009,99000000277,Synthetic Census Tract 99000000277,1.0,Total:,329.68912252641877,233.62076894256165,+/-214,141.9191587034253,314.4055208198961,229.25402559784087,473.7916529022045,239.07919812346262,319.86395000079705,434.49096279971747,436.6743344720779,449.7745645062402,348.2477817414821,187.76996382299347,354.79789675856324,265.2796581917873,316.58889249225643,313.3138349837159,282.7466315706704,265.2796581917873,271.82977320886846,387.5484718439691,378.81498515452756,363.5313834480048,264.1879723556071,413.74893191229376,335.14755170731974,429.0325336188165,243.4459414681834,278.3798882259496,279.47157406212983,193.22839300389447,350.4311534138425,408.2905027313928,291.48011826011196,354.79789675856324,324.2306933455178,306.7637199666347,275.1048307174091,421.39073276555513,411.5655602399334,339.51429505204055,351.5228392500227,347.1560959053019,254.36279982998536,383.1817284992483,314.4055208198961,424.66579027409574,272.92145904504866,266.3713440279675,280.56325989831004,225.97896808930028,329.68912252641877,391.9152151886899,279.47157406212983,363.5313834480048,372.2648701374464,307.8554058028149,282.7466315706704,446.4995069976996,394.09858686105025,367.8981267927256,364.623069284185,332.9641800349594,313.3138349837159,225.97896808930028,421.39073276555513,276.1965165535893,292.57180409629217,366.80644095654543,493.441997953448,483.61682542782626,342.7893525605811,162.661189590849,346.0644100691217,294.7551757686526,335.14755170731974,293.6634899324724,288.2050607515714,260.91291484706653,237.98751228728244,413.74893191229376,400.6487018781314,293.6634899324724
B02009,99000000278,Synthetic Census Tract 99000000278,1.0,Total:,1664.0266422983254,961.7062827021366,+/-875,584.7174198828991,2238.852226130574,1602.4774402053888,2075.0873848475817,1737.6658662309462,1747.5577022815967,1927.8089369823401,1384.8570470910768,1747.5577022815967,1540.928238112452,1238.6776921203518,1781.6295820116154,1250.767713960036,1753.0531667541804,1482.6763147030654,1572.8019320534372,2397.121602940983,1189.218511867099,1443.1089705004633,2143.2311443076187,1875.052478045537,1681.6121286105931,2305.8968926960943,1572.8019320534372,1666.224828087359,1903.628893302972,1551.9191670576192,1712.3867296570616,1509.054544171467,1876.151570940054,1401.3434405088276,1313.4160089474894,1628.8556696737903,1709.0894509735112,1847.575155682619,1860.7642704168197,1480.478128914032,1323.30784499814,1901.4307075139386,1875.052478045537,1417.8298339265784,1114.4801950399617,1800.3141612183997,1705.7921722899612,1705.7921722899612,1567.3064675808535,1818.998740425184,1832.1878551593848,1873.9533851510205,1260.6595500106864,2187.194860088288,1704.6930793954443,1840.9805983155186,1711.2876367625447,1363.9742820952588,1696.9994291338273,1233.1822276477683,2197.0866961389384,2219.068554029273,1069.417386364776,1870.6561064674702,1334.2987739433072,1360.6770034117087,1470.5862928633815,2125.645657995351,1611.2701833615226,1703.5939865009277,1726.674937285779,1831.0887622648681,1684.9094072941434,1756.3504454377305,1924.5116582987898,1767.3413743828978,1725.5758443912623,1532.135494956318,2139.9338656240684,1416.7307410320618,1811.305090163567,1479.3790360195153,1470.5862928633815,1061.723736103159
B02009,99000000279,Synthetic Census Tract 99000000279,1.0,Total:,373.26502630790463,254.115455763291,+/-241,153.94546282755388,353.2310277207572,398.57112978640663,388.02692000369746,377.48271022098834,417.55070739528315,309.99976761164965,429.14933815626324,317.380714459546,264.6596655460002,363.77523750346637,439.6935479389724,263.60524456772924,385.91807804715563,278.3671382635221,373.26502630790463,386.97249902542654,367.9929214165501,525.1016471789167,330.033766198797,382.7548151123429,517.7207003310203,210.88419565418343,314.2174515247333,490.30575489597646,432.312601091076,514.5574373962075,285.7480851114185,381.700394134072,318.43513543781694,369.047342394821,303.6732417420241,499.79554370041467,441.80238989551424,402.78881369949033,325.8160822857134,200.33998587147425,412.2786025039286,270.9861914156257,320.54397739435876,363.77523750346637,297.3467158723986,511.39417446139475,431.25818011280506,300.5099788072114,350.06776478594446,272.0406123938966,495.577859787331,328.9793452205261,334.25145011188073,319.48955641608785,392.24460391678116,200.33998587147425,265.7140865242711,289.9657690245022,444.96565283032703,469.2173353305581,389.0813409819684,446.02007380859794,363.77523750346637,349.01334380767355,504.0132276134984,253.0610347850201,319.48955641608785,410.1697605473867,399.6255507646776,400.6799717429485,304.72766272029503,415.44186543874133,409.1153395691158,323.70724032917155,287.8569270679604,389.0813409819684,434.42144304761786,475.5438612001836,360.61197456865364,268.87734945908386,416.49628641701224,278.3671382635221,357.4487116338409,335.30587109015164
B02009,99000000280,Synthetic Census Tract 99000000280,1.0,Total:,263.640690743658,167.42146054524267,+/-174,101.99238401032025,203.9847680206405,255.9431523277848,269.41384455556295,314.63688274881815,276.14919066945197,318.48565195675474,250.16999851587985,277.11138297143617,266.52726764961045,310.7881135408815,254.01876772381647,303.0905751250083,203.02257571865636,253.05657542183232,247.2834216099274,218.4176525504028,235.73711398611755,265.5650753476263,278.0735752734203,186.66530658492573,200.1359988127039,340.61607490239027,245.3590370059591,225.15299866429186,257.8675369317531,277.11138297143617,362.7464978480258,213.60669104048202,203.9847680206405,128.93376846587654,286.7333059912777,308.8637289369132,159.72392212936944,333.8807287885012,191.47626809484652,331.9563441845329,358.89772864008916,307.9015366349291,341.5782672043744,311.75030584286566,282.88453678334105,294.4308444071509,335.8051133924695,342.54045950635856,278.0735752734203,268.45165225357874,210.72011413452958,321.3722288627072,262.67849844167387,311.75030584286566,211.68230643651373,269.41384455556295,242.47246010000663,161.64830673333776,239.58588319405416,293.46865210516677,225.15299866429186,239.58588319405416,240.5480754960383,254.9809600258006,184.74092198095744,223.22861406032357,238.62369089207002,262.67849844167387,186.66530658492573,230.9261524761968,269.41384455556295,290.5820751992143,213.60669104048202,223.22861406032357,313.67469044683395,323.2966134666755,185.70311428294158,323.2966134666755,305.0149597289766,220.3420371543711,319.4478442587389,260.7541138377055,263.640690743658,197.24942190675142
B02009,99000000281,Synthetic Census Tract 99000000281,1.0,Total:,21.78819320649759,33.20105631466299,+/-32,20.75066019666437,8.300264078665748,8.300264078665748,25.938325245830463,7.2627310688325295,44.613919422828396,23.863259226164026,22.825726216330807,22.825726216330807,32.16352330482977,23.863259226164026,10.375330098332185,23.863259226164026,35.27612233432943,31.125990294996555,20.75066019666437,18.675594176997933,39.4262543736623,6.225198058999311,19.71312718683115,20.75066019666437,6.225198058999311,9.337797088498967,23.863259226164026,9.337797088498967,33.20105631466299,29.050924275330118,21.78819320649759,17.638061167164715,32.16352330482977,22.825726216330807,8.300264078665748,18.675594176997933,35.27612233432943,37.351188353995866,18.675594176997933,22.825726216330807,28.0133912654969,8.300264078665748,17.638061167164715,20.75066019666437,43.57638641299518,30.088457285163337,23.863259226164026,35.27612233432943,7.2627310688325295,26.97585825566368,22.825726216330807,31.125990294996555,8.300264078665748,34.23858932449621,40.46378738349552,31.125990294996555,7.2627310688325295,8.300264078665748,20.75066019666437,24.900792235997244,7.2627310688325295,28.0133912654969,23.863259226164026,21.78819320649759,39.4262543736623,37.351188353995866,19.71312718683115,28.0133912654969,6.225198058999311,22.825726216330807,21.78819320649759,28.0133912654969,7.2627310688325295,24.900792235997244,34.23858932449621,24.900792235997244,9.337797088498967,7.2627310688325295,16.600528157331496,20.75066019666437,6.225198058999311,29.050924275330118,19.71312718683115,20.75066019666437
B02009,99000000282,Synthetic Census Tract 99000000282,1.0,Total:,421.6379156042051,213.42166098484455,+/-205,130.13515913710035,497.63684854027167,379.99466468033296,510.1298238174333,361.25520176459054,463.28116652807716,338.3514137564609,377.91250213413934,375.83033958794573,498.67792981336845,332.10492611788004,298.79032537878237,368.54277067626816,385.20007104581697,396.6519650498818,509.08874254433647,361.25520176459054,501.8011736326589,477.8563043514324,512.2119863636269,424.7611594234955,390.405477411301,414.35034669252747,487.22603580930365,401.85737141536583,467.4454916204644,391.4465586843978,336.26925121026727,434.1308908813667,482.02062944381964,359.1730392183969,389.3643961382042,369.58385194936494,391.4465586843978,508.0476612712397,501.8011736326589,452.87035379710915,353.9676328529129,407.06277778084984,477.8563043514324,437.2541347006571,299.83140665187915,443.5006223392379,414.35034669252747,396.6519650498818,409.14494032704346,397.6930463229786,526.7871241869822,464.322247801174,461.19900398188355,429.9665657889795,362.2962830376873,483.0617107169164,446.62386615852836,368.54277067626816,476.81522307833563,345.63898266813845,474.733060532142,445.5827848854315,292.5438377402015,518.4584740022077,418.51467178491464,336.26925121026727,436.2130534275603,392.4876399574946,479.93846689762603,364.37844558388093,433.0898096082699,420.59683433110825,391.4465586843978,469.527654166658,306.07789429046,369.58385194936494,397.6930463229786,391.4465586843978,558.0195623798862,287.3384313747175,572.5947002032415,542.4033432834342,404.9806152346562,386.2411523189138
B02009,99000000283,Synthetic Census Tract 99000000283,1.0,Total:,57.67653200293107,65.49707871519291,+/-67,40.08030190034193,56.69896366389834,90.91385553004389,44.96814359550558,57.67653200293107,44.96814359550558,21.50650345872006,36.17002854421101,43.01300691744012,52.78869030776742,69.40735207132383,36.17002854421101,58.6541003419638,80.16060380068386,91.89142386907662,78.2054671226184,45.94571193453831,73.31762542745474,84.07087715681477,61.58680535906199,59.631668680996526,60.60923702002926,57.67653200293107,58.6541003419638,89.93628719101116,112.42035898876395,71.36248874938929,54.74382698583288,48.8784169516365,61.58680535906199,56.69896366389834,66.47464705422564,53.766258646800146,28.34948183194917,75.27276210552021,77.22789878358567,61.58680535906199,68.4297837322911,27.37191349291644,25.41677681485098,48.8784169516365,73.31762542745474,64.51951037616018,35.19246020517828,100.68953892037119,61.58680535906199,42.03543857840739,67.45221539325837,16.61866176355641,73.31762542745474,54.74382698583288,59.631668680996526,55.72139532486561,53.766258646800146,63.54194203712745,42.03543857840739,55.72139532486561,107.53251729360029,60.60923702002926,43.99057525647285,35.19246020517828,43.99057525647285,68.4297837322911,74.29519376648749,57.67653200293107,85.0484454958475,51.81112196873469,40.08030190034193,78.2054671226184,17.59623010258914,85.0484454958475,38.12516522227647,65.49707871519291,44.96814359550558,91.89142386907662,87.9811505129457,60.60923702002926,40.08030190034193,70.38492041035656,59.631668680996526,42.03543857840739
B02009,99000000284,Synthetic Census Tract 99000000284,1.0,Total:,725.8934752035657,392.76389168238256,+/-382,238.5372326447978,783.4714279109306,900.6836887794951,863.6692906104747,747.4852074688275,716.6398756613106,751.5979183764965,869.8383569719781,691.9636102152971,695.0481433960488,1092.9529237130175,636.4420129617665,517.1733966393676,602.5121479734979,542.8778398122985,728.9780083843174,852.3593356143853,717.6680533882278,785.5277833647651,814.3167597184477,893.4864446910744,500.72255300869193,506.8916193701953,597.3712593389117,750.5697406495792,845.1620915259646,681.6818329461247,476.04628756267834,703.2735652113865,668.3155224962007,589.1458375235738,680.6536552192075,893.4864446910744,678.597299765373,825.6267147145372,812.2604042646132,672.4282334038696,740.287963380407,745.4288520149931,643.6392570501871,770.1051174610067,563.441394350643,649.8083234116905,579.8922379813188,654.9492120462767,904.796399687164,871.8947124258126,685.7945438537937,627.1884134195114,686.8227215807109,506.8916193701953,731.0343638381519,800.9504492685236,792.7250274531858,769.0769397340895,745.4288520149931,628.2165911464286,708.4144538459727,611.765747515753,741.3161411073241,590.174015250491,817.4012928991993,848.2466247067163,880.1201342411505,778.3305392763446,563.441394350643,668.3155224962007,813.2885819915304,990.1351510212943,765.9924065533378,884.2328451488194,741.3161411073241,566.5259275313947,679.6254774922903,668.3155224962007,706.3580983921382,770.1051174610067,671.4000556769524,848.2466247067163,633.3574797810148,566.5259275313947
B02009,99000000285,Synthetic Census Tract 99000000285,1.0,Total:,325.6745359672438,151.56044887118273,+/-168,92.01884395750379,405.0633425188157,323.87024490925353,413.18265227977196,298.61017009738976,324.7723904382487,292.29515139442384,305.82733432935083,407.76977910580115,287.78442374944814,425.81268968570384,316.65308067729245,305.82733432935083,304.9251888003557,243.5792928286865,341.9131554891562,369.87966688800543,291.3930058654287,280.56725951748706,270.64365869854055,406.867633576806,280.56725951748706,269.74151316954544,315.75093514829734,335.5981367861903,361.76035712704925,342.8153010181514,299.5123156263849,300.41446115538,304.9251888003557,336.5002823151854,289.5887148074384,357.24962948207354,374.39039453298113,291.3930058654287,367.17323030102006,393.33545064187894,364.4667937140346,299.5123156263849,361.76035712704925,286.882278220453,282.37155057547733,340.10886443116596,255.30718470562326,356.34748395307844,314.8487896193022,380.70541323594705,368.07537583001516,267.9372221115552,378.9011221779568,304.9251888003557,278.7629684594968,399.6504693448449,359.956066069059,359.956066069059,243.5792928286865,290.49086033643357,385.21614088092275,347.3260286631271,414.08479780876706,296.8058790393995,368.9775213590103,398.74832381584974,309.4359164453314,307.6316253873411,295.0015879814092,270.64365869854055,368.9775213590103,387.020431938913,377.0968311199665,326.57668149623896,409.5740701637914,341.0110099601611,322.06595385126326,303.12089774236546,304.02304327136056,314.8487896193022,312.1423530323168,325.6745359672438,252.60074811863785,377.9989766489617
B02009,99000000286,Synthetic Census Tract 99000000286,1.0,Total:,68.75224181559273,73.46129947419497,+/-78,45.206953522581514,53.68325730806555,61.21774956182914,75.34492253763587,41.43970739569973,98.89021083064706,36.73064973709749,77.22854560107676,91.35571857688349,93.23934164032438,75.34492253763587,106.42470308441065,84.76303785484035,42.381518927420174,52.7414457763451,82.87941479139945,57.45050343494734,50.85782271290421,50.85782271290421,97.00658776720617,86.64666091828124,68.75224181559273,73.46129947419497,80.0539801962381,70.63586487903362,19.778042166129413,102.65745695752886,80.0539801962381,58.3923149666678,51.799634244624656,95.12296470376528,23.545288293011208,43.32333045914062,91.35571857688349,94.18115317204483,60.27593803010869,92.29753010860394,68.75224181559273,74.40311100591542,56.5086919032269,48.97419964946331,70.63586487903362,60.27593803010869,85.7048493865608,48.03238811774286,123.37731065537872,60.27593803010869,65.92680722043139,80.0539801962381,89.47209551344258,80.99579172795855,100.77383389408797,87.58847245000169,37.67246126881793,44.26514199086107,95.12296470376528,64.98499568871094,52.7414457763451,41.43970739569973,68.75224181559273,87.58847245000169,71.57767641075407,62.159561093549584,63.10137262527004,79.11216866451765,30.137969015054345,103.59926848924931,58.3923149666678,53.68325730806555,34.847026673656586,75.34492253763587,21.66166522957031,36.73064973709749,94.18115317204483,86.64666091828124,65.92680722043139,100.77383389408797,91.35571857688349,80.0539801962381,59.334126498388244,33.90521514193614
B02009,99000000287,Synthetic Census Tract 99000000287,1.0,Total:,327.6357573534654,290.4501039115077,+/-289,175.87809060385413,285.42501560854043,432.15759405518446,144.72254312545712,300.5002805174422,302.51031583862914,163.8178786767327,333.66586331702615,193.96840849453628,433.1626117157779,321.6056513899047,331.6558279958392,322.61066905049813,414.0672761645023,352.76119886830173,169.84798464029342,334.67088097761956,417.0823291462827,394.9719406132267,372.8615520801708,334.67088097761956,277.3848743237928,206.0286204216577,349.7461458865214,287.4350509297273,511.5539892420672,445.22282364289936,335.675898638213,453.2629649276469,166.83293165851308,348.7411282259279,324.62070437168506,354.7712341894886,173.86805528266723,329.64579267465234,366.83144611661004,351.75618120770827,191.95837317334937,181.90819656741485,344.7210575835541,311.55547478397017,353.7662165288952,250.2493974877696,430.1475587339975,328.6407750140589,394.9719406132267,387.93681698907255,334.67088097761956,401.00204657678745,247.23434450598924,316.58056308693745,329.64579267465234,329.64579267465234,158.79279037376546,289.44508625091424,405.02211721916126,339.69596928058684,174.8730729432607,183.91823188860175,301.5052981780357,266.32968005726485,371.8565344195773,454.2679825882404,241.20423854242853,328.6407750140589,141.70749014367675,149.74763142842437,332.6608456564327,164.82289633732617,424.11745277043684,307.53540414159636,309.5454394627833,319.5956160687178,404.0170995585678,312.56049244456364,186.93328487038212,366.83144611661004,429.1425410734041,410.0472055221285,317.5855807475309,323.6156867110916
B02009,99000000288,Synthetic Census Tract 99000000288,1.0,Total:,439.3253728611315,263.96832382101957,+/-283,160.4330448664854,499.0213895556377,555.9191554675889,474.76988277349454,403.8808629487684,429.06511999176325,354.4450991236305,587.6326643365453,312.47133738530584,429.06511999176325,317.13508868956416,419.7376173832467,505.5506413815993,442.12362364368647,335.79009390659735,580.170662249732,529.8021481637425,333.924593384894,281.6905787772011,473.8371325126429,541.9279015548141,424.40136868750494,540.9951512939624,546.5916528590723,467.3078806866813,409.4773645138784,388.0241085142902,407.6118639921751,455.1821272956097,378.69660590577365,363.7726017321471,383.36035721003196,513.0126434684125,517.6763947726708,354.4450991236305,363.7726017321471,591.363665379952,302.2110845159376,332.99184312404236,431.86337077431824,401.0826121662135,443.9891241653898,485.96288590371444,513.9453937292642,466.37513042582964,446.7873749479448,591.363665379952,402.9481126879168,508.3488921641543,464.5096299041263,281.6905787772011,347.9158472976689,474.76988277349454,425.3341189483566,346.98309703681724,461.7113791215713,568.0449088586605,319.93333947211914,387.09135825343856,358.17610016703713,374.03285460151534,442.12362364368647,535.3986497288524,338.5883446891523,522.3401460769292,415.0738660789884,490.62663720797275,557.7846559892922,461.7113791215713,470.10613146923623,455.1821272956097,300.3455839942343,526.0711471203358,409.4773645138784,343.2520959934106,415.0738660789884,480.3663843386045,408.54461425302674,387.09135825343856,526.0711471203358,413.20836555728505
B02009,99000000289,Synthetic Census Tract 99000000289,1.0,Total:,215.56489729589586,274.3553238311402,+/-294,167.0394658699799,195.0349070772391,218.3644414166218,236.0948875145526,97.0508628518319,236.0948875145526,347.1434709700141,194.1017257036638,67.18905889742209,71.85496576529862,207.16626493371808,214.63171592232055,130.64539230054294,294.88531404979693,240.76079438242914,354.6089219586166,350.87619646431534,263.1571473482365,339.67801998141164,116.64767169691333,250.0926081181822,212.76535317516993,213.69853454874524,222.097166910923,302.3507650383994,251.0257894917575,97.0508628518319,191.3021815829379,273.42214245756486,293.9521326762216,224.89671103164892,231.42898064667608,341.54438272856225,83.9863236217776,228.62943652595015,78.38723538032576,88.65223048965414,254.75851498605874,86.78586774250353,323.8139366306314,216.49807866947117,217.43126004304648,222.097166910923,210.89899042801932,96.1176814782566,259.42442185393526,316.348485642029,188.50263746221196,73.72132851244923,76.52087263317514,235.1617061409773,217.43126004304648,84.91950499535291,318.2148483891796,233.29534339382667,304.21712778555,306.0834905327006,236.0948875145526,309.8162160270018,107.31585796116028,249.1594267446069,206.23308356014277,218.3644414166218,242.62715712957976,325.68029937778203,246.35988262388096,107.31585796116028,210.89899042801932,253.82533361248343,268.75623558968834,238.89443163527852,215.56489729589586,321.0143925099055,106.38267658758497,261.2907846010859,80.25359812747638,75.58769125959985,244.49351987673037,81.18677950105169,363.0075543207943,236.0948875145526
B02009,99000000290,Synthetic Census Tract 99000000290,1.0,Total:,1052.3192060965068,449.31682126433003,+/-421,273.2187796761722,984.0145111774639,1129.1619878804304,1133.4310313128706,839.9342953326075,1006.4269891977749,1160.1125527656218,1054.453727812727,1127.0274661642102,1165.4488570561718,947.7276420017222,1132.3637704547605,905.0372076773203,1089.6733361303586,1025.6376846437556,1070.4626406843777,1144.103639893971,1014.9650760626553,1201.7357262319135,966.9383374477031,1133.4310313128706,1014.9650760626553,1177.1887264953825,1049.1174235221768,781.2349481365549,1000.0234240491145,975.4764243125835,1042.7138583735164,1276.4439862996169,1322.336203198349,874.0866427921289,1293.5201600293776,1096.0769012790188,919.978859690861,943.458598569282,893.2973382381098,934.9205117044016,1225.2154651103347,1131.2965095966504,1080.0679884073681,1086.4715535560283,949.8621637179423,937.0550334206217,1275.3767254415068,1120.62390101555,1297.7892034618178,831.3962084677271,955.1984680084926,1263.6368560022963,1308.4618120429184,902.9026859611002,1075.798944974928,1228.4172476846647,1124.8929444479902,712.9302532175118,909.3062511097605,1196.3994219413632,969.0728591639232,981.8799894612438,1220.9464216778945,1075.798944974928,1064.0590755357175,862.3467733529184,1106.7495098601194,1074.7316841168179,950.9294245760524,1322.336203198349,929.5842074138515,1175.0542047791623,1045.9156409478467,1038.4448149410762,1153.7089876169614,929.5842074138515,1148.372683326411,892.2300773799998,1067.2608581100476,895.4318599543299,1077.933466691148,1292.4528991712675,1070.4626406843777,1223.0809433941145
B02009,99000000291,Synthetic Census Tract 99000000291,1.0,Total:,1113.1961729442353,535.73938106192,+/-488,326.0545003594062,915.5873848476255,1152.7179305635573,1206.5114339898566,1337.1527994537264,1411.8050082902234,1017.6852586975406,1095.6309473356478,994.6309000862694,1172.4788093732182,1107.7070399415518,946.3265296626537,790.4351523864393,1022.0765650996874,1419.4897944939805,1074.77224192545,961.6961020701677,1384.3593432768055,1082.4570281292072,1086.8483345313539,1031.957004504518,1163.6961965689245,1158.2070635662408,1284.4571226279638,1061.5983227190095,1062.696149319546,1177.9679423759019,1090.1418143329643,1029.7613513034446,1135.1527049549697,1136.2505315555065,898.0221592390379,1478.7724309229634,1002.3156862900265,902.4134656411849,1351.4245452607038,916.6852114481622,915.5873848476255,1078.0657217270602,1165.8918497699979,923.2721710513825,1225.174486198981,1096.7287739361846,1175.7722891748283,1031.957004504518,1027.565698102371,780.5547129816088,1061.5983227190095,1286.6527758290372,805.8047247939534,1477.6746043224268,1173.576635973755,1095.6309473356478,1347.0332388585568,937.5439168583599,812.3916843971737,1282.2614694268905,1158.2070635662408,1095.6309473356478,1250.4244980113256,1078.0657217270602,1109.9026931426251,1164.7940231694613,984.7504606814389,1180.1635955769752,1062.696149319546,1134.054878354433,1226.2723127995175,1422.7832742955907,1038.5439641077382,883.7504134320606,1277.8701630247435,1108.8048665420883,966.0874084723147,1048.4244035125687,1257.0114576145459,1466.6963383170596,1045.1309237109585,1147.2287975608738,991.3374202846593,1352.5223718612406
B02009,99000000292,Synthetic Census Tract 99000000292,1.0,Total:,239.65295088854845,123.36565404389414,+/-122,74.82834753482103,226.5074303756745,262.9104102574793,233.58578757491432,260.8880224862679,277.067124655959,266.9551857999021,228.52981814688587,220.44026706204036,240.66414477415415,215.38429763401192,263.921604143085,231.56339980370294,170.89176666736157,188.0820627226583,296.2798084824671,301.33577791049555,179.99251163781275,277.067124655959,262.9104102574793,199.20519546432087,263.921604143085,243.69772643097122,255.8320530582395,214.3731037484062,254.8208591726338,229.54101203249155,232.5745936893086,195.1604199218981,213.36190986280053,359.9850232756255,244.7089203165769,211.33952209158915,281.1119001983817,247.74250197339398,197.18280769310948,215.38429763401192,277.067124655959,239.65295088854845,306.391747338524,212.35071597719482,256.8432469438452,243.69772643097122,267.9663796855078,207.29474654916638,223.47384871885743,221.45146094764604,265.94399191429636,215.38429763401192,236.61936923173138,318.52607396579225,254.8208591726338,220.44026706204036,298.30219625367846,342.7947272203288,201.22758323553225,198.1940015787152,274.0335429991419,208.30594043477208,279.08951242717035,299.31339013928414,207.29474654916638,221.45146094764604,208.30594043477208,286.16786962641015,285.1566757408045,240.66414477415415,240.66414477415415,234.59698146052,260.8880224862679,236.61936923173138,220.44026706204036,258.86563471505656,193.13803215068674,181.00370552341846,267.9663796855078,257.8544408294509,222.46265483325172,250.77608363021105,232.5745936893086,303.3581656817069
B02009,99000000293,Synthetic Census Tract 99000000293,1.0,Total:,304.3269746602577,185.79962663468365,+/-174,113.18827829469232,292.5810212523179,214.63060318144488,311.80167228349205,290.44539335996524,288.3097654676125,292.5810212523179,374.8026951078963,360.92111380760383,307.53041649878674,375.8705090540726,258.41097497467496,231.71562632026638,304.3269746602577,344.9039046149587,221.03748685850294,244.52939367438248,241.32595183585346,213.56278923526855,327.8188814761372,352.3786022381931,327.8188814761372,285.10632362908353,255.2075331361459,288.3097654676125,240.2581378896771,234.9190681587954,319.2763699067265,304.3269746602577,347.0395325073114,341.7004627764297,247.73283551291152,421.7865087396554,312.86948622966844,337.4292069917243,307.53041649878674,315.0051141220211,289.3775794137889,298.987904929376,326.7510675299609,323.54762569143185,262.68223075938033,249.8684634052642,322.4798117452555,329.9545093684899,408.9727413855393,324.6154396376082,291.51320730614157,380.141764838778,288.3097654676125,406.83711349318656,261.61441681320395,313.93730017584477,277.6316260058491,342.768276722606,275.4959981134964,333.1579512070189,257.34316102849857,172.98585928056752,322.4798117452555,332.0901372608426,412.17618322406827,307.53041649878674,182.5961847961546,363.05674169995655,126.00204564880845,271.2247423287911,275.4959981134964,273.36037022114374,328.88669542231355,212.4949752890922,350.2429743458404,373.73488116171995,304.3269746602577,276.5638120596728,276.5638120596728,219.96967291232662,286.17413757525986,420.718694793479,306.46260255261035,274.42818416732007
B02009,99000000294,Synthetic Census Tract 99000000294,1.0,Total:,1311.088813441114,368.94961584272556,+/-336,224.00512390451195,1111.2411048596377,1258.3817254635817,1294.6178484481352,1506.5442646911292,1406.6204104003912,1223.2436668118937,1394.5417027388735,1194.6939941573971,1380.266866411625,1290.2255911166742,1352.8152580899937,1416.5029893961785,1318.7752637711708,1171.6346431672266,1261.6759184621776,1293.5197841152699,1280.343012120887,1335.2462287641497,1333.050100098419,1044.259180554857,1132.1043271840774,1416.5029893961785,1216.655280814702,1305.5984917767878,1279.2449477880216,1247.4010821349293,1349.521065091398,1179.3210934972835,1357.2075154214547,1148.5752921770563,1292.4217197824046,1213.3610878161064,1048.6514378863183,1404.4242817346606,1274.8526904565606,1146.3791635113257,1372.5804160815683,1312.1868777739792,1435.1700830548878,1182.6152864958792,1137.5946488484037,1241.910760470603,1553.7610310043353,1346.226872092802,1299.0101057795962,1294.6178484481352,1439.5623403863488,1219.9494738132978,1356.1094510885894,1237.518503139142,1214.4591521489717,1271.558497457965,1262.773982795043,1116.731426523964,1222.1456024790284,1116.731426523964,1294.6178484481352,1170.5365788343615,1236.4204388062767,1222.1456024790284,1140.8888418469996,1450.5429837150014,1201.2823801545885,1423.09137539337,1360.5017084200504,1279.2449477880216,1196.8901228231275,1401.1300887360649,1378.0707377458946,1090.3778825351978,1517.5249080197818,1309.9907491082488,1137.5946488484037,1459.3274983779233,1314.3830064397098,1285.8333337852132,1379.1688020787599,1386.8552524088166,1340.736550428476,1281.4410764537522
B02009,99000000295,Synthetic Census Tract 99000000295,1.0,Total:,75.19385339481416,92.83191777137549,+/-100,56.62746984053905,95.61687530451675,57.55578901825281,114.18325885879186,29.706213686840158,23.20797944284387,102.11510954851305,90.97527941594798,76.1221725725279,113.2549396810781,67.76729997310412,53.84251230739778,68.69561915081786,68.69561915081786,47.344278063401504,95.61687530451675,99.33015201537178,74.2655342171004,92.83191777137549,81.69208763881043,57.55578901825281,92.83191777137549,79.83544928338293,97.47351365994427,60.34074655139407,63.125704084535336,51.98587395197028,43.631001352546484,61.26906572910782,91.90359859366174,63.125704084535336,48.27259724111526,101.18679037079929,20.42302190970261,52.91419312968403,111.39830132565059,73.33721503938663,140.176195834777,54.77083148511154,68.69561915081786,93.76023694908925,37.1327671085502,41.77436299711897,40.84604381940522,77.97881092795541,88.19032188280671,103.0434287262268,91.90359859366174,69.62393832853162,46.41595888568774,75.19385339481416,91.90359859366174,58.48410819596656,124.39476981364317,124.39476981364317,43.631001352546484,70.55225750624538,25.99293697598514,91.90359859366174,78.90713010566917,51.98587395197028,51.05755477425652,100.25847119308554,58.48410819596656,143.889472545632,145.74611090105952,62.19738490682158,47.344278063401504,75.19385339481416,42.70268217483273,87.26200270509297,112.32662050336435,99.33015201537178,90.04696023823423,111.39830132565059,48.27259724111526,68.69561915081786,74.2655342171004,42.70268217483273,97.47351365994427,117.89653556964687
B02009,99000000296,Synthetic Census Tract 99000000296,1.0,Total:,98.96491226508702,142.5094736617253,+/-144,86.09947367062571,95.00631577448354,96.98561401978529,116.77859647280269,151.41631576558314,144.48877190702706,100.94421051038877,95.00631577448354,97.97526314243615,150.42666664293228,34.63771929278046,154.38526313353574,92.03736840653093,37.60666666073307,37.60666666073307,32.65842104747872,101.93385963303963,141.51982453907445,41.56526315133655,99.9545613877379,107.87175436894485,88.07877191592745,107.87175436894485,99.9545613877379,30.679122802176977,31.668771924827848,110.84070173689747,107.87175436894485,92.03736840653093,39.58596490603481,152.40596488823402,40.57561402868568,107.87175436894485,164.28175436004446,169.22999997329882,161.31280699209185,105.89245612364311,37.60666666073307,141.51982453907445,93.0270175291818,82.14087718002223,116.77859647280269,91.04771928388006,101.93385963303963,179.1264911998075,166.2610526053462,93.0270175291818,102.9235087556905,80.1615789347205,151.41631576558314,34.63771929278046,139.5405262937727,129.644035067264,42.55491227398742,36.6170175380822,49.48245613254351,102.9235087556905,161.31280699209185,34.63771929278046,100.94421051038877,94.01666665183268,105.89245612364311,96.98561401978529,97.97526314243615,40.57561402868568,36.6170175380822,89.06842103857832,95.99596489713441,99.9545613877379,33.648070170129586,143.4991227843762,29.689473679526106,91.04771928388006,164.28175436004446,145.47842102967792,191.00228067161797,121.72684208605703,41.56526315133655,153.39561401088488,102.9235087556905,103.91315787834138
B02009,99000000297,Synthetic Census Tract 99000000297,1.0,Total:,582.2161531851885,330.7379155909138,+/-338,200.59548134951874,447.1811462279515,575.3665513830098,513.7201351634017,483.3861843251817,550.9036878038003,633.0989094299445,616.4641621960819,698.6593838222262,521.5482515087486,534.2689405699377,804.3389544844117,586.1302113578621,421.73976810557355,754.4347127828241,685.9386947610373,580.2591240988518,569.4954641239996,511.76310607706483,467.7299516344876,535.2474551131061,455.0092625732986,554.8177459764737,523.5052805950854,647.7766275774702,687.895723847374,592.0012986168723,461.85886437547725,514.69864970657,745.6280818943086,703.5519565380681,556.7747750628105,617.4426767392504,712.3585874265835,511.76310607706483,568.5169495808311,603.743473134893,542.0970569152847,782.8116345347072,546.0111150879583,495.1283588432023,584.1731822715253,559.7103186923157,603.743473134893,340.52306102259763,656.5832584659856,543.0755714584532,773.0264891030234,683.003151131532,658.5402875523224,621.3567349119239,714.3156165129203,522.5267660519171,423.69679719191026,566.5599204944943,819.9951871751058,548.9466587174635,476.536582523003,509.80607699072806,597.8723858758826,608.6360458507348,595.9153567895459,720.1867037719306,627.2278221709341,688.8742383905424,513.7201351634017,663.4328602681644,402.16947724220586,426.6323408214154,695.723840192721,675.1750347861849,425.65382627824704,628.2063367141026,723.1222474014359,449.1381753142883,476.536582523003,549.9251732606318,568.5169495808311,619.3997058255871,588.0872404441988,573.409522296673
B02009,99000000298,Synthetic Census Tract 99000000298,1.0,Total:,221.67438532847538,146.56157707667793,+/-160,88.852956102736,228.08645432558004,163.96576435453343,259.2307894543741,201.52216848043216,259.2307894543741,321.5194597119622,194.19408962659827,226.25443461212154,153.88965593051182,243.65862188997707,218.01034590155842,192.36206991313978,236.33054303614315,245.49064160343553,259.2307894543741,216.17832618809996,214.34630647464147,281.21502601587576,180.4539417756597,258.3147795976449,240.91059231978934,234.4985233226847,213.43029661791223,250.07069088708172,155.72167564397031,169.46182349490886,245.49064160343553,249.1546810303525,287.6270950129804,234.4985233226847,235.41453317941392,261.06280916783254,130.07339965555167,284.87906544279275,169.46182349490886,202.4381783371614,233.58251346595546,169.46182349490886,280.29901615914656,221.67438532847538,277.55098658895884,152.05763621705336,218.01034590155842,216.17832618809996,259.2307894543741,344.41970613019316,255.56675002745715,183.20197134584743,176.78990234874274,297.70320343700206,147.47758693340717,168.54581363817962,261.06280916783254,198.77413891024443,266.558868308208,199.6901487669737,255.56675002745715,291.2911344398974,196.94211919678597,206.10221776407835,218.01034590155842,259.2307894543741,226.25443461212154,272.97093730531265,196.02610934005673,163.96576435453343,235.41453317941392,292.2071442966266,250.98670074381096,195.1100994833275,253.73473031399868,254.65074017072791,164.88177421126267,275.71896687550037,157.55369535742878,190.5300501996813,232.66650360922623,160.30172492761648,265.64285845147873,229.00246418230927
B02009,99000000299,Synthetic Census Tract 99000000299,1.0,Total:,138.74071656178126,138.74071656178126,+/-132,84.08528276471591,84.08528276471591,86.18741483383381,179.73229190958025,90.3916789720696,135.5875184581044,161.8641693220781,129.2811222507507,137.6896505272223,195.49828242796448,125.07685811251491,87.23848086839276,105.10660345589488,207.06000880811294,249.10265019047088,153.45564104560654,177.63015984046237,175.52802777134445,101.95340535221804,99.85127328310014,201.80467863531817,86.18741483383381,88.2895469029517,193.3961503588466,95.64700914486434,195.49828242796448,132.43432035442757,152.4045750110476,137.6896505272223,166.0684334603139,131.3832543198686,56.75756586618324,93.54487707574646,175.52802777134445,159.76203725296023,180.7833579441392,141.89391466545808,184.987622082375,110.36193362868963,79.88101862648011,117.71939587060227,150.30244294192968,160.81310328751917,115.61726380148437,157.65990518384234,94.5959431103054,129.2811222507507,176.5790938059034,74.62568845368537,94.5959431103054,135.5875184581044,176.5790938059034,96.6980751794233,108.25980155957173,91.44274500662856,221.77493329193823,195.49828242796448,96.6980751794233,149.25137690737074,124.02579207795597,180.7833579441392,120.87259397427913,239.64305587944034,153.45564104560654,165.01736742575497,108.25980155957173,174.4769617367855,149.25137690737074,106.15766949045384,70.42142431544957,142.94498070001706,126.12792414707387,136.63858449266334,83.03421673015696,97.74914121398224,157.65990518384234,189.1918862206108,86.18741483383381,187.0897541514929,119.82152793972017,153.45564104560654
B02009,99000000300,Synthetic Census Tract 99000000300,1.0,Total:,158.86768467978752,106.56962699016802,+/-108,65.12588316065823,136.1723011541036,206.2319633420844,150.97363823607137,134.19878954317454,160.84119629071654,182.54982401093596,175.64253337268434,134.19878954317454,127.29149890492292,113.47691762841964,131.238522126781,120.38420826667128,172.68226595629076,196.3644052874392,148.0133708196778,168.7352427344327,152.9471498470004,159.85444048525204,150.97363823607137,134.19878954317454,154.92066145792944,100.6490921573809,180.5763124000069,178.6028007890779,158.86768467978752,193.40413787104566,86.83451088087764,185.5100914273295,192.41738206558114,134.19878954317454,180.5763124000069,156.89417306885846,140.11932437596164,160.84119629071654,129.26501051585194,130.25176632131647,192.41738206558114,160.84119629071654,150.97363823607137,121.37096407213579,140.11932437596164,149.98688243060684,132.2252779322455,211.16574236940698,156.89417306885846,177.61604498361336,197.35116109290374,105.58287118470349,182.54982401093596,247.67570717159418,125.31798729399387,129.26501051585194,181.56306820547144,172.68226595629076,217.0862772021941,106.56962699016802,122.35771987760032,177.61604498361336,128.27825471038744,128.27825471038744,195.3776494819747,167.7484869289682,195.3776494819747,110.5166502120261,121.37096407213579,132.2252779322455,149.98688243060684,186.49684723279404,147.0266150142133,121.37096407213579,154.92066145792944,163.8014637071101,132.2252779322455,127.29149890492292,141.10608018142617,163.8014637071101,169.7219985398972,128.27825471038744,231.88761428416188,234.84788170055543
B02009,99000000301,Synthetic Census Tract 99000000301,1.0,Total:,499.9142895795544,180.88350040453062,+/-182,110.31905793902692,378.6627123853086,497.92655880587824,503.88975112690673,547.6198281477823,475.0676549086024,486.99403955065935,513.8284049952875,512.8345396084494,461.1535394928693,552.5891550819726,504.8836165137448,528.7363857978587,534.6995781188872,468.11059720073587,466.1228664270597,496.93269341904016,545.6320973741061,497.92655880587824,437.30077020875535,500.9081549663925,555.570751242487,549.6075589214585,454.19648178500273,475.0676549086024,543.64436660043,549.6075589214585,547.6198281477823,573.4603282055724,461.1535394928693,495.9388280322021,455.1903471718408,565.5094051108678,421.39892401934605,529.7302511846968,503.88975112690673,464.13513565338354,505.8774819005829,486.00017416382127,544.638231987268,509.8529434479352,386.6136354800133,464.13513565338354,361.76700080906124,544.638231987268,526.7486550241825,488.9817703243355,401.52161628258443,481.03084722963087,548.6136935346203,570.4787320450581,491.96336648484976,484.0124433901451,576.4419243660866,383.63203931949903,409.4725393772891,533.7057127320492,572.4664628187343,557.5584820161631,394.5645585747179,562.5278089503535,573.4603282055724,570.4787320450581,399.5338855089083,561.5339435635154,516.8100011558017,570.4787320450581,525.7547896373445,478.0492510691166,475.0676549086024,484.0124433901451,510.8468088347733,495.9388280322021,432.33144327456495,499.9142895795544,494.944962645364,543.64436660043,523.7670588636684,502.89588574006865,655.951155313133,540.6627704399157
B02009,99000000302,Synthetic Census Tract 99000000302,1.0,Total:,136.72978543010927,111.61615137151776,+/-120,67.89982541767331,92.08332488150215,115.33668975056835,145.10099678297308,84.64224812340098,170.2146308415646,142.31059299868514,77.20117136529979,124.63803569819484,144.17086218821044,185.09678435776695,131.14897786153338,155.33247732536222,112.54628596628041,192.53786111586814,130.21884326677073,117.19695894009365,184.1666497630043,149.75166975678633,186.95705354729225,148.82153516202368,146.03113137773573,213.93095679540906,131.14897786153338,167.42422705727665,113.47642056104306,139.5201892143972,205.55974544254522,144.17086218821044,161.84341948870076,143.2407275934478,142.31059299868514,170.2146308415646,135.79965083534663,103.24494001865393,92.08332488150215,182.306380573479,127.42843948248279,105.10520920817923,52.08753730670829,79.99157514958773,169.28449624680195,188.81732273681754,136.72978543010927,162.7735540834634,86.50251731292627,92.08332488150215,182.306380573479,191.6077265211055,152.54207354107427,143.2407275934478,146.03113137773573,149.75166975678633,173.00503462585255,151.61193894631162,154.40234273059957,197.18853408968138,121.8476319139069,141.3804584039225,156.26261192012487,135.79965083534663,159.05301570441281,62.31901784909742,148.82153516202368,137.65992002487192,164.6338232729887,145.10099678297308,117.19695894009365,119.05722812961895,136.72978543010927,120.91749731914425,130.21884326677073,122.77776650866954,141.3804584039225,123.70790110343219,128.35857407724544,119.9873627243816,180.4461113839537,100.45453623436599,204.62961084778257,182.306380573479
B02009,99000000303,Synthetic Census Tract 99000000303,1.0,Total:,117.95935163621789,88.9376063923865,+/-95,54.29874916587807,86.12905040104798,112.34223965354084,110.4698689926485,124.5126489493411,137.61924357558755,70.21389978346302,62.72441713989364,166.6409888194189,94.55471837506354,83.32049440970945,134.81068758424902,146.04491154960309,136.68305824514135,139.49161423647988,101.10801568818675,102.04420101863293,87.06523573149416,148.8534675409416,120.76790762755641,172.25810080209595,110.4698689926485,100.17183035774059,102.98038634907911,150.72583820183397,172.25810080209595,99.23564502729441,134.81068758424902,158.21532084540334,105.78894234041763,58.979675818108944,146.98109688004928,124.5126489493411,170.38573014120362,116.08698097532553,52.42637850498573,135.7468729146952,91.74616238372502,96.42708903595589,91.74616238372502,130.12976093201814,118.89553696666405,87.06523573149416,58.979675818108944,149.7896528713878,108.59749833175614,114.21461031443319,132.0021315929105,107.66131300130998,109.53368366220232,111.40605432309466,130.12976093201814,124.5126489493411,98.29945969684823,121.70409295800258,98.29945969684823,142.3001702278184,138.5554289060337,120.76790762755641,84.25667974015563,115.15079564487937,114.21461031443319,102.04420101863293,105.78894234041763,105.78894234041763,113.27842498398702,93.61853304461737,75.83101176614007,133.87450225380283,94.55471837506354,161.96006216718806,118.89553696666405,135.7468729146952,135.7468729146952,136.68305824514135,155.40676485406485,91.74616238372502,84.25667974015563,142.3001702278184,123.57646361889493,116.08698097532553
B02009,99000000304,Synthetic Census Tract 99000000304,1.0,Total:,90.83934085222441,78.94371288348074,+/-73,48.66393259940594,94.08360302551814,96.24644447438062,97.32786519881188,76.78087143461826,122.20054186073047,117.8748589630055,103.81638954539933,47.58251187497469,82.18797505677448,90.83934085222441,123.28196258516171,95.16502374994938,122.20054186073047,73.53660926132453,77.8622921590495,116.79343823857425,54.07103622156215,76.78087143461826,121.11912113629921,121.11912113629921,108.1420724431243,100.5721273721056,105.97923099426181,69.21092636359955,80.02513360791198,101.65354809653685,62.722402017012094,47.58251187497469,72.45518853689329,51.908194772699666,110.30491389198679,136.25901127833663,54.07103622156215,38.93114607952475,99.49070664767436,95.16502374994938,55.15245694599339,100.5721273721056,107.06065171869307,62.722402017012094,34.60546318179978,75.69945071018701,120.03770041186797,80.02513360791198,107.06065171869307,107.06065171869307,102.73496882096809,88.67649940336193,108.1420724431243,163.2945293891177,107.06065171869307,62.722402017012094,87.59507867893069,124.36338330959295,89.75792012779317,107.06065171869307,108.1420724431243,91.92076157665566,48.66393259940594,60.55956056814961,86.51365795449945,63.80382274144334,100.5721273721056,76.78087143461826,84.35081650563696,97.32786519881188,63.80382274144334,95.16502374994938,91.92076157665566,103.81638954539933,102.73496882096809,75.69945071018701,69.21092636359955,98.40928592324312,112.46775534084928,100.5721273721056,97.32786519881188,111.38633461641804,59.47813984371837,100.5721273721056
B02009,99000000305,Synthetic Census Tract 99000000305,1.0,Total:,209.9627879106117,267.22536643168763,+/-294,162.6984373852792,189.96633191912485,212.68957736399625,229.95924390209854,94.528701050665,229.95924390209854,338.12189221968634,189.05740210133,65.44294688122962,69.9875959702039,201.782419550458,209.05385809281685,127.25017449127982,287.22182242317444,234.5038929910728,345.3933307620452,341.75761149086577,256.31820861814936,330.8504536773275,113.61622722435698,243.59319116902137,207.23599845722714,208.14492827502198,216.32529663517568,294.4932609655333,244.5021209868162,94.528701050665,186.33061264794543,266.31643661389273,286.3128926053796,219.05208608856026,225.41459481312424,332.66831331291723,81.80368360153702,222.68780535973968,76.3501046947679,86.3483326905113,248.13784025799563,84.53047305492159,315.39864677481495,210.87171772840654,211.7806475462014,216.32529663517568,205.41813882163743,93.61977123287015,252.68248934696993,308.1272082324561,183.60382319456087,71.80545560579361,74.53224505917818,229.05031408430366,211.7806475462014,82.71261341933187,309.94506786804584,227.23245444871395,296.311120601123,298.1289802367127,229.95924390209854,301.76469950789215,104.52692904640843,242.6842613512265,200.87348973266313,212.68957736399625,236.32175262666252,317.2165064104047,239.95747189784194,104.52692904640843,205.41813882163743,247.2289104402008,261.77178752491847,232.6860333554831,209.9627879106117,312.6718573214304,103.61799922861357,254.50034898255964,78.1679643303576,73.62331524138332,238.13961226225223,79.07689414815246,353.5736991221989,229.95924390209854
B02009,99000000306,Synthetic Census Tract 99000000306,1.0,Total:,289.65055983855484,201.6195073386019,+/-213,122.10758895154763,406.07872604817004,201.6195073386019,207.29893008053435,210.13864145150058,322.78052583316077,326.5668076611158,359.6967736557217,248.94803018803896,230.01662104826414,223.39062784934296,248.94803018803896,269.7725802417913,300.062834865431,353.0707804568005,408.91843741913624,300.062834865431,318.9942440052058,192.15380276871448,258.41373475792636,322.78052583316077,360.64334411271045,238.53575516116283,186.47438002678203,196.8866550536582,342.65850542992433,317.10110309122837,387.1473169083952,250.84117110201646,218.65777556439923,261.2534461288926,241.37546653212902,285.8642780105999,256.5205938439489,346.44478725787934,411.7581487901025,293.4368416665098,424.0635647309561,219.60434602138798,280.18485526866743,311.4216803492959,229.0700505912754,300.062834865431,366.3227668546429,266.9328688708251,263.14658704287007,298.1696939514535,215.81806419343303,211.08521190848933,356.8570622847555,333.1928008600369,190.260661854737,271.6657211557688,355.91049182776675,250.84117110201646,201.6195073386019,294.38341212349854,276.3985734407125,359.6967736557217,310.47510989230716,339.81879405895813,308.58196897832966,313.31482126327336,343.6050758869131,301.00940532241975,257.4671643009376,296.27655303747605,193.10037322570324,287.75741892457734,424.0635647309561,343.6050758869131,235.6960437901966,291.54370075253235,350.2310690858343,207.29893008053435,197.83322551064694,275.45200298372373,286.81084846758864,336.97908268799193,321.83395537617207,326.5668076611158
B02009,99000000307,Synthetic Census Tract 99000000307,1.0,Total:,898.0319185009427,482.0811686296416,+/-503,293.27403101524914,959.3702779289687,947.8693355362137,891.3230354385023,783.9809064394569,874.07162184937,681.4308367707259,977.5801033841639,1150.0942392754869,760.0206097878843,849.1529133317345,783.9809064394569,962.2455135271574,890.3646235724394,940.2020406077105,716.8920758150535,1108.882529034782,950.7445711344025,523.2928788703465,1152.9694748736756,798.3570844304005,930.6179219470815,791.6482013679602,948.8277474022767,1121.3418832935997,915.283332090075,1109.8409409008448,922.9506270185782,948.8277474022767,1157.76153420399,1032.2095797497495,690.0565435652921,903.7823896973201,906.6576252955089,918.1585676882637,808.8996149570925,587.5064738965613,780.1472589752053,1105.0488815705303,679.5140130386002,1064.7955831958882,1152.9694748736756,871.1963862511814,758.1037860557584,848.1945014656716,726.4761944756825,746.6028436630036,919.1169795543266,1093.5479391777753,823.275792948036,937.3268050095218,835.7351472068538,993.8731051072333,837.6519709389796,802.1907318946521,875.9884455814959,1083.9638205171464,754.2701385915068,678.5556011725373,1148.1774155433611,829.9846760104764,1143.3853562130466,800.2739081625263,887.4893879742507,828.0678522783505,820.4005573498473,971.8296321877864,851.0697370638603,936.3683931434589,964.1623372592832,1171.1793003288708,734.1434894041857,766.7294928503246,857.7786201263007,1068.62923066014,890.3646235724394,687.1813079671034,859.6954438584264,1152.9694748736756,887.4893879742507,1058.086700133448
B02009,99000000308,Synthetic Census Tract 99000000308,1.0,Total:,111.78042494979553,127.74905708548062,+/-128,77.84708166146476,106.79022740739396,98.80591133955141,60.880410017299354,134.73533364484283,127.74905708548062,156.69220283140982,159.68632135685078,70.86080510210253,85.83139772930728,142.71964971268537,117.76866200067744,64.87256805122063,151.70200528900824,151.70200528900824,103.796108881953,112.77846445827585,76.84904215298444,127.74905708548062,119.76474101763807,86.8294372377876,73.85492362754349,146.71180774660664,80.8412001869057,161.6824003738114,154.69612381444918,108.78630642435459,117.76866200067744,128.74709659396092,108.78630642435459,111.78042494979553,164.67651889925236,106.79022740739396,104.79414839043332,124.75493856003966,74.8529631360238,79.84316067842539,118.76670150915776,75.85100264450412,133.73729413636252,133.73729413636252,93.81571379714983,124.75493856003966,139.72553118724443,40.919619847693006,40.919619847693006,61.87844952577967,72.85688411906317,157.69024233989015,69.86276559362221,142.71964971268537,38.92354083073238,159.68632135685078,142.71964971268537,155.6941633229295,185.63534857733902,101.80002986499237,74.8529631360238,192.62162513670123,106.79022740739396,82.83727920386633,69.86276559362221,124.75493856003966,158.68828184837045,85.83139772930728,61.87844952577967,38.92354083073238,35.929422305291425,218.5706523571895,118.76670150915776,113.77650396675617,82.83727920386633,182.64123005189808,113.77650396675617,116.77062249219712,128.74709659396092,87.82747674626792,131.7412151194019,170.66475595013426,122.75885954307903,109.78434593283491
B02009,99000000309,Synthetic Census Tract 99000000309,1.0,Total:,447.60717522530206,437.43428487927247,+/-430,266.52972706597535,344.8609827304032,327.5670691421529,483.2122914364057,420.1403712910222,549.336078685598,403.8637467373748,305.1867103808878,328.58435817675587,612.4079988309815,242.1147902355043,280.77177355041675,367.2413414916683,493.38518178243527,679.5490751147768,642.9266698690702,248.21852444312205,562.5608361354365,698.877566772233,454.7281984675228,269.5815941697842,337.7399594881825,602.2351084849519,375.37965376849195,305.1867103808878,210.57883016281258,657.1687163535117,349.947427903418,627.6673343500258,446.58988619069913,519.8346966821122,522.8865637859211,507.62722826687667,344.8609827304032,396.7427234951541,455.74548750212574,697.8602777376301,340.79182659199137,489.3160256440234,430.31326163705177,283.82364065422564,641.9093808344674,305.1867103808878,646.9958260074822,486.2641585402145,397.7600125297571,267.5470161005783,454.7281984675228,361.13760728405055,293.99653100025523,549.336078685598,565.6127032392453,489.3160256440234,538.1458993049655,263.47785996216646,389.6217002529334,412.0020590141985,450.65904232911095,466.9356668827583,502.5407830938619,677.5144970455709,168.86997974409124,549.336078685598,430.31326163705177,465.91837784815533,521.8692747513181,446.58988619069913,555.4398128932157,279.75448451581383,456.7627765367287,289.9273748618434,253.30496961613687,648.013115042085,518.8174076475092,671.4107628379531,650.047693111291,397.7600125297571,366.22405245706534,365.20676342246236,518.8174076475092,328.58435817675587
B02009,99000000310,Synthetic Census Tract 99000000310,1.0,Total:,210.71683698089814,169.77185917892265,+/-170,102.86177350252373,244.67120881668265,278.6255806524672,193.73965106300585,244.67120881668265,308.58532050757117,226.69536490362026,175.76380714994346,254.657788768384,139.81211932381868,277.6269226572971,139.81211932381868,244.67120881668265,211.71549497606827,204.72488900987733,228.69268089396053,170.7705171740928,235.68328686015147,248.6658407973632,229.69133888913066,228.69268089396053,197.7342830436864,236.6819448553216,188.7463610871552,219.70475893742932,169.77185917892265,190.74367707749548,175.76380714994346,235.68328686015147,208.71952099055787,250.66315678770346,222.70073292293972,219.70475893742932,309.58397850274133,205.72354700504746,313.57861048342187,153.79333125620053,150.79735727069013,317.5732424641024,245.66986681185278,340.54237635301547,225.69670690845012,189.74501908232534,226.69536490362026,164.778569203072,220.70341693259945,296.6014245655296,285.6161866186581,242.6738928263424,210.71683698089814,203.7262310147072,310.58263649791144,177.76112314028373,153.79333125620053,149.79869927552,141.80943531415892,243.67255082151252,197.7342830436864,213.71281096640854,279.62423864763736,245.66986681185278,238.67926084566187,183.75307111130454,241.67523483117228,223.69939091810986,227.6940228987904,278.6255806524672,209.718178985728,248.6658407973632,245.66986681185278,167.77454318858238,275.6296066669568,142.80809330932905,106.85640548320427,329.557138406144,302.5933725365504,208.71952099055787,237.68060285049174,140.81077731898878,194.738309058176,197.7342830436864
B02009,99000000311,Synthetic Census Tract 99000000311,1.0,Total:,208.11883618888243,218.20388992490757,+/-238,132.93934470214958,88.93183749040351,210.86930538961656,144.85804457199748,121.02064483230168,248.459051132983,100.85053736025141,278.71421234105844,222.78800525946446,174.1963827131615,221.87118219255308,215.45342072417344,86.18136828966938,231.95623592857822,242.04128966460337,210.86930538961656,271.3796278057674,231.95623592857822,116.4365294977448,189.78237485065492,189.78237485065492,125.60476016685857,231.03941286166685,179.69732111462977,172.36273657933876,241.124466597692,111.85241416318792,341.058180891032,240.20764353078062,203.53472085432557,278.71421234105844,242.04128966460337,82.51407602202387,193.44966711830043,248.459051132983,175.1132057800729,248.459051132983,273.2132739395902,97.1832450926059,209.0356592557938,230.12258979475547,315.38713501751346,183.36461338227528,210.86930538961656,347.47594235941165,205.3683669881483,200.78425165359144,102.68418349407415,106.35147576171966,216.37024379108482,160.44403670949086,196.20013631903456,323.63854261971585,235.62352819622373,126.52158323376995,212.7029515234393,95.34959895878315,132.93934470214958,268.6291586050333,208.11883618888243,243.87493579842612,316.30395808442483,139.35710617052922,166.8617981778705,249.37587419989438,232.8730589954896,298.8843198131087,110.01876802936516,91.68230669113764,174.1963827131615,186.1150825830094,185.19825951609803,268.6291586050333,209.95248232270518,101.76736042716279,252.1263434006285,93.5159528249604,132.93934470214958,266.79551247121054,185.19825951609803,202.6178977874142
B02009,99000000312,Synthetic Census Tract 99000000312,1.0,Total:,148.00242456653828,98.66828304435884,+/-104,59.770209921101994,145.15622409410486,76.84741275570256,122.38662031463741,107.20688446165913,124.2840872962597,150.8486250389717,174.56696230925027,193.54163212547311,121.43788682382628,148.9511580573494,156.54102598383855,200.1827665611511,185.951764198984,181.20809674492827,163.18216041951655,120.48915333301514,117.6429528605817,113.84801889733713,161.28469343789428,118.59168635139285,148.9511580573494,183.10556372655054,165.07962740113885,189.74669816222857,142.3100236216714,112.89928540652599,166.97709438276112,144.2074906032937,133.77142220437113,201.13150005196226,110.05308493409257,130.9252217319377,138.51508965842686,143.25875711248256,184.0542972173617,125.23282078707085,144.2074906032937,174.56696230925027,113.84801889733713,116.69421936977056,164.1308939103277,98.66828304435884,147.05369107572713,116.69421936977056,126.18155427788199,138.51508965842686,155.59229249302743,156.54102598383855,127.13028776869314,177.4131627816837,123.33535380544856,209.67010146926256,143.25875711248256,216.31123590494056,181.20809674492827,109.10435144328142,155.59229249302743,95.82208257192542,176.46442929087254,144.2074906032937,102.46321700760342,157.4897594746497,205.875167506018,145.15622409410486,123.33535380544856,104.3606839892257,157.4897594746497,171.72076183681685,143.25875711248256,168.87456136438342,148.9511580573494,128.0790212595043,188.79796467141742,159.38722645627197,128.0790212595043,165.07962740113885,116.69421936977056,192.592898634662,131.87395522274883,169.82329485519455
B02009,99000000313,Synthetic Census Tract 99000000313,1.0,Total:,161.37636921982875,191.30046417449896,+/-179,116.49022678782339,231.91173589869427,87.63484951010567,226.56814751393173,125.03996820344346,82.29126112534313,226.56814751393173,127.17740355734847,88.70356718705818,125.03996820344346,205.19379397488157,187.02559346668895,84.42869647924815,215.88097074440665,232.98045357564678,223.3619944830742,203.05635862097657,48.09229546286287,138.93329800382605,180.61328740497387,176.33841669716386,213.74353539050165,60.916907586292965,158.1702161889712,152.82662780420867,96.18459092572574,187.02559346668895,168.8573929584963,102.59689698744079,210.5373823596441,163.51380457373375,130.383556588206,69.46664900191303,225.49942983697923,177.40713437411637,289.6224904541297,214.81225306745415,106.87176769525082,164.58252225068625,172.06354598935383,152.82662780420867,232.98045357564678,74.81023738667557,140.00201568077858,158.1702161889712,74.81023738667557,142.1394510346836,194.5066172053565,72.67280203277056,162.44508689678125,131.4522742651585,173.13226366630633,84.42869647924815,278.93531368460464,220.1558414522167,238.32404196040932,203.05635862097657,94.04715557182072,222.2932768061217,182.7507227588789,160.30765154287621,265.041983884222,104.7343323413458,169.9261106354488,151.75791012725617,64.12306061715049,176.33841669716386,176.33841669716386,70.53536667886554,180.61328740497387,141.0707333577311,190.23174649754645,101.52817931048828,230.84301822174177,239.39275963736185,216.94968842135916,246.8737833760294,70.53536667886554,170.9948283124013,141.0707333577311,188.09431114364145
B02009,99000000314,Synthetic Census Tract 99000000314,1.0,Total:,144.88000135349256,144.88000135349256,+/-141,88.3665256482295,152.0726255341624,183.92567547712883,206.53106575923405,142.82496587330118,244.54922214277465,155.15517875444948,107.88936271004765,146.93503683368394,64.73361762602859,140.76993039310977,158.23773197473653,174.67801581626762,90.42156112842088,161.32028519502362,170.56794485588486,142.82496587330118,178.78808677665037,69.87120632650705,106.86184496995196,96.58666756899504,156.18269649454516,212.69617219980822,137.68737717282272,153.10014327425807,202.4209947988513,107.88936271004765,129.46723525205718,127.41219977186579,151.0451077940667,166.45787389550208,157.21021423464086,204.47603027904267,135.63234169263131,143.85248361339686,202.4209947988513,127.41219977186579,216.80624316019097,124.32964655157872,56.513475705263055,214.7512076799996,136.65985943272702,126.3846820317701,172.62298033607624,97.61418530909073,148.99007231387532,155.15517875444948,204.47603027904267,255.85191728382728,176.733051296459,124.32964655157872,129.46723525205718,162.34780293511932,86.31149016803812,138.7148949129184,121.24709333129164,111.9994336704304,100.6967385293778,126.3846820317701,255.85191728382728,127.41219977186579,142.82496587330118,150.01759005397102,125.35716429167441,131.52227073224856,159.26524971483224,196.25588835827713,217.83376090028668,211.6686544597125,174.67801581626762,76.0363127670812,151.0451077940667,206.53106575923405,90.42156112842088,84.25645468784673,96.58666756899504,66.78865310621997,120.21957559119595,162.34780293511932,138.7148949129184,126.3846820317701
B02009,99000000315,Synthetic Census Tract 99000000315,1.0,Total:,618.9277158261399,386.1861787600706,+/-375,234.80119668612295,554.048437794448,719.8510372087717,504.616606913159,683.8069938578317,696.164951578154,457.24443565192365,573.6152041849582,735.2984843591745,695.1351217681272,642.6138014567575,782.6706556204098,667.329716897402,490.198989572783,503.58677710313214,672.4788659475363,674.53852556759,568.4660551348239,539.630820454072,638.4944822166501,645.7032908868381,589.0626513353611,680.7175044277511,707.4930794884494,821.8041884014303,366.6194123695604,660.120908227214,589.0626513353611,631.2856735464621,513.8850752034007,527.2728627337498,482.990180902595,461.36375489203107,650.8524399369724,786.7899748605172,472.69188280232646,669.3893765174557,605.5399282957908,654.9717591770798,562.2870762746628,413.99158363079573,330.57536901862045,500.4972876730515,671.4490361375094,679.6876746177243,718.8212073987448,447.9759673616819,680.7175044277511,572.5853743749313,680.7175044277511,527.2728627337498,743.5371228393893,750.7459315095773,404.72311534055405,546.83962912426,579.7941830451193,555.0782676044748,674.53852556759,575.6748638050119,827.9831672615915,764.1337190399264,676.5981851876437,545.8097993142331,522.1237136836155,577.7345234250656,481.96035109256815,773.4021873301681,616.8680562060862,557.1379272245285,509.76575596329326,578.7643532350925,507.70609634323955,469.6023933722459,851.6692528922091,824.8936778315109,707.4930794884494,715.7317179686643,616.8680562060862,639.524312026677,346.0228161690233,431.49869040125225
B02009,99000000316,Synthetic Census Tract 99000000316,1.0,Total:,0.0,20.68081302140542,+/-20,12.408487812843253,0.0,0.0,0.0,0.0,0.0,0.0,0.0,0.0,0.0,0.0,0.0,0.0,0.0,0.0,0.0,0.0,0.0,0.0,0.0,0.0,0.0,0.0,0.0,0.0,0.0,0.0,0.0,0.0,0.0,0.0,0.0,0.0,0.0,0.0,0.0,0.0,0.0,0.0,0.0,0.0,0.0,0.0,0.0,0.0,0.0,0.0,0.0,0.0,0.0,0.0,0.0,0.0,0.0,0.0,0.0,0.0,0.0,0.0,0.0,0.0,0.0,0.0,0.0,0.0,0.0,0.0,0.0,0.0,0.0,0.0,0.0,0.0,0.0,0.0,0.0,0.0,0.0,0.0,0.0,0.0
B02009,99000000317,Synthetic Census Tract 99000000317,1.0,Total:,145.25612332549102,222.09450740346816,+/-211,134.73031728741196,35.787740529468806,48.418707775163675,148.41386513691475,162.0974129864175,170.51805781688077,224.19966861108398,55.78677200181902,157.8870905711859,59.99709441705064,129.46741426837244,45.260965963739956,41.05064354850833,55.78677200181902,66.31257803989807,145.25612332549102,154.7293487597622,51.576449586587394,70.5229004551297,143.15096211787522,152.62418755214637,138.94063970264358,112.62612460744595,256.82966732912905,249.4616031024737,204.20063713873375,188.41192808161517,223.14708800727607,225.2522492148919,139.9932203064515,182.09644445876773,195.77999230827052,199.99031472350214,166.30773540164915,118.94160823029337,207.3583789501575,150.51902634453054,173.67579962830447,152.62418755214637,333.6680514071062,132.62515607979614,68.4177392475139,47.36612717135577,127.36225306075663,176.8335414397282,237.88321646058674,146.30870392929893,53.6816107942032,158.9396711749938,54.73419139801111,90.52193192747991,32.62999871804509,47.36612717135577,55.78677200181902,54.73419139801111,163.14999359022542,213.67386257300493,76.83838407797714,49.47128837897158,150.51902634453054,139.9932203064515,129.46741426837244,115.78386641886965,186.30676687399935,215.77902378062072,129.46741426837244,201.04289532731005,175.7809608359203,212.621281969197,114.73128581506175,322.08966476521925,156.83450996737798,226.30482981869977,182.09644445876773,178.938702647344,239.98837766820256,208.41095955396537,165.25515479784124,162.0974129864175,214.7264431768128,168.41289660926495
B02009,99000000318,Synthetic Census Tract 99000000318,1.0,Total:,148.59433650411918,158.62217516390638,+/-174,96.63189981249468,170.47325721638214,193.26379962498936,126.71541579185623,155.8873100748735,86.6040611527075,139.4781195406763,81.13433097464176,61.99027535141168,138.566497844332,132.18514596992196,277.132995688664,176.85460909079217,77.4878441892646,178.67785248348073,174.1197440017593,126.71541579185623,123.98055070282336,165.91514873466068,130.3619025772334,135.83163275529913,72.92973570754316,172.2965006090707,185.05920435789076,83.86919606367464,162.2686619492835,190.5289345359565,187.79406944692363,128.53865918454483,229.72866747876094,119.42244222110192,126.71541579185623,175.03136569810357,175.03136569810357,236.11001935317097,72.01811401119886,200.5567731957437,145.85947141508632,107.57136016862616,110.30622525765902,226.99380238972807,206.93812507015372,211.49623355187515,123.98055070282336,110.30622525765902,79.31108758195319,175.03136569810357,85.6924394563632,56.520545173345944,154.9756883785292,175.94298739444787,237.02164104951527,191.4405562323008,89.33892624174037,175.03136569810357,162.2686619492835,102.10162999056043,106.65973847228187,144.94784971874202,175.94298739444787,135.83163275529913,98.45514320518326,150.41757989680775,184.14758266154647,87.51568284905179,123.06892900647908,150.41757989680775,214.23109864090802,140.3897412370206,204.20325998112085,122.15730731013478,112.1294686503476,198.7335298030551,174.1197440017593,192.3521779286451,72.01811401119886,214.23109864090802,176.85460909079217,85.6924394563632,123.98055070282336,213.31947694456375
B02009,99000000319,Synthetic Census Tract 99000000319,1.0,Total:,71.05248242001615,75.91909080494875,+/-78,46.71944049535308,55.479335588231784,63.26590900412396,77.8657341589218,42.82615378740699,102.19877608358486,37.959545402474376,79.81237751289484,94.41220266769268,96.35884602166573,77.8657341589218,109.98534949947704,87.59895092878702,43.79947546439351,54.50601391124526,85.65230757481397,59.37262229617787,52.55937055727222,52.55937055727222,100.25213272961182,89.54559428276006,71.05248242001615,75.91909080494875,82.73234254385441,72.99912577398919,20.43975521671697,106.09206279153095,82.73234254385441,60.345943973164395,53.53269223425874,98.30548937563877,24.333041924663064,44.77279714138003,94.41220266769268,97.33216769865226,62.29258732713744,95.38552434467921,71.05248242001615,76.89241248193528,58.39930061919135,50.61272720329917,72.99912577398919,62.29258732713744,88.57227260577355,49.63940552631265,127.50513968523445,62.29258732713744,68.13251738905657,82.73234254385441,92.46555931371964,83.70566422084093,104.1454194375579,90.5189159597466,38.9328670794609,45.746118818366554,98.30548937563877,67.15919571207006,54.50601391124526,42.82615378740699,71.05248242001615,90.5189159597466,73.97244745097571,64.23923068111048,65.21255235809701,81.75902086686789,31.14629366356872,107.06538446851748,60.345943973164395,55.479335588231784,36.01290204850133,77.8657341589218,22.386398570690016,37.959545402474376,97.33216769865226,89.54559428276006,68.13251738905657,104.1454194375579,94.41220266769268,82.73234254385441,61.31926565015092,35.03958037151481
B02009,99000000320,Synthetic Census Tract 99000000320,1.0,Total:,270.118670530026,198.55738094931016,+/-197,120.9486584462803,318.49813390853814,279.18981991349705,255.00008822424098,365.8696917999979,152.1937285449027,321.52185036969513,431.38354845839973,265.07914309476433,300.35583514159606,226.77873458677556,323.5376613437998,306.4032680639101,328.5771887790615,289.2688747840204,223.75501812561856,242.90522237961295,219.72339617740923,265.07914309476433,195.53366448815316,163.2806889024784,250.96846627603162,292.2925912451774,227.7866400738279,306.4032680639101,290.2767802710727,289.2688747840204,366.87759728705026,226.77873458677556,353.77482595536986,236.85778945729894,313.45860647327646,310.43489001211947,281.2056308876017,201.58109741046718,196.54156997520548,293.3004967322297,246.93684432782229,308.4190790380148,224.7629236126709,301.36374062864843,257.01589919834566,195.53366448815316,239.88150591845593,273.142386991183,390.05942348925396,308.4190790380148,212.66805776804287,182.4308931564728,200.57319192341484,370.90921923525957,249.96056078897928,200.57319192341484,217.70758520330455,312.4507009862241,312.4507009862241,298.34002416749144,259.0317101724503,237.86569494435125,389.05151800220165,321.52185036969513,229.80245104793258,210.6522467939382,293.3004967322297,340.6720546236895,392.07523446335864,279.18981991349705,208.6364358198335,321.52185036969513,188.4783260787868,350.75110949421287,197.54947546225782,212.66805776804287,233.8340729961419,322.52975585674744,268.1028595559213,231.81826202203723,333.61671621432316,183.43879864352513,355.79063692947454,222.74711263856622
B02009,99000000321,Synthetic Census Tract 99000000321,1.0,Total:,1139.9403474648502,665.7716121017121,+/-688,404.4949620036565,955.1113098028923,853.5037236536484,1188.3249122978234,1226.0648728675426,990.9158877792925,953.1759272095733,1440.8923407259438,1670.2351780342372,1041.2358352055846,1334.4462980934027,920.2744231231515,1145.746495244807,1038.3327613156061,1209.6141208243316,1064.4604263254118,1203.8079730443749,928.9836447930867,965.7559140661464,1397.3462323762678,987.0451225926546,893.1790668166865,1147.6818778381257,1727.3289645371456,1228.0002554608614,1457.3430927691547,1455.4077101758357,774.1530373275723,1098.329621708493,1196.0664426710991,1437.9892668359655,1207.6787382310126,1020.9143179757359,1161.2295559913584,808.0222327106535,1166.0680124746557,1006.3989485258439,978.3359009227194,1201.8725904510559,914.4682753431947,1172.841851551272,1404.120071452884,838.9883542037564,1141.875730058169,1531.8553226119336,1317.9955460501917,1148.6495691347852,1145.746495244807,1281.223276777132,1252.192537877348,1399.2816149695868,1007.3666398225033,1102.200386895131,894.146758113346,1061.5573524354334,1289.9324984470672,989.948196482633,978.3359009227194,1048.0096742822009,1238.6448597241156,1219.2910337909263,1057.6865872487956,1105.1034607851093,1230.9033293508398,1267.6755986238995,1294.7709549303645,1138.9726561681907,1022.8497005690548,1150.5849517281042,759.6376678776802,982.2066661093572,1236.7094771307966,1026.7204657556927,1209.6141208243316,793.5068632607615,1213.4848860109694,1409.9262192328408,1405.0877627495436,1195.0987513744396,1095.4265478185148,1582.1752700382258
B02009,99000000322,Synthetic Census Tract 99000000322,1.0,Total:,22.446811267806186,4.27558309862975,+/-4,3.2066873239723126,23.515707042463625,23.515707042463625,22.446811267806186,21.37791549314875,23.515707042463625,22.446811267806186,20.30901971849131,19.240123943833876,20.30901971849131,22.446811267806186,23.515707042463625,22.446811267806186,21.37791549314875,20.30901971849131,22.446811267806186,23.515707042463625,22.446811267806186,22.446811267806186,20.30901971849131,22.446811267806186,22.446811267806186,24.584602817121063,21.37791549314875,21.37791549314875,22.446811267806186,22.446811267806186,19.240123943833876,20.30901971849131,21.37791549314875,21.37791549314875,23.515707042463625,22.446811267806186,21.37791549314875,22.446811267806186,22.446811267806186,23.515707042463625,22.446811267806186,21.37791549314875,20.30901971849131,23.515707042463625,22.446811267806186,21.37791549314875,22.446811267806186,19.240123943833876,20.30901971849131,21.37791549314875,22.446811267806186,23.515707042463625,25.6534985917785,22.446811267806186,23.515707042463625,22.446811267806186,22.446811267806186,20.30901971849131,21.37791549314875,20.30901971849131,20.30901971849131,20.30901971849131,22.446811267806186,23.515707042463625,21.37791549314875,22.446811267806186,23.515707042463625,20.30901971849131,21.37791549314875,23.515707042463625,22.446811267806186,23.515707042463625,24.584602817121063,23.515707042463625,22.446811267806186,22.446811267806186,23.515707042463625,22.446811267806186,20.30901971849131,20.30901971849131,21.37791549314875,20.30901971849131,21.37791549314875,20.30901971849131
B02009,99000000323,Synthetic Census Tract 99000000323,1.0,Total:,245.14256742249486,85.70024714770146,+/-86,51.81875408930786,290.982234501498,242.1530239173425,240.15999491390758,233.18439340188536,242.1530239173425,251.12165443279963,269.0589154637139,288.98920549806303,258.0972559448218,202.29244384864413,256.1042269413869,212.25758886581872,246.13908192421232,237.17045140875518,230.194849896733,297.9578360135202,247.13559642592978,244.1460529207774,277.03103147745355,227.20530639158062,238.16696591047267,202.29244384864413,226.20879188986316,247.13559642592978,183.35866831601243,221.22621938127585,246.13908192421232,236.17393690703773,291.97874900321546,233.18439340188536,249.1286254293647,258.0972559448218,241.15650941562504,237.17045140875518,235.17742240532027,258.0972559448218,238.16696591047267,241.15650941562504,302.9404085221075,242.1530239173425,195.31684233662193,235.17742240532027,243.14953841905995,272.04845896886627,227.20530639158062,270.05542996543136,273.0449734705837,194.32032783490448,242.1530239173425,266.0693719585615,256.1042269413869,211.26107436410126,237.17045140875518,269.0589154637139,249.1286254293647,268.06240096199645,286.9961764946281,234.18090790360282,224.21576288642822,209.26804536066635,229.19833539501553,236.17393690703773,291.97874900321546,302.9404085221075,272.04845896886627,266.0693719585615,240.15999491390758,183.35866831601243,218.23667587612348,237.17045140875518,246.13908192421232,277.03103147745355,216.24364687268857,269.0589154637139,234.18090790360282,251.12165443279963,245.14256742249486,258.0972559448218,266.0693719585615,245.14256742249486
B02009,99000000324,Synthetic Census Tract 99000000324,1.0,Total:,34.772942090431904,53.74000141248567,+/-51,32.66549105464815,24.235686911513145,9.483529661026882,43.20274623356691,51.632550376701914,55.84745244826942,45.31019726935066,31.611765536756277,44.25647175145878,40.04156967989128,37.93411864410753,21.074510357837518,10.537255178918759,10.537255178918759,11.590980696810634,33.71921657254003,51.632550376701914,32.66549105464815,13.698431732594386,48.47137382302629,8.429804143135007,35.82666760832378,69.54588418086381,46.36392278724254,7.376078625243131,11.590980696810634,9.483529661026882,34.772942090431904,41.09529519778316,40.04156967989128,50.57882485881004,32.66549105464815,64.27725659140442,57.95490348405317,54.793726930377545,27.396863465188773,11.590980696810634,33.71921657254003,49.52509934091817,32.66549105464815,10.537255178918759,33.71921657254003,48.47137382302629,41.09529519778316,13.698431732594386,12.64470621470251,22.12823587572939,32.66549105464815,34.772942090431904,41.09529519778316,45.31019726935066,31.611765536756277,45.31019726935066,35.82666760832378,50.57882485881004,26.343137947296896,15.805882768378138,41.09529519778316,51.632550376701914,51.632550376701914,49.52509934091817,36.88039312621566,9.483529661026882,28.45058898308065,54.793726930377545,68.49215866297193,54.793726930377545,28.45058898308065,46.36392278724254,43.20274623356691,33.71921657254003,28.45058898308065,8.429804143135007,8.429804143135007,11.590980696810634,32.66549105464815,49.52509934091817,32.66549105464815,10.537255178918759,31.611765536756277,53.74000141248567
B02009,99000000325,Synthetic Census Tract 99000000325,1.0,Total:,8.563224827009872,14.985643447267275,+/-14,8.563224827009872,10.704031033762341,9.633627930386107,7.492821723633638,10.704031033762341,7.492821723633638,2.140806206752468,13.915240343891043,5.3520155168811705,5.3520155168811705,10.704031033762341,8.563224827009872,7.492821723633638,8.563224827009872,18.196852757395977,4.281612413504936,4.281612413504936,4.281612413504936,1.070403103376234,11.774434137138574,11.774434137138574,9.633627930386107,4.281612413504936,5.3520155168811705,9.633627930386107,3.211209310128702,8.563224827009872,7.492821723633638,12.844837240514808,10.704031033762341,9.633627930386107,5.3520155168811705,18.196852757395977,1.070403103376234,9.633627930386107,9.633627930386107,7.492821723633638,12.844837240514808,9.633627930386107,6.422418620257404,9.633627930386107,18.196852757395977,9.633627930386107,8.563224827009872,13.915240343891043,6.422418620257404,3.211209310128702,13.915240343891043,2.140806206752468,2.140806206752468,9.633627930386107,8.563224827009872,11.774434137138574,10.704031033762341,9.633627930386107,5.3520155168811705,6.422418620257404,6.422418620257404,1.070403103376234,16.05604655064351,6.422418620257404,7.492821723633638,5.3520155168811705,4.281612413504936,6.422418620257404,4.281612413504936,8.563224827009872,5.3520155168811705,25.689674481029616,14.985643447267275,11.774434137138574,4.281612413504936,7.492821723633638,0.0,9.633627930386107,9.633627930386107,4.281612413504936,10.704031033762341,9.633627930386107,5.3520155168811705,8.563224827009872
B02009,99000000326,Synthetic Census Tract 99000000326,1.0,Total:,176.16866019820313,141.13511981787863,+/-141,86.08241350594017,166.15907723239613,116.11116240336115,88.08433009910156,164.15716063923472,199.1907010195592,188.1801597571715,173.16578530846104,124.11882877600675,203.194534205882,188.1801597571715,170.16291041871892,162.15524404607334,130.12457855549096,183.175368274268,209.2002839853662,153.14661937684704,229.2194499169802,150.14374448710493,172.16482701188033,193.184951240075,179.17153508794522,169.16195212213822,248.2376575520135,222.2127418409153,87.08337180252086,179.17153508794522,236.2261579930451,278.2664064494345,209.2002839853662,214.2050754682697,221.2117835443346,130.12457855549096,186.17824316401013,178.1705767913645,120.11499558968394,165.15811893581542,200.19165931613992,183.175368274268,148.14182789394354,122.11691218284535,235.2251996964644,223.213700137496,149.14278619052425,213.204117171689,94.09007987858575,171.16386871529963,140.13416152129793,182.17440997768733,118.11307899652255,201.19261761272062,155.14853597000842,207.1983673922048,129.12362025891025,202.1935759093013,165.15811893581542,177.16961849478383,249.23861584859418,149.14278619052425,123.11787047942605,188.1801597571715,108.10349603071555,97.09295476832786,145.13895300420143,178.1705767913645,180.17249338452592,270.2587400767889,165.15811893581542,174.16674360504172,239.2290328827872,169.16195212213822,258.2472405178205,163.15620234265404,213.204117171689,185.17728486742942,163.15620234265404,138.13224492813654,207.1983673922048,235.2251996964644,201.19261761272062,92.08816328542436
B02009,99000000327,Synthetic Census Tract 99000000327,1.0,Total:,945.5897322287121,314.8359405933126,+/-291,191.49814943304582,986.7023292821343,1028.8968367843308,876.3474635071587,939.0982695360665,903.3952247265155,861.200717224319,892.5761202387729,1137.0878816617578,1004.0128964625227,1049.453135311042,896.90376203387,975.8832247943916,1116.5315831350467,971.5555829992945,847.1358813902535,948.8354635750349,837.398687351285,962.9002994091004,900.1494933801928,1060.2722397987848,1011.5862696039426,1027.8149263355567,993.19379197478,789.7946276052172,928.2791650483238,929.361075497098,727.0438215763095,974.8013143456174,765.9925977321833,930.4429859458724,1011.5862696039426,787.6308067076686,875.2655530583845,835.2348664537366,891.4942097899985,864.4464485706418,935.8525381897437,989.9480606284571,761.6649559370861,985.6204188333601,1002.9309860137485,944.5078217799378,950.9992844725834,882.8389261998044,968.3098516529717,981.292777038263,791.9584485027657,936.9344486385179,788.7127171564429,855.7911649804477,860.1188067755447,926.1153441507752,1049.453135311042,821.170030619671,1084.0742696718187,810.3509261319283,829.8253142098652,1094.8933741595613,736.781015615278,913.132418765484,803.8594634392826,947.7535531262606,896.90376203387,907.7228665216127,1042.9616726183965,764.910687283409,1047.2893144134935,1134.9240607642093,1078.6647174279474,1031.0606576818793,878.5112844047073,984.5385083845858,1009.422448706394,961.8183889603262,870.9379112632874,957.4907471652291,949.9173740238092,899.0675829314184,958.5726576140033,922.8696128044525
B02009,99000000328,Synthetic Census Tract 99000000328,1.0,Total:,8.139398304859169,19.331070974040525,+/-19,12.209097457288753,12.209097457288753,12.209097457288753,0.0,0.0,22.383345338362716,6.104548728644376,0.0,13.226522245396149,13.226522245396149,16.278796609718338,8.139398304859169,0.0,6.104548728644376,6.104548728644376,17.296221397825732,10.174247881073962,0.0,6.104548728644376,8.139398304859169,8.139398304859169,0.0,0.0,15.261371821610942,12.209097457288753,0.0,11.191672669181358,18.31364618593313,0.0,0.0,8.139398304859169,8.139398304859169,14.243947033503545,6.104548728644376,6.104548728644376,8.139398304859169,11.191672669181358,11.191672669181358,12.209097457288753,17.296221397825732,7.121973516751773,13.226522245396149,12.209097457288753,0.0,0.0,22.383345338362716,6.104548728644376,0.0,12.209097457288753,13.226522245396149,17.296221397825732,8.139398304859169,0.0,6.104548728644376,6.104548728644376,16.278796609718338,10.174247881073962,0.0,6.104548728644376,6.104548728644376,6.104548728644376,0.0,0.0,15.261371821610942,12.209097457288753,0.0,10.174247881073962,16.278796609718338,0.0,0.0,7.121973516751773,8.139398304859169,14.243947033503545,6.104548728644376,7.121973516751773,8.139398304859169,12.209097457288753,11.191672669181358,12.209097457288753,17.296221397825732,8.139398304859169
B02009,99000000329,Synthetic Census Tract 99000000329,1.0,Total:,327.43678708862376,227.92168513031655,+/-213,138.03707690991,459.0535348399333,227.92168513031655,234.342014288917,237.55217886821723,364.8887071804598,369.16892661952676,406.62084671136284,281.42442811865374,260.02333092331884,252.53294690495164,281.42442811865374,304.9656350335221,339.2073905460579,399.13046269299565,462.26369941923355,339.2073905460579,360.6084877413928,217.2211365326491,292.1249767163212,364.8887071804598,407.6909015711296,269.6538246612196,210.80080737404862,222.5714108314828,387.35985923556143,358.46837802185934,437.6524376445984,283.5645378381872,247.18267260611793,295.33514129562144,272.8639892405198,323.1565676495568,289.98486699678773,391.6400786746284,465.4738639985338,331.7170065276907,479.3845771755015,248.25272746588467,316.73623849095634,352.0480488632589,258.9532760635521,339.2073905460579,414.11123072973004,301.7554704542219,297.4752510151549,337.06728082652444,243.9725080268177,238.62223372798397,403.4106821320626,376.659310637894,215.0810268131156,307.1057447530556,402.3406272722959,283.5645378381872,227.92168513031655,332.78706138745747,312.4560190518893,406.62084671136284,350.97799400349214,384.1496946562612,348.83788428395866,354.18815858279237,388.4299140953282,340.27744540582466,291.0549218565545,334.92717110699095,218.29119139241584,325.2966773690903,479.3845771755015,388.4299140953282,266.44366008191935,329.57689680815724,395.92029811369537,234.342014288917,223.64146569124955,311.3859641921226,324.22662250932353,380.939530076961,363.81865232069305,369.16892661952676
B02009,99000000330,Synthetic Census Tract 99000000330,1.0,Total:,108.42923382125015,123.91912436714303,+/-128,75.51321641122779,103.58864302565863,95.84369775271219,59.0552077062166,130.69595148097116,123.91912436714303,151.99455098157387,154.8989054589288,68.73638929739965,83.25816168417423,138.4408967539176,114.23794277595998,62.92768034268982,147.15396018598236,147.15396018598236,100.68428854830371,109.39735198036846,74.54509825210948,123.91912436714303,116.17417909419659,84.22627984329253,71.64074377475457,142.31336939039082,78.4175708885827,156.8351417771654,150.05831466333726,105.52487934389524,114.23794277595998,124.88724252626133,105.52487934389524,108.42923382125015,159.7394962545203,103.58864302565863,101.65240670742202,121.01476988978811,72.60886193387287,77.4494527294644,115.20606093507828,73.57698009299118,129.72783332185287,129.72783332185287,91.00310695712066,121.01476988978811,135.5365422765627,39.6928445238505,39.6928445238505,60.023325865334904,70.67262561563626,152.96266914069219,67.76827113828135,138.4408967539176,37.756608205613894,154.8989054589288,138.4408967539176,151.02643282245558,180.06997759600472,98.7480522300671,72.60886193387287,186.84680470983284,103.58864302565863,80.35380720681931,67.76827113828135,121.01476988978811,153.93078729981048,83.25816168417423,60.023325865334904,37.756608205613894,34.85225372825898,212.01787684690876,115.20606093507828,110.36547013948676,80.35380720681931,177.1656231186498,110.36547013948676,113.26982461684167,124.88724252626133,85.19439800241084,127.79159700361625,165.54820520923013,119.0785335715515,106.49299750301354
B02009,99000000331,Synthetic Census Tract 99000000331,1.0,Total:,80.98083472821007,99.97633917062971,+/-100,60.98556689408412,102.9756293457486,61.985330285790425,122.97089717987454,31.99242853460151,24.99408479265743,109.97397308769268,97.97681238721712,81.98059811991637,121.97113378816825,72.98272759455969,57.986276718965236,73.98249098626599,73.98249098626599,50.98793297702115,102.9756293457486,106.9746829125738,79.98107133650377,99.97633917062971,87.97917847015415,61.985330285790425,99.97633917062971,85.97965168674155,104.97515612916119,64.98462046090931,67.9839106360282,55.98674993555264,46.98887941019596,65.98438385261561,98.97657577892342,67.9839106360282,51.98769636872745,108.97420969598639,21.99479461753854,56.98651332725893,119.97160700475565,78.98130794479748,150.96427214765086,58.98604011067153,73.98249098626599,100.97610256233601,39.99053566825189,44.98935262678337,43.98958923507708,83.98012490332896,94.97752221209822,110.97373647939898,98.97657577892342,74.98225437797228,49.98816958531486,80.98083472821007,98.97657577892342,62.98509367749672,133.9682944886438,133.9682944886438,46.98887941019596,75.98201776967858,27.99337496777632,98.97657577892342,84.97988829503525,55.98674993555264,54.98698654384634,107.9744463042801,62.98509367749672,154.96332571447604,156.96285249788866,66.9841472443219,50.98793297702115,80.98083472821007,45.98911601848967,93.97775882039193,120.97137039646195,106.9746829125738,96.97704899551083,119.97160700475565,51.98769636872745,73.98249098626599,79.98107133650377,45.98911601848967,104.97515612916119,126.96995074669974
B02009,99000000332,Synthetic Census Tract 99000000332,1.0,Total:,470.94007343802843,256.6019630912335,+/-255,155.9737422711419,424.6510918607863,342.1359507883113,498.1096930594532,443.7704538166037,398.48775444756257,350.1862084539186,525.2793126808779,415.5945519869781,451.8207114822111,623.8949690845676,542.3861102202935,554.4614967187044,441.7578894002019,344.14851520471314,573.5808586745219,497.10341085125225,429.68250290179094,459.8709691478184,496.09712864305135,466.9149446052248,604.7756071287503,591.6939384221383,559.492907759709,513.203926182467,377.3558280753433,536.348416971088,359.2427483277268,493.0782820184486,494.08456422664955,337.1045397473067,356.2239017031241,335.09197533090486,472.9526378544303,532.3232881382843,409.55685873777264,504.14738630865867,533.3295703464852,504.14738630865867,422.6385274443845,518.2353372234714,555.4677789269053,486.0343065610422,457.85840473141656,497.10341085125225,426.6636562771882,448.80186485760834,313.96004895868566,597.7316316713438,540.3735458038916,306.91607350127924,382.38723911634787,382.38723911634787,476.97776668723395,613.8321470025585,442.7641716084028,493.0782820184486,431.69506731819274,478.9903311036358,455.84584031501475,475.97148447903305,408.5505765295717,308.92863791768104,428.67622069359,437.73276056739826,433.7076317345946,338.1108219555076,562.5117543843118,379.36839249174517,483.01545993643947,497.10341085125225,606.7881715451521,597.7316316713438,497.10341085125225,453.8332758986129,549.4300856776998,525.2793126808779,455.84584031501475,519.2416194316725,455.84584031501475,458.86468693961746
B02009,99000000333,Synthetic Census Tract 99000000333,1.0,Total:,270.77280729468896,252.35288843110467,+/-274,152.88532656774956,159.33229817000407,244.06392494249175,201.6981115562479,219.197034476653,330.6375436013379,311.2966287945744,349.0574624649222,173.14723731769226,128.93943204508997,221.9600223061906,219.197034476653,264.32583569243445,246.8269127720294,253.2738843742839,142.7543711927782,108.67752129514727,228.40699390844512,138.14939147688213,370.2403691580441,372.08236104440255,311.2966287945744,277.21977889694347,203.54010344260632,318.66459634000813,415.36917037382557,345.3734786922053,243.14292899931255,361.03040972625195,219.197034476653,239.4589452265957,334.32152737405477,374.84534887394017,329.7165476581587,335.242523317234,380.37132453301547,217.35504259029454,277.21977889694347,327.87455577180026,225.64400607890747,187.8831724085597,264.32583569243445,302.08666936278223,369.31937321486487,372.08236104440255,197.09313184035184,276.29878295376426,284.5877464423772,235.77496145387883,361.03040972625195,328.79555171497947,243.14292899931255,177.75221703358832,221.0390263630114,277.21977889694347,252.35288843110467,373.00335698758175,320.50658822636655,281.82475861283956,266.1678275787929,320.50658822636655,297.4816896468862,231.16998173798277,262.48384380607604,243.14292899931255,133.54441176098607,125.25544827237313,77.36365922705399,290.1137221014525,308.53364096503674,215.51305070393613,340.7684989763093,283.666750499198,242.22193305613334,174.9892292040507,228.40699390844512,395.1072596238829,200.7771156130687,338.0055111467716,183.27819269266362,125.25544827237313
B02009,99000000334,Synthetic Census Tract 99000000334,1.0,Total:,932.6843972759734,338.9798334637467,+/-346,205.73920528146473,959.1365808121618,873.901767195555,918.9684502572092,881.7394512062774,885.6582932116387,786.7075325762676,959.1365808121618,1031.6351579113445,977.7510803376276,1002.2438428711354,1021.8380528979415,969.9133963269052,1008.1221058791772,908.1916347424657,986.5684748496903,906.2322137397852,739.6814285119327,1053.1887889408313,1064.9453149569151,959.1365808121618,998.3250008657741,757.3162175360583,919.9481607585494,957.1771598094812,1062.0061834528942,1073.7627094689778,918.9684502572092,854.3075571687488,830.7945051365814,664.243719908729,956.1974493081408,912.110476747827,859.2061096754503,985.5887643483501,891.5365562196805,940.5220812866959,1007.1423953778369,1036.5337104180462,817.0785581178171,820.9974001231783,873.901767195555,874.8814776968952,1185.449706621773,718.1277974824459,975.791659334947,1049.2699469354702,832.753926139262,1032.614868412685,1117.8496820292917,931.7046867746332,860.1858201767907,836.6727681446232,980.6902118416485,1056.1279204448522,1119.8091030319724,912.110476747827,1075.7221304716584,1039.4728419220671,926.8061342679316,914.0698977505076,983.6293433456694,843.5307416540054,972.8525278309261,839.6118996486441,902.3133717344239,925.8264237665912,1014.000368887219,1008.1221058791772,1087.4786564877422,990.4873168550516,797.4843480910109,787.6872430776078,965.9945543215439,729.8843234985296,956.1974493081408,897.4148192277223,910.1510557451463,792.5857955843094,800.4234795950318,1098.2554720024855
B02009,99000000335,Synthetic Census Tract 99000000335,1.0,Total:,314.20558500799723,224.2777796436394,+/-207,136.51690934830225,330.45759802565226,253.53140307541847,209.1092341604947,273.0338186966045,178.7721431942053,279.5346239036665,319.6229226805489,463.7241047704235,394.382182561762,351.0434811813486,356.4608188539003,386.7979098201897,250.28100047188744,341.2922733707556,328.2906629566316,216.69350690206704,336.95840323271426,322.8733252840799,273.0338186966045,362.9616240609623,464.80757230493384,344.5426759742866,250.28100047188744,238.36285759227377,361.87815652645196,163.60359771106062,379.21363707861735,325.04026035310056,353.2104162503693,326.1237278876109,301.2039745938732,419.3019358554998,314.20558500799723,280.61809143817686,244.86366279933577,344.5426759742866,322.8733252840799,229.69511731619107,360.79468899194165,232.94551991972207,265.44954595503214,396.5491176307827,435.5539488731548,266.5330134895425,424.7192735280514,304.4543771974042,390.0483124237207,269.78341609307347,203.69189648794304,212.3596367640257,291.4527667832802,357.5442863884106,307.7047798009352,230.7785848507014,322.8733252840799,340.2088058362453,304.4543771974042,278.4511563691562,341.2922733707556,313.1221174734869,191.77375360832934,318.53945514603856,297.9535719903422,303.3709096628939,341.2922733707556,417.1350007864791,245.9471303338461,279.5346239036665,256.78180567894947,305.53784473191456,382.4640396821484,182.0225457977363,288.20236417974917,348.87654611232796,442.0547540802168,332.6245330946729,343.45920843977626,431.2200787351134,231.86205238521174,297.9535719903422
B02009,99000000336,Synthetic Census Tract 99000000336,1.0,Total:,370.44608775433437,220.62578633568393,+/-215,134.42780469755624,309.90226731803045,309.90226731803045,358.132090377459,391.9955831638663,280.14344032391494,318.111598902614,527.4495543094955,284.2481061162067,381.73391868313684,501.79539310767177,419.7020772618359,429.9637417425654,413.5450785733982,324.26859759105173,471.0103996654833,359.15825682553196,348.89659234480246,416.62357791761707,276.0387745316231,270.9079422912584,280.14344032391494,350.94892524094837,266.80327649896657,376.60308644277205,380.7077522350639,453.5655700482432,446.3824049117326,234.9921166087052,348.89659234480246,386.86475092350156,391.9955831638663,360.1844232736049,411.49274567725234,461.7749016328268,351.9750916890213,386.86475092350156,314.0069331103222,399.1787483003769,448.4347378078785,445.3562384636596,394.0479160600122,374.5507535466262,567.4700457843405,366.3414219620426,365.31525551396965,330.4255962794894,284.2481061162067,429.9637417425654,337.60876141600005,211.39028830302738,280.14344032391494,500.7692266595988,337.60876141600005,351.9750916890213,347.8704258967295,386.86475092350156,454.5917364963162,339.6610943121459,386.86475092350156,304.77143507766567,442.27773911944075,409.44041278110643,410.4665792291794,376.60308644277205,340.68726076021886,347.8704258967295,288.3527719084985,482.29823059428577,340.68726076021886,305.7976015257386,334.5302620717812,305.7976015257386,363.26292261782373,345.81809300058364,300.6667692853739,387.8909173715745,362.2367561697508,330.4255962794894,438.173073327149,316.05926600646814
B02009,99000000337,Synthetic Census Tract 99000000337,1.0,Total:,9.355013164873935,14.968021063798297,+/-16,8.419511848386541,16.839023696773083,8.419511848386541,7.484010531899148,16.839023696773083,9.355013164873935,7.484010531899148,4.677506582436967,2.8065039494621806,9.355013164873935,6.548509215411755,13.09701843082351,11.226015797848722,9.355013164873935,11.226015797848722,8.419511848386541,10.29051448136133,8.419511848386541,3.742005265949574,11.226015797848722,11.226015797848722,3.742005265949574,13.09701843082351,2.8065039494621806,4.677506582436967,13.09701843082351,22.452031595697445,19.645527646235266,9.355013164873935,5.613007898924361,11.226015797848722,5.613007898924361,9.355013164873935,6.548509215411755,2.8065039494621806,1.871002632974787,4.677506582436967,9.355013164873935,10.29051448136133,8.419511848386541,4.677506582436967,15.90352238028569,9.355013164873935,6.548509215411755,11.226015797848722,10.29051448136133,5.613007898924361,3.742005265949574,2.8065039494621806,7.484010531899148,14.968021063798297,8.419511848386541,13.09701843082351,13.09701843082351,13.09701843082351,9.355013164873935,11.226015797848722,10.29051448136133,4.677506582436967,13.09701843082351,11.226015797848722,4.677506582436967,8.419511848386541,6.548509215411755,3.742005265949574,11.226015797848722,19.645527646235266,15.90352238028569,7.484010531899148,4.677506582436967,9.355013164873935,12.161517114336116,14.968021063798297,8.419511848386541,2.8065039494621806,1.871002632974787,1.871002632974787,9.355013164873935,10.29051448136133,10.29051448136133,3.742005265949574
B02009,99000000338,Synthetic Census Tract 99000000338,1.0,Total:,909.7048594946058,449.04580298457137,+/-464,272.91145784838176,1125.5178208427942,1012.2885989695294,999.7075743169445,900.0271482233866,1090.678060266405,764.5391904263176,886.4783524436797,1064.5482398341132,820.6699157993891,747.1193101381231,860.3485320113878,977.4488383931402,926.1569686556784,717.1184051973435,756.7970214093423,932.9313665455319,1047.1283595459186,935.8346799268976,1075.1937222324543,836.1542538333398,845.831965104559,1004.546429952554,737.4415988669039,1022.9340813678706,624.212376993639,1036.4828771475775,1135.1955321140133,726.7961164685627,654.2132819344187,1063.5804687069913,1053.902757435772,793.5723242399753,917.4470285115812,977.4488383931402,835.1864827062178,830.3476270706083,861.3163031385097,931.9635954184099,858.4129897571439,958.0934158507018,919.382570765825,970.6744405032867,858.4129897571439,737.4415988669039,508.07984173900854,770.3458171890492,1005.514201079676,1097.4524581562584,766.4747326805615,845.831965104559,1115.8401095715749,851.6385918672905,692.9241270192955,1019.0629968593829,1118.7434229529408,1025.8373947492364,892.2849792064112,821.6376869265109,821.6376869265109,697.762982654905,1187.4551729785971,1025.8373947492364,1063.5804687069913,987.1265496643595,1024.8696236221144,890.3494369521674,944.5446200709949,895.1882925877769,1042.289503910309,927.1247397828004,883.5750390623139,983.2554651558718,1035.5151060204555,744.2159967567572,803.2500355111945,757.7647925364641,818.7343735451452,764.5391904263176,738.4093699940257,885.5105813165577
B02009,99000000339,Synthetic Census Tract 99000000339,1.0,Total:,32.8412210676389,48.79267130049208,+/-52,30.02625926184128,36.59450347536906,58.17587731981748,38.471144679234136,36.59450347536906,43.162747688896836,31.90290046570636,76.94228935846827,14.0748090289881,15.95145023285318,31.90290046570636,31.90290046570636,42.2244270869643,45.97770949469446,25.33465625217858,14.0748090289881,26.272976854111118,14.0748090289881,14.0748090289881,63.80580093141272,42.2244270869643,42.2244270869643,66.62076273721034,32.8412210676389,34.71786227150398,50.66931250435716,37.5328240773016,51.6076331062897,9.3832060193254,16.88977083478572,32.8412210676389,32.8412210676389,37.5328240773016,38.471144679234136,30.02625926184128,13.136488427055559,38.471144679234136,16.88977083478572,14.0748090289881,64.74412153334526,32.8412210676389,29.08793865990874,15.95145023285318,38.471144679234136,29.08793865990874,17.82809143671826,29.08793865990874,15.95145023285318,60.990839125615096,52.545953708222235,36.59450347536906,25.33465625217858,37.5328240773016,17.82809143671826,34.71786227150398,47.854350698559536,30.02625926184128,48.79267130049208,45.03938889276192,17.82809143671826,34.71786227150398,32.8412210676389,15.95145023285318,40.34778588309922,30.02625926184128,15.01312963092064,35.65618287343652,14.0748090289881,57.237556717884935,52.545953708222235,35.65618287343652,28.1496180579762,32.8412210676389,22.51969444638096,30.02625926184128,46.916030096627,34.71786227150398,54.42259491208732,48.79267130049208,11.25984722319048,37.5328240773016
B02009,99000000340,Synthetic Census Tract 99000000340,1.0,Total:,257.9149185125186,157.46384498659032,+/-174,95.92625039412974,247.96030762256177,181.89788989830262,264.24967089703665,246.15037836984234,244.34044911712292,247.96030762256177,317.6425838522598,305.8780437095835,260.6298123915978,318.5475484786195,219.00143957905092,196.37732392005805,257.9149185125186,292.3035743141878,187.3276776564609,207.2368994363746,204.52200555729547,180.9929252719429,277.82414029243233,298.6383266987058,277.82414029243233,241.62555523804377,216.28654569997178,244.34044911712292,203.61704093093576,199.0922177991372,270.5844232815546,257.9149185125186,294.11350356690724,289.58868043510864,209.95179331545378,357.4610274120872,265.15463552339634,285.9688219296698,260.6298123915978,266.96456477611576,245.24541374348263,253.39009538072006,276.91917566607265,274.2042817869935,222.62129808448978,211.7617225681732,273.2993171606338,279.6340695451518,346.60145189577065,275.1092464133532,247.05534299620206,322.16740698405835,244.34044911712292,344.7915226430512,221.71633345813007,266.0596001497561,235.29080285352578,290.4936450614684,233.48087360080635,282.34896342423093,218.0964749526912,146.60426947027375,273.2993171606338,281.44399879787125,349.3163457748498,260.6298123915978,154.74895110751117,307.6879729623029,106.78582591044632,229.8610150953675,233.48087360080635,231.67094434808692,278.7291049187921,180.0879606455832,296.82839744598635,316.73761922590006,257.9149185125186,234.38583822716606,234.38583822716606,186.4227130301012,242.5305198644035,356.55606278572753,259.72484776523805,232.57590897444663
B02009,99000000341,Synthetic Census Tract 99000000341,1.0,Total:,15.196889283811277,22.795333925716918,+/-21,14.111397192110472,15.196889283811277,16.28238137551208,5.427460458504028,30.393778567622554,15.196889283811277,10.854920917008055,24.966318109118525,16.28238137551208,18.453365558913696,20.624349742315303,14.111397192110472,14.111397192110472,16.28238137551208,26.051810200819332,5.427460458504028,4.341968366803222,4.341968366803222,6.512952550204833,22.795333925716918,23.88082601741772,28.222794384220943,5.427460458504028,13.025905100409666,16.28238137551208,5.427460458504028,5.427460458504028,8.683936733606444,22.795333925716918,22.795333925716918,11.94041300870886,5.427460458504028,22.795333925716918,6.512952550204833,17.36787346721289,13.025905100409666,13.025905100409666,16.28238137551208,16.28238137551208,14.111397192110472,17.36787346721289,18.453365558913696,18.453365558913696,27.13730229252014,6.512952550204833,14.111397192110472,17.36787346721289,5.427460458504028,21.70984183401611,16.28238137551208,5.427460458504028,14.111397192110472,17.36787346721289,14.111397192110472,5.427460458504028,21.70984183401611,22.795333925716918,19.5388576506145,23.88082601741772,5.427460458504028,6.512952550204833,5.427460458504028,19.5388576506145,15.196889283811277,16.28238137551208,20.624349742315303,21.70984183401611,10.854920917008055,5.427460458504028,5.427460458504028,14.111397192110472,29.308286475921747,6.512952550204833,24.966318109118525,16.28238137551208,15.196889283811277,11.94041300870886,13.025905100409666,11.94041300870886,11.94041300870886,13.025905100409666
B02009,99000000342,Synthetic Census Tract 99000000342,1.0,Total:,15.83426345042199,26.72031957258711,+/-27,16.823904916073364,4.9482073282568715,4.9482073282568715,8.906773190862369,3.9585658626054974,22.76175370998161,14.844621984770615,14.844621984770615,8.906773190862369,20.78247077867886,11.875697587816493,14.844621984770615,24.74103664128436,12.865339053467867,19.792829313027486,28.699602503889857,14.844621984770615,15.83426345042199,12.865339053467867,21.772112244330234,24.74103664128436,4.9482073282568715,3.9585658626054974,4.9482073282568715,6.927490259559621,24.74103664128436,10.886056122165117,13.854980519119241,5.9378487939082465,37.606375694752224,21.772112244330234,15.83426345042199,16.823904916073364,13.854980519119241,12.865339053467867,17.813546381724738,19.792829313027486,28.699602503889857,18.803187847376112,30.678885435192605,16.823904916073364,30.678885435192605,26.72031957258711,32.65816836649535,28.699602503889857,4.9482073282568715,12.865339053467867,15.83426345042199,28.699602503889857,4.9482073282568715,21.772112244330234,14.844621984770615,3.9585658626054974,14.844621984770615,19.792829313027486,4.9482073282568715,12.865339053467867,17.813546381724738,15.83426345042199,5.9378487939082465,11.875697587816493,20.78247077867886,30.678885435192605,23.751395175632986,29.68924396954123,4.9482073282568715,15.83426345042199,16.823904916073364,21.772112244330234,5.9378487939082465,11.875697587816493,13.854980519119241,5.9378487939082465,13.854980519119241,12.865339053467867,4.9482073282568715,19.792829313027486,22.76175370998161,14.844621984770615,3.9585658626054974,11.875697587816493
B02009,99000000343,Synthetic Census Tract 99000000343,1.0,Total:,51.921378782144494,75.95905414424843,+/-79,46.152336695239555,80.76658921666922,98.07371547738404,73.07453310079596,49.99836475317618,47.11384370972371,33.65274550694551,47.11384370972371,29.806717449008875,12.499591188294046,36.53726655039798,65.3824769849227,79.80508220218506,44.22932266627124,13.461098202778203,50.95987176766034,100.95823652083652,18.26863327519899,25.960689391072247,94.22768741944742,73.07453310079596,73.07453310079596,70.19001205734348,54.80589982559697,98.07371547738404,55.76740684008112,31.729731477977193,46.152336695239555,24.99918237658809,21.15315431865146,27.88370342004056,65.3824769849227,65.3824769849227,41.344801622818764,24.037675362103933,64.42096997043853,59.61343489801775,18.26863327519899,50.95987176766034,90.38165936151078,89.42015234702663,74.99754712976427,86.53563130357416,48.075350724207865,33.65274550694551,44.22932266627124,40.38329460833461,52.88288579662865,20.191647304167304,35.57575953591382,19.230140289683145,54.80589982559697,34.61425252142966,49.99836475317618,36.53726655039798,51.921378782144494,71.15151907182764,27.88370342004056,57.69042086904944,89.42015234702663,79.80508220218506,52.88288579662865,84.61261727460584,54.80589982559697,60.57494191250191,46.152336695239555,38.46028057936629,54.80589982559697,24.037675362103933,25.960689391072247,26.922196405556406,40.38329460833461,57.69042086904944,71.15151907182764,24.99918237658809,33.65274550694551,69.22850504285933,22.11466133313562,81.72809623115337,73.07453310079596,64.42096997043853
B02009,99000000344,Synthetic Census Tract 99000000344,1.0,Total:,979.927316217397,504.7492419642159,+/-495,306.92832693177576,764.7715787336605,1269.5208206978764,1072.7196011037477,1131.8619365258176,913.6471127271464,1006.4393976134971,1019.6954383115473,791.2836601297607,1158.3740179219178,802.5003099511878,1014.5969611199896,758.6534061037912,955.4546256979198,1100.2513779381595,895.2925948375386,886.1153358927346,818.8154369641725,759.6731015421027,695.4322889284753,1074.7589919803709,951.3758439446736,725.0034566395101,948.316757629739,804.5397008278109,755.5943197888565,1149.1967589771139,908.5486355355887,1010.5181793667434,1319.485897175142,1091.0741189933556,1123.7043730193252,1332.7419378731922,908.5486355355887,859.6032544966343,1048.2469105842706,1123.7043730193252,1073.7392965420593,921.8046762336387,912.6274172888349,1178.7679266881487,1004.400006736874,1142.0588909089329,1129.8225456491944,1114.5271140745213,1023.7742200647934,1037.0302607628437,970.750057272593,882.0365541394884,935.0607169316888,1041.1090425160899,1015.6166565583011,935.0607169316888,1083.9362509251748,1372.5100599673426,813.7169597726147,768.8503604869067,919.7652853570156,924.8637625485734,1009.4984839284318,1032.9514790095975,1096.1725961849133,919.7652853570156,878.9774678245537,525.1431507304469,838.1896502920919,919.7652853570156,788.224573814826,925.883457986885,1034.9908698862205,1175.7088403732141,1088.015032678421,889.1744222076693,780.0670103083337,823.9139141557303,863.6820362498805,1100.2513779381595,924.8637625485734,1106.369550568029,1000.3212249836279,1024.793915503105
B02009,99000000345,Synthetic Census Tract 99000000345,1.0,Total:,37.861441432861334,62.20093949684362,+/-69,37.861441432861334,9.916091803844635,45.07314456293015,62.20093949684362,55.89069925803339,101.86530671222215,10.817554695103237,45.97460745418876,46.87607034544736,69.41264262691244,20.733646498947873,39.66436721537854,36.05851565034413,12.620480477620443,36.05851565034413,48.67899612796457,18.930720716430667,31.55120119405111,32.45266408530971,45.07314456293015,38.76290432411994,67.60971684439524,13.521943368879047,11.71901758636184,16.226332042654857,17.12779493391346,47.77753323670596,54.08777347551619,36.95997854160273,14.42340626013765,60.39801371432641,30.649738302792507,42.36875588915435,55.89069925803339,33.35412697656832,35.15705275908552,56.792162149292,34.25558986782692,36.95997854160273,39.66436721537854,50.48192191048177,14.42340626013765,69.41264262691244,63.10240238810222,70.31410551817105,71.21556840942965,17.12779493391346,46.87607034544736,30.649738302792507,65.80679106187803,14.42340626013765,33.35412697656832,36.95997854160273,10.817554695103237,34.25558986782692,38.76290432411994,14.42340626013765,41.46729299789575,40.565830106637144,50.48192191048177,32.45266408530971,76.62434575698127,12.620480477620443,14.42340626013765,9.014628912586032,14.42340626013765,50.48192191048177,37.861441432861334,41.46729299789575,10.817554695103237,46.87607034544736,35.15705275908552,47.77753323670596,64.90532817061943,39.66436721537854,36.95997854160273,53.18631058425758,36.95997854160273,35.15705275908552,38.76290432411994,37.861441432861334
B02009,99000000346,Synthetic Census Tract 99000000346,1.0,Total:,91.73802444673562,57.33626527920977,+/-60,35.35736358884602,128.0509924569018,84.09318907617433,117.53934382238002,76.44835370561302,115.6281349797397,82.18198023353399,79.31516696957351,82.18198023353399,111.80571729445904,132.82901456350262,77.40395812693319,84.09318907617433,101.29406865993725,76.44835370561302,102.24967308125741,46.82461664468798,86.00439791881465,101.29406865993725,82.18198023353399,74.5371448629727,105.11648634521791,65.93670507109123,92.69362886805578,86.9600023401348,82.18198023353399,81.22637581221383,82.18198023353399,80.27077139089367,102.24967308125741,89.8268156040953,89.8268156040953,82.18198023353399,77.40395812693319,88.87121118277514,88.87121118277514,62.11428738581058,108.93890403049855,86.00439791881465,106.07209076653807,104.16088192389775,52.558243172608954,93.64923328937596,63.069891807130745,88.87121118277514,72.62593602033238,92.69362886805578,120.40615708634051,121.36176150766067,79.31516696957351,86.9600023401348,106.07209076653807,104.16088192389775,87.91560676145498,109.89450845181872,94.60483771069612,132.82901456350262,109.89450845181872,80.27077139089367,75.49274928429286,89.8268156040953,61.15868296449042,92.69362886805578,90.78242002541546,86.9600023401348,81.22637581221383,94.60483771069612,78.35956254825335,90.78242002541546,99.38285981729693,82.18198023353399,93.64923328937596,111.80571729445904,83.13758465485417,86.00439791881465,107.02769518785823,106.07209076653807,65.93670507109123,60.20307854317026,68.80351833505172,113.71692613709936
B02009,99000000347,Synthetic Census Tract 99000000347,1.0,Total:,41.624267725591146,47.86790788442982,+/-46,29.1369874079138,34.340020873612694,36.42123425989225,59.31458150896738,66.59882836094583,18.730920476516015,37.46184095303203,59.31458150896738,32.25880748733314,15.609100397096679,41.624267725591146,50.98972796384915,43.705481111870704,37.46184095303203,20.812133862795573,43.705481111870704,46.82730119129004,46.82730119129004,52.03033465698893,31.218200794193358,58.2739748158276,45.78669449815026,50.98972796384915,68.68004174722539,49.94912127070937,36.42123425989225,22.89334724907513,40.58366103245137,40.58366103245137,22.89334724907513,72.8424685197845,57.23336812268782,44.74608780501048,37.46184095303203,14.5684937039569,61.39579489524694,35.38062756675247,34.340020873612694,37.46184095303203,28.09638071477402,43.705481111870704,45.78669449815026,60.35518820210716,49.94912127070937,36.42123425989225,29.1369874079138,14.5684937039569,50.98972796384915,43.705481111870704,38.50244764617181,54.111548043268485,77.00489529234362,35.38062756675247,58.2739748158276,31.218200794193358,46.82730119129004,34.340020873612694,42.664874418730925,41.624267725591146,11.446673624537565,33.299414180472915,32.25880748733314,30.17759410105358,88.45156891688119,63.477008281526494,24.974560635354685,30.17759410105358,53.070941350128706,40.58366103245137,19.771527169655794,48.9085145775696,57.23336812268782,39.54305433931159,45.78669449815026,35.38062756675247,32.25880748733314,44.74608780501048,49.94912127070937,47.86790788442982,23.93395394221491,36.42123425989225
B02009,99000000348,Synthetic Census Tract 99000000348,1.0,Total:,74.95303868681124,80.0868084598805,+/-78,49.28418982146493,58.524975412989605,66.73900704990042,82.1403163691082,45.17717400300952,107.80916523445453,40.04340422994025,84.19382427833592,99.59513359754371,101.64864150677141,82.1403163691082,116.02319687136536,92.40785591524674,46.20392795762337,57.49822145837575,90.35434800601904,62.631991231445014,55.44471354914804,55.44471354914804,105.75565732522682,94.46136382447445,74.95303868681124,80.0868084598805,87.27408614217748,77.00654659603894,21.561833046890907,111.91618105290993,87.27408614217748,63.658745186058866,56.47146750376189,103.70214941599912,25.668848865346316,47.23068191223722,99.59513359754371,102.67539546138526,65.71225309528657,100.62188755215756,74.95303868681124,81.11356241449435,61.60523727683116,53.39120563992034,77.00654659603894,65.71225309528657,93.4346098698606,52.364451685306484,134.5047680544147,65.71225309528657,71.87277682296968,87.27408614217748,97.541625688316,88.30084009679133,109.86267314368223,95.4881177790883,41.0701581845541,48.257435866851075,103.70214941599912,70.84602286835583,57.49822145837575,45.17717400300952,74.95303868681124,95.4881177790883,78.0333005506528,67.76576100451427,68.79251495912813,86.24733218756363,32.856126547643285,112.94293500752379,63.658745186058866,58.524975412989605,37.989896320712546,82.1403163691082,23.61534095611861,40.04340422994025,102.67539546138526,94.46136382447445,71.87277682296968,109.86267314368223,99.59513359754371,87.27408614217748,64.68549914067272,36.963142366098694
B02009,99000000349,Synthetic Census Tract 99000000349,1.0,Total:,162.26145604725906,143.62331582561444,+/-131,87.70889516068058,78.93800564461252,186.38140221644622,190.76684697448027,137.04514868856342,185.28504102693773,101.96159062429118,202.82682005907384,247.77762882892264,137.04514868856342,90.9979787292061,240.10310050236308,149.10512177315698,161.16509485775057,185.28504102693773,100.86522943478266,175.41779032136117,194.0559305430058,118.40700846691878,164.4541784262761,156.77965009971655,154.58692772069952,172.12870675283563,118.40700846691878,105.25067419281669,118.40700846691878,153.490566531191,171.03234556332714,195.1522917325143,176.51415151086968,195.1522917325143,179.8032350793952,78.93800564461252,145.81603820463147,231.33221098629502,205.01954243809087,212.6940707646504,221.46496028071846,110.73248014035923,144.71967701512295,122.79245322495281,225.85040503875248,226.946766228261,172.12870675283563,222.56132147022697,171.03234556332714,200.63409768005684,117.31064727741028,83.32345040264656,158.97237247873355,162.26145604725906,154.58692772069952,211.5977095751419,98.67250705576565,98.67250705576565,158.97237247873355,117.31064727741028,164.4541784262761,141.43059344659744,156.77965009971655,225.85040503875248,158.97237247873355,106.3470353823252,157.87601128922503,232.42857217580354,112.92520251937624,224.754043849244,108.53975776134222,167.7432619948016,157.87601128922503,150.2014829626655,201.73045886956533,183.0923186479207,172.12870675283563,167.7432619948016,161.16509485775057,128.27425917249533,85.51617278166357,255.45215715548218,126.08153679347834,184.18867983742922
B02009,99000000350,Synthetic Census Tract 99000000350,1.0,Total:,163.85144670905743,143.37001587042525,+/-140,87.04608106418675,272.40303015380795,161.8033036251942,183.308806005758,199.69395067666372,207.8865230121166,164.87551825098902,151.56258820587811,284.69188865698726,159.75516054133098,142.34594432849363,190.47730679927926,158.7310889993994,153.61073128974132,187.40509217348443,248.84938468938097,199.69395067666372,163.85144670905743,231.44016847654362,177.16437675416833,137.2255866188356,98.31086802543444,180.23659137996316,156.68294591553615,202.76616530245855,111.62379807054536,151.56258820587811,175.11623367030512,82.94979489646032,153.61073128974132,196.6217360508689,209.93466609597982,188.42916371541602,185.3569490896212,195.5976645089373,125.9607996575879,131.08115736724594,134.15337199304076,129.03301428338273,138.2496581607672,182.28473446382637,138.2496581607672,136.20151507690397,111.62379807054536,149.5144451220149,154.63480283167294,118.79229886406662,166.92366133485226,181.26066292189478,160.7792320832626,133.12930045110915,99.33493956736606,153.61073128974132,184.3328775476896,107.52751190281893,202.76616530245855,121.86451348986145,244.75309852165452,207.8865230121166,137.2255866188356,238.60866927006487,144.39408741235684,217.10316688950107,155.65887437360456,134.15337199304076,237.58459772813325,298.0048187020982,175.11623367030512,206.862451470185,182.28473446382637,203.79023684439017,167.94773287678385,169.99587596064708,157.70701745746777,258.06602856676545,158.7310889993994,167.94773287678385,139.2737297026988,152.58665974780973,219.1513099733643,138.2496581607672
B02009,99000000351,Synthetic Census Tract 99000000351,1.0,Total:,59.7300704835328,57.739068134081705,+/-58,34.842541115394134,55.74806578463061,24.887529368138665,44.7975528626496,75.65808927914155,50.77055991100288,62.71657400770944,57.739068134081705,95.56811277365247,58.73456930880725,82.62659750222038,84.61759985167147,97.55911512310357,77.64909162859264,75.65808927914155,43.802051687924056,77.64909162859264,65.70307753188608,58.73456930880725,49.77505873627733,33.84703994066859,53.75706343517952,56.74356695935616,64.70757635716053,27.874032892315306,43.802051687924056,57.739068134081705,49.77505873627733,42.80655051319851,39.82004698902187,63.71207518243499,55.74806578463061,50.77055991100288,66.69857870661163,25.883030542864212,52.76156226045397,68.68958105606272,64.70757635716053,37.829044639570775,52.76156226045397,71.67608458023936,87.60410337584811,45.79305403737515,36.83354346484523,72.67158575496491,58.73456930880725,64.70757635716053,53.75706343517952,79.64009397804374,62.71657400770944,70.68058340551381,61.72107283298389,80.63559515276928,62.71657400770944,63.71207518243499,36.83354346484523,76.6535904538671,49.77505873627733,55.74806578463061,94.57261159892694,22.896527018687575,68.68958105606272,61.72107283298389,55.74806578463061,26.87853171758976,35.83804229011968,93.5771104242014,28.869534067040853,49.77505873627733,43.802051687924056,55.74806578463061,54.752564609905065,33.84703994066859,44.7975528626496,26.87853171758976,65.70307753188608,55.74806578463061,73.66708692969046,53.75706343517952,64.70757635716053,76.6535904538671
B02009,99000000352,Synthetic Census Tract 99000000352,1.0,Total:,91.54892659940172,105.22865126368015,+/-100,64.18947727084489,177.83642063561945,76.81691542248652,84.18292101094411,67.3463368087553,90.49664008676493,92.60121311203854,62.08490424557129,89.44435357412813,57.87575819502408,76.81691542248652,135.7449601301474,104.17636475104335,112.59465685213776,129.4312410543266,125.22209500377937,63.13719075820809,92.60121311203854,46.30060655601927,51.56203911920328,97.86264567522254,158.89526340815704,136.7972466427842,63.13719075820809,131.5358140796002,95.75807264994894,42.09146050547206,91.54892659940172,90.49664008676493,102.07179172576974,143.110965718605,96.81035916258574,111.54237033950096,85.23520752358093,63.13719075820809,107.33322428895376,109.43779731422735,73.66005588457611,99.96721870049615,75.7646289098497,117.85608941532178,104.17636475104335,86.28749403621772,65.24176378348169,84.18292101094411,141.0063926933314,115.75151639004817,50.50975260656647,88.39206706149133,70.5031963466657,72.6077693719393,85.23520752358093,97.86264567522254,85.23520752358093,123.11752197850578,166.26126899661463,53.66661214447688,109.43779731422735,54.71889865711368,54.71889865711368,98.91493218785934,146.2678252565154,124.16980849114258,62.08490424557129,183.09785319880345,97.86264567522254,32.620881891740844,107.33322428895376,98.91493218785934,94.70578613731213,153.63383084497303,92.60121311203854,101.01950521313294,74.71234239721291,67.3463368087553,131.5358140796002,114.69922987741137,77.86920193512331,125.22209500377937,57.87575819502408,102.07179172576974
B02009,99000000353,Synthetic Census Tract 99000000353,1.0,Total:,1387.5745975203688,449.55687894740925,+/-416,273.4083903213811,1479.4311713437578,1571.2877451671466,1350.8319679910132,1273.024046634731,1479.4311713437578,1329.218656503157,1253.5720662956603,1083.907571115989,1505.3671451291852,1418.9138991777604,1384.3326007971905,1667.4669812881068,1569.126414018361,1456.7371942815087,1355.1546302885845,1124.972862942916,1494.5604893852571,1290.3146958250159,1399.4619188386898,1305.4440138665152,1548.5937681048977,1430.8012204960812,1648.0150009490362,1591.82039108061,1542.1097746585408,1163.8768236210572,1322.7346630568002,1381.090604074012,1196.2967908528415,1638.2890107795008,1336.7833155239068,1061.21359405374,1381.090604074012,1123.892197368523,1398.381253264297,1458.8985254302943,1304.3633482921225,1162.7961580466642,1234.1200859565897,1296.7986892713727,1497.8024861084355,1461.05985657908,1332.4606532263356,1416.7525680289748,1268.7013843371597,1534.545115637791,1233.039420382197,1357.31596143737,1512.9318041499348,1212.5067744687335,1225.4747613614472,1394.0585909667257,1373.5259450532624,1477.2698401949722,1389.7359286691544,1321.6539974824075,1478.3505057693649,1489.157161513293,1454.575863132723,1296.7986892713727,1438.365879516831,1388.6552630947617,1614.514368142859,1564.8037517207897,1280.5887056554807,1622.0790271636088,1350.8319679910132,1338.9446466726924,1457.8178598559016,1311.928007312872,1211.4261088943408,1264.3787220395884,1215.748771191912,1235.2007515309826,1322.7346630568002,1505.3671451291852,1269.7820499115526,1413.5105713057962,1419.994564752153,1390.8165942435473
B02009,99000000354,Synthetic Census Tract 99000000354,1.0,Total:,635.8807663102953,433.3177635776232,+/-415,263.12307571460497,646.322158203732,700.6173960496029,659.8959676651997,513.7164811570858,437.4943203349979,852.017578504435,749.6919379487554,710.014648753696,390.5080568145327,734.0298501086003,360.2280203235663,721.5001798364763,676.6021946946985,678.6904730733858,811.2961501200319,681.8228906414168,468.818496015308,817.560985256094,635.8807663102953,446.89157303909093,490.7454189915251,829.0465163388743,651.5428541504504,493.8778365595561,669.2932203692927,539.8199608906776,519.9813162931479,877.0769190486832,762.2216082208794,622.3069568488276,607.6890081980162,858.2824136404971,654.6752717184813,796.6782014692205,558.6144662988637,360.2280203235663,672.4256379373238,655.719410907825,628.5717919848896,699.5732568602592,585.7620852217991,608.7331473873598,652.586993339794,767.4423041675977,834.2672122855927,592.0269203578612,722.54431902582,712.1029271323832,645.2780190143883,700.6173960496029,775.7954176823472,653.6311325291377,447.9357122284346,323.68314869653784,432.2736243882796,616.0421217127656,791.4575055225022,494.9219757488998,612.9097041447345,778.9278352503782,717.3236230791016,515.8047595357732,353.9631851875043,619.1745392807966,633.792487931608,745.5153811913807,817.560985256094,424.9646500628739,623.3510960381712,669.2932203692927,655.719410907825,594.1151987365485,683.9111690201041,624.395235227515,646.322158203732,750.7360771380991,792.5016447118459,754.9126338954737,423.9205108735302,586.8062244111428
B02009,99000000355,Synthetic Census Tract 99000000355,1.0,Total:,204.3240997607468,174.82275915358017,+/-160,105.98629773685798,205.41674200545668,178.1006858877098,279.71641464572826,198.86088853719744,220.71373343139496,257.86356975153075,128.93178487576537,243.65922057030235,227.2695868996542,305.9398285187653,172.6374746641604,222.8990179208147,159.5257677276419,219.62109118668508,178.1006858877098,236.01072485733323,133.3023538546049,101.61572875801848,257.86356975153075,189.02710833480856,167.17426344061104,180.28597037712956,237.1033671020431,227.2695868996542,292.82812158224675,214.1578799631357,252.40035852798135,256.77092750682084,119.0980046733765,173.7301169088703,110.35686671569748,114.72743569453698,205.41674200545668,156.24784099351228,291.7354793375369,207.60202649487644,204.3240997607468,216.34316445255544,279.71641464572826,113.6347934498271,255.678285262111,214.1578799631357,136.5802805887345,160.61840997235177,278.6237724010184,175.91540139829004,255.678285262111,166.08162119590116,246.937147304432,152.96991425938265,230.54751363378384,236.01072485733323,232.7327981232036,164.98897895119129,253.49300077269123,180.28597037712956,322.32946218941345,237.1033671020431,209.7873109842962,175.91540139829004,191.21239282422832,208.69466873958632,139.85820732286413,134.39499609931474,182.4712548665493,166.08162119590116,248.02978954914187,120.19064691808636,303.75454402934554,256.77092750682084,221.80637567610484,299.383975050506,157.34048323822213,274.2532034221789,150.7846297699629,226.17694465494435,157.34048323822213,209.7873109842962,206.50938425016656,284.0869836245678
B02009,99000000356,Synthetic Census Tract 99000000356,1.0,Total:,0.0,14.789614478066898,+/-14,9.50760930732872,0.0,0.0,0.0,0.0,0.0,0.0,0.0,0.0,0.0,0.0,0.0,0.0,0.0,0.0,0.0,0.0,0.0,0.0,0.0,0.0,0.0,0.0,0.0,0.0,0.0,0.0,0.0,0.0,0.0,0.0,0.0,0.0,0.0,0.0,0.0,0.0,0.0,0.0,0.0,0.0,0.0,0.0,0.0,0.0,0.0,0.0,0.0,0.0,0.0,0.0,0.0,0.0,0.0,0.0,0.0,0.0,0.0,0.0,0.0,0.0,0.0,0.0,0.0,0.0,0.0,0.0,0.0,0.0,0.0,0.0,0.0,0.0,0.0,0.0,0.0,0.0,0.0,0.0,0.0,0.0
B02009,99000000357,Synthetic Census Tract 99000000357,1.0,Total:,28.980727766614404,31.127448341919173,+/-29,18.24712489009055,22.540566040700092,27.90736747896202,19.320485177742935,10.733602876523854,26.834007191309635,28.980727766614404,38.64097035548587,23.613926328352477,21.467205753047708,24.68728661600486,46.15449236905257,24.68728661600486,34.34752920487633,26.834007191309635,38.64097035548587,54.741374670271654,28.980727766614404,35.420889492528715,27.90736747896202,31.127448341919173,21.467205753047708,27.90736747896202,18.24712489009055,23.613926328352477,34.34752920487633,12.880323451828623,35.420889492528715,39.714330643138254,35.420889492528715,25.760646903657246,37.567610067833485,49.37457323200972,17.173764602438165,22.540566040700092,27.90736747896202,36.4942497801811,28.980727766614404,19.320485177742935,33.274168917223946,36.4942497801811,17.173764602438165,28.980727766614404,19.320485177742935,33.274168917223946,26.834007191309635,10.733602876523854,37.567610067833485,28.980727766614404,27.90736747896202,24.68728661600486,30.05408805426679,33.274168917223946,11.806963164176238,28.980727766614404,28.980727766614404,34.34752920487633,19.320485177742935,24.68728661600486,50.44793351966211,28.980727766614404,18.24712489009055,32.20080862957156,18.24712489009055,11.806963164176238,45.081132081400185,28.980727766614404,41.86105121844303,21.467205753047708,21.467205753047708,28.980727766614404,32.20080862957156,24.68728661600486,35.420889492528715,28.980727766614404,50.44793351966211,42.934411506095415,21.467205753047708,41.86105121844303,30.05408805426679,30.05408805426679
B02009,99000000358,Synthetic Census Tract 99000000358,1.0,Total:,86.74515653825239,71.98002351046475,+/-78,43.372578269126194,73.82566513893819,119.96670585077457,108.89285607993384,102.43311038027674,82.13105246706874,77.51694839588511,107.04721445146039,108.89285607993384,80.28541083859528,52.600786411493466,68.28874025351783,50.75514478302001,88.59079816672583,113.50696015111748,103.35593119451347,105.20157282298693,76.59412758164838,78.43976921012184,72.90284432470148,53.523607225730196,96.89618549485638,73.82566513893819,95.05054386638292,80.28541083859528,116.27542259382766,104.2787520087502,54.44642803996692,103.35593119451347,83.05387328130547,123.65798910772148,75.67130676741165,103.35593119451347,110.7384977084073,55.36924885420365,37.835653383705825,64.59745699657093,98.74182712332984,68.28874025351783,94.1277230521462,59.06053211115056,122.73516829348475,56.29206966844038,68.28874025351783,84.89951490977893,76.59412758164838,122.73516829348475,64.59745699657093,75.67130676741165,90.43643979519929,126.42645155043166,77.51694839588511,129.19491399314185,117.19824340806439,54.44642803996692,83.9766940955422,83.05387328130547,88.59079816672583,113.50696015111748,87.6679773524891,95.97336468061965,65.52027781080766,104.2787520087502,105.20157282298693,102.43311038027674,95.97336468061965,52.600786411493466,93.20490223790948,72.90284432470148,84.89951490977893,59.06053211115056,111.66131852264402,56.29206966844038,48.909503154546556,107.04721445146039,85.82233572401566,66.44309862504437,89.51361898096256,88.59079816672583,99.66464793756657,116.27542259382766
B02009,99000000359,Synthetic Census Tract 99000000359,1.0,Total:,89.99751225149315,85.81158144909813,+/-82,52.32413502993788,102.55530465867824,85.81158144909813,78.48620254490682,102.55530465867824,51.27765232933912,74.30027174251178,138.135716479036,97.32289115568446,140.22868188023352,147.55406078442482,51.27765232933912,80.57916794610433,74.30027174251178,96.2764084550857,78.48620254490682,93.13696035328942,115.11309706586333,96.2764084550857,122.43847597005464,74.30027174251178,148.60054348502356,59.64951393412918,95.22992575448694,78.48620254490682,109.88068356286955,99.41585655688198,152.7864742874186,106.74123546107327,111.97364896406707,76.3932371437093,99.41585655688198,124.53144137125216,43.952273425147816,98.36937385628322,128.7173721736472,47.09172152694409,57.556548532931664,53.37061773053664,79.53268524550558,57.556548532931664,91.04399495209191,87.90454685029563,110.92716626346831,52.32413502993788,117.20606246706085,108.83420086227079,74.30027174251178,89.99751225149315,85.81158144909813,50.23116962874036,105.69475276047451,104.64827005987576,119.29902786825836,105.69475276047451,100.46233925748072,85.81158144909813,117.20606246706085,99.41585655688198,60.69599663472794,80.57916794610433,78.48620254490682,117.20606246706085,87.90454685029563,104.64827005987576,81.6256506467031,81.6256506467031,52.32413502993788,75.34675444311054,89.99751225149315,86.85806414969689,113.02013166466583,73.25378904191304,136.0427510778385,68.02137553891924,87.90454685029563,141.27516458083227,108.83420086227079,134.99626837723972,72.20730634131428,101.50882195807948
B02009,99000000360,Synthetic Census Tract 99000000360,1.0,Total:,627.3912648399759,217.36390277920424,+/-220,132.3943771473335,685.6843114943988,643.1995486784634,613.5590164812992,533.5295795489559,529.577508589334,626.4032471000704,674.8161163554386,592.8106439432843,572.0622714052694,627.3912648399759,704.4566485526028,553.2899343470654,657.0317970371401,528.5894908494284,582.9304665442296,629.3673003197869,546.373810167727,680.7442227948715,579.9664133245132,647.1516196380853,742.0013226690108,752.8695178079711,585.8945197639459,564.1581294860256,703.4686308126974,578.9783955846077,713.348808211752,674.8161163554386,626.4032471000704,616.5230697010156,695.5644888934536,571.0742536653638,731.1331275300506,635.2954067592196,569.0982181855529,685.6843114943988,561.1940762663091,708.4087195122247,659.9958502568566,709.3967372521302,627.3912648399759,567.1221827057419,624.4272116202594,724.2170033507123,577.9903778447022,681.7322405347769,533.5295795489559,682.7202582746824,619.4871229207321,663.9479212164784,623.439193880354,673.8280986155331,516.7332779705628,783.4980677450408,699.5165598530755,630.3553180596923,565.146147225931,693.5884534136426,667.8999921761003,540.4457037282941,513.7692247508464,545.3857924278216,673.8280986155331,648.1396373779908,587.8705552437569,649.1276551178963,531.5535440691449,537.4816505085778,597.7507326428116,653.0797260775182,661.9718857366674,671.8520631357222,578.9783955846077,592.8106439432843,797.3303161037173,626.4032471000704,620.4751406606375,686.6723292343044,519.6973311902792,630.3553180596923
B02009,99000000361,Synthetic Census Tract 99000000361,1.0,Total:,719.5619814633656,588.1812826006724,+/-582,357.75974921071827,845.8895765236474,858.0170256494345,824.6665405535201,961.1003432186245,493.18293111534047,749.8806042778332,659.9353565949125,969.1853093024826,465.89617058231954,779.1886063318186,719.5619814633656,429.5138232049584,614.4574223732111,674.084047241664,389.0889927856682,686.2114963674511,840.8364727212362,855.99578412847,599.2981109659772,438.6094100492987,792.326676218088,795.3585384995347,692.2752209303447,958.0684809371778,676.1052887626286,452.75810069605024,1110.6722157699983,696.3177039722738,641.7441829062319,887.3250277034199,779.1886063318186,689.2433586488979,638.7123206247852,457.8112044984615,607.3830770498353,987.3764829911631,426.4819609235116,908.5480636735473,905.5162013921005,759.9868118826557,1005.5676566798437,898.4418560687247,821.6346782720733,862.0595086913635,720.5726022238479,613.4468016127288,736.7425343915639,1053.0668324225098,489.14044807341145,704.4026700561318,664.9884603973238,426.4819609235116,801.4222630624282,627.5954922594804,456.80058373797925,682.1690133255221,839.8258519607539,691.2646001698624,496.21479339678723,501.2678971991985,749.8806042778332,696.3177039722738,522.4909331693259,892.3781315058312,618.4999054151401,424.4607194025471,1002.535794398397,807.4859876253217,820.6240575115911,926.7392373622279,1014.663243524184,532.5971407741484,607.3830770498353,423.45009864206486,784.24171013423,964.1322055000713,495.204172636305,863.0701294518458,674.084047241664,654.8822527925013
B02009,99000000362,Synthetic Census Tract 99000000362,1.0,Total:,96.89712529826832,80.40399758792478,+/-78,48.44856264913416,82.46563855171772,134.0066626465413,121.63681686378364,114.42107349050833,91.74302288878596,86.5889204793036,119.57517589999068,121.63681686378364,89.68138192499302,58.75676746809887,76.28071566033888,56.69512650430593,98.95876626206126,126.79091927326598,115.4518939724048,117.51353493619774,85.55809999740713,87.61974096120008,81.43481806982125,59.78758794999534,108.2361505991295,82.46563855171772,106.17450963533656,89.68138192499302,129.8833807189554,116.48271445430127,60.81840843189182,115.4518939724048,92.77384337068243,138.12994457412717,84.52727951551066,115.4518939724048,123.69845782757658,61.84922891378829,42.26363975775533,72.157433732753,110.29779156292244,76.28071566033888,105.14368915344009,65.97251084137417,137.0991240922307,62.88004939568476,76.28071566033888,94.83548433447538,85.55809999740713,137.0991240922307,72.157433732753,84.52727951551066,101.0204072258542,141.2224060198166,86.5889204793036,144.314867465506,130.91420120085186,60.81840843189182,93.8046638525789,92.77384337068243,98.95876626206126,126.79091927326598,97.92794578016479,107.20533011723303,73.18825421464948,116.48271445430127,117.51353493619774,114.42107349050833,107.20533011723303,58.75676746809887,104.11286867154362,81.43481806982125,94.83548433447538,65.97251084137417,124.72927830947305,62.88004939568476,54.633485540512986,119.57517589999068,95.86630481637185,74.21907469654595,99.98958674395773,98.95876626206126,111.32861204481893,129.8833807189554
B02009,99000000363,Synthetic Census Tract 99000000363,1.0,Total:,492.2833605035013,334.75268514238087,+/-306,203.4771223414472,361.0077977025676,499.9411016668891,346.7862783991331,486.8135453867957,464.93428491997344,521.8203621337113,596.2098477209071,502.1290277135713,490.095434456819,368.6655388659554,457.2765437565856,621.3709972577527,613.713256094365,417.89387491630555,536.0418814371459,604.961551907636,440.8670984064689,544.7935856238747,552.4513267872626,351.16213049249757,300.83983141880634,375.2293170060021,386.1689472394132,615.9011821410471,550.2634007405803,517.4445100403469,542.6056595771926,508.692805853618,658.5657400513506,510.8807319003002,468.2161739899968,685.9148156348784,564.4849200440148,397.1085774728244,596.2098477209071,645.4381837712573,417.89387491630555,495.5652495735246,608.2434409776594,653.095924934645,714.3578542417474,527.290177250417,602.7736258609538,531.6660293437814,414.6119858462822,469.3101370133379,410.23613375291774,592.9279586508837,374.13535398266094,606.0555149309771,438.6791723597867,307.403609558853,493.3773235268424,566.672846090697,389.45083630943657,369.75950188929653,601.6796628376127,473.6859891067023,487.9075084101368,555.7332158572859,702.3242609849951,641.0623316778928,629.0287384211405,577.6124763241081,573.2366242307437,573.2366242307437,365.38364979593206,456.1825807332445,489.00147143347795,608.2434409776594,533.8539553904636,383.981021192731,448.52483956985674,542.6056595771926,334.75268514238087,252.70545839179732,537.135844460487,460.55843282660896,517.4445100403469,469.3101370133379
B02009,99000000364,Synthetic Census Tract 99000000364,1.0,Total:,38.39204657002137,54.84578081431625,+/-50,34.004384104876074,44.973540267739324,44.973540267739324,9.872240546576924,18.647565476867523,24.13214355829915,53.748865198029925,49.36120273288462,52.651949581743594,46.07045588402565,54.84578081431625,52.651949581743594,73.49334629118377,62.52419012832052,37.29513095373505,23.035227942012824,51.55503396545727,49.36120273288462,32.90746848858975,32.90746848858975,8.7753249302906,52.651949581743594,42.779709035166675,18.647565476867523,27.422890407158125,10.96915616286325,38.39204657002137,50.458118349170945,31.810552872303422,58.13652766317522,30.713637256017098,48.2642871165983,72.39643067489745,52.651949581743594,36.19821533744872,24.13214355829915,47.16737150031197,32.90746848858975,24.13214355829915,37.29513095373505,18.647565476867523,73.49334629118377,35.1012997211624,30.713637256017098,19.744481093153848,23.035227942012824,34.004384104876074,34.004384104876074,28.51980602344445,39.488962186307695,37.29513095373505,63.621105744606844,59.23344327946155,57.0396120468889,52.651949581743594,20.841396709440176,34.004384104876074,64.71802136089318,38.39204657002137,49.36120273288462,21.9383123257265,53.748865198029925,32.90746848858975,16.453734244294875,7.678409314004274,31.810552872303422,36.19821533744872,44.973540267739324,44.973540267739324,21.9383123257265,38.39204657002137,60.33035889574787,77.88100875632907,54.84578081431625,36.19821533744872,8.7753249302906,30.713637256017098,74.5902619074701,49.36120273288462,38.39204657002137,18.647565476867523
B02009,99000000365,Synthetic Census Tract 99000000365,1.0,Total:,238.4537666252977,128.32451697907587,+/-134,78.52694322600165,299.7430881675429,206.85146020507753,239.41141227439527,172.37621683756458,255.69138830905416,275.80194694010333,292.0819229747622,324.64187504408,260.4796165545421,259.5219709054445,203.0208776086872,211.63968845056542,231.75024708161462,219.30085364334607,285.37840343107916,265.26784480003,234.62318402890736,257.6066796072493,246.11493181807833,260.4796165545421,289.2089860274695,228.87731013432187,180.03738203034524,179.07973638124767,231.75024708161462,186.74090157402833,186.74090157402833,208.76675150327267,282.50546648378645,267.18313609822513,154.18094950471055,200.14794066139444,256.64903395815173,184.82561027583316,282.50546648378645,203.0208776086872,282.50546648378645,261.43726220363965,191.5291298195162,192.4867754686138,223.1314362397364,257.6066796072493,193.44442111771139,222.17379059063882,218.3432079942485,227.9196644852243,207.8091058541751,211.63968845056542,219.30085364334607,287.2936947292743,258.5643252563469,245.15728616898076,274.84430129100576,278.6748838873961,169.50327989027184,260.4796165545421,198.2326493631993,197.2750037141017,271.0137186946155,210.68204280146784,196.31735806500413,226.00437318702913,206.85146020507753,222.17379059063882,306.44660771122597,274.84430129100576,230.79260143251705,280.59017518559125,185.78325592493073,274.84430129100576,296.87015122025014,273.8866556419082,263.3525535018348,316.02306420220174,237.4961209762001,240.36905792349285,224.089081888834,245.15728616898076,264.31019915093236,304.53131641303077
B02009,99000000366,Synthetic Census Tract 99000000366,1.0,Total:,950.4496351347256,568.3856298217577,+/-543,345.4277308309025,900.2056015593216,854.148570781868,818.5590469992901,1015.3481785029558,712.8372263510443,1125.257001949152,851.0083186834052,1139.911511741978,848.91481728443,981.8521561193531,1001.7404194096172,1041.5169459901454,1095.9479823634997,1271.8020998774136,936.841876041387,1040.4701952906578,986.0391589173034,1166.0802792291677,722.2579826464324,1064.5454613788722,896.0185987613713,810.1850414033894,1078.1532204722107,862.5225763777686,1122.1167498506893,791.3435288126129,918.0003634506105,622.816666195112,628.05041969255,857.2888228803307,930.5613718444615,1265.5215956804882,1045.7039487880957,924.2808676475361,773.548766921324,1076.0597190732356,644.7984308843513,994.4131645132042,1155.612772234292,1023.7221840988565,747.3799994341344,699.2294672577057,759.9410078279855,996.5066659121793,1136.7712596435154,975.5716519224276,764.1280106259358,1459.1704750856911,1140.9582624414656,950.4496351347256,1064.5454613788722,1039.4234445911702,815.4187949008274,909.6263578547098,1038.3766938916826,1210.0438086076463,796.5772823100508,1088.6207274670867,860.4290749787934,1034.1896910937323,1147.2387666383913,1016.3949292024433,939.9821281398498,942.075629538825,1131.5375061460775,780.8760218177371,938.9353774403622,867.7563298752066,739.0059938382337,751.5670022320847,865.6628284762313,1210.0438086076463,1284.3631082712648,992.3196631142289,497.2065822566021,934.7483746424118,762.0345092269606,796.5772823100508,913.8133606526602,933.7016239429242
B02009,99000000367,Synthetic Census Tract 99000000367,1.0,Total:,118.64962795733707,104.99967075870538,+/-100,64.04979916281027,122.8496147876853,144.8995456470134,136.499571986317,87.14972672972546,75.59976294626787,93.44970697524778,152.2495226001228,133.34958186355584,123.89961149527234,140.69955881666522,150.14952918494868,86.0997300221384,154.3495160152969,97.649693805596,86.0997300221384,159.59949955323216,66.14979257798439,116.54963454216296,140.69955881666522,128.09959832562055,121.79961808009824,130.19959174079466,159.59949955323216,113.39964441940181,101.84968063594421,89.24972014489957,196.34938431877904,179.54943699738618,72.4497728235067,97.649693805596,136.499571986317,94.49970368283483,121.79961808009824,74.54976623868082,79.79974977661608,133.34958186355584,106.04966746629243,142.7995522318393,158.54950284564512,120.74962137251119,137.54956869390404,143.84954893942637,68.2497859931585,96.59969709800895,162.74948967599335,93.44970697524778,124.9496082028594,89.24972014489957,76.64975965385493,114.44964112698887,64.04979916281027,151.19952589253575,158.54950284564512,166.94947650634154,152.2495226001228,157.49950613805805,156.449509430471,83.9997366069643,167.9994732139286,134.39957857114288,115.49963783457592,143.84954893942637,98.69969051318306,87.14972672972546,145.94954235460048,95.54970039042189,94.49970368283483,85.04973331455136,112.34964771181475,102.89967734353127,107.09966417387949,177.4494435822121,123.89961149527234,165.8994797987545,133.34958186355584,119.69962466492413,160.64949626081923,52.49983537935269,133.34958186355584,130.19959174079466
B02009,99000000368,Synthetic Census Tract 99000000368,1.0,Total:,426.49137179554833,416.79838607292226,+/-430,253.9562259328038,328.59221599702477,312.1141402685604,460.41682182473966,400.3203103444579,523.4212290218093,384.81153318825613,290.789571678783,313.08343884082296,583.5177405020911,230.69306019850114,267.5264059444803,349.9167845868022,470.1098075473658,647.4914462714233,612.5966976699694,236.5088516320768,536.0221104612233,665.9081191444129,433.2764618013866,256.8641216495916,321.80712599118647,573.824754779465,357.67117316490305,290.789571678783,200.64480445836023,626.1668776816459,333.4387088583378,598.0572190860303,425.5220732232857,495.3115704261936,498.21946614298145,483.67998755904233,328.59221599702477,378.02644318241784,434.2457603736492,664.9388205721503,324.7150217079743,466.2326132583153,410.01329606708396,270.43430166126814,611.6273990977069,290.789571678783,616.4738919590199,463.3247175415275,378.99574175468047,254.9255245050664,433.2764618013866,344.1009931532265,280.12728738389427,523.4212290218093,538.9300061780111,466.2326132583153,512.7589447269206,251.04833021601596,371.2413531765796,392.565921766357,429.39926751233617,444.9080446685379,478.8334946977293,645.5528491268982,160.90356299559323,523.4212290218093,410.01329606708396,443.93874609627534,497.2501675707189,425.5220732232857,529.2370204553849,266.55710737221773,435.21505894591184,276.2500930948438,241.35534449338985,617.4431905312824,494.34227185393104,639.7370576933225,619.3817876758077,378.99574175468047,348.94748601453955,347.9781874422769,494.34227185393104,313.08343884082296
B02009,99000000369,Synthetic Census Tract 99000000369,1.0,Total:,148.88860675062793,99.87558713706717,+/-108,61.03508102820772,127.6188057862525,193.27775658932444,141.49041511084516,125.76925787630681,150.7381546605736,171.08318166997617,164.60976398516627,125.76925787630681,119.29584019149691,106.34900482187709,122.99493601138828,112.82242250668699,161.83544212024773,184.030017039596,138.71609324592663,158.13634630035637,143.33996302079086,149.81338070560076,141.49041511084516,125.76925787630681,145.18951093073653,94.3269434072301,169.2336337600305,167.3840858500848,148.88860675062793,181.25569517467747,81.38010803761028,173.8575035348947,180.3309212197046,125.76925787630681,169.2336337600305,147.03905884068223,131.31790160614386,150.7381546605736,121.14538810144259,122.07016205641544,180.3309212197046,150.7381546605736,141.49041511084516,113.74719646165984,131.31790160614386,140.56564115587233,123.91970996636113,197.90162636418867,147.03905884068223,166.45931189511197,184.95479099456884,98.95081318209434,171.08318166997617,232.11826269818388,117.44629228155121,121.14538810144259,170.15840771500334,161.83544212024773,203.4502700940257,99.87558713706717,114.67197041663267,166.45931189511197,120.22061414646974,120.22061414646974,183.10524308462314,157.2115723453835,183.10524308462314,103.57468295695855,113.74719646165984,123.91970996636113,140.56564115587233,174.78227748986757,137.7913192909538,113.74719646165984,145.18951093073653,153.51247652549213,123.91970996636113,119.29584019149691,132.24267556111673,153.51247652549213,159.0611202553292,120.22061414646974,217.32187941861838,220.0962012835369
B02009,99000000370,Synthetic Census Tract 99000000370,1.0,Total:,264.2831130886289,159.84133300205735,+/-176,97.1762649501144,302.42706755502894,265.19130248068603,269.73224944097177,255.20121916805746,188.90339354788594,225.23096923017172,215.24088591754312,273.3650070092003,325.13180235645757,286.07965849800036,248.84389342365745,306.9680145153147,260.65035552040035,220.690022269886,205.25080260491455,281.5387115377146,272.4568176171432,260.65035552040035,277.90595396948606,247.93570403160032,254.2930297760003,247.02751463954317,260.65035552040035,186.1788253717145,271.5486282250861,270.6404388330289,222.5064010540003,270.6404388330289,327.856370532629,321.49904478822896,240.67018889514316,300.61068877091463,330.58093870880043,247.02751463954317,148.03487090531448,261.5585449124575,383.25592344811474,248.84389342365745,236.12924193485745,247.02751463954317,227.047348014286,237.03743132691457,333.30550688497186,364.1839462149147,408.6852264257148,227.047348014286,293.3451736344575,296.06974181062895,266.0994918727432,262.4667343045146,179.82149962731452,158.02495421794305,236.12924193485745,257.9257873442289,276.08957518537176,251.56846159982888,191.62796172405737,247.93570403160032,306.9680145153147,320.59085539617183,197.07709807640023,247.93570403160032,326.9481811405718,309.6925826914861,356.01024168640043,281.5387115377146,226.13915862222885,241.5783782872003,250.66027220777175,250.66027220777175,168.01503753057165,215.24088591754312,219.78183287782883,223.41459044605742,264.2831130886289,226.13915862222885,268.82406004891465,271.5486282250861,315.14171904382897,228.86372679840028
B02009,99000000371,Synthetic Census Tract 99000000371,1.0,Total:,721.9405398459917,214.26013097768467,+/-203,130.87810956272364,640.6694556820423,688.165543829805,741.9944437306026,757.8264731131901,662.834296817665,735.6616319775676,786.3241260018477,666.0007026941825,806.3780298864586,709.2749163399217,672.3335144472175,694.49835558284,713.4967908419451,753.6045986111668,734.6061633520618,726.1624143480151,702.9421045868867,768.3811593682485,803.2116240099411,637.5030498055248,730.3842888500384,673.3889830727232,698.7202300848634,699.7756987103692,643.8358615585598,693.4428869573342,730.3842888500384,702.9421045868867,718.7741339694742,686.0546065787934,711.3858535909334,771.547565244766,887.649114050408,705.0530418378984,572.0639950241631,822.2100592690462,674.4444516982292,657.5569536901357,754.6600672366726,693.4428869573342,746.216318232626,783.1577201253302,643.8358615585598,612.1718027933848,754.6600672366726,682.8882007022758,750.4381927346493,842.2639631536571,674.4444516982292,721.9405398459917,782.1022514998244,781.0467828743185,759.9374103642018,662.834296817665,658.6124223156415,727.2178829735209,672.3335144472175,565.731183271128,664.9452340686765,688.165543829805,617.449145920914,850.7077121577037,694.49835558284,730.3842888500384,809.5444357629761,730.3842888500384,838.0420886516337,701.8866359613809,746.216318232626,766.2702221172368,714.5522594674509,613.2272714188906,782.1022514998244,797.9342808824119,786.3241260018477,561.5093087691047,658.6124223156415,732.4952261010501,621.6710204229373,686.0546065787934
B02009,99000000372,Synthetic Census Tract 99000000372,1.0,Total:,24.948498709084532,39.91759793453525,+/-40,23.95055876072115,7.98351958690705,44.90729767635216,24.948498709084532,24.948498709084532,34.927898192718345,9.979399483633813,33.929958244354964,26.944378605811295,30.93613839926482,5.987639690180288,20.956738915631007,8.981459535270432,6.985579638543669,38.91965798617187,40.91553788289863,32.93201829599158,16.964979122177482,20.956738915631007,31.9340783476282,7.98351958690705,41.913477831262014,6.985579638543669,30.93613839926482,24.948498709084532,25.946438657447914,40.91553788289863,8.981459535270432,27.942318554174676,18.960859018904245,38.91965798617187,30.93613839926482,41.913477831262014,42.911417779625395,6.985579638543669,11.975279380360575,23.95055876072115,26.944378605811295,20.956738915631007,21.95467886399439,35.92583814108173,8.981459535270432,31.9340783476282,24.948498709084532,28.940258502538057,27.942318554174676,8.981459535270432,46.90317757307892,26.944378605811295,19.958798967267626,7.98351958690705,24.948498709084532,11.975279380360575,7.98351958690705,36.92377808944511,59.87639690180288,22.95261881235777,28.940258502538057,20.956738915631007,16.964979122177482,7.98351958690705,40.91553788289863,9.979399483633813,21.95467886399439,28.940258502538057,23.95055876072115,36.92377808944511,6.985579638543669,27.942318554174676,27.942318554174676,39.91759793453525,19.958798967267626,32.93201829599158,43.90935772798878,8.981459535270432,7.98351958690705,26.944378605811295,26.944378605811295,26.944378605811295,32.93201829599158,34.927898192718345
B02009,99000000373,Synthetic Census Tract 99000000373,1.0,Total:,752.6161112547039,380.6964877629479,+/-347,231.4897951526859,582.5643660003612,647.2937400004014,633.0313355597145,810.7628370513502,583.6614740342602,529.9031803732099,636.3226596614115,572.6903936952704,656.0706042715932,865.6182387462994,660.4590364071892,644.0024158987044,821.73391739034,678.012764949573,697.7607095597547,705.4404657970476,803.0830808140573,733.9652746784212,635.2255516275126,803.0830808140573,831.6078896954309,970.9406100006021,718.6057622038354,979.7174742717939,720.7999782716333,807.4715129496533,676.9156569156739,808.5686209835523,846.9674021700167,1080.6514133905007,720.7999782716333,624.2544712885227,724.0913023733303,705.4404657970476,717.5086541699364,981.9116903395919,753.713219288603,1034.5728759667431,843.6760780683197,879.8806431869863,899.628587797168,656.0706042715932,849.1616182378147,741.6450309157141,760.2958674919969,803.0830808140573,811.8599450852491,896.337263695471,806.3744049157542,754.810327322502,855.7442664412085,911.6967761700569,821.73391739034,838.1905378988248,862.3269146446025,686.7896292207648,792.1120004750675,709.8288979326435,718.6057622038354,619.8660391529268,821.73391739034,648.3908480343003,743.8392469835121,624.2544712885227,671.430116746179,787.7235683394715,606.7007427461389,905.114127966663,629.7400114580176,672.5272247800781,757.0045433902999,589.1470142037551,505.76680362743224,669.2359006783811,739.4508148479161,713.1202220343405,568.3019615596744,785.5293522716735,695.5664934919567,780.0438121021785
B02009,99000000374,Synthetic Census Tract 99000000374,1.0,Total:,1038.6724470357121,417.05777032026685,+/-420,254.20664095711504,1005.9036222248342,976.1137814876722,989.0227124737758,1140.9509002333016,1313.7319765088407,939.3729779118391,1015.8335691372214,1136.9789214683465,1107.1890807311847,1233.2994065185035,1160.810794058076,1186.628656030283,973.134797413956,905.6111584097223,1036.6864576532348,943.3449566767941,931.4290203819294,884.758269893709,1017.819558519699,1002.924638151118,1086.3361922151714,1165.7757675142698,1195.5656082514317,1242.2363587396521,787.4447901523134,971.1488080314786,1381.2556155130744,1060.5183302429643,836.1015300230112,1015.8335691372214,988.029717782537,939.3729779118391,830.1435618755788,1184.6426666478058,1003.9176328423566,860.9263973039795,1174.7127197354184,917.5270947045871,905.6111584097223,1019.8055479021764,970.1558133402398,949.3029248242265,759.6409387976289,1021.7915372846538,789.4307795347909,1020.798542593415,1041.6514311094284,990.0157071650144,1123.0769957910043,1156.8388152931211,877.8073070550379,917.5270947045871,889.7232433499026,1090.3081709801263,1019.8055479021764,1182.6566772653282,1127.0489745559594,1241.2433640484132,1194.5726135601928,1186.628656030283,1172.7267303529409,965.1908398840462,960.2258664278526,1063.4973143166806,1132.013948012153,1040.6584364181897,903.6251690272449,1163.7897781317922,1071.4412718465903,953.2749035891813,884.758269893709,1027.7495054320862,1167.7617568967473,1200.5305817076253,1076.406245302784,946.3239407505102,853.9754344653084,1047.6093992568608,1084.3502028326939,1001.9316434598792
B02009,99000000375,Synthetic Census Tract 99000000375,1.0,Total:,268.41793197461817,208.16084520480592,+/-190,125.99209051869832,344.01318628583715,388.93210551424266,209.2564286006207,304.5721840365055,203.77851162154687,264.0355983913591,336.3441025151338,199.3961780382878,348.39551986909623,123.80092372706879,288.138433099284,329.77060214024516,367.0204375979473,304.5721840365055,285.94726630765444,192.8226776633992,197.20501124665824,397.6967726807608,285.94726630765444,244.31509726669327,330.86618553605996,227.88134632947174,191.72709426758442,202.6829282257321,155.57284220569707,321.00593497372705,230.07251312110128,205.96967841317638,306.76335082813506,199.3961780382878,376.8806881602802,313.3368512030237,242.12393047506373,305.66776743232026,214.73434557969455,144.6170082475494,287.04284970346924,365.9248542021325,271.70468216206245,339.63085270257807,291.4251832867283,375.7851047644654,267.3223485788034,265.1311817871739,259.6532648081,296.90310026580215,338.5352693067633,188.4403440801401,276.08701574532154,123.80092372706879,267.3223485788034,306.76335082813506,260.7488482039148,302.381017244876,316.62360139046797,243.2195138708785,189.53592747595488,283.7560995160249,334.15293572350424,272.80026555787725,363.73368741050297,248.69743084995235,228.9769297252865,226.785762933657,265.1311817871739,232.26367991273082,223.49901274621268,197.20501124665824,139.13909126847554,227.88134632947174,305.66776743232026,333.0573523276895,256.3665146206557,239.9327636834342,262.94001499554435,210.35201199643546,281.56493272439536,266.22676518298863,317.7191847862827,208.16084520480592
B02009,99000000376,Synthetic Census Tract 99000000376,1.0,Total:,85.46142243817664,108.05467204826932,+/-110,65.8151184294004,119.84245445353507,36.345662416236046,136.54181286099487,124.75403045572912,90.37299844037071,105.10772644695288,89.39068323993189,45.186499220185354,55.991966425012286,70.72669443159447,98.2315200438812,119.84245445353507,108.05467204826932,31.434086414041985,92.33762884124833,32.4164016144808,94.30225924212596,48.13344482150179,28.48714081272555,95.28457444256478,91.35531364080953,50.098075222379414,106.0900416473917,123.77171525529032,93.31994404168714,100.19615044475883,80.54984643598259,56.9742816254511,90.37299844037071,105.10772644695288,88.40836803949308,125.73634565616794,125.73634565616794,47.15112962106298,91.35531364080953,41.257238418430106,85.46142243817664,117.87782405265745,61.88585762764516,79.56753123554378,96.26688964300358,48.13344482150179,104.12541124651408,162.082008072404,119.84245445353507,98.2315200438812,55.009651224573474,31.434086414041985,121.8070848544127,103.14309604607527,72.69132483247209,107.07235684783052,107.07235684783052,58.93891202632872,55.991966425012286,52.06270562325704,139.4887584623113,94.30225924212596,51.080390422818226,59.921227226767535,73.6736400329109,50.098075222379414,91.35531364080953,116.89550885221863,73.6736400329109,47.15112962106298,109.03698724870813,39.29260801755248,55.991966425012286,149.31191046669943,71.70900963203329,162.082008072404,96.26688964300358,28.48714081272555,127.70097605704557,51.080390422818226,93.31994404168714,96.26688964300358,32.4164016144808,85.46142243817664
B02009,99000000377,Synthetic Census Tract 99000000377,1.0,Total:,248.80306107631873,217.04096817295888,+/-205,132.34205376399933,214.9234953127349,199.042448861055,281.62389040979053,236.0982239149748,257.27295251721466,208.57107673206292,312.3272468830384,218.09970460307088,157.7517280866872,297.50493686147047,308.09230116259045,182.10266597926307,226.56959604396684,310.20977402281443,217.04096817295888,114.34353445209541,245.62685178598275,238.21569677519878,241.39190606553476,265.74284395811065,246.68558821609474,301.73988258191844,215.9822317428469,317.6209290335984,191.63129385027102,229.74580533430282,202.21865815139097,330.32576619494233,328.20829333471835,188.45508455993505,132.34205376399933,325.0320840443823,272.0952625387826,226.56959604396684,321.85587475404634,448.9042463674857,291.1525182807985,341.97186692617424,193.748766710495,283.7413632700146,277.38894468934257,269.9777896785586,239.27443320531077,290.0937818506865,237.1569603450868,230.8045417644148,186.33761169971103,386.438796990878,363.14659552841414,124.93089875321536,170.45656524803113,381.14511484031806,298.56367329158246,204.33613101161495,283.7413632700146,382.20385127043005,187.39634812982305,300.68114615180644,262.5666346677747,265.74284395811065,227.62833247407883,207.51234030195093,308.09230116259045,204.33613101161495,311.2685104529264,317.6209290335984,280.56515397967854,125.98963518332735,137.6357359145593,309.15103759270244,335.6194483455023,173.6327745383671,235.0394874848628,243.50937892575877,222.33465032351887,154.57551879635122,276.3302082592306,249.86179750643072,269.9777896785586,282.6826268399026
B02009,99000000378,Synthetic Census Tract 99000000378,1.0,Total:,1534.080528515539,406.21498752682834,+/-443,246.66327685037655,1388.2832756560226,1561.58944414941,1558.8385525860228,1427.7127213979045,1657.8706488679584,1693.6322391919907,1490.0662635013455,1459.8064563040873,1576.2608658208078,1375.4457816935496,1616.6072754171519,1715.6393716990874,1311.258311881184,1374.5288178390872,1659.7045765768833,1626.693877816238,1503.820721318281,1430.4636129612916,1562.5064080038724,1634.0295886519368,1473.5609141210227,1475.3948418299476,1573.5099742574207,1552.4198056047862,1566.174263421722,1738.5634680606468,1604.686745309141,1272.7458299937646,1568.925154985109,1406.62255274527,1455.2216370317756,1580.8456850931198,1536.8314200789262,1388.2832756560226,1502.9037574638185,1639.5313717787112,1325.0127696981194,1511.1564321539797,1720.2241909713994,1645.9501187599476,1391.9511310738721,1637.6974440697863,1645.0331549054854,1407.5395165997325,1615.6903115626897,1643.1992271965605,1650.5349380322596,1480.8966249567218,1532.2466008066142,1442.3841430693024,1599.184962182367,1638.6144079242488,1654.2027934501089,1625.7769139617756,1381.8645286747862,1489.149299646883,1309.4243841722591,1424.044865980055,1596.4340706189798,1514.8242875718292,1545.0840947690874,1608.3546007269906,1633.1126247974746,1224.1467457072592,1536.8314200789262,1474.4778779754852,1497.4019743370443,1553.3367694592487,1651.4519018867218,1440.5502153603777,1477.2287695388723,1748.6500704597327,1710.1375885723132,1695.4661669009154,1303.0056371910227,1408.4564804541947,1611.1054922903777,1406.62255274527,1637.6974440697863,1837.5955643425823
B02009,99000000379,Synthetic Census Tract 99000000379,1.0,Total:,2623.7846275614997,815.9515200162351,+/-807,496.44633993552844,2669.2837829527393,2490.3204384138626,2178.903997069376,3009.010809873997,2650.073028454216,2879.5909900944703,2119.2495488897507,2559.0747176717364,2885.6575441466357,2543.908332541323,2420.5550668139613,2629.8511816136647,2499.4202694921105,2877.5688054104153,2773.4262941815773,2601.5405960368935,2423.588343840044,2639.9621050339406,2683.439075741125,2650.073028454216,2198.1147515679,2674.3392446628773,3052.487780581182,2509.531192912386,2447.8545600487055,2904.8682986451595,2790.6148639960456,2601.5405960368935,2771.4041094975223,2401.344312315438,2486.2760690457526,2400.3332199734105,2401.344312315438,2385.166834842997,2586.37421090648,2350.7896952140604,3145.5082760477167,2352.8118798981154,2449.8767447327605,2551.9970712775435,2343.7120488198675,2655.128490164354,2608.6182424310864,2636.9288280078576,2185.981643463569,2637.939920349885,3036.310303108741,2755.2266320250815,2448.865652390733,3004.966440505887,2672.3170599788223,2467.065314547229,2119.2495488897507,2443.810190680595,2791.625956338073,2353.822972240143,2699.616553213566,2870.4911590162224,2286.079785324297,2130.3715646520536,2708.716384291814,3013.0551792421074,2807.803433810514,2821.9587265989,2502.4535465181934,2716.8051230280344,2140.4824880723295,2662.2061365585464,2487.28716138778,2472.1207762573667,3223.3623863838384,2606.5960577470314,2756.237724367109,2498.409177150083,2842.180573439451,2804.7701567844315,2255.7470150634704,2928.123422511793,2457.965483468981,2521.6643010167168
B02009,99000000380,Synthetic Census Tract 99000000380,1.0,Total:,125.1286109728631,124.06819901546595,+/-117,75.28924897519728,102.85995986752306,76.34966093259443,142.09520229121742,127.24943488765739,108.16201965450878,206.78033169244324,166.48467731135176,125.1286109728631,98.61831203793447,170.72632514094033,90.13501637875731,88.01419246396303,132.55149467464312,103.9203718249202,182.39085667230893,217.38445126641471,56.20183374204868,107.10160769711163,94.3766642083459,141.03479033382027,135.73273054683455,165.4242653539546,81.65172071958015,64.68512940122584,65.74554135862299,171.78673709833748,137.85355446162885,98.61831203793447,150.57849795039456,104.98078378231735,104.98078378231735,132.55149467464312,167.54508926874888,176.02838492792606,132.55149467464312,143.15561424861457,96.49748812314019,158.0013816521746,76.34966093259443,151.6389099077917,101.79954791012591,85.89336854916874,107.10160769711163,153.759733822586,129.37025880245167,168.60550122614603,129.37025880245167,81.65172071958015,85.89336854916874,159.06179360957174,82.7121326769773,115.58490335628879,127.24943488765739,118.76613922848023,165.4242653539546,197.23662407586895,89.07460442136016,121.94737510067166,102.85995986752306,104.98078378231735,156.94096969477744,200.4178599480604,79.53089680478587,76.34966093259443,68.92677723081442,149.51808599299744,144.2160262060117,83.77254463437444,127.24943488765739,151.6389099077917,110.28284356930307,142.09520229121742,164.36385339655746,202.53868386285467,119.82655118587738,149.51808599299744,116.64531531368594,159.06179360957174,64.68512940122584,167.54508926874888
B02009,99000000381,Synthetic Census Tract 99000000381,1.0,Total:,7.5945823341078444,18.443985668547622,+/-17,10.849403334439778,6.509642000663867,6.509642000663867,8.679522667551822,3.2548210003319333,5.424701667219889,3.2548210003319333,17.359045335103644,9.7644630009958,4.339761333775911,2.1698806668879556,9.7644630009958,8.679522667551822,7.5945823341078444,7.5945823341078444,5.424701667219889,9.7644630009958,8.679522667551822,3.2548210003319333,14.104224334771711,17.359045335103644,6.509642000663867,13.019284001327733,8.679522667551822,4.339761333775911,5.424701667219889,2.1698806668879556,21.698806668879556,10.849403334439778,2.1698806668879556,3.2548210003319333,8.679522667551822,7.5945823341078444,14.104224334771711,6.509642000663867,8.679522667551822,8.679522667551822,5.424701667219889,1.0849403334439778,15.189164668215689,7.5945823341078444,6.509642000663867,27.123508336099444,6.509642000663867,2.1698806668879556,14.104224334771711,4.339761333775911,10.849403334439778,5.424701667219889,3.2548210003319333,3.2548210003319333,6.509642000663867,6.509642000663867,6.509642000663867,8.679522667551822,7.5945823341078444,15.189164668215689,8.679522667551822,2.1698806668879556,15.189164668215689,9.7644630009958,16.274105001659667,17.359045335103644,6.509642000663867,2.1698806668879556,8.679522667551822,2.1698806668879556,9.7644630009958,6.509642000663867,2.1698806668879556,3.2548210003319333,6.509642000663867,6.509642000663867,6.509642000663867,7.5945823341078444,10.849403334439778,23.86868733576751,13.019284001327733,2.1698806668879556,11.934343667883756,22.783747002323533
B02009,99000000382,Synthetic Census Tract 99000000382,1.0,Total:,77.70971312301451,83.03229621363194,+/-78,51.09679766992735,60.67744723303873,69.19358017802662,85.1613294498789,46.838731197433404,111.77424490296607,41.51614810681597,87.29036268612589,103.25811195797819,105.38714519422516,85.1613294498789,120.29037784795396,95.80649563111378,47.90324781555689,59.61293061491524,93.67746239486681,64.93551370553267,57.48389737866827,57.48389737866827,109.6452116667191,97.93552886736074,77.70971312301451,83.03229621363194,90.48391254049635,79.83874635926148,22.354848980593214,116.03231137546003,90.48391254049635,66.00003032365616,58.54841399679175,107.51617843047212,26.61291545308716,48.96776443368037,103.25811195797819,106.45166181234865,68.12906355990313,104.32262857610166,77.70971312301451,84.09681283175543,63.87099708740919,55.35486414242129,79.83874635926148,68.12906355990313,96.87101224923727,54.29034752429781,139.4516769741767,68.12906355990313,74.51616326864405,90.48391254049635,101.1290787217312,91.54842915861983,113.90327813921304,99.00004548548424,42.58066472493945,50.032281051803864,107.51617843047212,73.45164665052056,59.61293061491524,46.838731197433404,77.70971312301451,99.00004548548424,80.90326297738497,70.2580967961501,71.32261341427359,89.41939592237286,34.064531779951565,117.0968279935835,66.00003032365616,60.67744723303873,39.387114870569,85.1613294498789,24.483882216840186,41.51614810681597,106.45166181234865,97.93552886736074,74.51616326864405,113.90327813921304,103.25811195797819,90.48391254049635,67.06454694177964,38.32259825244551
B02009,99000000383,Synthetic Census Tract 99000000383,1.0,Total:,0.0,12.703518036163288,+/-14,8.166547308962114,0.0,0.0,0.0,0.0,0.0,0.0,0.0,0.0,0.0,0.0,0.0,0.0,0.0,0.0,0.0,0.0,0.0,0.0,0.0,0.0,0.0,0.0,0.0,0.0,0.0,0.0,0.0,0.0,0.0,0.0,0.0,0.0,0.0,0.0,0.0,0.0,0.0,0.0,0.0,0.0,0.0,0.0,0.0,0.0,0.0,0.0,0.0,0.0,0.0,0.0,0.0,0.0,0.0,0.0,0.0,0.0,0.0,0.0,0.0,0.0,0.0,0.0,0.0,0.0,0.0,0.0,0.0,0.0,0.0,0.0,0.0,0.0,0.0,0.0,0.0,0.0,0.0,0.0,0.0,0.0
B02009,99000000384,Synthetic Census Tract 99000000384,1.0,Total:,585.6988214250695,365.4526755980051,+/-375,222.1952267635871,524.3027719246046,681.2037873146814,477.52482944805996,647.0948709255343,658.7893565446705,432.695967908038,542.8190408215702,695.8218943386016,657.8148160764091,608.1132521950805,740.6507558786236,631.5022234333528,463.88126289240114,476.5502889797986,636.3749257746595,638.3240067111822,537.9463384802635,510.6592053689458,604.215090322035,611.0368735998645,557.4371478454905,644.1712495207503,669.5093016955453,777.6832936725548,346.9364067010395,624.6804401555233,557.4371478454905,597.3933070442056,486.2956936624121,498.9647197498096,457.05947961457167,436.5941297810834,615.9095759411713,744.548917751669,447.3140749319582,633.4513043698755,573.029795337672,619.8077378142166,532.0990956706954,391.76526824106145,312.82749031189235,473.6266675750146,635.4003853063982,643.1967090524889,680.2292468464201,423.9251036936859,644.1712495207503,541.8445003533088,644.1712495207503,498.9647197498096,703.6182180846924,710.4400013625219,382.99440402670933,517.4809886467752,548.6662836311383,525.277312392866,638.3240067111822,544.7681217580929,783.5305364821229,723.1090274499194,640.2730876477049,516.5064481785139,494.09201740850284,546.7172026946156,456.0849391463103,731.8798916642716,583.7497404885468,527.2263933293887,482.3975317893667,547.691743162877,480.448450852844,444.3904535271742,805.9449672521339,780.6069150773388,669.5093016955453,677.305625441636,583.7497404885468,605.1896307902964,327.4455973358126,408.3324562015043
B02009,99000000385,Synthetic Census Tract 99000000385,1.0,Total:,104.62006486321857,111.89798241892075,+/-123,68.23047708470777,90.97396944627702,107.34928394660689,52.76490227884067,156.4752274475965,122.81485875247398,110.98824272445798,104.62006486321857,68.23047708470777,58.223340445617296,125.5440778358623,98.25188700197918,141.0096526417294,110.0785030299952,160.11418622544755,87.33501066842595,97.34214730751641,100.9811060853675,57.313600751154524,112.8077221133835,126.45381753032507,140.09991294726663,66.41099769578223,91.8837091407398,125.5440778358623,116.44668089123459,56.40386105669175,52.76490227884067,114.62720150230905,119.17589997462291,141.91939233619215,65.50125800131946,152.8362686697454,67.320737390245,106.43954425214412,156.4752274475965,120.99537936354844,144.64861141958048,89.15449005735148,46.396724417601284,110.98824272445798,119.17589997462291,55.49412136222899,156.4752274475965,53.674641973303444,55.49412136222899,142.82913203065493,120.99537936354844,179.21871980916575,159.2044465309848,75.50839464040993,114.62720150230905,83.69605189057486,107.34928394660689,60.952559529005605,110.0785030299952,135.55121447495276,106.43954425214412,151.92652897528262,80.96683280718655,76.4181343348727,60.952559529005605,121.90511905801121,101.89084577983027,113.71746180784628,120.99537936354844,131.0025160026389,135.55121447495276,91.8837091407398,75.50839464040993,83.69605189057486,149.19730989189432,64.59151830685668,131.0025160026389,84.60579158503764,50.035683195452364,83.69605189057486,60.952559529005605,133.73173508602721,182.85767858701684,90.97396944627702
B02009,99000000386,Synthetic Census Tract 99000000386,1.0,Total:,116.15391373608686,94.02935873873699,+/-102,57.15510040982052,142.8877510245513,112.46648790319522,80.20151186539331,134.5910429005451,170.54344477123865,156.71559789789498,84.81079415650787,131.82547352587636,113.38834436141813,63.608095617380904,157.6374543561179,137.35661227521382,81.12336832361622,79.2796554071704,58.07695686804343,104.16977977918901,132.74732998409928,82.04522478183914,119.84133956897851,115.23205727786396,148.41888977388876,102.32606686274319,121.68505248542434,45.17096645292267,87.57636353117661,144.73146394099712,149.34074623211168,135.512899358768,104.16977977918901,144.73146394099712,47.936535827591406,117.07577019430978,152.1063156067804,135.512899358768,123.52876540187016,117.99762665253269,94.02935873873699,113.38834436141813,141.04403810810547,123.52876540187016,117.99762665253269,80.20151186539331,111.54463144497231,137.35661227521382,135.512899358768,114.31020081964104,128.1380476929847,136.43475581699093,132.74732998409928,106.01349269563484,132.74732998409928,123.52876540187016,132.74732998409928,84.81079415650787,60.84252624271217,142.8877510245513,148.41888977388876,74.67037311605584,104.16977977918901,109.70091852852649,127.21619123476181,94.02935873873699,98.63864102985154,76.51408603250167,38.717971245362286,117.99762665253269,121.68505248542434,133.66918644232217,71.90480374138711,124.45062186009307,99.56049748807446,122.60690894364724,141.04403810810547,122.60690894364724,149.34074623211168,89.42007644762242,88.49821998939952,111.54463144497231,140.12218164988258,98.63864102985154
B02009,99000000387,Synthetic Census Tract 99000000387,1.0,Total:,366.4116385096579,249.44973130177277,+/-241,151.11892435709055,346.7454771207215,391.2531055272618,380.9024942699269,370.55188301259193,409.8842057904648,304.3079709656481,421.26987817353324,311.55339884578257,259.8003425591077,357.09608837805644,431.62048943086825,258.76528143337424,378.83237201845986,273.2561371936432,366.4116385096579,379.8674331441934,361.23633288099046,515.4604406152815,323.9741323545845,375.7271886412594,508.215012735147,207.0122251466994,308.4482154685821,481.3034234660761,424.37506155073373,505.1098293579465,280.50156507377767,374.6921275155259,312.5884599715161,362.27139400672394,298.09760421124713,490.61897359767755,433.6906116823352,395.39335003019585,319.83388785165056,196.66161388936442,404.7089001617973,266.0107093135087,314.65858222298306,357.09608837805644,291.88723745684615,502.00464598074603,423.34000042500026,294.99242083404664,343.640293743521,267.04577043924223,486.4787290947436,322.93907122885105,328.11437685751855,313.6235210972496,385.04273877286084,196.66161388936442,260.83540368484125,284.64180957671164,436.7957950595357,460.60220095140613,381.93755539566035,437.8308561852692,357.09608837805644,342.60523261778746,494.7592181006115,248.41467017603927,313.6235210972496,402.6387779103303,392.28816665299536,393.32322777872884,299.1326653369806,407.8140835389978,401.6037167845968,317.76376560018355,282.5716873252447,381.93755539566035,426.44518380220075,466.8125677058071,353.99090500085595,263.94058706204174,408.8491446647313,273.2561371936432,350.88572162365546,329.149437983252
B02009,99000000388,Synthetic Census Tract 99000000388,1.0,Total:,992.6043605777475,360.75746718476955,+/-346,218.95684424509133,1020.7559548378306,930.0452622220071,978.0072376280747,938.3864753361057,942.5570818931551,837.2492663276588,1020.7559548378306,1097.9121761432436,1040.566335983815,1066.6326269653734,1087.4856597506202,1032.2251228697164,1072.8885368009476,966.538069596189,1049.9502007371761,964.4527663176642,787.2019876430664,1120.8505122070153,1133.3623318781633,1020.7559548378306,1062.4620204083242,805.9697171497886,979.049889267337,1018.670651559306,1130.2343769603763,1142.7461966315243,978.0072376280747,909.1922294367603,884.1685900944641,706.9178114198663,1017.6279999200435,970.7086761532382,914.405487633072,1048.9075490979137,948.8129917287291,1000.9455736918461,1071.8458851616851,1103.1254343395553,869.5714671447913,873.7420737018407,930.0452622220071,931.0879138612694,1261.6084835074312,764.263651579295,1038.4810327052903,1116.6799056499658,886.2538933729887,1098.954827782506,1189.6655203983296,991.561708938485,915.4481392723343,890.4244999300381,1043.694290901602,1123.9784671248021,1191.7508236768542,970.7086761532382,1144.831499910049,1106.2533892573424,986.3484507421733,972.793979431763,1046.822245819389,897.7230614048746,1035.3530777875033,893.5524548478252,960.2821597606148,985.305799102911,1079.1444466365217,1072.8885368009476,1157.3433195811972,1054.1208072942254,848.7184343595445,838.2919179669211,1028.054516312667,776.775471250443,1017.6279999200435,955.0689015643031,968.6233728747136,843.5051761632328,851.8463892773316,1168.8124876130828
B02009,99000000389,Synthetic Census Tract 99000000389,1.0,Total:,99.1459488357306,82.27004265092538,+/-78,49.5729744178653,84.37953092402603,137.1167377515423,124.45980811293839,117.07659915708612,93.87222815297896,88.59850747022733,122.35031983983775,124.45980811293839,91.76273987987831,60.12041578336855,78.05106610472409,58.0109275102679,101.25543710883125,129.73352879569003,118.13134329363645,120.2408315667371,87.543763333677,89.65325160677766,83.3247867874757,61.175159919918876,110.74813433778417,84.37953092402603,108.63864606468351,91.76273987987831,132.897761205341,119.18608743018677,62.229904056469195,118.13134329363645,94.92697228952929,141.3357142977436,86.48901919712668,118.13134329363645,126.56929638603904,63.28464819301952,43.24450959856334,73.83208955852278,112.85762261088482,78.05106610472409,107.58390192813319,67.50362473922083,140.28097016119327,64.33939232956985,78.05106610472409,97.03646056262994,87.543763333677,140.28097016119327,73.83208955852278,86.48901919712668,103.36492538193188,144.49994670739457,88.59850747022733,147.66417911704556,133.95250534189134,62.229904056469195,95.98171642607961,94.92697228952929,101.25543710883125,129.73352879569003,100.20069297228092,109.69339020123384,74.88683369507311,119.18608743018677,120.2408315667371,117.07659915708612,109.69339020123384,60.12041578336855,106.52915779158286,83.3247867874757,97.03646056262994,67.50362473922083,127.62404052258937,64.33939232956985,55.901439237167246,122.35031983983775,98.09120469918027,75.94157783162343,102.31018124538156,101.25543710883125,113.91236674743514,132.897761205341
B02009,99000000390,Synthetic Census Tract 99000000390,1.0,Total:,70.82402643433474,77.26257429200155,+/-72,47.21601762288983,59.02002202861229,72.97020905355701,94.43203524577966,70.82402643433474,76.18948298239042,43.996743694056434,32.192739288333975,145.94041810711403,47.21601762288983,72.97020905355701,64.38547857666795,100.87058310344646,96.57821786500193,71.89711774394588,76.18948298239042,50.43529155172323,40.77746976522304,83.70112214966834,43.996743694056434,55.80074809977889,89.066578697724,110.52840488994666,91.21276131694627,33.26583059794511,38.63128714600077,62.239295957445684,65.45856988627908,81.55493953044608,70.82402643433474,84.77421345927947,50.43529155172323,78.33566560161267,83.70112214966834,65.45856988627908,81.55493953044608,39.7043784556119,91.21276131694627,69.75093512472361,64.38547857666795,87.99348738811287,46.1429263132787,82.6280308400572,80.48184822083493,72.97020905355701,69.75093512472361,38.63128714600077,30.04655666911171,122.33240929566911,36.48510452677851,70.82402643433474,61.166204647834554,81.55493953044608,99.79749179383532,77.26257429200155,60.09311333822342,60.09311333822342,39.7043784556119,110.52840488994666,49.362200242112095,47.21601762288983,84.77421345927947,118.04004405722458,106.23603965150213,33.26583059794511,45.06983500366756,59.02002202861229,63.31238726705682,93.35894393616853,84.77421345927947,86.92039607850174,32.192739288333975,76.18948298239042,76.18948298239042,69.75093512472361,101.9436744130576,38.63128714600077,75.11639167277927,78.33566560161267,81.55493953044608,82.6280308400572
B02009,99000000391,Synthetic Census Tract 99000000391,1.0,Total:,1753.11376935224,464.2136281070188,+/-443,281.88141300403623,1586.4998486546872,1784.5503581630992,1781.4066992820133,1631.5589592835852,1894.5784190011059,1935.4459844552227,1702.8152272548657,1668.2349795629207,1801.316538862224,1571.8294405429529,1847.4235357848174,1960.59525550391,1498.4773999842819,1570.7815542492576,1896.6741915884966,1858.9502850154656,1718.5335216602953,1634.702618164671,1785.5982444567944,1867.3333753650281,1683.9532739683502,1686.049046555741,1798.172879981138,1774.0714952261462,1789.7897896315758,1986.7924128462926,1833.8010139667783,1454.466175649079,1792.9334485126617,1607.457574528593,1662.9955480944443,1806.5559703307006,1756.257428233326,1586.4998486546872,1717.4856353665998,1873.6206931272,1514.1956943897112,1726.9166120098575,1965.8346869723864,1880.955897183067,1590.6913938294683,1871.5249205398093,1879.9080108893718,1608.5054608222886,1846.375649491122,1877.812238301981,1886.1953286515436,1692.3363643179127,1751.0179967648496,1648.32513998271,1827.5136962046065,1872.5728068335045,1890.3868738263247,1857.9023987217704,1579.1646445988201,1701.7673409611705,1496.3816273968912,1627.367414108804,1824.3700373235206,1731.108157184639,1765.6884048765837,1837.9925591415597,1866.2854890713327,1398.9282020832281,1756.257428233326,1685.0011602620455,1711.198317604428,1775.1193815198415,1887.2432149452388,1646.2293673953193,1688.1448191431314,1998.3191620769408,1954.3079377417382,1937.5417570426132,1489.0464233410241,1609.5533471159838,1841.1362180226456,1607.457574528593,1871.5249205398093,2099.964132565385
B02009,99000000392,Synthetic Census Tract 99000000392,1.0,Total:,343.49647916850984,205.67381777373737,+/-194,125.10056957371654,293.66828620270746,301.08950643165673,301.08950643165673,406.0467639553681,250.20113914743308,356.2185709895657,311.69124961587,357.27874530798704,277.76567142638754,325.47351575534725,390.1441491790482,400.7458923632615,289.42758892902214,310.6310752974487,332.8947359842966,331.83456166587524,329.7142130290326,394.3848464527335,335.0150846211392,330.7743873474539,392.2644978158908,456.9351312395918,365.7601398553577,395.4450207711548,420.88920441326667,332.8947359842966,289.42758892902214,277.76567142638754,200.37294618163074,252.32148778427572,326.5336900737686,370.00083712904296,321.232818481662,290.48776324744347,260.80288233164634,388.02380054220555,241.71974460006246,313.81159825271266,367.8804884922003,226.8773041421639,236.41887300795582,212.0348636842653,439.97234214485053,365.7601398553577,210.974689365844,340.31595621324584,371.0610114474643,283.0665430184942,361.51944258167237,289.42758892902214,343.49647916850984,363.63979121851503,272.46479983428094,413.46798418431734,363.63979121851503,304.2700293869207,361.51944258167237,332.8947359842966,400.7458923632615,343.49647916850984,318.052295526398,358.33891962640837,373.18136008430696,235.3586986895345,377.4220573579923,376.36188303957096,451.6342596474851,278.8258457448089,250.20113914743308,266.10375392375295,256.562185057961,332.8947359842966,312.7514239342913,248.08079051059042,223.6967811868999,385.9034519053629,392.2644978158908,383.7831032685202,350.9176993974591,239.59939596321982
B02009,99000000393,Synthetic Census Tract 99000000393,1.0,Total:,983.485954063793,605.9219661484608,+/-666,368.4660604956856,1006.2307726129094,1086.292533905799,985.3055395477223,968.0194774503939,1231.859372620144,972.5684411602172,1247.3258492335433,1003.5013943870155,591.3652822770263,1230.0397871362147,1180.0011863281586,978.027197612005,1001.6818089030861,1161.8053314888655,1028.0657984200611,669.6074580859868,551.3344016305815,729.653779055654,1037.1637258397077,748.7594266369118,748.7594266369118,1109.0373524549154,1000.7720161611214,941.6354879334189,1212.7537250388864,1251.8748129433666,1146.3388548754665,1018.0580782584499,779.6923798637101,1075.3750210022233,934.3571459977015,1089.9317048736577,1053.5399951950715,1291.9056935898113,1141.7898911656432,657.7801524404462,854.2953847048119,738.7517064753006,968.9292701923586,865.2128976083877,1119.9548653584914,871.5814468021404,938.9061097075248,793.3392709931799,1352.8618073014434,1166.3542951986888,1137.24092745582,877.9499959958929,926.1690113200196,889.7773016414335,1275.5294242344476,968.9292701923586,952.5530008369947,1131.7821710040319,1081.7435701959757,786.0609290574627,873.4010322860696,643.2234685690117,1035.3441403557783,728.7439863136893,1099.0296322933043,937.0865242235956,1038.983311323637,1046.2616532593543,1058.0889589048948,1245.506263749614,1200.016626651381,1064.4575080986474,827.0016024458722,1121.7744508424207,1266.431496814801,907.9731564807265,880.6793742217869,821.5428459940842,799.7078201869325,820.6330532521196,773.3238306699575,749.6692193788764,843.377871801236,621.38844276186
B02009,99000000394,Synthetic Census Tract 99000000394,1.0,Total:,686.5075968139882,470.6127939538651,+/-497,285.9659230866544,822.8622091466976,661.8880140316935,774.5699506121964,737.6405764387544,485.76330643527723,670.4101773024879,985.7302183218784,556.7813336918967,842.7472567785511,726.2776920776952,642.00296639984,394.8602315468043,748.0565537697252,911.871469974994,874.942095801552,769.8354154617551,502.80763297686593,734.7998553484896,764.1539732812256,680.8261546334587,309.6385988388609,782.1452068529026,608.861220346751,780.251392792726,1024.553406555497,617.3833836175453,694.0828530546944,612.648848467104,639.1622453095753,642.00296639984,784.0390209130791,802.030254484756,532.161750909602,662.8349210617818,542.5777282405728,557.728240721985,931.7565176068475,597.4983359856918,532.161750909602,757.5256240706078,731.0122272281365,384.44425421583344,509.4359821874837,768.8885084316669,538.7901001202198,762.2601592210491,664.7287351219583,491.4447486158068,717.7555288069009,728.1715061378717,668.5163632423114,528.3741227892489,819.0745810263446,917.5529121555237,885.3580731325228,644.8436874901049,535.0024719998668,654.3127577909875,620.2241047078102,506.59526109721895,482.92258534501246,955.429193359054,715.8617147467244,749.9503678299017,821.9153021166094,728.1715061378717,765.1008803113139,788.7735560635203,780.251392792726,736.6936694086661,804.8709755750208,622.1179187679867,400.5416737273339,569.0911250830441,548.2591704211023,601.285964106045,806.7647896351973,793.5080912139616,713.0209936564596,667.5694562122231
B02009,99000000395,Synthetic Census Tract 99000000395,1.0,Total:,232.53415891123615,154.68131275593242,+/-151,94.24291903010452,296.0456913010892,221.26598380981062,217.16846559111042,194.63211538825934,246.87547267668685,286.82627530901374,288.87503441836384,248.92423178603696,287.8506548636888,320.6308006132904,223.31474291916072,206.92467004435994,173.1201447400833,263.2655455514876,245.8510931220118,151.60817409190727,216.14408603643537,180.29080162280866,282.7287570903136,276.5824797622633,135.2181012171065,275.5581002075882,162.87634919333283,302.1919686291395,269.4118228795379,242.77795445798665,223.31474291916072,214.09532692708527,222.29036336448567,255.07050911408723,217.16846559111042,169.0226265213831,278.6312388716134,251.99737045006208,243.8023340126617,267.3630637701878,235.6072975752613,324.7283188319906,173.1201447400833,289.8994139730389,162.87634919333283,214.09532692708527,155.70569231060747,314.4845232852401,191.55897672423418,191.55897672423418,229.46102024721102,244.82671356733675,248.92423178603696,288.87503441836384,221.26598380981062,206.92467004435994,282.7287570903136,315.50890283991515,219.21722470046052,242.77795445798665,201.8027722709847,286.82627530901374,220.24160425513557,139.3156194358067,260.1924068874625,223.31474291916072,263.2655455514876,200.77839271630964,230.48539980188605,350.3378076988668,244.82671356733675,214.09532692708527,232.53415891123615,274.5337206529132,269.4118228795379,190.53459716955913,183.3639402868338,271.460581988888,313.46014373056505,192.58335627890924,261.21678644213756,211.02218826306012,232.53415891123615,177.2176629587835
B02009,99000000396,Synthetic Census Tract 99000000396,1.0,Total:,200.3938863929684,182.176260357244,+/-170,110.37738127527136,141.45450804209534,265.76301510939123,171.46000974799435,171.46000974799435,196.10738614926854,98.58950560509675,237.90076352534217,139.3112579202454,275.40764065771594,210.03851194129308,115.73550657989618,138.23963285932044,230.3993880988674,213.25338712406798,208.96688688036812,223.96963773331763,236.82913846441718,175.7465099916942,232.54263822071732,99.66113066602172,244.33051389089195,165.03025938244457,208.96688688036812,101.80438078787165,295.76851681529024,248.6170141345918,189.67763578371876,234.68588834256727,116.80713164082115,184.31951047909394,267.90626523124115,203.6087615757433,182.176260357244,203.6087615757433,205.75201169759322,237.90076352534217,169.31675962614443,135.02475767654556,222.89801267239267,133.95313261562058,262.54813992661633,95.37463042232186,201.46551145389336,146.81263334672016,195.03576108834358,238.97238858626713,227.1845129160925,183.24788541816895,123.23688200637093,263.6197649875413,217.53988736776782,327.91726864303916,198.25063627111845,159.67213407781975,237.90076352534217,195.03576108834358,221.82638761146768,102.87600584879661,193.96413602741862,221.82638761146768,122.16525694544598,316.1293929728646,277.55089077956586,217.53988736776782,238.97238858626713,82.51512969122228,192.89251096649363,102.87600584879661,182.176260357244,192.89251096649363,118.95038176267109,120.02200682359604,242.187263769042,201.46551145389336,193.96413602741862,221.82638761146768,200.3938863929684,257.1900146219915,182.176260357244,296.8401418762152
B02009,99000000397,Synthetic Census Tract 99000000397,1.0,Total:,78.37830217395008,90.09000249879318,+/-100,54.954901524263846,152.2521042229605,65.76570182411902,72.07200199903455,57.65760159922764,77.47740214896214,79.27920219893801,53.15310147428798,76.57650212397421,49.54950137433625,65.76570182411902,116.21610322344321,89.18910247380525,96.3963026737087,110.81070307351563,107.20710297356389,54.05400149927591,79.27920219893801,39.639601099469004,44.144101224408665,83.78370232387766,136.03590377317772,117.11700324843115,54.05400149927591,112.61250312349148,81.9819022739018,36.03600099951728,78.37830217395008,77.47740214896214,87.3873024238294,122.52240339835873,82.88280229888973,95.49540264872078,72.97290202402249,54.05400149927591,91.89180254876905,93.69360259874492,63.063001749155234,85.58550237385353,64.8648017991311,100.90080279864837,89.18910247380525,73.87380204901041,55.85580154925177,72.07200199903455,120.72060334838287,99.0990027486725,43.24320119942073,75.67560209898627,60.36030167419143,62.1621017241673,72.97290202402249,83.78370232387766,72.97290202402249,105.40530292358802,142.34220394809324,45.945901274384525,93.69360259874492,46.84680129937246,46.84680129937246,84.6846023488656,125.22510347332253,106.30620294857596,53.15310147428798,156.75660434790015,83.78370232387766,27.927900774625886,91.89180254876905,84.6846023488656,81.08100224891386,131.53140364823804,79.27920219893801,86.48640239884146,63.96390177414316,57.65760159922764,112.61250312349148,98.19810272368457,66.66660184910695,107.20710297356389,49.54950137433625,87.3873024238294
B02009,99000000398,Synthetic Census Tract 99000000398,1.0,Total:,0.0,14.04096215792578,+/-14,9.02633281580943,0.0,0.0,0.0,0.0,0.0,0.0,0.0,0.0,0.0,0.0,0.0,0.0,0.0,0.0,0.0,0.0,0.0,0.0,0.0,0.0,0.0,0.0,0.0,0.0,0.0,0.0,0.0,0.0,0.0,0.0,0.0,0.0,0.0,0.0,0.0,0.0,0.0,0.0,0.0,0.0,0.0,0.0,0.0,0.0,0.0,0.0,0.0,0.0,0.0,0.0,0.0,0.0,0.0,0.0,0.0,0.0,0.0,0.0,0.0,0.0,0.0,0.0,0.0,0.0,0.0,0.0,0.0,0.0,0.0,0.0,0.0,0.0,0.0,0.0,0.0,0.0,0.0,0.0,0.0,0.0
B02009,99000000399,Synthetic Census Tract 99000000399,1.0,Total:,145.99950466207602,145.99950466207602,+/-141,89.04934326906763,153.24770702118616,185.34688889724544,208.12695345444877,143.92858970233024,246.43888020974532,156.3540794608048,108.72303538665234,148.07041962182177,65.23382123199141,141.8576747425845,159.46045190042344,176.02777157838952,91.1202582288134,162.56682434004207,171.885941658898,143.92858970233024,180.16960149788105,70.4111086313558,107.68757790677947,97.33300310805068,157.3895369406777,214.33969833368604,138.75130230296585,154.28316450105905,203.98512353495727,108.72303538665234,130.46764246398283,128.39672750423705,152.2122495413133,167.7441117394065,158.42499442055058,206.05603849470302,136.6803873432201,144.96404718220313,203.98512353495727,128.39672750423705,218.48152825317757,125.29035506461842,56.95016139300837,216.41061329343182,137.71584482309297,127.36127002436417,173.95685661864377,98.36846058792355,150.14133458156752,156.3540794608048,206.05603849470302,257.828912488347,178.09868653813527,125.29035506461842,130.46764246398283,163.60228181991496,86.97842830932188,139.78675978283874,122.18398262499979,112.86486530614387,101.47483302754219,127.36127002436417,257.828912488347,128.39672750423705,143.92858970233024,151.1767920614404,126.3258125444913,132.53855742372858,160.49590938029633,197.77237865572,219.51698573305046,213.30424085381318,176.02777157838952,76.62385351059308,152.2122495413133,208.12695345444877,91.1202582288134,84.90751334957612,97.33300310805068,67.30473619173716,121.1485251451269,163.60228181991496,139.78675978283874,127.36127002436417
B02009,99000000400,Synthetic Census Tract 99000000400,1.0,Total:,266.3409086007625,248.222479444248,+/-274,150.38296199906995,156.72441220385002,240.0691863238165,198.39679926383326,215.609306962522,325.22580335943445,306.20145274509423,343.3442325159489,170.31323407123585,126.82900409560116,218.32707133599916,215.609306962522,259.9994583959824,242.78695069729366,249.12840090207374,140.417825962987,106.89873202343527,224.6685215407792,135.8882186738584,364.1804260459405,365.99226896159195,306.20145274509423,272.6823588055425,200.2086421794847,313.44882440770004,408.5705774794009,339.72054668464597,239.16326486599078,355.1212114676833,215.609306962522,235.53957903468788,328.8494891907373,368.7100333350691,324.3198819016087,329.75541064856304,374.14556208202345,213.79746404687054,272.6823588055425,322.5080389859573,221.95075716730204,184.80797739644743,259.9994583959824,297.14223816683705,363.2745045881148,365.99226896159195,193.86719197470464,271.7764373477168,279.9297304681483,231.915893203385,355.1212114676833,323.41396044378297,239.16326486599078,174.84284136036447,217.42114987817342,272.6823588055425,248.222479444248,366.8981904194177,315.26066732335147,277.21196609467114,261.8113013116338,315.26066732335147,292.6126308777084,227.38628591425638,258.187615480331,239.16326486599078,131.35861138472978,123.20531826429828,76.0974024573607,285.36525921510264,303.48368837161706,211.9856211312191,335.1909393955174,279.02380901032257,238.25734340816504,172.1250769868873,224.6685215407792,388.640305407235,197.49087780600755,332.4731750220402,180.2783701073188,123.20531826429828
B02009,99000000401,Synthetic Census Tract 99000000401,1.0,Total:,0.0,13.723795561149487,+/-14,8.8224400035961,0.0,0.0,0.0,0.0,0.0,0.0,0.0,0.0,0.0,0.0,0.0,0.0,0.0,0.0,0.0,0.0,0.0,0.0,0.0,0.0,0.0,0.0,0.0,0.0,0.0,0.0,0.0,0.0,0.0,0.0,0.0,0.0,0.0,0.0,0.0,0.0,0.0,0.0,0.0,0.0,0.0,0.0,0.0,0.0,0.0,0.0,0.0,0.0,0.0,0.0,0.0,0.0,0.0,0.0,0.0,0.0,0.0,0.0,0.0,0.0,0.0,0.0,0.0,0.0,0.0,0.0,0.0,0.0,0.0,0.0,0.0,0.0,0.0,0.0,0.0,0.0,0.0,0.0,0.0,0.0
B02009,99000000402,Synthetic Census Tract 99000000402,1.0,Total:,631.2892811218926,226.6166650181153,+/-210,138.12825296342265,542.8008690672,589.2033290470997,693.8786457459435,726.2524550342457,595.6780909047602,560.0669006876278,648.5553127423204,686.3247569120064,652.8718206474274,669.0587252915785,574.0955513792254,591.3615829996533,638.8431699558298,675.5334871492389,583.807694165716,739.2019787495666,694.9577727222202,657.1883285525344,658.2674555288111,542.8008690672,525.5348374467721,527.6930913993256,699.2742806273271,626.9727732167856,500.7149169924071,540.6426151146464,644.2388048372135,480.21150444314907,653.9509476237041,536.3261072095395,485.60713932453274,571.9372974266719,713.3029313189248,703.5907885324341,707.907296437541,653.9509476237041,665.8213443627483,612.944122525188,635.6057890269996,556.8295197587976,614.0232495014648,499.6357900161304,563.304281616458,657.1883285525344,632.3684080981693,658.2674555288111,642.0805508846599,500.7149169924071,628.0519001930624,500.7149169924071,747.8349945597805,647.4761857660437,623.7353922879554,667.9795983153017,712.223804342648,558.987773711351,579.4911862606091,636.6849160032763,571.9372974266719,510.4270597788978,715.4611852714783,593.5198369522067,606.4693606675276,665.8213443627483,567.6207895215649,605.3902336912508,696.036899698497,562.2251546401812,623.7353922879554,537.4052341858163,710.0655503900946,680.9291220306226,553.5921388299673,555.7503927825209,596.7572178810369,650.7135666948739,568.6999164978417,626.9727732167856,733.8063438681828,585.9659481182696
B02009,99000000403,Synthetic Census Tract 99000000403,1.0,Total:,1218.4319777664402,711.6139224985661,+/-688,432.3468308203498,1020.8763684681466,912.2724994821735,1270.148105854999,1310.4866857640745,1059.14630325368,1018.8077233446041,1540.1062944772748,1785.2407416170424,1112.9310764657807,1426.3308126824459,983.6407562443843,1224.6379131370675,1109.8281087804673,1292.9032022139647,1137.754817948289,1286.6972668433377,992.9496593003249,1032.2539166476295,1493.561779197572,1055.0090130065953,954.6797245147916,1226.7065582606097,1846.2657727615417,1312.555330887617,1557.6897780273846,1555.6211329038424,827.4580494169375,1173.95610761028,1278.4226863491683,1537.0033267919612,1290.8345570904223,1091.210302668586,1241.187074125406,863.6593390789284,1246.3586869342619,1075.6954642420187,1045.7001099506547,1284.6286217197953,977.4348208737573,1253.59894486666,1500.8020371299701,896.7576610556059,1220.5006228899827,1637.3326152837649,1408.7473291323358,1227.7408808223809,1224.6379131370675,1369.4430717850314,1338.4133949318962,1495.6304243211143,1076.72978680379,1178.0933978573646,955.7140470765627,1134.6518502629754,1378.751974840972,1058.1119806919087,1045.7001099506547,1120.171334398179,1323.9328790670997,1303.2464278316763,1130.5145600158908,1181.1963655426782,1315.6582985729306,1354.962555920235,1383.9235876498278,1217.3976552046693,1093.2789477921285,1229.8095259459233,811.9432109903698,1049.8374001977393,1321.8642339435576,1097.4162380392133,1292.9032022139647,848.1445006523609,1297.0404924610493,1507.0079725005974,1501.8363596917413,1277.388363787397,1170.8531399249664,1691.1173884958657
B02009,99000000404,Synthetic Census Tract 99000000404,1.0,Total:,177.18842278968634,151.6050676275391,+/-160,91.91057224919558,178.13595446235846,154.44766264555548,242.56810820406258,172.45076442632575,191.40139787976813,223.6174747506202,111.8087373753101,211.29956300588265,197.08658791580086,265.30886834819347,149.7100042821949,193.29646122511238,138.33962421012944,190.453866207096,154.44766264555548,204.6668412971778,115.59886406599857,88.12044555850711,223.6174747506202,163.92297937227667,144.97234591883426,156.3427259908997,205.6143729698499,197.08658791580086,253.93848827612803,185.71620784373542,218.8798163872596,222.66994307794806,103.28095232126103,150.657535954867,95.70069893988406,99.49082563057254,178.13595446235846,135.49702919211308,252.99095660345588,180.0310178077027,177.18842278968634,187.61127118907964,242.56810820406258,98.54329395790043,221.72241140527595,185.71620784373542,118.44145908401494,139.28715588280156,241.62057653139047,152.55259930021123,221.72241140527595,144.02481424616215,214.142158023899,132.65443417409674,199.9291829338172,204.6668412971778,201.82424627916146,143.07728257349004,219.82734805993172,156.3427259908997,279.52184343827525,205.6143729698499,181.92608115304694,152.55259930021123,165.8180427176209,180.97854948037482,121.28405410203129,116.5463957386707,158.23778933624396,144.02481424616215,215.08968969657113,104.22848399393314,263.4138050028492,222.66994307794806,192.34892955244024,259.62367831216073,136.44456086478522,237.830449840702,130.75937082875248,196.13905624312872,136.44456086478522,181.92608115304694,179.08348613503057,246.35823489475106
B02009,99000000405,Synthetic Census Tract 99000000405,1.0,Total:,157.37176521117823,109.19673504449102,+/-102,66.37448600743572,171.2889961482212,198.05290179638078,187.34733953711694,173.43010860007396,160.5834338889574,137.03119691857697,111.33784749634378,127.39619088523952,160.5834338889574,191.62956444082246,141.3134218222825,122.04340975560761,157.37176521117823,180.92400218155865,129.53730333709228,139.17230937042973,175.57122105192673,145.59564672598802,138.10175314450336,104.9145101407855,185.20622708526417,162.72454634081015,171.2889961482212,122.04340975560761,173.43010860007396,154.1600965333991,148.80731540376718,169.14788369636844,154.1600965333991,210.89957650749736,192.70012066674886,237.66348215565694,143.45453427413526,113.47895994819655,153.0895403074727,192.70012066674886,99.56172901115357,162.72454634081015,137.03119691857697,150.94842785561994,206.61735160379183,104.9145101407855,117.76118485190209,129.53730333709228,196.98234557045438,144.52509050006165,160.5834338889574,178.7828897297059,113.47895994819655,231.24014480009862,193.77067689267525,163.79510256673652,158.44232143710462,110.2672912704174,170.21843992229483,143.45453427413526,172.3595523741476,190.5590082148961,200.19401424823354,139.17230937042973,203.40568292601267,164.8656587926629,127.39619088523952,225.88736367046673,189.4884519889697,114.54951617412293,148.80731540376718,165.9362150185893,164.8656587926629,170.21843992229483,98.49117278522719,109.19673504449102,202.3351267000863,139.17230937042973,167.00677124451568,141.3134218222825,164.8656587926629,213.04068895935012,129.53730333709228,223.74625121861396
B02009,99000000406,Synthetic Census Tract 99000000406,1.0,Total:,5.817637708091418,9.696062846819029,+/-10,5.817637708091418,3.8784251387276116,1.9392125693638058,1.9392125693638058,9.696062846819029,1.9392125693638058,6.787243992773321,9.696062846819029,8.726456562137127,7.756850277455223,12.604881700864738,5.817637708091418,4.848031423409514,1.9392125693638058,8.726456562137127,4.848031423409514,1.9392125693638058,6.787243992773321,6.787243992773321,5.817637708091418,8.726456562137127,7.756850277455223,5.817637708091418,5.817637708091418,4.848031423409514,5.817637708091418,1.9392125693638058,8.726456562137127,3.8784251387276116,3.8784251387276116,4.848031423409514,0.9696062846819029,9.696062846819029,6.787243992773321,7.756850277455223,1.9392125693638058,2.908818854045709,1.9392125693638058,1.9392125693638058,10.665669131500932,7.756850277455223,3.8784251387276116,2.908818854045709,1.9392125693638058,10.665669131500932,0.9696062846819029,5.817637708091418,6.787243992773321,8.726456562137127,5.817637708091418,10.665669131500932,5.817637708091418,6.787243992773321,0.9696062846819029,7.756850277455223,5.817637708091418,1.9392125693638058,6.787243992773321,5.817637708091418,2.908818854045709,7.756850277455223,8.726456562137127,5.817637708091418,5.817637708091418,6.787243992773321,6.787243992773321,1.9392125693638058,10.665669131500932,3.8784251387276116,4.848031423409514,7.756850277455223,0.9696062846819029,8.726456562137127,3.8784251387276116,6.787243992773321,1.9392125693638058,4.848031423409514,1.9392125693638058,1.9392125693638058,10.665669131500932,5.817637708091418
B02009,99000000407,Synthetic Census Tract 99000000407,1.0,Total:,652.0373809453465,444.327607704957,+/-415,269.80857142566066,662.7440702876346,718.4188548675329,676.6627664326093,526.7691156405755,448.61028344187224,873.6658503307107,768.7402947762871,728.0548752755922,400.4301814015757,752.6802607628549,369.3807823089401,739.8322335521091,693.7934693802702,695.9348072487278,831.9097618957869,699.1468140514143,480.7303514687366,838.3337755011598,652.0373809453465,458.24630384993156,503.21439908754166,850.1111337776767,668.0974149587787,506.42640589022807,686.2987868406685,553.5358389962959,533.1931292459484,899.3619047522021,781.5883219870328,638.118684800372,623.1293197211686,880.0898639360835,671.3094217614652,816.9203968165835,572.8078798124144,369.3807823089401,689.510793643355,672.380090695694,644.5426984057449,717.3481859333041,600.6452721023636,624.1999886553974,669.1680838930075,786.9416666581768,855.4644784488208,607.0692857077364,740.9029024863379,730.1962131440498,661.6734013534059,718.4188548675329,795.5070181320074,670.2387528272363,459.3169727841604,331.9073696109317,443.2569387707282,631.6946711949992,811.5670521454396,507.4970748244569,628.4826643923127,798.7190249346938,735.5495578151939,528.9104535090331,362.95676870356726,634.9066779976855,649.8960430768889,764.4576190393718,838.3337755011598,435.7622562311265,639.1893537346008,686.2987868406685,672.380090695694,609.210623576194,701.2881519198719,640.2600226688296,662.7440702876346,769.8109637105158,812.6377210796684,774.0936394474311,434.6915872968977,601.7159410365923
B02009,99000000408,Synthetic Census Tract 99000000408,1.0,Total:,293.695351448477,204.4349995376654,+/-213,123.81274619886777,411.74936526600214,204.4349995376654,210.1937319190081,213.07309810967942,327.2879570063094,331.1271119272045,364.7197174850369,252.42443604885446,233.22866144437884,226.51014033281237,252.42443604885446,273.53978811377766,304.2530274809386,358.0011963734704,414.62873145667345,304.2530274809386,323.4488020854143,194.83711223542758,262.02232335109227,327.2879570063094,365.67950621526063,241.86676001639287,189.0783798540849,199.6360558865465,347.4435203410088,321.5292246249667,392.5535906615265,254.34401350930202,221.71119668169345,264.90168954176363,244.7461262070642,289.8561965275819,260.1027458906447,351.28267526190393,417.5080976473448,297.5345063693722,429.98535114025395,222.67098541191723,284.09746414623925,315.770492243624,232.26887271415504,304.2530274809386,371.4382385966033,270.6604219231063,266.8212670022112,302.33345002049106,218.83183049102212,214.0328868399032,361.8403512943655,337.845633038771,192.91753477498003,275.4593655742252,360.8805625641417,254.34401350930202,204.4349995376654,298.49429509959594,280.25830922534414,364.7197174850369,314.81070351340026,344.56415415033746,312.89112605295264,317.69006970407156,348.40330907123257,305.2128162111624,261.06253462086846,300.4138725600435,195.79690096565136,291.77577398802947,429.98535114025395,348.40330907123257,238.9873938257215,295.6149289089246,355.12183018279904,210.1937319190081,200.59584461677028,279.29852049512033,290.8159852578057,341.6847879596661,326.3281682760856,331.1271119272045
B02009,99000000409,Synthetic Census Tract 99000000409,1.0,Total:,79.40899591377712,89.58963641554342,+/-88,53.957394659361384,72.28254756254071,95.6980207166032,50.90320250883149,82.46318806430702,101.80640501766298,66.17416326148094,88.57157236536679,30.541921505298895,94.67995666642658,71.26448351236408,53.957394659361384,64.13803516112768,89.58963641554342,29.523857455122265,50.90320250883149,125.22187817172546,87.55350831519016,103.84253311801623,107.91478931872277,131.33026247278525,93.66189261624994,110.96898146925265,66.17416326148094,77.37286781342387,108.93285336889939,87.55350831519016,80.42705996395375,29.523857455122265,85.5173802148369,78.3909318636005,63.11997111095105,79.40899591377712,79.40899591377712,24.433537204239116,65.15609921130431,123.18575007137221,70.24641946218746,71.26448351236408,127.25800627207873,93.66189261624994,67.19222731165758,144.56509512508143,110.96898146925265,52.93933060918475,80.42705996395375,43.77675415759508,75.33673971307061,57.01158680989127,95.6980207166032,85.5173802148369,25.451601254415746,81.44512401413039,129.29413437243198,64.13803516112768,46.83094630812497,102.82446906783962,86.53544426501354,83.48125211448365,109.95091741907602,92.64382856607331,60.065778960421156,111.98704551942927,107.91478931872277,52.93933060918475,86.53544426501354,32.578049605652154,76.35480376324723,86.53544426501354,65.15609921130431,74.31867566289398,24.433537204239116,74.31867566289398,128.27607032225535,60.065778960421156,60.065778960421156,108.93285336889939,77.37286781342387,74.31867566289398,104.86059716819287,115.04123766995917
B02009,99000000410,Synthetic Census Tract 99000000410,1.0,Total:,1.9587760270991337,15.67020821679307,+/-16,9.793880135495668,2.9381640406487004,14.690820203243502,1.9587760270991337,1.9587760270991337,2.9381640406487004,1.9587760270991337,0.9793880135495668,2.9381640406487004,0.9793880135495668,0.0,0.0,0.0,1.9587760270991337,1.9587760270991337,1.9587760270991337,0.9793880135495668,0.9793880135495668,0.9793880135495668,0.9793880135495668,3.9175520541982674,1.9587760270991337,1.9587760270991337,20.567148284540902,4.896940067747834,1.9587760270991337,1.9587760270991337,0.9793880135495668,0.9793880135495668,0.9793880135495668,0.0,0.9793880135495668,0.0,1.9587760270991337,2.9381640406487004,1.9587760270991337,2.9381640406487004,0.9793880135495668,0.9793880135495668,1.9587760270991337,2.9381640406487004,1.9587760270991337,0.9793880135495668,20.567148284540902,4.896940067747834,0.9793880135495668,1.9587760270991337,1.9587760270991337,0.9793880135495668,0.9793880135495668,0.9793880135495668,0.0,0.0,1.9587760270991337,2.9381640406487004,0.9793880135495668,2.9381640406487004,1.9587760270991337,0.0,0.9793880135495668,21.54653629809047,2.9381640406487004,14.690820203243502,2.9381640406487004,1.9587760270991337,3.9175520541982674,1.9587760270991337,1.9587760270991337,1.9587760270991337,0.9793880135495668,0.9793880135495668,0.0,0.0,1.9587760270991337,0.9793880135495668,0.9793880135495668,0.9793880135495668,1.9587760270991337,0.9793880135495668,0.9793880135495668,20.567148284540902
B02009,99000000411,Synthetic Census Tract 99000000411,1.0,Total:,51.56811054815473,50.613145538003714,+/-53,30.55888032483243,41.063495436493575,59.20783062936283,43.92839046694662,74.48727079177905,51.56811054815473,47.74825050755067,49.6581805278527,38.19860040604054,63.02769066996689,53.47804056845675,19.09930020302027,63.02769066996689,38.19860040604054,57.297900609060804,56.34293559890979,29.603915314681416,42.9734254567956,48.703215517701686,67.80251572072196,34.378740365436485,89.76671095419526,48.703215517701686,52.52307555830574,49.6581805278527,40.10853042634256,61.11776064966486,62.07272565981587,83.08195588313816,44.88335547709763,59.20783062936283,55.387970588758776,71.62237576132601,35.3337053755875,52.52307555830574,45.838320487248644,39.15356541619155,46.79328549739966,42.01846044664459,55.387970588758776,34.378740365436485,60.162795639513845,63.9826556801179,68.75748073087297,51.56811054815473,83.08195588313816,82.12699087298715,61.11776064966486,63.9826556801179,27.693985294379388,42.01846044664459,84.99188590344019,48.703215517701686,52.52307555830574,48.703215517701686,58.25286561921182,69.71244574102398,57.297900609060804,56.34293559890979,31.513845334983444,56.34293559890979,24.82909026392635,66.84755071057094,42.01846044664459,48.703215517701686,61.11776064966486,46.79328549739966,38.19860040604054,20.05426521317128,56.34293559890979,35.3337053755875,51.56811054815473,24.82909026392635,63.9826556801179,37.24363539588953,46.79328549739966,54.43300557860776,76.39720081208108,55.387970588758776,47.74825050755067,84.99188590344019
B02009,99000000412,Synthetic Census Tract 99000000412,1.0,Total:,189.60682618844982,151.90092325324673,+/-141,92.64879006935615,178.83371106410607,124.96813544238738,94.80341309422491,176.67908803923734,214.38499097444043,202.5345643376623,186.3748916511467,133.58662754186236,218.6942370241779,202.5345643376623,183.14295711384358,174.5244650143686,140.05049661646862,197.14800677549044,225.15810609878415,164.8286614024592,246.70433634747164,161.59672686515609,185.2975801387123,207.92112189983416,192.83876072575293,182.0656456014092,267.1732550837247,239.163155760431,93.72610158179053,192.83876072575293,254.24551693451224,299.49260045675595,225.15810609878415,230.54466366095602,238.08584424799665,140.05049661646862,200.37994131279356,191.76144921331857,129.27738149212487,177.7563995516717,215.4623024868748,197.14800677549044,159.44210384028736,131.43200451699363,253.16820542207788,240.2404672728654,160.51941535272172,229.46735214852166,101.26728216883114,184.22026862627794,150.82361174081234,196.07069526305605,127.12275846725612,216.53961399930915,166.98328442732796,223.00348307391542,138.97318510403423,217.61692551174355,177.7563995516717,190.68413770088418,268.2505665961591,160.51941535272172,132.509316029428,202.5345643376623,116.34964334291239,104.49921670613428,156.2101693029842,191.76144921331857,193.91607223818733,290.874108357281,177.7563995516717,187.45220316358106,257.47745147181536,182.0656456014092,277.94637020806846,175.60177652680295,229.46735214852166,199.30262980035917,175.60177652680295,148.6689887159436,223.00348307391542,253.16820542207788,216.53961399930915,99.1126591439624
B02009,99000000413,Synthetic Census Tract 99000000413,1.0,Total:,18.750374727757965,35.625711982740135,+/-38,21.56293093692166,45.00089934661912,6.562631154715288,46.875936819394916,36.563230719128036,20.625412200533763,28.125562091636947,7.500149891103186,5.62511241832739,33.75067450996434,16.87533725498217,17.812855991370068,18.750374727757965,30.938118300800642,18.750374727757965,16.87533725498217,18.750374727757965,7.500149891103186,16.87533725498217,19.687893464145866,6.562631154715288,26.250524618861153,8.437668627491085,38.43826819190383,40.313305664679625,16.87533725498217,19.687893464145866,8.437668627491085,6.562631154715288,29.063080828024848,26.250524618861153,16.87533725498217,20.625412200533763,37.50074945551593,14.062781045818474,16.87533725498217,21.56293093692166,7.500149891103186,19.687893464145866,19.687893464145866,5.62511241832739,32.81315577357644,8.437668627491085,50.626011764946504,34.688193246352235,15.000299782206373,21.56293093692166,5.62511241832739,7.500149891103186,30.938118300800642,21.56293093692166,15.000299782206373,18.750374727757965,37.50074945551593,16.87533725498217,18.750374727757965,24.375487146085355,6.562631154715288,24.375487146085355,20.625412200533763,6.562631154715288,27.18804335524905,8.437668627491085,36.563230719128036,30.938118300800642,24.375487146085355,25.313005882473252,6.562631154715288,7.500149891103186,24.375487146085355,15.000299782206373,20.625412200533763,30.938118300800642,28.125562091636947,17.812855991370068,23.437968409697458,20.625412200533763,8.437668627491085,17.812855991370068,25.313005882473252,8.437668627491085
B02009,99000000414,Synthetic Census Tract 99000000414,1.0,Total:,302.5975650215604,229.24057956178817,+/-250,139.3782723735672,294.34490415733603,302.5975650215604,369.53581425360255,319.10288675000913,189.81119987716062,403.4634200287472,194.39601146839638,187.9772752406663,341.1099823879408,295.2618664755832,386.95809830029845,316.35199979526766,268.6699592464157,379.62239975432124,353.03049252515376,335.60820847845787,165.0532172844875,220.9879186975638,257.66641142744993,317.2689621135148,353.03049252515376,286.09224329311166,365.8679649806139,265.9190722916743,201.7317100143736,325.5216229777392,167.80410423922893,230.15754188003532,384.20721134555697,298.92971574857177,392.45987220978134,317.2689621135148,261.3342607004385,398.87860843751145,342.026944706188,388.79202293679276,265.9190722916743,202.64867233262075,347.52871861567087,342.9439070244351,389.70898525503986,248.49678824497838,364.95100266236676,319.10288675000913,132.04257382759,346.6117562974237,154.04966946552165,249.41375056322553,382.37328670906265,308.0993389310433,373.20366352659113,275.0886954741458,278.7565447471344,418.1348171207016,268.6699592464157,314.5180751587734,248.49678824497838,251.24767519971982,281.5074317018759,339.2760577514465,266.83603460992146,419.9687417571959,323.6876983412449,309.9332635675376,220.9879186975638,310.85022588578477,248.49678824497838,189.81119987716062,378.7054374360741,304.4314896580547,372.28670120834397,340.19302006969366,285.1752809748645,383.2902490273098,330.106434568975,357.61530411638955,161.38536801149888,197.14689842313783,287.9261679296059,327.3555476142335
B02009,99000000415,Synthetic Census Tract 99000000415,1.0,Total:,56.16635248712966,46.48249861003834,+/-48,28.08317624356483,65.85020636422098,61.00827942567532,71.66051869047577,47.450883997747475,41.64057167149268,84.2495287306945,52.29281093629313,61.00827942567532,87.15468489382188,59.07150865025706,70.69213330276663,48.4192693854566,70.69213330276663,44.545727834620074,30.988332406692226,63.91343558880272,55.19796709942053,59.07150865025706,37.76703012065615,57.13473787483879,41.64057167149268,76.50244562902144,54.2295817117114,48.4192693854566,61.00827942567532,61.97666481338445,65.85020636422098,42.60895705920181,61.97666481338445,57.13473787483879,30.988332406692226,49.387654773165735,76.50244562902144,79.40760179214882,71.66051869047577,56.16635248712966,68.75536252734838,65.85020636422098,67.78697713963925,58.103123262547925,24.2096346927283,54.2295817117114,71.66051869047577,49.387654773165735,60.039894037966185,64.88182097651185,74.56567485360317,41.64057167149268,78.4392164044397,60.039894037966185,44.545727834620074,65.85020636422098,52.29281093629313,60.039894037966185,60.039894037966185,60.039894037966185,51.324425548584,53.26119632400226,92.96499722007668,40.672186283783546,78.4392164044397,57.13473787483879,47.450883997747475,72.6289040781849,67.78697713963925,37.76703012065615,63.91343558880272,74.56567485360317,72.6289040781849,85.21791411840363,50.35604016087487,54.2295817117114,53.26119632400226,42.60895705920181,73.59728946589404,72.6289040781849,58.103123262547925,57.13473787483879,54.2295817117114,76.50244562902144
B02009,99000000416,Synthetic Census Tract 99000000416,1.0,Total:,646.9872543075545,400.71468653887246,+/-384,243.1419842800971,826.4740409864245,549.9391661614213,624.0296420579316,601.0720298083087,700.2071736134985,638.639031671328,738.817703306046,677.2495613638756,464.3698841400996,541.5909435251948,699.1636457839702,700.2071736134985,683.5107283410455,703.3377571020834,727.3388971812346,535.3297765480249,611.5073081035919,687.6848396591587,674.1189778752906,764.9058990442539,495.675719025949,747.1659259422726,602.115557637837,762.8188433851973,471.6745789467978,701.2507014430269,516.5462756165152,516.5462756165152,823.3434574978395,781.602344316707,659.5095882618942,687.6848396591587,593.7673350016105,629.2472812055731,549.9391661614213,899.5209890534064,645.9437264780262,569.7661949224592,662.6401717504792,497.76277468500564,841.0834305998209,439.3252162314201,657.4225326028376,690.8154231477437,817.0822905206696,688.728367488687,820.2128740092545,853.6057645541606,491.5016077078358,472.7181067763261,701.2507014430269,708.555396249725,585.419112365384,632.3778646941581,735.6871198174612,488.3710242192508,665.7707552390641,544.7215270137798,642.8131429894412,801.4293730777449,483.15338507160925,874.4763211447269,584.3755845358556,655.335476943781,430.97699359519356,549.9391661614213,493.5886633668924,451.8475501857598,755.5141485784991,898.4774612238781,656.3790047733094,643.8566708189695,684.5542561705738,636.5519760122713,362.1041568463248,773.2541216804805,763.8623712147256,703.3377571020834,789.9505669529335,462.28282848104294
B02009,99000000417,Synthetic Census Tract 99000000417,1.0,Total:,198.49794206351297,169.83781139124105,+/-160,102.96417315593989,199.55942838470824,173.02227035482682,271.7404982259857,193.1905104575367,214.4202368814418,250.51077180208054,125.25538590104027,236.71144962654222,220.78915480861338,297.2161699346718,167.71483874885053,216.54320952383233,154.97700289450745,213.35875056024656,173.02227035482682,229.2810453781754,129.5013311858213,98.71822787115886,250.51077180208054,183.63713356677937,162.40740714287426,175.14524299721734,230.34253169937068,220.78915480861338,284.47833408032875,208.05131895427027,245.20334019610425,249.4492854808853,115.70200901028296,168.7763250700458,107.2101184407209,111.45606372550193,199.55942838470824,151.79254393092168,283.4168477591335,201.68240102709873,198.49794206351297,210.1742915966608,271.7404982259857,110.39457740430669,248.38779915969002,208.05131895427027,132.68579014940707,156.03848921570273,270.6790119047904,170.8992977124363,248.38779915969002,161.345920821679,239.895908590128,148.6080849673359,223.97361377219914,229.2810453781754,226.09658641458964,160.28443450048374,246.26482651729953,175.14524299721734,313.13846475260067,230.34253169937068,203.80537366948926,170.8992977124363,185.7601062091699,202.743887348294,135.87024911299284,130.56281750701655,177.26821563960783,161.345920821679,240.95739491132323,116.76349533147823,295.09319729228133,249.4492854808853,215.48172320263708,290.8472520075003,152.85403025211696,266.4330666200094,146.4851123249454,219.7276684874181,152.85403025211696,203.80537366948926,200.6209147059035,275.9864435107667
B02009,99000000418,Synthetic Census Tract 99000000418,1.0,Total:,138.56833292568248,112.17436474936201,+/-102,68.18441778882789,170.46104447206972,134.16933822962906,95.67813463916171,160.56330640594956,203.45350469247032,186.95727458227003,101.17687800922849,157.26406038390948,135.26908690364243,75.88265850692136,188.05702325628337,163.8625524279896,96.77788331317507,94.57838596514837,69.28416646284124,124.2716001635089,158.36380905792285,97.87763198718842,142.9673276217359,137.46858425166914,177.05953651614985,122.0721028154822,145.16682496976262,53.8876850266543,104.47612403126854,172.66054182009643,178.1592851901632,161.6630550799629,124.2716001635089,172.66054182009643,57.18693104869436,139.66808159969585,181.45853121220327,161.6630550799629,147.36632231778933,140.7678302737092,112.17436474936201,135.26908690364243,168.26154712404303,147.36632231778933,140.7678302737092,95.67813463916171,133.06958955561572,163.8625524279896,161.6630550799629,136.36883557765577,152.8650656878561,162.76280375397624,158.36380905792285,126.4710975115356,158.36380905792285,147.36632231778933,158.36380905792285,101.17687800922849,72.58341248488131,170.46104447206972,177.05953651614985,89.0796425950816,124.2716001635089,130.870092207589,151.76531701384272,112.17436474936201,117.67310811942878,91.2791399431083,46.18944430856083,140.7678302737092,145.16682496976262,159.4635577319362,85.78039657304154,148.46607099180267,118.77285679344213,146.26657364377596,168.26154712404303,146.26657364377596,178.1592851901632,106.67562137929525,105.5758727052819,133.06958955561572,167.16179845002966,117.67310811942878
B02009,99000000419,Synthetic Census Tract 99000000419,1.0,Total:,1231.7057762404672,399.057323143329,+/-416,242.69592008476496,1313.2439312096571,1394.7820861788468,1199.0905142527913,1130.0229006318305,1313.2439312096571,1179.9050660247467,1112.7559972265904,962.1502286364398,1336.2664690833108,1259.5246761711321,1228.8279590062605,1480.1573307936455,1392.8635413560423,1293.0992105702103,1202.9276038984003,998.6025802697246,1326.6737449692882,1145.3712592142663,1242.2577727658918,1158.8010729738976,1374.6373655394,1270.0766726965567,1462.8904273884054,1413.0082619954894,1368.8817310709867,1033.136387080205,1174.1494315563332,1225.950141772054,1061.914559422272,1454.2569756857854,1186.6199729045622,942.0055079969928,1225.950141772054,997.6433078583224,1241.2985003544895,1295.0177553930146,1157.8418005624953,1032.1771146688027,1095.4890938213503,1151.1268936826798,1329.551562203495,1296.936300215819,1182.7828832589535,1257.6061313483276,1126.1858109862217,1362.166824191171,1094.529821409948,1204.8461487212048,1342.9813759631263,1076.3036455933054,1087.8149145301322,1237.4614107088807,1219.2352348922382,1311.3253863868526,1233.6243210632717,1173.1901591449312,1312.284658798255,1321.8773829122772,1291.1806657474058,1151.1268936826798,1276.7915795763722,1232.6650486518695,1433.1529826349363,1389.0264517104335,1136.7378075116462,1439.8678895147518,1199.0905142527913,1188.5385177273668,1294.0584829816123,1164.5567074423109,1075.3443731819032,1122.3487213406127,1079.1814628275122,1096.4483662327525,1174.1494315563332,1336.2664690833108,1127.145083397624,1254.7283141141208,1260.4839485825344,1234.583593474674
B02009,99000000420,Synthetic Census Tract 99000000420,1.0,Total:,1133.7345907113263,510.4259629176534,+/-520,310.18193131149707,1232.8750181241783,832.3869549118656,1236.8013716850833,1241.7093136362146,1304.530970610695,923.6746752029075,1206.3721315880694,1079.7472292488821,1232.8750181241783,1169.0717727594715,907.9692609592873,894.2270234961197,1372.2605695363065,1225.0223110023683,1210.2984851489744,1094.471055102276,1198.5194244662594,1156.3111236865302,1134.7161791015526,986.4963321773878,1162.2006540278878,1051.2811659323208,1024.778279396212,1189.685128954223,1230.9118413437257,951.1591501292426,1137.6609442722313,1506.7381789973037,978.6436250555778,960.9750340315052,1077.7840524684298,1125.8818835895163,915.8219680810973,1272.1385537332285,1075.8208756879771,1038.5205168593793,1319.2547964640887,1008.0912767623655,1003.1833348112342,1358.5183320731392,1194.5930709053541,1038.5205168593793,1027.7230445668906,891.2822583254409,748.9519417426337,1280.9728492452648,992.3858625187454,871.6504905209158,1144.5320630038152,1166.1270075887928,1250.5436091482509,1053.2443427127732,1068.9497569563935,1130.7898255406476,1306.4941473911474,1278.028084074586,812.7551871073405,1182.8140102226391,1122.9371184188376,1080.7288176391085,1002.2017464210079,1245.6356671971196,1301.586205440016,1062.0786382248095,1101.3421738338598,1499.86706026572,1102.323762224086,974.7172714946728,1062.0786382248095,1185.7587753933178,1285.880791196396,1219.1327806610107,915.8219680810973,966.8645643728627,1288.8255563670748,1094.471055102276,907.9692609592873,1231.893429733952,984.5331553969353,858.8898414479745
B02009,99000000421,Synthetic Census Tract 99000000421,1.0,Total:,169.70765877588434,130.75836004043546,+/-141,79.75332598210957,155.79719494179545,165.0708374978547,153.01510217497767,165.0708374978547,188.25494388800283,267.0809056145065,201.23804346648578,168.7802945202784,126.12153876240583,160.43401621982508,121.4847174843762,254.0978060360235,201.23804346648578,132.6130885516473,160.43401621982508,203.09277197769762,220.71269283421023,207.72959325572725,182.6907583543673,212.36641453375688,200.31067921087987,206.80222900012134,171.5623872870962,147.45091664134213,153.01510217497767,153.01510217497767,132.6130885516473,188.25494388800283,173.41711579830803,153.01510217497767,174.34448005391394,134.46781706285915,160.43401621982508,180.83602984315542,166.92556600906656,127.04890301801176,134.46781706285915,132.6130885516473,139.10463834088878,175.27184430951988,251.31571326920576,217.0032358117865,262.44408433647686,233.69579241269318,93.66378981619846,207.72959325572725,169.70765877588434,178.05393707633766,106.64688939468141,121.4847174843762,165.99820175346062,118.70262471755844,201.23804346648578,272.64509114814206,108.50161790589326,178.05393707633766,221.64005708981614,149.30564515255398,161.361380475431,156.72455919740136,169.70765877588434,230.9136996458754,195.67385793285024,166.92556600906656,172.4897515427021,182.6907583543673,136.32254557407103,221.64005708981614,163.21610898664284,159.50665196421915,153.9424664305836,121.4847174843762,248.53362050238798,155.79719494179545,150.2330094081599,152.08773791937173,181.76339409876135,111.28371067271104,110.35634641710512,169.70765877588434
B02009,99000000422,Synthetic Census Tract 99000000422,1.0,Total:,411.0646262994657,315.6570340225527,+/-311,191.83015893975067,262.87836595447317,250.69867332337788,279.1179561292669,538.9513989259661,355.24103507361235,424.25929331648564,353.21108630176315,519.6668855933987,440.49888349127934,425.2742677024102,471.9630894549421,358.2859582313862,439.4839091053547,437.4539603335055,344.0763168284417,337.9864705128941,274.04308419964383,471.9630894549421,360.3159070032354,513.577039277851,435.4240115616563,438.46893471943014,443.5438066490532,574.4755024333274,550.1161171711368,246.63877577967943,412.07960068539035,515.6069880497002,350.1661631439893,368.4357020906323,498.3524234889819,637.4039143606531,453.6935505082992,467.9031919112437,312.61211086477886,457.7534480519976,346.1062656002909,316.6720084084773,472.97806384086675,357.27098384546156,229.38421121896113,331.8966241973464,270.99816104187,465.8732431393945,535.9064757681924,451.66360173645,252.72862209522708,355.24103507361235,335.9565217410448,465.8732431393945,444.55878103497776,384.675292265426,476.0229869986406,455.7234992801484,427.3042164742594,366.405753318783,448.61867857867617,476.0229869986406,236.48903192043338,543.0112964696647,431.3641140179579,449.6336529646008,359.3009326173108,361.33088138916,466.88821752531913,432.37908840388246,524.7417575230216,448.61867857867617,259.83344279669933,358.2859582313862,470.94811506901755,481.0978589282636,572.4455536614782,473.9930382267914,370.4656508624815,714.5419676909231,253.74359648115168,494.2925259452835,431.3641140179579,381.63036910765214
B02009,99000000423,Synthetic Census Tract 99000000423,1.0,Total:,991.7634387222304,450.80156305555926,+/-410,273.77948585569334,966.474570550821,832.3336176416058,1210.5671242052945,756.4670131273775,886.2099020067824,1269.940988607734,870.8166779024463,723.4815329038,1068.7295592439114,1026.9479509607131,1041.2416590575967,1034.6445630128812,1055.5353671544804,964.2755385359159,764.1636251795456,866.4186138726359,1087.4213313706052,1040.142143050144,1091.8193954004155,1040.142143050144,975.2706986104416,1151.193259802855,1146.7951957730447,884.0108699918773,990.6639227147779,1154.4918078252128,997.2610187594934,877.4137739471618,946.6832824166745,1131.4019716687085,1084.1227833482474,882.9113539844246,790.5520093584076,1137.999067713424,1098.416491445131,975.2706986104416,853.2244217832049,992.862954729683,931.2900583123383,1175.382611966812,911.4987701781918,1240.2540564065143,970.8726345806314,930.1905423048858,810.3432974925541,893.9065140589505,1014.8532748787346,1037.9431110352389,1125.9043916314456,953.28037846139,1234.7564763692515,937.8871543570538,1194.0743840935058,882.9113539844246,891.7074820440453,1107.2126195047517,803.7462014478386,1152.2927758103076,759.7655611497353,1042.3411750650494,799.3481374180283,786.1539453285973,1120.4068115941827,954.3798944688425,807.0447494701964,1274.3390526375445,1058.833915176838,991.7634387222304,1077.5256873035319,793.8505573807654,1159.9893878624757,1087.4213313706052,1087.4213313706052,990.6639227147779,808.1442654776489,1044.5402070799544,761.9645931646404,1086.3218153631526,941.1857023794115,1108.3121355122043
B02009,99000000424,Synthetic Census Tract 99000000424,1.0,Total:,416.07048080965274,250.68246468781578,+/-241,152.9059016975474,409.82942359750797,435.83382864811125,459.7578812946663,518.0077486080177,455.59717648656977,451.43647167847325,269.40563632425017,409.82942359750797,443.1150620622802,359.9009659003496,339.097441859867,348.45902767808417,547.1326822646934,508.6461627898005,438.95435725418366,483.6819339412213,433.753476244063,479.5212291331248,306.8519795971189,479.5212291331248,446.2355906683526,457.677528890618,572.0969111132725,456.63735268859386,383.82501854690463,445.19541446632843,416.07048080965274,423.35171422382166,433.753476244063,295.41004137485345,487.8426387493178,377.58396133475986,557.5344442849347,371.3429041226151,306.8519795971189,399.42766157726663,304.77162719307063,549.2130346687417,490.9631673553902,428.5525952339423,397.3473091732184,468.07929091085936,521.1282772140901,478.48105293110063,540.8916250525485,315.17338921331196,368.2223755165427,364.0616707084462,259.00387430400883,383.82501854690463,465.9989385068111,444.15523826430433,469.11946711288346,430.6329476379906,489.9229911533661,477.44087672907654,486.8024625472937,368.2223755165427,371.3429041226151,550.2532108707658,390.06607575904945,358.8607896983255,450.3962954764491,537.7710964464761,340.1376180618911,480.5614053351489,422.31153802179756,449.35611927442494,306.8519795971189,320.37427022343263,548.1728584667175,370.30272792059094,484.72211014324546,503.4452817796798,563.7755014970795,419.19100941572515,507.60598658777633,398.3874853752425,361.98131830439786,338.05726565784283
B02009,99000000425,Synthetic Census Tract 99000000425,1.0,Total:,1373.6693817754451,439.2073468436327,+/-431,266.9891528376607,1306.4125722819886,1321.6982108032287,1154.5752296376702,1473.5355534475473,1477.611723719878,1244.2509756289455,1568.306512279236,1522.4495967155156,1187.1845918163158,1322.7172533713115,1206.5464006098866,1367.555126366949,1525.5067244197637,1484.7450216964567,1542.8304480771692,1445.0023615412324,1398.1264034094293,1607.0301298663776,1363.4789560946185,1438.8881061327363,1296.222146601162,1192.279804656729,1116.8706546186113,1462.3260851986379,1559.1351291664919,1325.7743810755594,1402.20257368176,1309.4696999862367,1120.9468248909418,1282.9745932160872,1315.5839553947328,1274.8222526714258,1276.8603378075911,1240.1748053566148,1568.306512279236,1387.9359777286027,1506.1449156261929,1511.2401284666062,1265.6508695586817,1277.8793803756737,1502.0687453538621,1472.5165108794647,1250.3652310374416,1368.5741689350318,1215.7177837226307,1680.4011947683302,1250.3652310374416,1307.4316148500714,1623.3348109557005,1512.259171034689,1471.497468311382,1594.8016190493856,1319.6601256670635,1183.108421543985,1121.9658674590246,1278.8984229437565,1474.5545960156298,1367.555126366949,1185.1465066801504,1352.269487845709,1250.3652310374416,1510.2210858985236,1570.3445974154013,1148.460974229174,1442.964276405067,1446.021404109315,1373.6693817754451,1289.088848624583,1348.1933175733784,1483.725979128374,1285.0126783522526,1443.9833189731496,1334.9457641883037,1158.651399910001,1319.6601256670635,1426.6595953157444,1442.964276405067,1275.8412952395083,1456.2118297901418,1398.1264034094293
B02009,99000000426,Synthetic Census Tract 99000000426,1.0,Total:,0.0,13.698633460181025,+/-14,8.80626436725923,0.0,0.0,0.0,0.0,0.0,0.0,0.0,0.0,0.0,0.0,0.0,0.0,0.0,0.0,0.0,0.0,0.0,0.0,0.0,0.0,0.0,0.0,0.0,0.0,0.0,0.0,0.0,0.0,0.0,0.0,0.0,0.0,0.0,0.0,0.0,0.0,0.0,0.0,0.0,0.0,0.0,0.0,0.0,0.0,0.0,0.0,0.0,0.0,0.0,0.0,0.0,0.0,0.0,0.0,0.0,0.0,0.0,0.0,0.0,0.0,0.0,0.0,0.0,0.0,0.0,0.0,0.0,0.0,0.0,0.0,0.0,0.0,0.0,0.0,0.0,0.0,0.0,0.0,0.0,0.0
B02009,99000000427,Synthetic Census Tract 99000000427,1.0,Total:,205.78135289085108,138.6316482633102,+/-128,84.47866066045466,183.03709809765175,191.70157611410866,230.69172718816463,204.69829313879399,186.2862773538231,239.35620520462155,290.26001355130575,298.92449156776263,137.5485885112531,214.445830907308,243.68844421285,164.6250823126809,142.96388727153865,250.18680272519265,213.36277115525087,173.28956032913777,109.38903495776822,170.04038107296643,228.5256076840504,243.68844421285,209.03053214702243,225.2764284278791,218.77806991553643,202.53217363467976,237.19008570050732,161.37590305650954,137.5485885112531,202.53217363467976,177.6217993373662,204.69829313879399,188.45239685793732,223.11030892376488,197.1168748743942,188.45239685793732,252.35292222930687,233.94090644433598,284.8447147910202,197.1168748743942,197.1168748743942,211.19665165113665,206.8644126429082,199.28299437850842,244.77150396490708,216.6119504114222,209.03053214702243,232.85784669227888,300.00755131981975,277.2632965266204,157.0436640482811,215.5288906593651,271.84799776633486,174.37262008119487,150.54530553593844,254.5190417334211,167.8742615688522,132.13328975096755,115.88739347011088,176.5387395853091,270.76493801427773,229.60866743610754,184.12015784970887,174.37262008119487,216.6119504114222,210.11359189907955,222.02724917170775,175.455679833252,141.88082751948156,248.02068322107843,180.87097859353753,216.6119504114222,166.7912018167951,215.5288906593651,198.19993462645132,198.19993462645132,284.8447147910202,253.43598198136397,267.5157587581064,172.20650057708065,162.45896280856667,212.27971140319377
B02009,99000000428,Synthetic Census Tract 99000000428,1.0,Total:,1013.3746856952349,487.69905978232214,+/-488,296.81684581014275,833.4856882345423,1049.3524851873735,1098.3222678294508,1217.2488828173532,1285.206948524726,926.4283369225668,997.3845525876178,905.4412872188194,1067.3413849334427,1008.3777690991045,861.4684211728722,719.5559898427704,930.4258701994711,1292.2026317593084,978.3962695223224,875.4597876420372,1260.2223655440741,985.391952756905,989.3894860338092,939.4203200725058,1059.346318379634,1054.3494017835037,1169.2784834945019,966.4036696916096,967.4030530108357,1072.338301529573,992.3876359914874,937.4215534340536,1033.3623520797564,1034.3617353989823,817.4955551269252,1346.1693309975162,912.4369704534018,821.4930884038295,1230.2408659672922,834.4850715537684,833.4856882345423,981.3944194800007,1061.3450850180864,840.4813714691248,1115.311784256294,998.3839359068438,1070.3395348911208,939.4203200725058,935.4227867956015,710.5615399697357,966.4036696916096,1171.277250132954,733.5473563119353,1345.16994767829,1068.3407682526688,997.3845525876178,1226.243332690388,853.4733546190637,739.5436562272918,1167.2797168560496,1054.3494017835037,997.3845525876178,1138.2976005984935,981.3944194800007,1010.3765357375567,1060.3457016988602,896.4468373457847,1074.337068168025,967.4030530108357,1032.3629687605303,1116.3111675755201,1295.2007817169867,945.4166199878622,804.5035719769863,1163.2821835791453,1009.3771524183306,879.4573209189415,954.4110698608968,1144.29390051385,1335.1761144860295,951.4129199032186,1044.3555685912431,902.4431372611411,1231.240249286518
B02009,99000000429,Synthetic Census Tract 99000000429,1.0,Total:,170.54470240992066,104.73669224087519,+/-113,63.95426340372025,145.51912107803014,166.8372088792702,178.8865628538842,210.400257864413,171.47157579258328,179.81343623654678,172.3984491752459,169.61782902725807,174.2521959405711,191.86279021116076,117.71291959815177,215.03462477772607,181.66718300187202,223.37648522168956,204.83901756843733,169.61782902725807,198.35090388979904,126.05478004211528,126.98165342477789,180.7403096192094,200.20465065512425,202.0583974204495,135.3235138687414,157.5684750526441,129.76227357276574,197.42403050713642,132.54289372075357,150.15348799134318,171.47157579258328,189.08217006317292,175.17906932323373,128.83540019010312,139.95788078205447,190.00904344583552,171.47157579258328,194.6434103591486,175.17906932323373,196.4971571244738,194.6434103591486,160.34909520063192,183.52092976719723,179.81343623654678,221.52273845636435,115.85917283282654,156.64160166998147,159.42222181796933,190.00904344583552,164.05658873128237,179.81343623654678,164.05658873128237,180.7403096192094,151.0803613740058,156.64160166998147,131.61602033809095,159.42222181796933,146.44599446069276,132.54289372075357,217.8152449257139,259.52454714553147,152.93410813933104,137.1772606340666,155.71472828731888,199.27777727246166,179.81343623654678,141.8116275473797,208.54651109908778,253.03643346689316,149.2266146086806,251.18268670156795,207.61963771642516,178.8865628538842,155.71472828731888,169.61782902725807,141.8116275473797,178.8865628538842,169.61782902725807,184.44780314985985,127.9085268074405,136.25038725140402,92.68733826626124
B02009,99000000430,Synthetic Census Tract 99000000430,1.0,Total:,173.20747328988915,206.29204683964326,+/-212,125.52676435053765,180.99207883100777,88.54988803022424,171.2613219046095,266.6227397833125,189.7497600647662,62.27684432894891,86.60373664494458,178.0728517530883,180.99207883100777,74.92682833326666,250.08045300843548,204.3458954543636,243.26892315995667,296.78808625514716,191.69591145004586,231.59201484827875,93.41526649342336,142.06905112541472,183.91130590892726,187.80360867948656,171.2613219046095,283.1650265581896,197.53436560588483,84.65758525966493,187.80360867948656,243.26892315995667,237.43046900411773,187.80360867948656,163.47671636349088,230.61893915563894,86.60373664494458,168.34209482669002,130.3921428137368,88.54988803022424,207.2651225322831,78.81913110382597,294.8419348698675,177.09977606044848,142.06905112541472,155.69211082237229,172.23439759724934,261.7573613201134,184.88438160156707,99.25372064926233,167.3690191340502,262.7304370127532,278.29964809499046,184.88438160156707,190.72283575740605,238.40354469675756,61.30376863630909,176.12670036780864,80.76528248910562,108.01140188302077,184.88438160156707,80.76528248910562,301.6534647183463,178.0728517530883,179.04592744572813,165.42286774877056,172.23439759724934,87.5768123375844,190.72283575740605,252.02660439371513,182.93823021628742,93.41526649342336,83.6845095670251,150.82673235917315,177.09977606044848,87.5768123375844,223.80740930716016,160.55748928557142,256.89198285691424,302.62654041098614,173.20747328988915,203.37281976172378,121.63446157997834,180.99207883100777,172.23439759724934,198.50744129852467
B02009,99000000431,Synthetic Census Tract 99000000431,1.0,Total:,9.134333337695534,15.528366674082408,+/-17,9.134333337695534,12.788066672773747,6.394033336386873,1.8268666675391068,2.7403000013086602,1.8268666675391068,6.394033336386873,8.22090000392598,10.047766671465087,6.394033336386873,3.6537333350782135,8.22090000392598,7.307466670156427,10.961200005234641,13.7015000065433,6.394033336386873,9.134333337695534,12.788066672773747,8.22090000392598,9.134333337695534,10.047766671465087,10.047766671465087,6.394033336386873,13.7015000065433,31.97016668193437,10.047766671465087,8.22090000392598,4.567166668847767,10.047766671465087,12.788066672773747,14.614933340312854,6.394033336386873,7.307466670156427,7.307466670156427,5.4806000026173205,9.134333337695534,16.44180000785196,6.394033336386873,10.961200005234641,10.047766671465087,9.134333337695534,9.134333337695534,12.788066672773747,3.6537333350782135,2.7403000013086602,4.567166668847767,5.4806000026173205,17.355233341621513,9.134333337695534,7.307466670156427,2.7403000013086602,10.961200005234641,10.961200005234641,9.134333337695534,15.528366674082408,9.134333337695534,5.4806000026173205,13.7015000065433,10.047766671465087,10.047766671465087,9.134333337695534,17.355233341621513,1.8268666675391068,17.355233341621513,15.528366674082408,10.961200005234641,13.7015000065433,5.4806000026173205,7.307466670156427,6.394033336386873,18.268666675391067,5.4806000026173205,9.134333337695534,10.047766671465087,3.6537333350782135,9.134333337695534,12.788066672773747,3.6537333350782135,6.394033336386873,10.047766671465087,7.307466670156427
B02009,99000000432,Synthetic Census Tract 99000000432,1.0,Total:,220.99301477137274,192.78114054524005,+/-205,117.54947594221954,190.90034893016454,176.7944118170982,250.1452848050432,209.70826508091966,228.51618123167478,185.25797408493798,277.4167632236381,193.7215363527778,140.11897532312568,264.25122191810954,273.6551799934871,161.7480788964941,201.24470281307984,275.5359716085626,192.78114054524005,101.56274721407769,218.17182734875945,211.58905669599517,214.41024411860843,236.03934769197684,219.11222315629723,268.01280514826055,191.8407447377023,282.1187422613269,170.21164116433388,204.06589023569313,179.61559923971146,293.40349195178,291.5227003367045,167.39045374172062,117.54947594221954,288.7015129140912,241.68172253720337,201.24470281307984,285.88032549147795,398.72782239600866,258.608847072883,303.7478458346953,172.0924327794094,252.0260764201187,246.38370157489214,239.80093092212786,212.52945250353292,257.66845126534525,210.6486608884574,205.0062860432309,165.5096621266451,343.24446975128103,322.55576198545043,110.96670528945525,151.40372501357876,338.54249071359226,265.1916177256473,181.49639085478697,252.0260764201187,339.48288652113,166.45005793418287,267.0724093407228,233.21816026936358,236.03934769197684,202.1850986206176,184.31757827740023,273.6551799934871,181.49639085478697,276.47636741610035,282.1187422613269,249.20488899750544,111.907101096993,122.25145497990832,274.59557580102484,298.10547098946876,154.22491243619203,208.7678692733819,216.29103573368394,197.48311958292882,137.29778790051242,245.4433057673544,221.9334105789105,239.80093092212786,251.08568061258094
B02009,99000000433,Synthetic Census Tract 99000000433,1.0,Total:,132.8194621613974,108.4240507439979,+/-120,65.95796420259872,89.44984186379826,112.03818576879782,140.95126596719726,82.2215718141984,165.34667738459677,138.2406646985973,74.99330176459854,121.07352333079764,140.04773221099728,179.80321748379652,127.39825962419752,150.89013728539706,109.32758450019787,187.03148753339636,126.49472586799754,113.84525328119778,178.8996837275965,145.46893474819717,181.61028499619647,144.5654009919972,141.85479972339724,207.81276392599597,127.39825962419752,162.63607611599684,110.23111825639786,135.53006342999737,199.68096012019612,140.04773221099728,157.21487357879695,139.1441984547973,138.2406646985973,165.34667738459677,131.91592840519743,100.29224693819805,89.44984186379826,177.09261621519656,123.7841245993976,102.09931445059802,50.59789034719902,77.70390303319849,164.4431436283968,183.41735250859642,132.8194621613974,158.11840733499693,84.02863932659837,89.44984186379826,177.09261621519656,186.12795377719638,148.17953601679713,139.1441984547973,141.85479972339724,145.46893474819717,168.05727865319673,147.27600226059712,149.98660352919708,191.54915631439627,118.3629220621977,137.33713094239732,151.79367104159704,131.91592840519743,154.504272310197,60.53676166539882,144.5654009919972,133.7229959175974,159.92547484739688,140.95126596719726,113.84525328119778,115.65232079359775,132.8194621613974,117.45938830599772,126.49472586799754,119.26645581839769,137.33713094239732,120.16998957459766,124.68765835559758,116.55585454979773,175.2855487027966,97.5816456695981,198.77742636399614,177.09261621519656
B02009,99000000434,Synthetic Census Tract 99000000434,1.0,Total:,326.9164744890108,247.6639958250082,+/-250,150.57970946160498,318.0005706393105,326.9164744890108,399.2343612699132,344.7482821884114,205.06578854310678,435.88863265201445,210.01906845960696,203.08447657650672,368.5240257876122,318.99122662261055,418.05682495261385,341.7763142385113,290.2622031069096,410.13157708621355,381.4025535705126,362.580089887812,178.3180769940059,238.74809197530791,278.3743313073092,342.76697022181133,381.4025535705126,309.08466678961025,395.2717373367131,287.29023515700953,217.94431632600723,351.68287407151166,181.290044943906,248.65465180830824,415.08485700271376,322.9538505558107,424.00076085241403,342.76697022181133,282.3369552405093,430.93535273551424,369.5146817709122,420.0381369192139,287.29023515700953,218.93497230930726,375.45861767071244,370.5053377542123,421.02879290251394,268.4677714743089,394.2810813534131,344.7482821884114,142.65446159520474,374.4679616874124,166.43020519440552,269.45842745760893,413.1035450361137,332.86041038881103,403.19698520311334,297.19679499000983,301.15941892320996,451.73912838481493,290.2622031069096,339.79500227191124,268.4677714743089,271.439739424209,304.13138687311005,366.5427138210121,288.28089114030956,453.720440351415,349.7015621049116,334.8417223554111,238.74809197530791,335.8323783387111,268.4677714743089,205.06578854310678,409.1409211029135,328.8977864556109,402.2063292198133,367.53336980431214,308.0940108063102,414.09420101941373,356.6361539880118,386.3558334870128,174.35545306080576,212.99103640950705,311.0659787562103,353.6641860381117
B02009,99000000435,Synthetic Census Tract 99000000435,1.0,Total:,625.387004271129,426.1668419909992,+/-415,258.7808293535706,635.6560848010325,689.0553035565313,649.0058894899073,505.23876207125693,430.2744742029607,837.9569712401334,737.3199820470782,698.2974760334445,384.06361181839446,721.9163612522228,354.2832782816741,709.5934646163385,665.436418337753,667.4902344437337,797.9075571735094,670.5709586027048,461.08171579267145,804.0690054914515,625.387004271129,439.51664667987393,482.646784905469,815.3649940743455,640.7906250659844,485.7275090644401,658.2480619668205,530.911463396016,511.40021038919906,862.602764511902,749.6428786829625,612.0371995822543,597.6604868403892,844.1184195580756,643.8713492249555,783.5308444316444,549.3958083498424,354.2832782816741,661.3287861257916,644.8982572779458,618.1986479001964,688.0283955035409,576.0954177275918,598.6873948933796,641.8175331189748,754.7774189479143,820.4995343392973,582.2568660455339,710.6203726693288,700.3512921394253,634.6291767480423,689.0553035565313,762.9926833718372,642.8444411719651,440.54355473286427,318.34149642701146,425.1399339380089,605.8757512643122,778.3963041666925,486.7544171174304,602.7950271053411,766.0734075308083,705.485832404377,507.29257817723766,348.1218299637319,608.9564754232832,623.3331881651483,733.2123498351167,804.0690054914515,417.95157756707636,613.0641076352447,658.2480619668205,644.8982572779458,584.3106821515146,672.6247747086855,614.0910156882351,635.6560848010325,738.3468901000685,779.4232122196829,742.45452231203,416.924669514086,577.1223257805821
B02009,99000000436,Synthetic Census Tract 99000000436,1.0,Total:,122.05097005194848,98.80316623252972,+/-102,60.05682653349846,150.14206633374616,118.17633608204535,84.273288845393,141.42413990146412,179.2018211080196,164.67194372088287,89.11658130777191,138.51816442403677,119.14499457452114,66.83743598082893,165.64060221335865,144.33011537889146,85.24194733786878,83.30463035291721,61.02548502597424,109.45840964976333,139.48682291651255,86.21060583034456,125.92560402185161,121.0823115594727,155.95401728860085,107.52109266481176,127.86292100680318,47.4642661313133,92.02255678519926,152.07938331869772,156.92267578107663,142.3927983939399,109.45840964976333,152.07938331869772,50.37024160874064,123.01962854442426,159.82865125850395,142.3927983939399,129.80023799175473,123.98828703690005,98.80316623252972,119.14499457452114,148.2047493487946,129.80023799175473,123.98828703690005,84.273288845393,117.20767758956957,144.33011537889146,142.3927983939399,120.11365306699692,134.64353045413364,143.36145688641568,139.48682291651255,111.39572663471489,139.48682291651255,129.80023799175473,139.48682291651255,89.11658130777191,63.93146050340159,150.14206633374616,155.95401728860085,78.46133789053832,109.45840964976333,115.270360604618,133.67487196165786,98.80316623252972,103.64645869490863,80.39865487548987,40.683656683982825,123.98828703690005,127.86292100680318,140.45548140898833,75.55536241311097,130.7688964842305,104.61511718738441,128.83157949927894,148.2047493487946,128.83157949927894,156.92267578107663,93.95987377015082,92.99121527767504,117.20767758956957,147.2360908563188,103.64645869490863
B02009,99000000437,Synthetic Census Tract 99000000437,1.0,Total:,482.19741360751715,429.0572904752602,+/-436,260.7802338897797,588.4776598720312,485.14964267042035,327.69742598225145,453.65919933278656,330.64965504515465,720.3438913483726,550.09868205429,457.59550474999077,709.5190514510609,367.06048015429366,238.14647774085543,523.5286204881616,497.94263527633404,409.37576338923907,344.4267240053694,460.54773381289397,382.80570182311055,298.1751353532198,584.5413544548269,415.2802215150454,580.6050490376227,482.19741360751715,852.2101228247141,337.538189525262,512.7037805908499,494.9904062134309,464.4840392300982,456.6114283956897,419.2165269322496,716.4075859311683,393.6305417204222,471.3725737102056,514.671933299452,299.15921170752085,531.40123132257,620.952179563966,627.8407140440734,187.9585836715016,582.5732017462249,555.0190638257952,570.7642854946122,555.0190638257952,809.8948395897686,504.83116975644145,364.1082510913905,382.80570182311055,596.3502707064396,239.13055409515647,364.1082510913905,554.0349874714942,509.75155152794673,399.5349998462285,430.04136682956124,436.9299013096686,528.4490022596668,397.5668471376264,697.7101351994484,375.9171673430032,449.72289391558235,500.89486433923724,557.9712928886985,594.3821179978374,577.6528199747196,391.66238901182004,461.531810167195,484.1655663161193,586.509507163429,349.3471057768747,588.4776598720312,431.0254431838623,230.27386690644698,390.67831265751903,389.69423630321796,270.62099743279026,559.9394455973005,367.06048015429366,348.3630294225736,409.37576338923907,679.0126844677283,363.12417473708945
B02009,99000000438,Synthetic Census Tract 99000000438,1.0,Total:,199.8070593861115,153.94970149421704,+/-141,93.89839949292671,183.42943156757775,194.3478501132669,180.15390600387101,194.3478501132669,221.6438964774898,314.4504541158476,236.92968244145462,198.71521753154258,148.49049222137248,188.88864084042234,143.0312829485279,299.1646681518828,236.92968244145462,156.1333852033549,188.88864084042234,239.11336615059244,259.8583613874018,244.572575423437,215.09284535007632,250.0317846962816,235.8378405868857,243.4807335688681,201.99074309524931,173.6028548764575,180.15390600387101,180.15390600387101,156.1333852033549,221.6438964774898,204.17442680438714,180.15390600387101,205.26626865895608,158.31706891249272,188.88864084042234,212.90916164093846,196.53153382240475,149.5823340759414,158.31706891249272,156.1333852033549,163.77627818533728,206.358110513525,295.889142588176,255.49099396912618,308.991244843003,275.14414735136666,110.27602731146044,244.572575423437,199.8070593861115,209.63363607723173,125.56181327542525,143.0312829485279,195.43969196783584,139.75575738482115,236.92968244145462,321.0015052432611,127.74549698456309,209.63363607723173,260.95020324197077,175.78653858559537,189.98048269499125,184.52127342214666,199.8070593861115,271.8686217876599,230.37863131404112,196.53153382240475,203.08258494981823,215.09284535007632,160.50075262163054,260.95020324197077,192.16416640412908,187.79679898585343,181.24574785843993,143.0312829485279,292.6136170244693,183.42943156757775,176.87838044016428,179.0620641493021,214.00100349550738,131.02102254826983,129.9291806937009,199.8070593861115
B02009,99000000439,Synthetic Census Tract 99000000439,1.0,Total:,287.8075790623054,182.76831663080708,+/-174,111.34161817738823,222.68323635477645,279.4044380677855,294.1099348081953,343.47838815099954,301.4626831784002,347.67995864825946,273.10208232189564,302.5130758027152,290.95875693525034,339.2768176537396,277.30365281915556,330.8736766592197,221.63284373046147,276.2532601948406,269.9509044489507,238.4391257195012,257.3461929571709,289.9083643109354,303.56346842703016,203.77616911710675,218.48166585751653,371.8389890075041,267.8501192003207,245.79187408970608,281.50522331641554,302.5130758027152,395.9980193667487,233.1871625979263,222.68323635477645,140.75261165820777,313.017002045865,337.17603240510965,174.36517563628723,364.4862406372992,209.02813223868168,362.38545538866924,391.79644886948876,336.12563978079464,372.88938163181905,340.32721027805457,308.8154315486051,321.42014304038486,366.58702588592917,373.93977425613406,303.56346842703016,293.05954218388035,230.03598472498135,350.8311365212044,286.7571864379904,340.32721027805457,231.08637734929633,294.1099348081953,264.6989413273758,176.4659608849172,261.5477634544308,320.3697504160699,245.79187408970608,261.5477634544308,262.59815607874583,278.35404544347057,201.67538386847679,243.69108884107612,260.49737083011587,286.7571864379904,203.77616911710675,252.09422983559597,294.1099348081953,317.21857254312494,233.1871625979263,243.69108884107612,342.4279955266845,352.9319217698344,202.72577649279177,352.9319217698344,332.9744619078497,240.53991096813115,348.73035127257447,284.65640118936045,287.8075790623054,215.33048798457156
B02009,99000000440,Synthetic Census Tract 99000000440,1.0,Total:,1442.6931694936452,454.6852686524346,+/-451,276.23894370458333,1575.7717847089918,1823.7819312466834,1285.4184424209627,1366.072148612082,1439.6686555114782,1125.1192013661132,1559.641043470768,1256.181473926682,1395.3091171063625,1388.2519178146397,1577.7881273637697,1591.9025259472157,1431.6032848923662,1328.7698094986893,1393.2927744515846,1380.1865471955277,1677.5970887752799,1347.92506471908,1522.3387043573753,1481.0036799344268,1391.2764317968065,1711.8749139065055,1172.5032537533957,1303.5655263139645,1248.11610330757,1382.2028898503056,1419.5052289636983,1641.3029209892761,1327.7616381713003,1274.3285578196837,1568.7145854172688,1360.0231206477479,1211.8219355215663,1610.0496098402175,1296.5083270222415,1394.3009457789735,1709.8585712517274,1460.840253386647,1264.246844545794,1306.5900402961315,1296.5083270222415,1513.2651624108744,1372.1211765764158,1484.0281939165936,1415.4725436541423,1327.7616381713003,1426.5624282554213,1632.2293790427752,1626.1803510784414,1331.794323480856,1214.8464495037333,1495.1180785178726,1401.3581450706965,1466.8892813509808,1405.3908303802525,1321.7126102069662,1460.840253386647,1452.774882767535,1520.3223617025974,1379.1783758681388,1303.5655263139645,1339.859694099968,1462.8565960414248,1597.9515539115496,1657.4336622275,1510.2406484287073,1139.233599949559,1323.7289528617443,1521.3305330299863,1399.3418024159184,1370.1048339216377,1432.6114562197552,1437.6523128567,1492.0935645357056,1363.047634629915,1432.6114562197552,1595.9352112567717,1305.5818689687424,1405.3908303802525,1314.6554109152432
B02009,99000000441,Synthetic Census Tract 99000000441,1.0,Total:,7.655265400178921,13.396714450313112,+/-14,7.655265400178921,9.569081750223651,8.612173575201286,6.698357225156556,9.569081750223651,6.698357225156556,1.9138163500447303,12.439806275290747,4.7845408751118255,4.7845408751118255,9.569081750223651,7.655265400178921,6.698357225156556,7.655265400178921,16.26743897538021,3.8276327000894605,3.8276327000894605,3.8276327000894605,0.9569081750223651,10.525989925246016,10.525989925246016,8.612173575201286,3.8276327000894605,4.7845408751118255,8.612173575201286,2.8707245250670956,7.655265400178921,6.698357225156556,11.482898100268383,9.569081750223651,8.612173575201286,4.7845408751118255,16.26743897538021,0.9569081750223651,8.612173575201286,8.612173575201286,6.698357225156556,11.482898100268383,8.612173575201286,5.741449050134191,8.612173575201286,16.26743897538021,8.612173575201286,7.655265400178921,12.439806275290747,5.741449050134191,2.8707245250670956,12.439806275290747,1.9138163500447303,1.9138163500447303,8.612173575201286,7.655265400178921,10.525989925246016,9.569081750223651,8.612173575201286,4.7845408751118255,5.741449050134191,5.741449050134191,0.9569081750223651,14.353622625335477,5.741449050134191,6.698357225156556,4.7845408751118255,3.8276327000894605,5.741449050134191,3.8276327000894605,7.655265400178921,4.7845408751118255,22.965796200536765,13.396714450313112,10.525989925246016,3.8276327000894605,6.698357225156556,0.0,8.612173575201286,8.612173575201286,3.8276327000894605,9.569081750223651,8.612173575201286,4.7845408751118255,7.655265400178921
B02009,99000000442,Synthetic Census Tract 99000000442,1.0,Total:,1011.3972000900594,542.9378779565634,+/-503,330.29620408490734,1080.4787591143538,1067.5259667972987,1003.8414045717773,882.9486762792621,984.4122160961945,767.45294478552,1100.9873469496913,1295.2792317055191,855.9636922853972,956.347832742575,882.9486762792621,1083.7169571936176,1002.7620052120227,1058.8907719192619,807.3907210964402,1248.8650592360714,1070.7641648765625,589.3520504260111,1298.517429784783,899.1396666755811,1048.0967783217159,891.583871157299,1068.6053661570531,1262.8972509128812,1030.8263885656422,1249.9444585958258,1039.461583443679,1068.6053661570531,1303.914426583556,1162.5131104557033,777.1675390233114,1017.8735962485871,1021.1117943278508,1034.064586644906,911.0130596328818,661.6718075295694,878.6310788402437,1244.5474617970528,765.2941460660109,1199.2126886873598,1298.517429784783,981.1740180169307,853.8048935658879,955.2684333828203,818.1847146939862,840.8521012488328,1035.1439860046607,1231.5946694799977,927.2040500292007,1055.652573839998,941.2362417060106,1119.3371360655194,943.3950404255197,903.4572641145995,986.5710148157037,1220.8006758824517,849.4872961268696,764.2147467062563,1293.12043298601,934.7598455474829,1287.7234361872368,901.2984653950904,999.5238071327589,932.6010468279737,923.9658519499369,1094.5109507911636,958.5066314620841,1054.5731744802433,1085.8757559131268,1319.0260176201202,826.819909572023,863.5194878036793,966.0624269803664,1203.530286126378,1002.7620052120227,773.9293409440477,968.2212256998755,1298.517429784783,999.5238071327589,1191.6568931690776
B02009,99000000443,Synthetic Census Tract 99000000443,1.0,Total:,113.64233080513584,135.42377754278687,+/-143,82.39068983372348,97.54300060774159,214.02638968300582,139.2118552362914,144.8939717765482,163.83436024407084,55.87414597919179,145.84099119992433,73.8675150233383,168.5694573609515,133.5297386960346,47.3509711688066,46.40395174543047,133.5297386960346,103.22511714799839,115.53636965188811,101.33107830124612,125.95358330902556,134.47675811941073,103.22511714799839,151.5231077401811,58.71520424932018,147.7350300466766,110.80127253500744,136.370796966163,122.16550561552103,61.55626251944858,129.7416610025301,89.96684522073254,194.13898179210705,152.47012716355724,56.82116540256792,36.93375751166915,107.01319484150291,123.11252503889716,135.42377754278687,99.43703945449386,150.576088316805,133.5297386960346,118.3774279220165,107.96021426487904,234.86081699728072,89.96684522073254,85.23174810385188,61.55626251944858,142.0529135064198,179.93369044146507,94.7019423376132,152.47012716355724,55.87414597919179,82.39068983372348,151.5231077401811,150.576088316805,165.7283990908231,99.43703945449386,118.3774279220165,117.43040849864036,88.07280637398027,83.33770925709962,113.64233080513584,70.07943732983377,168.5694573609515,63.45030136620084,106.06617541812679,83.33770925709962,124.0595444622733,171.4105156310799,97.54300060774159,192.24494294535478,53.033087709063395,101.33107830124612,202.66215660249225,153.41714658693337,115.53636965188811,115.53636965188811,144.8939717765482,103.22511714799839,101.33107830124612,89.96684522073254,106.06617541812679,155.31118543368564
B02009,99000000444,Synthetic Census Tract 99000000444,1.0,Total:,681.3383935489549,368.65618461147415,+/-382,223.89590269597383,735.3822321307416,845.4000463865219,810.6575787268018,701.6048330171249,672.6527766340248,705.4651072015382,816.4479900034219,649.4911315275448,652.3863371658548,1025.8678645078455,597.3774300379647,485.42947868997777,565.5301680165546,509.55619234256113,684.2335991872649,800.0418247196651,673.6178451801281,737.3123692229483,764.3342885138417,838.6445665637985,469.9883819523244,475.7787932289444,560.7048252860379,704.5000386554349,793.2863448969417,639.8404460665114,446.8267368458443,660.1068855346815,627.2945549671681,552.9842769172112,638.875377520408,838.6445665637985,636.9452404282014,774.9500425209784,762.404151421635,631.1548291515815,694.8493531944016,699.6746959249182,604.132909860688,722.8363410313983,528.8575632646279,609.923321137308,544.2986600022812,614.7486638678247,849.2603205709352,818.3781270956285,643.7007202509247,588.6918131230346,644.6657887970281,475.7787932289444,686.1637362794716,751.7883974144984,744.0678490456717,721.871272485295,699.6746959249182,589.656881669138,664.9322282651981,574.2157849314846,695.8144217405048,553.9493454633146,767.2294941521517,796.1815505352517,826.0986754644551,730.5568894002249,528.8575632646279,627.2945549671681,763.3692199677383,929.3610098975121,718.976066846985,829.9589496488685,695.8144217405048,531.7527689029379,637.9103089743047,627.2945549671681,663.0020911729915,722.8363410313983,630.1897606054781,796.1815505352517,594.4822243996547,531.7527689029379
B02009,99000000445,Synthetic Census Tract 99000000445,1.0,Total:,393.7799184899907,175.25369998730355,+/-162,107.0994833255744,442.46150181979726,398.10717034152907,410.0071129332595,398.10717034152907,411.08892589614413,425.1524944136438,465.1795740403736,259.63511109230154,313.7257592365311,352.67102590037626,323.46207590249236,352.67102590037626,535.497416627872,455.4432573744123,402.4344221930674,405.6798610817212,365.6527814549914,379.71634997249106,392.6981055271061,389.45266663845234,429.47974626518214,384.0436018240294,390.53447960133695,402.4344221930674,390.53447960133695,399.1889833044136,315.88938516230024,486.8158332980654,512.7793444072955,369.9800333065297,298.5803777561468,349.42558701172254,332.1165796055691,466.2613870032582,393.7799184899907,362.4073425663376,367.81640738076055,382.9617888611448,447.8705666342202,363.48915552922216,372.1436592322989,332.1165796055691,369.9800333065297,380.7981629353756,415.41617774768247,422.98886848787464,452.19781848575855,254.22604627787862,305.07125553345435,411.08892589614413,361.325529603453,440.29787589402804,505.20665366710347,390.53447960133695,442.46150181979726,468.4250129290274,401.35260923018285,373.2254721951835,421.90705552499,328.8711407169153,431.64337219095137,369.9800333065297,344.0165221972996,345.09833516018415,384.0436018240294,416.4979907105671,325.6257018282615,471.67045181768117,477.0795166321041,433.80699811672054,363.48915552922216,417.5798036734517,329.9529536797999,386.20722774979856,426.2343073765284,404.5980481188366,402.4344221930674,427.316120339413,448.95237959710477,418.66161663633625
B02009,99000000446,Synthetic Census Tract 99000000446,1.0,Total:,25.14771027642536,40.236336442280574,+/-40,24.141801865368347,8.047267288456116,45.26587849756565,25.14771027642536,25.14771027642536,35.206794386995504,10.059084110570144,34.20088597593849,27.15952709853939,31.18316074276745,6.035450466342087,21.124076632197305,9.05317569951313,7.041358877399102,39.23042803122356,41.242244853337596,33.194977564881476,17.100442987969245,21.124076632197305,32.18906915382446,8.047267288456116,42.24815326439461,7.041358877399102,31.18316074276745,25.14771027642536,26.153618687482375,41.242244853337596,9.05317569951313,28.165435509596406,19.112259810083273,39.23042803122356,31.18316074276745,42.24815326439461,43.254061675451624,7.041358877399102,12.070900932684173,24.141801865368347,27.15952709853939,21.124076632197305,22.12998504325432,36.21270279805252,9.05317569951313,32.18906915382446,25.14771027642536,29.17134392065342,28.165435509596406,9.05317569951313,47.27769531967968,27.15952709853939,20.118168221140287,8.047267288456116,25.14771027642536,12.070900932684173,8.047267288456116,37.21861120910953,60.35450466342087,23.135893454311333,29.17134392065342,21.124076632197305,17.100442987969245,8.047267288456116,41.242244853337596,10.059084110570144,22.12998504325432,29.17134392065342,24.141801865368347,37.21861120910953,7.041358877399102,28.165435509596406,28.165435509596406,40.236336442280574,20.118168221140287,33.194977564881476,44.25997008650864,9.05317569951313,8.047267288456116,27.15952709853939,27.15952709853939,27.15952709853939,33.194977564881476,35.206794386995504
B02009,99000000447,Synthetic Census Tract 99000000447,1.0,Total:,461.323979548782,450.83934364994604,+/-430,274.697460549502,355.4291569705389,337.6052759425177,498.02020519470784,433.01546262192494,566.1703385371416,416.2400451837874,314.5390769650786,338.65373953240135,631.1750811099245,249.5343343922957,289.37595080787236,378.49535594797794,508.5048410935438,700.3736780422417,662.6289888064323,255.82511593159728,579.8003652056283,720.2944862500301,468.66322467796715,277.84285131915277,348.0899118413537,620.6904452110886,386.8830646670467,314.5390769650786,217.03196310590425,677.3074790648027,360.67147491995684,646.9020349581784,460.2755159588984,535.7648944305173,538.910285200168,523.1833313519141,355.4291569705389,408.9008000546022,469.7116882678508,719.2460226601464,351.2353026110045,504.3109867340094,443.5000985207609,292.5213415775231,661.5805252165487,314.5390769650786,666.8228431659667,501.1655959643586,409.9492636444858,275.7459241393856,468.66322467796715,372.20457440867636,303.0059774763591,566.1703385371416,582.9457559752791,504.3109867340094,554.637239048422,271.5520697798512,401.56155492541706,424.62775390285617,464.46937031843277,481.2447877565703,517.9410134024962,698.2767508624746,174.04495592067684,566.1703385371416,443.5000985207609,480.19632416668674,537.8618216102844,460.2755159588984,572.4611200764431,288.32748721798873,470.76015185773434,298.8121231168247,261.0674338810153,667.8713067558504,534.7164308406337,691.985969323173,669.9682339356175,409.9492636444858,377.4468923580944,376.39842876821075,534.7164308406337,338.65373953240135
B02009,99000000448,Synthetic Census Tract 99000000448,1.0,Total:,290.1724532673347,177.15791883689906,+/-174,107.92378963627185,278.97281472017437,204.6479407253834,297.29949597916396,276.9365168025089,274.90021888484335,278.97281472017437,357.3702845502964,344.1343480854706,293.22690014383295,358.38843350912913,246.39204803752628,220.93832406670745,290.1724532673347,328.8621137029793,210.75683447837991,233.1561115727005,230.10166469620222,203.62979176655065,312.5717303616552,335.9891564148086,312.5717303616552,271.84577200834514,243.33760116102803,274.90021888484335,229.08351573736948,223.99277094320573,304.4265386909932,290.1724532673347,330.8984116206448,325.80766682648107,236.21055844919874,402.16883873893755,298.3176449379967,321.73507099115005,293.22690014383295,300.3539428556622,275.91836784367615,285.0817084731709,311.5535814028225,308.4991345263242,250.4646438728573,238.24685636686425,307.4809855674915,314.60802827932076,389.9510512329445,309.517283485157,277.95466576134163,362.46102934446014,274.90021888484335,387.914753315279,249.44649491402456,299.33579389682944,264.71872929651585,326.8258157853138,262.6824313788503,317.66247515581904,245.37389907869354,164.940131330906,307.4809855674915,316.64432619698624,393.0054981094427,293.22690014383295,174.1034719604008,346.1706460031361,120.14157714226488,258.60983554351935,262.6824313788503,260.64613346118483,313.589879320488,202.61164280771789,333.95285849714304,356.35213559146365,290.1724532673347,263.7005803376831,263.7005803376831,209.73868551954718,272.8639209671779,401.15068978010476,292.2087511850002,261.66428242001757
B02009,99000000449,Synthetic Census Tract 99000000449,1.0,Total:,103.06878418018992,148.4190492194735,+/-144,89.66984223676523,98.94603281298232,101.00740849658612,121.6211653326241,157.69523979569058,150.48042490307728,105.13015986379372,98.94603281298232,102.03809633838802,156.6645519538887,36.074074463066474,160.7873033210963,95.85396928757663,39.16613798847217,39.16613798847217,34.012698779462674,106.16084770559561,147.3883613776716,43.288889355679764,104.09947202199182,112.34497475640701,91.73121792036903,112.34497475640701,104.09947202199182,31.951323095858875,32.982010937660775,115.4370382818127,112.34497475640701,95.85396928757663,41.22751367207597,158.72592763749248,42.258201513877864,112.34497475640701,171.09418173911527,176.24762094812476,168.00211821370956,110.28359907280321,39.16613798847217,147.3883613776716,96.88465712937852,85.54709086955764,121.6211653326241,94.82328144577473,106.16084770559561,186.55449936614374,173.15555742271906,96.88465712937852,107.19153554739752,83.48571518595384,157.69523979569058,36.074074463066474,145.3269856940678,135.0201072760488,44.319577197481664,38.13545014667027,51.53439209009496,107.19153554739752,168.00211821370956,36.074074463066474,105.13015986379372,97.91534497118043,110.28359907280321,101.00740849658612,102.03809633838802,42.258201513877864,38.13545014667027,92.76190576217093,99.97672065478422,104.09947202199182,35.043386621264574,149.44973706127539,30.920635254056975,94.82328144577473,171.09418173911527,151.51111274487917,198.92275346776654,126.77460454163361,43.288889355679764,159.75661547929437,107.19153554739752,108.22222338919941
B02009,99000000450,Synthetic Census Tract 99000000450,1.0,Total:,126.7037188959914,126.7037188959914,+/-132,76.79013266423722,76.79013266423722,78.70988598084314,164.13890856980706,82.54939261405501,123.8240889210825,147.82100537865665,118.06482897126472,125.74384223768844,178.53705844435152,114.22532233805286,79.66976263914611,95.98766583029652,189.09570168568413,227.49076801780276,140.1419921122329,162.2191552532011,160.2994019365952,93.10803585538763,91.18828253878169,184.2963183941693,78.70988598084314,80.62963929744907,176.6173051277456,87.34877590556984,178.53705844435152,120.94445894617361,139.18211545392995,125.74384223768844,151.6605120118685,119.98458228787065,51.83333954836012,85.4290225889639,160.2994019365952,145.9012520620507,165.09878522811002,129.5833488709003,168.9382918613219,100.78704912181135,72.95062603102535,107.5061857299321,137.26236213732403,146.86112872035366,105.58643241332618,143.98149874544478,86.38889924726686,118.06482897126472,161.25927859489815,68.15124273951054,86.38889924726686,123.8240889210825,161.25927859489815,88.3086525638728,98.86729580520542,83.50926927235797,202.53397490192566,178.53705844435152,88.3086525638728,136.30248547902107,113.26544567974989,165.09878522811002,110.385815704841,218.85187809307607,140.1419921122329,150.70063535356553,98.86729580520542,159.33952527829223,136.30248547902107,96.94754248859948,64.31173610629867,130.54322552920326,115.18519899635582,124.78396557938548,75.83025600593425,89.26852922217576,143.98149874544478,172.77779849453373,78.70988598084314,170.8580451779278,109.42593904653803,140.1419921122329
B02009,99000000451,Synthetic Census Tract 99000000451,1.0,Total:,9.482744123253326,15.172390597205322,+/-16,8.534469710927993,17.068939421855987,8.534469710927993,7.586195298602661,17.068939421855987,9.482744123253326,7.586195298602661,4.741372061626663,2.844823236975998,9.482744123253326,6.637920886277328,13.275841772554656,11.379292947903991,9.482744123253326,11.379292947903991,8.534469710927993,10.431018535578659,8.534469710927993,3.7930976493013304,11.379292947903991,11.379292947903991,3.7930976493013304,13.275841772554656,2.844823236975998,4.741372061626663,13.275841772554656,22.758585895807983,19.913762658831985,9.482744123253326,5.689646473951996,11.379292947903991,5.689646473951996,9.482744123253326,6.637920886277328,2.844823236975998,1.8965488246506652,4.741372061626663,9.482744123253326,10.431018535578659,8.534469710927993,4.741372061626663,16.120665009530654,9.482744123253326,6.637920886277328,11.379292947903991,10.431018535578659,5.689646473951996,3.7930976493013304,2.844823236975998,7.586195298602661,15.172390597205322,8.534469710927993,13.275841772554656,13.275841772554656,13.275841772554656,9.482744123253326,11.379292947903991,10.431018535578659,4.741372061626663,13.275841772554656,11.379292947903991,4.741372061626663,8.534469710927993,6.637920886277328,3.7930976493013304,11.379292947903991,19.913762658831985,16.120665009530654,7.586195298602661,4.741372061626663,9.482744123253326,12.327567360229324,15.172390597205322,8.534469710927993,2.844823236975998,1.8965488246506652,1.8965488246506652,9.482744123253326,10.431018535578659,10.431018535578659,3.7930976493013304
B02009,99000000452,Synthetic Census Tract 99000000452,1.0,Total:,176.50321990637315,135.99428419015635,+/-141,82.94686837130105,162.03574286486716,171.68072755920448,159.14224745656597,171.68072755920448,195.79318929504782,277.77555919691514,209.2961678671201,175.53872143693943,131.1717918429877,166.85823521203582,126.34929949581904,264.2725806248429,209.2961678671201,137.92328112902382,166.85823521203582,211.22516480598753,229.55063572522846,216.0476571531562,190.0061984784454,220.87014950032489,208.33166939768634,215.08315868372247,178.43221684524062,153.35525663996356,159.14224745656597,159.14224745656597,137.92328112902382,195.79318929504782,180.3612137841081,159.14224745656597,181.3257122535418,139.8522780678913,166.85823521203582,188.07720153957794,173.60972449807196,132.13629031242144,139.8522780678913,137.92328112902382,144.67477041505995,182.29021072297556,261.3790852165417,225.69264184749355,272.95306684974645,243.05361429730073,97.41434541280704,216.0476571531562,176.50321990637315,185.18370613127675,110.9173239848793,126.34929949581904,172.64522602863823,123.45580408751783,209.2961678671201,283.5625500135175,112.84632092374677,185.18370613127675,230.5151341946622,155.28425357883103,167.82273368146954,163.00024133430088,176.50321990637315,240.16011888899953,203.50917705051768,173.60972449807196,179.39671531467434,190.0061984784454,141.78127500675876,230.5151341946622,169.751730620337,165.8937367426021,160.1067459259997,126.34929949581904,258.4855898082405,162.03574286486716,156.24875204826475,158.17774898713222,189.0417000090117,115.73981633204797,114.77531786261423,176.50321990637315
B02009,99000000453,Synthetic Census Tract 99000000453,1.0,Total:,136.86998198405263,94.97100790730181,+/-102,57.72747539463444,148.97413005066952,172.25133787108663,162.94045474291977,150.83630667630288,139.66324692250268,119.17930404053561,96.83318453293518,110.79950922518545,139.66324692250268,166.66480799418653,122.90365729180235,106.14406766110203,136.86998198405263,157.35392486601967,112.66168585081883,121.04148066616898,152.69848330193625,126.62801054306908,120.1103923533523,91.24665465603508,161.0782781172864,141.52542354813605,148.97413005066952,106.14406766110203,150.83630667630288,134.07671704560255,129.42127548151913,147.11195342503615,134.07671704560255,183.42439762488684,167.59589630700322,206.70160544530395,124.76583391743571,98.69536115856856,133.14562873278587,167.59589630700322,86.59121309195166,141.52542354813605,119.17930404053561,131.2834521071525,179.7000443736201,91.24665465603508,102.4197144098353,112.66168585081883,171.32024955826995,125.6969222302524,139.66324692250268,155.4917482403863,98.69536115856856,201.11507556840385,168.5269846198199,142.45651186095273,137.8010702968693,95.9020962201185,148.04304173785283,124.76583391743571,149.9052183634862,165.73371968136985,174.11351449672,121.04148066616898,176.90677943517005,143.3876001737694,110.79950922518545,196.45963400432043,164.80263136855316,99.62644947138524,129.42127548151913,144.3186884865861,143.3876001737694,148.04304173785283,85.66012477913497,94.97100790730181,175.97569112235337,121.04148066616898,145.24977679940278,122.90365729180235,143.3876001737694,185.2865742505202,112.66168585081883,194.59745737868707
B02009,99000000454,Synthetic Census Tract 99000000454,1.0,Total:,197.77476864270173,121.45950465557225,+/-113,74.16553824101315,168.75347107013135,193.47531715046907,207.44853450022518,243.99387218420267,198.84963151575988,208.52339737328333,199.92449438881803,196.69990576964355,202.07422013493436,222.49661472303944,136.50758487838652,249.3681865494935,210.67312311939966,259.04195240701694,237.5446949458537,196.69990576964355,230.02065483444656,146.18135073590997,147.25621360896812,209.5982602463415,232.1703805805629,234.32010632667922,156.92997946649157,182.72668841988747,150.4808022281426,228.9457919613884,153.7053908473171,174.12778543542217,198.84963151575988,219.27202610386496,203.14908300799252,149.40593935508446,162.3042938317824,220.3468889769231,198.84963151575988,225.72120334221393,203.14908300799252,227.87092908833026,225.72120334221393,185.95127703906195,212.822848865516,208.52339737328333,256.89222666090063,134.3578591322702,181.6518255468293,184.87641416600377,220.3468889769231,190.25072853129458,208.52339737328333,190.25072853129458,209.5982602463415,175.20264830848032,181.6518255468293,152.63052797425894,184.87641416600377,169.82833394318953,153.7053908473171,252.59277516866797,300.9616044562852,177.35237405459665,159.0797052126079,180.57696267377113,231.09551770750474,208.52339737328333,164.45401957789872,241.84414643808634,293.43756434487807,173.05292256236402,291.28783859876177,240.7692835650282,207.44853450022518,180.57696267377113,196.69990576964355,164.45401957789872,207.44853450022518,196.69990576964355,213.89771173857415,148.3310764820263,158.00484233954975,107.48628730581615
B02009,99000000455,Synthetic Census Tract 99000000455,1.0,Total:,693.5708053212666,475.45474516506135,+/-497,288.9081147683069,831.3283169988698,668.697921268366,782.5391982797187,745.2298722003678,490.76113535146175,677.3077657482162,995.8720115026738,562.5098393502135,851.4179541185204,733.7500795605675,648.6082841487155,398.9227942330595,755.7530154535181,921.253359343972,883.9440332646211,777.7559513464686,507.98082431116217,742.3599240404177,772.0160550265684,687.8309090013664,312.82434943455746,790.1923933729189,615.1255556159647,788.2790945996188,1035.0946363553248,623.735400095815,701.2240004144668,618.9521531625647,645.7383359887655,648.6082841487155,792.1056921462189,810.2820304925693,537.6369552973129,669.654570655016,548.1600985504631,563.4664887368634,941.3429964636225,603.6457629761644,537.6369552973129,765.3195093200183,738.5333264938176,388.39965097990927,514.6773700177123,776.7993019598185,544.333501003863,770.1027562532684,671.567869428316,496.5010316713619,725.1402350807173,735.6633783338676,675.3944669749161,533.8103577507128,827.5017194522698,926.9932556638721,894.4671765177713,651.4782323086656,540.5069034572629,661.0447261751658,626.605348255765,511.8074218577622,487.8911871915117,965.2592311298731,723.2269363074173,757.6663142268181,830.3716676122199,735.6633783338676,772.9727044132185,796.8889390794691,788.2790945996188,744.2732228137178,813.1519786525195,628.518647029065,404.66269055295965,574.9462813766637,553.8999948703632,607.4723605227645,815.0652774258194,801.6721860127192,720.3569881474672,674.4378175882662
B02009,99000000456,Synthetic Census Tract 99000000456,1.0,Total:,113.37736243488222,129.57412849700825,+/-128,78.9592345528644,108.31587304046784,100.21749000940481,61.750170611855495,136.6602136491884,129.57412849700825,158.93076698461167,161.9676606212603,71.87314940068426,87.05761758392741,144.7585966802514,119.45114970817947,65.799362127387,153.8692775901973,153.8692775901973,105.27897940381919,114.38966031376509,77.94693667398153,129.57412849700825,121.47574546594524,88.06991546281029,74.9100430373329,148.8077881957829,81.99612818951303,163.99225637902606,156.9061712268459,110.34046879823359,119.45114970817947,130.58642637589114,110.34046879823359,113.37736243488222,167.0291500156747,108.31587304046784,106.29127728270208,126.53723486035962,75.92234091621577,80.98383031063015,120.46344758706235,76.93463879509865,135.6479157703055,135.6479157703055,95.15600061499043,126.53723486035962,141.72170304360276,41.50421303419795,41.50421303419795,62.76246849073837,73.89774515845002,159.94306486349456,70.86085152180138,144.7585966802514,39.4796172764322,161.9676606212603,144.7585966802514,157.9184691057288,188.2874054722151,103.25438364605344,75.92234091621577,195.37349062439526,108.31587304046784,84.02072394727878,70.86085152180138,126.53723486035962,160.95536274237742,87.05761758392741,62.76246849073837,39.4796172764322,36.442723639783566,221.69323547535004,120.46344758706235,115.40195819264797,84.02072394727878,185.25051183556647,115.40195819264797,118.4388518292966,130.58642637589114,89.08221334169318,133.62332001253975,173.10293728897196,124.51263910259387,111.35276667711646
B02009,99000000457,Synthetic Census Tract 99000000457,1.0,Total:,28.576661895763422,30.693451665819975,+/-29,17.992713045480674,22.226292585593775,27.518267010735148,19.051107930508948,10.583948850282749,26.459872125706873,28.576661895763422,38.102215861017896,23.28468747062205,21.167897700565497,24.343082355650324,45.51098005621582,24.343082355650324,33.8686363209048,26.459872125706873,38.102215861017896,53.978139136442024,28.576661895763422,34.927031205933076,27.518267010735148,30.693451665819975,21.167897700565497,27.518267010735148,17.992713045480674,23.28468747062205,33.8686363209048,12.7007386203393,34.927031205933076,39.160610746046174,34.927031205933076,25.4014772406786,37.043820975989625,48.68616471130065,16.9343181604524,22.226292585593775,27.518267010735148,35.98542609096135,28.576661895763422,19.051107930508948,32.81024143587652,35.98542609096135,16.9343181604524,28.576661895763422,19.051107930508948,32.81024143587652,26.459872125706873,10.583948850282749,37.043820975989625,28.576661895763422,27.518267010735148,24.343082355650324,29.6350567807917,32.81024143587652,11.642343735311025,28.576661895763422,28.576661895763422,33.8686363209048,19.051107930508948,24.343082355650324,49.74455959632892,28.576661895763422,17.992713045480674,31.75184655084825,17.992713045480674,11.642343735311025,44.45258517118755,28.576661895763422,41.27740051610272,21.167897700565497,21.167897700565497,28.576661895763422,31.75184655084825,24.343082355650324,34.927031205933076,28.576661895763422,49.74455959632892,42.335795401130994,21.167897700565497,41.27740051610272,29.6350567807917,29.6350567807917
B02009,99000000458,Synthetic Census Tract 99000000458,1.0,Total:,14.794707506252,22.192061259378,+/-21,13.737942684376858,14.794707506252,15.851472328127143,5.283824109375715,29.589415012504,14.794707506252,10.56764821875143,24.305590903128287,15.851472328127143,17.965001971877427,20.078531615627714,13.737942684376858,13.737942684376858,15.851472328127143,25.36235572500343,5.283824109375715,4.2270592875005715,4.2270592875005715,6.340588931250857,22.192061259378,23.248826081253142,27.475885368753715,5.283824109375715,12.681177862501714,15.851472328127143,5.283824109375715,5.283824109375715,8.454118575001143,22.192061259378,22.192061259378,11.624413040626571,5.283824109375715,22.192061259378,6.340588931250857,16.908237150002286,12.681177862501714,12.681177862501714,15.851472328127143,15.851472328127143,13.737942684376858,16.908237150002286,17.965001971877427,17.965001971877427,26.41912054687857,6.340588931250857,13.737942684376858,16.908237150002286,5.283824109375715,21.13529643750286,15.851472328127143,5.283824109375715,13.737942684376858,16.908237150002286,13.737942684376858,5.283824109375715,21.13529643750286,22.192061259378,19.021766793752573,23.248826081253142,5.283824109375715,6.340588931250857,5.283824109375715,19.021766793752573,14.794707506252,15.851472328127143,20.078531615627714,21.13529643750286,10.56764821875143,5.283824109375715,5.283824109375715,13.737942684376858,28.532650190628857,6.340588931250857,24.305590903128287,15.851472328127143,14.794707506252,11.624413040626571,12.681177862501714,11.624413040626571,11.624413040626571,12.681177862501714
B02009,99000000459,Synthetic Census Tract 99000000459,1.0,Total:,329.8842020734241,235.0671859086076,+/-238,142.22552424722477,262.72214895667906,387.16948267300074,394.0832234350186,306.17994803221995,440.50405426571,149.13926500924262,454.3315357897458,337.7856200871588,369.39129214209765,248.89466743264333,448.4054722794447,402.97231870047017,263.7098262083959,254.82073094294435,338.77329733887564,336.797942835442,289.3894347530337,248.89466743264333,453.34385853802894,302.2292390253526,303.21691627706946,278.5249849841485,321.9827840596894,257.7837626980949,330.8718793251409,253.83305369122752,336.797942835442,330.8718793251409,204.4491911053856,310.13065703908734,399.0216096936028,372.35432389724815,313.09368879423783,254.82073094294435,379.26806465926603,418.7751547279396,393.0955461833018,275.561953228998,392.10786893158496,369.39129214209765,388.1571599247176,204.4491911053856,188.64635507791618,232.10415415345707,259.75911720152857,325.93349306655676,298.27853001848524,433.59031350369213,308.1553025356537,417.78747747622276,353.58845611462823,279.5126622358653,263.7098262083959,339.76097459059247,523.4689434099245,398.03393244188595,369.39129214209765,404.94767320390383,288.40175750131687,281.488016739299,224.20273613972236,326.9211703182736,214.32596362255399,345.6870381008935,338.77329733887564,286.4264029978832,467.17134006206464,331.85955657685776,326.9211703182736,345.6870381008935,387.16948267300074,263.7098262083959,262.72214895667906,428.65192724510797,355.5638106180619,325.93349306655676,344.6993608491767,378.2803874075492,350.62542435947773,347.6623926043272
B02009,99000000460,Synthetic Census Tract 99000000460,1.0,Total:,20.900280696064247,3.9810058468693805,+/-4,2.9857543851520356,21.89553215778159,21.89553215778159,20.900280696064247,19.9050292343469,21.89553215778159,20.900280696064247,18.909777772629557,17.914526310912212,18.909777772629557,20.900280696064247,21.89553215778159,20.900280696064247,19.9050292343469,18.909777772629557,20.900280696064247,21.89553215778159,20.900280696064247,20.900280696064247,18.909777772629557,20.900280696064247,20.900280696064247,22.890783619498936,19.9050292343469,19.9050292343469,20.900280696064247,20.900280696064247,17.914526310912212,18.909777772629557,19.9050292343469,19.9050292343469,21.89553215778159,20.900280696064247,19.9050292343469,20.900280696064247,20.900280696064247,21.89553215778159,20.900280696064247,19.9050292343469,18.909777772629557,21.89553215778159,20.900280696064247,19.9050292343469,20.900280696064247,17.914526310912212,18.909777772629557,19.9050292343469,20.900280696064247,21.89553215778159,23.886035081216285,20.900280696064247,21.89553215778159,20.900280696064247,20.900280696064247,18.909777772629557,19.9050292343469,18.909777772629557,18.909777772629557,18.909777772629557,20.900280696064247,21.89553215778159,19.9050292343469,20.900280696064247,21.89553215778159,18.909777772629557,19.9050292343469,21.89553215778159,20.900280696064247,21.89553215778159,22.890783619498936,21.89553215778159,20.900280696064247,20.900280696064247,21.89553215778159,20.900280696064247,18.909777772629557,18.909777772629557,19.9050292343469,18.909777772629557,19.9050292343469,18.909777772629557
B02009,99000000461,Synthetic Census Tract 99000000461,1.0,Total:,79.12370518466436,96.70675078125643,+/-88,58.24383853871126,103.30039287997846,87.9152279829604,45.0565543412672,145.06012617188466,85.71734728338639,92.31098938210842,107.69615427912649,83.51946658381237,102.20145253019146,36.265031542971165,90.1131086825344,118.68555777699653,69.23324203658132,32.96821049361015,85.71734728338639,103.30039287997846,76.92582448509035,40.66079294211918,64.83748063743329,73.62900343572933,51.65019643998923,54.947017489350245,43.9576139914802,112.0919156782745,109.89403497870049,90.1131086825344,104.39933322976547,101.10251218040446,143.96118582209766,56.04595783913725,72.53006308594233,102.20145253019146,86.81628763317339,49.45231574041522,79.12370518466436,105.49827357955247,102.20145253019146,36.265031542971165,45.0565543412672,79.12370518466436,90.1131086825344,98.90463148083045,34.06715084339715,141.76330512252363,60.44171923828527,106.59721392933947,104.39933322976547,89.0141683327474,127.47708057529258,49.45231574041522,79.12370518466436,90.1131086825344,72.53006308594233,46.15549469105421,82.42052623402537,121.98237882635755,74.72794378551633,49.45231574041522,41.75973329190619,78.02476483487735,80.22264553445136,81.32158588423836,36.265031542971165,125.27919987571856,98.90463148083045,102.20145253019146,118.68555777699653,84.61840693359937,137.3675437233756,37.363971892758165,63.73854028764629,109.89403497870049,94.50887008168243,39.56185259233218,107.69615427912649,115.38873672763552,59.342778888498266,39.56185259233218,58.24383853871126,95.60781043146943
B02009,99000000462,Synthetic Census Tract 99000000462,1.0,Total:,316.6853655911163,220.43785251930646,+/-213,133.50461490605883,443.9804635248003,220.43785251930646,226.64736949168127,229.7521279778687,352.9075479299695,357.0472259115527,393.2694082504059,272.1838272890967,251.48543738118062,244.24100091340998,272.1838272890967,294.95205618780443,328.0694800404702,386.02497178263525,447.08522201098776,328.0694800404702,348.76786994838625,210.0886575653484,282.53302224305475,352.9075479299695,394.3043277458017,260.7997128397428,203.87914059297358,215.26325504232744,374.6408573332814,346.69803095759465,423.28207361688425,274.2536662798883,239.06640343643096,285.6377807292422,263.9044713259303,312.5456876095331,280.46318325226315,378.7805353148646,450.18998049717516,320.82504357269954,463.64393393732064,240.10132293182676,306.33617063715826,340.4885139852198,250.4505178857848,328.0694800404702,400.51384471817653,291.847297701617,287.7076197200338,325.9996410496786,235.96164495024354,230.7870474732645,390.1646497642185,364.2916623793233,208.0188185745568,297.021895178596,389.12973026882264,274.2536662798883,220.43785251930646,321.85996306809534,302.19649265557507,393.2694082504059,339.453594489824,371.53609884709397,337.3837554990324,342.55835297601146,375.6757768286772,329.104399535866,281.49810274765895,323.92980205888693,211.12357706074422,314.6155266003247,463.64393393732064,375.6757768286772,257.69495435355543,318.75520458190795,382.92021329644786,226.64736949168127,216.29817453772324,301.1615731601793,313.5806071049289,368.4313403609066,351.8726284345737,357.0472259115527
B02009,99000000463,Synthetic Census Tract 99000000463,1.0,Total:,674.9590822759711,233.84409149718684,+/-220,142.43231027555925,737.6718159047622,691.9659252939483,660.0780946352411,573.9809518567314,569.729241102237,673.8961545873475,725.9796113299028,637.756613174146,615.4351317130509,674.9590822759711,757.86744198861,595.2395056292029,706.8469129346784,568.6663134136135,627.1273362879102,677.0849376532183,587.7990118088378,732.3571774616443,623.9385532220394,696.2176360484426,798.258694156306,809.9508987311654,630.3161193537809,606.9317102040623,756.8045142999865,622.8756255334158,767.4337911862223,725.9796113299028,673.8961545873475,663.2668777011118,748.3010927909979,614.3722040244272,786.5664895814466,683.4625037849597,612.2463486471801,737.6718159047622,603.7429271381915,762.1191527431045,710.0356960005491,763.182080431728,674.9590822759711,610.1204932699329,671.7702992101003,779.1259957610816,621.8126978447923,733.4201051502678,573.9809518567314,734.4830328388914,666.4556607669825,714.2874067550434,670.7073715214768,724.9166836412792,555.9111811501306,842.9016570784962,752.5528035454922,678.1478653418418,607.9946378926858,746.1752374137508,718.5391175095377,581.4214456770964,552.7223980842598,586.7360841202143,724.9166836412792,697.2805637370662,632.441974731028,698.3434914256898,571.8550964794842,578.2326626112257,643.0712516172638,702.5952021801841,712.1615513777963,722.790828264032,622.8756255334158,637.756613174146,857.7826447192263,673.8961545873475,667.518588455606,738.7347435933857,559.0999642160012,678.1478653418418
B02009,99000000464,Synthetic Census Tract 99000000464,1.0,Total:,1456.528550101505,465.70015214669786,+/-431,283.09382798708776,1385.2148377078113,1401.422499615469,1224.2187294250782,1562.418607898202,1566.7406510735775,1319.3036792833366,1662.9061117256797,1614.2831260027067,1258.7950748280812,1402.5030104093128,1279.3247799111143,1450.045485338442,1617.5246583842381,1574.3042266304844,1635.8933418795837,1532.1643056705743,1482.4608091537575,1703.965521891746,1445.7234421630667,1525.6812409075112,1374.4097297693727,1264.1976287973005,1184.2398300528557,1550.5329891659198,1653.1815145810851,1405.7445427908442,1486.7828523291328,1388.4563700893427,1188.5618732282312,1360.3630894494029,1394.9394348524058,1351.719003098652,1353.8800246863398,1314.9816361079613,1662.9061117256797,1471.655701215319,1596.9949533012052,1602.3975072704243,1341.9944059540574,1354.9605354801836,1592.6729101258297,1561.3380971043582,1325.7867440463997,1451.1259961322858,1289.0493770557089,1781.7622990485029,1325.7867440463997,1386.295348501655,1721.2536945932475,1603.4780180642683,1560.2575863105144,1690.9993923656198,1399.2614780277813,1254.473031652706,1189.642384022075,1356.0410462740274,1563.4991186920458,1450.045485338442,1256.6340532403935,1433.8378234307843,1325.7867440463997,1601.3169964765805,1665.0671333133675,1217.735664662015,1530.0032840828867,1533.2448164644181,1456.528550101505,1366.8461542124658,1429.515780255409,1573.2237158366406,1362.5241110370905,1531.0837948767305,1415.469139935439,1228.5407726004535,1399.2614780277813,1512.7151113813852,1530.0032840828867,1352.799513892496,1544.0499244028567,1482.4608091537575
B02009,99000000465,Synthetic Census Tract 99000000465,1.0,Total:,7.402625770721075,17.977805443179754,+/-17,10.57517967245868,6.345107803475207,6.345107803475207,8.460143737966943,3.1725539017376034,5.28758983622934,3.1725539017376034,16.920287475933886,9.517661705212811,4.2300718689834715,2.1150359344917358,9.517661705212811,8.460143737966943,7.402625770721075,7.402625770721075,5.28758983622934,9.517661705212811,8.460143737966943,3.1725539017376034,13.747733574196282,16.920287475933886,6.345107803475207,12.690215606950414,8.460143737966943,4.2300718689834715,5.28758983622934,2.1150359344917358,21.15035934491736,10.57517967245868,2.1150359344917358,3.1725539017376034,8.460143737966943,7.402625770721075,13.747733574196282,6.345107803475207,8.460143737966943,8.460143737966943,5.28758983622934,1.0575179672458679,14.80525154144215,7.402625770721075,6.345107803475207,26.437949181146696,6.345107803475207,2.1150359344917358,13.747733574196282,4.2300718689834715,10.57517967245868,5.28758983622934,3.1725539017376034,3.1725539017376034,6.345107803475207,6.345107803475207,6.345107803475207,8.460143737966943,7.402625770721075,14.80525154144215,8.460143737966943,2.1150359344917358,14.80525154144215,9.517661705212811,15.862769508688018,16.920287475933886,6.345107803475207,2.1150359344917358,8.460143737966943,2.1150359344917358,9.517661705212811,6.345107803475207,2.1150359344917358,3.1725539017376034,6.345107803475207,6.345107803475207,6.345107803475207,7.402625770721075,10.57517967245868,23.265395279409095,12.690215606950414,2.1150359344917358,11.632697639704547,22.207877312163227
B02009,99000000466,Synthetic Census Tract 99000000466,1.0,Total:,7.4962869519257085,14.992573903851417,+/-16,9.370358689907135,5.622215213944282,9.370358689907135,9.370358689907135,7.4962869519257085,14.992573903851417,5.622215213944282,3.7481434759628542,6.559251082934995,3.7481434759628542,3.7481434759628542,19.677753248804986,9.370358689907135,19.677753248804986,8.433322820916421,7.4962869519257085,14.992573903851417,12.181466296879277,14.992573903851417,4.685179344953568,6.559251082934995,1.8740717379814271,9.370358689907135,8.433322820916421,8.433322820916421,12.181466296879277,7.4962869519257085,3.7481434759628542,7.4962869519257085,2.811107606972141,1.8740717379814271,10.30739455889785,6.559251082934995,13.11850216586999,8.433322820916421,8.433322820916421,16.866645641832843,5.622215213944282,13.11850216586999,2.811107606972141,9.370358689907135,3.7481434759628542,10.30739455889785,9.370358689907135,6.559251082934995,16.866645641832843,7.4962869519257085,2.811107606972141,8.433322820916421,2.811107606972141,3.7481434759628542,14.992573903851417,11.244430427888563,16.866645641832843,6.559251082934995,7.4962869519257085,15.92960977284213,12.181466296879277,12.181466296879277,3.7481434759628542,7.4962869519257085,1.8740717379814271,7.4962869519257085,7.4962869519257085,7.4962869519257085,16.866645641832843,6.559251082934995,2.811107606972141,6.559251082934995,2.811107606972141,2.811107606972141,10.30739455889785,9.370358689907135,14.055538034860703,7.4962869519257085,9.370358689907135,14.992573903851417,6.559251082934995,14.055538034860703,2.811107606972141,9.370358689907135
B02009,99000000467,Synthetic Census Tract 99000000467,1.0,Total:,161.9894634796023,141.740780544652,+/-140,86.05690247353873,269.3074830348388,159.9645951861073,181.22571226780508,197.4246586157653,205.52413178974544,163.00189762634983,149.84025371863214,281.45669279580903,157.93972689261224,140.72834639790452,188.31275129503769,156.92729274586475,151.86512201212716,185.27544885479514,246.021497659646,197.4246586157653,161.9894634796023,228.81011716493825,175.15110738732,135.66617566416693,97.19367808776138,178.18840982756254,154.9024244523697,200.46196105600785,110.35532199547907,149.84025371863214,173.12623909382498,82.00716588654866,151.86512201212716,194.38735617552277,207.54900008324046,186.28788300154264,183.2505805613001,193.37492202877525,124.52940004994427,129.59157078368185,132.6288732239244,127.56670249018681,136.67860981091445,180.21327812105756,136.67860981091445,134.6537415174194,110.35532199547907,147.8153854251371,152.87755615887468,117.44236102271168,165.02676591984485,179.20084397431006,158.95216103935977,131.61643907717686,98.2061122345089,151.86512201212716,182.2381464145526,106.30558540848901,200.46196105600785,120.47966346295422,241.97176107265594,205.52413178974544,135.66617566416693,235.89715619217085,142.75321469139953,214.63603911047306,153.88999030562218,132.6288732239244,234.88472204542336,294.6183367035267,173.12623909382498,204.51169764299792,180.21327812105756,201.47439520275537,166.03920006659237,168.0640683600874,155.91485859911722,255.13340498037363,156.92729274586475,166.03920006659237,137.69104395766198,150.85268786537964,216.66090740396808,136.67860981091445
B02009,99000000468,Synthetic Census Tract 99000000468,1.0,Total:,667.274652810609,457.4282792370658,+/-497,277.9544071017985,799.809204541268,643.3448031925734,752.8698841366596,716.9751097096062,472.15434054047233,651.6282126757395,958.1143635528882,541.1827529001905,819.1371600019891,705.9305637320512,624.0168477318523,383.79797272003304,727.0992768556981,886.3248146987813,850.4300402717279,748.267989979345,488.72115950680467,714.2139732152174,742.7457169905675,661.7523798218316,300.96387788837126,760.2329147883628,591.8035886306504,758.392157125437,995.8498956428675,600.0869981138167,674.6376834623123,595.4851039565021,621.2557112374636,624.0168477318523,762.0736724512886,779.5608702490839,517.2529032821549,644.2651820240363,527.3770704282468,542.1031317316534,905.6527701595024,580.7590426530955,517.2529032821549,736.3030651703272,710.5324578893658,373.6738055739411,495.16381132704504,747.3476111478822,523.6955551023952,740.9049593276418,646.1059396869621,477.6766135292498,697.647154248885,707.771321394977,649.7874550128138,513.5713879563032,796.1276892154162,891.8470876875588,860.55420741782,626.7779842262411,520.0140397765435,635.9817725408701,602.8481346082054,492.4026748326563,469.3932040460836,928.6622409460751,695.8063965859592,728.940034518624,798.888825709805,707.771321394977,743.6660958220305,766.6755666086032,758.392157125437,716.0547308781432,782.3220067434727,604.6888922711312,389.3202457088105,553.1476777092083,532.8993434170243,584.4405579789473,784.1627644063984,771.2774607659178,693.0452600915705,648.8670761813509
B02009,99000000469,Synthetic Census Tract 99000000469,1.0,Total:,152.52649494629438,135.00655971597678,+/-131,82.44675402502398,74.20207862252158,175.19935230317597,179.32169000442715,128.82305316409997,174.16876787786316,95.84435155409038,190.65811868286798,232.91208012069276,128.82305316409997,85.53850730096238,225.69798914350315,140.15948184254077,151.49591052098157,174.16876787786316,94.81376712877758,164.89350805004796,182.41344328036556,111.30311793378237,154.58766379691997,147.37357281973038,145.31240396910476,161.80175477410958,111.30311793378237,98.93610483002878,111.30311793378237,144.28181954379198,160.77117034879677,183.44402770567837,165.92409247536077,183.44402770567837,169.01584575129917,74.20207862252158,137.06772856660237,217.45331374100076,192.71928753349357,199.93337851068316,208.17805391318555,104.08902695659278,136.0371441412896,115.42545563503359,212.30039161443676,213.33097603974957,161.80175477410958,209.20863833849836,160.77117034879677,188.59694983224236,110.27253350846958,78.32441632377278,149.43474167035598,152.52649494629438,145.31240396910476,198.90279408537037,92.75259827815198,92.75259827815198,149.43474167035598,110.27253350846958,154.58766379691997,132.9453908653512,147.37357281973038,212.30039161443676,149.43474167035598,99.96668925534158,148.40415724504317,218.48389816631357,106.15019580721838,211.26980718912395,102.02785810596718,157.67941707285837,148.40415724504317,141.19006626785358,189.62753425755517,172.10759902723757,161.80175477410958,157.67941707285837,151.49591052098157,120.57837776159758,80.38558517439839,240.12617109788235,118.51720891097197,173.13818345255038
B02009,99000000470,Synthetic Census Tract 99000000470,1.0,Total:,85.10345107972985,96.01414993610548,+/-88,57.8267039387908,77.46596188026692,102.56056924993085,54.55349428187811,88.37666073664253,109.10698856375622,70.91954256644155,94.92308005046792,32.73209656912687,101.46949936429328,76.37489199462935,57.8267039387908,68.73740279516642,96.01414993610548,31.641026683489304,54.55349428187811,134.20159593342015,93.83201016483035,111.28912833503135,115.6534078775816,140.74801524724552,100.37842947865573,118.92661753449428,70.91954256644155,82.92131130845473,116.74447776321917,93.83201016483035,86.19452096536742,31.641026683489304,91.64987039355523,84.0123811940923,67.64633290952887,85.10345107972985,85.10345107972985,26.185677255301492,69.82847268080398,132.01945616214502,75.2838221089918,76.37489199462935,136.38373570469528,100.37842947865573,72.0106124520791,154.93192376053383,118.92661753449428,56.735634053153234,86.19452096536742,46.916005082415175,80.7391715371796,61.099913595703484,102.56056924993085,91.64987039355523,27.276747140939055,87.28559085100498,138.56587547597042,68.73740279516642,50.189214739327866,110.19805844939378,92.74094027919278,89.4677306222801,117.83554764885672,99.28735959301817,64.37312325261617,120.01768742013185,115.6534078775816,56.735634053153234,92.74094027919278,34.91423634040199,81.83024142281717,92.74094027919278,69.82847268080398,79.64810165154205,26.185677255301492,79.64810165154205,137.47480559033283,64.37312325261617,64.37312325261617,116.74447776321917,82.92131130845473,79.64810165154205,112.38019822066892,123.29089707704453
B02009,99000000471,Synthetic Census Tract 99000000471,1.0,Total:,235.59840702210525,205.5220146363046,+/-205,125.31830160750279,203.51692181058453,188.4787256176842,266.67734582076594,223.56785006778497,243.6187783249854,197.5016433334244,295.7511917937066,206.5245610491646,149.37941551614333,281.71554201366627,291.7410061422665,172.43798301192385,214.54493235204478,293.74609896798654,205.5220146363046,108.27501258888242,232.59076778352517,225.57294289350503,228.58058213208508,251.6391496278656,233.5933141963852,285.7257276651064,204.51946822344456,300.7639238580067,181.46090072766404,217.55257159062484,191.48636485626426,312.794480812327,310.7893879866069,178.45326148908399,125.31830160750279,307.78174874802687,257.6544281050257,214.54493235204478,304.7741095094468,425.07967905264945,275.70026353650616,323.8224913537872,183.4659935533841,268.682438646486,262.6671601693258,255.6493352793057,226.57548930636506,274.6977171236461,224.570396480645,218.55511800348486,176.44816866336393,365.92944069390813,343.87341961098764,118.30047671748264,161.4099724704636,360.916708629608,282.7180884265263,193.49145768198431,268.682438646486,361.9192550424681,177.45071507622396,284.7231812522463,248.63151038928555,251.6391496278656,215.5474787649048,196.49909692056437,291.7410061422665,193.49145768198431,294.74864538084654,300.7639238580067,265.67479940790594,119.30302313034265,130.3310336718029,292.74355255512654,317.8072128766271,164.41761170904365,222.56530365492495,230.58567495780514,210.5347467006047,146.37177627756327,261.6646137564658,236.60095343496528,255.6493352793057,267.67989223362594
B02009,99000000472,Synthetic Census Tract 99000000472,1.0,Total:,1000.4068215535833,481.45811530389415,+/-488,293.0185660763454,822.8198118103436,1035.9242235022311,1084.2673539323353,1201.6720992625883,1268.7605251655898,914.5731001776841,984.6213095764064,893.8546157076395,1053.6829244765552,995.4738490607155,850.4444577704031,710.3480389729585,918.5194781719783,1275.6666866556047,965.8760141035089,864.2567807504329,1244.095662701251,972.7821755935238,976.7285535878179,927.3988286591403,1045.7901684879666,1040.857195995099,1154.3155633310575,954.0368801206263,955.0234746191998,1058.615896969423,979.6883370835386,925.4256396619932,1020.1387115250543,1021.1253060236279,807.0342998331668,1328.9427895785766,900.7607771976544,810.980677827461,1214.4978277440443,823.8064063089172,822.8198118103436,968.8357975992295,1047.7633574851138,829.7259733003585,1101.0394604080857,985.60790407498,1056.6427079722757,927.3988286591403,923.4524506648461,701.4686884857965,954.0368801206263,1156.2887523282047,724.1603619529883,1327.956195080003,1054.6695189751288,984.6213095764064,1210.5514497497502,842.5517017818147,730.0799289444296,1152.3423743339106,1040.857195995099,984.6213095764064,1123.7311338752775,968.8357975992295,997.4470380578626,1046.7767629865402,884.9752652204775,1060.58908596657,955.0234746191998,1019.1521170264808,1102.0260549066593,1278.6264701513253,933.3183956505816,794.2085713517106,1148.3959963396162,996.460443559289,868.2031587447271,942.1977461377436,1129.6507008667188,1318.0902500942675,939.2379626420229,1030.9912510093634,890.8948322119188,1215.484422242618
B02009,99000000473,Synthetic Census Tract 99000000473,1.0,Total:,552.4656471227323,376.47494836770755,+/-415,228.6064746714754,561.5373326255686,608.7100972403175,573.3305237792558,446.3269267395473,380.10362256884207,740.2495370314442,651.3470191036482,616.8746141928702,339.2810378060786,637.7394908493937,312.9731498478533,626.8534682459901,587.845220583794,589.6595576843612,704.8699635703825,592.3810633352122,407.3186790773511,710.3129748720844,552.4656471227323,388.26813952139474,426.36921863330736,720.2918289252043,566.0731753769868,429.0907242841582,581.4950407318086,469.00614049663807,451.7699380412491,762.0215822382514,662.2330417070518,540.672455969045,527.9720962650742,745.6925483331461,568.7946810278377,692.1696038664116,485.3351744017435,312.9731498478533,584.2165463826594,569.7018495781213,546.1154672707469,607.8029286900338,508.9215567091179,528.8792648153578,566.9803439272704,666.76888445847,724.8276716766225,514.3645680108197,627.7606367962737,618.6889512934374,560.6301640752849,608.7100972403175,674.026232860739,567.8875124775541,389.1753080716784,281.2222505879261,375.5677798174239,535.2294446673433,687.6337611149935,429.99789283444187,532.5079390164924,676.74773851159,623.2247940448556,448.1412638401145,307.5301385461515,537.9509503181941,550.651310022165,647.7183449025136,710.3129748720844,369.21759996543847,541.5796245193287,581.4950407318086,569.7018495781213,516.1789051113869,594.1954004357793,542.4867930696123,561.5373326255686,652.2541876539318,688.5409296652772,655.8828618550664,368.3104314151548,509.82872525940155
B02009,99000000474,Synthetic Census Tract 99000000474,1.0,Total:,329.7703811486849,233.67834955569063,+/-214,141.95413758055975,314.4830124861631,229.31052993782725,473.90842853817634,239.13812407801984,319.9427870084923,434.59805197740593,436.78196178633766,449.88542063992776,348.3336145246043,187.81624356812517,354.8853439513993,265.3450417852001,316.66692229509476,313.3910575816972,282.8163202566536,265.3450417852001,271.8967712119952,387.64399108537464,378.9083518496479,363.62098318712606,264.25308688073426,413.8509087925549,335.23015567101413,429.1382774550767,243.50594369588322,278.4485006387902,279.5404555432561,193.27601809045441,350.51752433353596,408.3911342702257,291.5519594923804,354.8853439513993,324.3106066263557,306.8393281549022,275.1726359253927,421.49459312381583,411.6669989836232,339.59797528887754,351.6094792380018,347.2416596201384,254.42549274054167,383.2761714675113,314.4830124861631,424.77045783721337,272.988726116461,266.43699668966593,280.63241044772195,226.03466522442972,329.7703811486849,392.01181070323804,279.5404555432561,363.62098318712606,372.3566224228528,307.931283059368,282.8163202566536,446.6095559265302,394.1957205121697,367.98880280498946,364.7129380915919,333.04624586208246,313.3910575816972,226.03466522442972,421.49459312381583,276.26459082985855,292.64391439684624,366.8968479005236,493.5636168185615,483.73602267836895,342.873840002275,162.70128076541076,346.14970471567256,294.8278242057779,335.23015567101413,293.73586930131205,288.27609477898284,260.9772221673367,238.046169173554,413.8509087925549,400.7474499389648,293.73586930131205
B02009,99000000475,Synthetic Census Tract 99000000475,1.0,Total:,12.888407515564445,19.332611273346668,+/-21,11.967806978738414,12.888407515564445,13.809008052390478,4.603002684130159,25.77681503112889,12.888407515564445,9.206005368260318,21.173812346998734,13.809008052390478,15.65020912604254,17.491410199694606,11.967806978738414,11.967806978738414,13.809008052390478,22.094412883824763,4.603002684130159,3.6824021473041273,3.6824021473041273,5.523603220956191,19.332611273346668,20.2532118101727,23.93561395747683,4.603002684130159,11.047206441912381,13.809008052390478,4.603002684130159,4.603002684130159,7.364804294608255,19.332611273346668,19.332611273346668,10.12660590508635,4.603002684130159,19.332611273346668,5.523603220956191,14.72960858921651,11.047206441912381,11.047206441912381,13.809008052390478,13.809008052390478,11.967806978738414,14.72960858921651,15.65020912604254,15.65020912604254,23.015013420650796,5.523603220956191,11.967806978738414,14.72960858921651,4.603002684130159,18.412010736520635,13.809008052390478,4.603002684130159,11.967806978738414,14.72960858921651,11.967806978738414,4.603002684130159,18.412010736520635,19.332611273346668,16.570809662868573,20.2532118101727,4.603002684130159,5.523603220956191,4.603002684130159,16.570809662868573,12.888407515564445,13.809008052390478,17.491410199694606,18.412010736520635,9.206005368260318,4.603002684130159,4.603002684130159,11.967806978738414,24.856214494302858,5.523603220956191,21.173812346998734,13.809008052390478,12.888407515564445,10.12660590508635,11.047206441912381,10.12660590508635,10.12660590508635,11.047206441912381
B02009,99000000476,Synthetic Census Tract 99000000476,1.0,Total:,1969.9201106756427,577.6252606683765,+/-636,351.4795218217952,2177.9015331490045,1894.5381977267823,1998.9830168727938,2308.6846110361844,2120.6839365733636,1906.3450033693748,1973.5529739502865,2040.7609445311984,1728.334702911825,1902.712140094731,1486.749295148007,2058.925260904418,2044.3938078058422,1757.397609108976,1915.4271615559846,1878.1903129908849,1899.0792768200872,2089.8045987388905,2228.761618994019,1605.725567392594,1911.7942982813406,1687.4649910720811,2019.871980701996,2165.186511687751,2098.8867569255003,2220.5876766260703,1973.5529739502865,1867.2917231669533,2295.06137375627,2328.665359046726,1852.7602700683776,1850.0356226123947,1868.1999389856142,2159.7372167757853,1982.6351321368963,2009.8816066967254,1885.4560395401727,2243.2930720925947,1821.8809322339048,2258.732741009831,1956.2968733957282,1924.5093197425942,1924.5093197425942,2072.5484981843324,1787.368731124788,2137.940037127922,2015.3309016086912,2106.1524834747884,1771.0208463888905,1837.3206011511413,2008.0651750594034,2030.7705705259277,1815.5234215032779,2215.1383817141045,1887.2724711774945,2120.6839365733636,1899.987492638748,1935.4079095665259,2182.4426122423097,2074.364929821654,1846.402759337751,1568.4887188274943,2030.7705705259277,1860.9342124363263,1609.3584306672378,1922.6928881052722,2211.5055184394605,1775.5619254821952,2143.389332039888,2065.2827716350444,2114.326425842737,2087.9881671015687,1749.2236667410273,2038.9445128938764,2025.321275613962,2140.664684583905,2090.7128145575516,1789.1851627621097,1877.2820971722238,1917.2435931933064
B02009,99000000477,Synthetic Census Tract 99000000477,1.0,Total:,675.8398854783032,552.4421535791748,+/-582,336.02151609454967,794.4915507659267,805.8821106335386,774.558070997606,902.7018695082394,463.21610128288205,704.3162851473329,619.836299462545,910.2955760866473,437.5873415807554,731.8434714940615,675.8398854783032,403.4156619779198,577.1216999590006,633.1252859747589,365.4471290858803,644.5158458423707,789.7454841544218,803.9836839889366,562.8835001244857,411.9585818786287,744.1832446839744,747.0308846508774,650.2111257761766,899.8542295413364,635.0237126193608,425.2475683908425,1043.1854412087855,654.0079790653806,602.7504596611273,833.4092969802673,731.8434714940615,647.3634858092737,599.9028196942243,429.99363500234745,570.4772067028937,927.381415888065,400.5680220110168,853.342776748588,850.495136781685,713.8084183703428,944.4672556894828,843.8506435255781,771.710431030703,809.6789639227426,676.7890988006043,576.1724866366995,691.97651195742,989.0802818376293,459.4192479936781,661.6016856437884,624.5823660740499,400.5680220110168,752.7261645846833,589.4614731489135,429.04442168004647,640.7189925531667,788.7962708321209,649.2619124538757,466.063741249785,470.8098078612899,704.3162851473329,654.0079790653806,490.7432876296107,838.1553635917722,580.9185532482045,398.66959536641485,941.6196157225799,758.4214445184892,770.7612177084021,870.4286165500058,953.0101755901917,500.23542085262056,570.4772067028937,397.7203820441139,736.5895381055665,905.5495094751424,465.114527927484,810.6281772450435,633.1252859747589,615.09023285104
B02009,99000000478,Synthetic Census Tract 99000000478,1.0,Total:,52.96015303345324,43.82909216561647,+/-48,26.48007651672662,62.091213901290004,57.52568346737162,67.56985042199206,44.74219825240015,39.26356173169809,79.44022955017986,49.307728686318534,57.52568346737162,82.17954781053089,55.69947129380427,66.65674433520839,45.65530433918383,66.65674433520839,42.002879992049124,29.21939477707765,60.265001727722655,52.04704694666956,55.69947129380427,35.611137384563385,53.873259120236916,39.26356173169809,72.13538085591044,51.13394085988589,45.65530433918383,57.52568346737162,58.4387895541553,62.091213901290004,40.17666781848177,58.4387895541553,53.873259120236916,29.21939477707765,46.56841042596751,72.13538085591044,74.87469911626148,67.56985042199206,52.96015303345324,64.83053216164103,62.091213901290004,63.91742607485736,54.786365207020594,22.827652169591914,51.13394085988589,67.56985042199206,46.56841042596751,56.61257738058794,61.178107814506326,70.3091686823431,39.26356173169809,73.9615930294778,56.61257738058794,42.002879992049124,62.091213901290004,49.307728686318534,56.61257738058794,56.61257738058794,56.61257738058794,48.394622599534856,50.22083477310221,87.65818433123295,38.35045564491441,73.9615930294778,53.873259120236916,44.74219825240015,68.48295650877574,63.91742607485736,35.611137384563385,60.265001727722655,70.3091686823431,68.48295650877574,80.35333563696354,47.48151651275118,51.13394085988589,50.22083477310221,40.17666781848177,69.39606259555941,68.48295650877574,54.786365207020594,53.873259120236916,51.13394085988589,72.13538085591044
B02009,99000000479,Synthetic Census Tract 99000000479,1.0,Total:,24.77558921205881,39.640942739294104,+/-40,23.78456564357646,7.92818854785882,44.59606058170586,24.77558921205881,24.77558921205881,34.68582489688234,9.910235684823526,33.69480132839998,26.757636349023517,30.72173062295293,5.946141410894115,20.811494938129403,8.919212116341173,6.937164979376467,38.64991917081175,40.63196630777645,32.703777759917635,16.84740066419999,20.811494938129403,31.71275419143528,7.92818854785882,41.622989876258806,6.937164979376467,30.72173062295293,24.77558921205881,25.766612780541166,40.63196630777645,8.919212116341173,27.74865991750587,18.829447801164697,38.64991917081175,30.72173062295293,41.622989876258806,42.61401344474116,6.937164979376467,11.89228282178823,23.78456564357646,26.757636349023517,20.811494938129403,21.802518506611754,35.67684846536469,8.919212116341173,31.71275419143528,24.77558921205881,28.739683485988223,27.74865991750587,8.919212116341173,46.578107718670566,26.757636349023517,19.820471369647052,7.92818854785882,24.77558921205881,11.89228282178823,7.92818854785882,36.66787203384704,59.46141410894115,22.79354207509411,28.739683485988223,20.811494938129403,16.84740066419999,7.92818854785882,40.63196630777645,9.910235684823526,21.802518506611754,28.739683485988223,23.78456564357646,36.66787203384704,6.937164979376467,27.74865991750587,27.74865991750587,39.640942739294104,19.820471369647052,32.703777759917635,43.60503701322351,8.919212116341173,7.92818854785882,26.757636349023517,26.757636349023517,26.757636349023517,32.703777759917635,34.68582489688234
B02009,99000000480,Synthetic Census Tract 99000000480,1.0,Total:,211.67890521305017,170.54698524274184,+/-170,103.33140870589654,245.78830226159855,279.8976993101469,194.62420668877598,245.78830226159855,309.9942261176896,227.73038617707294,176.56629060425038,255.82047786411277,140.45045843519915,278.8944817498955,140.45045843519915,245.78830226159855,212.6821227733016,205.65959985154163,229.73682129757577,171.55020280299325,236.75934421933573,249.80117250260423,230.7400388578272,229.73682129757577,198.63707692978167,237.76256177958717,189.60811888751888,220.707863255313,170.54698524274184,191.6145540080217,176.56629060425038,236.75934421933573,209.67247009254731,251.8076076231071,223.71751593606723,220.707863255313,310.997443677941,206.66281741179307,315.0103139189467,154.4955042787191,151.48585159796482,319.0231841599524,246.79151982184996,342.0971880457351,226.7271686168215,190.6113364477703,227.73038617707294,165.53089744148474,221.7110808155644,297.9556153946725,286.92022223190685,243.7818671410957,211.67890521305017,204.6563822912902,312.00066123819244,178.5727257247532,154.4955042787191,150.48263403771338,142.456893555702,244.78508470134713,198.63707692978167,214.68855789380444,280.9009168703983,246.79151982184996,239.76899690009,184.59203108626176,242.77864958084427,224.72073349631867,228.73360373732436,279.8976993101469,210.67568765279876,249.80117250260423,246.79151982184996,168.540550122239,276.88804662939265,143.46011111595342,107.34427894690222,331.0617948829695,303.97492075618106,209.67247009254731,238.7657793398386,141.4536759954506,195.6274242490274,198.63707692978167
B02009,99000000481,Synthetic Census Tract 99000000481,1.0,Total:,127.05184665435462,127.05184665435462,+/-132,77.00111918445734,77.00111918445734,78.92614716406878,164.58989225677757,82.77620312329164,124.16430468493746,148.2271544300804,118.38922074610316,126.0893326645489,179.02760210386333,114.53916478688029,79.8886611538745,96.25139898057168,189.6152559917262,228.11581558395488,140.52704251163465,162.66486427716615,160.73983629755472,93.36385701115452,91.4388290315431,184.80268604269762,78.92614716406878,80.85117514368021,177.1025741242519,87.58877307232022,179.02760210386333,121.27676271552032,139.56452852182895,126.0893326645489,152.07721038930325,120.31424872571459,51.9757554495087,85.6637450927088,160.73983629755472,146.30212645046896,165.55240624658327,129.93938862377178,169.40246220580616,101.06396892960026,73.15106322523448,107.80156685824028,137.6395005422175,147.26464044027466,105.87653887862885,144.3770984708575,86.62625908251451,118.38922074610316,161.70235028736042,68.3384932762059,86.62625908251451,124.16430468493746,161.70235028736042,88.55128706212595,99.13894094998884,83.73871711309737,203.09045184900623,179.02760210386333,88.55128706212595,136.6769865524118,113.57665079707458,165.55240624658327,110.68910882765744,219.4531896757034,140.52704251163465,151.11469639949755,99.13894094998884,159.777322307749,136.6769865524118,97.2139129703774,64.48843731698302,130.90190261357748,115.50167877668602,125.12681867474318,76.03860519465162,89.51380105193167,144.3770984708575,173.25251816502902,78.92614716406878,171.3274901854176,109.7265948378517,140.52704251163465
B02009,99000000482,Synthetic Census Tract 99000000482,1.0,Total:,866.5028758822583,314.9264653941821,+/-346,191.14034026814522,891.0780624881627,811.8913500913596,853.7601865310486,819.1728868634796,822.8136552495395,730.8842535015267,891.0780624881627,958.4322776302711,908.3717123219473,931.1265147348217,949.3303566651213,901.0901755498274,936.5876673139115,843.7480734693839,916.5634411905821,841.9276892763539,687.1950328688079,978.4565037536005,989.3788089117802,891.0780624881627,927.4857463487618,703.5784906060774,854.6703786275637,889.2576782951328,986.6482326222354,997.5705377804151,853.7601865310486,793.6875081610601,771.8428978447007,617.1102414371545,888.3474861986177,847.3888418554438,798.2384686436351,915.6532490940671,828.2748078286293,873.7844126543781,935.6774752173966,962.9832381128459,759.100208493491,762.7409768795509,811.8913500913596,812.8015421878747,1101.3324367831224,667.1708067454783,906.5513281289174,974.8157353675406,773.6632820377306,959.342469726786,1038.529182123589,865.5926837857434,799.14866074015,777.3040504237906,911.1022886114922,981.1870800431454,1040.349566316619,847.3888418554438,999.390921973445,965.7138144023909,861.0417233031685,849.2092260484737,913.8328649010372,783.6753950993954,903.8207518393724,780.0346267133355,838.286920890294,860.1315312066534,942.0488198930015,936.5876673139115,1010.3132271316248,920.204209576642,740.8963665631915,731.7944455980416,897.4494071637675,678.093111903658,888.3474861986177,833.7359604077192,845.5684576624138,736.3454060806166,743.6269428527364,1020.3253401932894
B02009,99000000483,Synthetic Census Tract 99000000483,1.0,Total:,223.2014578232626,135.58105082652727,+/-147,82.08648655483624,237.9585790016601,273.00674180035423,376.3065900491369,185.38633480361892,189.0756150982183,197.3764957610669,183.54169465631924,162.32833296237277,187.2309749509186,255.48266040100717,219.5121775286632,175.24081399347062,207.5220165712152,220.43449760231303,141.11497126842633,208.44433664486505,240.72553922260963,266.5505012848053,261.93890091655607,205.67737642391552,232.42465855976104,219.5121775286632,214.90057716041397,268.395141432105,231.5023384861112,243.49249944355918,284.07458268415235,242.57017936990934,206.59969649756536,140.1926511947765,224.12377789691243,288.6861830524016,225.04609797056227,201.98809612931615,246.2594596645087,235.19161878071057,190.92025524551798,161.40601288872293,169.70689355157154,195.53185561376722,208.44433664486505,242.57017936990934,286.8415429051019,187.2309749509186,210.28897679216473,292.37546334700096,238.88089907530994,264.7058611375056,225.04609797056227,173.39617384617094,218.58985745501334,253.63802025370748,226.89073811786196,231.5023384861112,252.71570018005764,230.58001841246133,168.7845734779217,166.939933330622,183.54169465631924,241.6478592962595,204.75505635026568,234.26929870706073,231.5023384861112,246.2594596645087,272.08442172670436,208.44433664486505,163.25065303602264,192.7648953928177,245.33713959085887,208.44433664486505,227.8130581915118,213.97825708676413,195.53185561376722,200.14345598201643,166.939933330622,268.395141432105,317.2781053355468,257.3273005483069,261.93890091655607,288.6861830524016
B02009,99000000484,Synthetic Census Tract 99000000484,1.0,Total:,143.60442871290388,130.90471733013007,+/-134,79.12897092343684,211.9874900047629,141.65062696170793,139.69682521051195,145.55823046409986,186.58806723921526,115.27430332056231,84.01347530142677,145.55823046409986,123.0895103253462,185.6111663636173,130.90471733013007,117.22810507175828,170.9576532296475,147.51203221529585,130.90471733013007,94.75938493300461,189.51876986600922,148.48893309089382,117.22810507175828,187.56496811481324,108.43599719137642,219.80269700954676,171.93455410524547,150.4427348420898,88.8979796794167,209.05678737796893,135.78922170812,133.83541995692403,228.59480488992864,140.67372608610992,151.41963571768778,169.9807523540495,186.58806723921526,148.48893309089382,126.99711382773813,149.4658339664918,64.47545778946706,109.41289806697439,70.33686304305496,141.65062696170793,111.36669981817036,179.74976111002937,144.5813295885019,110.38979894257238,107.45909631577842,231.5255075167226,163.14244622486362,147.51203221529585,250.08662415308433,172.91145498084347,140.67372608610992,177.7959593588334,181.70356286122532,116.25120419616029,139.69682521051195,156.3041400956777,58.61405253587914,102.5745919377885,91.82868230621065,126.02021295214016,218.82579613394878,102.5745919377885,121.13570857415023,150.4427348420898,196.35707599519512,76.19826829664288,137.743023459316,150.4427348420898,137.743023459316,167.05004972725555,170.9576532296475,117.22810507175828,126.02021295214016,139.69682521051195,192.44947249280318,103.55149281338647,161.18864447366764,197.3339768707931,127.97401470333612,147.51203221529585
B02009,99000000485,Synthetic Census Tract 99000000485,1.0,Total:,264.5106501479391,188.80587786421862,+/-207,114.92531696082872,278.19223550041875,213.4327314986819,176.03639820190432,229.85063392165745,150.4974388772757,235.32326806264928,269.07117859876564,390.3812353907515,332.0064712201719,295.52224361355957,300.0827720643861,325.6217313890147,210.696414428186,287.3132924020718,276.36802412008814,182.42113803306145,283.6648696414106,271.8074956692616,229.85063392165745,305.55540620537795,391.29334108091683,290.04960947256774,210.696414428186,200.6632518363676,304.6433005152126,137.7279592149614,319.23699155785755,273.6317070495922,297.3464549938902,274.54381273975747,253.56538186595543,352.9849020939739,264.5106501479391,236.23537375281458,206.13588597735944,290.04960947256774,271.8074956692616,193.36640631504514,303.73119482504734,196.10272338554105,223.46589409050029,333.8306826005025,366.6664874464535,224.3779997806656,357.54543054480047,256.3016989364514,328.3580484595106,227.1143168511615,171.47586975107777,178.77271527240023,245.35643065446766,300.9948777545514,259.03801600694726,194.27851200521044,271.8074956692616,286.40118671190646,256.3016989364514,234.41116237248397,287.3132924020718,263.5985444577738,161.44270715925938,268.15907290860036,250.82906479545952,255.38959324628604,287.3132924020718,351.1606907136433,207.04799166752477,235.32326806264928,216.16904856917782,257.21380462661665,321.9733086283535,153.2337559477716,242.62011358397174,293.69803223322896,372.1391215874454,280.01644688074936,289.1375037824024,363.0180646857923,195.19061769537575,250.82906479545952
B02009,99000000486,Synthetic Census Tract 99000000486,1.0,Total:,119.55836368902803,107.08270834756424,+/-103,65.49719054268492,143.47003642683362,130.99438108536984,135.15293286585776,112.28089807317414,133.0736569756138,129.95474314024784,109.1619842378082,66.5368284878069,151.7871399878095,91.48813917073448,155.94569176829742,112.28089807317414,48.862983420733194,89.40886328049052,138.27184670122372,85.2503115000026,82.13139766463664,141.39076053658965,160.10424354878535,160.10424354878535,140.35112259146769,120.59800163415001,113.32053601829612,116.43944985366207,112.28089807317414,98.76560478658837,118.51872574390605,54.06117314634311,167.38170916463923,153.86641587805346,125.79619135975992,138.27184670122372,63.41791465244095,82.13139766463664,166.34207121951727,88.36922533536854,90.4485012256125,171.54026094512716,159.06460560366338,119.55836368902803,135.15293286585776,113.32053601829612,105.00343245732026,110.20162218293018,136.19257081097976,113.32053601829612,116.43944985366207,61.338638762196986,169.4609850548832,108.12234629268622,153.86641587805346,110.20162218293018,46.783707530489224,76.93320793902673,158.02496765854139,113.32053601829612,91.48813917073448,150.7475020426875,159.06460560366338,142.43039848171165,117.47908779878406,139.3114846463457,89.40886328049052,116.43944985366207,127.8754672500039,135.15293286585776,133.0736569756138,44.70443164024526,149.70786409756553,126.8358293048819,118.51872574390605,143.47003642683362,59.25936287195302,76.93320793902673,160.10424354878535,65.49719054268492,101.88451862195431,167.38170916463923,138.27184670122372,114.3601739634181
B02009,99000000487,Synthetic Census Tract 99000000487,1.0,Total:,643.9204100805944,191.10503398590737,+/-203,116.73410942981535,571.4322937411122,613.7954786148355,661.8070881383886,675.928149762963,591.2017800155164,656.1586634885589,701.346060687197,594.0259923404313,719.2327387449914,632.6235607809348,599.6744169902611,619.4439032646653,636.3891772141546,672.1625333297432,655.2172593802538,647.6860265138142,626.975136131105,685.3421908460127,716.4085264200764,568.6080814161974,651.451642947034,600.615821098566,623.2095196978852,624.1509238061901,574.2565060660271,618.5024991563604,651.451642947034,626.975136131105,641.0961977556794,611.9126703982256,634.5063689975447,688.1664031709275,791.7208550844734,628.8579443477149,510.2410267012896,733.3538003695658,601.5572252068711,586.4947594739916,673.1039374380482,618.5024991563604,665.5727045716085,698.5218483622822,574.2565060660271,546.0143828168782,673.1039374380482,609.0884580733107,669.3383210048283,751.24047842736,601.5572252068711,643.9204100805944,697.5804442539771,696.6390401456722,677.810957979573,591.2017800155164,587.4361635822966,648.6274306221192,599.6744169902611,504.5926020514599,593.0845882321264,613.7954786148355,550.721403358403,758.7717112937997,619.4439032646653,651.451642947034,722.0569510699062,651.451642947034,747.4748619941402,626.0337320228,665.5727045716085,683.4593826294027,637.3305813224596,546.9557869251831,697.5804442539771,711.7015058785516,701.346060687197,500.82698561824003,587.4361635822966,653.334451163644,554.4870197916229,611.9126703982256
B02009,99000000488,Synthetic Census Tract 99000000488,1.0,Total:,259.31186471431647,230.49943530161465,+/-240,140.22048980848226,244.90565000796556,244.90565000796556,318.8575521672336,165.19126196615716,305.4117517746394,316.93672353972016,238.18274981166846,313.09506628469325,172.874576476211,155.5871188285899,366.87826785506996,372.64075373761034,282.36180824447797,302.53050883336925,346.7095672661787,292.92636569580196,288.1242941270183,272.7576651069107,158.46836176986008,330.3825239323143,247.78689294923575,227.61819236034447,209.37032039896664,331.34293824607107,161.34960471113024,191.12244843758882,202.64742020266954,265.07435059685685,309.25340902966633,342.86791001115176,184.3995482412917,254.50979314553285,281.4013939307212,276.5993223619376,139.26007549472553,240.10357843918192,270.8368364793972,305.4117517746394,377.442825306394,136.37883255345534,234.34109255664157,264.11393628310014,358.23453903125943,173.83499078996772,316.93672353972016,346.7095672661787,227.61819236034447,259.31186471431647,205.52866314393972,145.02256137726587,292.92636569580196,291.9659513820452,254.50979314553285,293.88678000955866,338.06583844236815,252.5889645180194,239.1431641254252,262.1931076555867,157.50794745610335,432.1864411905275,210.33073471272337,212.25156334023683,189.20161981007536,343.8283243249085,153.66629020107644,177.67664804499464,186.32037686880517,287.1638798132616,306.3721660883961,355.35329608998927,164.23084765240043,263.1535219693434,300.6096802058558,282.36180824447797,158.46836176986008,284.2826368719914,302.53050883336925,286.20346549950483,415.8593978566631,129.65593235715824
B02009,99000000489,Synthetic Census Tract 99000000489,1.0,Total:,882.9002902029288,401.31831372860404,+/-410,243.72746370346925,860.3873116279095,740.970642664764,1077.686496134617,673.4317069397063,788.9330752811094,1130.5430545281406,775.2295231050107,644.0669522766376,951.4180510834221,914.2226951768687,926.9474221975318,921.074471264918,939.6721492181948,858.4296613170384,680.2834830277556,771.3142224832682,968.0580787258277,925.9685970420961,971.9733793475702,925.9685970420961,868.2179128713946,1024.8299377410938,1020.9146371193511,786.9754249702381,881.9214650474933,1027.7664132074005,887.7944159801069,781.1024740376243,842.7684588300684,1007.2110849432526,965.1216032595208,785.9965998148025,703.7752867582104,1013.0840358758662,977.8463302801839,868.2179128713946,759.5683206180407,883.8791153583644,829.0649066539697,1046.3640911606774,811.4460538561286,1104.114775331379,864.302612249652,828.0860814985341,721.3941395560516,795.7848513691587,903.4556184670769,924.0109467312249,1002.3169591660744,848.6414097626821,1099.2206495542007,834.9378575865835,1063.0041188030827,785.9965998148025,793.8272010582874,985.6769315236688,715.5211886234379,1025.8087628965293,676.3681824060131,927.9262473529674,711.6058880016955,699.859986136468,997.4228333888963,849.6202349181177,718.4576640897448,1134.4583551498831,942.6086246845016,882.9002902029288,959.2486523269072,706.7117622245173,1032.6605389845786,968.0580787258277,968.0580787258277,881.9214650474933,719.4364892451804,929.8838976638385,678.3258327168843,967.0792535703921,837.8743330528903,986.6557566791045
B02009,99000000490,Synthetic Census Tract 99000000490,1.0,Total:,46.216130550849996,68.83253486296807,+/-70,42.28284284439468,50.149418257305314,66.86589100974042,58.01599367021595,45.232808624236164,11.799863119365956,25.56637009195957,58.01599367021595,54.08270596376063,60.96595945005744,77.68243220249255,21.633082385504252,16.716472752435106,36.382911284711696,19.666438532276594,53.099384037146805,78.66575412910638,51.13274018391914,43.266164771008505,28.51633587180106,99.3155145879968,23.59972623873191,17.699794679048935,14.749828899207445,46.216130550849996,60.96595945005744,51.13274018391914,11.799863119365956,32.44962357825638,40.31619899116701,29.49965779841489,37.36623321132553,47.19945247746382,82.59904183556169,65.88256908312658,53.099384037146805,76.69911027587871,55.066027890374464,40.31619899116701,40.31619899116701,78.66575412910638,22.616404312118082,16.716472752435106,13.766506972593616,34.41626743148404,66.86589100974042,41.299520917780846,12.783185045979785,28.51633587180106,44.24948669762234,27.533013945187232,43.266164771008505,50.149418257305314,96.36554880815531,75.71578834926488,54.08270596376063,45.232808624236164,45.232808624236164,48.182774404077655,46.216130550849996,20.649760458890423,72.76582256942339,57.03267174360212,71.78250064280957,63.91592522989893,15.733150825821275,47.19945247746382,65.88256908312658,46.216130550849996,38.349555137939355,79.6490760557202,48.182774404077655,10.816541192752126,26.549692018573403,20.649760458890423,37.36623321132553,67.84921293635425,47.19945247746382,48.182774404077655,52.11606211053297,14.749828899207445
B02009,99000000491,Synthetic Census Tract 99000000491,1.0,Total:,70.22590703972689,79.2292284550765,+/-88,47.71760350135288,63.92358204898217,84.63122130428626,45.016607076748,72.92690346433177,90.033214153496,58.52158919977241,78.32889631354153,27.009964246048803,83.7308891627513,63.02324990744721,47.71760350135288,56.72092491670249,79.2292284550765,26.109632104513842,45.016607076748,110.74085340880009,77.42856417200657,91.83387843656593,95.43520700270577,116.14284625800985,82.83055702121634,98.13620342731065,58.52158919977241,68.42524275665697,96.33553914424073,77.42856417200657,71.12623918126185,26.109632104513842,75.62789988893665,69.32557489819193,55.820592775167526,70.22590703972689,70.22590703972689,21.60797139683904,57.62125705823745,108.94018912573017,62.12291776591225,63.02324990744721,112.54151769187001,82.83055702121634,59.42192134130737,127.84716409796434,98.13620342731065,46.81727135981792,71.12623918126185,38.71428208600329,66.62457847358705,50.418599925957764,84.63122130428626,75.62789988893665,22.508303538374,72.02657132279681,114.34218197493993,56.72092491670249,41.41527851060817,90.93354629503096,76.52823203047161,73.82723560586673,97.23587128577569,81.93022487968138,53.119596350562645,99.03653556884561,95.43520700270577,46.81727135981792,76.52823203047161,28.810628529118723,67.52491061512201,76.52823203047161,57.62125705823745,65.72424633205209,21.60797139683904,65.72424633205209,113.44184983340497,53.119596350562645,53.119596350562645,96.33553914424073,68.42524275665697,65.72424633205209,92.73421057810089,101.73753199345049
B02009,99000000492,Synthetic Census Tract 99000000492,1.0,Total:,175.25867409795052,118.06900149756666,+/-128,71.94829778757969,155.88797853975598,163.2672911333539,196.47419780454453,174.33626002375078,158.6552207623552,203.85351039814245,247.2069718855302,254.5862844791281,117.14658742336692,182.63798669154843,207.5431666949414,140.2069392783604,121.75865779436562,213.07765114013984,181.7155726173487,147.58625187195832,93.16382149417369,144.81900964935912,194.62936965614503,207.5431666949414,178.02591632054973,191.86212743354582,186.32764298834738,172.49143187535128,202.00868224974295,137.4396970557612,117.14658742336692,172.49143187535128,151.27590816875727,174.33626002375078,160.50004891075469,190.01729928514635,167.8793615043526,160.50004891075469,214.9224792885393,199.24144002714374,242.5949015145315,167.8793615043526,167.8793615043526,179.8707444689492,176.18108817215025,169.72418965275207,208.46558076914113,184.4828148399479,178.02591632054973,198.319025952944,255.50869855332786,236.13800299513332,133.75004075896223,183.56040076574817,231.5259326241346,148.50866594615806,128.21555631376378,216.76730743693878,142.97418150095962,112.53451705236822,98.69830593937213,150.35349409455753,230.60351854993488,195.55178373034477,156.8103926139557,148.50866594615806,184.4828148399479,178.94833039474946,189.09488521094661,149.4310800203578,120.83624372016588,211.23282299174036,154.0431503913565,184.4828148399479,142.05176742675988,183.56040076574817,168.80177557855234,168.80177557855234,242.5949015145315,215.84489336273904,227.83627632733567,146.6638377977586,138.36211112996094,180.79315854314893
B02009,99000000493,Synthetic Census Tract 99000000493,1.0,Total:,619.9355835684455,279.93631022727385,+/-261,169.46336021421175,690.7240758098251,671.418123380358,751.8595918364712,429.02116509927026,649.9670651253945,633.8787714341718,782.9636263061682,541.6392209378287,525.5509272466061,501.9547631661462,640.3140889106609,608.1375015282156,571.6707024947776,489.0841282131681,765.8027797021974,602.7747369644748,658.5474884273799,481.57625782393086,563.0902791927922,563.0902791927922,634.95132434692,723.9732161050185,722.9006631922704,564.1628321055404,752.9321447492193,629.5885597831791,611.3551602664601,631.7336656086754,624.2257952194383,599.5570782262301,555.582408803555,609.2100544409637,655.3298296891353,618.8630306556973,612.4277131792084,557.7275146290514,596.3394194879857,612.4277131792084,617.7904777429492,696.086840373566,628.5160068704309,569.5255966692813,509.46263355538343,679.9985466823433,570.5981495820295,510.5351864681316,819.4304253396062,639.2415359979127,618.8630306556973,710.0300282392923,557.7275146290514,613.5002660919565,553.4373029780586,590.9766549242448,625.2983481321864,533.0587976358433,583.4687845350076,454.7624350052265,684.2887583333361,615.6453719174528,769.0204384404419,794.7617083463981,711.1025811520404,616.717924830201,568.4530437565331,545.9294325888214,593.1217607497412,590.9766549242448,742.2066156217376,692.8691816353215,387.19160150209143,659.6200413401281,662.8377000783726,533.0587976358433,604.9198427899711,563.0902791927922,562.017726280044,584.5413374477557,811.922554950369,617.7904777429492
B02009,99000000494,Synthetic Census Tract 99000000494,1.0,Total:,292.58014906327406,256.5702845631788,+/-285,155.74266396291202,297.081382125786,390.70702982603365,397.0087561135503,253.86954472567163,202.55548781303588,388.00628998852653,247.56781843815497,270.0739837507145,357.39790516344556,263.77225746319783,341.19346613840264,407.81171546357893,302.48286180080026,322.28828727585267,172.84734960045728,196.2537615255192,249.36831166315972,190.8522818505049,271.8744769757193,410.51245530108605,340.29321952590027,303.38310841330264,243.96683198814543,421.3154146511146,226.8621463506002,326.7895203383646,273.67497020072403,370.0013577384789,224.16140651309306,207.95696748805017,239.46559892563354,156.64291057541442,342.99395936340744,342.99395936340744,241.2660921506383,161.14414363792633,391.607276438536,326.7895203383646,345.69469920091456,130.53575881284536,319.5875474383455,252.96929811316926,252.96929811316926,300.68236857579546,420.41516803861225,171.9471029879549,362.79938483845984,180.04932250047634,261.9717642381931,223.26115990059066,279.9766964882407,351.9964254884312,313.28582115082884,157.5431571879168,427.6171409386313,261.0715176256907,279.9766964882407,319.5875474383455,373.6023441884884,351.09617887592884,257.4705311756812,317.78705421334075,256.5702845631788,214.25869377556685,350.19593226342647,285.378176163255,270.97423036321686,232.26362602561449,315.98656098833595,450.12330625119085,328.5900135633693,302.48286180080026,144.03945800038107,306.08384825080975,368.20086451347413,405.11097562607176,290.77965583826926,408.7119620760813,281.7771897132455,477.1307046262623
B02009,99000000495,Synthetic Census Tract 99000000495,1.0,Total:,16.026135538601203,27.04410372138953,+/-27,17.027769009763777,5.008167355812876,5.008167355812876,9.014701240463177,4.006533884650301,23.03756983673923,15.024502067438627,15.024502067438627,9.014701240463177,21.03430289441408,12.019601653950902,15.024502067438627,25.040836779064378,13.021235125113478,20.032669423251505,29.04737066371468,15.024502067438627,16.026135538601203,13.021235125113478,22.035936365576653,25.040836779064378,5.008167355812876,4.006533884650301,5.008167355812876,7.011434298138026,25.040836779064378,11.017968182788326,14.022868596276052,6.009800826975451,38.062071904177856,22.035936365576653,16.026135538601203,17.027769009763777,14.022868596276052,13.021235125113478,18.029402480926354,20.032669423251505,29.04737066371468,19.031035952088928,31.05063760603983,17.027769009763777,31.05063760603983,27.04410372138953,33.05390454836498,29.04737066371468,5.008167355812876,13.021235125113478,16.026135538601203,29.04737066371468,5.008167355812876,22.035936365576653,15.024502067438627,4.006533884650301,15.024502067438627,20.032669423251505,5.008167355812876,13.021235125113478,18.029402480926354,16.026135538601203,6.009800826975451,12.019601653950902,21.03430289441408,31.05063760603983,24.039203307901804,30.049004134877254,5.008167355812876,16.026135538601203,17.027769009763777,22.035936365576653,6.009800826975451,12.019601653950902,14.022868596276052,6.009800826975451,14.022868596276052,13.021235125113478,5.008167355812876,20.032669423251505,23.03756983673923,15.024502067438627,4.006533884650301,12.019601653950902
B02009,99000000496,Synthetic Census Tract 99000000496,1.0,Total:,364.2336464750262,196.586379056384,+/-197,119.748048156173,352.2588416594089,294.3806183839253,318.3302280151599,487.97329623640496,371.2189492841363,290.3890167787195,382.19585369845214,285.3995147722123,273.424709956595,325.31553082426996,340.2840368437916,411.13496533619394,365.2315468763276,359.244144468519,413.13076613879684,407.1433637309882,335.2945348372844,367.2273476789305,397.16435971797375,360.24204486982046,363.2357460737248,340.2840368437916,330.3050328307772,346.27143925160027,313.34072600865267,383.1937540997536,352.2588416594089,362.2378456724233,407.1433637309882,319.3281284164613,387.18535570495936,381.1979532971507,344.27563844899737,284.40161437091086,551.8389219196972,373.2147500867392,278.4142119631022,411.13496533619394,360.24204486982046,435.0845749674286,420.1160689479069,394.17065851406943,507.9313042624338,286.39741517351376,287.3953155748152,350.263040856806,275.4205107591979,340.2840368437916,492.9627982429122,363.2357460737248,313.34072600865267,222.53178949022148,278.4142119631022,460.0320849999646,419.1181685466055,323.3197300216671,442.06987777653865,415.12656694139974,355.25254286331324,393.172758112768,266.4394071474849,313.34072600865267,352.2588416594089,454.04468259215594,318.3302280151599,293.38271798262383,442.06987777653865,292.3848175813224,335.2945348372844,355.25254286331324,355.25254286331324,402.153861724481,316.334427212557,402.153861724481,357.2483436659161,347.2693396529017,361.2399452711219,334.2966344359829,297.37431958782963,371.2189492841363
B02009,99000000497,Synthetic Census Tract 99000000497,1.0,Total:,145.95944366252127,173.02477096418085,+/-179,105.36145271003191,209.7562865878617,79.26274424057446,204.92319242685105,113.09440336764894,74.42965007956383,204.92319242685105,115.02764103205318,80.2293630727766,113.09440336764894,185.5908157828085,169.15829563537233,76.36288774396809,195.25700410482978,210.72290542006382,202.02333593024468,183.65757811840425,43.497847449095744,125.6604481862766,163.35858264215958,159.49210731335106,193.32376644042552,55.097273435521274,143.05958716591488,138.22649300490426,86.99569489819149,169.15829563537233,152.72577548793618,92.79540789140425,190.42390994381915,147.89268132692553,117.92749752865957,62.8302240931383,203.95657359464894,160.4587261455532,261.95370352677656,194.29038527262765,96.66188322021276,148.85930015912766,155.62563198454254,138.22649300490426,210.72290542006382,67.66331825414893,126.62706701847873,143.05958716591488,67.66331825414893,128.560304682883,175.92462746078724,65.73008058974467,146.9260624947234,118.8941163608617,156.59225081674467,76.36288774396809,252.28751520475532,199.1234794336383,215.55599958107447,183.65757811840425,85.06245723378723,201.05671709804255,165.29182030656384,144.99282483031914,239.72147038612766,94.72864555580851,153.6923943201383,137.25987417270213,57.997129932127656,159.49210731335106,159.49210731335106,63.79684292534042,163.35858264215958,127.59368585068084,172.05815213197872,91.82878905920212,208.78966775565956,216.52261841327658,196.2236229370319,223.28895023869148,63.79684292534042,154.65901315234044,127.59368585068084,170.12491446757446
B02009,99000000498,Synthetic Census Tract 99000000498,1.0,Total:,1031.6336126146373,414.2314696923018,+/-420,252.48394343149823,999.0868542816708,969.498892160792,982.3203424131729,1133.218949229654,1304.8291295307506,933.0070722117083,1008.9495083219637,1129.273887613537,1099.6859254926583,1224.9416318043782,1152.94425731024,1178.5871578150015,966.5400959487042,899.4740484747125,1029.6610818065787,936.9521338278255,925.116948979474,878.7624749900974,1010.9220391300222,996.1280580695828,1078.9743520080433,1157.8755843303863,1187.463546451265,1233.8180204406417,782.108465395227,964.5675651406456,1371.8951770047424,1053.3314515032816,830.4354701926621,1008.9495083219637,981.3340770091435,933.0070722117083,824.5178777684864,1176.614627006943,997.1143234736122,855.0921052933944,1166.75197296665,911.309233323064,899.4740484747125,1012.8945699380808,963.5812997366163,942.8697262520012,754.4930340824068,1014.8671007461394,784.0809962032855,1013.8808353421101,1034.5924088267252,983.3066078172021,1115.466171957127,1148.9991956941228,871.8586171618923,911.309233323064,883.6938020102439,1082.9194136241604,1012.8945699380808,1174.6420961988842,1119.411233573244,1232.8317550366125,1186.477281047236,1178.5871578150015,1164.7794421585916,958.6499727164698,953.7186456963234,1056.2902477153696,1124.3425605933905,1033.6061434226958,897.5015176666539,1155.9030535223278,1064.180370947604,946.8147878681184,878.7624749900974,1020.7846931703151,1159.848115138445,1192.3948734714115,1069.1116979677504,939.9109300399133,848.1882474651894,1040.5100012509008,1077.0018211999848,995.1417926655536
B02009,99000000499,Synthetic Census Tract 99000000499,1.0,Total:,193.269269633473,148.91238807824968,+/-141,90.82599556545725,177.42752622089324,187.9886884959464,174.2591775383773,187.9886884959464,214.39159418357931,304.16147352153126,229.17722136865376,192.21315340596766,143.6318069407231,182.70810735841982,138.3512258031965,289.37584633645685,229.17722136865376,151.0246205332603,182.70810735841982,231.2894538236644,251.35566214626542,236.57003496119097,208.05489681854743,241.85061609871755,228.12110514114843,235.51391873368567,195.38150208848361,167.92248017334538,174.2591775383773,174.2591775383773,151.0246205332603,214.39159418357931,197.49373454349424,174.2591775383773,198.54985077099957,153.13685298827093,182.70810735841982,205.94266436353678,190.10092095095703,144.68792316822842,153.13685298827093,151.0246205332603,158.41743412579754,199.6059669985049,286.2074976539409,247.13119723624413,298.88089238400465,266.14128933133986,106.66773897803701,236.57003496119097,193.269269633473,202.77431568102082,121.45336616311144,138.3512258031965,189.0448047234517,135.18287712068056,229.17722136865376,310.4981708865632,123.56559861812207,202.77431568102082,252.41177837377074,170.034712628356,183.76422358592512,178.48364244839854,193.269269633473,262.9729406488239,222.84052400362185,190.10092095095703,196.43761831598894,208.05489681854743,155.2490854432816,252.41177837377074,185.87645604093578,181.6519911309145,175.3152937658826,138.3512258031965,283.03914897142494,177.42752622089324,171.09082885586133,173.20306131087196,206.9987805910421,126.73394730063802,125.67783107313271,193.269269633473
B02009,99000000500,Synthetic Census Tract 99000000500,1.0,Total:,915.4823152452435,442.2516668745984,+/-414,268.1284260519908,963.5531486011781,824.6818522395893,746.7002781288509,1002.0098152859258,760.5874077650097,1038.3300004881876,1042.6029634531594,1169.7236116610754,1110.970370892711,946.4612967412903,926.1647226576735,837.5007411345051,858.865555959365,950.7342597062623,891.9810189378977,805.4535188972154,811.8629633446734,1053.2853708655894,964.6213893424211,774.4745374011687,830.0230559458042,930.4376856226454,847.114907805692,1077.8549079141783,714.6530558915612,952.8707411887482,1125.925741270113,1032.9887967819725,951.8025004475053,816.1359263096454,1116.311574598926,672.9916669830845,808.6582411209444,777.6792596248977,930.4376856226454,1101.356204221524,1071.4454634667202,656.9680558644396,679.4011114305424,994.5321300972249,989.19092639101,865.275000406823,682.6058336542715,1008.4192597333838,878.0938893017388,894.1175004203837,911.2093522802716,1063.9677782780193,977.440278237337,936.8471300701034,789.4299077785705,834.2960189107762,768.0650929537107,1187.8837042622063,1119.5162968226548,844.9784263232061,1007.3510189921408,701.8341669966453,839.6372226169912,766.9968522124677,784.0887040723557,863.138518924337,958.2119448949632,699.6976855141593,977.440278237337,1008.4192597333838,603.55601880229,857.797315218122,997.7368523209539,1086.4008338441222,780.8839818486266,844.9784263232061,959.2801856362062,1005.2145375096547,1123.7892597876269,865.275000406823,1100.287963480281,978.50851897858,872.7526855955239,801.1805559322435
