TBLID,GEOID,NAME,ORDER,TITLE,ESTIMATE,MOE,CME,SE,Var_Rep1,Var_Rep2,Var_Rep3,Var_Rep4,Var_Rep5,Var_Rep6,Var_Rep7,Var_Rep8,Var_Rep9,Var_Rep10,Var_Rep11,Var_Rep12,Var_Rep13,Var_Rep14,Var_Rep15,Var_Rep16,Var_Rep17,Var_Rep18,Var_Rep19,Var_Rep20,Var_Rep21,Var_Rep22,Var_Rep23,Var_Rep24,Var_Rep25,Var_Rep26,Var_Rep27,Var_Rep28,Var_Rep29,Var_Rep30,Var_Rep31,Var_Rep32,Var_Rep33,Var_Rep34,Var_Rep35,Var_Rep36,Var_Rep37,Var_Rep38,Var_Rep39,Var_Rep40,Var_Rep41,Var_Rep42,Var_Rep43,Var_Rep44,Var_Rep45,Var_Rep46,Var_Rep47,Var_Rep48,Var_Rep49,Var_Rep50,Var_Rep51,Var_Rep52,Var_Rep53,Var_Rep54,Var_Rep55,Var_Rep56,Var_Rep57,Var_Rep58,Var_Rep59,Var_Rep60,Var_Rep61,Var_Rep62,Var_Rep63,Var_Rep64,Var_Rep65,Var_Rep66,Var_Rep67,Var_Rep68,Var_Rep69,Var_Rep70,Var_Rep71,Var_Rep72,Var_Rep73,Var_Rep74,Var_Rep75,Var_Rep76,Var_Rep77,Var_Rep78,Var_Rep79,Var_Rep80
B02011,99000000001,Synthetic Census Tract 99000000001,1.0,Total:,14.425406871623927,22.668496512551886,+/-22,14.425406871623927,5.151931025579975,17.516565486971913,12.364634461391939,13.395020666507934,15.455793076739923,17.516565486971913,17.516565486971913,24.729268922783877,29.88119994836385,16.486179281855918,5.151931025579975,12.364634461391939,24.729268922783877,17.516565486971913,11.334248256275943,22.668496512551886,15.455793076739923,6.182317230695969,4.1215448204639795,27.820427538131863,20.6077241023199,13.395020666507934,16.486179281855918,20.6077241023199,14.425406871623927,17.516565486971913,5.151931025579975,4.1215448204639795,5.151931025579975,15.455793076739923,21.63811030743589,17.516565486971913,4.1215448204639795,16.486179281855918,13.395020666507934,5.151931025579975,15.455793076739923,17.516565486971913,19.577337897203904,5.151931025579975,4.1215448204639795,10.30386205115995,16.486179281855918,13.395020666507934,16.486179281855918,11.334248256275943,34.00274476882783,19.577337897203904,21.63811030743589,14.425406871623927,5.151931025579975,14.425406871623927,24.729268922783877,13.395020666507934,17.516565486971913,21.63811030743589,13.395020666507934,5.151931025579975,5.151931025579975,20.6077241023199,23.698882717667882,17.516565486971913,14.425406871623927,12.364634461391939,17.516565486971913,15.455793076739923,5.151931025579975,5.151931025579975,4.1215448204639795,15.455793076739923,26.790041333015868,16.486179281855918,6.182317230695969,18.54695169208791,16.486179281855918,6.182317230695969,14.425406871623927,25.759655127899872,21.63811030743589,5.151931025579975
B02011,99000000002,Synthetic Census Tract 99000000002,1.0,Total:,71.92437446548115,71.92437446548115,+/-67,44.01342318036907,91.24734073978954,61.18939320197651,51.52791006482232,41.86642692766814,79.43886134993441,86.95334823438768,109.49680888774743,95.5413332451914,72.99787259183162,23.61695877971023,77.29186509723348,52.60140819117279,61.18939320197651,63.33638945467744,50.45441193847186,54.74840444387372,86.95334823438768,46.16041943307,66.55688383372883,44.01342318036907,77.29186509723348,78.36536322358396,123.45228453030347,56.89540069657465,71.92437446548115,79.43886134993441,57.96889882292511,69.77737821278023,74.0713707181821,70.85087633913069,68.70388008642976,82.65935572898582,107.3498126350465,74.0713707181821,48.30741568577093,33.278441916864416,32.20494379051395,89.10034448708859,62.26289132832697,48.30741568577093,79.43886134993441,92.32083886614,61.18939320197651,91.24734073978954,75.14486884453255,45.08692130671953,40.79292880131767,52.60140819117279,64.4098875810279,90.17384261343906,25.76395503241116,117.0112957722007,118.08479389855115,70.85087633913069,59.04239694927558,50.45441193847186,65.48338570737837,70.85087633913069,68.70388008642976,98.76182762424278,86.95334823438768,105.20281638234557,34.35194004321488,70.85087633913069,65.48338570737837,46.16041943307,76.21836697088301,55.82190257022418,74.0713707181821,54.74840444387372,84.80635198168673,54.74840444387372,51.52791006482232,75.14486884453255,46.16041943307,99.83532575059326,106.27631450869603,44.01342318036907,59.04239694927558,82.65935572898582
B02011,99000000003,Synthetic Census Tract 99000000003,1.0,Total:,15.85247002264416,23.77870503396624,+/-24,14.861690646228901,15.85247002264416,18.82480815188994,27.741822539627282,19.8155875283052,15.85247002264416,5.94467625849156,6.935455634906821,24.7694844103815,23.77870503396624,4.9538968820763,12.88013189339838,27.741822539627282,4.9538968820763,4.9538968820763,14.861690646228901,13.870911269813641,29.723381292457802,17.834028775474682,16.84324939905942,12.88013189339838,12.88013189339838,12.88013189339838,5.94467625849156,24.7694844103815,14.861690646228901,20.80636690472046,28.73260191604254,5.94467625849156,4.9538968820763,20.80636690472046,10.89857314056786,4.9538968820763,25.76026378679676,27.741822539627282,14.861690646228901,16.84324939905942,6.935455634906821,20.80636690472046,17.834028775474682,22.787925657550982,14.861690646228901,16.84324939905942,4.9538968820763,12.88013189339838,14.861690646228901,27.741822539627282,21.79714628113572,6.935455634906821,5.94467625849156,26.75104316321202,17.834028775474682,5.94467625849156,19.8155875283052,23.77870503396624,16.84324939905942,17.834028775474682,4.9538968820763,15.85247002264416,13.870911269813641,15.85247002264416,16.84324939905942,17.834028775474682,20.80636690472046,11.88935251698312,13.870911269813641,4.9538968820763,4.9538968820763,23.77870503396624,25.76026378679676,5.94467625849156,18.82480815188994,23.77870503396624,5.94467625849156,4.9538968820763,19.8155875283052,16.84324939905942,25.76026378679676,14.861690646228901,14.861690646228901,16.84324939905942
B02011,99000000004,Synthetic Census Tract 99000000004,1.0,Total:,173.7709280040197,119.64555698637423,+/-126,73.11672926945091,199.40926164395705,155.72913766480454,224.0980273713041,236.44241023497764,213.65278033281112,180.4179033921516,152.88043392703372,220.299755720943,105.40203829752015,150.03173018926293,179.46833547956135,138.63691523817965,201.3083974691376,118.69598907378395,169.9726563536586,233.59370649720682,143.384754801131,225.99716319648465,150.03173018926293,221.2493236335333,193.7118541684154,246.8876572734706,239.29111397274846,131.04037193745748,155.72913766480454,188.01444669287378,164.275248878117,226.94673110907493,173.7709280040197,205.10666911949866,186.11531086769324,118.69598907378395,137.68734732558937,130.09080402486723,215.55191615799166,189.9135825180543,142.43518688854076,143.384754801131,133.8890756752283,188.96401460546406,244.98852144829007,129.14123611227694,221.2493236335333,212.70321242022084,150.98129810185318,196.56055790618623,179.46833547956135,169.02308844106835,191.81271834323488,212.70321242022084,119.64555698637423,185.16574295510296,151.93086601444347,182.31703921733214,174.72049591661,141.48561897595047,175.67006382920025,160.4769772277559,226.94673110907493,261.1311759623247,188.96401460546406,171.87179217883917,113.9481495108326,152.88043392703372,195.61098999359595,148.13259436408237,150.98129810185318,224.0980273713041,169.02308844106835,182.31703921733214,190.8631504306446,169.9726563536586,144.3343227137213,193.7118541684154,190.8631504306446,155.72913766480454,142.43518688854076,125.34296446191586,187.06487878028352,124.39339654932559
B02011,99000000005,Synthetic Census Tract 99000000005,1.0,Total:,451.87758942996925,242.51711298547616,+/-256,147.78386572552455,348.618349916622,496.40221564214653,532.4008496009282,467.982241464161,469.87690640936006,374.1963266768089,410.1949606355905,492.6128857517484,311.67238348524086,487.8762233887509,521.9801924023335,473.6662362997581,603.4507850458918,399.77430343699587,359.9863395878162,553.2421639981175,532.4008496009282,397.8796384917968,260.516429964867,429.1416100875809,469.87690640936006,413.9842905259886,451.87758942996925,557.0314938885156,351.46034733442053,421.5629503067847,565.5574861419112,430.0889425601804,385.5643163480031,474.61356877235767,454.7195868477678,514.4015326215373,488.82355586135037,395.9849735465978,507.77020531334074,404.5109657999934,341.0396901358258,400.72163590959536,380.82765398500555,580.7148057035034,341.9870226084254,383.6696514028041,445.24626212177265,413.9842905259886,542.8215067995228,474.61356877235767,316.4090458482384,478.4028986627557,372.3016617316099,413.9842905259886,502.08621047774363,460.4035816833649,330.61903293723117,404.5109657999934,450.93025695736975,477.4555661901562,430.0889425601804,570.2941485049088,487.8762233887509,525.7695222927315,372.3016617316099,459.4562492107654,407.35296321779197,380.82765398500555,502.08621047774363,431.9836075053794,380.82765398500555,382.72231893020455,547.5581691625204,530.5061846557292,351.46034733442053,377.03832409460745,575.9781433405059,503.03354295034313,404.5109657999934,409.247628162991,575.9781433405059,380.82765398500555,452.82492190256875,471.7715713545591
B02011,99000000006,Synthetic Census Tract 99000000006,1.0,Total:,246.56267117144202,355.67976820050575,+/-339,216.13578834603004,223.48020833837086,280.1371625650001,220.3325997702248,357.7781739126031,402.89389672269675,339.9417253597754,62.95217136292137,445.91121382069304,235.02143975490645,394.50027387430725,128.0027484379401,112.26470559720977,100.72347418067419,304.26882825411997,236.07064261095513,389.2542595940638,105.96948846091763,289.5799882694383,323.1544796629964,104.92028560486895,417.5827367073784,359.87657962470047,101.77267703672288,74.49340277945696,301.12121968597387,309.51484253436337,232.92303404280906,210.88977406578658,356.7289710565544,97.57586561252812,207.7421654976405,315.8100596706555,269.6451340045132,451.1572281009365,142.69158842262178,224.52941119441954,306.3672339662173,286.43237970129223,297.97361111782783,208.7913683536892,307.416436822266,233.97223689885774,363.02418819284657,333.64650822348324,297.97361111782783,365.1225939049439,161.5772398314982,518.3062108880526,250.75948259563677,346.2369424960675,148.98680555891391,79.7394170597004,79.7394170597004,204.59455692949444,232.92303404280906,328.4004939432398,94.42825704438205,387.15585388196644,343.0893339279215,131.15035700608618,359.87657962470047,309.51484253436337,93.37905418833336,99.6742713246255,254.95629401983155,244.46426545934463,265.44832258031846,271.74353971661054,388.2050567380151,87.08383705204122,242.36585974724727,247.6118740274907,281.1863654210488,330.4988996553372,99.6742713246255,275.9403511408053,237.1198454670038,472.14128522191027,293.77679969363305,237.1198454670038
B02011,99000000007,Synthetic Census Tract 99000000007,1.0,Total:,113.7745715372717,145.67398411781517,+/-137,88.25504147283692,112.71125778458692,191.39647548326082,127.59765032217386,52.10237388155433,92.50829648357606,155.2438078919782,168.0035729241956,62.735511408402154,149.9272391285543,123.34439531143474,48.91243262349998,146.73729787049996,89.31835522552171,49.975746376184766,111.64794403190213,140.35741535439126,121.21776780606517,43.59586386007607,149.9272391285543,152.05386663392386,175.44676919298908,176.51008294567384,156.307121644663,57.41894264497824,176.51008294567384,106.33137526847823,160.5603766554021,61.67219765571737,141.42072910707603,132.91421908559778,57.41894264497824,102.0781202577391,93.57161023626084,72.30533518256519,96.76155149431519,104.20474776310866,123.34439531143474,81.87515895672823,169.0668866768804,113.7745715372717,49.975746376184766,73.36864893524998,52.10237388155433,183.95327921446733,106.33137526847823,129.72427782754343,52.10237388155433,160.5603766554021,145.67398411781517,112.71125778458692,172.25682793493473,156.307121644663,99.95149275236953,149.9272391285543,106.33137526847823,99.95149275236953,97.82486524699996,130.78759158022822,38.27929509665216,130.78759158022822,69.11539392451084,53.16568763423911,44.65917761276086,168.0035729241956,162.6870041607717,105.26806151579343,57.41894264497824,190.33316173057602,110.58463027921735,102.0781202577391,159.49706290271735,105.26806151579343,93.57161023626084,203.0929267627934,108.45800277384778,104.20474776310866,131.850905332913,234.99233934333688,93.57161023626084,126.53433656948908
B02011,99000000008,Synthetic Census Tract 99000000008,1.0,Total:,377.6328025480382,250.5271275440644,+/-272,152.89523225115695,315.00102066202214,417.2381940347837,225.65862591285213,232.1060152246479,218.29018098508553,318.68524312590546,393.29074801954226,438.4224732021127,236.71129330450202,308.55363135022634,336.1852998293511,263.42190616765595,268.94823986348086,392.36969240357143,351.84324530085513,384.08019185983403,373.02752446818414,254.2113500079477,398.81708171536724,527.7648679512827,357.3695789966801,430.13297265837525,352.76430091682596,374.86963570012574,358.29063461265093,331.580021749497,493.68581016036217,438.4224732021127,381.31702501192154,428.2908614264336,386.84335870774646,406.1855266431338,420.0013608826962,571.0544819019115,430.13297265837525,407.10658225910464,397.8960260993964,451.31725182570426,392.36969240357143,431.0540282743461,252.36923877600603,372.1064688522133,325.1326324377012,295.6588527266348,280.0009072551308,250.5271275440644,386.84335870774646,388.6854699396881,239.47446015241448,274.47457355930584,458.68569675347084,280.0009072551308,256.0534612398893,329.73791051755535,405.264471027163,422.7645277306087,382.2380806278924,226.57968152882293,340.79057790920524,455.0014742895875,393.29074801954226,374.86963570012574,393.29074801954226,429.2119170424044,370.26435762027165,380.3959693959507,416.3171384188129,407.10658225910464,465.1330860652666,351.84324530085513,390.5275811716298,394.2118036355131,343.5537447571177,395.1328592514839,408.02763787507547,426.44875019449194,463.290974833325,316.8431318939638,554.4754808144367,304.8694088863431
B02011,99000000009,Synthetic Census Tract 99000000009,1.0,Total:,62.10520045459043,69.41169462571871,+/-76,42.01234148398764,55.712018054853175,46.57890034094282,63.01851222598146,56.62532982624421,90.41786536771254,38.3590943984235,36.53247085564143,42.01234148398764,51.145459197898,76.718188796847,80.37143588241113,66.6717593115456,105.03085370996911,46.57890034094282,63.01851222598146,44.75227679816075,63.9318239973725,60.27857691180836,27.39935314173107,49.318835655115926,79.45812411102011,49.318835655115926,92.24448891049461,89.5045535963215,39.27240616981454,71.23831816850078,105.03085370996911,41.099029712596604,74.89156525406493,99.55098308162289,47.49221211233386,88.59124182493046,65.75844754015458,44.75227679816075,63.01851222598146,47.49221211233386,63.9318239973725,63.01851222598146,52.97208274068007,54.79870628346214,55.712018054853175,68.49838285432767,39.27240616981454,47.49221211233386,36.53247085564143,79.45812411102011,94.07111245327668,77.63150056823804,82.19805942519321,41.099029712596604,30.13928845590418,52.058770969289036,27.39935314173107,63.01851222598146,66.6717593115456,66.6717593115456,59.36526514041732,48.40552388372489,94.07111245327668,86.76461828214839,83.11137119658424,90.41786536771254,34.705847312859355,42.01234148398764,87.67793005353943,45.66558856955179,51.145459197898,105.94416548136014,57.53864159763525,47.49221211233386,86.76461828214839,27.39935314173107,49.318835655115926,75.80487702545597,67.58507108293664,122.38377736639879,51.145459197898,83.11137119658424,67.58507108293664,62.10520045459043
B02011,99000000010,Synthetic Census Tract 99000000010,1.0,Total:,172.1918578349681,227.2117414035378,+/-223,137.5497089214242,180.34295169697842,287.32605863586394,140.60636911967808,76.41650495634678,256.75945665332523,286.30717190311265,56.03877030132098,211.92844041226843,159.9652170419526,92.71869268036744,137.5497089214242,51.963223370315816,216.0039873432736,156.90855684369873,105.96422020613421,241.47615566205585,193.5884792227452,225.1739679380352,116.15308753364711,76.41650495634678,127.36084159391132,264.9105505153355,214.9851006105223,89.66203248211356,257.7783433860765,257.7783433860765,76.41650495634678,183.39961189523228,214.9851006105223,99.85089980962647,178.30517823147585,83.54871208560581,179.32406496422712,204.7962332830094,180.34295169697842,305.66601982538714,181.36183842972972,267.9672107135894,202.7584598175068,243.51392912755844,178.30517823147585,57.057657034072264,184.41849862798358,263.89166378258426,89.66203248211356,96.7942396113726,231.28728833454295,174.2296313004707,144.68191605068324,257.7783433860765,196.64513942099907,242.49504239480714,128.37972832666262,179.32406496422712,182.38072516248099,74.3787314908442,164.04076397295776,54.0009968358184,156.90855684369873,285.28828517036135,202.7584598175068,88.64314574936228,177.28629149872455,272.0427576445946,68.26541109433646,72.34095802534162,239.43838219655328,149.7763497144397,162.0029905074552,272.0427576445946,154.87078337819617,239.43838219655328,162.0029905074552,227.2117414035378,232.30617506729422,97.81312634412389,149.7763497144397,76.41650495634678,204.7962332830094,83.54871208560581
B02011,99000000011,Synthetic Census Tract 99000000011,1.0,Total:,3.7169385953541587,6.504642541869778,+/-7,3.7169385953541587,7.433877190708317,0.9292346488385397,2.7877039465156193,3.7169385953541587,4.646173244192698,1.8584692976770794,2.7877039465156193,5.5754078930312385,3.7169385953541587,1.8584692976770794,0.9292346488385397,3.7169385953541587,3.7169385953541587,0.9292346488385397,6.504642541869778,3.7169385953541587,5.5754078930312385,5.5754078930312385,3.7169385953541587,4.646173244192698,0.9292346488385397,5.5754078930312385,3.7169385953541587,3.7169385953541587,3.7169385953541587,7.433877190708317,3.7169385953541587,0.9292346488385397,3.7169385953541587,4.646173244192698,4.646173244192698,3.7169385953541587,1.8584692976770794,5.5754078930312385,1.8584692976770794,3.7169385953541587,0.9292346488385397,1.8584692976770794,3.7169385953541587,2.7877039465156193,0.9292346488385397,4.646173244192698,3.7169385953541587,3.7169385953541587,2.7877039465156193,6.504642541869778,2.7877039465156193,0.9292346488385397,3.7169385953541587,5.5754078930312385,4.646173244192698,4.646173244192698,2.7877039465156193,7.433877190708317,0.9292346488385397,3.7169385953541587,1.8584692976770794,0.9292346488385397,6.504642541869778,4.646173244192698,7.433877190708317,0.9292346488385397,4.646173244192698,2.7877039465156193,3.7169385953541587,1.8584692976770794,2.7877039465156193,5.5754078930312385,2.7877039465156193,0.9292346488385397,0.9292346488385397,3.7169385953541587,4.646173244192698,0.9292346488385397,6.504642541869778,2.7877039465156193,6.504642541869778,5.5754078930312385,3.7169385953541587,2.7877039465156193
B02011,99000000012,Synthetic Census Tract 99000000012,1.0,Total:,622.985710283392,283.27213493227737,+/-266,172.51911977078547,547.375478778912,527.1417548551779,643.2194342071261,706.0504716545109,486.6743070077097,615.5311804167532,566.5442698645547,652.8038297499476,746.5179195019791,556.9598743217333,626.1805087976658,772.0763076161695,616.5961132548443,667.7128894832252,554.8300086455508,561.2196056740985,491.998971198166,546.3105459408207,650.673964073765,713.5050015211498,646.4142327213999,527.1417548551779,661.3232924546777,509.0378966076263,818.9333524921853,580.3883967597412,563.349471350281,555.8949414836421,568.6741355407373,679.4271507022293,560.1546728360072,727.3491284163363,460.0509860554279,631.5051729881221,514.3625607980827,662.3882252927689,757.1672478828918,735.8685911210664,712.4400686830586,529.2716205313603,505.84309809335247,532.4664190456342,664.5180909689515,796.5697628922687,510.10282944571753,678.362217864138,664.5180909689515,589.9727923025627,648.5440983975824,626.1805087976658,600.6221206834754,896.6734496728479,545.2456131027294,588.9078594644714,696.4660761116895,553.7650758074595,543.1157474265468,650.673964073765,647.4791655594912,575.0637325692849,566.5442698645547,628.3103744738484,605.9467848739317,659.1934267784951,767.8165762638044,630.4402401500308,614.4662475786619,555.8949414836421,535.661217559908,698.5959417878721,558.0248071598246,651.7388969118563,514.3625607980827,742.258188149614,469.63538159824935,680.4920835403204,619.7909117691182,576.1286654073762,683.6868820545943,595.297456493019
B02011,99000000013,Synthetic Census Tract 99000000013,1.0,Total:,708.0812640016238,541.6436842838508,+/-563,329.0268916964067,489.69206980547085,483.9196681967619,453.1335262836478,519.5161447838001,898.5705170890171,625.3435076101298,722.512268023396,543.5678181534205,832.187898588865,755.2225438060798,643.6227793710412,854.3154380889157,865.8602413063335,707.119197066839,1036.1460887632456,837.9603001975738,526.2506133272938,831.2258316540801,848.5430364802069,740.7915397843076,482.9576012619771,585.8987632839523,534.9092157403571,335.76136023990045,852.391304219346,814.8706937627383,667.6744527406615,296.316615913723,756.1846107408646,762.9190792843583,620.5331729362057,698.4605946537756,651.3193148493198,792.7431542626875,934.1669936760553,745.6018744582316,752.3363430017253,578.2022278056738,805.2500244148902,581.0884286100282,753.2984099365101,933.2049267412706,857.2016388932701,787.9328195887634,618.609039066636,629.1917753492689,609.9504366535728,909.1532533716502,379.0543723052171,670.5606535450161,938.9773283499794,612.8366374579272,738.8674059147379,779.2742171757002,463.7162625662808,668.6365196754464,610.9125035883575,733.0950043060291,587.8228971535219,800.4396897409661,868.7464421106879,697.4985277189909,876.4429775889664,905.3049856325109,507.00927463159746,606.1021689144334,646.5089801753957,1122.732112893879,498.35067221853416,576.2780939361041,761.9570123495735,493.5403375446101,696.536460784206,660.9399841971679,380.0164392400019,682.1054567624338,896.6463832194476,897.6084501542324,492.57827060982527,723.4743349581809
B02011,99000000014,Synthetic Census Tract 99000000014,1.0,Total:,162.53551765399,222.90585278261486,+/-240,135.6010604427574,163.46429204058424,153.2477737880477,229.40727348877448,231.26482226196293,194.11384679819378,239.62379174131098,157.89164572101888,117.95434709746704,168.10816397355538,68.72930460797292,208.97423698370145,276.77476720508014,96.59253620579977,204.3303650507303,186.68365170543996,114.23924955109013,154.17654817464194,106.80905445833629,249.8403099938475,95.66376181920555,175.5383590663092,182.96855415906305,173.68081029312074,139.3161579891343,247.0539868340648,148.60390185507657,204.3303650507303,367.79465709131455,173.68081029312074,162.53551765399,220.11952962283218,174.60958467971497,123.5269934170324,158.8204201076131,208.04546259710722,84.5184691800748,257.2705050866013,155.1053225612362,117.02557271087281,462.52964452392587,171.8232615199323,181.1110053858746,108.66660323152475,147.67512746848234,129.09963973659777,261.9143770195725,125.38454219022087,27.863231597826857,246.12521244747057,218.26198084964372,80.80337163369789,266.55824895254364,211.76056014348413,122.59821903043817,163.46429204058424,170.89448713333806,179.25345661268614,223.83462716920909,175.5383590663092,160.67796888080156,189.46997486522264,119.81189587065549,121.66944464384395,197.8289443445707,94.73498743261132,147.67512746848234,202.47281627754185,107.73782884493052,138.38738360254007,230.3360478753687,128.17086535000354,32.507103530798,208.04546259710722,95.66376181920555,170.89448713333806,242.41011490109366,180.18223099928036,258.19927947319553,133.74351166956893,114.23924955109013
B02011,99000000015,Synthetic Census Tract 99000000015,1.0,Total:,132.2716795286938,111.67199173324148,+/-103,67.22003385884439,119.26135039472392,157.20814370213608,108.41940944974901,132.2716795286938,150.70297913515114,162.6291141746235,137.69265000118125,147.45039685165867,150.70297913515114,102.99843897726157,125.76651496170886,184.31299606457333,156.1239496076386,114.92457401673396,108.41940944974901,122.51393267821639,73.72519842582933,99.7458566937691,138.77684409567874,96.49327441027663,140.94523228467372,94.32488622128164,111.67199173324148,134.44006771768878,134.44006771768878,188.6497724425633,107.33521535525152,109.5036035442465,118.17715630022643,209.2494602380156,191.90235472605576,102.99843897726157,88.90391574879419,191.90235472605576,190.81816063155827,91.07230393778917,158.29233779663357,143.1136204736687,96.49327441027663,157.20814370213608,133.3558736231913,118.17715630022643,163.713308269121,151.78717322964863,110.587797638744,132.2716795286938,83.48294527630674,76.9777807093218,107.33521535525152,213.58623661600555,106.25102126075403,87.8197216542967,142.0294263791712,162.6291141746235,114.92457401673396,138.77684409567874,205.99687795452314,146.36620275716118,119.26135039472392,158.29233779663357,131.1874854341963,155.0397555131411,153.9555614186436,130.1032913396988,108.41940944974901,139.86103819017623,147.45039685165867,172.38686102510093,149.61878504065365,73.72519842582933,79.14616889831679,151.78717322964863,189.73396653706078,113.84037992223647,99.7458566937691,173.47105511959842,109.5036035442465,69.38842204783937,156.1239496076386,125.76651496170886
B02011,99000000016,Synthetic Census Tract 99000000016,1.0,Total:,38.25736012642928,38.25736012642928,+/-41,23.32765861367639,66.25055046284095,40.123572815523396,48.521529916446895,19.59523323548817,66.25055046284095,19.59523323548817,30.792509370052837,30.792509370052837,40.123572815523396,47.58842357189984,43.85599819371161,16.795914201847,41.05667916007045,27.99319033641167,39.19046647097634,15.862807857299947,54.120167983729225,44.78910453825867,47.58842357189984,47.58842357189984,35.458041092788115,42.92289184916456,34.52493474824106,34.52493474824106,49.45463626099395,36.39114743733517,20.528339580035226,42.92289184916456,55.98638067282334,51.32084895008806,54.120167983729225,29.85940302550578,44.78910453825867,46.65531722735278,36.39114743733517,34.52493474824106,30.792509370052837,40.123572815523396,27.99319033641167,53.187061639182176,58.785699706464506,39.19046647097634,47.58842357189984,21.46144592458228,64.38433777374684,22.394552269129335,35.458041092788115,34.52493474824106,36.39114743733517,59.71880605101156,50.38774260554101,18.662126890941114,40.123572815523396,29.85940302550578,37.32425378188223,21.46144592458228,44.78910453825867,41.9897855046175,50.38774260554101,51.32084895008806,39.19046647097634,40.123572815523396,33.591828403694,31.725615714599893,45.722210882805726,32.658722059146946,24.260764958223447,37.32425378188223,43.85599819371161,55.05327432827628,52.25395529463512,32.658722059146946,40.123572815523396,46.65531722735278,37.32425378188223,33.591828403694,40.123572815523396,33.591828403694,26.12697764731756,45.722210882805726
B02011,99000000017,Synthetic Census Tract 99000000017,1.0,Total:,36.363872625768316,63.15830508686076,+/-66,38.277760658703485,40.19164869163866,44.976368773976596,8.612496148208285,33.49304057636555,56.45969697158765,14.354160247013809,13.39721623054622,44.019424757509015,44.976368773976596,12.440272214078634,61.24441705392558,31.57915254343038,95.69440164675872,34.44998459283314,28.708320494027618,42.10553672457384,10.52638418114346,49.76108885631454,13.39721623054622,11.483328197611046,39.23470467517107,42.10553672457384,55.50275295512006,39.23470467517107,8.612496148208285,57.416640988055235,48.80414483984695,13.39721623054622,49.76108885631454,37.320816642235904,9.569440164675871,26.79443246109244,16.26804827994898,37.320816642235904,41.14859270810625,40.19164869163866,59.330529020990404,44.976368773976596,71.77080123506904,16.26804827994898,47.84720082337936,21.05276836228692,63.15830508686076,42.10553672457384,12.440272214078634,65.07219311979593,67.94302516919869,13.39721623054622,30.62220852696279,41.14859270810625,11.483328197611046,44.976368773976596,11.483328197611046,28.708320494027618,57.416640988055235,43.062480741041426,67.94302516919869,24.88054442815727,46.89025680691177,56.45969697158765,36.363872625768316,34.44998459283314,16.26804827994898,30.62220852696279,58.373585004522816,12.440272214078634,16.26804827994898,64.11524910332834,20.09582434581933,26.79443246109244,60.28747303745799,44.019424757509015,62.20136107039317,30.62220852696279,48.80414483984695,36.363872625768316,9.569440164675871,32.53609655989796,13.39721623054622,61.24441705392558
B02011,99000000018,Synthetic Census Tract 99000000018,1.0,Total:,0.0,13.030117506537765,+/-14,8.376504111345707,0.0,0.0,0.0,0.0,0.0,0.0,0.0,0.0,0.0,0.0,0.0,0.0,0.0,0.0,0.0,0.0,0.0,0.0,0.0,0.0,0.0,0.0,0.0,0.0,0.0,0.0,0.0,0.0,0.0,0.0,0.0,0.0,0.0,0.0,0.0,0.0,0.0,0.0,0.0,0.0,0.0,0.0,0.0,0.0,0.0,0.0,0.0,0.0,0.0,0.0,0.0,0.0,0.0,0.0,0.0,0.0,0.0,0.0,0.0,0.0,0.0,0.0,0.0,0.0,0.0,0.0,0.0,0.0,0.0,0.0,0.0,0.0,0.0,0.0,0.0,0.0,0.0,0.0,0.0,0.0
B02011,99000000019,Synthetic Census Tract 99000000019,1.0,Total:,29.539136407458273,37.84701852205591,+/-41,23.077450318326775,38.77011653478898,36.92392050932284,35.0777244838567,41.539410572988196,36.00082249658977,42.46250858572127,33.23152845839056,24.000548331059846,32.308430445657486,9.23098012733071,30.462234420191344,13.846470190996065,34.15462647112363,27.69294038199213,20.308156280127562,35.0777244838567,45.23180262392048,13.846470190996065,10.154078140063781,45.23180262392048,49.847292687585835,33.23152845839056,29.539136407458273,33.23152845839056,33.23152845839056,48.00109666211969,29.539136407458273,36.92392050932284,34.15462647112363,21.231254292860633,29.539136407458273,21.231254292860633,29.539136407458273,33.23152845839056,11.077176152796852,27.69294038199213,59.078272814916545,19.38505826739449,20.308156280127562,12.923372178262994,22.154352305593704,29.539136407458273,33.23152845839056,15.692666216462207,38.77011653478898,16.61576422919528,27.69294038199213,45.23180262392048,34.15462647112363,54.46278275125119,31.385332432924415,47.07799864938662,28.6160383947252,33.23152845839056,35.0777244838567,30.462234420191344,20.308156280127562,40.616312560255125,65.53995890404804,13.846470190996065,12.000274165529923,32.308430445657486,34.15462647112363,22.154352305593704,35.0777244838567,16.61576422919528,27.69294038199213,27.69294038199213,36.92392050932284,32.308430445657486,24.923646343792917,33.23152845839056,24.000548331059846,35.0777244838567,50.770390700318906,28.6160383947252,11.077176152796852,35.0777244838567,51.69348871305198,34.15462647112363
B02011,99000000020,Synthetic Census Tract 99000000020,1.0,Total:,623.0141966511615,276.69425859979015,+/-306,168.1867062077156,647.4283959393782,514.5066442590869,649.2368551459128,774.0205403967985,561.5265836289859,604.9296045858157,848.1673678647162,698.9694833256137,599.504226966212,763.1697851575911,617.5888190315577,625.7268854609633,651.0453143524475,489.1882153676028,554.2927468028475,612.1634414119541,616.6845894282905,618.4930486348251,649.2368551459128,618.4930486348251,767.6909331739275,609.4507526021522,461.15709766631693,591.3661605368064,667.3214472112586,626.6311150642306,423.17945432909085,589.5577013302718,749.6063411085818,510.88972584601777,531.6870067211654,697.1610241190791,678.1722024504661,724.2879122170978,561.5265836289859,595.8873085531428,682.6933504668025,602.2169157760138,650.1410847491801,727.9048306301669,633.864951890369,627.535344667498,660.9918399883876,614.876130221756,626.6311150642306,731.521749043236,481.05014893819725,677.2679728471987,790.2966732556098,687.214498483139,624.8226558576961,679.9806616570006,526.2616291015617,594.9830789498756,508.1770370362159,566.9519612485897,557.0054356126494,570.5688796616588,730.6175194399688,480.14591933492994,674.5552840373969,546.154680373442,693.54410570601,753.223259521651,552.484287596313,523.5489402917598,656.4706919720511,630.2480334772998,629.3438038740325,592.2703901400737,592.2703901400737,761.3613259510565,701.6821721354155,518.123562672156,546.154680373442,651.9495439557147,708.9160089615539,526.2616291015617,566.0477316453223,521.7404810852253
B02011,99000000021,Synthetic Census Tract 99000000021,1.0,Total:,20.043739800322744,30.97668878231697,+/-34,19.13266071848989,19.13266071848989,36.443163273314084,38.26532143697978,25.510214291319855,17.31050255482419,40.08747960064549,20.954818882155596,23.688056127654153,29.154530618651265,36.443163273314084,34.62100510964838,32.798846945982675,18.221581636657042,29.154530618651265,14.577265309325632,33.70992602781553,20.043739800322744,24.599135209487006,18.221581636657042,4.555395409164261,22.7769770458213,4.555395409164261,9.110790818328521,19.13266071848989,17.31050255482419,4.555395409164261,18.221581636657042,22.7769770458213,9.110790818328521,8.199711736495669,6.377553572829964,6.377553572829964,18.221581636657042,6.377553572829964,23.688056127654153,4.555395409164261,21.86589796398845,21.86589796398845,18.221581636657042,8.199711736495669,12.755107145659927,8.199711736495669,8.199711736495669,17.31050255482419,20.954818882155596,7.288632654662816,28.243451536818412,19.13266071848989,5.466474490997112,9.110790818328521,7.288632654662816,9.110790818328521,33.70992602781553,7.288632654662816,13.66618622749278,7.288632654662816,25.510214291319855,22.7769770458213,19.13266071848989,25.510214291319855,22.7769770458213,29.154530618651265,30.97668878231697,16.399423472991337,19.13266071848989,30.97668878231697,26.421293373152707,16.399423472991337,32.798846945982675,27.33237245498556,26.421293373152707,27.33237245498556,16.399423472991337,30.065609700484117,20.043739800322744,28.243451536818412,20.954818882155596,14.577265309325632,25.510214291319855,30.065609700484117
B02011,99000000022,Synthetic Census Tract 99000000022,1.0,Total:,362.7521781446222,258.97513748984625,+/-277,158.00288171763182,285.15312972708705,265.5196355491565,435.6765850912215,378.6459591458041,509.535920332008,311.3311219643278,387.9952420876758,265.5196355491565,294.50241266895875,554.4124784529922,442.2210831505317,365.5569630271837,379.5808874399913,291.6976277863972,407.6287362656064,306.65648049339194,263.6497789607821,326.28997467132257,348.7282537318146,284.2182014328999,244.01628478285153,242.14642819447718,489.9024261540774,373.03638938068104,487.0976412715159,386.12538549930144,384.2555289109271,172.02680613043938,253.36556772472323,452.50529438659055,481.4880715063929,358.0775366736863,398.2794533237347,326.28997467132257,411.3684494423551,344.988540555066,375.8411742632426,409.4985928539807,344.05361226087877,466.5292187993981,299.1770541398946,257.10528090147193,379.5808874399913,332.83447273063274,359.9473932620607,229.99236037004397,339.3789707899429,320.6804049061995,392.6698835586117,488.9674978598902,391.73495526442446,373.03638938068104,326.28997467132257,272.9990619026538,514.2105618029439,390.8000269702373,389.86509867605014,393.60481185279883,365.5569630271837,405.758879677232,262.71485066659494,277.67370337358966,417.91294750166526,272.06413360846665,309.4612653759535,269.2593487259051,416.9780192074781,202.879439838616,316.00576343526365,352.4679669085633,413.2383060307294,393.60481185279883,337.5091142015686,299.1770541398946,524.4947730390027,432.87180020866,432.87180020866,448.7655812098419,356.207680085312,403.8890230888577
B02011,99000000023,Synthetic Census Tract 99000000023,1.0,Total:,454.42751687619216,275.0242687306814,+/-302,167.56445512068007,471.7303682201754,534.5670388904305,448.0527821705141,472.64104460670086,452.6061641031413,541.8524499826339,364.27055461017403,424.37519612085276,447.14210578398865,401.6082864577169,438.03534191873433,521.8175694790743,371.55596570237753,338.7716157874619,444.41007662441234,428.92857805347995,436.21398914568346,531.8350097308542,449.87413494356497,567.3513888053461,357.895819904496,473.5517209932263,379.7520531811065,529.1029805712778,348.78905603924164,483.56916124500606,443.4994002378869,358.80649629102146,409.8043739364458,453.5168404896667,622.9026483833976,440.7673710783106,367.00258376975034,561.8873304861935,562.7980068727189,494.49727788331126,405.2509920038186,437.1246655322089,380.6627295676319,587.3862693089056,530.0136569578033,457.1595460357684,349.6997324257671,481.7478084719552,486.30119040458237,434.3926363726326,521.8175694790743,400.6976100711915,407.98302116339494,334.2182338548347,571.9047707379733,439.85669469178515,329.6648519222075,272.2922395711051,436.21398914568346,471.7303682201754,619.2599428372959,313.2726769647497,386.1267878867845,512.71080561382,538.2097444365322,475.3730737662772,330.57552830873294,585.5649165358548,482.6584848584806,611.063855358567,454.42751687619216,273.2029159576305,535.4777152769559,381.57340595415735,561.8873304861935,396.1442281385643,333.30755746830926,394.3228753655134,339.6822921739873,563.7086832592444,440.7673710783106,521.8175694790743,375.1986712484793,583.7435637628039
B02011,99000000024,Synthetic Census Tract 99000000024,1.0,Total:,212.8098115134386,170.04420345810644,+/-167,102.84110508544161,221.97387038243835,150.69785695688475,183.28117737999497,154.77077200977354,309.5415440195471,256.59364833199294,199.57283759155007,136.44265427177402,253.53896204232638,173.09888974777303,260.6665633848817,233.1743867778825,252.52073327910418,160.8801445891067,257.61187709521516,289.1769687551032,231.1379292514381,229.1014717249937,240.30198812043784,236.22907306754905,199.57283759155007,183.28117737999497,217.90095532954956,108.95047766477478,165.97128840521765,157.8254582994401,178.190033563884,213.8280402766608,240.30198812043784,164.95305964199548,178.190033563884,345.17955073232383,233.1743867778825,163.93483087877328,343.14309320587944,208.73689646054981,232.1561580146603,229.1014717249937,217.90095532954956,194.4816937754391,189.39054995932813,164.95305964199548,142.5520268511072,182.26294861677277,273.90353730677026,240.30198812043784,178.190033563884,157.8254582994401,323.7967467046578,195.49992253866128,261.6847921481039,214.846269039883,218.91918409277176,220.95564161921615,244.37490317332663,271.86707978032587,231.1379292514381,230.1197004882159,221.97387038243835,202.62752388121666,158.8436870626623,142.5520268511072,201.60929511799446,106.9140201383304,232.1561580146603,192.44523624899472,143.5702556143294,224.01032790888274,214.846269039883,191.42700748577252,247.4295894629932,324.81497546787995,207.71866769732762,141.533798087885,302.41394267699167,228.0832429617715,264.7394784377705,325.8332042311022,203.64575264443886,184.29940614321717
B02011,99000000025,Synthetic Census Tract 99000000025,1.0,Total:,6.216857432159408,10.361429053599014,+/-10,6.216857432159408,2.072285810719803,6.216857432159408,12.433714864318816,6.216857432159408,9.325286148239112,2.072285810719803,7.2530003375193095,8.289143242879211,7.2530003375193095,6.216857432159408,6.216857432159408,5.180714526799507,6.216857432159408,4.144571621439606,2.072285810719803,8.289143242879211,10.361429053599014,1.0361429053599014,5.180714526799507,14.506000675038619,9.325286148239112,6.216857432159408,2.072285810719803,5.180714526799507,3.108428716079704,9.325286148239112,8.289143242879211,2.072285810719803,3.108428716079704,7.2530003375193095,4.144571621439606,8.289143242879211,5.180714526799507,6.216857432159408,9.325286148239112,4.144571621439606,2.072285810719803,8.289143242879211,6.216857432159408,2.072285810719803,2.072285810719803,7.2530003375193095,12.433714864318816,6.216857432159408,8.289143242879211,3.108428716079704,6.216857432159408,11.397571958958915,6.216857432159408,7.2530003375193095,7.2530003375193095,5.180714526799507,5.180714526799507,4.144571621439606,3.108428716079704,7.2530003375193095,12.433714864318816,3.108428716079704,5.180714526799507,9.325286148239112,8.289143242879211,5.180714526799507,1.0361429053599014,6.216857432159408,2.072285810719803,10.361429053599014,6.216857432159408,1.0361429053599014,3.108428716079704,6.216857432159408,8.289143242879211,6.216857432159408,5.180714526799507,8.289143242879211,11.397571958958915,5.180714526799507,2.072285810719803,9.325286148239112,7.2530003375193095,2.072285810719803
B02011,99000000026,Synthetic Census Tract 99000000026,1.0,Total:,153.6599963445257,134.08547451719758,+/-137,81.23426558341167,164.42598334955616,98.85133522800697,119.40458314670148,184.97923126825066,197.70267045601395,200.63884873011315,236.85171411067017,164.42598334955616,198.68139654738036,65.57464812154917,184.00050517688427,77.31936121794605,127.23439187763273,104.7236917762054,130.17057015173197,161.48980507545693,205.53247918694518,112.55350050713665,136.04292669993038,161.48980507545693,211.40483573514362,105.70241786757181,89.06407431434292,154.6387224358921,178.12814862868584,179.10687472005225,219.23464446607485,143.87273543086164,157.5749007099913,108.63859614167103,173.2345181718538,105.70241786757181,122.3407614208007,112.55350050713665,173.2345181718538,192.80903999918192,223.1495488315405,113.53222659850306,186.93668345098348,146.80891370496084,200.63884873011315,138.9791049740296,105.70241786757181,202.59630091284598,203.5750270042124,133.10674842583117,185.95795735961707,162.46853116682334,140.9365571567624,102.76623959347259,160.51107898409052,87.10662213161011,124.29821360353351,115.48967878123587,160.51107898409052,213.36228791787644,227.06445319700612,114.51095268986946,143.87273543086164,177.14942253731942,174.21324426322022,152.68127025315928,108.63859614167103,165.40470944092255,188.8941356337163,141.91528324812882,227.06445319700612,159.53235289272413,146.80891370496084,110.59604832440384,172.2557920804874,102.76623959347259,127.23439187763273,138.9791049740296,153.6599963445257,141.91528324812882,166.38343553228896,134.08547451719758,159.53235289272413,258.3836881207311
B02011,99000000027,Synthetic Census Tract 99000000027,1.0,Total:,218.73679580162306,149.35772400551355,+/-155,90.57823262269854,258.24432279662983,246.68114416394494,167.66609017393134,194.6468403168628,275.58909074565724,228.37277799552714,154.17571510246557,203.31922429137649,203.31922429137649,224.5183851179655,281.3706800619997,193.6832420974724,230.29997443430796,214.8824029240614,245.71754594455453,222.59118867918468,162.84809907697928,238.97235840882166,164.7752955157601,186.93805456173953,212.9552064852806,280.4070818426093,188.86525100052035,201.39202785259567,237.04516197004082,115.6317863268492,137.79454537282862,219.70039402101347,224.5183851179655,211.9916082658902,278.47988540382846,222.59118867918468,267.88030499053394,249.57193882211615,161.88450085758888,162.84809907697928,158.99370619941763,239.93595662821207,155.139313321856,201.39202785259567,317.02381417944486,219.70039402101347,154.17571510246557,242.82675128638328,255.3535281384586,111.77739344928754,168.62968839332174,235.11796553126,253.4263316996778,240.89955484760247,267.88030499053394,220.66399224040387,238.97235840882166,211.9916082658902,182.12006346478748,158.99370619941763,180.19286702600664,260.1715192354107,214.8824029240614,278.47988540382846,232.2271708730888,152.24851866368476,111.77739344928754,276.55268896504765,310.278626643712,160.92090263819844,164.7752955157601,192.71964387808197,195.6104385362532,230.29997443430796,213.918804704671,209.10081360771895,250.5355370415066,211.9916082658902,221.62759045979428,185.9744563423491,141.64893825039024,217.77319758223263,177.30207236783542,259.20792101602024
B02011,99000000028,Synthetic Census Tract 99000000028,1.0,Total:,48.04345187541341,56.050693854648976,+/-56,34.030778411751164,55.04978860724453,52.04707286503119,64.05793583388454,58.05250434945787,77.06970405014233,55.04978860724453,55.04978860724453,91.08237751380459,50.0452623702223,76.06879880273789,49.04435712281785,78.07060929754678,54.04888335984008,43.03892563839118,36.03258890656006,51.04616761762674,88.07966177159125,62.05612533907565,53.047978112435636,19.017199700684472,44.039830885795624,27.02444167992004,68.06155682350233,46.04164138060452,27.02444167992004,32.02896791694227,28.025346927324488,30.027157422133378,46.04164138060452,18.01629445328003,56.050693854648976,43.03892563839118,46.04164138060452,40.03620989617784,55.04978860724453,52.04707286503119,24.021725937706705,17.015389205875582,44.039830885795624,20.01810494808892,73.06608306052456,25.02263118511115,43.03892563839118,45.04073613320007,41.037115143582284,18.01629445328003,20.01810494808892,49.04435712281785,49.04435712281785,23.02082069030226,63.057030586480096,31.028062669537825,51.04616761762674,50.0452623702223,43.03892563839118,45.04073613320007,33.02987316434672,17.015389205875582,56.050693854648976,63.057030586480096,46.04164138060452,65.05884108128899,45.04073613320007,39.03530464877339,76.06879880273789,71.06427256571567,60.054314844266756,77.06970405014233,64.05793583388454,68.06155682350233,56.050693854648976,76.06879880273789,46.04164138060452,42.03802039098673,49.04435712281785,56.050693854648976,59.05340959686231,53.047978112435636,52.04707286503119,54.04888335984008
B02011,99000000029,Synthetic Census Tract 99000000029,1.0,Total:,246.17522635434509,204.25018780491516,+/-190,124.70011465984294,223.60020559695974,312.82528763805425,346.15031827990884,216.07519867783128,225.75020757385357,120.40011070605524,244.02522437745125,249.40022931968588,176.3001621052952,209.62519274714975,285.9502629268812,130.07511960207754,192.425176931999,365.5003360719534,191.35017594355207,278.42525600775275,278.42525600775275,228.97521053919434,341.8503143261211,244.02522437745125,190.27517495510517,221.4502036200659,205.32518879336206,312.82528763805425,291.3252678691158,319.2752935687358,267.67524612328356,209.62519274714975,293.47526984600967,241.87522240055742,117.17510774071448,322.50029653407654,345.0753172914619,189.20017396665824,263.37524216949583,262.30024118104893,270.9002490886243,233.27521449298203,188.1251729782113,265.5252441463897,193.50017792044594,260.15023920415507,207.47519077025592,307.4502826958196,271.9752500770712,321.42529554562964,221.4502036200659,230.05021152764127,274.1252520539651,264.4502431579428,121.47511169450216,447.2004111939195,339.7003123492273,207.47519077025592,236.5002174583228,230.05021152764127,253.70023327347354,238.65021943521666,192.425176931999,310.6752856611604,226.8252085623005,287.02526391532814,303.15027874203196,219.30020164317204,217.1501996662782,117.17510774071448,232.2002135045351,195.65017989733977,162.3251492554852,233.27521449298203,280.5752579846466,150.50013838256905,184.90017001287055,334.3253074069927,255.8502352503674,242.95022338900432,255.8502352503674,274.1252520539651,327.87530147631117,340.7753133376742
B02011,99000000030,Synthetic Census Tract 99000000030,1.0,Total:,253.64363911137258,123.07602741691075,+/-115,74.9158427755109,260.06499706355925,203.34300181924385,312.50608700641686,296.45269212595025,263.2756760396526,292.1717868244925,212.97503874752383,305.01450272886575,237.59024423090597,287.8908815230347,201.20254916851496,287.8908815230347,192.64073856559943,195.85141754169277,255.78409176210147,264.345902365017,235.44979158017708,251.5031864606437,280.39929724548364,251.5031864606437,253.64363911137258,252.57341278600813,218.32617037434602,232.23911260408377,280.39929724548364,297.5229184513147,264.345902365017,292.1717868244925,264.345902365017,339.26174514052786,218.32617037434602,186.2193806134128,216.18571772361713,253.64363911137258,254.71386543673702,239.73069688163486,261.1352233889237,209.7643597714305,265.4161286903814,286.82065519767025,291.101560499128,276.11839194402586,219.39639669971046,257.92454441283036,235.44979158017708,291.101560499128,328.5594818868835,217.25594404898158,279.3290709201192,334.98083983907014,288.96110784839914,249.36273380991483,271.8374866425681,225.8177546518971,237.59024423090597,161.60417513003063,270.76726031720364,254.71386543673702,230.09865995335488,219.39639669971046,294.31223947522136,254.71386543673702,242.94137585772816,232.23911260408377,214.04526507288827,202.2727754938794,340.3319714658923,221.53684935043935,318.92744495860353,197.99187019242163,239.73069688163486,254.71386543673702,226.88798097726155,287.8908815230347,195.85141754169277,244.0116021830926,288.96110784839914,254.71386543673702,261.1352233889237,265.4161286903814
B02011,99000000031,Synthetic Census Tract 99000000031,1.0,Total:,626.0908635453628,278.0606737951829,+/-306,169.01727230687587,650.6256288802318,517.0474620570558,652.443018905037,777.84293061659,564.2996027019888,607.9169632973116,852.3559216335998,702.4212445871777,602.4647932228962,766.9385904677594,620.6386934709474,628.8169485825705,654.2604089298421,491.60400170978414,557.0300426027684,615.186523396532,619.7299984585449,621.54738848335,652.443018905037,621.54738848335,771.4820655297722,612.4604383593244,463.43445632530484,594.2865381112732,670.6169191530881,629.725643594973,425.2692658043974,592.4691480864681,753.3081652817209,513.4126820074455,534.3126672927044,700.6038545623726,681.5212593019188,727.8647049344494,564.2996027019888,598.830013173286,686.0647343639316,605.1908782601039,653.3517139174395,731.4994849840596,636.9952036941935,630.6343386073755,664.2560540662703,617.9126084337397,629.725643594973,735.1342650336697,483.4257465981611,680.6125642895163,794.1994408398361,690.6082094259444,627.9082535701679,683.338649326724,528.860497218289,597.9213181608835,510.6865969702379,569.7517727764041,559.7561276399761,573.3865528260144,734.2255700212672,482.51705158575857,677.8864792523086,548.8517874911453,696.9690745127623,756.9429453313312,555.2126525779632,526.1344121810813,659.7125790042575,633.3604236445832,632.4517286321807,595.1952331236757,595.1952331236757,765.1212004429542,705.1473296243854,520.682242106666,548.8517874911453,655.1691039422446,712.4168897236058,528.860497218289,568.8430777640016,524.3170221562763
B02011,99000000032,Synthetic Census Tract 99000000032,1.0,Total:,180.70583861042581,148.87164942516947,+/-159,89.88476946425325,112.35596183031657,129.20935610486407,231.26602143406828,241.56531793518064,167.59764306355555,166.66134338163624,235.94751984366482,165.72504369971693,173.21544115507137,191.00513511153818,146.06275037941154,200.36813193073124,133.89085451446059,191.00513511153818,166.66134338163624,201.30443161265052,174.15174083699068,125.46415737718684,224.71192366063315,229.39342207022966,110.48336246647797,171.3428417912328,164.78874401779765,190.06883542961887,251.86461443629298,213.4763274776015,132.95455483254128,203.17703097648914,130.14565578678338,184.45103733810305,177.89693956466792,84.26697137273743,160.1072456082011,151.68054847092736,247.18311602669647,207.85852938608568,212.5400277956822,157.29834656244321,272.4632074385177,190.06883542961887,203.17703097648914,157.29834656244321,159.1709459262818,122.65525833142893,189.13253574769956,109.54706278455866,144.19015101557295,180.70583861042581,160.1072456082011,162.91614465395904,258.41871220972814,186.32363670194167,157.29834656244321,199.43183224881193,215.3489268414401,178.83323924658723,198.49553256689262,174.15174083699068,148.87164942516947,132.95455483254128,169.47024242739417,174.15174083699068,124.52785769526754,132.01825515062197,102.99296501112353,123.59155801334823,239.69271857134203,168.53394274547486,243.43791729901923,114.22856119415519,174.15174083699068,279.9536048938721,177.89693956466792,301.48849757801617,102.05666532920422,186.32363670194167,269.6543083927598,218.15782588719802,199.43183224881193,184.45103733810305
B02011,99000000033,Synthetic Census Tract 99000000033,1.0,Total:,160.10197664332858,211.25882125125608,+/-223,127.8921115198187,167.68076843709562,267.15241073028795,130.73415844248134,71.05117306656595,238.73194150366157,266.2050617560671,52.10419358214836,197.0485866379429,148.73378895267805,86.20875665410001,127.8921115198187,48.31479768526484,200.8379825348264,145.8917420300154,98.52429331897144,224.52170689034838,179.99630510196707,209.3641233028143,107.99778306118024,71.05117306656595,118.41862177760991,246.3107332974286,199.89063356060552,83.36670973143738,239.67929047788246,239.67929047788246,71.05117306656595,170.52281535975825,199.89063356060552,92.84019947364617,165.78607048865388,77.6826158861121,166.73341946287476,190.41714381839674,167.68076843709562,284.2046922662638,168.6281174113165,249.15278022009124,188.52244586995496,226.41640483879016,165.78607048865388,53.05154255636924,171.47016433397914,245.36338432320773,83.36670973143738,89.99815255098353,215.0482171481396,161.99667459177036,134.52355433936486,239.67929047788246,182.8383520246297,225.46905586456927,119.36597075183079,166.73341946287476,169.5754663855374,69.15647511812419,152.52318484956157,50.2094956337066,145.8917420300154,265.2577127818462,188.52244586995496,82.4193607572165,164.838721514433,252.94217611697476,63.47238127279891,67.26177716968243,222.62700894190664,139.26029921046924,150.6284869011198,252.94217611697476,143.99704408157365,222.62700894190664,150.6284869011198,211.25882125125608,215.9955661223605,90.9455015252044,139.26029921046924,71.05117306656595,190.41714381839674,77.6826158861121
B02011,99000000034,Synthetic Census Tract 99000000034,1.0,Total:,489.1869203107178,311.5598249745931,+/-328,189.02562551812204,611.7211197671888,561.3776114633674,570.8763866150318,368.5524758845796,376.15149600591116,596.5230795245258,556.6282238875352,364.7529658239139,477.7883901287205,566.1269990391996,307.76031491392735,326.75786521725615,447.39230964339436,466.3898599467232,542.3800611600386,523.3825108567097,474.93875758322116,473.0390025528883,470.18937000738896,507.2345930988802,364.7529658239139,504.3849605533809,519.583000796044,798.846990254978,609.821364736856,359.0537007329152,311.5598249745931,583.2247943121956,468.2896149770561,354.304313157083,581.3250392818627,525.2822658870426,541.4301836448722,511.9839806747124,322.00847764142395,473.0390025528883,471.1392475225554,546.1795712207044,422.6954942490668,503.43508303821443,575.625774190864,474.93875758322116,408.4473315215702,410.3470865519031,391.3495362485743,575.625774190864,507.2345930988802,378.0512510362441,530.9815309780413,604.1220996458574,365.7028433390803,369.5023533997461,518.6331232808775,493.93630788655,584.1746718273621,549.9790812813701,530.0316534628748,540.4803061297057,514.8336132202118,473.0390025528883,368.5524758845796,524.3323883718762,403.697943945738,530.0316534628748,721.9069115264962,401.79818891540515,351.4546806115837,500.58545049271515,486.3372877652185,350.5048030964172,573.7260191605312,657.3152404951782,514.8336132202118,536.68079606904,341.0060279447528,480.6380226742198,487.28716528038495,474.93875758322116,560.427733948201,543.3299386752051
B02011,99000000035,Synthetic Census Tract 99000000035,1.0,Total:,468.5818970210322,206.90629219110514,+/-204,125.76656976322077,450.32545947475825,398.59888642698195,437.140254580227,376.28546275931376,440.1829941712727,394.5419003055877,490.89532068870045,584.2060014807674,476.69586926382067,470.61039008172935,471.6246366120779,516.2514839474143,403.6701190787247,492.92381374939754,495.9665533404432,429.0262823374386,395.5561468359363,483.79559497626053,583.191754950419,514.2229908867172,365.12875092547966,536.5364145543854,519.29422353846,455.396692126501,530.4509353722941,505.0947721135802,371.214230107571,506.1090186439288,420.91231009465014,506.1090186439288,465.5391574299866,444.2399802926669,538.5649076150825,506.1090186439288,413.8125843822103,432.0690219284843,419.8980635643016,464.52491089963803,440.1829941712727,464.52491089963803,479.73860885486636,526.3939492508998,526.3939492508998,434.0975149891814,432.0690219284843,361.07176480408543,370.19998357722244,483.79559497626053,449.3112129444097,658.245998196212,389.470667653845,497.9950464011403,495.9665533404432,590.2914806628588,449.3112129444097,442.2114872319698,460.4679247782438,415.84107744290736,532.4794284329912,357.0147786826912,399.6131329573305,514.2229908867172,500.0235394618374,353.97203909164557,469.5961435513808,387.44217459314785,479.73860885486636,566.963810464842,391.4991607145421,423.9550496856958,486.8383345673062,482.781348445912,420.91231009465014,463.51066436928943,607.5336716787842,426.9977892767415,538.5649076150825,579.1347688290247,476.69586926382067,506.1090186439288
B02011,99000000036,Synthetic Census Tract 99000000036,1.0,Total:,92.42573360322002,103.24151093976705,+/-105,62.92815904900087,80.62670378153236,85.54296620723555,69.81092644498534,62.92815904900087,78.66019881125109,101.27500596948578,103.24151093976705,95.37549105864194,147.4878727710958,64.89466401928215,97.34199602892322,63.91141153414151,98.32524851406386,80.62670378153236,59.97840159357895,152.404135196799,59.97840159357895,129.7893280385643,148.47112525623643,134.7055904642675,104.22476342490769,85.54296620723555,114.05728827631407,62.92815904900087,69.81092644498534,134.7055904642675,111.10753082089215,157.32039762250218,89.47597614779811,49.16262425703193,122.90656064257982,65.87791650442279,102.25825845462641,117.99029821687662,68.8276739598447,77.67694632611045,48.17937177189129,117.00704573173599,108.15777336547025,99.3085009992045,74.72718887068854,104.22476342490769,75.71044135582918,124.8730656128611,112.09078330603279,32.44733200964107,80.62670378153236,41.29660437590682,73.7439363855479,145.52136780081452,128.80607555342365,145.52136780081452,101.27500596948578,67.84442147470406,117.99029821687662,128.80607555342365,106.19126839518897,72.76068390040726,80.62670378153236,98.32524851406386,100.29175348434514,132.7390854939862,130.77258052370493,128.80607555342365,124.8730656128611,53.095634197594485,86.52621869237619,92.42573360322002,32.44733200964107,95.37549105864194,98.32524851406386,145.52136780081452,81.609956266673,147.4878727710958,97.34199602892322,62.92815904900087,144.53811531567388,50.14587674217257,45.22961431646937,106.19126839518897
B02011,99000000037,Synthetic Census Tract 99000000037,1.0,Total:,213.81494363659692,308.4394293310909,+/-339,187.4292697410169,193.79822550891552,242.93017000413354,191.06867303695896,310.2591309790619,349.38271641043923,294.79166697130813,54.59104943913113,386.6866001938455,203.80658457275624,342.1039098185551,111.0018005262333,97.35403816645052,87.34567910260981,263.8567389558005,204.71643539674176,337.55465569862747,91.8949332225374,251.1188274200032,280.23405378753984,90.98508239855188,362.1206279462365,312.07883262703297,88.25552992659533,64.59940850297184,261.1271864838439,268.4059930757281,201.9868829247852,182.88001562108929,309.3492801550764,84.61612663065326,180.15046314913275,273.86509801964115,233.83166176427835,391.23585431377313,123.73971206203056,194.70807633290104,265.6764406037715,248.38927494804665,258.39763401188736,181.06031397311824,266.58629142775703,202.8967337487707,314.8083850989895,289.332562027395,258.39763401188736,316.62808674696055,140.11702689376992,449.4663070488463,217.454346932539,300.2507719152212,129.19881700594368,69.14866262289944,69.14866262289944,177.42091067717618,201.9868829247852,284.7833079074674,81.8865741586967,335.7349540506565,297.52121944326467,113.73135299818986,312.07883262703297,268.4059930757281,80.97672333471118,86.43582827862429,221.09375022848107,211.9952419886259,230.19225846833626,235.6513634122494,336.644804874642,75.51761839079806,210.17554034065486,214.72479446058244,243.84002082811907,286.60300955543846,86.43582827862429,239.29076670819146,205.62628622072725,409.4328707934835,254.75823071594527,205.62628622072725
B02011,99000000038,Synthetic Census Tract 99000000038,1.0,Total:,208.59068512606967,112.09312518457014,+/-115,68.230597938434,211.5148536091454,213.46429926452925,143.28425567071142,203.7170709876101,200.79290250453434,185.19733726146373,259.2762721660492,194.94456553838288,193.96984271069095,192.99511988299903,240.75653843990284,159.85454374147395,194.94456553838288,184.2226144337718,205.6665166429939,206.64123947068583,127.68869042764078,230.03458733529177,221.26208188606455,177.3995546399284,196.8940111937667,192.99511988299903,220.28735905837263,214.43902209222114,238.807092784519,244.6554297506705,214.43902209222114,167.65232636300925,282.66962003065515,247.57959823374622,230.03458733529177,231.0093101629837,221.26208188606455,175.45010898454458,203.7170709876101,163.7534350522416,180.32372312300416,207.61596229837775,224.18625036914028,224.18625036914028,265.1246091322007,192.02039705530711,212.48957643683732,243.68070692297857,174.47538615685266,215.41374491991306,111.11840235687824,237.83236995682708,280.7201743752713,186.17206008915562,193.96984271069095,230.03458733529177,197.8687340214586,238.807092784519,178.37427746762032,173.50066332916074,255.37738085528156,235.88292430144327,192.02039705530711,263.17516347681686,242.70598409528665,255.37738085528156,239.78181561221092,166.67760353531736,146.20842415378715,199.81817967684245,231.98403299067562,230.03458733529177,132.56230456610035,168.62704919070117,188.12150574453946,207.61596229837775,195.91928836607477,162.77871222454968,246.60487540605433,192.99511988299903,196.8940111937667,198.84345684915053,210.54013078145348,210.54013078145348
B02011,99000000039,Synthetic Census Tract 99000000039,1.0,Total:,7.033254128204693,19.090261205127025,+/-19,12.057007076922332,5.023752948717638,7.033254128204693,5.023752948717638,2.009501179487055,8.03800471794822,7.033254128204693,2.009501179487055,7.033254128204693,13.061757666665859,10.047505897435276,7.033254128204693,6.028503538461166,6.028503538461166,11.052256487178804,8.03800471794822,6.028503538461166,2.009501179487055,2.009501179487055,3.014251769230583,14.066508256409387,13.061757666665859,34.161520051279936,9.042755307691749,4.01900235897411,9.042755307691749,6.028503538461166,5.023752948717638,19.090261205127025,13.061757666665859,18.085510615383498,15.071258846152913,7.033254128204693,8.03800471794822,9.042755307691749,6.028503538461166,17.080760025639968,2.009501179487055,5.023752948717638,3.014251769230583,14.066508256409387,5.023752948717638,10.047505897435276,6.028503538461166,1.0047505897435276,7.033254128204693,7.033254128204693,2.009501179487055,4.01900235897411,14.066508256409387,8.03800471794822,12.057007076922332,8.03800471794822,8.03800471794822,6.028503538461166,8.03800471794822,5.023752948717638,3.014251769230583,2.009501179487055,2.009501179487055,12.057007076922332,13.061757666665859,22.104512974357608,12.057007076922332,5.023752948717638,7.033254128204693,8.03800471794822,4.01900235897411,15.071258846152913,10.047505897435276,20.09501179487055,21.09976238461408,6.028503538461166,7.033254128204693,7.033254128204693,8.03800471794822,14.066508256409387,3.014251769230583,5.023752948717638,3.014251769230583,11.052256487178804
B02011,99000000040,Synthetic Census Tract 99000000040,1.0,Total:,0.0,12.884681328130405,+/-14,8.28300942522669,0.0,0.0,0.0,0.0,0.0,0.0,0.0,0.0,0.0,0.0,0.0,0.0,0.0,0.0,0.0,0.0,0.0,0.0,0.0,0.0,0.0,0.0,0.0,0.0,0.0,0.0,0.0,0.0,0.0,0.0,0.0,0.0,0.0,0.0,0.0,0.0,0.0,0.0,0.0,0.0,0.0,0.0,0.0,0.0,0.0,0.0,0.0,0.0,0.0,0.0,0.0,0.0,0.0,0.0,0.0,0.0,0.0,0.0,0.0,0.0,0.0,0.0,0.0,0.0,0.0,0.0,0.0,0.0,0.0,0.0,0.0,0.0,0.0,0.0,0.0,0.0,0.0,0.0,0.0,0.0
B02011,99000000041,Synthetic Census Tract 99000000041,1.0,Total:,195.20458306866132,189.87112451487275,+/-178,115.2027047618329,203.738116754723,250.67255202806234,178.13751569653792,176.0041322750225,208.00488359775386,241.07232663124293,258.1393940033663,212.2716504407847,204.80480846548073,89.60210370364781,195.20458306866132,227.20533439139268,185.6043576718419,120.53616331562147,182.40428253956875,280.53991992927826,168.5372902997185,68.26826948849357,179.20420740729563,182.40428253956875,146.13676437380656,115.2027047618329,104.53578765425578,314.67405467352506,157.8703731921414,278.40653650776284,200.53804162244987,193.07119964714587,266.67292768942804,221.8718758376041,199.47134991169216,186.67104938259962,209.07157530851157,217.60510899457327,228.2720261021504,245.33909347427377,188.80443280411504,187.73774109335733,76.80180317455527,123.7362384478946,188.80443280411504,105.6024793650135,238.9389432097275,149.33683950607968,203.738116754723,213.3383421515424,133.33646384471402,215.47172557305785,196.27127477941903,292.2735287476131,180.27089911805334,162.13714003517222,185.6043576718419,260.2727774248817,242.13901834200064,94.93556225743637,203.738116754723,313.60736296276735,196.27127477941903,249.60586031730463,164.27052345668767,298.67367901215937,294.40691216912853,114.1360130510752,276.2731530862474,66.13488606697815,147.20345608456427,189.87112451487275,115.2027047618329,157.8703731921414,184.5376659610842,231.47210123442352,201.60473333320758,246.40578518503148,142.93668924153343,192.00450793638817,205.87150017623844,180.27089911805334,300.8070624336748,247.4724768957892
B02011,99000000042,Synthetic Census Tract 99000000042,1.0,Total:,0.0,12.745493226102292,+/-14,8.193531359637188,0.0,0.0,0.0,0.0,0.0,0.0,0.0,0.0,0.0,0.0,0.0,0.0,0.0,0.0,0.0,0.0,0.0,0.0,0.0,0.0,0.0,0.0,0.0,0.0,0.0,0.0,0.0,0.0,0.0,0.0,0.0,0.0,0.0,0.0,0.0,0.0,0.0,0.0,0.0,0.0,0.0,0.0,0.0,0.0,0.0,0.0,0.0,0.0,0.0,0.0,0.0,0.0,0.0,0.0,0.0,0.0,0.0,0.0,0.0,0.0,0.0,0.0,0.0,0.0,0.0,0.0,0.0,0.0,0.0,0.0,0.0,0.0,0.0,0.0,0.0,0.0,0.0,0.0,0.0,0.0
B02011,99000000043,Synthetic Census Tract 99000000043,1.0,Total:,451.34684350230276,298.3663027959934,+/-275,181.18971842520327,405.77817180255107,453.51678024991,569.6083962468965,534.8894082851809,745.3732728030817,502.34035707107256,409.0330769239619,636.8764354227205,379.7389308312643,460.02659049273166,506.68023056628704,544.6541236494135,360.2095001027993,455.68671699751724,466.53640073555334,412.2879820453727,518.6148826781267,432.90238114764134,413.37295041917633,520.784819425734,448.0919383808919,441.5821281380703,364.5493735980138,266.9022199556887,274.49699857231394,520.784819425734,511.02010406150146,440.49715976426666,400.353329933533,508.85016731389425,401.4382983073366,353.69968985997764,487.150799837822,449.17690675469555,367.80427871942464,391.67358294310407,502.34035707107256,520.784819425734,425.3076025310161,490.4057049592328,282.09177718893926,411.2030136715691,553.3338706398423,514.2750091829123,551.1639338922351,468.70633748316055,402.5232666811402,564.1835543778785,376.48402570985354,443.7520648856775,411.2030136715691,396.01345643831854,285.34668231035005,339.5951010005307,385.16377270028244,405.77817180255107,494.7455784544473,448.0919383808919,444.8370332594811,538.1443134065918,560.9286492564677,501.2553886972689,316.81076515065485,414.45791879297997,507.7651989400906,521.8697877995376,512.105072435305,350.4447847385668,396.01345643831854,678.1052336272578,450.2618751284992,488.2357682116256,525.1246929209484,494.7455784544473,416.6278555405872,374.3140889622463,685.7000122438831,620.6019098156663,376.48402570985354,466.53640073555334
B02011,99000000044,Synthetic Census Tract 99000000044,1.0,Total:,162.8086052119276,75.42545552190997,+/-82,45.99113141579876,182.12488040656308,169.24736361013942,178.44558989329917,203.2808008578305,167.40771835350748,132.45445847750042,150.85091104381993,155.4500241853998,196.84204245961868,159.1293146986637,124.17605482265665,171.08700886677138,160.96895995529565,169.24736361013942,210.6393818843583,143.49233001729212,170.1671862384554,167.40771835350748,160.96895995529565,149.93108841550395,191.32310668972283,180.28523514993114,183.96452566319505,154.53020155708384,139.8130395040282,179.36541252161516,183.96452566319505,160.96895995529565,159.1293146986637,157.28966944203177,135.21392636244835,153.61037892876786,155.4500241853998,163.72842784024357,178.44558989329917,171.08700886677138,152.69055630045187,167.40771835350748,213.39884976930625,132.45445847750042,216.15831765425418,145.3319752739241,175.68612200835125,172.00683149508737,127.85534533592055,159.1293146986637,157.28966944203177,188.5636388047749,173.8464767517193,187.64381617645893,141.65268476066018,199.6015103445666,140.7328621323442,125.09587745097262,166.4878957251915,174.7662993800353,178.44558989329917,162.8086052119276,162.8086052119276,163.72842784024357,149.93108841550395,149.93108841550395,196.84204245961868,181.2050577782471,162.8086052119276,156.36984681371578,177.52576726498322,134.29410373413236,197.76186508793467,164.64825046855955,125.09587745097262,167.40771835350748,160.0491373269797,209.71955925604234,228.11601182236183,124.17605482265665,158.20949207034772,137.97339424739627,185.804170919827,150.85091104381993
B02011,99000000045,Synthetic Census Tract 99000000045,1.0,Total:,441.3792910019745,253.28545270573352,+/-237,153.8949586060153,490.5401805566738,343.0575118925758,490.5401805566738,439.24186102133535,372.98153162152323,477.7156006728392,462.75359080836546,512.9831953533844,310.99606218298925,539.7010701113732,486.26532059539556,502.29604545018884,478.78431566315874,551.4569350048882,508.70833539210616,463.822305798685,526.8764902275385,252.21673771541398,284.2781874250005,467.02845076964365,384.73739651503826,390.080971466636,314.20220715394794,455.27258587612863,436.0357160503767,410.3865562827075,405.04298133110973,384.73739651503826,524.7390602468994,552.5256499952077,403.97426634079017,390.080971466636,473.440740711561,453.1351558954895,460.6161608277264,551.4569350048882,398.6306913891924,481.99046063411737,483.05917562443693,349.46980183449307,504.43347543082797,585.6558146951138,306.72120222171105,461.68487581804595,538.6323551210536,595.2742496079898,308.8586322023502,464.8910207890046,441.3792910019745,448.8602959342113,268.24746257020723,446.72286595357224,439.24186102133535,411.45527127302705,356.95080676672995,480.92174564379786,523.6703452565798,474.50945570188054,471.3033107309219,359.088236747369,535.4262101500949,324.88935705714346,455.27258587612863,557.8692249468055,413.5927012536661,464.8910207890046,433.8982860697376,403.97426634079017,390.080971466636,369.77538665056454,595.2742496079898,547.18207504361,463.822305798685,425.3485661471812,487.3340355857151,423.2111361665421,367.6379566699255,377.2563915828014,418.9362762052639,375.1189616021623
B02011,99000000046,Synthetic Census Tract 99000000046,1.0,Total:,132.9052673406194,96.16722596191158,+/-89,58.34865395441827,140.46898174211805,89.68404218919845,177.20702312082585,173.96543123446926,100.48934847705368,144.79110425726014,150.19375740118775,141.54951237090356,85.36191967405635,172.88490060568375,140.46898174211805,136.14685922697595,105.89200162098129,117.77783853762205,86.44245030284188,131.82473671183385,141.54951237090356,124.26102231033519,184.7707375223245,98.32828721948263,152.3548186587588,188.01232940868107,139.3884511133325,124.26102231033519,112.37518539369444,182.60967626475346,157.7574718026864,173.96543123446926,142.6300429996891,87.5229809316274,130.74420608304834,148.0326961436167,139.3884511133325,109.13359350733786,84.28138904527083,118.85836916640757,118.85836916640757,171.80436997689822,117.77783853762205,163.16012494661405,180.4486150071824,142.6300429996891,94.00616470434053,100.48934847705368,105.89200162098129,130.74420608304834,139.3884511133325,197.73710506775078,190.17339066625212,151.2742880299733,170.7238393481127,121.01943042397862,153.4353492875443,114.53624665126549,97.24775659069711,127.50261419669177,108.05306287855234,126.42208356790624,115.61677728005101,156.6769411739009,128.5831448254773,140.46898174211805,168.56277809054166,131.82473671183385,137.2273898557615,151.2742880299733,114.53624665126549,159.91853306025746,115.61677728005101,137.2273898557615,195.57604381017973,86.44245030284188,141.54951237090356,66.99289898470245,125.34155293912072,130.74420608304834,103.73094036341024,140.46898174211805,117.77783853762205,137.2273898557615
B02011,99000000047,Synthetic Census Tract 99000000047,1.0,Total:,691.521819890028,557.8202952837152,+/-509,339.7333821963688,840.5661424019834,767.139895282123,402.2004879550559,489.8736188444414,494.25727538891067,661.9321382148604,711.2482743401398,863.5803392604471,701.3850471150839,736.4542994708381,882.2108795744415,861.3885109882124,897.5536774800839,610.4241738173464,396.72091727446934,758.3725821931845,922.7597026107823,711.2482743401398,591.793633503352,462.47576544150843,933.7188439719554,766.0439811460056,437.2697403108101,438.3656544469274,348.5006952853073,748.5093549681286,691.521819890028,673.9871937121509,786.8663497322348,579.7385780060615,637.8220272202794,823.0315162241062,897.5536774800839,734.2624711986034,488.7777047083241,703.5768753873185,894.265935071732,686.0422492094415,813.1682889990503,1025.7756314058101,380.28220523270954,635.6301989480447,773.7153800988269,958.9248691026538,843.8538848103353,703.5768753873185,716.7278450207264,624.6710575868716,748.5093549681286,707.9605319317878,348.5006952853073,515.0796439751398,515.0796439751398,606.0405172728772,752.8930115125979,761.6603246015364,600.5609465922906,698.097304706732,627.9587999952236,818.647859679637,464.6675937137431,815.360117271285,979.7472376888828,732.0706429263688,872.3476523493856,795.6336628211733,622.479229314637,573.1630931893576,855.9089403076258,878.9231371660895,459.18802303315647,361.65166491871514,529.3265277446649,613.7119162256984,1057.5571413532125,877.8272230299722,485.48996229997215,700.2891329789666,746.317526695894,524.9428712001956
B02011,99000000048,Synthetic Census Tract 99000000048,1.0,Total:,232.22873355598344,172.84604369691917,+/-163,104.98011242941716,184.51050063352108,255.55764742918726,207.8394145067249,272.5241302460627,334.02763045723646,238.59116461231173,174.9668540490286,241.7723801404759,181.32928510535692,258.7388629573514,253.4368370770778,264.040888837625,258.7388629573514,174.9668540490286,176.02725922508333,348.8733029220025,345.69208739383834,238.59116461231173,219.5038714433268,213.14144038699848,256.618052605242,247.07440602074948,169.664828168755,232.22873355598344,182.38969028141165,135.731862535004,204.65819897856073,238.59116461231173,221.62468179543623,183.45009545746635,231.1683283799287,344.63168221778363,277.82615612633634,199.35617309828714,199.35617309828714,189.81252651379467,179.2084747532475,277.82615612633634,222.68508697149096,162.241991936372,265.1012940136797,209.96022485883432,255.55764742918726,259.79926813340614,292.6718285911024,212.08103521094378,191.93333686590412,236.4703542602023,290.551018238993,156.9399660560984,339.32965633751,218.44346626727207,162.241991936372,192.99374204195882,182.38969028141165,151.63794017582478,276.76575095028164,171.78563852086447,247.07440602074948,261.92007848551555,204.65819897856073,253.4368370770778,207.8394145067249,154.81915570398894,266.1616991897344,338.2692511614553,269.34291471789857,285.24899235871936,195.11455239406826,358.416949506495,177.08766440113806,216.32265591516264,226.92670767570982,209.96022485883432,342.5108718656742,258.7388629573514,250.25562154891364,252.3764319010231,231.1683283799287,296.9134492953213
B02011,99000000049,Synthetic Census Tract 99000000049,1.0,Total:,477.26476968572814,247.0795489080982,+/-234,149.93716215790573,454.0350685063343,473.0411876531111,582.8543205011547,607.1399171887028,479.37656070203667,402.2961886067753,462.48223257156843,470.92939663680255,439.25253139217455,469.8735011286483,342.1101446419821,428.6935763106319,534.2831271260585,526.8918585689786,477.26476968572814,573.3512609277664,459.31454604710564,502.6062618814305,465.6499190960312,410.7433526720094,436.08484486771175,503.66215738958476,562.7923058462237,443.47611342479166,543.786186699447,573.3512609277664,487.8237247672708,478.3206651938824,437.140740375866,461.42633706341417,374.8429053947644,492.04730679988785,339.9983536256736,553.2892462728353,500.49447086512197,359.00447277245036,543.786186699447,478.3206651938824,488.87962027542505,433.9730538514032,430.8053673269404,502.6062618814305,496.2708888325049,608.195812696857,519.5005900118988,380.1223829355357,545.8979777157555,442.4202179166374,444.5320089329459,594.4691710908517,317.824547954434,426.58178529432337,407.5756661475466,444.5320089329459,537.4508136505212,392.7931290333869,526.8918585689786,601.8604396479315,556.4569327972981,378.0105919192272,361.1162637887589,337.88656260936506,490.9914112917336,587.0779025337717,595.5250665990059,532.17133610975,509.9975304385104,437.140740375866,573.3512609277664,309.3773838891999,462.48223257156843,590.2455890582346,477.26476968572814,639.8726779414851,520.556485520053,473.0411876531111,420.2464122453978,383.2900694599985,493.1032023080421,551.1774552565267
B02011,99000000050,Synthetic Census Tract 99000000050,1.0,Total:,98.73567889911453,107.99214879590652,+/-105,65.82378593274302,160.44547821106113,62.73829596714569,77.13724913993323,127.5335852446896,75.080255829535,66.85228258794213,75.080255829535,94.6216922783181,49.367839449557266,153.24600162466734,99.76417555431364,111.07763876150385,115.19162538230029,97.70718224391543,109.02064545110562,155.30299493506556,88.45071234712344,33.94038962157062,104.9066588303092,120.33410865829583,75.080255829535,164.55946483185755,119.30561200309673,121.36260531349495,159.416981555862,71.99476586393769,116.2201220374994,77.13724913993323,73.0232625191368,120.33410865829583,52.4533294151546,102.84966551991097,73.0232625191368,104.9066588303092,126.5050885894905,74.0517591743359,104.9066588303092,114.16312872710118,37.02587958716795,76.10875248473411,110.04914210630474,134.73306183108338,63.7667926223448,68.90927589834035,120.33410865829583,105.9351554855083,60.68130265674748,114.16312872710118,35.99738293196884,122.39110196869406,117.2486186926985,142.96103507267625,80.22273910553056,73.0232625191368,101.82116886471186,118.27711534789762,153.24600162466734,77.13724913993323,67.88077924314123,121.36260531349495,129.59057855508783,109.02064545110562,115.19162538230029,143.98953172787537,115.19162538230029,44.22535617356172,84.33672572632699,81.25123576072967,94.6216922783181,147.07502169347268,67.88077924314123,140.90404176227804,58.62430934634925,150.16051165907,166.61645814225577,62.73829596714569,74.0517591743359,69.93777255353946,82.27973241592878,74.0517591743359
B02011,99000000051,Synthetic Census Tract 99000000051,1.0,Total:,0.0,14.781189792818761,+/-14,9.502193438240633,0.0,0.0,0.0,0.0,0.0,0.0,0.0,0.0,0.0,0.0,0.0,0.0,0.0,0.0,0.0,0.0,0.0,0.0,0.0,0.0,0.0,0.0,0.0,0.0,0.0,0.0,0.0,0.0,0.0,0.0,0.0,0.0,0.0,0.0,0.0,0.0,0.0,0.0,0.0,0.0,0.0,0.0,0.0,0.0,0.0,0.0,0.0,0.0,0.0,0.0,0.0,0.0,0.0,0.0,0.0,0.0,0.0,0.0,0.0,0.0,0.0,0.0,0.0,0.0,0.0,0.0,0.0,0.0,0.0,0.0,0.0,0.0,0.0,0.0,0.0,0.0,0.0,0.0,0.0,0.0
B02011,99000000052,Synthetic Census Tract 99000000052,1.0,Total:,46.345522084131474,50.98007429254462,+/-55,31.514955017209402,60.249178709370916,54.68771605927514,17.61129839196996,44.491701200766215,20.39202971701785,59.32226826768829,40.7840594340357,21.318940158700478,48.19934296749673,21.318940158700478,50.98007429254462,57.46844738432303,51.90698473422725,52.83389517590988,48.19934296749673,21.318940158700478,42.637880317400956,77.86047710134088,47.272432525814104,61.176089151053546,55.61462650095777,50.98007429254462,24.099671483748367,39.85714899235307,34.29568634225729,49.12625340917936,36.14950722562255,23.172761042065737,74.15283533461036,29.661134133844143,66.73755180114932,72.2990144512451,38.00332810898781,54.68771605927514,61.176089151053546,28.734223692161514,36.14950722562255,53.76080561759251,58.39535782600566,40.7840594340357,69.51828312619722,62.102999592736175,23.172761042065737,44.491701200766215,28.734223692161514,46.345522084131474,42.637880317400956,21.318940158700478,52.83389517590988,22.245850600383108,59.32226826768829,54.68771605927514,58.39535782600566,49.12625340917936,36.14950722562255,16.68438795028733,43.564790759083586,63.956820476101434,52.83389517590988,44.491701200766215,56.5415369426404,44.491701200766215,22.245850600383108,43.564790759083586,30.588044575526773,49.12625340917936,62.102999592736175,23.172761042065737,48.19934296749673,22.245850600383108,63.029910034418805,71.37210400956246,35.22259678393992,66.73755180114932,65.8106413594667,25.953492367113626,44.491701200766215,56.5415369426404,63.956820476101434,48.19934296749673
B02011,99000000053,Synthetic Census Tract 99000000053,1.0,Total:,300.1496549424792,133.95940975620715,+/-133,81.58430218235172,292.09194608496296,315.2578590503221,213.52928472417983,286.0486644418258,329.3588495509755,378.7123163032623,305.18572297842684,308.2073637999954,300.1496549424792,366.62575301698797,248.78176097581328,301.15686854966873,355.5464033379032,302.1640821568582,256.8394698333295,284.03423722744674,318.27949987189066,320.2939270862697,286.0486644418258,264.89717869084575,250.79618819019234,261.87553786927714,276.9837419771201,248.78176097581328,372.66903466012513,315.2578590503221,330.366063158165,293.0991596921525,283.02702362025724,302.1640821568582,325.3299951222174,377.7051026960728,243.74569293986565,297.1280141209106,290.0775188705839,248.78176097581328,315.2578590503221,289.0703052633944,286.0486644418258,324.3227815150278,263.8899650836562,361.58968498104036,252.8106154045714,322.3083543006488,359.5752577666613,288.06309165620485,317.27228626470117,314.25064544313256,350.51033530195554,335.40213119411266,336.40934480130215,335.40213119411266,274.969314762741,217.55813915293794,253.81782901176092,305.18572297842684,334.3949175869231,344.4670536588184,316.2650726575116,324.3227815150278,341.4454128372498,306.19293658561634,308.2073637999954,226.62306161764369,298.1352277281001,373.6762482673147,313.24343183594306,320.2939270862697,210.50764390261125,295.11358690653157,285.0414508346363,287.05587804901535,290.0775188705839,342.4526264444393,294.106373299342,233.67355686797038,308.2073637999954,280.00538279868863,201.4427214379055,366.62575301698797
B02011,99000000054,Synthetic Census Tract 99000000054,1.0,Total:,0.0,14.039824036533162,+/-14,9.025601166342746,0.0,0.0,0.0,0.0,0.0,0.0,0.0,0.0,0.0,0.0,0.0,0.0,0.0,0.0,0.0,0.0,0.0,0.0,0.0,0.0,0.0,0.0,0.0,0.0,0.0,0.0,0.0,0.0,0.0,0.0,0.0,0.0,0.0,0.0,0.0,0.0,0.0,0.0,0.0,0.0,0.0,0.0,0.0,0.0,0.0,0.0,0.0,0.0,0.0,0.0,0.0,0.0,0.0,0.0,0.0,0.0,0.0,0.0,0.0,0.0,0.0,0.0,0.0,0.0,0.0,0.0,0.0,0.0,0.0,0.0,0.0,0.0,0.0,0.0,0.0,0.0,0.0,0.0,0.0,0.0
B02011,99000000055,Synthetic Census Tract 99000000055,1.0,Total:,18.215745290016695,21.43028857649023,+/-20,12.858173145894138,33.216947293559855,20.35877414766572,13.929687574718649,23.573317434139256,23.573317434139256,24.644831862963766,20.35877414766572,23.573317434139256,19.287259718841206,11.786658717069628,19.287259718841206,9.643629859420603,15.001202003543161,23.573317434139256,12.858173145894138,20.35877414766572,26.787860720612787,12.858173145894138,19.287259718841206,8.572115430596092,4.286057715298046,13.929687574718649,23.573317434139256,9.643629859420603,17.144230861192185,5.357572144122558,19.287259718841206,16.072716432367674,13.929687574718649,26.787860720612787,17.144230861192185,21.43028857649023,19.287259718841206,15.001202003543161,21.43028857649023,17.144230861192185,11.786658717069628,19.287259718841206,22.50180300531474,8.572115430596092,7.500601001771581,13.929687574718649,15.001202003543161,9.643629859420603,10.715144288245115,6.429086572947069,18.215745290016695,13.929687574718649,11.786658717069628,24.644831862963766,17.144230861192185,20.35877414766572,15.001202003543161,16.072716432367674,28.930889578261812,13.929687574718649,11.786658717069628,23.573317434139256,21.43028857649023,30.002404007086323,31.073918435910834,23.573317434139256,17.144230861192185,24.644831862963766,23.573317434139256,37.503005008857905,16.072716432367674,20.35877414766572,22.50180300531474,16.072716432367674,16.072716432367674,9.643629859420603,18.215745290016695,22.50180300531474,9.643629859420603,18.215745290016695,26.787860720612787,13.929687574718649,13.929687574718649,32.14543286473535
B02011,99000000056,Synthetic Census Tract 99000000056,1.0,Total:,55.583352894647376,51.613113402172566,+/-52,30.769356066679798,29.776796193561097,63.523831879597005,85.36014908820847,68.48663124519052,68.48663124519052,23.821436954848878,73.44943061078403,42.68007454410424,56.575912767766084,32.75447581291721,59.553592387122194,55.583352894647376,37.71727517851072,46.65031403657905,66.5015114989531,28.784236320442393,52.60567327529127,51.613113402172566,47.642873909697755,48.635433782816456,62.531272006478304,21.83631720861147,26.799116574204987,37.71727517851072,35.732155432273316,68.48663124519052,47.642873909697755,70.47175099142792,34.73959555915461,68.48663124519052,64.5163917527157,60.546152260240895,64.5163917527157,53.598233148409975,55.583352894647376,60.546152260240895,66.5015114989531,56.575912767766084,60.546152260240895,56.575912767766084,70.47175099142792,31.761915939798502,31.761915939798502,28.784236320442393,33.74703568603591,57.568472640884785,56.575912767766084,58.561032514003486,27.791676447323688,67.49407137207182,60.546152260240895,60.546152260240895,76.42711023014014,50.620553529053865,52.60567327529127,69.47919111830922,52.60567327529127,54.590793021528675,64.5163917527157,50.620553529053865,34.73959555915461,68.48663124519052,56.575912767766084,66.5015114989531,75.43455035702144,40.69495479786683,50.620553529053865,59.553592387122194,77.41967010325885,28.784236320442393,51.613113402172566,41.687514670985536,23.821436954848878,70.47175099142792,54.590793021528675,37.71727517851072,47.642873909697755,74.44199048390274,62.531272006478304,84.36758921508977
B02011,99000000057,Synthetic Census Tract 99000000057,1.0,Total:,223.7370989213962,185.63340085181343,+/-190,113.33407630952821,203.2197230377747,284.3122086730406,314.59976354886277,196.38059774323423,205.17375883621486,109.42600471264792,221.78306312295607,226.66815261905643,160.2309354720916,190.5184903479138,259.8867611925388,118.21916580562856,174.88620396039266,332.1860857348241,173.9091860611726,253.04763589799833,253.04763589799833,208.10481253387508,310.6916919519825,221.78306312295607,172.93216816195252,201.26568723933457,186.6104187510335,284.3122086730406,264.7718506886392,290.174316068361,243.2774569057976,190.5184903479138,266.7258864870793,219.82902732451592,106.49495101498772,293.1053697660212,313.6227456496427,171.95515026273245,239.36938530891734,238.39236740969727,246.20851060345782,212.01288413075537,170.97813236351237,241.3234211073575,175.86322185961274,236.43833161125713,188.56445454947365,279.42711917694027,247.1855285026779,292.12835186680115,201.26568723933457,209.08183043309515,249.13956430111804,240.34640320813742,110.403022611868,406.4394460755494,308.7376561535424,188.56445454947365,214.94393782841556,209.08183043309515,230.5762242159367,216.8979736268557,174.88620396039266,282.3581728746004,206.15077673543493,260.8637790917589,275.51904758006,199.31165144089442,197.3576156424543,106.49495101498772,211.0358662315353,177.81725765805288,147.5297027822307,212.01288413075537,255.00167169643848,136.78250589080992,168.04707866585218,303.852566657442,232.53026001437684,220.806045223736,232.53026001437684,249.13956430111804,297.9904592621216,309.7146740527624
B02011,99000000058,Synthetic Census Tract 99000000058,1.0,Total:,163.43811202534013,104.84709073323707,+/-102,63.73058456334017,173.71723856781435,128.48908178092776,213.80583208346383,183.99636511028856,146.99150955738136,132.60073239791745,191.19175369002053,127.46116912668035,157.27063609985558,175.77306387630918,207.63835615797927,199.4150549239999,196.33131696125764,145.96359690313395,148.0194222116288,179.88471449329887,148.0194222116288,134.65655770641231,187.08010307303084,156.24272344560816,242.58738640239164,155.21481079136075,173.71723856781435,133.62864505216487,124.37743116393808,128.48908178092776,153.15898548286592,169.60558795082466,158.29854875410302,168.57767529657724,168.57767529657724,135.68447036065973,197.35922961550506,161.38228671684527,162.41019937109272,191.19175369002053,176.80097653055662,117.18204258420613,194.27549165276278,211.75000677496897,135.68447036065973,204.55461819523703,155.21481079136075,127.46116912668035,191.19175369002053,215.86165739195866,166.52184998808238,167.54976264232982,174.74515122206176,158.29854875410302,94.56796419076284,164.46602467958755,216.88957004620607,162.41019937109272,179.88471449329887,140.82403363189684,164.46602467958755,153.15898548286592,114.09830462146387,225.11287128018546,83.26092499404119,164.46602467958755,159.32646140835044,113.07039196721644,226.14078393443287,156.24272344560816,183.99636511028856,119.23786789270098,167.54976264232982,137.74029566915456,125.4053438181855,165.49393733383496,125.4053438181855,185.02427776453598,172.68932591356693,152.13107282861847,206.61044350373186,170.63350060507207,207.63835615797927,108.95874135022675
B02011,99000000059,Synthetic Census Tract 99000000059,1.0,Total:,129.647802236023,99.14243700401761,+/-104,60.05743780051066,138.22743620752453,168.73280143952996,207.8178006430369,199.23816667153537,97.23585167701727,177.3124354110315,124.88133891852218,73.40353508951303,81.98316906101456,81.98316906101456,68.63707177201219,163.01304545852895,127.74121690902268,132.50768022652352,100.09572966751777,121.0681682645215,117.25499761052082,160.15316746802844,188.75194737303352,169.68609410303014,145.8537775155259,140.1340215345249,117.25499761052082,162.05975279502877,156.33999681402776,142.9938995250254,73.40353508951303,123.92804625502201,142.04060686152522,137.27414354402438,142.04060686152522,127.74121690902268,142.04060686152522,106.76877831201895,138.22743620752453,102.95560765801828,121.0681682645215,126.78792424552252,91.51609569601625,117.25499761052082,131.55438756302337,173.4992647570308,156.33999681402776,111.5352416295198,89.60951036901591,121.0681682645215,155.3867041505276,101.04902233101794,93.4226810230166,120.11487560102132,139.1807288710247,163.01304545852895,106.76877831201895,98.18914434051743,151.57353349652692,142.9938995250254,122.97475359152183,166.82621611252964,171.59267943003047,167.7795087760298,127.74121690902268,123.92804625502201,69.59036443551236,146.80707017902606,128.69450957252286,145.8537775155259,133.4609728900237,132.50768022652352,157.29328947752794,96.2825590135171,184.93877671903283,127.74121690902268,92.46938835951642,138.22743620752453,161.10646013152862,134.41426555352388,114.39511962002031,125.83463158202234,130.6010948995232,116.30170494702065
B02011,99000000060,Synthetic Census Tract 99000000060,1.0,Total:,259.8270310134216,192.08641221349382,+/-207,116.92216395603973,347.98263082154676,293.2333635722901,190.23050484911224,226.4206984545531,334.99127927087574,186.51869012034908,275.6022436106651,236.6281889586518,215.2852542682636,296.94517830105326,155.89621860805295,198.58208798882936,318.28811299144144,173.527338569678,306.2247151229612,289.52154884352694,213.42934690388202,240.340003687415,232.91637422988865,321.0719740380138,360.97398237221785,270.9624751997111,188.37459748473066,209.71753217511886,223.63683740798075,212.50139322169125,357.2621676434547,279.31405833942824,246.83567946275053,239.4120500052242,211.57343953950044,128.05760814232923,347.054677139356,187.44664380253988,287.66564147914534,240.340003687415,183.7348290737767,266.32270678875716,275.6022436106651,307.15266880515196,300.6569930298164,234.77228159427023,207.86162481073728,151.256450197099,283.0258730681914,257.04316996684923,309.93652985172434,334.99127927087574,218.06911531483598,225.49274477236233,243.12386473398735,206.93367112854648,358.1901213256455,209.71753217511886,283.0258730681914,266.32270678875716,167.95961647653326,291.3774562079085,201.36594903540174,283.0258730681914,401.8039443886127,246.83567946275053,182.80687539158592,189.30255116692146,304.3688077585796,180.95096802720434,339.63104768182967,272.8183825640927,215.2852542682636,257.97112364904,225.49274477236233,236.6281889586518,256.11521628465846,263.5388457421848,354.4783065968823,272.8183825640927,154.96826492586217,214.35730058607282,216.2132079504544,297.87313198324404
B02011,99000000061,Synthetic Census Tract 99000000061,1.0,Total:,28.871688189337725,51.76992364984696,+/-52,30.862839098947223,11.94690545765699,41.814169101799465,24.88938637011873,8.960179093242743,33.84956546336147,10.951330002852242,37.83186728258047,36.83629182777572,22.89823546050923,27.876112734532978,39.82301819218997,33.84956546336147,11.94690545765699,22.89823546050923,52.76549910465171,47.78762183062796,26.880537279728227,28.871688189337725,38.82744273738522,43.805320011408966,11.94690545765699,24.88938637011873,11.94690545765699,12.94248091246174,28.871688189337725,10.951330002852242,73.67258365555143,31.858414553751974,26.880537279728227,24.88938637011873,48.78319728543271,28.871688189337725,6.969028183633244,29.867263644142476,47.78762183062796,51.76992364984696,26.880537279728227,22.89823546050923,69.69028183633245,31.858414553751974,41.814169101799465,26.880537279728227,51.76992364984696,47.78762183062796,21.902660005704483,42.809744556604215,10.951330002852242,66.7035554719182,24.88938637011873,30.862839098947223,10.951330002852242,30.862839098947223,35.840716372970974,42.809744556604215,10.951330002852242,8.960179093242743,28.871688189337725,42.809744556604215,9.955754548047492,23.89381091531398,58.7389518334802,31.858414553751974,41.814169101799465,49.77877274023746,30.862839098947223,56.747800923870706,6.969028183633244,24.88938637011873,33.84956546336147,26.880537279728227,19.911509096094985,32.85399000855672,47.78762183062796,23.89381091531398,8.960179093242743,7.9646036384379935,39.82301819218997,31.858414553751974,6.969028183633244,25.88496182492348
B02011,99000000062,Synthetic Census Tract 99000000062,1.0,Total:,25.567824716693405,40.31849282247806,+/-41,24.58444684297443,49.16889368594886,41.30187069619704,26.55120259041238,25.567824716693405,25.567824716693405,8.850400863470794,26.55120259041238,37.36835920132113,24.58444684297443,42.285248569916014,42.285248569916014,8.850400863470794,28.517958337850338,6.88364511603284,23.60106896925545,30.48471408528829,9.833778737189771,30.48471408528829,10.817156610908748,26.55120259041238,38.351737075040106,38.351737075040106,25.567824716693405,29.501336211569313,33.434847706445225,8.850400863470794,23.60106896925545,42.285248569916014,24.58444684297443,39.335114948759085,35.401603453883176,8.850400863470794,24.58444684297443,7.867022989751817,28.517958337850338,25.567824716693405,7.867022989751817,21.634313221817496,8.850400863470794,24.58444684297443,45.235382191072944,38.351737075040106,25.567824716693405,28.517958337850338,24.58444684297443,8.850400863470794,23.60106896925545,39.335114948759085,29.501336211569313,38.351737075040106,48.18551581222988,10.817156610908748,22.617691095536472,7.867022989751817,25.567824716693405,19.667557474379542,7.867022989751817,25.567824716693405,8.850400863470794,25.567824716693405,49.16889368594886,48.18551581222988,27.53458046413136,32.45146983272625,23.60106896925545,8.850400863470794,26.55120259041238,48.18551581222988,25.567824716693405,41.30187069619704,41.30187069619704,8.850400863470794,23.60106896925545,8.850400863470794,25.567824716693405,21.634313221817496,8.850400863470794,25.567824716693405,8.850400863470794,21.634313221817496
B02011,99000000063,Synthetic Census Tract 99000000063,1.0,Total:,76.66763303656776,123.04681845375073,+/-130,74.77460506035621,143.87012619207778,33.12798958370212,26.502391666961696,35.021017559913666,13.251195833480848,93.70488482247171,75.72111904846199,109.79562262026988,17.037251785903948,200.66096547842426,105.063052679741,82.3467169652024,108.8491086321641,64.36295119119269,53.00478333392339,120.2072764894334,57.73735327445226,78.5606610127793,71.93506309603889,159.96086398987595,75.72111904846199,84.23974494141396,74.77460506035621,55.84432529824071,82.3467169652024,65.30946517929846,101.27699672731791,35.967531548019444,114.52819256079876,85.18625892951974,40.70010148854832,27.44890565506747,72.88157708414467,128.72590238238539,139.1375562515489,85.18625892951974,26.502391666961696,112.6351645845872,32.181475595596346,81.40020297709664,107.90259464405833,27.44890565506747,21.76982172643282,42.59312946475987,32.181475595596346,101.27699672731791,75.72111904846199,78.5606610127793,36.914045536125215,106.00956666784678,72.88157708414467,71.93506309603889,108.8491086321641,90.86534285815438,80.45368898899086,157.1213220255586,92.75837083436593,73.82809107225043,80.45368898899086,152.38875208502975,72.88157708414467,68.14900714361579,87.07928690573128,70.98854910793311,95.59791279868325,68.14900714361579,106.00956666784678,27.44890565506747,93.70488482247171,72.88157708414467,31.23496160749057,39.75358750044254,81.40020297709664,124.93984642996227,110.74213660837565,64.36295119119269,23.66284970264437,100.33048273921213,25.55587767885592,48.272213393394516
B02011,99000000064,Synthetic Census Tract 99000000064,1.0,Total:,0.0,13.629033068322359,+/-14,8.761521258207232,0.0,0.0,0.0,0.0,0.0,0.0,0.0,0.0,0.0,0.0,0.0,0.0,0.0,0.0,0.0,0.0,0.0,0.0,0.0,0.0,0.0,0.0,0.0,0.0,0.0,0.0,0.0,0.0,0.0,0.0,0.0,0.0,0.0,0.0,0.0,0.0,0.0,0.0,0.0,0.0,0.0,0.0,0.0,0.0,0.0,0.0,0.0,0.0,0.0,0.0,0.0,0.0,0.0,0.0,0.0,0.0,0.0,0.0,0.0,0.0,0.0,0.0,0.0,0.0,0.0,0.0,0.0,0.0,0.0,0.0,0.0,0.0,0.0,0.0,0.0,0.0,0.0,0.0,0.0,0.0
B02011,99000000065,Synthetic Census Tract 99000000065,1.0,Total:,127.49948218544769,75.91572221728947,+/-78,45.74408902836673,109.98046936607321,107.06063389617745,177.13668517367543,139.17882406503068,147.93833047471793,115.8201403058647,125.5529252055172,149.88488745464844,142.09865953492644,99.27440597645545,115.8201403058647,130.41931765534343,94.4080135266292,84.67522862697672,136.25898859513495,92.46145654669871,113.8735833259342,182.00307762350167,130.41931765534343,130.41931765534343,103.16751993631645,114.84686181589944,145.99177349478742,178.10996366364068,120.68653275569095,152.8047229245442,95.38129201659446,105.11407691624696,146.96505198475268,114.84686181589944,147.93833047471793,106.0873554062122,130.41931765534343,113.8735833259342,120.68653275569095,101.22096295638596,91.48817805673346,164.48406480412717,119.7132542657257,134.31243161520445,104.1407984262817,137.23226708510018,142.09865953492644,160.5909508442662,136.25898859513495,153.77800141450942,144.04521651485695,132.36587463527394,151.83144443457894,142.09865953492644,145.0184950048222,124.57964671555195,105.11407691624696,118.73997577576044,109.00719087610796,84.67522862697672,96.35457050655971,142.09865953492644,121.6598112456562,106.0873554062122,102.1942414463512,125.5529252055172,139.17882406503068,148.91160896468318,143.0719380248917,90.51489956676821,120.68653275569095,128.47276067541296,157.67111537437043,82.72867164704621,129.44603916537818,137.23226708510018,103.16751993631645,106.0873554062122,134.31243161520445,110.95374785603845,99.27440597645545,148.91160896468318,159.61767235430094,128.47276067541296
B02011,99000000066,Synthetic Census Tract 99000000066,1.0,Total:,62.757442337363095,51.17145298277298,+/-53,30.89597161224029,45.37845830547793,80.13642636924826,72.41243346618819,84.9639219336608,56.96444766006804,59.86094499871557,81.10192548213077,62.757442337363095,103.30840507842848,62.757442337363095,34.75796806377033,56.96444766006804,82.06742459501328,61.79194322448058,49.24045475700797,57.929946772950544,57.929946772950544,62.757442337363095,61.79194322448058,60.82644411159807,66.61943878889313,67.58493790177563,68.55043701465814,55.03344943430302,64.68844056312811,70.48143524042317,46.34395741836044,71.44693435330568,30.89597161224029,66.61943878889313,85.92942104654331,57.929946772950544,60.82644411159807,67.58493790177563,68.55043701465814,42.4819609668304,41.516461853947895,56.96444766006804,82.06742459501328,66.61943878889313,78.20542814348323,77.23992903060073,67.58493790177563,60.82644411159807,72.41243346618819,90.75691661095586,65.65393967601062,75.30893080483571,59.86094499871557,41.516461853947895,54.06795032142051,65.65393967601062,41.516461853947895,41.516461853947895,105.23940330419349,47.309456531242944,47.309456531242944,53.102451208538,31.8614707251228,65.65393967601062,59.86094499871557,64.68844056312811,61.79194322448058,61.79194322448058,64.68844056312811,68.55043701465814,69.51593612754066,52.136952095655495,62.757442337363095,89.79141749807334,40.55096274106538,50.20595386989047,73.37793257907069,61.79194322448058,31.8614707251228,76.27442991771822,107.17040152995851,82.06742459501328,66.61943878889313,65.65393967601062
B02011,99000000067,Synthetic Census Tract 99000000067,1.0,Total:,48.79464079726929,72.21606837995854,+/-74,43.91517671754236,89.78213906697549,49.770533613214674,40.9874982697062,83.92678217130317,54.649997692941604,99.54106722642935,34.1562485580885,22.445534766743872,61.481247404559305,42.93928390159697,34.1562485580885,44.891069533487745,80.99910372346702,29.276784478361574,21.469641950798486,48.79464079726929,59.52946177266853,43.91517671754236,50.74642642916006,77.09553245968547,42.93928390159697,52.69821206105083,19.517856318907715,52.69821206105083,65.38481866834084,38.05981982187004,66.36071148428623,19.517856318907715,79.04731809157624,41.96339108565159,55.62589050888699,43.91517671754236,49.770533613214674,25.37321321458003,33.180355742143114,80.99910372346702,62.45714022050469,44.891069533487745,71.24017556401316,53.67410487699622,39.03571263781543,51.722319245105446,20.4937491348531,60.50535458861392,39.03571263781543,40.9874982697062,74.16785401184931,31.228570110252345,71.24017556401316,62.45714022050469,78.07142527563086,17.566070687016943,31.228570110252345,24.397320398634644,35.132141374033885,100.51696004237473,65.38481866834084,59.52946177266853,61.481247404559305,57.57767614077776,72.21606837995854,55.62589050888699,41.96339108565159,133.69731578451785,38.05981982187004,67.33660430023161,33.180355742143114,31.228570110252345,80.99910372346702,52.69821206105083,42.93928390159697,19.517856318907715,67.33660430023161,24.397320398634644,23.421427582689258,53.67410487699622,63.43303303645008,66.36071148428623,35.132141374033885,60.50535458861392
B02011,99000000068,Synthetic Census Tract 99000000068,1.0,Total:,402.41368360738136,287.2901813382594,+/-277,175.27812507641096,316.3303440728127,294.5502220218977,483.3112797964941,420.0452109819316,565.2460246546981,345.370506807366,430.41669767284344,294.5502220218977,326.70183076372456,615.0291607710751,490.57132048013244,405.52512961465493,421.0823596510228,323.590384756451,452.19681972375844,340.18476346191,292.47592468371533,361.964885512825,386.8564535710135,315.2931954037215,270.69580263280034,268.621505294618,543.4659026037831,413.82231896738443,540.3544565965095,428.3424003346611,426.2681029964787,190.83535511277879,281.06728932371226,501.9799558401355,534.1315645819624,397.2279402619254,441.8253330328466,361.964885512825,456.3454144001232,382.7078588946488,416.933764974658,454.2711170619408,381.67071022555757,517.5371858765034,331.8875741091805,285.215884000077,421.0823596510228,369.2249261964633,399.3022376001078,255.1385725964325,376.48496688010164,355.74199349827785,435.60244101829943,542.4287539346919,434.5652923492082,413.82231896738443,361.964885512825,302.8474113746272,570.431768000154,433.528143680117,432.49099501102586,436.6395896873906,405.52512961465493,450.1225223855761,291.4387760146241,308.03315472008313,463.6054550837615,301.81026270553605,343.29620946918357,298.6988166982625,462.5683064146703,225.06126119278804,350.5562501528219,391.0050482473783,458.4197117383056,436.6395896873906,374.4106695419193,331.8875741091805,581.8404033601571,480.1998337892205,480.1998337892205,497.83136116377074,395.15364292374306,448.04822504739366
B02011,99000000069,Synthetic Census Tract 99000000069,1.0,Total:,49.887515335541366,80.5875247727976,+/-84,48.92814004062711,30.700009437256227,49.887515335541366,47.0093894507986,53.7250165151984,18.228130603370886,19.187505898285142,78.66877418296909,51.806265925369885,41.253137681313056,27.821883552513455,42.212512976227316,59.48126828468394,76.75002359314057,57.56251769485543,59.48126828468394,18.228130603370886,77.70939888805482,94.97815419651145,30.700009437256227,43.17188827114157,80.5875247727976,69.0750212338265,64.27814475925523,20.1468811931994,75.79064829822632,25.903132962684943,66.19689534908375,70.03439652874077,50.846890630455626,29.74063414234197,39.334387091484544,44.13126356605583,113.20628479988234,77.70939888805482,18.228130603370886,18.228130603370886,62.359394169426714,43.17188827114157,39.334387091484544,31.659384732170484,28.781258847427715,22.065631783027914,37.415636501656024,24.943757667770683,106.49065773548254,49.887515335541366,53.7250165151984,64.27814475925523,48.92814004062711,66.19689534908375,49.887515335541366,71.95314711856928,47.96876474571285,13.4312541287996,64.27814475925523,58.52189298976968,39.334387091484544,85.38440124736888,58.52189298976968,28.781258847427715,0.0,18.228130603370886,51.806265925369885,67.156270643998,105.53128244056828,30.700009437256227,91.14065301685443,65.23752005416948,46.05001415588434,82.50627536262611,42.212512976227316,18.228130603370886,75.79064829822632,45.09063886097008,53.7250165151984,86.34377654228314,31.659384732170484,20.1468811931994,74.83127300331205,57.56251769485543
B02011,99000000070,Synthetic Census Tract 99000000070,1.0,Total:,50.12949292578113,49.039721340438064,+/-45,29.423832804262837,58.84766560852567,18.526116950832158,31.603375974948975,50.12949292578113,59.937437193868746,49.039721340438064,49.039721340438064,66.47606670592715,51.2192645111242,67.56583829127023,15.256802194802953,46.860178169751926,47.94994975509499,53.39880768181033,63.20675194989795,49.039721340438064,38.14200548700738,45.77040658440886,74.10446780332863,39.231777072350454,22.88520329220443,55.57835085249647,74.10446780332863,52.30903609646727,65.38629512058408,64.29652353524102,27.244289633576702,52.30903609646727,40.32154865769352,56.66812243783954,62.11698036455488,34.87269073097818,40.32154865769352,37.052233901664316,38.14200548700738,63.20675194989795,44.68063499906579,39.231777072350454,50.12949292578113,46.860178169751926,68.65560987661328,27.244289633576702,45.77040658440886,81.73286890073011,42.50109182837966,50.12949292578113,77.37378255935783,64.29652353524102,27.244289633576702,80.64309731538704,32.69314756029204,30.513604389605906,45.77040658440886,50.12949292578113,50.12949292578113,51.2192645111242,30.513604389605906,42.50109182837966,62.11698036455488,57.75789402318261,22.88520329220443,53.39880768181033,71.92492463264249,38.14200548700738,67.56583829127023,68.65560987661328,17.43634536548909,50.12949292578113,51.2192645111242,42.50109182837966,51.2192645111242,56.66812243783954,41.411320243036585,31.603375974948975,63.20675194989795,52.30903609646727,54.488579267153405,38.14200548700738,44.68063499906579,65.38629512058408
B02011,99000000071,Synthetic Census Tract 99000000071,1.0,Total:,0.0,21.665392078152713,+/-20,12.99923524689163,0.0,0.0,0.0,0.0,0.0,0.0,0.0,0.0,0.0,0.0,0.0,0.0,0.0,0.0,0.0,0.0,0.0,0.0,0.0,0.0,0.0,0.0,0.0,0.0,0.0,0.0,0.0,0.0,0.0,0.0,0.0,0.0,0.0,0.0,0.0,0.0,0.0,0.0,0.0,0.0,0.0,0.0,0.0,0.0,0.0,0.0,0.0,0.0,0.0,0.0,0.0,0.0,0.0,0.0,0.0,0.0,0.0,0.0,0.0,0.0,0.0,0.0,0.0,0.0,0.0,0.0,0.0,0.0,0.0,0.0,0.0,0.0,0.0,0.0,0.0,0.0,0.0,0.0,0.0,0.0
B02011,99000000072,Synthetic Census Tract 99000000072,1.0,Total:,286.90044067008455,228.1256976161436,+/-229,139.4654919924022,237.09133638708374,399.46901634966633,304.8317182119648,179.31277541880283,301.84317195498477,307.82026446894486,269.9653452138643,180.30895750446285,183.2975037614429,215.1753305025634,283.9118944131045,269.9653452138643,334.7171807817653,279.9271660704644,349.6599120666655,406.4422909492864,315.789721154225,315.789721154225,230.11806178746363,342.68663746704544,194.25550670370308,346.6713658096855,319.77444949686503,165.3662262195626,328.7400882678052,280.92334815612446,179.31277541880283,151.41967702032238,214.1791484169034,284.9080764987645,339.6980912100654,263.9882526999042,298.8546256980047,283.9118944131045,357.62936875194566,410.4270192919265,300.8469898693248,258.0111601859441,197.24405296068312,298.8546256980047,305.82790029762486,161.38149787692257,224.14096927350354,363.60646126590575,274.9462556421644,214.1791484169034,278.9309839848044,367.5911896085458,444.29721020436705,372.5721000368459,251.03788558632397,345.6751837240255,221.1524230165235,270.9615272995243,255.02261392896403,128.50748905014203,261.99588852858415,274.9462556421644,307.82026446894486,256.01879601462406,312.80117489724495,167.35859039088265,204.21732756030323,407.43847303494647,285.9042585844245,201.2287813033232,329.7362703534652,376.556828379486,352.64845832364557,301.84317195498477,193.25932461804305,307.82026446894486,250.04170350066394,319.77444949686503,232.11042595878368,158.3929516199425,300.8469898693248,353.64464040930557,338.70190912440535,287.89662275574454
B02011,99000000073,Synthetic Census Tract 99000000073,1.0,Total:,710.7347693766902,337.0196121093273,+/-349,204.72251509219882,667.279518531648,863.3109834548385,682.730274387663,514.7033044534999,716.5288028226959,794.7482543437718,461.5913311984483,634.4466623376162,928.0110236019012,713.631786099693,762.8810703907409,712.6661138586921,675.9705687006565,707.8377526536874,722.3228362687015,703.0093914486828,596.7854449385796,581.3346890825646,540.7764549605251,632.5153178556143,724.2541807507034,641.2063680246227,830.4781272608066,876.8303948288516,741.6362810887202,693.3526690386734,766.7437593547446,710.7347693766902,613.2018730355956,631.5496456146134,539.8107827195242,698.181030243678,653.7601071576349,603.5451506255862,699.146702484679,883.5901005158581,746.464642293725,786.0572041747635,794.7482543437718,563.9525887445477,716.5288028226959,561.0555720215449,861.3796389728366,718.4601473046978,631.5496456146134,826.6154382968028,788.9542208977663,746.464642293725,618.0302342406002,715.563130581695,629.6183011326115,686.5929633516668,685.6272911106659,639.2750235426208,766.7437593547446,759.9840536677381,771.5721205597494,914.4916122278881,776.400481764754,837.2378329478131,833.3751439838094,707.8377526536874,592.9227559745758,509.8749432484952,710.7347693766902,793.7825821027709,603.5451506255862,591.9570837335749,856.5512777678318,618.0302342406002,810.1990101997868,735.8422476427146,846.8945553578225,736.8079198837156,659.5541406036406,720.3914917866996,556.2272108165402,518.5659934175036,618.0302342406002,800.5422877897774
B02011,99000000074,Synthetic Census Tract 99000000074,1.0,Total:,0.0,14.099217411524009,+/-14,9.063782621694006,0.0,0.0,0.0,0.0,0.0,0.0,0.0,0.0,0.0,0.0,0.0,0.0,0.0,0.0,0.0,0.0,0.0,0.0,0.0,0.0,0.0,0.0,0.0,0.0,0.0,0.0,0.0,0.0,0.0,0.0,0.0,0.0,0.0,0.0,0.0,0.0,0.0,0.0,0.0,0.0,0.0,0.0,0.0,0.0,0.0,0.0,0.0,0.0,0.0,0.0,0.0,0.0,0.0,0.0,0.0,0.0,0.0,0.0,0.0,0.0,0.0,0.0,0.0,0.0,0.0,0.0,0.0,0.0,0.0,0.0,0.0,0.0,0.0,0.0,0.0,0.0,0.0,0.0,0.0,0.0
B02011,99000000075,Synthetic Census Tract 99000000075,1.0,Total:,626.8512892842689,220.36069213747334,+/-206,133.71401221934062,585.1325174718346,648.2455312393633,725.2648022777036,671.7791973899673,661.0820764124201,701.7311361270996,618.293592502231,653.594091728137,702.8008482248543,587.271941667344,643.9666828483445,667.5003489989484,646.1061070438539,702.8008482248543,546.6228819526644,637.5484102618161,596.8993505471366,529.5074883885889,585.1325174718346,647.1758191416086,631.1301376752878,540.2046093661361,581.9233811785704,589.4113658628535,556.250290832457,558.3897150279664,582.9930932763251,597.9690626448912,627.9210013820235,754.1470289170811,589.4113658628535,565.8776997122495,605.4570473291743,520.9497916065511,526.2983520953247,764.8441498946283,683.5460304652693,673.9186215854768,614.0147441112122,585.1325174718346,669.6397731944578,626.8512892842689,602.2479110359102,612.9450320134574,578.7142448853062,526.2983520953247,550.9017303436833,704.9402724203637,682.4763183675145,548.7623061481739,551.9714424414381,650.3849554348728,556.250290832457,487.78871657615457,688.8945909540429,624.7118650887594,647.1758191416086,765.9138619923831,707.0796966158732,592.6205021561176,664.2912127056842,614.0147441112122,642.8969707505897,655.7335159236465,641.827258652835,729.5436506687224,703.870560322609,601.1781989381554,442.86080847045616,630.060425577533,712.4282571046468,658.9426522169106,640.7575465550802,748.7984684283075,685.6854546607788,469.6036109143243,570.1565481032684,563.73827551674,641.827258652835,636.4786981640614
B02011,99000000076,Synthetic Census Tract 99000000076,1.0,Total:,104.08226427931406,65.9531179591693,+/-64,40.190181256368795,103.05174681120204,133.96727085456266,121.6010612372184,115.41795642854629,100.990711874978,92.74657213008183,129.84520098211456,106.1432992155381,127.78416604589053,76.25829264028951,111.2958865560982,116.4484738966583,132.93675338645062,79.34984504462557,56.67846074616112,88.62450225763375,100.990711874978,90.6855371938578,104.08226427931406,76.25829264028951,97.89915947064193,75.22777517217749,86.56346732140972,114.38743896043427,119.54002630099437,121.6010612372184,96.86864200252991,85.5329498532977,122.63157870533043,112.32640402421022,119.54002630099437,106.1432992155381,82.44139744896162,102.02122934309001,123.66209617344245,117.47899136477032,94.80760706630588,116.4484738966583,97.89915947064193,76.25829264028951,91.71605466196982,70.07518783161738,94.80760706630588,106.1432992155381,68.01415289539335,134.99778832267467,109.23485161987416,120.57054376910638,148.39451540813093,146.33348047190688,94.80760706630588,88.62450225763375,90.6855371938578,120.57054376910638,97.89915947064193,103.05174681120204,107.17381668365012,145.30296300379487,106.1432992155381,114.38743896043427,126.7536485777785,130.8757184502266,118.50950883288235,89.65501972574577,93.77708959819385,95.8381245344179,107.17381668365012,88.62450225763375,66.98363542728133,92.74657213008183,80.38036251273759,108.20433415176214,149.42503287624297,109.23485161987416,99.96019440686598,80.38036251273759,85.5329498532977,78.31932757651354,102.02122934309001,92.74657213008183
B02011,99000000077,Synthetic Census Tract 99000000077,1.0,Total:,49.861283182702536,37.130742795629544,+/-35,22.27844567737773,47.7395264515237,45.617769720344874,50.92216154829195,40.313377892397796,30.765472602093052,54.1047966450602,49.861283182702536,60.47006683859669,49.861283182702536,64.71358030095435,66.83533703213318,42.43513462357662,33.9481076988613,40.313377892397796,57.28743174182844,58.34831010741786,29.704594236503638,42.43513462357662,40.313377892397796,59.409188473007276,56.226553376239025,36.069864430040134,54.1047966450602,74.26148559125909,59.409188473007276,50.92216154829195,46.678648085934284,67.8962153977226,39.25249952680838,50.92216154829195,37.130742795629544,49.861283182702536,77.44412068802734,57.28743174182844,60.47006683859669,59.409188473007276,42.43513462357662,54.1047966450602,41.374256257987206,50.92216154829195,37.130742795629544,41.374256257987206,56.226553376239025,59.409188473007276,65.77445866654377,45.617769720344874,55.165675010649615,60.47006683859669,60.47006683859669,60.47006683859669,86.99202597833208,63.65270193536494,43.49601298916604,50.92216154829195,56.226553376239025,62.59182356977552,36.069864430040134,55.165675010649615,63.65270193536494,41.374256257987206,56.226553376239025,45.617769720344874,59.409188473007276,50.92216154829195,75.3223639568485,47.7395264515237,37.130742795629544,42.43513462357662,48.80040481711312,57.28743174182844,37.130742795629544,45.617769720344874,53.04391827947078,38.19162116121896,60.47006683859669,33.9481076988613,43.49601298916604,38.19162116121896,41.374256257987206,56.226553376239025
B02011,99000000078,Synthetic Census Tract 99000000078,1.0,Total:,194.2630798561376,160.04056837889055,+/-159,96.62826770046223,120.78533462557778,138.90313481941445,248.6164804376476,259.6884694449922,180.17145748315352,179.16491302794037,253.64920271371335,178.15836857272723,186.21072421443242,205.33506886348223,157.02093501325112,215.40051341561372,143.9358570954802,205.33506886348223,179.16491302794037,216.40705787082686,187.21726866964556,134.87695699856187,241.57066925115555,246.6033915272213,118.77224571515148,184.19763530400613,177.15182411751408,204.3285244082691,270.7604584523369,229.49213578859778,142.92931264026703,218.42014678125315,139.9096792746276,198.2892576769902,191.24344649049814,90.58900096918333,172.11910184144833,163.06020174453,265.7277361762711,223.4528690573189,228.48559133338463,169.0994684758089,292.90443646702613,204.3285244082691,218.42014678125315,169.0994684758089,171.11255738623518,131.8573236329224,203.32197995305594,117.76570125993834,155.00784610282483,194.2630798561376,172.11910184144833,175.1387352070878,277.8062696388289,200.30234658741648,169.0994684758089,214.39396896040057,231.50522469902407,192.2499909457113,213.38742450518743,187.21726866964556,160.04056837889055,142.92931264026703,182.1845463935798,187.21726866964556,133.87041254334872,141.92276818505388,110.7198900734463,132.86386808813555,257.67538053456593,181.17800193836666,261.7015583554185,122.79842353600408,187.21726866964556,300.9567921087313,191.24344649049814,324.1073145786337,109.71334561823315,200.30234658741648,289.8848031013867,234.52485806466353,214.39396896040057,198.2892576769902
B02011,99000000079,Synthetic Census Tract 99000000079,1.0,Total:,74.94059738730728,84.17984911998899,+/-82,51.329176292676216,58.51526097365088,101.63176905949891,107.79127021462006,113.9507713697412,51.329176292676216,30.797505775605728,71.8608468097467,113.9507713697412,29.770922249752203,96.49885143023128,73.91401386145375,92.39251732681718,75.9671809131608,74.94059738730728,78.02034796486785,73.91401386145375,44.14309161170154,93.41910085267071,58.51526097365088,63.648178602918506,122.16343957656939,83.15326559413546,96.49885143023128,83.15326559413546,72.88743033560023,107.79127021462006,99.57860200779186,67.7545127063326,86.23301617169604,99.57860200779186,90.33935027511014,22.584837568777534,25.664588146338108,46.19625866340859,60.56842802535793,108.81785374047358,75.9671809131608,92.39251732681718,64.67476212877203,49.27600924096917,62.62159507706498,95.47226790437776,78.02034796486785,29.770922249752203,78.02034796486785,97.52543495608481,45.16967513755507,58.51526097365088,97.52543495608481,97.52543495608481,28.74433872389868,70.83426328389318,75.9671809131608,124.21660662827644,91.36593380096366,44.14309161170154,94.44568437852423,75.9671809131608,132.42927483510462,108.81785374047358,60.56842802535793,24.638004620484583,43.11650808584802,97.52543495608481,88.28618322340309,118.05710547315529,71.8608468097467,51.329176292676216,82.12668206828195,53.382343344383266,100.60518553364538,102.65835258535243,92.39251732681718,83.15326559413546,83.15326559413546,85.20643264584251,83.15326559413546,44.14309161170154,68.78109623218613,60.56842802535793
B02011,99000000080,Synthetic Census Tract 99000000080,1.0,Total:,73.73759645840991,58.415498493026035,+/-61,35.43235154495022,60.33076073869902,53.62734287884358,68.94944084422745,81.39864544110186,79.48338319542887,73.73759645840991,67.03417859855448,62.24602298437201,78.52575207259238,78.52575207259238,98.63600565215872,71.82233421273693,34.47472042211373,52.66971175600708,85.22916993244783,62.24602298437201,73.73759645840991,84.27153880961133,73.73759645840991,90.01732554663029,87.14443217812081,124.49204596874402,91.93258779230328,55.54260512451656,56.50023624735305,75.6528587040829,76.61048982691939,72.77996533557342,48.83918726466111,72.77996533557342,30.644195930767758,73.73759645840991,101.5088990206682,82.35627656393835,52.66971175600708,79.48338319542887,60.33076073869902,54.58497400168007,69.90707196706394,52.66971175600708,49.79681838749761,44.05103165047865,52.66971175600708,85.22916993244783,45.008662773315145,65.11891635288148,89.0596944237938,80.44101431826536,70.86470308990044,84.27153880961133,71.82233421273693,77.5681209497559,58.415498493026035,76.61048982691939,103.42416126634119,72.77996533557342,51.712080633170594,90.97495666946678,68.94944084422745,89.0596944237938,82.35627656393835,111.08521024903312,80.44101431826536,65.11891635288148,96.72074340648574,82.35627656393835,64.161285230045,63.2036541072085,60.33076073869902,38.305244913459696,65.11891635288148,68.94944084422745,97.67837452932223,67.99180972139096,40.22050715913268,61.288391861535516,90.01732554663029,50.7544495103341,73.73759645840991,55.54260512451656
B02011,99000000081,Synthetic Census Tract 99000000081,1.0,Total:,67.00663247757173,71.19454700741996,+/-68,42.926123930944385,45.02008119586851,26.174465811551457,60.72476068279938,96.32203418650936,75.3824615372682,41.87914529848233,57.583824785413206,45.02008119586851,33.503316238785864,74.33548290480614,94.22807692158524,96.32203418650936,97.36901281897141,55.489867520489085,73.28850427234407,71.19454700741996,85.85224786188877,67.00663247757173,31.409358973861746,118.30858546821258,48.16101709325468,31.409358973861746,70.1475683749579,88.99318375927496,54.44288888802703,32.45633760632381,81.66433333204054,94.22807692158524,32.45633760632381,76.42944016973026,83.75829059696466,90.04016239173701,77.47641880219231,67.00663247757173,62.81871794772349,53.39591025556497,69.10058974249584,60.72476068279938,34.55029487124792,34.55029487124792,80.61735469957848,98.41599145143347,63.865696580185556,45.02008119586851,94.22807692158524,87.9462051268129,56.53684615295114,78.52339743465437,90.04016239173701,54.44288888802703,45.02008119586851,36.644252136172035,31.409358973861746,63.865696580185556,59.67778205033732,74.33548290480614,77.47641880219231,68.05361111003378,77.47641880219231,39.785188033558214,92.13411965666113,79.57037606711643,63.865696580185556,52.348931623102914,67.00663247757173,101.55692734881966,61.771739315261435,61.771739315261435,108.88577777605406,60.72476068279938,47.11403846079262,43.97310256340645,37.6912307686341,62.81871794772349,53.39591025556497,64.91267521264761,53.39591025556497,62.81871794772349,98.41599145143347,98.41599145143347
B02011,99000000082,Synthetic Census Tract 99000000082,1.0,Total:,172.1080081084013,118.50059574676811,+/-126,72.41703073413606,197.50099291128018,154.23887065452357,221.9534967955339,234.1797487376608,211.60820669065734,178.6913745387773,151.41742789864813,218.19157312103334,104.39338196739095,148.59598514277272,177.75089362015217,137.310214119271,199.38195474853046,117.56011482814296,168.34608443390073,231.35830598178535,142.0126187123967,223.8344586327842,148.59598514277272,219.1320540396585,191.85810739952933,244.52503884253736,237.00119149353623,129.78636677026984,154.23887065452357,186.21522188777845,162.70319892214985,224.77493955140935,172.1080081084013,203.14387842303105,184.33426005052817,117.56011482814296,136.36973320064584,128.84588585164468,213.48916852790762,188.09618372502874,141.07213779377156,142.0126187123967,132.60780952614527,187.1557028064036,242.64407700528707,127.90540493301954,219.1320540396585,210.66772577203218,149.53646606139785,194.67955015540474,177.75089362015217,167.40560351527557,189.97714556227902,210.66772577203218,118.50059574676811,183.39377913190302,150.476946980023,180.57233637602758,173.04848902702645,140.1316568751464,173.98896994565158,158.9412752476493,224.77493955140935,258.6322526219145,187.1557028064036,170.227046271151,112.85771023501725,151.41742789864813,193.7390692367796,146.7150233055224,149.53646606139785,221.9534967955339,167.40560351527557,180.57233637602758,189.0366646436539,168.34608443390073,142.95309963102184,191.85810739952933,189.0366646436539,154.23887065452357,141.07213779377156,124.14348125851897,185.2747409691533,123.20300033989383
B02011,99000000083,Synthetic Census Tract 99000000083,1.0,Total:,49.870062036657586,49.870062036657586,+/-48,30.12982914714729,59.220698668530886,57.14277941700348,72.72717380345898,38.44150615325689,32.20774839867469,45.71422353360279,74.80509305498637,54.02590053971238,57.14277941700348,56.103819791239786,28.051909895619893,46.753183159366486,32.20774839867469,49.870062036657586,76.88301230651378,49.870062036657586,50.90902166242129,41.55838503054799,50.90902166242129,54.02590053971238,35.32462727596579,37.402546527493186,20.779192515273994,59.220698668530886,63.37653717158568,40.519425404784286,65.45445642311309,63.37653717158568,25.973990644092492,44.67526390783909,58.181739042767184,56.103819791239786,59.220698668530886,68.57133530040419,42.59734465631169,66.49341604887678,39.48046577902059,54.02590053971238,79.99989118380488,42.59734465631169,44.67526390783909,77.92197193227747,90.38948744144187,31.168788772910993,37.402546527493186,64.41549679734938,42.59734465631169,42.59734465631169,91.42844706720558,55.064860165476084,40.519425404784286,57.14277941700348,29.090869521383592,28.051909895619893,66.49341604887678,44.67526390783909,54.02590053971238,52.986940913948686,46.753183159366486,40.519425404784286,36.36358690172949,51.947981288184984,44.67526390783909,65.45445642311309,62.337577545821986,48.831102410893884,47.79214278513019,59.220698668530886,29.090869521383592,45.71422353360279,63.37653717158568,68.57133530040419,64.41549679734938,73.76613342922268,27.01295026985619,49.870062036657586,38.44150615325689,66.49341604887678,62.337577545821986,60.25965829429458
B02011,99000000084,Synthetic Census Tract 99000000084,1.0,Total:,450.3004017393751,248.7373647703215,+/-232,151.1722777267902,410.6310806337635,372.03390334181705,559.6590707332234,447.0839702983796,284.1181106212724,542.5047697145804,467.45470275801796,355.9517461368394,423.4968063977457,411.7032244474287,529.6390439505983,586.4626660748528,307.70527452190635,388.11606054679476,481.3925723356653,427.7853816524064,414.91965588842424,517.8454620002814,496.4025857269778,467.45470275801796,461.0218398760269,454.5889769940358,256.2423714659777,403.12607393810725,465.3104151306876,581.101947006527,406.34250537910276,536.0719068325894,538.2161944599197,459.94969606236174,533.927619205259,405.2703615654376,448.15611411204475,345.2303080001876,480.32042852200016,346.30245181385277,287.33454206226793,501.7633047953037,541.4326259009154,381.6831976648037,412.7753682610939,391.33249198779026,408.4867930064331,343.0860203728572,536.0719068325894,392.40463580145547,472.8154218263439,529.6390439505983,568.2362212425448,473.88756564000903,438.50681978905817,373.10604715548226,488.8975790313216,420.2803749567501,492.1140104723171,473.88756564000903,465.3104151306876,482.4647161493305,374.1781909691474,293.767404944259,273.3966724846206,302.3445554535804,446.0118264847144,427.7853816524064,529.6390439505983,567.1640774288796,531.7833315779287,424.5689502114108,468.52684657168317,501.7633047953037,419.20823114308496,437.43467597539296,462.0939836896921,510.34045530462515,400.9817863107769,463.16612750335725,457.8054084350314,457.8054084350314,454.5889769940358,434.21824453439746
B02011,99000000085,Synthetic Census Tract 99000000085,1.0,Total:,0.0,12.969887944444324,+/-14,8.337785107142778,0.0,0.0,0.0,0.0,0.0,0.0,0.0,0.0,0.0,0.0,0.0,0.0,0.0,0.0,0.0,0.0,0.0,0.0,0.0,0.0,0.0,0.0,0.0,0.0,0.0,0.0,0.0,0.0,0.0,0.0,0.0,0.0,0.0,0.0,0.0,0.0,0.0,0.0,0.0,0.0,0.0,0.0,0.0,0.0,0.0,0.0,0.0,0.0,0.0,0.0,0.0,0.0,0.0,0.0,0.0,0.0,0.0,0.0,0.0,0.0,0.0,0.0,0.0,0.0,0.0,0.0,0.0,0.0,0.0,0.0,0.0,0.0,0.0,0.0,0.0,0.0,0.0,0.0,0.0,0.0
B02011,99000000086,Synthetic Census Tract 99000000086,1.0,Total:,425.51639441308777,281.2908857298056,+/-275,170.82028333410014,382.55560459253564,427.5621463093045,537.0098727569016,504.2778424174333,702.7157763504598,473.5915639741818,385.6242324368608,600.4281815396214,358.0065818379344,433.6994019979548,477.68306776661535,513.4837259504088,339.59481477198347,429.6078982055213,439.8366576866051,388.6928602811859,488.9347031958076,408.1275032952452,389.7157362292943,490.98045509202433,422.4477665687626,416.3105108801123,343.68631856441704,251.62748323466246,258.78761487142117,490.98045509202433,481.77457155904887,415.2876349320039,377.4412248519937,479.7288196628321,378.4641008001021,333.4575590833332,459.2713007006644,423.47064251687095,346.75494640874217,369.2582172671266,473.5915639741818,490.98045509202433,400.9673716584865,462.33992854498956,265.9477465081798,387.66998433307754,521.6667335352759,484.843199403374,519.6209816390591,441.8824095828219,379.48697674821045,531.8954930163596,354.93795399360926,418.35626277632906,387.66998433307754,373.3497210595602,269.016374352505,320.1601717579242,363.12096157847634,382.55560459253564,466.43143233742313,422.4477665687626,419.37913872443744,507.34647026175844,528.8268651720346,472.5686880260734,298.67977684764816,390.7386121774027,478.70594371472373,492.0033310401327,482.79744750715724,330.38893123900806,373.3497210595602,639.29746756774,424.4935184649794,460.2941766487728,495.07195888445784,466.43143233742313,392.7843640736195,352.8922020973925,646.4575992044987,585.0850423179957,354.93795399360926,439.8366576866051
B02011,99000000087,Synthetic Census Tract 99000000087,1.0,Total:,143.36698734477397,122.22954690291627,+/-133,74.44055112132494,121.31052775327028,150.71914054194187,141.528949045482,187.47990652778134,114.87739370574837,198.5081363235332,151.63815969158784,166.34246608592363,209.53636611928502,153.47619799087983,138.77189159654404,173.69461928309153,126.8246426511462,127.74366180079218,139.69091074619,157.15227458946376,118.55347030433232,94.65897241353666,113.95837455610238,139.69091074619,163.58540863698568,130.50071924973014,124.98660435185423,195.75107887459524,140.60992989583602,165.42344693627766,182.8848107795514,158.99031288875574,147.9620830930039,114.87739370574837,121.31052775327028,145.20502564406593,179.20873418096747,115.79641285539435,148.8811022426499,188.39892567742731,114.87739370574837,134.1767958483141,173.69461928309153,119.47248945397831,110.28229795751844,149.80012139229586,142.44796819512797,237.10694060866464,122.22954690291627,222.40263421432886,138.77189159654404,147.0430639433579,297.7622044852998,101.09210646105856,151.63815969158784,193.91304057530326,134.1767958483141,90.06387666530672,102.93014476035054,151.63815969158784,108.44425965822646,108.44425965822646,124.98660435185423,140.60992989583602,146.12404479371193,190.2369639767193,78.11662771990889,182.8848107795514,152.55717884123385,143.36698734477397,214.13146186751496,184.72284907884338,183.8038299291974,98.3350490121206,146.12404479371193,192.07500227601128,160.82835118804772,117.63445115468633,164.50442778663168,192.99402142565725,159.90933203840174,122.22954690291627,104.76818305964251,156.23325543981778
B02011,99000000088,Synthetic Census Tract 99000000088,1.0,Total:,747.2773348428141,549.745284094154,+/-526,334.4458002093713,806.8504930051083,616.6344441360284,445.23097152872555,422.23782276433127,792.2184892459483,960.4865324762883,893.597372434414,677.2527454239769,793.2636323716026,789.0830598689854,684.568747303557,687.7041766805197,1000.2019712511511,1067.0911312930255,1013.7888318846568,683.5236041779026,767.1350542302455,621.8601597642997,602.0024403768683,415.96696401040555,890.4619430574511,838.2047867747368,909.2745193192283,1042.0076962773226,844.4756455286625,529.8875647067226,729.5099017066912,887.3265136804882,974.073393109794,738.9161898375797,994.9762556228796,711.7424685705683,616.6344441360284,606.1830128794855,731.6001879579998,611.4087285077569,534.0681372093399,584.2350072407455,799.5344911255283,1043.0528394029768,754.593336722394,663.6658847904712,606.1830128794855,340.71665896329705,711.7424685705683,852.8367905338969,815.2116380103425,589.460722869017,779.6767717380968,727.4196154553827,779.6767717380968,820.437353638614,905.0939468166112,848.6562180312798,1089.0391369317654,772.3607698585168,684.568747303557,547.6549978428455,521.5264197014884,551.8355703454627,855.9722199108597,835.069357397774,1017.9694043872739,925.9968093296968,807.8956361307626,579.009291612474,674.117316047014,1016.9242612616197,866.4236511674026,698.1556079370627,981.389394989374,824.6179261412311,582.1447209894369,575.8738622355112,617.6795872616826,775.4961992354797,596.776724748597,634.4018772721512,621.8601597642997,907.1842330679196
B02011,99000000089,Synthetic Census Tract 99000000089,1.0,Total:,2.7506959312941124,7.335189150117633,+/-8,4.58449321882352,3.6675945750588164,1.8337972875294082,3.6675945750588164,5.501391862588225,3.6675945750588164,0.0,6.418290506352928,1.8337972875294082,1.8337972875294082,1.8337972875294082,6.418290506352928,4.58449321882352,2.7506959312941124,0.9168986437647041,1.8337972875294082,0.9168986437647041,1.8337972875294082,0.9168986437647041,1.8337972875294082,0.9168986437647041,0.9168986437647041,0.0,4.58449321882352,2.7506959312941124,6.418290506352928,1.8337972875294082,4.58449321882352,2.7506959312941124,0.9168986437647041,4.58449321882352,4.58449321882352,6.418290506352928,2.7506959312941124,1.8337972875294082,5.501391862588225,1.8337972875294082,3.6675945750588164,0.9168986437647041,0.9168986437647041,0.0,2.7506959312941124,0.0,4.58449321882352,2.7506959312941124,4.58449321882352,3.6675945750588164,2.7506959312941124,2.7506959312941124,0.9168986437647041,3.6675945750588164,6.418290506352928,11.00278372517645,1.8337972875294082,2.7506959312941124,4.58449321882352,0.9168986437647041,4.58449321882352,0.9168986437647041,1.8337972875294082,2.7506959312941124,1.8337972875294082,0.9168986437647041,6.418290506352928,3.6675945750588164,5.501391862588225,4.58449321882352,2.7506959312941124,3.6675945750588164,0.9168986437647041,2.7506959312941124,6.418290506352928,2.7506959312941124,1.8337972875294082,2.7506959312941124,9.16898643764704,0.9168986437647041,3.6675945750588164,0.9168986437647041,0.9168986437647041,1.8337972875294082
B02011,99000000090,Synthetic Census Tract 99000000090,1.0,Total:,456.6189451068526,252.22760777330905,+/-232,153.29350300015767,416.39299041886795,377.25422369542343,567.5121174899454,453.3573812132322,288.10481060313316,550.1171100573034,474.0139525394946,360.9464042273216,429.43924599334946,417.4801783834081,537.0708544828219,594.6918166034485,312.02294582301596,393.56204316352535,488.14739607851624,433.78799785150994,420.74174227702844,525.1117868728804,503.36802758207796,474.0139525394946,467.49082475225384,460.9676969650131,259.83792352508993,408.78267466708706,471.8395766104143,589.2558767807478,412.04423856070747,543.5939822700626,545.7683581991429,466.4036367877137,541.4196063409823,410.95705059616733,454.44456917777234,350.07452458192034,487.0602081139761,351.1617125464604,291.36637449675356,508.80396740477863,549.0299220927633,387.0389153762846,418.5673663479482,396.8236070571457,414.21861448978774,347.9001486528401,543.5939822700626,397.91079502168583,479.4498923621952,537.0708544828219,576.2096212062663,480.53708032673535,444.65987749691124,378.34141165996357,495.7577118302971,426.1776820997291,499.0192757239175,480.53708032673535,471.8395766104143,489.2345840430564,379.4285996245037,297.8895022839943,277.2329309577319,306.58700600031534,452.27019324869207,433.78799785150994,537.0708544828219,575.1224332417263,539.2452304119021,430.5264339578896,475.10114050403473,508.80396740477863,425.090494135189,443.5726895323711,468.578012716794,517.5014711210996,406.60829873800685,469.6652006813341,464.2292608586335,464.2292608586335,460.9676969650131,440.3111256387507
B02011,99000000091,Synthetic Census Tract 99000000091,1.0,Total:,442.40871652560634,237.43528601793548,+/-256,144.68712741717943,341.3132236507823,486.0003510679617,521.244651336249,458.1759034877349,460.03086665975,366.3552264729864,401.5995267412737,482.29042472393144,305.1414417964874,477.65301679389364,511.0423538901658,463.74079300378025,590.805770286816,391.3972292951905,352.443002682873,541.6492462284153,521.244651336249,389.5422661231754,255.05743615207913,420.1491584614249,460.03086665975,405.3094530853039,442.40871652560634,545.3591725724456,344.09566840880495,412.7293057733644,553.7065068465135,421.0766400474325,377.48500550507714,464.6682745897878,445.191161283629,503.62250120210535,478.5804983799012,387.6873029511603,497.13013010005244,396.0346372252283,333.89337096272175,392.3247108811981,372.8475975750393,568.5462122226346,334.8208525487293,375.63004233306197,435.9163454235534,405.3094530853039,531.4469487823321,464.6682745897878,309.7788497265252,468.37820093381805,364.50026330097126,405.3094530853039,491.56524058400703,450.75605079967437,323.6910735166386,396.0346372252283,441.4812349395988,467.4507193478105,421.0766400474325,558.3439147765514,477.65301679389364,514.7522802341961,364.50026330097126,449.8285692136668,398.817081983251,372.8475975750393,491.56524058400703,422.9316032194476,372.8475975750393,374.7025607470544,536.08435671237,519.3896881642339,344.09566840880495,369.13767123100905,563.9088042925968,492.4927221700146,396.0346372252283,400.6720451552661,563.9088042925968,372.8475975750393,443.3361981116139,461.88582983176514
B02011,99000000092,Synthetic Census Tract 99000000092,1.0,Total:,24.019073081999956,30.569729377090855,+/-28,18.560192836090877,27.294401229545407,32.753281475454486,38.21216172136357,27.294401229545407,36.02860962299994,26.20262518036359,8.73420839345453,27.294401229545407,36.02860962299994,17.46841678690906,27.294401229545407,34.93683357381812,25.110849131181773,12.009536540999978,14.193088639363612,20.743744934454508,22.927297032818142,31.661505426272672,25.110849131181773,45.854594065636284,22.927297032818142,19.651968885272694,13.101312590181795,16.376640737727243,9.825984442636347,19.651968885272694,37.120385672181754,24.019073081999956,12.009536540999978,26.20262518036359,25.110849131181773,16.376640737727243,25.110849131181773,42.57926591809083,37.120385672181754,28.386177278727224,27.294401229545407,19.651968885272694,25.110849131181773,7.642432344272714,29.477953327909038,30.569729377090855,30.569729377090855,30.569729377090855,40.3957138197272,29.477953327909038,7.642432344272714,25.110849131181773,46.9463701148181,22.927297032818142,26.20262518036359,36.02860962299994,21.835520983636325,10.917760491818163,17.46841678690906,19.651968885272694,24.019073081999956,29.477953327909038,24.019073081999956,37.120385672181754,25.110849131181773,19.651968885272694,16.376640737727243,15.284864688545428,9.825984442636347,24.019073081999956,42.57926591809083,21.835520983636325,13.101312590181795,31.661505426272672,22.927297032818142,15.284864688545428,24.019073081999956,38.21216172136357,29.477953327909038,27.294401229545407,27.294401229545407,14.193088639363612,28.386177278727224,7.642432344272714
B02011,99000000093,Synthetic Census Tract 99000000093,1.0,Total:,118.73980554430617,108.13803719213597,+/-102,65.7309637834552,118.73980554430617,126.1610433908253,134.64245807256145,89.05485415822963,94.35573833431472,132.5221044021274,74.21237846519135,76.33273213562539,65.7309637834552,136.7628117429955,93.2955614990977,59.36990277215308,112.37874453300405,142.0636959190806,156.90617161211887,119.79998237952319,160.08670211776993,116.61945187387212,48.768134419982886,131.4619275669104,115.5592750386551,112.37874453300405,91.17520782866366,117.67962870908914,132.5221044021274,146.30440325994866,111.31856769778703,103.8973298512679,107.07786035691895,175.98935464602522,161.14687895298692,113.43892136822107,169.6282936347231,155.84599477690185,168.56811679950607,198.2530681855826,159.0265252825529,162.20705578820395,92.23538466388068,168.56811679950607,121.92033604995723,128.28139706125933,166.44776312907203,75.27255530040837,170.6884704699401,125.10086655560828,163.26723262342097,68.91149428910626,111.31856769778703,130.40175073169337,146.30440325994866,116.61945187387212,178.10970831645926,96.47609200474876,162.20705578820395,133.58228123734443,103.8973298512679,175.98935464602522,136.7628117429955,152.66546427125078,120.86015921474021,101.77697618083386,118.73980554430617,66.79114061867222,103.8973298512679,132.5221044021274,121.92033604995723,74.21237846519135,73.15220162997433,92.23538466388068,102.83715301605088,106.01768352170194,179.16988515167625,96.47609200474876,95.41591516953174,119.79998237952319,115.5592750386551,92.23538466388068,93.2955614990977,101.77697618083386
B02011,99000000094,Synthetic Census Tract 99000000094,1.0,Total:,328.0331210876332,222.08453539473305,+/-218,135.49194131880503,353.501531109965,258.7590458268908,392.2135143439093,247.55294541706482,269.9651462367168,316.82702067780724,408.51329675820165,513.4431460502085,168.0915061473897,306.6396566688745,435.00044318142665,351.46405830817844,333.1268030920996,273.0213554393966,358.5952131144314,413.606978762668,319.8832298804871,358.5952131144314,323.9581754840601,317.8457570787005,191.52244336793493,340.25795789835246,315.808284276914,266.90893703403697,335.1642758938861,328.0331210876332,276.0775646420764,356.5577403126448,341.2766942992458,213.93464418758688,232.27189940366577,289.3211378536889,384.0636231367631,340.25795789835246,375.913731929617,292.37734705636876,398.32593274926893,429.9067611769603,307.6583930697678,294.4148198581553,331.08933029031306,339.2392214974592,300.5272382635149,317.8457570787005,378.96994113229675,343.3141671010323,318.86449347959376,323.9581754840601,191.52244336793493,247.55294541706482,429.9067611769603,315.808284276914,325.9956482858467,335.1642758938861,284.22745584922257,416.6631879653478,389.1573051412295,257.7403094259975,316.82702067780724,375.913731929617,303.58344746619474,431.94423397874687,355.53900391175154,429.9067611769603,297.4710290608351,272.0026190385033,372.85752272693713,243.47799981349175,366.7451043215775,350.4453219072852,327.01438468673996,184.39128856168202,237.36558140813213,304.602183867088,223.1032717956263,369.80131352425735,376.93246833051023,394.25098714569583,151.79172373309737,273.0213554393966
B02011,99000000095,Synthetic Census Tract 99000000095,1.0,Total:,30.639219806851376,50.713191404443656,+/-48,30.639219806851376,10.565248209259096,29.582694985925464,30.639219806851376,22.1870212394441,26.413120523147736,42.26099283703638,32.752269448703196,24.30007088129592,17.96092195574046,64.44801407648048,45.43056729981411,9.508723388333186,38.03489355333274,72.90021264388776,12.678297851110914,19.01744677666637,51.769716225369564,20.07397159759228,16.904397134814552,11.621773030185004,8.452198567407276,39.09141837425865,30.639219806851376,35.92184391148092,51.769716225369564,26.413120523147736,55.9958155090732,31.695744627777284,22.1870212394441,38.03489355333274,25.356595702221828,15.847872313888642,40.14794319518456,28.526170164999556,9.508723388333186,41.20446801611047,19.01744677666637,9.508723388333186,42.26099283703638,61.27843961370275,48.60014176259184,32.752269448703196,28.526170164999556,22.1870212394441,8.452198567407276,25.356595702221828,15.847872313888642,39.09141837425865,29.582694985925464,9.508723388333186,20.07397159759228,51.769716225369564,20.07397159759228,8.452198567407276,59.16538997185093,46.487092120740016,21.13049641851819,41.20446801611047,25.356595702221828,34.86531909055501,58.10886515092502,16.904397134814552,26.413120523147736,28.526170164999556,12.678297851110914,25.356595702221828,10.565248209259096,35.92184391148092,32.752269448703196,17.96092195574046,50.713191404443656,24.30007088129592,9.508723388333186,22.1870212394441,34.86531909055501,20.07397159759228,40.14794319518456,58.10886515092502,33.808794269629104,13.734822672036824
B02011,99000000096,Synthetic Census Tract 99000000096,1.0,Total:,36.00678090508499,56.128217293220715,+/-53,33.88873496949175,54.01017135762748,49.77407948644101,37.0658038728816,10.590229677966171,34.947757937288365,39.18384980847484,37.0658038728816,70.95453884237335,27.534597162712046,36.00678090508499,49.77407948644101,26.47557419491543,34.947757937288365,44.47896464745792,56.128217293220715,19.06241342033911,14.826321549152642,11.64925264576279,7.413160774576321,42.360918711864684,10.590229677966171,33.88873496949175,31.770689033898517,41.30189574406807,10.590229677966171,42.360918711864684,29.652643098305283,11.64925264576279,34.947757937288365,31.770689033898517,14.826321549152642,31.770689033898517,30.7116660661019,42.360918711864684,10.590229677966171,59.30528619661057,49.77407948644101,50.833102454237626,67.7774699389835,21.180459355932342,14.826321549152642,30.7116660661019,37.0658038728816,79.42672258474629,10.590229677966171,33.88873496949175,38.12482684067822,13.767298581356023,37.0658038728816,32.829712001695135,12.708275613559406,37.0658038728816,30.7116660661019,33.88873496949175,14.826321549152642,52.95114838983086,45.537987615254536,69.89551587457673,58.246263228813945,30.7116660661019,49.77407948644101,34.947757937288365,26.47557419491543,11.64925264576279,74.1316077457632,30.7116660661019,26.47557419491543,58.246263228813945,39.18384980847484,43.41994167966131,55.06919432542409,31.770689033898517,39.18384980847484,25.416551227118813,48.71505651864439,10.590229677966171,18.003390452542494,18.003390452542494,9.531206710169554,47.65603355084777
B02011,99000000097,Synthetic Census Tract 99000000097,1.0,Total:,110.0097466689101,140.50749822068715,+/-129,86.04722759251383,42.47901108997518,103.47451419352929,144.86431987094102,100.2068979558389,222.1979041629471,141.59670363325063,117.63418455685435,140.50749822068715,43.56821650253865,156.84557940913913,54.46027062817331,102.38530878096583,45.746627327665585,41.389805677411715,154.66716858401222,126.34782785736209,143.77511445837754,114.36656831916396,94.76087089302156,98.02848713071197,144.86431987094102,143.77511445837754,47.92503815279252,49.01424356535598,124.16941703223516,104.56371960609276,120.90180079454476,102.38530878096583,99.11769254327542,114.36656831916396,127.43703326992555,129.61544409505248,100.2068979558389,93.6716654804581,57.72788686586371,44.65742191510212,193.878563436297,172.09445518502767,54.46027062817331,51.192654390482915,201.50300132424127,83.8688167673869,111.09895208147356,135.06147115786982,50.10344897791945,34.85457320203092,116.54497914429089,44.65742191510212,175.36207142271806,60.995503103554114,161.202401059393,137.23988198299674,145.9535252835045,132.88306033274287,115.45577373172742,95.85007630558503,133.97226574530634,106.74213043121969,139.41829280812368,131.79385492017943,113.27736290660049,35.943778614594386,139.41829280812368,156.84557940913913,129.61544409505248,87.1364330050773,57.72788686586371,136.1506765704333,119.81259538198128,117.63418455685435,106.74213043121969,58.817092278427175,119.81259538198128,111.09895208147356,160.11319564682955,140.50749822068715,46.83583274022905,47.92503815279252,132.88306033274287,165.55922270964686
B02011,99000000098,Synthetic Census Tract 99000000098,1.0,Total:,266.1894678149945,196.79007084894235,+/-207,119.78526051674751,356.503751537939,300.4138279626366,194.88871750740668,231.96510766735233,343.1942781471893,191.08601082433532,282.35097121804773,242.42255104579854,220.5569876181383,304.216534645708,159.7136806889967,203.44480754431723,326.08209807336823,177.77653743358562,313.7233013533864,296.6111212795653,218.65563427660263,246.2252577288699,238.6198443627272,328.9341280856718,369.8132249286888,277.59758786420855,192.987364165871,214.85292759353126,229.11307765504884,217.70495760583478,366.01051824561745,286.15367790111907,252.87999442424476,245.27458105810206,216.75428093506693,131.19338056596158,355.55307486717123,192.03668749510317,294.7097679380296,246.2252577288699,188.23398081203183,272.84420451036937,282.35097121804773,314.6739780241542,308.01924132877934,240.52119770426287,212.9515742519956,154.96029733515752,289.9563845841904,263.337437802691,317.5260080364577,343.1942781471893,223.4090176304418,231.0144309965845,249.07728774117342,212.00089758122775,366.96119491638524,214.85292759353126,289.9563845841904,272.84420451036937,172.07247740897859,298.512474621101,206.29683755662072,289.9563845841904,411.64299844247364,252.87999442424476,187.28330414126398,193.93804083663883,311.8219480118507,185.38195079972832,347.9476615010285,279.4989412057442,220.5569876181383,264.2881144734588,231.0144309965845,242.42255104579854,262.38676113192315,269.9921744980658,363.1584882333139,279.4989412057442,158.76300401822886,219.60631094737045,221.50766428890614,305.1672113164758
B02011,99000000099,Synthetic Census Tract 99000000099,1.0,Total:,105.87357862345283,98.7474723699512,+/-97,60.06289556522805,123.17983666767108,102.81953308623784,115.03571523509778,138.450064353746,105.87357862345283,180.18868669568414,117.0717455932411,104.85556344438118,125.2158670258144,91.62136611644956,98.7474723699512,88.56732057923458,98.7474723699512,95.69342683273621,74.31510807223131,107.90960898159615,145.57617060724763,81.44121432573294,87.54930540016292,147.61220096539097,118.08976077231277,85.5132750420196,104.85556344438118,146.59418578631931,84.49525986294793,117.0717455932411,88.56732057923458,90.6033509373779,90.6033509373779,83.47724468387626,99.76548754902286,85.5132750420196,115.03571523509778,123.17983666767108,72.27907771408799,98.7474723699512,121.14380630952776,57.008850028013065,66.17098663965803,162.8824286514659,127.25189738395773,90.6033509373779,141.504109890961,99.76548754902286,69.225032176873,142.52212507003264,112.99968487695446,109.94563933973947,104.85556344438118,93.65739647459289,106.8915938025245,79.40518396758962,187.31479294918577,155.75632239796425,81.44121432573294,102.81953308623784,117.0717455932411,107.90960898159615,97.72945719087954,117.0717455932411,146.59418578631931,69.225032176873,123.17983666767108,146.59418578631931,100.78350272809452,163.90044383053757,125.2158670258144,95.69342683273621,139.46807953281768,44.79266787915312,133.3599884583877,55.990834848941404,73.29709289315966,66.17098663965803,41.73862234193813,96.71144201180788,136.4140339956027,45.81068305822478,89.58533575830624,142.52212507003264
B02011,99000000100,Synthetic Census Tract 99000000100,1.0,Total:,23.894255827334888,37.679403420028095,+/-41,22.975245987822007,26.65128534587353,9.190098395128803,10.109108234641683,27.57029518538641,7.352078716103042,29.40831486441217,20.218216469283366,34.00336406197657,39.51742309905385,33.08435422246369,23.894255827334888,19.299206629770485,9.190098395128803,41.35544277807961,26.65128534587353,11.028118074154563,20.218216469283366,29.40831486441217,23.894255827334888,10.109108234641683,8.271088555615922,22.056236148309125,23.894255827334888,26.65128534587353,22.975245987822007,34.00336406197657,8.271088555615922,22.975245987822007,23.894255827334888,32.16534438295081,42.274452617592495,10.109108234641683,23.894255827334888,32.16534438295081,49.62653133369554,27.57029518538641,34.00336406197657,34.00336406197657,8.271088555615922,27.57029518538641,22.975245987822007,7.352078716103042,11.028118074154563,47.788511654669776,10.109108234641683,21.137226308796247,29.40831486441217,45.95049197564401,47.788511654669776,40.43643293856673,25.732275506360647,20.218216469283366,7.352078716103042,39.51742309905385,20.218216469283366,8.271088555615922,26.65128534587353,22.056236148309125,24.81326566684777,5.514059037077281,7.352078716103042,28.489305024899288,25.732275506360647,29.40831486441217,26.65128534587353,35.84138374100233,8.271088555615922,22.056236148309125,24.81326566684777,20.218216469283366,31.24633454343793,8.271088555615922,27.57029518538641,27.57029518538641,38.59841325954097,30.32732470392505,48.70752149418266,38.59841325954097,7.352078716103042,23.894255827334888
B02011,99000000101,Synthetic Census Tract 99000000101,1.0,Total:,429.75791880202615,237.39008848111922,+/-232,144.27587274068023,391.8982926218477,355.061899581674,534.1276990825182,426.6882193820117,271.1567821012784,517.7559688424411,446.1296490421034,339.71340248160163,404.1770903019056,392.92152576185254,505.4771711623832,559.7085275826389,293.66791118138457,370.41039668174636,459.4316798621661,408.2700228619249,395.991225181867,494.2216066223301,473.7569438222336,446.1296490421034,439.99025020207444,433.8508513620455,244.552720461153,384.7356606418139,444.0831827620937,554.5923618826147,387.80536006182837,511.6165700024121,513.6630362824218,438.9670170620696,509.57010372240245,386.7821269218236,427.71145252201654,329.4810710815534,458.4084467221613,330.50430422155824,274.2264815212929,478.8731095222577,516.7327357024362,364.2709978417174,393.9447589018573,373.48009610176086,389.85182634183803,327.43460480154374,511.6165700024121,374.5033292417657,451.2458147421275,505.4771711623832,542.3135642025568,452.2690478821323,418.5023542619731,356.08513272167886,466.59431184219983,401.1073908818911,469.66401126221433,452.2690478821323,444.0831827620937,460.4549130021709,357.10836586168364,280.36588036132184,260.92445070123017,288.55174548136046,425.6649862420069,408.2700228619249,505.4771711623832,541.290331062552,507.52363744239284,405.20032344191037,447.1528821821082,478.8731095222577,400.08415774188626,417.47912112196826,441.01348334207927,487.05897464229633,382.68919436180425,442.03671648208405,436.92055078205993,436.92055078205993,433.8508513620455,414.4094217019538
B02011,99000000102,Synthetic Census Tract 99000000102,1.0,Total:,0.0,13.07961565145981,+/-14,8.40832434736702,0.0,0.0,0.0,0.0,0.0,0.0,0.0,0.0,0.0,0.0,0.0,0.0,0.0,0.0,0.0,0.0,0.0,0.0,0.0,0.0,0.0,0.0,0.0,0.0,0.0,0.0,0.0,0.0,0.0,0.0,0.0,0.0,0.0,0.0,0.0,0.0,0.0,0.0,0.0,0.0,0.0,0.0,0.0,0.0,0.0,0.0,0.0,0.0,0.0,0.0,0.0,0.0,0.0,0.0,0.0,0.0,0.0,0.0,0.0,0.0,0.0,0.0,0.0,0.0,0.0,0.0,0.0,0.0,0.0,0.0,0.0,0.0,0.0,0.0,0.0,0.0,0.0,0.0,0.0,0.0
B02011,99000000103,Synthetic Census Tract 99000000103,1.0,Total:,22.285782690478744,28.363723424245673,+/-28,17.220832079006303,25.32475305736221,30.389703668834652,35.454654280307096,25.32475305736221,33.42867403571812,24.31176293506772,8.103920978355907,25.32475305736221,33.42867403571812,16.207841956711814,25.32475305736221,32.41568391342363,23.298772812773233,11.142891345239372,13.168871589828349,19.24681232359528,21.272792568184254,29.376713546540163,23.298772812773233,42.54558513636851,21.272792568184254,18.23382220130079,12.15588146753386,15.194851834417326,9.116911100650395,18.23382220130079,34.44166415801261,22.285782690478744,11.142891345239372,24.31176293506772,23.298772812773233,15.194851834417326,23.298772812773233,39.50661476948505,34.44166415801261,26.337743179656698,25.32475305736221,18.23382220130079,23.298772812773233,7.090930856061418,27.350733301951188,28.363723424245673,28.363723424245673,28.363723424245673,37.48063452489607,27.350733301951188,7.090930856061418,23.298772812773233,43.558575258663,21.272792568184254,24.31176293506772,33.42867403571812,20.25980244588977,10.129901222944884,16.207841956711814,18.23382220130079,22.285782690478744,27.350733301951188,22.285782690478744,34.44166415801261,23.298772812773233,18.23382220130079,15.194851834417326,14.181861712122837,9.116911100650395,22.285782690478744,39.50661476948505,20.25980244588977,12.15588146753386,29.376713546540163,21.272792568184254,14.181861712122837,22.285782690478744,35.454654280307096,27.350733301951188,25.32475305736221,25.32475305736221,13.168871589828349,26.337743179656698,7.090930856061418
B02011,99000000104,Synthetic Census Tract 99000000104,1.0,Total:,133.91216557049364,104.49206858909731,+/-103,63.91262447682651,51.73879124314527,131.8831933648801,170.43366527153736,125.79627674803947,125.79627674803947,86.23131873857545,105.50655469190409,110.57898520593793,168.40469306592382,171.44815137434412,158.2598320378561,131.8831933648801,134.9266516733004,148.1149710097884,116.66590182277855,133.91216557049364,110.57898520593793,138.98459608452748,135.94113777610718,129.85422115926656,136.95562387891394,111.5934713087447,99.41963807506346,159.2743181406629,130.86870726207331,146.0859988041749,128.8397350564598,164.34674865469674,138.98459608452748,132.89767946768686,144.05702659856135,141.01356829014102,169.41917916873058,119.70936013119886,188.6944151220592,142.0280543929478,135.94113777610718,243.47666467362478,183.62198460802537,152.1729154210155,126.81076285084625,149.1294571125952,200.86824835574046,123.76730454242593,131.8831933648801,207.96965107538784,117.68038792558532,165.3612347575035,130.86870726207331,119.70936013119886,190.72338732767275,181.59301240241183,136.95562387891394,159.2743181406629,113.62244351435824,161.30329034627644,124.7817906452327,127.82524895365302,128.8397350564598,128.8397350564598,160.28880424346966,133.91216557049364,118.69487402839209,101.448610280677,151.15842931820873,129.85422115926656,127.82524895365302,161.30329034627644,72.02851329928068,77.10094381331452,96.37617976664315,95.36169366383638,188.6944151220592,166.37572086031028,119.70936013119886,135.94113777610718,74.0574855048942,166.37572086031028,162.3177764490832,144.05702659856135
B02011,99000000105,Synthetic Census Tract 99000000105,1.0,Total:,333.7142022803385,165.863904109573,+/-167,100.3129000902208,311.8638676072211,309.8774735460286,331.727808219146,274.12238044456376,331.727808219146,316.8298527602023,335.70059634153097,337.6869904027235,444.952269707118,395.2924181773057,353.57814289226343,322.7890349437798,259.2244249856201,338.6801874333197,325.76862603556856,227.44212000654022,364.5033102288221,303.91829136245116,373.4420835041883,310.87067057662483,270.14959232217876,407.21078254446064,318.8162468213948,375.42847756538083,295.97271511768116,311.8638676072211,372.4488864735921,419.12914691161563,318.8162468213948,277.1019715363525,402.24479739147944,288.0271388729112,370.46249241239957,401.2516003608832,403.2379944220757,410.19037363624943,357.55093101464837,387.34684193253577,307.8910794848361,339.67338446391597,364.5033102288221,333.7142022803385,312.85706463781736,194.66661799686412,434.0271023705593,337.6869904027235,351.5917488310709,241.34687843488766,338.6801874333197,310.87067057662483,361.52371913703337,376.42167459597704,325.76862603556856,321.79583791318356,351.5917488310709,312.85706463781736,397.27881223849823,333.7142022803385,448.925057829503,381.3876597489583,291.99992699529616,404.2311914526719,254.25843983263886,323.78223197437603,299.94550324006616,254.25843983263886,399.2652062996907,366.48970429001463,342.6529755557047,294.9795180870849,347.61896070868596,368.4760983512071,300.9387002706624,332.72100524974223,327.75502009676103,385.36044787134324,255.2516368632351,326.76182306616477,405.22438848326817,339.67338446391597
B02011,99000000106,Synthetic Census Tract 99000000106,1.0,Total:,41.18558055920761,41.18558055920761,+/-41,25.113158877565617,71.32137121228635,43.19463326941286,52.23537046533648,21.095053457155117,71.32137121228635,21.095053457155117,33.149369718386616,33.149369718386616,43.19463326941286,51.23084411023386,47.21273868982336,18.081474391847244,44.19915962451549,30.13579065307874,42.190106914310235,17.076948036744618,58.26252859595223,48.21726504492598,51.23084411023386,51.23084411023386,38.172001493899735,46.208212334720734,37.167475138797116,37.167475138797116,53.23989682043911,39.17652784900236,22.099579812257744,46.208212334720734,60.27158130615748,55.24894953064436,58.26252859595223,32.14484336328399,48.21726504492598,50.226317755131234,39.17652784900236,37.167475138797116,33.149369718386616,43.19463326941286,30.13579065307874,57.258002240849606,63.28516037146535,42.190106914310235,51.23084411023386,23.104106167360367,69.3123185020811,24.10863252246299,38.172001493899735,37.167475138797116,39.17652784900236,64.28968672656798,54.24442317554173,20.090527102052494,43.19463326941286,32.14484336328399,40.18105420410499,23.104106167360367,48.21726504492598,45.20368597961811,54.24442317554173,55.24894953064436,42.190106914310235,43.19463326941286,36.16294878369449,34.153896073489236,49.22179140002861,35.15842242859186,26.11768523266824,40.18105420410499,47.21273868982336,59.26705495105485,56.25347588574698,35.15842242859186,43.19463326941286,50.226317755131234,40.18105420410499,36.16294878369449,43.19463326941286,36.16294878369449,28.12673794287349,49.22179140002861
B02011,99000000107,Synthetic Census Tract 99000000107,1.0,Total:,6.316708068007906,10.527846780013178,+/-10,6.316708068007906,2.1055693560026354,6.316708068007906,12.633416136015812,6.316708068007906,9.47506210201186,2.1055693560026354,7.369492746009223,8.422277424010542,7.369492746009223,6.316708068007906,6.316708068007906,5.263923390006589,6.316708068007906,4.211138712005271,2.1055693560026354,8.422277424010542,10.527846780013178,1.0527846780013177,5.263923390006589,14.738985492018447,9.47506210201186,6.316708068007906,2.1055693560026354,5.263923390006589,3.158354034003953,9.47506210201186,8.422277424010542,2.1055693560026354,3.158354034003953,7.369492746009223,4.211138712005271,8.422277424010542,5.263923390006589,6.316708068007906,9.47506210201186,4.211138712005271,2.1055693560026354,8.422277424010542,6.316708068007906,2.1055693560026354,2.1055693560026354,7.369492746009223,12.633416136015812,6.316708068007906,8.422277424010542,3.158354034003953,6.316708068007906,11.580631458014494,6.316708068007906,7.369492746009223,7.369492746009223,5.263923390006589,5.263923390006589,4.211138712005271,3.158354034003953,7.369492746009223,12.633416136015812,3.158354034003953,5.263923390006589,9.47506210201186,8.422277424010542,5.263923390006589,1.0527846780013177,6.316708068007906,2.1055693560026354,10.527846780013178,6.316708068007906,1.0527846780013177,3.158354034003953,6.316708068007906,8.422277424010542,6.316708068007906,5.263923390006589,8.422277424010542,11.580631458014494,5.263923390006589,2.1055693560026354,9.47506210201186,7.369492746009223,2.1055693560026354
B02011,99000000108,Synthetic Census Tract 99000000108,1.0,Total:,121.88262847977754,96.44625384051962,+/-91,59.35154082493515,111.28413904675341,103.86519644363652,91.14700912400755,198.1917523975513,102.80534750033411,148.37885206233787,139.90006051591857,72.06972814456411,122.94247742307995,110.224290103451,101.74549855703168,126.1220242529872,125.06217530968479,130.36142002619684,94.32655595391479,140.959909459221,138.84021157261617,135.66066474270892,147.31900311903547,73.12957708786652,113.40383693335824,108.10459221684617,193.95235662434166,93.26670701061238,103.86519644363652,140.959909459221,101.74549855703168,118.7030816498703,75.24927497447135,76.30912391777376,134.6008157994065,182.2940182480151,102.80534750033411,107.04474327354376,174.8750756448982,119.76293059317271,122.94247742307995,173.8152267015958,104.92504538693893,176.99477353150303,102.80534750033411,127.18187319628962,125.06217530968479,173.8152267015958,72.06972814456411,115.52353481996306,112.34398799005582,100.68564961372927,116.58338376326547,113.40383693335824,57.231842938330324,158.97734149536203,111.28413904675341,121.88262847977754,133.5409668561041,136.72051368601134,140.959909459221,155.79779466545477,167.45613304178133,85.84776440749549,137.78036262931374,110.224290103451,114.46368587666065,131.42126896949927,124.00232636638236,178.05462247480546,156.85764360875717,100.68564961372927,74.18942603116894,112.34398799005582,139.90006051591857,135.66066474270892,87.96746229410032,105.98489433024135,95.3864048972172,122.94247742307995,135.66066474270892,114.46368587666065,131.42126896949927,134.6008157994065
B02011,99000000109,Synthetic Census Tract 99000000109,1.0,Total:,45.92780958329395,44.929378940178864,+/-45,26.95762736410732,53.91525472821464,16.97332093295646,28.954488650337492,45.92780958329395,54.91368537132973,44.929378940178864,44.929378940178864,60.90426923002024,46.926240226409035,61.902699873135326,13.978029003611203,42.93251765394869,43.93094829706378,48.92310151263921,57.908977300674984,44.929378940178864,34.94507250902801,41.93408701083361,67.89328373182585,35.943503152143094,20.967043505416804,50.91996279886938,67.89328373182585,47.92467086952412,59.905838586905155,58.90740794379007,24.960766077877146,47.92467086952412,36.94193379525818,51.91839344198446,56.9105466575599,31.94978057968275,36.94193379525818,33.94664186591292,34.94507250902801,57.908977300674984,40.93565636771852,35.943503152143094,45.92780958329395,42.93251765394869,62.90113051625041,24.960766077877146,41.93408701083361,74.88229823363145,38.93879508148835,45.92780958329395,70.8885756611711,58.90740794379007,24.960766077877146,73.88386759051636,29.952919293452577,27.956058007222406,41.93408701083361,45.92780958329395,45.92780958329395,46.926240226409035,27.956058007222406,38.93879508148835,56.9105466575599,52.91682408509955,20.967043505416804,48.92310151263921,65.89642244559568,34.94507250902801,61.902699873135326,62.90113051625041,15.974890289841374,45.92780958329395,46.926240226409035,38.93879508148835,46.926240226409035,51.91839344198446,37.940364438373265,28.954488650337492,57.908977300674984,47.92467086952412,49.92153215575429,34.94507250902801,40.93565636771852,59.905838586905155
B02011,99000000110,Synthetic Census Tract 99000000110,1.0,Total:,654.7877978915035,394.70853237385023,+/-387,240.70081043986733,595.6325139698412,630.3097493721949,709.8634070599477,808.7955198254864,495.680482515998,458.9634097370352,597.6723513464502,654.7877978915035,640.5089362552402,566.0548720090101,626.2300746189769,782.2776339295689,649.6882044499808,309.03536255627034,679.2658464108121,694.5646267353799,664.9869847745488,793.4967395009186,549.7361729961377,773.0983657348281,764.9390162283919,523.2182871002201,854.69186079919,658.8674726447216,526.2780431651337,586.4532457751005,643.5686923201538,554.8357664376603,660.9073100213307,740.4609677090834,792.476820812614,882.229665383412,581.3536523335779,469.16259662008036,801.6560890073548,641.5288549435447,798.5963329424412,588.4930831517096,587.473164463405,501.7999946458251,674.1662529692894,827.1540562149678,449.78414154229444,608.8914569178,717.0028378780794,720.062593942993,537.4971487364834,624.1902372423679,607.8715382294955,590.5329205283185,631.3296680604994,470.1825153083849,543.6166608663106,700.684138865207,361.051215659801,542.596742178006,482.4215395680392,619.0906438008452,867.9508037471487,635.4093428137176,785.3373899944824,782.2776339295689,560.9552785674874,812.8751945787045,676.2060903458985,855.7117794874945,616.0308877359316,641.5288549435447,644.5886110084583,557.8955225025738,749.6402359038241,685.3853585406392,764.9390162283919,771.0585283582191,675.186171657594,660.9073100213307,419.1865808931588,600.7321074113638,811.8552758904,729.2418621377336
B02011,99000000111,Synthetic Census Tract 99000000111,1.0,Total:,7.603730729966143,20.63869769562239,+/-19,13.034966965656245,5.431236235690102,7.603730729966143,5.431236235690102,2.172494494276041,8.689977977104164,7.603730729966143,2.172494494276041,7.603730729966143,14.121214212794266,10.862472471380205,7.603730729966143,6.517483482828123,6.517483482828123,11.948719718518225,8.689977977104164,6.517483482828123,2.172494494276041,2.172494494276041,3.2587417414140614,15.207461459932286,14.121214212794266,36.93240640269269,9.776225224242184,4.344988988552082,9.776225224242184,6.517483482828123,5.431236235690102,20.63869769562239,14.121214212794266,19.552450448484368,16.29370870707031,7.603730729966143,8.689977977104164,9.776225224242184,6.517483482828123,18.466203201346346,2.172494494276041,5.431236235690102,3.2587417414140614,15.207461459932286,5.431236235690102,10.862472471380205,6.517483482828123,1.0862472471380205,7.603730729966143,7.603730729966143,2.172494494276041,4.344988988552082,15.207461459932286,8.689977977104164,13.034966965656245,8.689977977104164,8.689977977104164,6.517483482828123,8.689977977104164,5.431236235690102,3.2587417414140614,2.172494494276041,2.172494494276041,13.034966965656245,14.121214212794266,23.89743943703645,13.034966965656245,5.431236235690102,7.603730729966143,8.689977977104164,4.344988988552082,16.29370870707031,10.862472471380205,21.72494494276041,22.811192189898428,6.517483482828123,7.603730729966143,7.603730729966143,8.689977977104164,15.207461459932286,3.2587417414140614,5.431236235690102,3.2587417414140614,11.948719718518225
B02011,99000000112,Synthetic Census Tract 99000000112,1.0,Total:,5.543680306201348,9.239467177002247,+/-10,5.543680306201348,1.8478934354004493,5.543680306201348,11.087360612402696,5.543680306201348,8.315520459302022,1.8478934354004493,6.4676270239015725,7.391573741601797,6.4676270239015725,5.543680306201348,5.543680306201348,4.6197335885011235,5.543680306201348,3.6957868708008985,1.8478934354004493,7.391573741601797,9.239467177002247,0.9239467177002246,4.6197335885011235,12.935254047803145,8.315520459302022,5.543680306201348,1.8478934354004493,4.6197335885011235,2.771840153100674,8.315520459302022,7.391573741601797,1.8478934354004493,2.771840153100674,6.4676270239015725,3.6957868708008985,7.391573741601797,4.6197335885011235,5.543680306201348,8.315520459302022,3.6957868708008985,1.8478934354004493,7.391573741601797,5.543680306201348,1.8478934354004493,1.8478934354004493,6.4676270239015725,11.087360612402696,5.543680306201348,7.391573741601797,2.771840153100674,5.543680306201348,10.16341389470247,5.543680306201348,6.4676270239015725,6.4676270239015725,4.6197335885011235,4.6197335885011235,3.6957868708008985,2.771840153100674,6.4676270239015725,11.087360612402696,2.771840153100674,4.6197335885011235,8.315520459302022,7.391573741601797,4.6197335885011235,0.9239467177002246,5.543680306201348,1.8478934354004493,9.239467177002247,5.543680306201348,0.9239467177002246,2.771840153100674,5.543680306201348,7.391573741601797,5.543680306201348,4.6197335885011235,7.391573741601797,10.16341389470247,4.6197335885011235,1.8478934354004493,8.315520459302022,6.4676270239015725,1.8478934354004493
B02011,99000000113,Synthetic Census Tract 99000000113,1.0,Total:,475.56166728771143,302.8819939230473,+/-328,183.76072192282442,594.6829392879342,545.7416414893931,554.9758486211933,358.2872367138486,365.67460241928876,579.9082078770539,541.124537923493,354.5935538611285,464.48061872955117,550.3587450552932,299.1883110703272,317.6567253339276,434.93115590779047,453.3995701713909,527.2732272257927,508.8048129621922,461.7103565900111,459.863515163651,457.093253024111,493.10666083813186,354.5935538611285,490.3363986985918,505.11113010947213,776.5968197843987,592.8360978615742,349.0530295820484,302.8819939230473,566.9803178925337,455.2464115977509,344.43592601614824,565.1334764661735,510.65165438855223,526.3498065126126,497.72376440403195,313.03962176802753,459.863515163651,458.016673737291,530.9669100785128,410.9222173651099,489.41297798541177,559.5929521870935,461.7103565900111,397.07090666740953,398.9177480937696,380.4493338301691,559.5929521870935,493.10666083813186,367.52144384564883,516.1921786676324,587.2955735824941,355.51697457430856,359.21065742702865,504.1877093962921,480.1787708536115,567.9037386057137,534.6605929312328,515.2687579544523,525.4263857994326,500.49402654357203,459.863515163651,358.2872367138486,509.7282336753722,392.45380310150944,515.2687579544523,701.7997420168168,390.60696167514936,341.6656638766082,486.6427158458717,472.79140514817135,340.74224316342816,557.7461107607334,639.0071335205754,500.49402654357203,521.7327029467125,331.50803603162797,467.2508808690912,473.71482586135136,461.7103565900111,544.818220776213,528.1966479389727
B02011,99000000114,Synthetic Census Tract 99000000114,1.0,Total:,1215.7428881563535,242.23103582888857,+/-264,147.72423018352674,1172.6184234443924,1121.2360825109918,1276.3006471135757,1149.6798783848385,1304.7444429874224,1297.4041085683652,1240.5165168206718,1350.6215331065303,1244.1866840302005,1154.2675873967494,1261.6199782754613,1199.2271357134748,1233.1761824016146,1212.9902627492072,1279.9708143231044,1184.5464668753605,1249.6919348444933,1268.0427708921363,1126.7413333252846,1212.9902627492072,1084.5344104157057,1147.8447947800742,1311.1672356040976,1112.9782062895524,1023.9766514584835,1303.8269011850402,1133.1641259419598,1196.4745103063283,1242.3516004254361,1232.2586405992324,1235.0112660063787,1161.6079218158065,1309.3321519993333,1171.7008816420102,1132.2465841395776,1301.074275777894,1344.198740489855,1370.8074527589376,1319.425111825537,1292.8163995564546,1235.928807808761,1162.5254636181887,1191.8868012944176,1227.6709315873215,1184.5464668753605,1281.8058979278687,1326.7654462445942,1251.5270184492576,1200.144677515857,1130.4115005348133,1255.197185658786,1236.846349611143,1195.556968503946,1152.432503791985,1389.1582888065807,1224.000764377793,1248.7743930421111,1245.1042258325824,1065.2660325656805,1235.928807808761,1169.865798037246,1167.1131726300994,1203.8148447253857,1220.3305971682644,1093.7098284395272,1225.8358479825572,1193.721884899182,1069.853741577591,1137.7518349538705,1203.8148447253857,1219.4130553658822,1188.216634084889,1204.7323865277679,1246.0217676349646,1271.712938101665,1346.0338240946194,1313.002319208862,1272.6304799040472,1241.434058623054,1153.3500455943672
B02011,99000000115,Synthetic Census Tract 99000000115,1.0,Total:,19.599880483154006,30.94717971024317,+/-30,18.5683078261459,6.189435942048634,25.789316425202642,38.16818830929991,37.1366156522918,28.88403439622696,7.22100859905674,17.536735169137796,17.536735169137796,35.07347033827559,6.189435942048634,15.473589855121585,19.599880483154006,5.157863285040528,19.599880483154006,22.694598454178323,5.157863285040528,17.536735169137796,20.63145314016211,20.63145314016211,21.663025797170217,6.189435942048634,37.1366156522918,26.820889082210748,33.01032502425938,33.01032502425938,7.22100859905674,17.536735169137796,22.694598454178323,27.852461739218853,6.189435942048634,22.694598454178323,17.536735169137796,6.189435942048634,29.915607053235064,17.536735169137796,7.22100859905674,18.5683078261459,19.599880483154006,16.50516251212969,23.726171111186428,6.189435942048634,38.16818830929991,35.07347033827559,26.820889082210748,30.94717971024317,6.189435942048634,24.757743768194537,25.789316425202642,29.915607053235064,8.252581256064845,21.663025797170217,22.694598454178323,8.252581256064845,20.63145314016211,19.599880483154006,7.22100859905674,19.599880483154006,19.599880483154006,17.536735169137796,17.536735169137796,6.189435942048634,24.757743768194537,35.07347033827559,26.820889082210748,31.978752367251275,7.22100859905674,18.5683078261459,14.44201719811348,35.07347033827559,9.28415391307295,17.536735169137796,16.50516251212969,8.252581256064845,17.536735169137796,16.50516251212969,5.157863285040528,19.599880483154006,18.5683078261459,18.5683078261459,19.599880483154006
B02011,99000000116,Synthetic Census Tract 99000000116,1.0,Total:,189.85828041050866,141.65591906276293,+/-144,86.56750609391068,263.63740492236434,187.8908370901925,218.38620855509285,196.7443320316152,194.77688871129902,150.50941400418563,139.68847574244677,131.81870246118217,264.62112658252244,135.75358910181447,234.12575511762208,244.9466933793609,319.7095395513747,268.5560132231547,146.5745273635533,123.94892917991757,186.90711543003442,182.97222878940212,185.92339376987636,201.66294033240555,181.00478546908596,136.73731076197257,213.46760025430248,265.6048482426805,235.10947677778015,273.47462152394513,229.20714681683168,208.5489919535121,204.6141053128798,251.83274500046744,155.428022304976,153.46057898465983,201.66294033240555,187.8908370901925,222.32109519572515,244.9466933793609,161.33035226592446,190.84200207066672,182.97222878940212,155.428022304976,155.428022304976,218.38620855509285,211.50015693398632,193.79316705114095,216.4187652347767,143.6233623830791,161.33035226592446,213.46760025430248,164.2815172463987,183.9559504495602,194.77688871129902,193.79316705114095,206.58154863319595,199.69549701208942,160.34663060576636,128.86753748070794,211.50015693398632,188.8745587503506,217.40248689493478,228.2234251566736,169.20012554718906,228.2234251566736,107.22566095723028,157.39546562529216,238.06064175825438,256.75135330125784,269.5397348833128,213.46760025430248,144.60708404323717,225.27226017619938,216.4187652347767,145.59080570339523,149.52569234402753,203.63038365272172,204.6141053128798,219.36993021525095,246.91413669967707,170.18384720734713,221.33737353556708,104.27449597675604
B02011,99000000117,Synthetic Census Tract 99000000117,1.0,Total:,49.578621311733336,56.96267129433191,+/-54,34.81052134653617,25.31674279748085,51.68834987819007,46.41402846204823,24.261878514252484,17.93269281488227,33.7556570633078,49.578621311733336,54.852942727875174,48.52375702850497,75.95022839244255,67.5113141266156,80.16968552535603,30.591064213622694,60.12726414401702,44.30429989559149,58.01753557756028,48.52375702850497,36.92024991299291,49.578621311733336,67.5113141266156,72.78563554275745,42.19457132913475,40.084842762678015,81.2245498085844,45.35916417881986,63.291856993702126,46.41402846204823,31.645928496851063,56.96267129433191,49.578621311733336,53.798078444646805,54.852942727875174,31.645928496851063,45.35916417881986,22.152149947795746,35.86538562976454,31.645928496851063,26.371607080709218,28.481335647165956,39.029978479449646,35.86538562976454,59.07239986078865,22.152149947795746,31.645928496851063,54.852942727875174,34.81052134653617,46.41402846204823,49.578621311733336,30.591064213622694,43.24943561236312,55.90780701110354,49.578621311733336,41.139707045906384,52.743214161418436,55.90780701110354,55.90780701110354,39.029978479449646,72.78563554275745,83.33427837504114,40.084842762678015,93.88292120732483,48.52375702850497,48.52375702850497,51.68834987819007,78.05995695889929,80.16968552535603,28.481335647165956,53.798078444646805,37.97511419622128,23.207014231024115,34.81052134653617,32.70079278007943,70.67590697630071,28.481335647165956,39.029978479449646,55.90780701110354,71.73077125952908,44.30429989559149,28.481335647165956,92.82805692409646
B02011,99000000118,Synthetic Census Tract 99000000118,1.0,Total:,26.890403349204682,42.40409758913046,+/-41,25.856157066542963,29.993142197189837,10.342462826617185,11.376709109278902,31.027388479851552,8.273970261293748,33.09588104517499,22.753418218557805,38.26711245848358,44.4725901544539,37.23286617582187,26.890403349204682,21.71917193589609,10.342462826617185,46.54108271977733,29.993142197189837,12.410955391940622,22.753418218557805,33.09588104517499,26.890403349204682,11.376709109278902,9.308216543955467,24.821910783881243,26.890403349204682,29.993142197189837,25.856157066542963,38.26711245848358,9.308216543955467,25.856157066542963,26.890403349204682,36.19861989316015,47.57532900243905,11.376709109278902,26.890403349204682,36.19861989316015,55.849299263732796,31.027388479851552,38.26711245848358,38.26711245848358,9.308216543955467,31.027388479851552,25.856157066542963,8.273970261293748,12.410955391940622,53.780806698409364,11.376709109278902,23.787664501219524,33.09588104517499,51.712314133085926,53.780806698409364,45.50683643711561,28.958895914528117,22.753418218557805,8.273970261293748,44.4725901544539,22.753418218557805,9.308216543955467,29.993142197189837,24.821910783881243,27.924649631866398,6.205477695970311,8.273970261293748,32.06163476251327,28.958895914528117,33.09588104517499,29.993142197189837,40.33560502380702,9.308216543955467,24.821910783881243,27.924649631866398,22.753418218557805,35.16437361049843,9.308216543955467,31.027388479851552,31.027388479851552,43.43834387179218,34.13012732783671,54.81505298107108,43.43834387179218,8.273970261293748,26.890403349204682
B02011,99000000119,Synthetic Census Tract 99000000119,1.0,Total:,49.303105134948034,43.50273982495415,+/-45,26.10164389497249,44.4694673766198,53.17001534161062,81.2051143399144,23.201461239975544,56.07019799660757,42.5360122732885,26.10164389497249,51.23656023827933,44.4694673766198,33.835464308297674,45.436194928285445,56.07019799660757,52.20328778994498,23.201461239975544,69.60438371992663,71.53783882325793,52.20328778994498,50.26983268661368,33.835464308297674,61.870563306601454,56.07019799660757,51.23656023827933,63.80401840993275,34.802191859963315,52.20328778994498,53.17001534161062,29.001826549969433,64.7707459615984,41.56928472162285,28.035098998303784,45.436194928285445,46.40292247995109,44.4694673766198,28.035098998303784,60.903835754935805,62.8372908582671,56.07019799660757,61.870563306601454,24.168188791641192,50.26983268661368,44.4694673766198,43.50273982495415,22.2347336883099,66.70420106492969,46.40292247995109,51.23656023827933,62.8372908582671,52.20328778994498,57.03692554827322,58.97038065160451,52.20328778994498,50.26983268661368,56.07019799660757,64.7707459615984,34.802191859963315,23.201461239975544,38.66910206662591,49.303105134948034,55.10347044494192,55.10347044494192,56.07019799660757,52.20328778994498,25.13491634330684,58.003653099938866,53.17001534161062,51.23656023827933,63.80401840993275,41.56928472162285,46.40292247995109,50.26983268661368,40.6025571699572,49.303105134948034,48.336377583282385,50.26983268661368,25.13491634330684,29.001826549969433,29.001826549969433,33.835464308297674,69.60438371992663,51.23656023827933
B02011,99000000120,Synthetic Census Tract 99000000120,1.0,Total:,133.8794903745661,101.48929109039688,+/-94,61.54137863992151,127.40145051773226,92.85190461461842,169.50870958715223,107.96733094723072,101.48929109039688,106.88765763775841,161.95099642084608,128.48112382720456,136.0388369935107,142.51687685034454,128.48112382720456,123.08275727984302,145.75589677876147,166.2696896587353,222.4127017512953,185.70380922923684,130.64047044614918,146.8355700882338,128.48112382720456,184.62413591976454,157.63230318295686,104.7283110188138,139.27785692192762,119.8437373514261,132.79981706509378,131.72014375562148,145.75589677876147,150.07459001665072,138.19818361245532,194.3411957050153,112.28602418511996,153.3136099450676,166.2696896587353,124.16243058931533,145.75589677876147,101.48929109039688,138.19818361245532,123.08275727984302,63.70072525886613,145.75589677876147,74.4974583535892,153.3136099450676,191.1021757765984,112.28602418511996,159.79164980190146,106.88765763775841,153.3136099450676,146.8355700882338,150.07459001665072,127.40145051773226,148.9949167071784,171.66805620609685,85.29419144831228,110.12667756617533,142.51687685034454,119.8437373514261,184.62413591976454,136.0388369935107,145.75589677876147,116.60471742300918,103.6486377093415,107.96733094723072,211.61596865657222,191.1021757765984,96.09092454303534,131.72014375562148,113.36569749459225,122.00308397037071,133.8794903745661,96.09092454303534,143.59655015981687,170.58838289662455,110.12667756617533,168.42903627767993,104.7283110188138,151.15426332612302,173.82740282504147,142.51687685034454,153.3136099450676,177.0664227534584
B02011,99000000121,Synthetic Census Tract 99000000121,1.0,Total:,192.6086765827859,132.61581010618045,+/-126,81.04299506488806,221.02635017696744,172.61105442391744,248.39151734173484,262.0741009241185,236.8139466181794,199.9762215886848,169.45353513567503,244.18149162407832,116.8282136649685,166.29601584743264,198.9237151592707,153.66593869446308,223.1313630357957,131.56330367676634,188.39865086512938,258.9165816358761,158.92847084153374,250.4965302005631,166.29601584743264,245.23399805349243,214.71131160048265,273.651671647674,265.2316202123609,145.24588725915004,172.61105442391744,208.39627302399788,182.0836122886446,251.54903662997722,192.6086765827859,227.3413887534522,206.2912601651696,131.56330367676634,152.61343226504894,144.1933808297359,238.91895947700766,210.50128588282612,157.8759644121196,158.92847084153374,148.40340654739242,209.448779453412,271.5466587888457,143.14087440032176,245.23399805349243,235.76144018876528,167.34852227684678,217.86883088872503,198.9237151592707,187.34614443571525,212.6062987416544,235.76144018876528,132.61581010618045,205.23875373575547,168.4010287062609,202.08123444751308,193.66118301220004,156.82345798270546,194.71368944161418,177.87358657098807,251.54903662997722,289.4392680888859,209.448779453412,190.50366372395766,126.30077152969568,169.45353513567503,216.81632445931092,164.19100298860437,167.34852227684678,248.39151734173484,187.34614443571525,202.08123444751308,211.55379231224026,188.39865086512938,159.98097727094785,214.71131160048265,211.55379231224026,172.61105442391744,157.8759644121196,138.93084868266524,207.34376659458374,137.8783422532511
B02011,99000000122,Synthetic Census Tract 99000000122,1.0,Total:,73.46623809001672,58.200526279104146,+/-61,35.3019585627353,60.10874025546822,53.42999133819397,68.69570314910654,81.099093995473,79.19088001910892,73.46623809001672,66.78748917274247,62.01695423183229,78.23677303092688,78.23677303092688,98.27301978274963,71.55802411365264,34.34785157455327,52.47588435001194,84.91552194820113,62.01695423183229,73.46623809001672,83.9614149600191,73.46623809001672,89.68605688911131,86.8237359245652,124.03390846366457,91.59427086547538,55.33820531455804,56.29231230274008,75.37445206638078,76.32855905456282,72.51213110183468,48.6594563972838,72.51213110183468,30.531423621825127,73.46623809001672,101.13534074729573,82.05320098365503,52.47588435001194,79.19088001910892,60.10874025546822,54.384098326376005,69.64981013728857,52.47588435001194,49.61356338546583,43.88892145637362,52.47588435001194,84.91552194820113,44.84302844455566,64.87927519637839,88.73194990092928,80.14498700729095,70.6039171254706,83.9614149600191,71.55802411365264,77.28266604274485,58.200526279104146,76.32855905456282,103.04355472365981,72.51213110183468,51.521777361829905,90.64016387729335,68.69570314910654,88.73194990092928,82.05320098365503,110.67641062911608,80.14498700729095,64.87927519637839,96.36480580638556,82.05320098365503,63.92516820819636,62.97106122001432,60.10874025546822,38.16427952728141,64.87927519637839,68.69570314910654,97.3189127945676,67.7415961609245,40.072493503645475,61.06284724365025,89.68605688911131,50.567670373647864,73.46623809001672,55.33820531455804
B02011,99000000123,Synthetic Census Tract 99000000123,1.0,Total:,15.565414456870574,23.348121685305863,+/-24,14.592576053316163,15.565414456870574,18.483929667533808,27.239475299523505,19.456768071088216,15.565414456870574,5.837030421326466,6.809868824880876,24.32096008886027,23.348121685305863,4.864192017772054,12.646899246207342,27.239475299523505,4.864192017772054,4.864192017772054,14.592576053316163,13.619737649761753,29.185152106632327,17.511091263979395,16.538252860424986,12.646899246207342,12.646899246207342,12.646899246207342,5.837030421326466,24.32096008886027,14.592576053316163,20.42960647464263,28.212313703077914,5.837030421326466,4.864192017772054,20.42960647464263,10.701222439098519,4.864192017772054,25.293798492414684,27.239475299523505,14.592576053316163,16.538252860424986,6.809868824880876,20.42960647464263,17.511091263979395,22.37528328175145,14.592576053316163,16.538252860424986,4.864192017772054,12.646899246207342,14.592576053316163,27.239475299523505,21.402444878197038,6.809868824880876,5.837030421326466,26.266636895969093,17.511091263979395,5.837030421326466,19.456768071088216,23.348121685305863,16.538252860424986,17.511091263979395,4.864192017772054,15.565414456870574,13.619737649761753,15.565414456870574,16.538252860424986,17.511091263979395,20.42960647464263,11.674060842652931,13.619737649761753,4.864192017772054,4.864192017772054,23.348121685305863,25.293798492414684,5.837030421326466,18.483929667533808,23.348121685305863,5.837030421326466,4.864192017772054,19.456768071088216,16.538252860424986,25.293798492414684,14.592576053316163,14.592576053316163,16.538252860424986
B02011,99000000124,Synthetic Census Tract 99000000124,1.0,Total:,44.29284781787922,43.329959821838365,+/-45,25.99797589310302,51.99595178620604,16.369095932694496,27.923751885184725,44.29284781787922,52.9588397822469,43.329959821838365,43.329959821838365,58.73616775849201,45.255735813920076,59.699055754532864,13.480431944571936,41.40418382975666,42.36707182579752,47.18151180600178,55.84750377036945,43.329959821838365,33.70107986142984,40.44129583371581,65.47638373077798,34.663967857470695,20.220647916857907,49.10728779808348,65.47638373077798,46.218623809960924,57.77327976245116,56.810391766410305,24.072199901021314,46.218623809960924,35.62685585351155,50.07017579412434,54.8846157743286,30.812415873307284,35.62685585351155,32.73819186538899,33.70107986142984,55.84750377036945,39.47840783767496,34.663967857470695,44.29284781787922,41.40418382975666,60.66194375057371,24.072199901021314,40.44129583371581,72.21659970306395,37.552631845593254,44.29284781787922,68.36504771890054,56.810391766410305,24.072199901021314,71.2537117070231,28.88663988122558,26.960863889143873,40.44129583371581,44.29284781787922,44.29284781787922,45.255735813920076,26.960863889143873,37.552631845593254,54.8846157743286,51.03306379016519,20.220647916857907,47.18151180600178,63.55060773869627,33.70107986142984,59.699055754532864,60.66194375057371,15.406207936653642,44.29284781787922,45.255735813920076,37.552631845593254,45.255735813920076,50.07017579412434,36.5897438495524,27.923751885184725,55.84750377036945,46.218623809960924,48.14439980204263,33.70107986142984,39.47840783767496,57.77327976245116
B02011,99000000125,Synthetic Census Tract 99000000125,1.0,Total:,272.936042609425,268.2784309608,+/-288,163.01640770187498,326.96433773347496,303.67627949035,129.481603831775,298.087145512,306.470846479525,295.29257852282495,190.962077593625,184.44142128554998,275.7306095986,186.30446594499998,356.773052284675,316.7175921065,97.809844621125,171.4001086694,379.129588198075,279.4566989175,94.08375530222499,428.5002716735,435.02092798157497,244.99037271767497,276.662131928325,249.6479843663,213.318613507025,226.35992612317497,383.7871998467,272.0045202797,244.99037271767497,211.455568847575,348.38935131715,267.346908631075,296.22410085254995,257.10016300409995,167.67401935049998,232.88058243125,284.11431056612497,353.9784852955,199.34577856114998,351.183918306325,342.8002173388,271.072997949975,270.14147562025,217.044702825925,418.253526046525,316.7175921065,252.442551355475,234.7436270907,297.15562318227495,383.7871998467,267.346908631075,349.320873646875,156.4957513938,151.838139745175,380.992632857525,401.48612411147496,161.15336304242498,304.607801820075,434.08940565185,104.33050092919999,136.933782469575,424.7741823546,271.072997949975,254.305596014925,357.7045746144,266.41538630135,252.442551355475,289.70344454447496,232.88058243125,279.4566989175,203.07186788004998,245.92189504739997,231.949060101525,181.64685429637498,349.320873646875,328.82738239292496,264.5523416419,220.77079214482498,363.29370859274997,190.0305552639,193.7566445828,301.8132348309
B02011,99000000126,Synthetic Census Tract 99000000126,1.0,Total:,67.857637239116,76.22364730969194,+/-82,46.47783372542192,52.98473044698099,92.0261107763354,97.60345082338603,103.18079087043665,46.47783372542192,27.88670023525315,65.06896721559069,103.18079087043665,26.95714356074471,87.37832740379321,66.92808056460757,83.66010070575945,68.78719391362444,67.857637239116,70.64630726264132,66.92808056460757,39.97093700386285,84.5896573802679,52.98473044698099,57.632513819523176,110.61724426650417,75.29409063518351,87.37832740379321,75.29409063518351,65.99852389009912,97.60345082338603,90.16699742731852,61.350740517556936,78.08276065870882,90.16699742731852,81.80098735674258,20.450246839185645,23.23891686271096,41.830050352879724,54.84384379599786,98.53300749789447,68.78719391362444,83.66010070575945,58.562070494031616,44.618720376405044,56.70295714501474,86.44877072928477,70.64630726264132,26.95714356074471,70.64630726264132,88.30788407830164,40.90049367837129,52.98473044698099,88.30788407830164,88.30788407830164,26.027586886236275,64.13941054108224,68.78719391362444,112.47635761552104,82.73054403125101,39.97093700386285,85.51921405477633,68.78719391362444,119.91281101158854,98.53300749789447,54.84384379599786,22.309360188202522,39.04138032935441,88.30788407830164,79.9418740077257,106.89901756847041,65.06896721559069,46.47783372542192,74.36453396067508,48.3369470744388,91.09655410182697,92.95566745084383,83.66010070575945,75.29409063518351,75.29409063518351,77.15320398420039,75.29409063518351,39.97093700386285,62.28029719206537,54.84384379599786
B02011,99000000127,Synthetic Census Tract 99000000127,1.0,Total:,56.53572561910774,91.3269413847125,+/-84,55.44850012643259,34.79121576560476,56.53572561910774,53.27404914108229,60.88462758980833,20.657284360827827,21.744509853502976,89.1524903993622,58.710176604458034,46.7506961850314,31.529539287579315,47.83792167770655,67.40798054585923,86.9780394140119,65.23352956050893,67.40798054585923,20.657284360827827,88.06526490668705,107.63532377483973,34.79121576560476,48.92514717038169,91.3269413847125,78.28023547261071,72.84410800923497,22.831735346178125,85.89081392133676,29.355088302229017,75.01855899458526,79.36746096528586,57.62295111178288,33.703990272929616,44.5762451996811,50.012372663056844,128.29260813566756,88.06526490668705,20.657284360827827,20.657284360827827,70.66965702388467,48.92514717038169,44.5762451996811,35.878441258279906,32.616764780254464,25.006186331528422,42.401794214330806,28.26786280955387,120.68202968694152,56.53572561910774,60.88462758980833,72.84410800923497,55.44850012643259,75.01855899458526,56.53572561910774,81.54191195063616,54.36127463375744,15.221156897452083,72.84410800923497,66.32075505318407,44.5762451996811,96.76306884808824,66.32075505318407,32.616764780254464,0.0,20.657284360827827,58.710176604458034,76.10578448726042,119.59480419426637,34.79121576560476,103.28642180413914,73.93133350191012,52.18682364840714,93.5013923700628,47.83792167770655,20.657284360827827,85.89081392133676,51.099598155732,60.88462758980833,97.85029434076338,35.878441258279906,22.831735346178125,84.80358842866161,65.23352956050893
B02011,99000000128,Synthetic Census Tract 99000000128,1.0,Total:,2.962742422319252,7.900646459518006,+/-8,4.937904037198754,3.950323229759003,1.9751616148795015,3.950323229759003,5.925484844638504,3.950323229759003,0.0,6.913065652078255,1.9751616148795015,1.9751616148795015,1.9751616148795015,6.913065652078255,4.937904037198754,2.962742422319252,0.9875808074397507,1.9751616148795015,0.9875808074397507,1.9751616148795015,0.9875808074397507,1.9751616148795015,0.9875808074397507,0.9875808074397507,0.0,4.937904037198754,2.962742422319252,6.913065652078255,1.9751616148795015,4.937904037198754,2.962742422319252,0.9875808074397507,4.937904037198754,4.937904037198754,6.913065652078255,2.962742422319252,1.9751616148795015,5.925484844638504,1.9751616148795015,3.950323229759003,0.9875808074397507,0.9875808074397507,0.0,2.962742422319252,0.0,4.937904037198754,2.962742422319252,4.937904037198754,3.950323229759003,2.962742422319252,2.962742422319252,0.9875808074397507,3.950323229759003,6.913065652078255,11.850969689277008,1.9751616148795015,2.962742422319252,4.937904037198754,0.9875808074397507,4.937904037198754,0.9875808074397507,1.9751616148795015,2.962742422319252,1.9751616148795015,0.9875808074397507,6.913065652078255,3.950323229759003,5.925484844638504,4.937904037198754,2.962742422319252,3.950323229759003,0.9875808074397507,2.962742422319252,6.913065652078255,2.962742422319252,1.9751616148795015,2.962742422319252,9.875808074397508,0.9875808074397507,3.950323229759003,0.9875808074397507,0.9875808074397507,1.9751616148795015
B02011,99000000129,Synthetic Census Tract 99000000129,1.0,Total:,117.19967574665785,114.26968385299139,+/-117,69.34314148343923,119.1530036757688,94.73640456188176,123.05965953399073,83.01643698721597,109.38636403021398,106.45637213654754,128.91964332132363,79.10978112899404,127.94297935676813,177.75284154909772,167.9862019035429,61.52982976699536,45.90320633410765,118.17633971121332,139.66294693143394,95.71306852643724,119.1530036757688,136.73295503776748,140.6396108959894,139.66294693143394,177.75284154909772,149.42958657698875,181.65949740731966,84.96976491632694,123.05965953399073,111.33969195932495,118.17633971121332,74.22646130621663,94.73640456188176,148.45292261243327,75.20312527077212,92.78307663277079,98.64306042010368,103.52638024288109,93.75974059732627,61.52982976699536,160.17289018709906,78.13311716443856,144.54626675421133,165.05621000987645,112.31635592388042,124.03632349854621,84.96976491632694,149.42958657698875,106.45637213654754,126.96631539221266,111.33969195932495,135.756291073212,82.03977302266048,47.85653426321862,121.10633160487977,155.28957036432163,169.93952983265388,160.17289018709906,100.59638834921465,142.59293882510036,77.15645319988307,88.87642077454886,77.15645319988307,105.47970817199206,42.97321444044121,76.17978923532759,42.97321444044121,141.61627486054488,131.84963521499006,125.0129874631017,99.61972438465916,136.73295503776748,198.26278480476284,84.96976491632694,140.6396108959894,170.91619379720936,110.36302799476947,118.17633971121332,142.59293882510036,113.29301988843591,86.92309284543789,149.42958657698875,69.34314148343923,121.10633160487977
B02011,99000000130,Synthetic Census Tract 99000000130,1.0,Total:,42.8834228111545,66.93997707107044,+/-64,40.79154852768355,34.5159256772707,39.745611385948074,15.689057126032136,37.65373710247712,40.79154852768355,43.92935995288998,65.89403992933497,40.79154852768355,46.02123423636093,15.689057126032136,63.802165645864015,14.64311998429666,16.73499426776761,42.8834228111545,41.837485669419024,83.67497133883805,77.3993484884252,13.597182842561184,35.56186281900617,69.0318513545414,50.20498280330283,42.8834228111545,15.689057126032136,40.79154852768355,37.65373710247712,38.6996742442126,87.85871990577996,50.20498280330283,43.92935995288998,18.82686855123856,57.526542795451164,13.597182842561184,15.689057126032136,46.02123423636093,39.745611385948074,81.5830970553671,73.2155999214833,14.64311998429666,43.92935995288998,13.597182842561184,34.5159256772707,44.975297094625454,76.35341134668973,36.60779996074165,43.92935995288998,41.837485669419024,16.73499426776761,38.6996742442126,35.56186281900617,69.0318513545414,16.73499426776761,63.802165645864015,78.44528563016068,41.837485669419024,43.92935995288998,18.82686855123856,17.780931409503086,69.0318513545414,42.8834228111545,18.82686855123856,42.8834228111545,33.46998853553522,71.12372563801235,48.11310851983188,40.79154852768355,41.837485669419024,19.872805692974037,47.067171378096404,42.8834228111545,79.49122277189615,10.459371417354756,71.12372563801235,76.35341134668973,43.92935995288998,39.745611385948074,17.780931409503086,12.551245700825708,54.388731370244734,41.837485669419024,64.84810278759949
B02011,99000000131,Synthetic Census Tract 99000000131,1.0,Total:,73.77369875269234,82.86908627014756,+/-82,50.529930652528996,57.60412094388306,100.04926269200742,106.1128543703109,112.17644604861438,50.529930652528996,30.3179583915174,70.7419029135406,112.17644604861438,29.307359778466818,94.99626962675451,72.76310013964175,90.9538751745522,74.78429736574292,73.77369875269234,76.80549459184408,72.76310013964175,43.45574036117494,91.96447378760277,57.60412094388306,62.65711400913596,120.26123495301901,81.85848765709697,94.99626962675451,81.85848765709697,71.75250152659117,106.1128543703109,98.02806546590625,66.69950846133828,84.89028349624871,98.02806546590625,88.93267794845104,22.23316948711276,25.264965326264498,45.4769375872761,59.62531816998422,107.12345298336147,74.78429736574292,90.9538751745522,63.667712622186535,48.50873342642784,61.64651539608538,93.98567101370394,76.80549459184408,29.307359778466818,76.80549459184408,96.0068682398051,44.46633897422552,57.60412094388306,96.0068682398051,96.0068682398051,28.29676116541624,69.73130430049002,74.78429736574292,122.28243217912018,89.94327656150162,43.45574036117494,92.97507240065336,74.78429736574292,130.3672210835248,107.12345298336147,59.62531816998422,24.25436671321392,42.44514174812436,96.0068682398051,86.91148072234988,116.2188405008167,70.7419029135406,50.529930652528996,80.8478890440464,52.551127878630155,99.03866407895684,101.05986130505799,90.9538751745522,81.85848765709697,81.85848765709697,83.87968488319814,81.85848765709697,43.45574036117494,67.71010707438886,59.62531816998422
B02011,99000000132,Synthetic Census Tract 99000000132,1.0,Total:,559.9224186443616,356.6107831366032,+/-328,216.35837147617082,700.174830304794,642.5517464443063,653.4240264179832,421.84446297866475,430.5422869576063,682.7791823469109,637.1156064574678,417.49555098919393,546.8756826759494,647.9878864311448,352.2618711471324,374.00643109448623,512.0843867601832,533.828946707537,620.8071864969525,599.0626265495986,543.6139986838463,541.4395426891109,538.1778586970079,580.5797505943478,417.49555098919393,577.3180666022448,594.7137145601279,914.3587457862295,698.0003743100586,410.9721830049878,356.6107831366032,667.5579903837632,536.0034027022724,405.5360430181493,665.3835343890279,601.237082544334,619.7199584995848,586.0158905811863,368.5702911076478,541.4395426891109,539.2650866943756,625.1560984864233,483.8164588286232,576.230838604877,658.8601664048217,543.6139986838463,467.5080388681078,469.6824948628432,447.93793491548934,658.8601664048217,580.5797505943478,432.71674295234163,607.7604505285402,691.4770063258525,418.58277898656166,422.9316909760324,593.6264865627602,565.3585586312001,668.6452183811309,629.505010475894,606.6732225311724,618.6327305022171,589.2775745732894,541.4395426891109,421.84446297866475,600.1498545469664,462.07189888126936,606.6732225311724,826.2932779994463,459.89744288653395,402.2743590260463,572.969154612774,556.6607346522586,401.18713102867855,656.6857104100864,752.3617741784433,589.2775745732894,614.2838185127463,390.31485105500167,550.1373666680524,557.7479626496263,543.6139986838463,641.4645184469387,621.8944144943201
B02011,99000000133,Synthetic Census Tract 99000000133,1.0,Total:,14.7848441829463,23.233326573201328,+/-22,14.7848441829463,5.280301493909393,17.953025079291937,12.672723585382542,13.728783884164422,15.84090448172818,17.953025079291937,17.953025079291937,25.345447170765084,30.62574866467448,16.896964780510057,5.280301493909393,12.672723585382542,25.345447170765084,17.953025079291937,11.616663286600664,23.233326573201328,15.84090448172818,6.336361792691271,4.224241195127514,28.513628067110723,21.121205975637572,13.728783884164422,16.896964780510057,21.121205975637572,14.7848441829463,17.953025079291937,5.280301493909393,4.224241195127514,5.280301493909393,15.84090448172818,22.17726627441945,17.953025079291937,4.224241195127514,16.896964780510057,13.728783884164422,5.280301493909393,15.84090448172818,17.953025079291937,20.065145676855693,5.280301493909393,4.224241195127514,10.560602987818786,16.896964780510057,13.728783884164422,16.896964780510057,11.616663286600664,34.849989859801994,20.065145676855693,22.17726627441945,14.7848441829463,5.280301493909393,14.7848441829463,25.345447170765084,13.728783884164422,17.953025079291937,22.17726627441945,13.728783884164422,5.280301493909393,5.280301493909393,21.121205975637572,24.289386871983208,17.953025079291937,14.7848441829463,12.672723585382542,17.953025079291937,15.84090448172818,5.280301493909393,5.280301493909393,4.224241195127514,15.84090448172818,27.457567768328843,16.896964780510057,6.336361792691271,19.009085378073813,16.896964780510057,6.336361792691271,14.7848441829463,26.401507469546964,22.17726627441945,5.280301493909393
B02011,99000000134,Synthetic Census Tract 99000000134,1.0,Total:,328.6383912322197,187.22429561108274,+/-188,113.52962606203953,406.3165564325625,376.44033904781526,220.0881347343047,432.2092781660101,348.55586948871786,288.80343471922333,234.0303695138534,323.65902166809514,355.5269868784922,325.650769493745,322.66314775527024,323.65902166809514,294.7786781961728,316.6879042783208,286.81168689357355,335.60950862199405,331.6260129706944,315.6920303654959,403.32893469408776,404.3248086069127,316.6879042783208,324.65489558092,396.3578173043134,375.44446513499037,343.5764999245933,265.89833472425045,412.29179990951195,188.22016952390763,325.650769493745,374.4485912221655,199.17478256498163,337.60125644764383,270.877704288375,405.3206825197376,339.5930042732937,371.46096948369075,367.47747383239107,281.832317329449,320.6713999296204,340.58887818611856,292.786930370523,294.7786781961728,358.51460861696694,434.20102599165995,226.06337821125413,259.92309124730104,332.6218868835193,305.7332912372468,301.74979558594714,314.69615645267095,299.75804776029736,380.4238346991149,300.75392167312225,290.79518254487317,316.6879042783208,305.7332912372468,371.46096948369075,392.3743216530138,421.25466512493614,390.38257382736396,361.50223035544167,325.650769493745,302.7456694987721,195.19128691368198,313.70028253984606,315.6920303654959,325.650769493745,454.1185042481581,393.3701955658387,393.3701955658387,312.70440862702117,281.832317329449,387.3949520888893,301.74979558594714,231.04274777537867,346.564121663068,274.86119993967463,330.6301390578695,435.19689990448484,330.6301390578695
B02011,99000000135,Synthetic Census Tract 99000000135,1.0,Total:,0.0,19.505437893923304,+/-20,11.703262736353983,0.0,0.0,0.0,0.0,0.0,0.0,0.0,0.0,0.0,0.0,0.0,0.0,0.0,0.0,0.0,0.0,0.0,0.0,0.0,0.0,0.0,0.0,0.0,0.0,0.0,0.0,0.0,0.0,0.0,0.0,0.0,0.0,0.0,0.0,0.0,0.0,0.0,0.0,0.0,0.0,0.0,0.0,0.0,0.0,0.0,0.0,0.0,0.0,0.0,0.0,0.0,0.0,0.0,0.0,0.0,0.0,0.0,0.0,0.0,0.0,0.0,0.0,0.0,0.0,0.0,0.0,0.0,0.0,0.0,0.0,0.0,0.0,0.0,0.0,0.0,0.0,0.0,0.0,0.0,0.0
B02011,99000000136,Synthetic Census Tract 99000000136,1.0,Total:,501.4781232060831,265.5529667743372,+/-242,161.3069674207751,453.1957656107491,357.7283767290659,607.918775177615,557.4417649643112,328.1005663864745,539.8845440205533,561.8310702002507,389.5508396896269,534.397912475629,701.1915114413284,582.6802700709632,633.1572802842669,539.8845440205533,456.4877445377037,509.15940736897716,444.41715513887016,380.772229217748,399.4267764704907,454.29309191973397,511.3540599869469,469.65566024552203,431.24923943105176,532.2032598576593,442.22250252090043,441.1251762119156,682.5369641885858,476.23961809943125,455.39041822871883,491.6021864252193,411.49736586932426,621.0866908854333,467.4610076275523,516.8406915318712,559.636417582281,537.6898914025836,502.575449515068,471.8503128634918,559.636417582281,425.76260788612746,381.8695555267329,420.27597634120315,607.918775177615,637.5465855202063,560.7337438912658,504.7701021330377,521.2299967678107,489.4075338072496,606.8214488686301,498.18614427912854,501.4781232060831,512.4513862959318,537.6898914025836,432.3465657400367,556.3444386553264,468.55833393653717,385.16153445368747,463.07170239161286,522.3273230767956,432.3465657400367,404.91340801541503,488.31020749826473,630.9626276662972,493.7968390431891,379.67490290876316,581.5829437619782,648.519848610055,422.47062895917287,509.15940736897716,559.636417582281,412.5946921783091,617.7947119584787,535.4952387846139,382.96688183571774,435.63854466699127,367.6043135099296,513.5487126049167,478.434270717401,470.7529865545069,606.8214488686301,548.6631544924323
B02011,99000000137,Synthetic Census Tract 99000000137,1.0,Total:,187.83936849613116,184.70871235452898,+/-177,111.66006905047797,138.79242227769691,173.22963983532097,136.70531818329545,246.27828313937198,221.23303400655448,221.23303400655448,135.66176613609474,302.63009368821133,121.05203747528452,205.57975329854355,246.27828313937198,177.40384802412387,202.44909715694138,254.6266995169778,161.75056731611295,150.27149479690493,183.66516030732825,225.4072421953574,98.0938924368685,294.2816773106055,197.23133692093774,209.75396148734646,188.8829205433319,159.66346322171148,225.4072421953574,123.13914156968599,176.36029597692314,169.05543164651806,141.9230784192991,166.9683275521166,182.62160826012752,313.0656141602186,183.66516030732825,109.57296495607652,121.05203747528452,310.97851006581715,155.48925503290857,213.9281696761494,209.75396148734646,121.05203747528452,117.92138133368235,87.6583719648612,114.79072519208016,238.97341880896687,221.23303400655448,201.40554510974064,134.618214088894,202.44909715694138,229.58145038416032,198.27488896813844,307.847853924215,202.44909715694138,213.9281696761494,338.1108632930361,236.8863147145654,172.18608778812023,150.27149479690493,232.7121065257625,140.87952637209838,316.1962703018208,192.0135766849341,162.79411936331368,199.31844101533918,223.32013810095594,242.10407495056904,116.87782928648161,127.3133497584889,160.70701526891222,156.5328070801093,97.05034038966777,169.05543164651806,199.31844101533918,266.10577203618584,195.14423282653627,151.31504684410567,250.4524913281749,131.4875579472918,173.22963983532097,202.44909715694138,184.70871235452898
B02011,99000000138,Synthetic Census Tract 99000000138,1.0,Total:,442.63700639231195,328.16191853223125,+/-301,199.5137245561406,462.2613071683258,485.1563247403419,275.8304497961944,479.7051300803381,536.3975545443781,451.35891784831813,476.4344132843358,545.1194660003841,430.6443781403035,292.1840337762059,242.03304290417057,237.6720871761675,430.6443781403035,520.0439705643665,392.4860155202766,418.65174988829506,490.6075194003458,490.6075194003458,503.690386584355,542.9389881363827,257.29638795218136,479.7051300803381,500.4196697883527,417.5615109562943,292.1840337762059,406.6591216362866,490.6075194003458,311.8083345522198,465.5320239643281,574.555917164405,510.2318201763596,544.0292270683834,465.5320239643281,436.09557280030737,412.1103162962904,485.1563247403419,413.2005552282912,221.31850319615597,242.03304290417057,320.5302460082259,513.5025369723619,517.863492700365,357.598369696252,446.99796212031504,511.32205910836035,547.2999438643857,557.1120942523927,488.42704153634423,467.7125018283296,252.93543222417827,316.1692902802228,380.4933872682682,456.81011250832194,388.12505979227353,437.18581173230814,516.7732537683642,417.5615109562943,476.4344132843358,482.97584687634037,446.99796212031504,187.52109630413216,470.9832186243319,501.50990872035345,461.171068236325,246.39399863217366,469.89297969233115,456.81011250832194,271.46949406819135,430.6443781403035,544.0292270683834,544.0292270683834,527.6756430883719,420.8322277522966,435.0053338683066,480.7953690123389,441.5467674603112,549.4804217283872,297.6352284362098,221.31850319615597,301.9961841642128
B02011,99000000139,Synthetic Census Tract 99000000139,1.0,Total:,237.38979886895595,145.02022732461512,+/-157,87.7510929671238,284.49828035656975,171.80740307247396,260.48219175504113,197.67088310488938,178.2732730805778,305.74328181176816,201.36566596666302,200.4419702512196,269.7191489094752,249.39784316972026,288.1930632183434,233.69501600718232,312.20915181987203,285.4219760720132,158.87566305626623,227.22914599907844,182.89175165779486,200.4419702512196,265.1006703322582,281.72719321023953,179.19696879602122,256.7874088932675,280.80349749479615,333.4541532750704,234.6187117226257,218.9158845600878,270.64284462491867,207.83153597476687,282.650888925683,270.64284462491867,220.7632759909746,266.0243660477016,199.51827453577621,312.20915181987203,187.5102302350119,219.83958027553118,165.34153306437008,248.47414745427685,251.24523460060706,223.5343631373048,283.57458464112636,257.7111046087109,243.8556688770598,245.70306030794663,155.1808801944926,273.4139317712489,216.14479741375754,212.4500145519839,199.51827453577621,264.1769746168148,293.73523751100385,250.32153888516365,273.4139317712489,350.08067615305174,189.3576216658987,287.26936750289997,202.28936168210643,152.40979304816238,253.0926260314939,230.92392886085207,172.73109878791735,268.79545319403184,281.72719321023953,302.97219466543794,203.21305739754985,213.37371026742733,242.008277446173,196.74718738944597,266.948061763145,279.8798017793527,231.8476245762955,257.7111046087109,179.19696879602122,287.26936750289997,232.7713202917389,248.47414745427685,228.15284171452186,193.05240452767234,206.90784025932348,193.05240452767234
B02011,99000000140,Synthetic Census Tract 99000000140,1.0,Total:,195.82953265838267,134.83344871560774,+/-126,82.39821865953806,224.7224145260129,175.4975046774577,252.54518965780497,266.456577223701,240.77401556358524,203.32027980924977,172.2871844699432,248.26476271445233,118.78184767803539,169.07686426242876,202.25017307341162,156.23558343237087,226.8626279976892,133.7633419797696,191.54910571503004,263.2462570161865,161.58611711156166,254.68540312948127,169.07686426242876,249.33486945029048,218.30177411098396,278.2277513179207,269.6668974312155,147.67472954566563,175.4975046774577,211.88113369595501,185.1284653000011,255.75550986531942,195.82953265838267,231.14305494104184,209.7409202242787,133.7633419797696,155.16547669653272,146.60462280982745,242.91422903526154,214.02134716763132,160.51601037572348,161.58611711156166,150.88504975318008,212.95124043179317,276.0875378462444,145.5345160739893,249.33486945029048,239.70390882774709,170.1469709982669,221.5120943184984,202.25017307341162,190.47899897919189,216.16156063930765,239.70390882774709,134.83344871560774,208.67081348844053,171.21707773410506,205.46049328092607,196.89963939422083,159.44590363988533,197.96974613005898,180.84803835664846,255.75550986531942,294.2793523554931,212.95124043179317,193.68931918670634,128.4128083005788,172.2871844699432,220.44198758266026,166.93665079075242,170.1469709982669,252.54518965780497,190.47899897919189,205.46049328092607,215.09145390346947,191.54910571503004,162.65622384739981,218.30177411098396,215.09145390346947,175.4975046774577,160.51601037572348,141.2540891306367,210.81102696011686,140.1839823947985
B02011,99000000141,Synthetic Census Tract 99000000141,1.0,Total:,95.54957424223646,70.89161959907867,+/-69,43.15142062552614,86.30284125105229,148.97514263574502,92.46732991184174,75.00127870627163,85.27542647425405,79.1109378134646,104.79630723342063,72.94644915267516,96.57698901903471,95.54957424223646,108.9059663406136,76.02869348306987,110.9607958942101,124.31718799258722,77.05610825986811,109.93338111741184,162.33153473412216,84.24801169745581,88.35767080464878,76.02869348306987,133.5639209837714,97.60440379583295,80.13835259026284,97.60440379583295,82.19318214385933,122.26235843899074,105.82372201021889,59.59005705429801,114.04304022460481,82.19318214385933,124.31718799258722,122.26235843899074,102.74147767982416,94.52215946543822,102.74147767982416,43.15142062552614,73.9738639294734,110.9607958942101,111.98821067100833,101.71406290302592,85.27542647425405,97.60440379583295,63.699716161490976,97.60440379583295,98.63181857263119,103.7688924566224,87.33025602785054,52.39815361671032,89.38508558144702,82.19318214385933,130.48167665337667,97.60440379583295,114.04304022460481,92.46732991184174,86.30284125105229,56.507812723903285,83.22059692065757,120.20752888539427,107.87855156381536,94.52215946543822,106.85113678701713,114.04304022460481,99.65923334942943,75.00127870627163,90.41250035824525,81.16576736706108,141.78323919815733,109.93338111741184,93.49474468863998,77.05610825986811,137.67358009096438,77.05610825986811,101.71406290302592,118.15269933179778,75.00127870627163,79.1109378134646,115.07045500140305,88.35767080464878,94.52215946543822,65.75454571508746
B02011,99000000142,Synthetic Census Tract 99000000142,1.0,Total:,71.17759384636074,73.02636251769478,+/-79,44.37044811201708,71.17759384636074,83.19459021003202,62.85813482535753,101.68227692337247,46.21921678335112,61.00936615402348,114.6236576227108,83.19459021003202,110.9261202800427,58.23621314702242,24.958377063009607,90.5896648953682,84.11897454569905,75.79951552469585,85.04335888136607,56.38744447568837,59.16059748268944,50.841138461686235,48.99236979035219,58.23621314702242,49.916754126019214,88.74089622403416,86.89212755270012,72.10197818202775,81.34582153869798,95.21158657370331,52.689907133020284,57.3118288113554,62.85813482535753,29.58029874134472,69.3288251750267,46.21921678335112,74.87513118902882,51.765522797353256,103.53104559470651,86.89212755270012,85.96774321703309,81.34582153869798,24.958377063009607,68.40444083935967,75.79951552469585,46.21921678335112,75.79951552469585,29.58029874134472,113.69927328704377,68.40444083935967,63.78251916102455,61.00936615402348,48.99236979035219,113.69927328704377,109.07735160870865,67.48005650369264,48.06798545468517,48.99236979035219,70.25320951069371,53.614291468687306,109.07735160870865,83.19459021003202,86.89212755270012,93.36281790236927,85.04335888136607,31.429067412678766,47.14360111901815,52.689907133020284,58.23621314702242,36.9753734266809,84.11897454569905,85.04335888136607,64.70690349669158,111.85050461570972,69.3288251750267,93.36281790236927,53.614291468687306,96.13597090937034,43.44606377635006,48.06798545468517,75.79951552469585,83.19459021003202,76.72389986036286,68.40444083935967
B02011,99000000143,Synthetic Census Tract 99000000143,1.0,Total:,7.12356119995691,19.33538039988304,+/-19,12.211819199926131,5.088257999969221,7.12356119995691,5.088257999969221,2.0353031999876885,8.141212799950754,7.12356119995691,2.0353031999876885,7.12356119995691,13.229470799919975,10.176515999938442,7.12356119995691,6.1059095999630655,6.1059095999630655,11.194167599932287,8.141212799950754,6.1059095999630655,2.0353031999876885,2.0353031999876885,3.0529547999815327,14.24712239991382,13.229470799919975,34.6001543997907,9.158864399944598,4.070606399975377,9.158864399944598,6.1059095999630655,5.088257999969221,19.33538039988304,13.229470799919975,18.317728799889196,15.264773999907664,7.12356119995691,8.141212799950754,9.158864399944598,6.1059095999630655,17.30007719989535,2.0353031999876885,5.088257999969221,3.0529547999815327,14.24712239991382,5.088257999969221,10.176515999938442,6.1059095999630655,1.0176515999938442,7.12356119995691,7.12356119995691,2.0353031999876885,4.070606399975377,14.24712239991382,8.141212799950754,12.211819199926131,8.141212799950754,8.141212799950754,6.1059095999630655,8.141212799950754,5.088257999969221,3.0529547999815327,2.0353031999876885,2.0353031999876885,12.211819199926131,13.229470799919975,22.388335199864574,12.211819199926131,5.088257999969221,7.12356119995691,8.141212799950754,4.070606399975377,15.264773999907664,10.176515999938442,20.353031999876883,21.37068359987073,6.1059095999630655,7.12356119995691,7.12356119995691,8.141212799950754,14.24712239991382,3.0529547999815327,5.088257999969221,3.0529547999815327,11.194167599932287
B02011,99000000144,Synthetic Census Tract 99000000144,1.0,Total:,135.87572476576278,80.90310329564501,+/-78,48.74930583199122,117.20577785138315,114.09412003231988,188.77390768983835,148.32235604201585,157.65732949920564,123.4290934895097,133.8012862197206,159.73176804524783,151.4340138610791,105.79636584815117,123.4290934895097,138.98738258482604,100.61026948304571,90.23807675283481,145.21069822295257,98.53583093700354,121.35465494346751,193.9600040549438,138.98738258482604,138.98738258482604,109.94524294023553,122.3918742164886,155.58289095316348,189.81112696285945,128.61518985461515,162.84342586431111,101.6474887560668,112.0196814862777,156.62011022618458,122.3918742164886,157.65732949920564,113.0569007592988,138.98738258482604,121.35465494346751,128.61518985461515,107.87080439419334,97.49861166398244,175.2900571405642,127.57797058159404,143.1362596769104,110.98246221325661,146.24791749597367,151.4340138610791,171.14118004847984,145.21069822295257,163.8806451373322,153.5084524071213,141.06182113086822,161.80620659129002,151.4340138610791,154.5456716801424,132.7640669466995,112.0196814862777,126.54075130857296,116.16855857836207,90.23807675283481,102.6847080290879,151.4340138610791,129.65240912763622,113.0569007592988,108.90802366721444,133.8012862197206,148.32235604201585,158.69454877222674,152.4712331341002,96.46139239096135,128.61518985461515,136.91294403878385,168.02952222941656,88.16363820679264,137.95016331180494,146.24791749597367,109.94524294023553,113.0569007592988,143.1362596769104,118.24299712440424,105.79636584815117,158.69454877222674,170.10396077545875,136.91294403878385
B02011,99000000145,Synthetic Census Tract 99000000145,1.0,Total:,0.0,12.634447520488088,+/-14,8.122144834599485,0.0,0.0,0.0,0.0,0.0,0.0,0.0,0.0,0.0,0.0,0.0,0.0,0.0,0.0,0.0,0.0,0.0,0.0,0.0,0.0,0.0,0.0,0.0,0.0,0.0,0.0,0.0,0.0,0.0,0.0,0.0,0.0,0.0,0.0,0.0,0.0,0.0,0.0,0.0,0.0,0.0,0.0,0.0,0.0,0.0,0.0,0.0,0.0,0.0,0.0,0.0,0.0,0.0,0.0,0.0,0.0,0.0,0.0,0.0,0.0,0.0,0.0,0.0,0.0,0.0,0.0,0.0,0.0,0.0,0.0,0.0,0.0,0.0,0.0,0.0,0.0,0.0,0.0,0.0,0.0
B02011,99000000146,Synthetic Census Tract 99000000146,1.0,Total:,290.32303256392635,285.3687146020846,+/-288,173.40112866446114,347.7931209212906,323.0215311120819,137.73003933920054,317.07634955787177,325.99412188918694,314.1037587807667,203.1270364355116,196.19099128893316,293.2956233410314,198.17271847366987,379.5007558770778,336.8936214052388,104.04067719867668,182.31890099577626,403.28148209391816,297.2590777105048,100.07722282920328,455.79725248944067,462.73329763601913,260.5971247928759,294.2864869333998,265.55144275471764,226.907762652352,240.77985294550888,408.2358000557599,289.332168971558,260.5971247928759,224.9260354676153,370.58298354576266,284.37785100971627,315.09462237313505,273.47835149366443,178.35544662630286,247.71589809208731,302.21339567234656,376.52816509997274,212.04480876682675,373.5555743228677,364.6378019915525,288.34130537918963,287.3504417868213,230.8712170218254,444.89775297338883,336.8936214052388,268.5240335318227,249.69762527682403,316.08548596550344,408.2358000557599,284.37785100971627,371.573847138131,166.46508351788268,161.51076555604095,405.26320927865487,427.06220831075854,171.41940147972443,324.01239470445023,461.7424340436508,110.97672234525513,145.65694807814734,451.8337981199673,288.34130537918963,270.50576071655934,380.49161946944616,283.3869874173479,268.5240335318227,308.15857722655664,247.71589809208731,297.2590777105048,216.00826313630014,261.5879883852442,246.725034499719,193.21840051182812,371.573847138131,349.7748481060273,281.4052602326112,234.8346713912988,386.43680102365624,202.13617284314327,206.09962721261667,321.0398039273452
B02011,99000000147,Synthetic Census Tract 99000000147,1.0,Total:,231.12233878592036,169.34770445604303,+/-159,102.24767061496937,274.7906147777302,251.35885692846637,285.44141380012286,122.4841887575154,295.0271329202762,285.44141380012286,199.16994171874242,248.16361722174858,211.9509005456136,119.2889490507976,262.00965595085904,140.59054709558288,271.59537507101237,190.6493025008283,239.64297800383446,287.5715736046014,232.18741868815962,284.37633389788357,240.70805790607372,120.35402895303686,227.92709907920255,255.61917653742344,283.3112539956443,146.98102650901848,285.44141380012286,264.13981575533757,148.04610641125774,232.18741868815962,208.7556608388958,169.34770445604303,264.13981575533757,152.3064260202148,242.83821771055227,201.30010152322095,230.0572588836811,269.46521526653385,216.21122015457064,274.7906147777302,240.70805790607372,272.66045497325166,236.44773829711667,144.85086670453995,226.8620191769633,295.0271329202762,184.25882308739273,148.04610641125774,252.42393683070563,220.47153976352772,227.92709907920255,276.9207745822087,211.9509005456136,293.96205301803695,254.55409663518418,233.2524985903989,191.71438240306756,132.06990787766878,210.88582064337433,159.76198533588965,258.8144162441412,300.3525324314725,311.0033314538652,170.4127843582823,232.18741868815962,263.0747358530983,136.33022748662583,120.35402895303686,244.9683775150308,242.83821771055227,231.12233878592036,250.2937770262271,209.82074074113507,280.1160142889265,183.19374318515347,289.7017334090799,270.53029516877314,199.16994171874242,247.09853731950932,167.21754465156448,211.9509005456136,181.06358338067494
B02011,99000000148,Synthetic Census Tract 99000000148,1.0,Total:,66.17595454974844,105.49789855756998,+/-110,64.2578109396108,21.099579711513996,27.813082346995724,25.894938736858087,56.585236499060265,60.42152371933554,74.8076007953678,68.09409815988609,54.66709288892263,88.23460606633127,85.3573906511248,131.39283729442806,87.27553426126245,29.73122595713336,91.11182148153772,114.12954480318935,69.0531699649549,66.17595454974844,119.88397563360226,56.585236499060265,23.97679512672045,22.058651516582817,27.813082346995724,26.854010541926904,60.42152371933554,63.29873913454199,54.66709288892263,51.789877473716174,82.48017523591835,105.49789855756998,83.43924704098717,120.84304743867108,73.84852899029899,35.48565678754627,71.93038538016135,108.37511397277645,53.70802108385381,55.62616469399145,134.27005270963454,61.380595524404356,124.67933465894635,129.47469368429043,110.29325758291408,83.43924704098717,77.68481621057427,69.0531699649549,71.93038538016135,73.84852899029899,74.8076007953678,23.017723321651633,26.854010541926904,17.263292491238726,54.66709288892263,111.2523293879829,72.88945718523017,26.854010541926904,67.13502635481727,60.42152371933554,21.099579711513996,68.09409815988609,116.04768841332698,126.59747826908398,103.57975494743235,104.53882675250117,73.84852899029899,42.19915942302799,81.52110343084954,70.97131357509254,70.97131357509254,26.854010541926904,22.058651516582817,21.099579711513996,63.29873913454199,109.33418577784526,80.56203162578072,25.894938736858087,69.0531699649549,68.09409815988609,23.97679512672045,71.93038538016135,23.97679512672045
B02011,99000000149,Synthetic Census Tract 99000000149,1.0,Total:,47.6020615852661,55.53573851614378,+/-56,33.71812695623015,54.54402889978407,51.56890005070494,63.46941544702146,57.5191577488632,76.3616404596977,54.54402889978407,54.54402889978407,90.24557508873364,49.58548081798552,75.36993084333798,48.593771201625806,77.35335007605741,53.55231928342436,42.643513503467545,35.70154618894957,50.577190434345226,87.2704462396545,61.48599621430204,52.56060966706465,18.842482710834496,43.63522311982725,26.77615964171218,67.4362539124603,45.61864235254667,26.77615964171218,31.73470772351073,27.76786925807189,29.75128849079131,45.61864235254667,17.850773094474786,55.53573851614378,42.643513503467545,45.61864235254667,39.66838465438841,54.54402889978407,51.56890005070494,23.80103079263305,16.859063478115075,43.63522311982725,19.834192327194206,72.39480199425886,24.79274040899276,42.643513503467545,44.626932736186966,40.660094270748125,17.850773094474786,19.834192327194206,48.593771201625806,48.593771201625806,22.809321176273336,62.47770583066175,30.74299810715102,50.577190434345226,49.58548081798552,42.643513503467545,44.626932736186966,32.726417339870444,16.859063478115075,55.53573851614378,62.47770583066175,45.61864235254667,64.46112506338117,44.626932736186966,38.676675038028705,75.36993084333798,70.41138276153943,59.50257698158262,76.3616404596977,63.46941544702146,67.4362539124603,55.53573851614378,75.36993084333798,45.61864235254667,41.65180388710783,48.593771201625806,55.53573851614378,58.51086736522291,52.56060966706465,51.56890005070494,53.55231928342436
B02011,99000000150,Synthetic Census Tract 99000000150,1.0,Total:,144.31557251038248,143.32710968496892,+/-145,86.98472863639492,136.40786990707386,127.51170447835165,128.50016730376524,200.65795355895648,171.00406879654912,95.88089406511713,211.53104463850585,159.14251489158616,172.98099444737628,62.27315800105546,162.1079033678269,129.4886301291788,121.58092752587018,86.98472863639492,73.14624908060482,132.45401860541955,229.32337549595024,140.36172120872817,181.87715987609846,169.02714314572196,184.8425483523392,154.20020076451826,144.31557251038248,200.65795355895648,184.8425483523392,171.99253162196268,147.28096098662323,121.58092752587018,225.36952419429593,90.93857993804923,174.95792009820343,194.72717660647498,47.44621561985178,104.77705949383933,111.69629927173439,116.63861339880228,167.05021749489478,92.9155055888764,161.11944054241332,153.2117379391047,151.23481228827754,178.91177139985774,214.49643311474657,64.25008365188262,84.01934016015419,211.53104463850585,123.55785317669734,117.62707622421586,120.5924647004566,215.48489594016016,88.96165428722207,165.07329184406763,198.68102790812932,146.29249816120964,145.30403533579607,155.18866358993185,88.96165428722207,157.165589240759,135.41940708166027,123.55785317669734,190.77332530482067,136.40786990707386,119.60400187504302,116.63861339880228,123.55785317669734,178.91177139985774,123.55785317669734,144.31557251038248,52.388529746919666,191.76178813023427,106.7539851446665,178.91177139985774,195.71563943188858,187.80793682857995,197.69256508271573,131.46555578000596,70.18086060436409,221.41567289264162,138.38479555790101,136.40786990707386
B02011,99000000151,Synthetic Census Tract 99000000151,1.0,Total:,281.39294513853,276.59101774708756,+/-288,168.0674587004872,337.09530287926293,313.08566592205045,133.4935814821013,307.3233530523195,315.966822356916,304.442196617454,196.87902304914218,190.15632470112268,284.2741015733955,192.0770956576997,367.8276381844949,326.53106261808944,100.84047522029233,176.7109280050837,390.87688966341886,288.1156434865495,96.99893330713834,441.77732001270925,448.50001836072875,252.58138078987508,285.234487051684,257.38330818131755,219.92827452806614,233.37367122410512,395.6788170548613,280.4325596602415,252.58138078987508,218.00750357148914,359.1841688798984,275.63063226879905,305.4025820957425,265.06639200762555,172.86938609192973,240.09636957212462,292.91757087799203,364.9464817496294,205.52249235373867,362.0653253147639,353.4218560101674,279.47217418195305,278.51178870366454,223.76981644122012,431.21307975153576,326.53106261808944,260.2644646161831,242.0171405287016,306.362967574031,395.6788170548613,275.63063226879905,360.1445543581869,161.34476035246774,156.54283296102523,392.79766061999584,413.92614114234283,166.14668774391023,314.04605140033897,447.53963288244023,107.56317356831183,141.17666530840927,437.93577809955525,279.47217418195305,262.18523557276006,368.7880236627834,274.67024679051053,260.2644646161831,298.679883747723,240.09636957212462,288.1156434865495,209.36403426689265,253.54176626816357,239.1359840938361,187.2751682662572,360.1445543581869,339.01607383583996,272.74947583393356,227.61135835437412,374.5503365325144,195.91863757085366,199.76017948400766,311.1648949654735
B02011,99000000152,Synthetic Census Tract 99000000152,1.0,Total:,33.59433975219644,42.26384678502132,+/-39,26.00852109847466,24.92483271937155,28.175897856680884,22.757455961165327,30.343274614887104,30.343274614887104,41.18015840591821,31.426962993990216,35.76171651040266,48.76597705963999,40.096470026815105,26.00852109847466,39.01278164771199,44.431223543227546,26.00852109847466,24.92483271937155,76.94187491632087,57.435484092464876,11.92057217013422,17.339014065649774,50.93335381784621,52.01704219694932,45.514911922330654,40.096470026815105,31.426962993990216,34.67802813129955,34.67802813129955,14.087948928340442,20.590079202959107,18.422702444752886,32.510651373093324,32.510651373093324,43.34753516412444,18.422702444752886,59.6028608506711,49.8496654387431,14.087948928340442,23.84114434026844,46.59860030143377,44.431223543227546,49.8496654387431,62.85392598798043,28.175897856680884,21.67376758206222,42.26384678502132,40.096470026815105,42.26384678502132,20.590079202959107,24.92483271937155,26.00852109847466,42.26384678502132,58.51917247156799,31.426962993990216,21.67376758206222,28.175897856680884,34.67802813129955,20.590079202959107,32.510651373093324,35.76171651040266,39.01278164771199,20.590079202959107,9.753195411927997,34.67802813129955,42.26384678502132,35.76171651040266,36.84540488950577,30.343274614887104,35.76171651040266,52.01704219694932,55.26810733425866,33.59433975219644,11.92057217013422,31.426962993990216,40.096470026815105,44.431223543227546,43.34753516412444,33.59433975219644,23.84114434026844,40.096470026815105,26.00852109847466,26.00852109847466
B02011,99000000153,Synthetic Census Tract 99000000153,1.0,Total:,100.3445866731988,117.24472758657966,+/-111,71.82559888186861,97.17581025193991,135.20112730704682,142.59493895665094,145.76371537790985,127.8073156574427,68.65682246060972,82.38818695273166,55.98171677557407,134.14486849996052,97.17581025193991,35.91279944093431,60.206752003919284,130.9760920787016,82.38818695273166,91.89451621650838,61.263010811005586,94.007033830681,158.4388210629455,99.28832786611251,74.99437530312753,107.73839832280294,78.16315172438644,95.06329263776729,36.969058248020616,101.40084548028511,155.27004464168658,118.30098639366597,143.65119776373723,64.4317872322645,89.78199860233578,180.62025601175785,152.10126822042767,70.76934007478232,121.46976281492488,105.62588070863032,130.9760920787016,78.16315172438644,34.856540633848006,106.68213951571663,151.04500941334138,60.206752003919284,119.35724520075227,102.45710428737142,136.2573861141331,116.18846877949336,54.92545796848777,105.62588070863032,40.13783466927953,126.75105685035639,123.58228042909748,69.71308126769601,71.82559888186861,88.72573979524947,106.68213951571663,117.24472758657966,144.70745657082355,91.89451621650838,128.863574464529,135.20112730704682,51.75668154722886,179.56399720467155,62.319269618091894,111.96343355114814,58.09423438974668,95.06329263776729,148.93249179916876,81.33192814564535,124.63853923618379,49.644163933056255,100.3445866731988,134.14486849996052,180.62025601175785,114.07595116532076,97.17581025193991,97.17581025193991,85.55696337399057,92.95077502359469,33.800281826761704,66.5443048464371,120.41350400783857
B02011,99000000154,Synthetic Census Tract 99000000154,1.0,Total:,0.0,12.90964755078911,+/-14,8.299059139792998,0.0,0.0,0.0,0.0,0.0,0.0,0.0,0.0,0.0,0.0,0.0,0.0,0.0,0.0,0.0,0.0,0.0,0.0,0.0,0.0,0.0,0.0,0.0,0.0,0.0,0.0,0.0,0.0,0.0,0.0,0.0,0.0,0.0,0.0,0.0,0.0,0.0,0.0,0.0,0.0,0.0,0.0,0.0,0.0,0.0,0.0,0.0,0.0,0.0,0.0,0.0,0.0,0.0,0.0,0.0,0.0,0.0,0.0,0.0,0.0,0.0,0.0,0.0,0.0,0.0,0.0,0.0,0.0,0.0,0.0,0.0,0.0,0.0,0.0,0.0,0.0,0.0,0.0,0.0,0.0
B02011,99000000155,Synthetic Census Tract 99000000155,1.0,Total:,524.4171063577046,281.4481744812838,+/-256,171.5074813245323,404.58175081684544,576.0892321413778,617.8666955409433,543.1070241943523,545.3058380574873,434.26573796916836,476.0432013687339,571.6916044151077,361.70488048571235,566.1945697572701,605.7732192937007,549.7034657837573,700.322215408507,463.94972512149127,417.7746339956556,642.0536480354286,617.8666955409433,461.7509112583562,302.3369061810666,498.0313400000842,545.3058380574873,480.44082909500395,524.4171063577046,646.4512757616988,407.879971611548,489.23608454754407,656.3459381458064,499.13074693165174,447.45862114797853,550.802872715325,527.7153271524071,596.9779638411605,567.2939766888376,459.55209739522115,589.2821153201879,469.44675977932883,395.7864953643053,465.04913205305877,441.9615864901409,673.9364490508866,396.8859022958728,445.2598072848435,516.721257836732,480.44082909500395,629.960171788186,550.802872715325,367.20191514354997,555.200500441595,432.0669241060333,480.44082909500395,582.6856737307828,534.3117687418122,383.69301911706265,469.44675977932883,523.3176994261371,554.1010935100275,499.13074693165174,661.8429728036439,566.1945697572701,610.1708470199707,432.0669241060333,533.2123618102447,472.7449805740314,441.9615864901409,582.6856737307828,501.32956079478674,441.9615864901409,444.160400353276,635.4572064460235,615.6678816778083,407.879971611548,437.5639587638709,668.439414393049,583.7850806623503,469.44675977932883,474.9437944371664,668.439414393049,441.9615864901409,525.5165132892721,547.5046519206223
B02011,99000000156,Synthetic Census Tract 99000000156,1.0,Total:,40.88192018473887,61.3228802771083,+/-57,37.65440017015422,43.03360019446196,63.4745602868314,15.061760068061687,13.985920063200139,19.365120087507883,13.985920063200139,55.943680252800554,40.88192018473887,53.79200024307745,10.75840004861549,60.24704027224675,44.109440199323515,41.957760189600414,63.4745602868314,37.65440017015422,50.564480228492805,52.716160238215906,34.42688015556957,55.943680252800554,41.957760189600414,41.957760189600414,47.33696021390816,16.137600072923235,13.985920063200139,12.91008005833859,15.061760068061687,72.08128032572378,44.109440199323515,29.047680131261824,13.985920063200139,79.61216035975463,39.80608017987731,43.03360019446196,61.3228802771083,61.3228802771083,41.957760189600414,61.3228802771083,34.42688015556957,34.42688015556957,40.88192018473887,37.65440017015422,53.79200024307745,16.137600072923235,13.985920063200139,15.061760068061687,15.061760068061687,67.7779203062776,50.564480228492805,33.35104015070802,16.137600072923235,74.23296033544689,57.0195202576621,39.80608017987731,60.24704027224675,53.79200024307745,39.80608017987731,82.83968037433928,39.80608017987731,36.57856016529267,44.109440199323515,40.88192018473887,71.00544032086223,10.75840004861549,13.985920063200139,15.061760068061687,16.137600072923235,58.09536026252365,40.88192018473887,48.41280021876971,11.83424005347704,55.943680252800554,33.35104015070802,38.730240175015766,64.55040029169294,38.730240175015766,47.33696021390816,67.7779203062776,39.80608017987731,45.18528020418506,34.42688015556957
B02011,99000000157,Synthetic Census Tract 99000000157,1.0,Total:,114.81380250873694,94.72138706970797,+/-99,57.40690125436847,105.24598563300886,89.93747863184393,86.1103518815527,78.45609838097023,73.6721899431062,138.73334469805712,154.99863338679486,97.5917321324264,121.51127432174658,105.24598563300886,142.56047144834835,129.16552782232904,92.80782369456236,113.85702082116413,137.77656301048432,121.51127432174658,52.62299281650443,159.7825418246589,180.83173895126066,164.56645026252295,75.58575331825182,125.33840107203783,149.257943261358,88.98069694427113,88.02391525669832,115.77058419630974,128.20874613475624,138.73334469805712,147.3443798862124,133.9494362601931,119.59771094660097,101.41885888271763,112.90023913359131,130.12230950990187,72.71540825553339,119.59771094660097,71.75862656796059,100.46207719514481,116.72736588388256,73.6721899431062,128.20874613475624,155.95541507436766,87.0671335691255,128.20874613475624,163.60966857495012,75.58575331825182,105.24598563300886,95.67816875728077,91.85104200698954,116.72736588388256,140.64690807320275,161.69610519980452,75.58575331825182,74.628971630679,161.69610519980452,129.16552782232904,105.24598563300886,139.69012638562992,129.16552782232904,81.32644344368866,109.07311238330009,131.07909119747467,95.67816875728077,128.20874613475624,158.8257601370861,93.76460538213516,109.07311238330009,94.72138706970797,81.32644344368866,126.29518275961063,69.84506319281496,94.72138706970797,123.42483769689221,144.47403482349398,130.12230950990187,121.51127432174658,161.69610519980452,121.51127432174658,88.98069694427113,156.91219676194046
B02011,99000000158,Synthetic Census Tract 99000000158,1.0,Total:,352.23517425762196,200.66731139525132,+/-188,121.68124201626941,435.49076090033265,403.469381422367,235.8908288210135,463.24262311456954,373.58276057626574,309.54000162033446,250.83413924406415,346.89827767796106,381.0544157877911,349.03303630982543,345.83089836202885,346.89827767796106,315.9442775159276,339.42662246643573,307.4052429884701,359.7068294691473,355.43731220541855,338.3592431505035,432.28862295253606,433.3560022684683,339.42662246643573,347.9656569938932,424.8169677410107,402.4020021064348,368.2458639966048,284.99027735389416,441.89503679592576,201.7346907111835,349.03303630982543,401.33462279050264,213.47586318643755,361.84158810101167,290.32717393355506,434.42338158440043,363.97634673287604,398.13248484270605,393.8629675789773,302.06834640880913,343.6961397301645,365.04372604880825,313.8095188840632,315.9442775159276,384.2565537355876,465.3773817464339,242.29510471660663,278.58600145830104,356.5046915213507,327.68544999118166,323.4159327274529,337.29186383457136,321.28117409558854,407.73889868609575,322.3485534115207,311.67476025219884,339.42662246643573,327.68544999118166,398.13248484270605,420.547450477282,451.50145063931546,418.4126918454176,387.4586916833842,349.03303630982543,324.4833120433851,209.2063459227088,336.22448451863914,338.3592431505035,349.03303630982543,486.72496806507763,421.6148297932142,421.6148297932142,335.157105202707,302.06834640880913,415.2105538976211,323.4159327274529,247.63200129626756,371.44800194440137,294.59669119728386,354.36993288948634,466.44476106236607,354.36993288948634
B02011,99000000159,Synthetic Census Tract 99000000159,1.0,Total:,17.504394221111255,27.6385171912283,+/-30,16.583110314736977,5.527703438245659,23.032097659356914,34.08750453584823,33.166220629473955,25.795949378479744,6.448987344619936,15.661826408362701,15.661826408362701,31.323652816725403,5.527703438245659,13.81925859561415,17.504394221111255,4.606419531871383,17.504394221111255,20.268245940234085,4.606419531871383,15.661826408362701,18.425678127485533,18.425678127485533,19.346962033859807,5.527703438245659,33.166220629473955,23.953381565731192,29.48108500397685,29.48108500397685,6.448987344619936,15.661826408362701,20.268245940234085,24.87466547210547,5.527703438245659,20.268245940234085,15.661826408362701,5.527703438245659,26.71723328485402,15.661826408362701,6.448987344619936,16.583110314736977,17.504394221111255,14.740542501988426,21.189529846608362,5.527703438245659,34.08750453584823,31.323652816725403,23.953381565731192,27.6385171912283,5.527703438245659,22.110813752982637,23.032097659356914,26.71723328485402,7.370271250994213,19.346962033859807,20.268245940234085,7.370271250994213,18.425678127485533,17.504394221111255,6.448987344619936,17.504394221111255,17.504394221111255,15.661826408362701,15.661826408362701,5.527703438245659,22.110813752982637,31.323652816725403,23.953381565731192,28.559801097602573,6.448987344619936,16.583110314736977,12.897974689239872,31.323652816725403,8.291555157368489,15.661826408362701,14.740542501988426,7.370271250994213,15.661826408362701,14.740542501988426,4.606419531871383,17.504394221111255,16.583110314736977,16.583110314736977,17.504394221111255
B02011,99000000160,Synthetic Census Tract 99000000160,1.0,Total:,6.5989256765690865,10.998209460948479,+/-10,6.5989256765690865,2.1996418921896956,6.5989256765690865,13.197851353138173,6.5989256765690865,9.89838851485363,2.1996418921896956,7.6987466226639345,8.798567568758783,7.6987466226639345,6.5989256765690865,6.5989256765690865,5.499104730474239,6.5989256765690865,4.399283784379391,2.1996418921896956,8.798567568758783,10.998209460948479,1.0998209460948478,5.499104730474239,15.397493245327869,9.89838851485363,6.5989256765690865,2.1996418921896956,5.499104730474239,3.2994628382845432,9.89838851485363,8.798567568758783,2.1996418921896956,3.2994628382845432,7.6987466226639345,4.399283784379391,8.798567568758783,5.499104730474239,6.5989256765690865,9.89838851485363,4.399283784379391,2.1996418921896956,8.798567568758783,6.5989256765690865,2.1996418921896956,2.1996418921896956,7.6987466226639345,13.197851353138173,6.5989256765690865,8.798567568758783,3.2994628382845432,6.5989256765690865,12.098030407043327,6.5989256765690865,7.6987466226639345,7.6987466226639345,5.499104730474239,5.499104730474239,4.399283784379391,3.2994628382845432,7.6987466226639345,13.197851353138173,3.2994628382845432,5.499104730474239,9.89838851485363,8.798567568758783,5.499104730474239,1.0998209460948478,6.5989256765690865,2.1996418921896956,10.998209460948479,6.5989256765690865,1.0998209460948478,3.2994628382845432,6.5989256765690865,8.798567568758783,6.5989256765690865,5.499104730474239,8.798567568758783,12.098030407043327,5.499104730474239,2.1996418921896956,9.89838851485363,7.6987466226639345,2.1996418921896956
B02011,99000000161,Synthetic Census Tract 99000000161,1.0,Total:,0.0,14.463917261098304,+/-14,9.298232524991768,0.0,0.0,0.0,0.0,0.0,0.0,0.0,0.0,0.0,0.0,0.0,0.0,0.0,0.0,0.0,0.0,0.0,0.0,0.0,0.0,0.0,0.0,0.0,0.0,0.0,0.0,0.0,0.0,0.0,0.0,0.0,0.0,0.0,0.0,0.0,0.0,0.0,0.0,0.0,0.0,0.0,0.0,0.0,0.0,0.0,0.0,0.0,0.0,0.0,0.0,0.0,0.0,0.0,0.0,0.0,0.0,0.0,0.0,0.0,0.0,0.0,0.0,0.0,0.0,0.0,0.0,0.0,0.0,0.0,0.0,0.0,0.0,0.0,0.0,0.0,0.0,0.0,0.0,0.0,0.0
B02011,99000000162,Synthetic Census Tract 99000000162,1.0,Total:,118.45287535785234,93.73227528317011,+/-91,57.68140017425853,108.15262532673475,100.94245030495243,88.58215026761131,192.61467558189904,99.91242530184067,144.20350043564633,135.96330041075225,70.04170021159965,119.4829003609641,107.12260032362299,98.88240029872891,122.57297537029937,121.54295036718761,126.69307538274641,91.67222527694659,136.993325413864,134.93327540764048,131.8432003983052,143.17347543253456,71.0717252147114,110.21267533295827,105.06255031739947,188.494575569452,90.64220027383483,100.94245030495243,136.993325413864,98.88240029872891,115.36280034851706,73.13177522093493,74.16180022404669,130.81317539519347,177.16430053522262,99.91242530184067,104.03252531428771,169.95412551344032,116.39282535162882,119.4829003609641,168.92410051032854,101.97247530806419,172.01417551966384,99.91242530184067,123.60300037341113,121.54295036718761,168.92410051032854,70.04170021159965,112.27272533918179,109.18265032984651,97.85237529561715,113.30275034229355,110.21267533295827,55.621350168035015,154.50375046676393,108.15262532673475,118.45287535785234,129.7831503920817,132.87322540141696,136.993325413864,151.41367545742864,162.743950491658,83.43202525205251,133.90325040452873,107.12260032362299,111.24270033607003,127.72310038585817,120.51292536407585,173.04420052277558,152.4437004605404,97.85237529561715,72.10175021782317,109.18265032984651,135.96330041075225,131.8432003983052,85.49207525827603,103.00250031117595,92.70225028005835,119.4829003609641,131.8432003983052,111.24270033607003,127.72310038585817,130.81317539519347
B02011,99000000163,Synthetic Census Tract 99000000163,1.0,Total:,120.26954704698429,71.61087534095248,+/-78,43.15014283365085,103.74396042984141,100.98969599365093,167.09204246222245,131.2866047917462,139.54939810031763,109.25248930222236,118.43337075619063,141.3855743911113,134.0408692279367,93.64499083047632,109.25248930222236,123.02381148317477,89.05455010349218,79.8736686495239,128.53234035555573,87.21837381269853,107.41631301142871,171.68248318920658,123.02381148317477,123.02381148317477,97.31734341206362,108.33440115682554,137.713221809524,168.01013060761926,113.8429300292065,144.1398388273018,89.97263824888901,99.15351970285727,138.63130995492082,108.33440115682554,139.54939810031763,100.0716078482541,123.02381148317477,107.41631301142871,113.8429300292065,95.48116712126996,86.3002856673017,155.1568965720637,112.92484188380968,126.69616406476207,98.23543155746044,129.45042850095254,134.0408692279367,151.4845439904764,128.53234035555573,145.0579269726986,135.87704551873034,124.85998777396841,143.22175068190495,134.0408692279367,136.79513366412715,117.5152826107938,99.15351970285727,112.00675373841284,102.82587228444459,79.8736686495239,90.89072639428583,134.0408692279367,114.76101817460332,100.0716078482541,96.3992552666668,118.43337075619063,131.2866047917462,140.46748624571447,134.9589573733335,85.38219752190487,113.8429300292065,121.18763519238111,148.73027955428591,78.03749235873026,122.10572333777793,129.45042850095254,97.31734341206362,100.0716078482541,126.69616406476207,104.66204857523823,93.64499083047632,140.46748624571447,150.56645584507956,121.18763519238111
B02011,99000000164,Synthetic Census Tract 99000000164,1.0,Total:,627.1352809517879,286.04277014152115,+/-265,173.78447544447135,589.3560471595115,729.6789155308238,658.4380746653883,712.4084086543546,703.77315521612,719.9642554128098,675.7085815418575,691.8996817385474,586.1178271201735,608.7853673955394,653.0410412664917,702.6937485363406,701.6143418565614,667.0733281036229,512.7181728951795,675.7085815418575,682.1850216205335,776.0934027613348,636.8499410698018,686.5026483396508,492.2094459793723,610.944180755098,467.3830923444478,459.8272455859925,745.8700157275136,542.9415599290005,627.1352809517879,624.9764675922293,655.1998546260504,608.7853673955394,603.3883339966427,603.3883339966427,517.0357996142967,439.3185186701853,574.244353642601,551.5768133672351,610.944180755098,725.3612888117065,528.9092730918693,735.0759489297204,577.4825736819389,695.1379017778854,632.5323143506845,614.182400794436,578.5619803617183,737.234762289279,692.9790884183268,699.4555284970027,768.5375560028795,621.7382475528913,501.9241060973862,576.4031670021596,603.3883339966427,661.6762947047263,498.6858860580482,603.3883339966427,753.425862485969,791.2050962782454,723.2024754521478,667.0733281036229,551.5768133672351,655.1998546260504,442.5567387095233,520.2740196536347,691.8996817385474,633.6117210304639,729.6789155308238,614.182400794436,688.6614616992094,767.4581493231002,553.7356267267938,599.0707072775255,537.5445265301039,405.8569115970262,588.2766404797322,525.6710530525313,574.244353642601,713.4878153341339,607.70596071576,599.0707072775255
B02011,99000000165,Synthetic Census Tract 99000000165,1.0,Total:,374.0953589646892,286.23276860252247,+/-316,173.91358092305163,374.0953589646892,416.6679542948112,268.1167705897046,465.58114892941944,231.88477456406883,386.7765575736617,464.67534902877856,346.0155620448215,466.4869488300603,221.0151757563781,378.62435846789367,442.9361514133971,423.00855359929744,390.39975717622525,358.696760653794,358.696760653794,394.02295677878885,323.3705645287991,232.79057446470972,328.80536393264447,517.2117432659504,373.1895590640483,298.913967211495,462.8637492274968,254.5297720800912,507.24794435890055,535.3277412787683,414.8563544935294,570.6539374037632,236.4137740672733,328.80536393264447,403.98675568583866,456.5231499230105,485.5087467435191,380.43595826917544,379.53015836853456,487.3203465448009,269.9283703909864,220.10937585573723,224.6383753589417,369.5663594614847,486.41454664416,250.0007725768867,376.81275866661184,307.066166317263,296.1965675095723,396.7403564807115,381.34175816981633,423.00855359929744,295.2907676089314,478.26234753839196,531.7045416762047,418.47955409609295,371.37795926276647,370.4721593621256,384.059157871739,339.6749627403352,385.8707576730208,298.0081673108541,201.08757794227844,330.61696373392624,397.6461563813524,284.4211688012407,304.34876661534037,291.66756800636784,386.7765575736617,479.16814743903285,405.7983554871205,582.4293361120948,375.90695876597096,394.92875667942974,530.7987417755638,432.97235250634725,380.43595826917544,449.2767507178834,378.62435846789367,319.74736492623555,413.04475469224764,315.21836542303106,325.1821643300809
B02011,99000000166,Synthetic Census Tract 99000000166,1.0,Total:,17.06698100894813,18.015146620556358,+/-19,10.429821727690523,10.429821727690523,11.377987339298754,25.600471513422196,21.807809066989275,20.859643455381047,16.1188153973399,6.637159281257606,15.170649785731671,18.96331223216459,18.015146620556358,21.807809066989275,15.170649785731671,21.807809066989275,21.807809066989275,14.22248417412344,23.704140290205736,6.637159281257606,11.377987339298754,15.170649785731671,16.1188153973399,17.06698100894813,5.688993669649377,15.170649785731671,27.496802736638653,19.91147784377282,11.377987339298754,11.377987339298754,20.859643455381047,14.22248417412344,9.481656116082295,17.06698100894813,10.429821727690523,18.96331223216459,18.96331223216459,18.96331223216459,25.600471513422196,9.481656116082295,18.015146620556358,20.859643455381047,21.807809066989275,12.326152950906982,12.326152950906982,19.91147784377282,21.807809066989275,14.22248417412344,15.170649785731671,7.5853248928658354,14.22248417412344,17.06698100894813,14.22248417412344,26.548637125030424,17.06698100894813,17.06698100894813,17.06698100894813,17.06698100894813,25.600471513422196,3.7926624464329177,12.326152950906982,17.06698100894813,14.22248417412344,15.170649785731671,4.7408280580411475,15.170649785731671,24.652305901813964,21.807809066989275,10.429821727690523,14.22248417412344,18.96331223216459,10.429821727690523,11.377987339298754,18.96331223216459,16.1188153973399,21.807809066989275,22.755974678597507,20.859643455381047,19.91147784377282,10.429821727690523,17.06698100894813,26.548637125030424,22.755974678597507
B02011,99000000167,Synthetic Census Tract 99000000167,1.0,Total:,57.57347125206628,77.07416312776614,+/-83,46.43021875166635,29.715340001066465,26.929526875966484,95.64625062843268,77.07416312776614,17.643483125633214,109.57531625393258,95.64625062843268,32.50115312616644,66.85951500239955,40.85859250146639,46.43021875166635,57.57347125206628,64.07370187729957,67.78811937743288,36.21557062629975,54.78765812696629,57.57347125206628,85.43160250306609,77.07416312776614,32.50115312616644,23.215109375833176,28.78673562603314,104.93229437876596,72.4311412525995,42.715801251533044,87.28881125313274,62.21649312723291,62.21649312723291,35.28696625126643,15.78627437556656,67.78811937743288,78.9313718778328,47.358823126699676,76.14555875273282,24.143713750866503,52.930449376899645,84.50299812803276,47.358823126699676,90.07462437823273,39.92998812643306,70.57393250253286,102.14648125366597,30.643944376099792,81.71718500293278,107.71810750386594,23.215109375833176,18.57208750066654,60.35928437716626,65.00230625233289,66.85951500239955,78.9313718778328,62.21649312723291,43.64440562656637,67.78811937743288,87.28881125313274,61.287888752199585,52.001845001866315,40.85859250146639,26.000922500933157,48.287427501733006,90.07462437823273,62.21649312723291,38.07277937636641,41.78719687649972,51.073240626832984,40.85859250146639,40.85859250146639,42.715801251533044,70.57393250253286,96.57485500346601,47.358823126699676,30.643944376099792,72.4311412525995,61.287888752199585,51.073240626832984,65.00230625233289,51.073240626832984,25.07231812589983,36.21557062629975,63.14509750226624
B02011,99000000168,Synthetic Census Tract 99000000168,1.0,Total:,193.1297066293352,187.85293868864298,+/-178,113.97818751895193,201.57253533444276,248.00809321253428,176.2440492191201,174.13334204284322,205.7939496869965,238.50991091928827,255.3955683295034,210.0153640395503,202.62788892258118,88.64970140362927,193.1297066293352,224.79031427348852,183.6315243360892,119.25495545964414,180.46546357167387,277.5579936804107,166.7458669258741,67.5426296408604,177.29940280725853,180.46546357167387,144.5834415749668,113.97818751895193,103.42465163756748,311.3293085008409,156.19233104448966,275.4472865041338,198.40647457002743,191.0189994530583,263.8383970346109,219.5135463327963,197.35112098188898,184.68687792422764,206.84930327513496,215.29213198024252,225.84566786162696,242.73132527184205,186.79758510050453,185.7422315123661,75.98545834596794,122.42101622405947,186.79758510050453,104.48000522570592,236.39920374301138,147.74950233938213,201.57253533444276,211.07071762768874,131.91919851730546,213.18142480396563,194.18506021747365,289.1668831499336,178.35475639539698,160.41374539704344,183.6315243360892,257.50627550578025,239.56526450742672,93.92646934432149,201.57253533444276,310.27395491270244,194.18506021747365,246.95273962439583,162.52445257332033,295.49900467876427,291.2775903262105,112.92283393081348,273.3365793278569,65.43192246458351,145.63879516310524,187.85293868864298,113.97818751895193,156.19233104448966,182.57617074795075,229.0117286260423,199.46182815816587,243.7866788599805,141.41738081055146,189.96364586491987,203.68324251071962,178.35475639539698,297.6097118550411,244.84203244811894
B02011,99000000169,Synthetic Census Tract 99000000169,1.0,Total:,898.2966482431061,304.4436339233958,+/-324,185.10924655218818,751.7126763540637,949.976894742448,855.0731693527475,846.6164017437643,837.2199932893385,938.701204597137,928.3651552972686,994.1400144782492,850.3749651255346,841.9181975165513,778.9622608718985,874.8056271070417,862.5902961162881,815.6082538441591,781.7811834082263,937.7615637516944,1067.4320004227704,1063.6734370410002,918.9687468428428,803.3929228534056,942.4597679789074,701.911711545607,1000.7175003963473,955.6147398151035,973.4679158785125,1044.8806201321486,940.5804862880223,816.5478946896017,857.8920918890752,757.3505214267192,827.8235848349127,1000.7175003963473,781.7811834082263,970.6489933421848,887.9605989432378,893.5984440158933,838.1596341347811,960.3129440423164,900.1759299339913,953.7354581242183,941.5201271334648,847.5560425892069,980.9850426420531,857.8920918890752,856.9524510436327,862.5902961162881,798.6947186261926,798.6947186261926,1136.9654229855214,848.4956834346494,820.306458071372,1003.536422932675,975.3471975693976,948.0976130515628,944.3390496697925,897.3570073976636,871.0470637252713,835.3407115984533,981.9246834874957,1033.6049299868375,946.2183313606777,731.0405777543269,948.0976130515628,742.3162678996379,809.9704087715037,914.27054261563,770.5054932629153,906.7534158520893,1037.363493368608,698.1531481638367,725.4027326816715,951.8561764333332,950.9165355878906,868.2281411889436,1002.5967820872324,809.0307679260611,894.5380848613358,858.8317327345178,1014.812113077986,1003.536422932675
B02011,99000000170,Synthetic Census Tract 99000000170,1.0,Total:,48.69574404417798,46.53148875332562,+/-43,28.135318781080606,42.20297817162091,69.25616930727534,61.6812757892921,42.20297817162091,42.20297817162091,72.50255224355388,51.94212698045651,43.28510581704709,63.845531080144454,53.02425462588268,51.94212698045651,67.09191401642299,53.02425462588268,68.17404166184916,74.66680753440623,50.85999933503033,43.28510581704709,42.20297817162091,23.8068081993759,14.067659390540303,59.51702049843975,44.367233462473266,23.8068081993759,48.69574404417798,41.12085052619474,42.20297817162091,56.27063756216121,46.53148875332562,41.12085052619474,22.72468055394972,30.299574071932962,44.367233462473266,49.777871689604154,29.217446426506786,48.69574404417798,37.8744675899162,73.58467988898005,68.17404166184916,47.6136163987518,46.53148875332562,34.62808465363767,19.47829761767119,53.02425462588268,49.777871689604154,46.53148875332562,37.8744675899162,38.95659523534238,46.53148875332562,23.8068081993759,41.12085052619474,32.46382936278532,31.38170171735914,29.217446426506786,28.135318781080606,44.367233462473266,41.12085052619474,59.51702049843975,50.85999933503033,57.352765207587396,80.07744576153712,59.51702049843975,68.17404166184916,55.188509916735036,40.03872288076856,63.845531080144454,66.0097863709968,57.352765207587396,46.53148875332562,60.599148143865925,67.09191401642299,55.188509916735036,46.53148875332562,46.53148875332562,63.845531080144454,56.27063756216121,54.10638227130886,47.6136163987518,63.845531080144454,60.599148143865925,77.91319047068475
B02011,99000000171,Synthetic Census Tract 99000000171,1.0,Total:,714.6588888507902,353.72005609786584,+/-343,214.5007920360236,840.4718534103808,679.5962593833632,634.2210918372813,583.6896552518718,729.0964421609071,590.9084319069303,734.2527112002346,764.159071628334,703.3150969642696,773.4403558991236,677.5337517676322,667.2212136889772,717.7526502743866,587.8146704833339,860.0656757598254,724.9714269294451,581.6271476361409,673.4087365361702,712.5963812350591,706.4088583878662,815.7217620216089,554.814548631638,603.2834776013163,892.0345438036558,765.1903254361995,621.8460461428953,1014.7537469396501,789.9404168249715,520.7831729720765,555.8458024395035,462.0017059237431,690.9400512698837,833.2530767553224,784.784147785644,793.034178248568,690.9400512698837,748.6902645103515,744.5652492788896,825.0030462923984,691.9713050777492,732.1902035845036,552.7520410159069,868.3157062227493,733.2214573923691,808.5029853665504,636.2835994530122,907.5033509216382,780.659132554182,573.3771171732169,561.0020714788309,539.3457415136555,788.909163017106,930.1909346946792,592.9709395226614,644.5336299159362,673.4087365361702,729.0964421609071,783.7528939777785,816.7530158294744,763.1278178204685,796.1279396721645,845.6281224497084,759.0028025890066,670.3149751125737,919.8783966160242,619.7835385271643,704.3463507721351,750.7527721260826,853.8781529126323,658.9711832260532,707.4401121957317,733.2214573923691,752.8152797418136,591.9396857147958,622.8772999507609,629.0648227979538,571.3146095574859,672.3774827283047,804.3779701350885,801.2842087114919
B02011,99000000172,Synthetic Census Tract 99000000172,1.0,Total:,12.701255589385148,19.95911592617666,+/-22,12.701255589385148,4.536162710494696,15.422953215681966,10.886790505187271,11.79402304728621,13.608488131484089,15.422953215681966,15.422953215681966,21.773581010374542,26.30974372086924,14.515720673583028,4.536162710494696,10.886790505187271,21.773581010374542,15.422953215681966,9.97955796308833,19.95911592617666,13.608488131484089,5.4433952525936355,3.628930168395757,24.495278636671358,18.144650841978784,11.79402304728621,14.515720673583028,18.144650841978784,12.701255589385148,15.422953215681966,4.536162710494696,3.628930168395757,4.536162710494696,13.608488131484089,19.051883384077723,15.422953215681966,3.628930168395757,14.515720673583028,11.79402304728621,4.536162710494696,13.608488131484089,15.422953215681966,17.237418299879845,4.536162710494696,3.628930168395757,9.072325420989392,14.515720673583028,11.79402304728621,14.515720673583028,9.97955796308833,29.938673889264994,17.237418299879845,19.051883384077723,12.701255589385148,4.536162710494696,12.701255589385148,21.773581010374542,11.79402304728621,15.422953215681966,19.051883384077723,11.79402304728621,4.536162710494696,4.536162710494696,18.144650841978784,20.866348468275604,15.422953215681966,12.701255589385148,10.886790505187271,15.422953215681966,13.608488131484089,4.536162710494696,4.536162710494696,3.628930168395757,13.608488131484089,23.58804609457242,14.515720673583028,5.4433952525936355,16.330185757780907,14.515720673583028,5.4433952525936355,12.701255589385148,22.68081355247348,19.051883384077723,4.536162710494696
B02011,99000000173,Synthetic Census Tract 99000000173,1.0,Total:,26.131493037946466,44.15321237446127,+/-49,27.032579004772206,21.626063203817765,37.845610606681085,27.933664971597945,11.714117568734622,8.109773701431662,45.05429834128701,5.406515800954441,27.032579004772206,32.43909480572665,44.15321237446127,31.538008838900904,37.845610606681085,29.735836905249425,26.131493037946466,6.307601767780181,54.06515800954441,17.120633369689063,9.010859668257401,22.527149170643504,7.208687734605921,36.944524639855345,7.208687734605921,12.615203535560362,25.230407071120723,27.933664971597945,19.823891270166282,49.55972817541571,47.75755624176423,8.109773701431662,23.428235137469244,33.34018077255239,27.032579004772206,36.944524639855345,9.010859668257401,42.35104044080979,18.922805303340542,35.142352706203866,25.230407071120723,44.15321237446127,27.933664971597945,29.735836905249425,20.724977236992025,29.735836905249425,38.746696573506824,52.26298607589293,9.911945635083141,45.95538430811275,39.647782540332564,16.219547402863324,8.109773701431662,10.813031601908882,10.813031601908882,27.032579004772206,27.032579004772206,39.647782540332564,7.208687734605921,30.636922872075164,36.043438673029605,28.834750938423685,41.44995447398405,9.010859668257401,54.06515800954441,28.834750938423685,19.823891270166282,24.329321104294984,30.636922872075164,18.021719336514803,7.208687734605921,55.86732994319589,31.538008838900904,24.329321104294984,20.724977236992025,7.208687734605921,39.647782540332564,17.120633369689063,31.538008838900904,11.714117568734622,27.032579004772206,9.010859668257401,27.933664971597945
B02011,99000000174,Synthetic Census Tract 99000000174,1.0,Total:,142.01172701084926,81.0195109228563,+/-89,49.15790550375551,164.77001659592125,106.50879525813693,88.30216359007935,125.6257585095974,131.99807959341757,152.0253744282809,136.54973751043198,156.57703234529532,108.3294584249427,142.01172701084926,164.77001659592125,185.70764301418748,99.2261425909139,124.71542692619452,132.90841117682044,127.44642167640318,132.90841117682044,122.89476375938877,195.72129043161917,121.98443217598589,106.50879525813693,141.10139542744636,143.83239017765501,86.48150042327357,150.20471126147515,132.90841117682044,123.80509534279165,156.57703234529532,142.92205859425212,145.65305334446077,152.9357060116838,162.9493534291155,178.42499034696445,150.20471126147515,162.9493534291155,182.97664826397883,182.06631668057597,132.90841117682044,188.4386377643961,111.97078475855422,122.89476375938877,172.05266926314428,187.52830618099324,172.96300084654715,151.11504284487805,134.7290743436262,135.6394059270291,155.66670076189246,136.54973751043198,136.54973751043198,125.6257585095974,136.54973751043198,164.77001659592125,158.39769551210108,157.48736392869822,156.57703234529532,141.10139542744636,163.85968501251836,91.94348992369086,177.51465876356156,149.2943796780723,145.65305334446077,142.92205859425212,183.88697984738172,143.83239017765501,130.1774164266118,157.48736392869822,129.26708484320892,171.1423376797414,126.5360900930003,111.06045317515134,138.37040067723774,100.13647417431677,139.2807322606406,134.7290743436262,114.70177950876285,104.68813209133117,133.81874276022333,138.37040067723774,172.96300084654715
B02011,99000000175,Synthetic Census Tract 99000000175,1.0,Total:,418.6858645671137,277.7623296640364,+/-272,169.51671589790456,349.24528215110456,462.59682109488415,250.19033370473866,257.3386289534455,242.0208534205023,353.3300222932228,436.04601017111594,486.08407691206367,262.4445541310932,342.09698690239776,372.73253796828413,292.05892016145003,298.1860303746273,435.0248251355864,390.0926835722864,425.8341598158205,413.57993938946595,281.8470698061546,442.1731203842932,585.1390253584296,396.21979378546365,476.89341159229775,391.11386860781596,415.62230946052506,397.24097882099323,367.6266127906364,547.3551790438364,486.08407691206367,422.77060470923186,474.8510415212387,428.89771492240914,450.3426006685296,465.6603762014728,633.1347220283183,476.89341159229775,451.3637857040591,441.1519353487637,500.3806674094773,435.0248251355864,477.91459662782734,279.8046997350955,412.5587543539364,360.4783175419296,327.8003964049841,310.44025080098186,277.7623296640364,428.89771492240914,430.9400849934682,265.5081092376818,304.3131405878046,508.55014769371365,310.44025080098186,283.88943987721365,365.5842427195773,449.321415633,468.7239313080614,423.7917897447614,251.2115187402682,377.8384631459318,504.4654075515955,436.04601017111594,415.62230946052506,436.04601017111594,475.8722265567682,410.5163842828773,421.74941967370233,461.57563605935457,451.3637857040591,515.6984429424205,390.0926835722864,432.9824550645273,437.06719520664547,380.90201825252046,438.08838024217505,452.38497073958865,472.8086714501796,513.6560728713614,351.2876522221637,614.7533913887864,338.0122467602796
B02011,99000000176,Synthetic Census Tract 99000000176,1.0,Total:,780.3781225585059,370.0434303979872,+/-349,224.78282878043922,732.6647862607712,947.9049477816634,749.6295280555213,565.1379610376136,786.7399007315372,872.6239060674598,506.8216611181601,696.6147099469272,1018.9448040471797,783.5590116450215,837.6341261157876,782.4987152828497,742.2074535203182,777.1972334719903,793.1016789045685,771.8957516611308,655.2631518222237,638.2984100274736,593.7659628162545,694.4941172225834,795.2222716289123,704.0367844821303,911.8548714678194,962.7490968520698,814.3076061480062,761.292788039412,841.8753115644752,780.3781225585059,673.2881899791457,693.4338208604115,592.7056664540826,766.5942698502714,717.8206371903648,662.6852263574269,767.6545662124433,970.171171387273,819.6090879588656,863.0812388079128,872.6239060674598,619.2130755083797,786.7399007315372,616.032186421864,945.7843550573197,788.8604934558809,693.4338208604115,907.6136860191319,866.2621278944284,819.6090879588656,678.5896717900051,785.6796043693654,691.3132281360678,753.8707135042089,752.810417142037,701.9161917577866,841.8753115644752,834.4532370292719,847.1767933753346,1004.1006549767733,852.478275186194,919.2769460030227,915.0357605543351,777.1972334719903,651.0219663735362,559.8364792267542,780.3781225585059,871.5636097052878,662.6852263574269,649.9616700113643,940.4828732464603,678.5896717900051,889.5886478622099,807.9458279749749,929.8799096247415,809.0061243371467,724.1824153633961,790.9810861802248,610.7307046110046,569.3791464863012,678.5896717900051,878.9856842404911
B02011,99000000177,Synthetic Census Tract 99000000177,1.0,Total:,115.62068882330829,97.61418810492421,+/-103,58.758054975779615,104.24816205380255,137.41803179819428,94.77105641254778,115.62068882330829,131.73176841344142,142.15658461882165,120.35924164393568,128.88863672106498,131.73176841344142,90.03250359192039,109.93442543855542,161.11079590133122,136.4703212340688,100.45731979730064,94.77105641254778,107.09129374617898,64.44431836053249,87.18937189954394,121.30695220806115,84.34624020716751,123.2023733363121,82.45081907891657,97.61418810492421,117.51610995155923,117.51610995155923,164.90163815783313,93.82334584842229,95.71876697667325,103.30045148967707,182.9081388762172,167.74476985020956,90.03250359192039,77.71226625828918,167.74476985020956,166.79705928608408,79.60768738654014,138.36574236231974,125.09779446456307,84.34624020716751,137.41803179819428,116.56839938743376,103.30045148967707,143.10429518294714,132.67947897756687,96.66647754079872,115.62068882330829,72.97371343766179,67.28745005290892,93.82334584842229,186.6989811327191,92.87563528429682,76.76455569416369,124.15008390043758,142.15658461882165,100.45731979730064,121.30695220806115,180.06500718384078,127.9409261569395,104.24816205380255,138.36574236231974,114.6729782591828,135.5226106699433,134.57490010581785,113.72526769505733,94.77105641254778,122.25466277218662,128.88863672106498,150.68597969595095,130.78405784931593,64.44431836053249,69.18287118115987,132.67947897756687,165.8493487219586,99.50960923317515,87.18937189954394,151.63369026007643,95.71876697667325,60.653476104030574,136.4703212340688,109.93442543855542
B02011,99000000178,Synthetic Census Tract 99000000178,1.0,Total:,51.354324892061506,51.354324892061506,+/-48,31.026571288953825,60.983260809323035,58.84349727215381,74.89172380092303,39.585625437630746,33.166334826123055,47.074797817723045,77.03148733809226,55.633851966399966,58.84349727215381,57.7736155035692,28.8868077517846,48.14467958630766,33.166334826123055,51.354324892061506,79.17125087526149,51.354324892061506,52.42420666064612,42.79527074338459,52.42420666064612,55.633851966399966,36.3759801318769,38.51574366904613,21.397635371692296,60.983260809323035,65.2627878836615,41.725388974799976,67.40255142083073,65.2627878836615,26.747044214615368,46.00491604913843,59.91337904073842,57.7736155035692,60.983260809323035,70.61219672658457,43.8651525119692,68.47243318941534,40.65550720621536,55.633851966399966,82.38089618101533,43.8651525119692,46.00491604913843,80.2411326438461,93.07971386686148,32.09645305753844,38.51574366904613,66.33266965224611,43.8651525119692,43.8651525119692,94.14959563544609,56.70373373498458,41.725388974799976,58.84349727215381,29.95668952036921,28.8868077517846,68.47243318941534,46.00491604913843,55.633851966399966,54.56397019781535,48.14467958630766,41.725388974799976,37.445861900461516,53.494088429230736,46.00491604913843,67.40255142083073,64.19290611507688,50.28444312347689,49.214561354892275,60.983260809323035,29.95668952036921,47.074797817723045,65.2627878836615,70.61219672658457,66.33266965224611,75.96160556950764,27.816925983199983,51.354324892061506,39.585625437630746,68.47243318941534,64.19290611507688,62.05314257790765
B02011,99000000179,Synthetic Census Tract 99000000179,1.0,Total:,75.65005020654412,67.44703271426826,+/-74,41.015087461379345,126.69104793626065,36.45785552122609,41.92653384941,60.15546161002304,70.18137187836021,83.85306769882,90.23319241503457,88.41029963897326,69.26992549032957,99.34765629534108,67.44703271426826,82.03017492275869,92.05608519109586,52.863890505777825,73.82715743048283,69.26992549032957,59.24401522199239,68.35847910229892,97.52476351927977,57.42112244593108,67.44703271426826,78.38438937063609,70.18137187836021,68.35847910229892,78.38438937063609,102.99344184746369,60.15546161002304,82.94162131078934,61.06690799805369,61.06690799805369,92.96753157912651,85.67596047488131,72.91571104245217,60.15546161002304,63.80124716214565,78.38438937063609,128.51394071232195,85.67596047488131,99.34765629534108,90.23319241503457,92.05608519109586,45.57231940153261,40.1036410733487,69.26992549032957,86.58740686291195,72.00426465442152,82.03017492275869,113.01935211580087,56.509676057900435,93.87897796715717,72.00426465442152,76.56149659457478,99.34765629534108,57.42112244593108,78.38438937063609,80.2072821466974,56.509676057900435,78.38438937063609,75.65005020654412,51.95244411774717,54.686783281839126,66.5355863262376,74.73860381851348,60.15546161002304,88.41029963897326,102.99344184746369,51.95244411774717,63.80124716214565,51.04099772971652,55.59822966986978,116.66513766792347,131.2482798764139,74.73860381851348,53.77533689380848,58.33256883396174,97.52476351927977,123.9567087721687,89.32174602700391,77.47294298260543,62.889800774114995
B02011,99000000180,Synthetic Census Tract 99000000180,1.0,Total:,23.324240956023377,36.0465542047634,+/-34,22.264048185295042,22.264048185295042,42.407710829133414,44.528096370590085,29.685397580393392,20.143662643838372,46.648481912046755,24.384433726751713,27.56501203893672,33.92616866330673,42.407710829133414,40.287325287676744,38.16693974622007,21.203855414566707,33.92616866330673,16.963084331653366,39.22713251694841,23.324240956023377,28.625204809665057,21.203855414566707,5.300963853641677,26.504819268208387,5.300963853641677,10.601927707283354,22.264048185295042,20.143662643838372,5.300963853641677,21.203855414566707,26.504819268208387,10.601927707283354,9.541734936555018,7.421349395098348,7.421349395098348,21.203855414566707,7.421349395098348,27.56501203893672,5.300963853641677,25.44462649748005,25.44462649748005,21.203855414566707,9.541734936555018,14.842698790196696,9.541734936555018,9.541734936555018,20.143662643838372,24.384433726751713,8.481542165826683,32.8659758925784,22.264048185295042,6.361156624370013,10.601927707283354,8.481542165826683,10.601927707283354,39.22713251694841,8.481542165826683,15.902891560925031,8.481542165826683,29.685397580393392,26.504819268208387,22.264048185295042,29.685397580393392,26.504819268208387,33.92616866330673,36.0465542047634,19.083469873110037,22.264048185295042,36.0465542047634,30.745590351121727,19.083469873110037,38.16693974622007,31.805783121850062,30.745590351121727,31.805783121850062,19.083469873110037,34.98636143403507,23.324240956023377,32.8659758925784,24.384433726751713,16.963084331653366,29.685397580393392,34.98636143403507
B02011,99000000181,Synthetic Census Tract 99000000181,1.0,Total:,30.395654408964774,56.44907247379172,+/-52,34.7378907531026,57.534631559826174,18.454504462585756,58.62019064586063,10.855590860344561,39.08012709724042,19.54006354862021,7.598913602241193,40.16568618327488,68.39022242017074,22.79674080672358,34.7378907531026,30.395654408964774,45.59348161344716,9.770031774310105,49.935717957584984,17.3689453765513,36.90900892517151,36.90900892517151,6.513354516206737,11.941149946379017,6.513354516206737,34.7378907531026,24.967858978792492,30.395654408964774,52.1068361296539,35.823449839137055,65.13354516206736,14.11226811844793,6.513354516206737,29.310095322930316,22.79674080672358,33.65233166706814,30.395654408964774,44.5079225274127,17.3689453765513,55.363513387757266,51.02127704361944,39.08012709724042,64.04798607603291,39.08012709724042,31.481213494999228,22.79674080672358,27.138977150861404,6.513354516206737,27.138977150861404,6.513354516206737,18.454504462585756,68.39022242017074,42.33680435534379,20.62562263465467,47.76459978551607,35.823449839137055,17.3689453765513,16.28338629051684,73.81801785034303,39.08012709724042,39.08012709724042,30.395654408964774,28.22453623689586,16.28338629051684,18.454504462585756,42.33680435534379,36.90900892517151,45.59348161344716,54.27795430172281,69.4757815062052,36.90900892517151,10.855590860344561,8.68447268827565,30.395654408964774,28.22453623689586,56.44907247379172,40.16568618327488,41.25124526930934,10.855590860344561,17.3689453765513,26.05341806482695,43.422363441378245,33.65233166706814,41.25124526930934
B02011,99000000182,Synthetic Census Tract 99000000182,1.0,Total:,167.6530470915193,107.55101134172936,+/-102,65.37414414889432,178.19726388972805,131.8027099776095,219.31970940274223,188.74148068793681,150.7823002143853,136.02039669689302,196.12243244668295,130.74828829778863,161.32651701259405,180.3061072493698,212.99317932381697,204.55780588524996,201.39454084578733,149.7278785345644,151.83672189420616,184.5237939686533,151.83672189420616,138.12924005653477,191.90474572739944,160.27209533277318,248.84351643772675,159.2176736529523,178.19726388972805,137.0748183767139,127.585023258326,131.8027099776095,157.10883029331055,173.97957717044454,162.38093869241493,172.92515549062367,172.92515549062367,139.18366173635565,202.4489625256082,165.54420373187756,166.59862541169844,196.12243244668295,181.36052892919068,120.20407149957987,199.28569748614558,217.21086604310048,139.18366173635565,209.82991428435434,159.2176736529523,130.74828829778863,196.12243244668295,221.428552762384,170.8163121309819,171.8707338108028,179.25168556954893,162.38093869241493,97.0067945435206,168.7074687713402,222.48297444220486,166.59862541169844,184.5237939686533,144.45577013546003,168.7074687713402,157.10883029331055,117.04080646011725,230.91834788077188,85.40815606549096,168.7074687713402,163.4353603722358,115.98638478029638,231.97276956059275,160.27209533277318,188.74148068793681,122.31291485922162,171.8707338108028,141.2925050959974,128.63944493814688,169.76189045116104,128.63944493814688,189.7959023677577,177.14284220990717,156.05440861348967,211.9387576439961,175.03399885026542,212.99317932381697,111.76869806101287
B02011,99000000183,Synthetic Census Tract 99000000183,1.0,Total:,17.673610665527367,20.792483135914548,+/-20,12.475489881548729,32.22834886066755,19.75285897911882,13.515114038344457,22.871731449506,22.871731449506,23.91135560630173,19.75285897911882,22.871731449506,18.713234822323095,11.435865724753,18.713234822323095,9.356617411161547,14.554738195140184,22.871731449506,12.475489881548729,19.75285897911882,25.990603919893186,12.475489881548729,18.713234822323095,8.31699325436582,4.15849662718291,13.515114038344457,22.871731449506,9.356617411161547,16.63398650873164,5.198120783978637,18.713234822323095,15.59436235193591,13.515114038344457,25.990603919893186,16.63398650873164,20.792483135914548,18.713234822323095,14.554738195140184,20.792483135914548,16.63398650873164,11.435865724753,18.713234822323095,21.832107292710276,8.31699325436582,7.277369097570092,13.515114038344457,14.554738195140184,9.356617411161547,10.396241567957274,6.237744940774364,17.673610665527367,13.515114038344457,11.435865724753,23.91135560630173,16.63398650873164,19.75285897911882,14.554738195140184,15.59436235193591,28.06985223348464,13.515114038344457,11.435865724753,22.871731449506,20.792483135914548,29.109476390280367,30.149100547076095,22.871731449506,16.63398650873164,23.91135560630173,22.871731449506,36.38684548785046,15.59436235193591,19.75285897911882,21.832107292710276,15.59436235193591,15.59436235193591,9.356617411161547,17.673610665527367,21.832107292710276,9.356617411161547,17.673610665527367,25.990603919893186,13.515114038344457,13.515114038344457,31.18872470387182
B02011,99000000184,Synthetic Census Tract 99000000184,1.0,Total:,437.7143779297415,290.38612389485286,+/-272,177.22094325935873,365.11784695602825,483.6210078101778,261.5610307141138,269.03420302023136,253.0202623642652,369.38823113095253,455.8635106731698,508.17571681599253,274.37218323888675,357.6446746499107,389.672555961843,305.3324685070879,311.7380447694744,454.7959146294387,407.8216887052713,445.187550235859,432.3763977110861,294.6565080697772,462.26908693555623,611.732533057907,414.2272649676578,498.56735242241285,408.8892847490024,434.51158979854824,415.29486101138883,384.33457574318766,572.2314794398571,508.17571681599253,441.9847621046658,496.4321603349507,448.3903383670522,470.80985528540486,486.823795941371,661.9095471132675,498.56735242241285,471.8774513291359,461.20149089182513,523.1220614282277,454.7959146294387,499.6349484661439,292.521315982315,431.308801667355,376.86140343707007,342.69833003767565,324.54919729424734,290.38612389485286,448.3903383670522,450.5255304545144,277.57497137007994,318.14362103186085,531.6628297780762,324.54919729424734,296.79170015723935,382.19938365572546,469.74225924167376,490.0265840725642,443.0523581483969,262.62862675784487,395.0105361804984,527.3924456031519,455.8635106731698,434.51158979854824,455.8635106731698,497.49975637868175,429.17360957989285,440.9171660609347,482.5534117664467,471.8774513291359,539.1360020841937,407.8216887052713,452.66072254197655,456.93110671690084,398.2133243116916,457.99870276063194,472.945047372867,494.2969682474885,537.0008099967316,367.2530390434904,642.6928183261082,353.3742904749864
B02011,99000000185,Synthetic Census Tract 99000000185,1.0,Total:,159.81332574405675,174.34180990260737,+/-192,106.23954040940136,219.74332289807802,75.3665115724813,158.90529548414733,226.09953471744393,90.80302599094134,93.52711677066958,128.94029690713668,187.05423354133916,186.14620328142973,145.28484158550614,132.57241794677435,171.61771912287912,118.04393378822374,173.43377964269794,179.78999146206385,166.16953756342264,54.4818155945648,67.19423923329659,219.74332289807802,219.74332289807802,250.6163517349981,98.97529833012605,170.7096888629697,252.4324122548169,119.85999430804256,118.95196404813315,148.91696262514378,167.07756782333206,226.09953471744393,183.4221125017015,150.7330231449626,205.2148387395274,170.7096888629697,184.33014276161092,232.4557465368098,175.24984016251676,81.7227233918472,87.17090495130368,207.93892951925565,160.72135600396615,80.81469313193779,210.6630202989839,166.16953756342264,91.71105625085075,234.27180705662863,238.8119583561757,122.5840850877708,147.10090210532496,50.84969455492715,164.35347704360382,123.49211534768021,149.8249928850532,129.8483271670461,57.205906374293036,151.64105340487203,142.5607508057779,192.50241510079562,220.65135315798744,103.51544962967311,201.58271769988977,111.68772196885784,242.44407939581336,195.22650588052386,116.2278732684049,256.97256355436394,256.0645332944546,147.10090210532496,167.07756782333206,69.01029975311542,183.4221125017015,152.54908366478145,168.89362834315088,155.2731744445097,87.17090495130368,195.22650588052386,161.62938626387557,191.59438484088622,236.08786757644748,137.1125692463214,168.89362834315088
B02011,99000000186,Synthetic Census Tract 99000000186,1.0,Total:,593.3649023727448,478.64141887119985,+/-509,291.5104908645814,721.2533757843031,658.2494955006678,345.11080692677865,420.3393206982836,424.1007463868588,567.9752789748619,610.2913179713335,741.0008606493232,601.8281101720391,631.9195156806411,756.9869198257679,739.1201478050356,770.1519097357813,523.7785271341028,340.4090248160596,650.7266441235173,791.7801074450889,610.2913179713335,507.792467957658,396.8304101446883,801.1836716665271,657.3091390785239,375.2022124353806,376.14256885752445,299.03334224173193,642.263436324223,593.3649023727448,578.3191996184438,675.1759110992564,497.44854731407605,547.2874376876981,706.2076730300022,770.1519097357813,630.0388028363534,419.39896427613974,603.7088230163267,767.3308404693498,588.6631202620257,697.7444652307079,880.1736111266072,326.30367848390244,545.4067248434104,663.8916340335306,822.8118693758347,724.0744450507345,603.7088230163267,614.9931000820525,536.0031606219724,642.263436324223,607.470248704902,299.03334224173193,441.96751840759123,441.96751840759123,520.0171014455275,646.0248620127983,653.5477133899487,515.3153193348085,599.0070409056077,538.8242298884038,702.4462473414269,398.7111229889759,699.6251780749955,840.6786413965672,628.1580899920658,748.5237120264736,682.6987624764068,534.1224477776847,491.8064087812132,734.4183656943164,754.1658505593365,394.00934087825686,310.3176193074577,454.19215189546077,526.5995964005342,907.4439473687777,753.2254941371926,416.5778950097083,600.8877537498953,640.3827234799354,450.43072620688554
B02011,99000000187,Synthetic Census Tract 99000000187,1.0,Total:,169.27220666258654,164.6472829832809,+/-178,99.8983514730019,176.67208454947556,217.3714129273652,154.47245088880848,152.62248141708622,180.37202349292008,209.04655030461507,223.84630607839313,184.0719624363646,177.5970692853367,77.6987178123348,169.27220666258654,197.0217487384204,160.94734403983637,104.52327515230753,158.172389832253,243.27098553147684,146.14758826605834,59.19902309511223,155.3974356246696,158.172389832253,126.72290881297462,99.8983514730019,90.6485041143906,272.87049707903293,136.89774090744703,241.42101605975458,173.8971303418922,167.42223719086428,231.24618396528214,192.39682505911475,172.97214560603106,161.8723287756975,181.2970082287812,188.69688611567022,197.94673347428153,212.7464892480596,163.72229824741976,162.79731351155863,66.59890098200125,107.29822935989093,163.72229824741976,91.57348885025174,207.1965808328928,129.49786302055801,176.67208454947556,184.99694717222573,115.62309198264107,186.846916643948,170.19719139844767,253.44581762594925,156.32242036053074,140.59767985089155,160.94734403983637,225.6962755501154,209.9715350404762,82.32364149164044,176.67208454947556,271.9455123431718,170.19719139844767,216.44642819150408,142.4476493226138,258.99572604111603,255.2957870976715,98.97336673714076,239.57104658803232,57.34905362338998,127.64789354883575,164.6472829832809,99.8983514730019,136.89774090744703,160.02235930397526,200.72168768186492,174.8221150777533,213.67147398392072,123.94795460539123,166.49725245500315,178.52205402119782,156.32242036053074,260.8456955128383,214.59645871978185
B02011,99000000188,Synthetic Census Tract 99000000188,1.0,Total:,282.25554784688444,298.27004701550203,+/-298,181.16402184498614,154.139554497944,219.19845737045281,152.1377421018668,318.288170976274,369.3343870762424,393.35613582916875,260.2356114900353,177.16039705283174,431.3905713546355,381.3452614527056,194.1758024194879,504.45672381145306,314.28454618411956,296.26823461942485,423.3833217703267,386.3497924428986,249.22564331161075,218.19755117241422,256.2319866978809,265.2401424802283,405.3670102056319,368.33348087820383,358.32441889781785,260.2356114900353,312.2827337880424,244.22111232141776,282.25554784688444,362.3280436899723,91.08246402151237,317.28726477823534,271.24557966845987,157.14227309205978,239.21658133122477,305.2763904017722,144.13049251755803,253.22926810376512,426.38604036444247,357.32351269977926,183.16583424106332,270.2446734704213,152.1377421018668,220.19936356849144,174.15767845871594,269.2437672723827,350.31716931350905,310.2809213919652,243.22020612337917,178.16130325087033,425.3851341664039,392.35522963113016,201.18214580575807,531.4811911584952,357.32351269977926,264.2392362821897,479.43406886048814,291.2637036292318,235.21295653907038,280.25373545080726,294.2664222233476,276.2501106586529,436.39510234482844,318.288170976274,350.31716931350905,321.29088957038977,252.22836190572653,252.22836190572653,290.26279743119323,350.31716931350905,95.08608881366675,319.2890771743126,273.2473920645371,171.15495986460016,229.2075193508388,331.29995155077575,218.19755117241422,246.22292471749495,365.33076228408805,279.25282925276866,207.18758299398965,257.2328928959195
B02011,99000000189,Synthetic Census Tract 99000000189,1.0,Total:,105.95280019224266,135.3258537108842,+/-129,82.87397242759575,40.91246740096499,99.65857443824805,139.52200421354726,96.51146156125074,214.00367563581688,136.37489133654998,113.29606357190305,135.3258537108842,41.96150502663076,151.06141809587072,52.45188128328845,98.60953681258228,44.0595802779623,39.863429775299224,148.9633428445392,121.6883645772292,138.4729665878815,110.14895069490574,91.2662734329219,94.4133863099192,139.52200421354726,138.4729665878815,46.157655529293834,47.2066931549596,119.59028932589766,100.70761206391381,116.44317644890036,98.60953681258228,95.46242393558498,110.14895069490574,122.73740220289497,124.8354774542265,96.51146156125074,90.21723580725613,55.598994160285756,43.01054265229653,186.7286973685069,165.7479448551915,52.45188128328845,49.30476840629114,194.07196074816727,80.77589717626421,107.00183781790844,130.08066558255535,48.25573078062537,33.56920402130461,112.24702594623729,43.01054265229653,168.8950577321888,58.74610703728306,155.2575685985338,132.17874083388688,140.57104183921305,127.98259033122382,111.19798832057151,92.31531105858767,129.0316279568896,102.80568731524536,134.27681608521843,126.93355270555804,109.09991306923997,34.618241646970375,134.27681608521843,151.06141809587072,124.8354774542265,83.92301005326152,55.598994160285756,131.12970320822112,115.39413882323458,113.29606357190305,102.80568731524536,56.648031785951524,115.39413882323458,107.00183781790844,154.20853097286803,135.3258537108842,45.108617903628065,46.157655529293834,127.98259033122382,159.4537191011969
B02011,99000000190,Synthetic Census Tract 99000000190,1.0,Total:,468.8830825942828,248.2925732774977,+/-242,150.8223482305461,423.7389783620105,334.4767722663812,568.405312379065,521.2092034089621,306.77470830566864,504.7931655063176,525.3132128846232,364.2308409649243,499.6631536617412,655.6155137368637,544.8072578940136,592.0033668641164,504.7931655063176,426.81698546875634,476.0650991766898,415.5309594106883,356.0228220136021,373.4648622851618,424.7649807309258,478.1171039145204,439.1290138957397,403.2189309837049,497.61114892391066,413.47895467285775,412.4529523039425,638.173473465304,445.2850281092314,425.79098309984107,459.6490612740453,384.7508883432299,580.7173408060484,437.0770091579092,483.24711575909674,523.2612081467927,502.7411607684871,469.9090849631981,441.18101863357026,523.2612081467927,398.08891913912856,357.04882438251735,392.95890729455215,568.405312379065,596.1073763397775,524.2872105157079,471.9610897010287,487.3511252347579,457.5970565362148,567.3793100101497,465.805075487537,468.8830825942828,479.14310628343566,502.7411607684871,404.2449333526202,520.1832010400468,438.10301152682445,360.12683148926317,432.97299968224803,488.37712760367316,404.2449333526202,378.59487412973823,456.5710541672995,589.9513621262859,461.70106601187587,354.9968196446868,543.7812555250982,606.3674000289303,395.0109120323827,476.0650991766898,523.2612081467927,385.7768907121452,577.6393336993025,500.68915603065653,358.0748267514326,407.32294045936607,343.7107935866187,480.16910865235093,447.33703284706195,440.155016264655,567.3793100101497,513.0011844576399
B02011,99000000191,Synthetic Census Tract 99000000191,1.0,Total:,299.66334158666837,221.53682753014414,+/-207,134.84850371400077,401.33483248214515,338.1914855049543,219.39637509023936,261.13519766838243,386.35166540281176,215.1154702104298,317.85718732585894,272.90768608785874,248.2924830289538,342.47239038476386,179.79800495200104,229.02841106981083,367.08759344366877,200.1323031310964,353.17465258428774,333.91058062514475,246.15203058904902,277.18859096766823,268.6267812080492,370.29827210352596,416.3179995614786,312.50605622609703,217.25592265033458,241.8711257092395,257.9245190085253,245.08180436909663,412.03709468166903,322.1380922056685,284.680174507335,276.1183647477159,244.01157814914427,147.6912183534294,400.2646062621928,216.1856964303822,331.77012818524,277.18859096766823,211.90479155057264,307.1549251263351,317.85718732585894,354.2448788042401,346.7532952645734,270.76723364795396,239.73067326933472,174.4468738522391,326.41899708547805,296.45266292681123,357.4555574640973,386.35166540281176,251.50316168881096,260.0649714484301,280.3992696275254,238.66044704938233,413.1073209016214,241.8711257092395,326.41899708547805,307.1549251263351,193.71094581138206,336.0510330650495,232.239089729668,326.41899708547805,463.40795323938363,284.680174507335,210.83456533062025,218.32614887028697,351.03420014438296,208.69411289071547,391.7027965025737,314.6465086660018,248.2924830289538,297.5228891467636,260.0649714484301,272.90768608785874,295.3824367068588,303.9442464664779,408.8264160218119,314.6465086660018,178.72777873204865,247.2222568090014,249.36270924890619,343.5426166047163
B02011,99000000192,Synthetic Census Tract 99000000192,1.0,Total:,0.0,13.034596378835055,+/-14,8.379383386393965,0.0,0.0,0.0,0.0,0.0,0.0,0.0,0.0,0.0,0.0,0.0,0.0,0.0,0.0,0.0,0.0,0.0,0.0,0.0,0.0,0.0,0.0,0.0,0.0,0.0,0.0,0.0,0.0,0.0,0.0,0.0,0.0,0.0,0.0,0.0,0.0,0.0,0.0,0.0,0.0,0.0,0.0,0.0,0.0,0.0,0.0,0.0,0.0,0.0,0.0,0.0,0.0,0.0,0.0,0.0,0.0,0.0,0.0,0.0,0.0,0.0,0.0,0.0,0.0,0.0,0.0,0.0,0.0,0.0,0.0,0.0,0.0,0.0,0.0,0.0,0.0,0.0,0.0,0.0,0.0
B02011,99000000193,Synthetic Census Tract 99000000193,1.0,Total:,12.563090620644388,17.797711712579552,+/-17,10.469242183870325,16.75078749419252,14.656939057418453,16.75078749419252,16.75078749419252,23.032332804514713,10.469242183870325,6.281545310322194,7.328469528709227,15.703863275805487,19.891560149353616,14.656939057418453,8.37539374709626,15.703863275805487,7.328469528709227,6.281545310322194,9.422317965483291,12.563090620644388,21.98540858612768,18.844635930966582,7.328469528709227,9.422317965483291,13.610014839031422,18.844635930966582,14.656939057418453,8.37539374709626,17.797711712579552,23.032332804514713,13.610014839031422,8.37539374709626,3.140772655161097,10.469242183870325,17.797711712579552,9.422317965483291,17.797711712579552,18.844635930966582,16.75078749419252,14.656939057418453,7.328469528709227,11.516166402257356,9.422317965483291,11.516166402257356,10.469242183870325,17.797711712579552,17.797711712579552,14.656939057418453,16.75078749419252,19.891560149353616,19.891560149353616,18.844635930966582,10.469242183870325,11.516166402257356,18.844635930966582,15.703863275805487,7.328469528709227,16.75078749419252,12.563090620644388,5.234621091935162,6.281545310322194,6.281545310322194,19.891560149353616,9.422317965483291,14.656939057418453,14.656939057418453,20.93848436774065,11.516166402257356,7.328469528709227,9.422317965483291,8.37539374709626,9.422317965483291,11.516166402257356,8.37539374709626,10.469242183870325,9.422317965483291,19.891560149353616,7.328469528709227,17.797711712579552,20.93848436774065,21.98540858612768,26.17310545967581,19.891560149353616
B02011,99000000194,Synthetic Census Tract 99000000194,1.0,Total:,279.7052728557867,124.83490365711286,+/-133,76.02727215207625,272.1964064703965,293.7843973283934,198.98495921284155,266.5647566813538,306.92491350282637,352.9167201133416,284.3983143466556,287.21413924117695,279.7052728557867,341.65342053525626,231.83624964892388,280.6438811539605,331.3287292553446,281.58248945213427,239.34511603431412,264.6875400850062,296.60022222291474,298.4774388192623,266.5647566813538,246.85398241970438,233.71346624527143,244.03815752518304,258.11728199778975,231.83624964892388,347.28507032429894,293.7843973283934,307.8635218010001,273.1350147685702,263.74893178683243,281.58248945213427,303.1704803101312,351.97811181516784,227.14320815805496,276.8894479612654,270.3191898740489,231.83624964892388,293.7843973283934,269.3805815758751,266.5647566813538,302.2318720119574,245.9153741215306,336.96037904438737,235.590682841619,300.3546554156099,335.0831624480398,268.4419732777013,295.661613924741,292.84578903021963,326.63568776447573,312.55656329186905,313.49517159004284,312.55656329186905,256.24006540144217,202.73939240553668,236.52929113979278,284.3983143466556,311.61795499369526,321.00403797543305,294.7230056265672,302.2318720119574,318.18821308091174,285.3369226448294,287.21413924117695,211.1868670891007,277.82805625943917,348.22367862247273,291.90718073204584,298.4774388192623,196.1691343183202,275.0122313649178,265.62614838318,267.50336497952753,270.3191898740489,319.1268213790855,274.073623066744,217.75712517631717,287.21413924117695,260.93310689231106,187.72165963475618,341.65342053525626
B02011,99000000195,Synthetic Census Tract 99000000195,1.0,Total:,55.340801515286486,89.69026452477465,+/-94,54.38664976502293,61.06571201686785,94.46102327609245,82.05705052266617,62.97401551739497,68.69892601897632,56.29495326555005,77.28629177134837,58.20325676607717,23.853793756589003,91.59856802530177,82.05705052266617,15.266428004216962,50.57004276396869,25.762097257116125,62.97401551739497,91.59856802530177,87.78196102424754,68.69892601897632,18.128883255007644,20.037186755534762,31.487007758697484,51.52419451423225,123.08557578399926,51.52419451423225,81.10289877240261,73.46968477029414,51.52419451423225,66.79062251844921,14.312276253953403,81.10289877240261,90.64441627503821,22.899642006325443,45.79928401265089,15.266428004216962,35.303614759751724,68.69892601897632,53.43249801475937,55.340801515286486,27.670400757643243,96.36932677661957,46.75343576291445,20.037186755534762,20.991338505798325,54.38664976502293,87.78196102424754,69.65307776923989,83.9653540231933,102.09423727820094,86.82780927398397,43.89098051212377,20.991338505798325,91.59856802530177,58.20325676607717,75.37798827082125,64.88231901792209,27.670400757643243,65.83647076818565,20.991338505798325,83.01120227292974,72.51553302003057,73.46968477029414,23.853793756589003,11.449821003162722,51.52419451423225,54.38664976502293,31.487007758697484,58.20325676607717,52.478346264495805,124.03972753426282,45.79928401265089,16.22057975448052,89.69026452477465,69.65307776923989,66.79062251844921,50.57004276396869,15.266428004216962,79.19459527187549,29.578704258170365,58.20325676607717,23.853793756589003
B02011,99000000196,Synthetic Census Tract 99000000196,1.0,Total:,111.49196052181992,142.75138870550774,+/-137,86.48441797486966,110.44997958236365,187.55656910212696,125.03771273475131,51.05706603335678,90.6523417326947,152.1292171606141,164.6329884340892,61.476875427919396,146.9193124633328,120.86978897692626,47.931123214988006,143.793369644964,87.52639891432591,48.973104154444265,109.4079986429074,137.54148400822643,118.78582709801374,42.721218517706696,146.9193124633328,149.0032743422453,171.92685501028305,172.96883594973932,153.17119810007034,56.26697073063809,172.96883594973932,104.19809394562608,157.3391218578954,60.43489448846313,138.5834649476827,130.24761743203263,56.26697073063809,100.03017018780105,91.69432267215096,70.85470388302573,94.82026549051974,102.11413206671357,120.86978897692626,80.23253233813209,165.67496937354548,111.49196052181992,48.973104154444265,71.896684822482,51.05706603335678,180.26270252593315,104.19809394562608,127.12167461366383,51.05706603335678,157.3391218578954,142.75138870550774,110.44997958236365,168.80091219191428,153.17119810007034,97.94620830888853,146.9193124633328,104.19809394562608,97.94620830888853,95.86224642997601,128.1636555531201,37.51131382042539,128.1636555531201,67.72876106465696,52.09904697281304,43.763199457162955,164.6329884340892,159.4230837368079,103.15611300616983,56.26697073063809,186.5145881626707,108.36601770345113,100.03017018780105,156.29714091843914,103.15611300616983,91.69432267215096,199.01835943614583,106.28205582453862,102.11413206671357,129.20563649257636,230.27778761983367,91.69432267215096,123.99573179529504
B02011,99000000197,Synthetic Census Tract 99000000197,1.0,Total:,71.24266220368287,60.282252633885506,+/-55,36.1693515803313,87.68327655837892,73.43474411764234,100.83576804213575,73.43474411764234,94.25952230025733,82.20307177348023,40.55351540825025,72.3387031606626,63.57037550482472,101.93180899911549,48.22580210710841,71.24266220368287,65.7624574187842,37.26539253731104,71.24266220368287,52.60996593502735,69.0505802897234,62.474334547844975,52.60996593502735,43.84163827918946,86.58723560139919,92.06744038629786,51.51392497804761,58.090170719926036,104.12389091307496,95.35556325723708,54.802047848986824,63.57037550482472,86.58723560139919,107.41201378401418,64.66641646180445,64.66641646180445,75.62682603160182,72.3387031606626,62.474334547844975,43.84163827918946,56.994129762946294,81.1070308165005,64.66641646180445,48.22580210710841,54.802047848986824,75.62682603160182,74.53078507462207,62.474334547844975,51.51392497804761,66.85849837576393,82.20307177348023,63.57037550482472,67.95453933274366,62.474334547844975,80.01098985952076,58.090170719926036,56.994129762946294,97.54764517119655,64.66641646180445,87.68327655837892,72.3387031606626,80.01098985952076,107.41201378401418,92.06744038629786,67.95453933274366,54.802047848986824,108.50805474099391,82.20307177348023,39.457474451270514,66.85849837576393,72.3387031606626,66.85849837576393,51.51392497804761,55.89808880596656,56.994129762946294,56.994129762946294,49.32184306408814,73.43474411764234,96.45160421421681,88.77931751535866,78.91494890254103,49.32184306408814,105.2199318700547,116.18034143985207
B02011,99000000198,Synthetic Census Tract 99000000198,1.0,Total:,115.52088549508179,99.16394595595516,+/-97,60.31621455052943,127.78859014942675,135.96705991899006,115.52088549508179,70.53930176248357,129.8332075918176,111.43165061030012,98.14163723475974,125.74397270703592,117.56550293747262,121.65473782225428,92.00778490758726,115.52088549508179,128.81089887062217,96.09701979236893,93.03009362878268,149.25707329453044,94.0524023499781,87.9185500228056,150.27938201572587,106.32010700432306,121.65473782225428,185.03787853636993,167.65863027604792,64.40544943531108,124.72166398584051,107.34241572551848,160.50246922768,71.56161048367899,141.07860352496715,100.18625467715057,44.98158373259822,110.40934188910472,80.76238897443771,112.45395933149554,125.74397270703592,93.03009362878268,102.2308721195414,107.34241572551848,159.4801605064846,125.74397270703592,101.20856339834599,136.9893686401855,165.61401283365709,98.14163723475974,114.49857677388637,86.89624130161019,178.90402620919747,60.31621455052943,90.98547618639185,151.30169073692127,101.20856339834599,125.74397270703592,133.92244247659923,106.32010700432306,116.5431942162772,84.85162385921937,115.52088549508179,89.96316746519643,113.47626805269095,95.07471107117351,160.50246922768,158.45785178528917,156.41323434289836,70.53930176248357,72.58391920487439,117.56550293747262,147.2124558521396,109.38703316790931,90.98547618639185,143.12322096735798,99.16394595595516,136.9893686401855,142.10091224616255,52.137744780966116,129.8332075918176,118.58781165866803,144.14552968855338,53.16005350216153,147.2124558521396,130.855516313013
B02011,99000000199,Synthetic Census Tract 99000000199,1.0,Total:,18.21800125996518,21.86160151195822,+/-24,12.752600881975628,12.752600881975628,9.10900062998259,17.307101196966922,11.841700818977369,12.752600881975628,27.327001889947773,23.683401637954738,17.307101196966922,15.485301070970404,15.485301070970404,18.21800125996518,12.752600881975628,20.950701448959958,21.86160151195822,16.396201133968663,14.574401007972146,15.485301070970404,22.77250157495648,18.21800125996518,10.93080075597911,15.485301070970404,19.12890132296344,16.396201133968663,23.683401637954738,24.594301700952997,15.485301070970404,10.93080075597911,15.485301070970404,13.663500944973887,16.396201133968663,11.841700818977369,25.505201763951256,10.93080075597911,20.950701448959958,18.21800125996518,15.485301070970404,30.97060214194081,11.841700818977369,16.396201133968663,10.93080075597911,22.77250157495648,10.93080075597911,3.6436002519930364,27.327001889947773,27.327001889947773,11.841700818977369,20.950701448959958,14.574401007972146,3.6436002519930364,15.485301070970404,3.6436002519930364,14.574401007972146,25.505201763951256,20.950701448959958,28.237901952946032,19.12890132296344,28.237901952946032,21.86160151195822,17.307101196966922,22.77250157495648,3.6436002519930364,20.0398013859617,26.416101826949514,9.10900062998259,10.01990069298085,23.683401637954738,10.93080075597911,16.396201133968663,28.237901952946032,15.485301070970404,23.683401637954738,28.237901952946032,11.841700818977369,20.0398013859617,4.554500314991295,16.396201133968663,18.21800125996518,10.93080075597911,22.77250157495648,23.683401637954738
B02011,99000000200,Synthetic Census Tract 99000000200,1.0,Total:,33.76763920152172,47.070042523333306,+/-46,28.651330231594187,18.41871229173912,63.44223122710141,30.6978538195652,14.325665115797094,37.86068637746374,47.070042523333306,30.6978538195652,36.83742458347824,17.395450497753615,53.20961328724635,20.465235879710132,51.16308969927533,26.604806643623174,25.581544849637666,32.74437740753621,18.41871229173912,33.76763920152172,51.16308969927533,30.6978538195652,42.97699534739128,47.070042523333306,25.581544849637666,15.3489269097826,38.883948171449255,50.13982790528983,64.46549302108691,65.48875481507243,42.97699534739128,39.90720996543476,31.721115613550705,26.604806643623174,34.79090099550723,12.27914152782608,16.372188703768106,13.302403321811587,27.62806843760868,52.18635149326084,31.721115613550705,19.441974085724627,63.44223122710141,32.74437740753621,40.930471759420264,13.302403321811587,25.581544849637666,61.3957076391304,60.372445845144895,38.883948171449255,34.79090099550723,28.651330231594187,35.814162789492734,45.02351893536229,33.76763920152172,13.302403321811587,16.372188703768106,15.3489269097826,32.74437740753621,51.16308969927533,37.86068637746374,13.302403321811587,32.74437740753621,16.372188703768106,44.000257141376785,30.6978538195652,25.581544849637666,33.76763920152172,36.83742458347824,44.000257141376785,46.0467807293478,9.20935614586956,47.070042523333306,16.372188703768106,57.302660463188374,27.62806843760868,28.651330231594187,29.674592025579692,15.3489269097826,42.97699534739128,50.13982790528983,34.79090099550723,39.90720996543476
B02011,99000000201,Synthetic Census Tract 99000000201,1.0,Total:,73.5860789355987,118.10111434108434,+/-130,71.76913871496664,138.08745676803707,31.79645386106117,25.437163088848937,33.61339408169324,12.718581544424469,89.93854092128731,72.67760882528268,105.38253279665987,16.352461985688603,192.5956633869991,100.8401822450797,79.03689959749491,104.47406268634384,61.77596750149027,50.874326177697874,115.37570401013625,55.41667672927804,75.40301915623077,69.04372838401854,153.53144864340965,72.67760882528268,80.85383981812697,71.76913871496664,53.599736508645975,79.03689959749491,62.6844376118063,97.20630180381558,34.52186419200927,109.92488334824004,81.762309928443,39.06421474358944,26.34563319916497,69.95219849433457,123.55193500298054,133.5451062164569,81.762309928443,25.437163088848937,108.10794312760798,30.887983750745136,78.12842948717888,103.56559257602781,26.34563319916497,20.89481253726877,40.8811549642215,30.887983750745136,97.20630180381558,72.67760882528268,75.40301915623077,35.430334302325306,101.74865235539575,69.95219849433457,69.04372838401854,104.47406268634384,87.2131305903392,77.21995937686285,150.80603831246154,89.03007081097128,70.86066860465061,77.21995937686285,146.26368776088137,69.95219849433457,65.40984794275441,83.57925014907508,68.1352582737025,91.75548114191938,65.40984794275441,101.74865235539575,26.34563319916497,89.93854092128731,69.95219849433457,29.979513640429104,38.1557446332734,78.12842948717888,119.91805456171642,106.2910029069759,61.77596750149027,22.711752757900836,96.29783169349955,24.528692978532902,46.3319756261177
B02011,99000000202,Synthetic Census Tract 99000000202,1.0,Total:,50.61096968684809,69.99389424776864,+/-65,43.073165690934545,18.306095418647182,54.918286255941545,41.996336548661176,49.534140544574726,80.76218567050226,54.918286255941545,38.765849121841086,16.152437134100452,81.83901481277563,18.306095418647182,21.536582845467272,54.918286255941545,41.996336548661176,86.14633138186909,65.68657767867518,18.306095418647182,66.76340682094855,49.534140544574726,49.534140544574726,20.459753703193908,91.5304770932359,63.53291939412845,48.45731140230136,52.764627971394816,20.459753703193908,51.68779882912145,62.45609025185509,91.5304770932359,22.613411987740633,69.99389424776864,81.83901481277563,52.764627971394816,49.534140544574726,18.306095418647182,15.07560799182709,60.30243196730836,59.225602825035,51.68779882912145,48.45731140230136,27.997557699107453,71.07072339004199,49.534140544574726,45.22682397548127,47.380482260027996,20.459753703193908,44.149994833207906,67.8402359632219,65.68657767867518,17.229266276373817,79.68535652822891,68.91706510549527,49.534140544574726,47.380482260027996,17.229266276373817,22.613411987740633,86.14633138186909,54.918286255941545,46.303653117754635,47.380482260027996,73.22438167458873,18.306095418647182,58.148773682761636,53.84145711366818,49.534140544574726,67.8402359632219,53.84145711366818,41.996336548661176,20.459753703193908,90.45364795096253,19.382924560920543,26.92072855683409,57.07194454048827,48.45731140230136,75.37803995913545,66.76340682094855,19.382924560920543,65.68657767867518,43.073165690934545,45.22682397548127,77.53169824368217
B02011,99000000203,Synthetic Census Tract 99000000203,1.0,Total:,183.37715563554187,200.04780614786387,+/-192,121.90413187135454,252.14358899887006,86.47899953267031,182.33523997852174,259.4369985980109,104.19156570201243,107.31731267307279,147.95202329685765,214.63462534614558,213.59270968912546,166.70650512321987,152.11968592493812,196.9220591768035,135.44903541261615,199.00589049084374,206.2993000899846,190.67056523468273,62.51493942120745,77.10175861948919,252.14358899887006,252.14358899887006,287.5687213375543,113.56880661519354,195.88014351978336,289.65255265159453,137.5328667266564,136.49095106963628,170.87416775130038,191.71248089170285,259.4369985980109,210.4669627180651,172.95799906534063,235.4729384865481,195.88014351978336,211.50887837508523,266.7304081971518,201.08972180488396,93.77240913181119,100.02390307393193,238.59868545760844,184.419071292562,92.73049347479106,241.72443242866882,190.67056523468273,105.23348135903255,268.81423951119206,274.0238177962927,140.65861369771676,168.79033643726012,58.34727679312696,188.58673392064247,141.7005293547369,171.9160834083205,148.99393895387777,65.64068639226782,173.99991472236076,163.58075815215952,220.88611928826634,253.18550465589018,118.77838490029416,231.30527585846758,128.15562581347527,278.1914804243732,224.01186625932672,133.3652040985759,294.86213093669517,293.82021527967504,168.79033643726012,191.71248089170285,79.18558993352944,210.4669627180651,175.04183037938088,193.7963122057431,178.16757735044123,100.02390307393193,224.01186625932672,185.46098694958212,219.84420363124622,270.8980708252323,157.32926421003876,193.7963122057431
B02011,99000000204,Synthetic Census Tract 99000000204,1.0,Total:,383.19648340664526,254.2181548453842,+/-272,155.14784450122713,319.64194469529923,423.3853828858788,228.98326447470268,235.52564345969418,221.50625992042666,323.38044697243726,399.0851180844818,444.88177097942236,240.19877130611667,313.09956571030773,341.1383327888428,267.3029128153672,272.9106662310742,398.1504925151973,357.02696746667925,389.7388623916368,378.5233555602228,257.9566571225222,404.6928715001888,535.5404512000189,362.63472088238626,436.4701408558618,357.96159303596374,380.3926066987918,363.56934645167075,336.46520494242026,500.9593051364924,444.88177097942236,386.9349856837833,434.60088971729283,392.5427390994903,412.1698760544648,426.1892595937323,579.4678529563904,436.4701408558618,413.1045016237493,403.7582459309043,457.96652894940536,398.1504925151973,437.4047664251463,256.0874059839532,377.5887299909383,329.92282595742876,300.0148077403247,284.1261730624882,254.2181548453842,392.5427390994903,394.4119902380593,243.00264801397017,278.5184196467812,465.44353350368135,284.1261730624882,259.8259082610912,334.5959538038513,411.2352504851803,428.9931363015858,387.8696112530678,229.91789004398717,345.81146063526523,461.7050312265433,399.0851180844818,380.3926066987918,399.0851180844818,435.5355152865773,375.71947885236926,386.0003601144988,422.4507573165943,413.1045016237493,471.98591248867285,357.02696746667925,396.2812413766283,400.0197436537663,348.61533734311877,400.9543692230508,414.0391271930338,432.73163857872385,470.11666135010387,321.5111958338682,562.6445927092694,309.3610634331697
B02011,99000000205,Synthetic Census Tract 99000000205,1.0,Total:,1216.8060665434125,242.44286910751765,+/-264,147.85341638753917,1173.643889088665,1122.216613823434,1277.4167838202918,1150.685284059544,1305.8854540564018,1298.538700447083,1241.601359974863,1351.802664114644,1245.2747367795225,1155.2770050653683,1262.7232766016546,1200.2758709224454,1234.2546063655445,1214.051033939918,1281.0901606249513,1185.582363703808,1250.7848019865116,1269.1516860098084,1127.7266790304232,1214.051033939918,1085.4828457768403,1148.8485956572144,1312.3138634645559,1113.9515160129504,1024.872128499961,1304.9671098552371,1134.155088438577,1197.5208383189508,1243.438048377193,1233.3362621643796,1236.0912947678742,1162.623758674687,1310.477175062226,1172.7255448875003,1133.236744237412,1302.2120772517426,1345.37425470649,1372.0062365402705,1320.5789612750393,1293.946979441259,1237.0096389690389,1163.5421028758517,1192.9291173131267,1228.7445411585554,1185.582363703808,1282.926849027281,1327.925714884358,1252.6214903888413,1201.1942151236103,1131.4000558350824,1256.2948671935005,1237.9279831702038,1196.602494117786,1153.4403166630386,1390.3731205635672,1225.071164353896,1249.8664577853467,1246.1930809806875,1066.1976175523787,1237.0096389690389,1170.8888564851704,1168.1338238816759,1204.8675919282696,1221.3977875492367,1094.6662877884887,1226.9078527562258,1194.7658057154563,1070.789338558203,1138.7468094444012,1204.8675919282696,1220.4794433480718,1189.2557405084674,1205.7859361294345,1247.1114251818522,1272.8250628144676,1347.2109431088197,1314.1505518668855,1273.7434070156326,1242.519704176028,1154.3586608642033
B02011,99000000206,Synthetic Census Tract 99000000206,1.0,Total:,114.27821078467979,69.31629178742872,+/-74,42.15179905992287,146.12623674106595,115.21491743045584,143.31611680373777,116.15162407623191,121.77186395088829,133.01234370020106,96.48078451493457,130.20222376287288,103.97443768114307,107.72126426424734,104.91114432691914,151.74647661572234,77.7466515994133,88.98713134872605,114.27821078467979,95.5440778691585,127.39210382554467,116.15162407623191,142.3794101579617,102.10102438959095,88.98713134872605,100.22761109803882,103.03773103536702,133.94905034597713,151.74647661572234,103.03773103536702,147.99965003261806,120.83515730511223,117.08833072200797,137.69587692908138,133.01234370020106,95.5440778691585,129.2655171170968,139.5692902206335,121.77186395088829,126.45539717976861,73.06311837053298,84.30359811984574,124.58198388821648,98.3541978064867,97.41749116071063,136.7591702833053,103.03773103536702,105.84785097269521,140.50599686640956,76.80994495363723,149.8730633241702,101.16431774381489,131.13893040864892,110.53138420157552,139.5692902206335,105.84785097269521,159.24012978193085,139.5692902206335,109.59467755579946,140.50599686640956,110.53138420157552,107.72126426424734,117.08833072200797,122.70857059666436,153.61988990727446,122.70857059666436,109.59467755579946,99.29090445226277,92.73395793183032,132.075637054425,117.08833072200797,79.62006489096542,96.48078451493457,116.15162407623191,105.84785097269521,133.01234370020106,120.83515730511223,102.10102438959095,103.97443768114307,99.29090445226277,142.3794101579617,152.68318326149839,109.59467755579946,151.74647661572234
B02011,99000000207,Synthetic Census Tract 99000000207,1.0,Total:,3.2880163077325157,8.76804348728671,+/-8,5.4800271795541935,4.384021743643355,2.1920108718216773,4.384021743643355,6.5760326154650315,4.384021743643355,0.0,7.67203805137587,2.1920108718216773,2.1920108718216773,2.1920108718216773,7.67203805137587,5.4800271795541935,3.2880163077325157,1.0960054359108387,2.1920108718216773,1.0960054359108387,2.1920108718216773,1.0960054359108387,2.1920108718216773,1.0960054359108387,1.0960054359108387,0.0,5.4800271795541935,3.2880163077325157,7.67203805137587,2.1920108718216773,5.4800271795541935,3.2880163077325157,1.0960054359108387,5.4800271795541935,5.4800271795541935,7.67203805137587,3.2880163077325157,2.1920108718216773,6.5760326154650315,2.1920108718216773,4.384021743643355,1.0960054359108387,1.0960054359108387,0.0,3.2880163077325157,0.0,5.4800271795541935,3.2880163077325157,5.4800271795541935,4.384021743643355,3.2880163077325157,3.2880163077325157,1.0960054359108387,4.384021743643355,7.67203805137587,13.152065230930063,2.1920108718216773,3.2880163077325157,5.4800271795541935,1.0960054359108387,5.4800271795541935,1.0960054359108387,2.1920108718216773,3.2880163077325157,2.1920108718216773,1.0960054359108387,7.67203805137587,4.384021743643355,6.5760326154650315,5.4800271795541935,3.2880163077325157,4.384021743643355,1.0960054359108387,3.2880163077325157,7.67203805137587,3.2880163077325157,2.1920108718216773,3.2880163077325157,10.960054359108387,1.0960054359108387,4.384021743643355,1.0960054359108387,1.0960054359108387,2.1920108718216773
B02011,99000000208,Synthetic Census Tract 99000000208,1.0,Total:,121.98059180447885,88.26237943576112,+/-89,53.55245493855169,128.92257670392073,82.31210666481093,162.64078907263848,159.66565268716337,92.22922794972791,132.88942521788752,137.84798586034603,129.91428883241244,78.34525815084415,158.6739405586717,128.92257670392073,124.95572818995394,97.18778859218641,108.09662200559508,79.33697027933584,120.98887967598715,129.91428883241244,114.04689477654527,169.58277397208036,90.24580369274452,139.83141011732943,172.55791035755544,127.93086457542904,114.04689477654527,103.13806136313659,167.59934971509696,144.7899707597879,159.66565268716337,130.90600096090412,80.32868240782754,119.99716754749545,135.86456160336263,127.93086457542904,100.16292497766149,77.35354602235245,109.08833413408678,109.08833413408678,157.68222843017998,108.09662200559508,149.74853140224639,165.61592545811357,130.90600096090412,86.27895517877772,92.22922794972791,97.18778859218641,119.99716754749545,127.93086457542904,181.48331951398072,174.54133461453884,138.8396979888377,156.6905163016883,111.07175839107018,140.8231222458211,105.12148562011998,89.25409156425282,117.02203116202037,99.1712128491698,116.03031903352867,106.11319774861168,143.79825863129622,118.01374329051205,128.92257670392073,154.7070920447049,120.98887967598715,125.94744031844564,138.8396979888377,105.12148562011998,146.7733950167713,106.11319774861168,125.94744031844564,179.49989525699735,79.33697027933584,129.91428883241244,61.486151966485274,115.03860690503697,119.99716754749545,95.20436433520301,128.92257670392073,108.09662200559508,125.94744031844564
B02011,99000000209,Synthetic Census Tract 99000000209,1.0,Total:,28.534037121043607,45.443096155736114,+/-43,27.477220931375324,51.7839932937458,48.61354472474096,27.477220931375324,23.2499561727022,10.568161896682817,24.30677236237048,36.98856663838986,24.30677236237048,36.98856663838986,10.568161896682817,28.534037121043607,23.2499561727022,56.01125805241893,42.27264758673127,11.6249780863511,10.568161896682817,65.52260375943347,26.420404741707042,7.397713327677972,19.022691414029072,49.670360914409244,38.045382828058145,31.70448569004845,28.534037121043607,9.511345707014536,44.38627996606783,28.534037121043607,23.2499561727022,25.363588552038763,11.6249780863511,32.76130187971673,26.420404741707042,30.64766950038017,36.98856663838986,13.738610465687662,10.568161896682817,43.32946377639955,36.98856663838986,14.795426655355945,34.8749342590533,38.045382828058145,34.8749342590533,33.818118069385015,34.8749342590533,10.568161896682817,27.477220931375324,22.193139983033916,40.1590152073947,22.193139983033916,13.738610465687662,26.420404741707042,32.76130187971673,34.8749342590533,41.215831397062985,9.511345707014536,10.568161896682817,40.1590152073947,28.534037121043607,11.6249780863511,28.534037121043607,42.27264758673127,36.98856663838986,30.64766950038017,24.30677236237048,12.681794276019382,22.193139983033916,31.70448569004845,32.76130187971673,24.30677236237048,10.568161896682817,26.420404741707042,28.534037121043607,67.63623613877003,54.95444186275065,8.454529517346254,8.454529517346254,46.4999123454044,31.70448569004845,8.454529517346254,23.2499561727022
B02011,99000000210,Synthetic Census Tract 99000000210,1.0,Total:,98.61904016846931,107.86457518426332,+/-105,65.74602677897954,160.25594027376263,62.66418177371487,77.04612513161665,127.38292688427286,74.99156179477355,66.77330844740109,74.99156179477355,94.50991349478309,49.309520084234656,153.06496859481175,99.64632183689086,110.94642018952797,115.0555468632142,97.59175850004776,108.89185685268487,155.11953193165485,88.34622348425376,33.90029505791133,104.78273017899865,120.19195520532197,74.99156179477355,164.36506694744884,119.16467353690042,121.21923687374353,159.22865860534108,71.90971678950888,116.08282853163576,77.04612513161665,72.93699845793043,120.19195520532197,52.391365089499324,102.72816684215553,72.93699845793043,104.78273017899865,126.35564521585131,73.96428012635198,104.78273017899865,114.02826519479264,36.98214006317599,76.0188434631951,109.91913852110642,134.57389856322374,63.69146344213643,68.82787178424421,120.19195520532197,105.8100118474202,60.60961843687176,114.02826519479264,35.95485839475444,122.24651854216508,117.1101102000573,142.7921519105962,80.12797013688132,72.93699845793043,101.70088517373398,118.13739186847886,153.06496859481175,77.04612513161665,67.80059011582266,121.21923687374353,129.43749022111598,108.89185685268487,115.0555468632142,143.81943357901775,115.0555468632142,44.17311174212688,84.23709681056754,81.15525180530287,94.50991349478309,146.9012785842824,67.80059011582266,140.73758857375307,58.55505510002865,149.9831235895471,166.41963028429197,62.66418177371487,73.96428012635198,69.85515345266576,82.18253347372442,73.96428012635198
B02011,99000000211,Synthetic Census Tract 99000000211,1.0,Total:,27.391031009776643,43.622753089644284,+/-43,26.376548379784918,49.70964886959465,46.66620097961947,26.376548379784918,22.318617859818005,10.144826299917275,23.333100489809734,35.506892049710466,23.333100489809734,35.506892049710466,10.144826299917275,27.391031009776643,22.318617859818005,53.76757938956156,40.5793051996691,11.159308929909002,10.144826299917275,62.897923059487105,25.36206574979319,7.101378409942093,18.260687339851096,47.680683609611194,36.52137467970219,30.434478899751827,27.391031009776643,9.130343669925548,42.60827045965256,27.391031009776643,22.318617859818005,24.347583119801463,11.159308929909002,31.448961529743553,25.36206574979319,29.419996269760098,35.506892049710466,13.188274189892459,10.144826299917275,41.59378782966083,35.506892049710466,14.202756819884186,33.47792678972701,36.52137467970219,33.47792678972701,32.46344415973528,33.47792678972701,10.144826299917275,26.376548379784918,21.30413522982628,38.55033993968565,21.30413522982628,13.188274189892459,25.36206574979319,31.448961529743553,33.47792678972701,39.564822569677375,9.130343669925548,10.144826299917275,38.55033993968565,27.391031009776643,11.159308929909002,27.391031009776643,40.5793051996691,35.506892049710466,29.419996269760098,23.333100489809734,12.173791559900732,21.30413522982628,30.434478899751827,31.448961529743553,23.333100489809734,10.144826299917275,25.36206574979319,27.391031009776643,64.92688831947056,52.753096759569836,8.11586103993382,8.11586103993382,44.63723571963601,30.434478899751827,8.11586103993382,22.318617859818005
B02011,99000000212,Synthetic Census Tract 99000000212,1.0,Total:,113.3411782138272,95.68968324610002,+/-103,57.599615157846614,102.19286560263109,134.70877738528645,92.90260509330099,113.3411782138272,129.13462107968837,139.3539076399515,117.98630846849227,126.34754292688935,129.13462107968837,88.25747483863594,107.76702190822915,157.9344286586117,133.77975133435342,98.47676139889906,92.90260509330099,104.97994375543013,63.17377146344467,85.47039668583692,118.91533451942527,82.68331853303789,120.7733866212913,80.82526643117187,95.68968324610002,115.19923031569323,115.19923031569323,161.65053286234374,91.97357904236799,93.83163114423401,101.26383955169808,179.30202783007093,164.43761101514275,88.25747483863594,76.18013617650682,164.43761101514275,163.50858496420975,78.03818827837283,135.63780343621946,122.63143872315732,82.68331853303789,134.70877738528645,114.27020426476022,101.26383955169808,140.2829336908845,130.0636471306214,94.76065719516701,113.3411782138272,71.53500592184176,65.9608496162437,91.97357904236799,183.01813203380297,91.04455299143497,75.2511101255738,121.7024126722243,139.3539076399515,98.47676139889906,118.91533451942527,176.5149496772719,125.41851687595634,102.19286560263109,135.63780343621946,112.4121521628942,132.85072528342042,131.9216992324874,111.4831261119612,92.90260509330099,119.84436057035828,126.34754292688935,147.7151420983486,128.20559502875537,63.17377146344467,67.81890171810973,130.0636471306214,162.57955891327674,97.54773534796604,85.47039668583692,148.6441681492816,93.83163114423401,59.457667259712636,133.77975133435342,107.76702190822915
B02011,99000000213,Synthetic Census Tract 99000000213,1.0,Total:,74.06593256839011,88.22559614764116,+/-81,53.37103964486934,82.77957169408306,34.854556502771814,103.47446461760383,107.8312841804503,54.46024453558096,58.81706409842744,67.53070322412039,64.26308855198553,112.18810374329678,69.70911300554363,55.549449426292576,100.20684994546896,87.13639125692953,120.90174286898973,74.06593256839011,66.44149833340877,35.943761393483435,37.032966284195055,102.3852597268922,55.549449426292576,120.90174286898973,64.26308855198553,75.15513745910172,75.15513745910172,32.67614672134857,26.14091737707886,72.97672767767848,90.4040059290644,119.81253797827812,81.69036680337143,60.99547387985068,78.42275213123658,104.56366950831544,125.25856243183621,71.88752278696687,62.08467877056229,38.12217117490667,51.1926298634461,120.90174286898973,99.11764505475735,42.47899073775315,84.9579814755063,75.15513745910172,60.99547387985068,127.43697221325945,118.72333308756649,69.70911300554363,75.15513745910172,42.47899073775315,92.58241571048764,99.11764505475735,56.638654317004196,64.26308855198553,32.67614672134857,72.97672767767848,101.29605483618059,108.92048907116192,81.69036680337143,34.854556502771814,72.97672767767848,46.835810300599626,84.9579814755063,65.35229344269715,33.76535161206019,101.29605483618059,137.23981622966403,72.97672767767848,62.08467877056229,41.38978584704153,80.60116191265982,72.97672767767848,86.04718636621791,80.60116191265982,43.568195628464764,75.15513745910172,74.06593256839011,114.36651352472002,96.9392352733341,42.47899073775315,100.20684994546896
B02011,99000000214,Synthetic Census Tract 99000000214,1.0,Total:,661.6250147605281,293.84216910990074,+/-306,178.6099459295475,687.5522649761076,546.3927915801748,689.4728020291135,821.9898586865197,596.3267549583279,642.4196442304692,900.7318778597611,742.2875709867753,636.6580330714517,810.4666363684844,655.8634036015105,664.505820340037,691.3933390821194,519.5052728380924,588.6446067463044,650.1017924424928,654.9031350750075,656.8236721280134,689.4728020291135,656.8236721280134,815.267979000999,647.220986862984,489.73694851650123,628.0156163329251,708.6781725591724,665.4660888665398,449.4056704033776,626.0950792799192,796.0626084709402,542.5517174741631,564.6378935837308,740.3670339337696,720.2013948772077,769.1750897288578,596.3267549583279,632.8169589654399,725.0027375097225,639.5388386509604,690.4330705556165,773.0161638348695,673.1482370785634,666.4263573930428,701.9562928736518,652.9825980220016,665.4660888665398,776.8572379408813,510.862856099566,719.2411263507047,839.2746921635727,729.8040801422371,663.5455518135341,722.1219319302136,558.8762824247132,631.8566904389369,539.6709118946543,602.0883661173457,591.5254123258132,605.9294402233575,775.8969694143784,509.90258757306304,716.3603207711959,580.0021900077779,736.5259598277578,799.903682576952,586.7240696932986,555.9954768452044,697.154950241137,669.3071629725516,668.3468944460487,628.9758848594281,628.9758848594281,808.5460993154785,745.1683765662842,550.2338656861866,580.0021900077779,692.3536076086223,752.8505247783078,558.8762824247132,601.1280975908427,554.0749397921984
B02011,99000000215,Synthetic Census Tract 99000000215,1.0,Total:,461.0839631953248,377.8044808560811,+/-372,229.5263781545009,457.0215494226788,444.83430810474067,633.7365485327813,413.35060136673394,712.9536170993789,398.1165497193113,469.2087907406169,452.95913565003275,425.537842684672,658.1110311686574,457.0215494226788,328.03991214116724,362.5704292086585,530.1449973303074,361.554825765497,295.5406019599989,509.83292846707724,349.3675844475589,670.2982724865956,611.3932727832281,415.38180825305693,485.458445831201,357.492411992851,556.5506868525066,622.5649106580047,480.3804286153935,339.2115500159438,296.55620540316045,277.2597399830918,494.5988768196546,599.2060314652899,378.82008429924264,448.8967218773867,564.6755143977987,361.554825765497,462.09956663848635,424.52223924151053,523.0357732281768,564.6755143977987,540.3010317619224,399.13215316247283,475.30241139958594,425.537842684672,544.3634455345685,330.0711190274902,438.74068744577164,306.7122398347755,592.0968073631594,564.6755143977987,293.50939507367593,460.0683597521633,776.936634018554,423.506635798349,316.86827426639064,529.1293938871459,517.9577560123693,324.99310181168266,533.191807659792,431.6314633436411,355.4612051065279,521.0045663418538,388.9761187308577,576.8627557157367,392.0229290603422,384.91370495821167,469.2087907406169,552.4882730798606,519.9889628986923,651.0018070665269,357.492411992851,240.69801602927748,484.44284238803954,487.48965271752405,258.97887800618463,749.5153410531932,575.8471522725753,526.0825835576613,452.95913565003275,400.1477566056343,378.82008429924264
B02011,99000000216,Synthetic Census Tract 99000000216,1.0,Total:,19.759148589438453,34.31852123428784,+/-33,20.79910377835627,17.679238211602826,9.35959670026032,21.83905896727408,4.159820755671253,4.159820755671253,21.83905896727408,45.758028312383786,15.5993278337672,18.71919340052064,21.83905896727408,19.759148589438453,11.439507078095946,43.67811793454816,19.759148589438453,28.07879010078096,14.559372644849386,6.23973113350688,30.158700478616588,17.679238211602826,36.39843161212347,24.95892453402752,7.279686322424693,19.759148589438453,9.35959670026032,5.199775944589067,30.158700478616588,37.43838680104128,24.95892453402752,20.79910377835627,22.879014156191893,17.679238211602826,7.279686322424693,41.59820755671254,16.639283022685014,15.5993278337672,19.759148589438453,6.23973113350688,17.679238211602826,14.559372644849386,5.199775944589067,14.559372644849386,40.55825236779472,16.639283022685014,35.35847642320565,39.51829717887691,5.199775944589067,9.35959670026032,22.879014156191893,20.79910377835627,15.5993278337672,14.559372644849386,39.51829717887691,8.319641511342507,14.559372644849386,27.038834911863148,19.759148589438453,31.1986556675344,7.279686322424693,14.559372644849386,8.319641511342507,23.91896934510971,25.998879722945333,13.519417455931574,40.55825236779472,22.879014156191893,9.35959670026032,7.279686322424693,16.639283022685014,19.759148589438453,9.35959670026032,21.83905896727408,27.038834911863148,9.35959670026032,19.759148589438453,23.91896934510971,30.158700478616588,29.118745289698772,6.23973113350688,21.83905896727408,33.27856604537003
B02011,99000000217,Synthetic Census Tract 99000000217,1.0,Total:,53.55202481455122,86.5071170081212,+/-84,52.522178183502156,32.95509219356998,53.55202481455122,50.462484921404034,57.67141133874747,19.567085989932178,20.59693262098124,84.44742374602308,55.611718076649346,44.28340513510966,29.865552300422795,45.31325176615873,63.85049112504184,82.38773048392495,61.79079786294372,63.85049112504184,19.567085989932178,83.41757711497402,101.95481647385714,32.95509219356998,46.34309839720779,86.5071170081212,74.14895743553245,68.99972428028715,21.6267792520303,81.35788385287589,27.805859038324673,71.05941754238528,75.17880406658152,54.581871445600285,31.92524556252092,42.22371187301154,47.37294502825685,121.5219024637893,83.41757711497402,19.567085989932178,19.567085989932178,66.94003101818903,46.34309839720779,42.22371187301154,33.98493882461904,30.89539893147186,23.686472514128425,40.164018610913416,26.77601240727561,114.31297604644587,53.55202481455122,57.67141133874747,68.99972428028715,52.522178183502156,71.05941754238528,53.55202481455122,77.23849732867964,51.492331552453095,14.417852834686867,68.99972428028715,62.82064449399278,42.22371187301154,91.65635016336651,62.82064449399278,30.89539893147186,0.0,19.567085989932178,55.611718076649346,72.08926417343433,113.28312941539681,32.95509219356998,97.83542994966088,70.02957091133621,49.43263829035497,88.56681027021932,45.31325176615873,19.567085989932178,81.35788385287589,48.40279165930591,57.67141133874747,92.68619679441558,33.98493882461904,21.6267792520303,80.32803722182683,61.79079786294372
B02011,99000000218,Synthetic Census Tract 99000000218,1.0,Total:,169.74654558250018,144.71981129790078,+/-133,88.1376294370674,143.63169241596168,178.451496638013,167.57030781862196,221.97625191557714,136.01486024238795,235.0336784988464,179.5396155199521,196.94951763097777,248.09110508211563,181.7158532838303,164.30595117280464,205.6544686864906,150.1604057075963,151.2485245895354,165.39407005474376,186.06832881158672,140.36733577014436,112.07624483972768,134.92674136044886,165.39407005474376,193.68516098516045,154.51288123535272,147.9841679437181,231.76932185302908,166.48218893668286,195.86139874903867,216.53565750588163,188.24456657546494,175.18713999219568,136.01486024238795,143.63169241596168,171.92278334637837,212.18318197812522,137.10297912432705,176.2752588741348,223.06437079751626,136.01486024238795,158.86535676310913,205.6544686864906,141.4554546520835,130.57426583269245,177.3633777560739,168.65842670056108,280.73467154028873,144.71981129790078,263.3247694292631,164.30595117280464,174.0990211102566,352.5505177482696,119.6930770133014,179.5396155199521,229.59308408915086,158.86535676310913,106.63565043003216,121.86931477717961,179.5396155199521,128.39802806881423,128.39802806881423,147.9841679437181,166.48218893668286,173.0109022283175,225.24060856139445,92.49010496482381,216.53565750588163,180.62773440189122,169.74654558250018,253.53169949181117,218.71189526975985,217.62377638782073,116.42872036748409,173.0109022283175,227.41684632527267,190.42080433934314,139.27921688820527,194.77327986709955,228.50496520721177,189.33268545740404,144.71981129790078,124.04555254105782,184.98020992964763
B02011,99000000219,Synthetic Census Tract 99000000219,1.0,Total:,586.6330005279113,473.2110891738619,+/-509,288.2032173750436,713.070541053737,650.7814585888082,341.1954218601323,415.57044569885323,419.2891968907893,561.5314299823431,603.3673808916236,732.5939848114012,595.0001907097675,624.7502002452559,748.3986773771294,730.7346092154332,761.4143065489055,517.8361034770945,336.5469828702122,643.343956204936,782.7971259025378,603.3673808916236,502.0314109113663,392.32825074925296,792.0940038823779,649.8517707908242,370.9454313956207,371.8751191936047,295.64071975891574,634.97676602308,586.6330005279113,571.7579957601672,667.5158389525204,491.8048451335422,541.0782984266948,698.1955362859928,761.4143065489055,622.8908246492879,414.64075790086923,596.8595663057355,758.6252431549535,581.9845615379913,689.8283461041367,870.1877789130349,322.6016659004521,539.2189228307268,656.3595853767123,813.4768232360102,715.859604447689,596.8595663057355,608.0158198815436,529.9220448508867,634.97676602308,600.5783174976716,295.64071975891574,436.9532650524855,436.9532650524855,514.1173522851585,638.695517215016,646.1330195988882,509.4689132952384,592.2111273158155,532.7111082448387,694.4767850940567,394.18762634522096,691.6877217001047,831.1408913977065,621.0314490533198,740.0314871952733,674.9533413363924,528.0626692549187,486.2267183456381,726.0861702255131,745.6096139831774,389.5391873553009,306.7969733347239,449.03920642627764,520.6251668710465,897.1487250545713,744.6799261851934,411.85169450691717,594.0705029117835,633.117390427112,445.3204552343416
B02011,99000000220,Synthetic Census Tract 99000000220,1.0,Total:,83.13865545821925,74.12362052901476,+/-74,45.07517464602248,139.232206128825,40.066821907575545,46.076845193711875,66.11025614749964,77.12863217208292,92.15369038742375,99.16538422124947,97.1620431258707,76.12696162439353,109.18208969814336,74.12362052901476,90.15034929204496,101.16872531662824,58.09689176598454,81.13531436284048,76.12696162439353,65.10858559981025,75.12529107670414,107.17874860276457,63.10524450443148,74.12362052901476,86.14366710128742,77.12863217208292,75.12529107670414,86.14366710128742,113.1887718889009,66.11025614749964,91.15201983973436,67.11192669518904,67.11192669518904,102.17039586431764,94.15703148280252,80.13364381515109,66.11025614749964,70.1169383382572,86.14366710128742,141.2355472242038,94.15703148280252,109.18208969814336,99.16538422124947,101.16872531662824,50.08352738446943,44.073504098333096,76.12696162439353,95.15870203049191,79.1319732674617,90.15034929204496,124.20714791348418,62.10357395674209,103.17206641200703,79.1319732674617,84.14032600590863,109.18208969814336,63.10524450443148,86.14366710128742,88.14700819666619,62.10357395674209,86.14366710128742,83.13865545821925,57.09522121829515,60.10023286136332,73.12194998132537,82.13698491052986,66.11025614749964,97.1620431258707,113.1887718889009,57.09522121829515,70.1169383382572,56.09355067060576,61.1019034090527,128.21383010424174,144.24055886727194,82.13698491052986,59.09856231367392,64.10691505212087,107.17874860276457,136.22719448575685,98.16371367356008,85.14199655359803,69.11526779056781
B02011,99000000221,Synthetic Census Tract 99000000221,1.0,Total:,117.6968253777784,97.09988093666718,+/-99,58.8484126888892,107.88875659629686,92.1958465459264,88.2726190333338,80.42616400814856,75.5221296174078,142.21699733148222,158.89071426000083,100.04230157111164,124.56247352481546,107.88875659629686,146.14022484407482,132.4089285500007,95.13826718037086,116.71601849963024,141.23619045333407,124.56247352481546,53.94437829814843,163.79474865074158,185.37249997000097,168.69878304148236,77.4837433737041,128.48570103740806,153.00587299111191,91.21503966777826,90.2342327896301,118.67763225592654,131.42812167185252,142.21699733148222,151.0442592348156,137.31296294074144,122.60085976851916,103.96552908370424,115.73521162148208,133.38973542814884,74.54132273925964,122.60085976851916,73.5605158611115,102.9847222055561,119.6584391340747,75.5221296174078,131.42812167185252,159.87152113814898,89.25342591148194,131.42812167185252,167.7179761633342,77.4837433737041,107.88875659629686,98.08068781481532,94.15746030222272,119.6584391340747,144.17861108777853,165.7563624070379,77.4837433737041,76.50293649555596,165.7563624070379,132.4089285500007,107.88875659629686,143.19780420963036,132.4089285500007,83.36858464259302,111.81198410888948,134.37054230629698,98.08068781481532,131.42812167185252,162.81394177259344,96.11907405851902,111.81198410888948,97.09988093666718,83.36858464259302,129.46650791555624,71.59890210481518,97.09988093666718,126.52408728111178,148.10183860037114,133.38973542814884,124.56247352481546,165.7563624070379,124.56247352481546,91.21503966777826,160.85232801629712
B02011,99000000222,Synthetic Census Tract 99000000222,1.0,Total:,724.2389670126693,219.85825784313175,+/-221,133.30772195013418,819.7430066187355,762.0426493567372,736.1769719634276,704.3422920947388,707.3267933324283,713.2957958078075,714.2906295537041,736.1769719634276,744.1356419305997,730.2079694880484,617.7917562017412,813.7740041433564,813.7740041433564,711.3061283160145,658.5799397834987,703.3474583488423,718.2699645372901,610.8279199804656,746.1253094223928,639.6780986114647,735.182138217531,716.280297045497,732.1976369798415,803.8256666843912,726.2286345044623,782.9341580205642,762.0426493567372,691.409453398084,748.1149769141858,824.7171753482181,799.8463317008051,751.0994781518755,677.4817809555327,749.1098106600824,842.6241827743556,577.0035726199837,748.1149769141858,784.9238255123572,645.6471010868439,815.7636716351494,746.1253094223928,840.6345152825626,800.8411654467016,696.3836221275666,854.5621877251139,699.3681233652562,760.0529818649442,611.8227537263621,828.6965103318042,631.7194286442925,632.7142623901891,757.0684806272545,829.6913440777008,652.6109373081196,738.1666394552207,785.9186592582538,615.8020887099482,682.4559496850153,848.5931852497348,596.9002475379142,748.1149769141858,699.3681233652562,715.2854632996006,602.8692500132934,702.3526246029458,809.7946691597704,757.0684806272545,776.965155545185,701.3577908570493,775.9703217992885,826.7068428400112,650.6212698163265,651.6161035622231,699.3681233652562,774.975488053392,699.3681233652562,714.2906295537041,700.3629571111527,721.2544657749797,694.3939546357735
B02011,99000000223,Synthetic Census Tract 99000000223,1.0,Total:,593.1075303637904,357.52743652770545,+/-387,218.02706723653355,539.5246070598965,570.9352862380413,642.995079646726,732.6078996549624,448.9879435464208,415.72957735779704,541.3722940703757,593.1075303637904,580.1737212904368,512.7331454079497,567.2399122170831,708.587968518734,588.4883128375927,279.9245820875833,615.2797744895396,629.1374270681329,602.3459654161859,718.7502470763691,497.9516493241169,700.273376971578,692.8826289296617,473.93171818788863,774.1808573907421,596.8029043847487,476.70324870360724,531.2100155127406,582.9452518061554,502.57086685031464,598.6505913952277,670.7103848039126,717.8264035711295,799.1246320322099,526.590797986543,424.9680124101925,726.1409951182854,581.0975647956762,723.3694646025668,533.0577025232197,532.1338590179802,454.5310045778581,610.6605569633418,749.2370827492742,407.4149858106411,551.5345726280107,649.4619841834029,652.2335146991215,486.8655272612423,565.3922252066039,550.6107291227712,534.9053895336989,571.8591297432808,425.8918559154321,492.4085882926796,634.6804880995701,327.04060085480035,491.48474478744004,436.9779779783066,560.7730076804062,786.1908229588562,575.554503764239,711.3594990344527,708.587968518734,508.1139278817519,736.3032736759205,612.508243973821,775.1047008959815,558.0014771646876,581.0975647956762,583.869095311395,505.34239736603325,679.0249763510685,620.8228355209769,692.8826289296617,698.425689961099,611.5844004685814,598.6505913952277,379.6996806534546,544.1438245860943,735.379430170681,660.5481062462775
B02011,99000000224,Synthetic Census Tract 99000000224,1.0,Total:,63.02368669426961,70.43823807006603,+/-76,42.63367041082944,56.53595424044774,47.26776502070221,63.950505616244165,57.46277316242229,91.75507327548075,38.92639472293123,37.07275687898212,42.63367041082944,51.901859630574975,77.85278944586246,81.56006513376067,67.65778130414238,106.5841760270736,47.26776502070221,63.950505616244165,45.4141271767531,64.87732453821872,61.170048850320505,27.804567659236593,50.04822178662587,80.63324621178612,50.04822178662587,93.60871111942986,90.8282543535062,39.85321364490578,72.29187591401514,106.5841760270736,41.70685148885489,75.99915160191335,101.02326249522629,48.19458394267676,89.90143543153165,66.73096238216782,45.4141271767531,63.950505616244165,48.19458394267676,64.87732453821872,63.950505616244165,53.75549747452408,55.609135318473186,56.53595424044774,69.51141914809148,39.85321364490578,48.19458394267676,37.07275687898212,80.63324621178612,95.46234896337897,78.77960836783701,83.41370297770978,41.70685148885489,30.585024425160253,52.828678552549526,27.804567659236593,63.950505616244165,67.65778130414238,67.65778130414238,60.24322992834595,49.121402864651316,95.46234896337897,88.04779758758254,84.34052189968433,91.75507327548075,35.21911903503302,42.63367041082944,88.9746165095571,46.340946098727656,51.901859630574975,107.51099494904815,58.389592084396845,48.19458394267676,88.04779758758254,27.804567659236593,50.04822178662587,76.9259705238879,68.58460022611693,124.19373554459011,51.901859630574975,84.34052189968433,68.58460022611693,63.02368669426961
B02011,99000000225,Synthetic Census Tract 99000000225,1.0,Total:,149.07595702837523,85.04974471490638,+/-89,51.60321589443758,172.96633475728152,111.80696777128142,92.6946655881564,131.87488506356272,138.56419082765646,159.587723229094,143.34226637343772,164.36579877487526,113.71819798959393,149.07595702837523,172.96633475728152,194.9454822678753,104.1620468980314,130.91926995440645,139.5198059368127,133.7861152818752,139.5198059368127,129.00803973609396,205.45724846859406,128.0524246269377,111.80696777128142,148.120341919219,150.98718724668774,90.78343536984389,157.67649301078148,139.5198059368127,129.9636548452502,164.36579877487526,150.03157213753147,152.89841746500025,160.54333833825024,171.055104538969,187.30056139462528,157.67649301078148,171.055104538969,192.07863694040654,191.1230218312503,139.5198059368127,197.81232759534404,117.54065842621893,129.00803973609396,180.61125563053153,196.8567124861878,181.56687073968777,158.63210811993775,141.4310361551252,142.38665126428148,163.410183665719,143.34226637343772,143.34226637343772,131.87488506356272,143.34226637343772,172.96633475728152,166.27702899318777,165.3214138840315,164.36579877487526,148.120341919219,172.01071964812527,96.5171260247814,186.34494628546904,156.72087790162524,152.89841746500025,150.03157213753147,193.0342520495628,150.98718724668774,136.65296060934395,165.3214138840315,135.6973455001877,179.6556405213753,132.83050017271896,116.58504331706268,145.25349659175023,105.11766200718766,146.20911170090648,141.4310361551252,120.40750375368769,109.89573755296892,140.47542104596897,145.25349659175023,181.56687073968777
B02011,99000000226,Synthetic Census Tract 99000000226,1.0,Total:,250.8055803163154,272.9072214936152,+/-284,166.24277929012476,292.1260399086586,211.40700256547657,126.84420153928595,391.1029547461317,228.70393913901557,292.1260399086586,257.5321667615806,138.37549258831194,340.1730859462669,168.16466113162912,257.5321667615806,242.1571120295459,130.68796522229462,188.34442046742458,409.36083224042284,305.5792127991889,204.68041612021142,210.4460616447244,226.78205729751124,344.9777905500277,273.8681624143674,388.2201319838752,223.89923453525475,335.36838134250604,211.40700256547657,380.5326046178579,251.76652123706756,104.74256036198612,253.6884030785719,280.59474885963255,342.0949677877712,238.31334834653725,298.8526263539237,234.46958466352856,299.8135672746759,373.8060181725927,319.0323856897192,234.46958466352856,198.91477059569843,320.95426753122354,191.2272432296811,228.70393913901557,302.69639003693237,275.79004425587175,366.1184908065754,256.5712258408284,260.41498952383705,274.82910333511956,135.49266982605545,381.49354553861,107.62538312424263,176.8131294183986,116.27385141101212,284.4385125426412,244.07899387105024,207.5632388824679,282.5166307011369,131.6489061430468,178.73501125990293,264.2587532068457,169.12560205238128,332.4855585802495,458.36881919878334,218.13358901074176,334.40744042175385,370.9231954103362,172.00842481463778,303.65733095768456,209.48512072397224,541.0097383834697,278.6728670181282,250.8055803163154,213.32888440698093,278.6728670181282,328.64179489724086,339.2121450255147,311.3448583237019,262.3368713653414,228.70393913901557,228.70393913901557
B02011,99000000227,Synthetic Census Tract 99000000227,1.0,Total:,22.668354782934212,19.711612854725402,+/-20,11.826967712835241,23.653935425670483,23.653935425670483,28.581838639351833,20.697193497461672,30.552999924824373,32.52416121029691,31.538580567560643,16.754870926516592,27.596257996615563,27.596257996615563,31.538580567560643,25.625096711143023,19.711612854725402,25.625096711143023,24.639516068406753,22.668354782934212,16.754870926516592,15.769290283780322,24.639516068406753,27.596257996615563,21.682774140197942,20.697193497461672,23.653935425670483,27.596257996615563,17.740451569252862,14.783709641044052,9.855806427362701,29.567419282088103,19.711612854725402,11.826967712835241,11.826967712835241,15.769290283780322,27.596257996615563,17.740451569252862,17.740451569252862,25.625096711143023,27.596257996615563,24.639516068406753,15.769290283780322,16.754870926516592,11.826967712835241,15.769290283780322,8.870225784626431,25.625096711143023,27.596257996615563,15.769290283780322,24.639516068406753,16.754870926516592,21.682774140197942,28.581838639351833,24.639516068406753,17.740451569252862,28.581838639351833,19.711612854725402,19.711612854725402,23.653935425670483,14.783709641044052,26.610677353879293,25.625096711143023,30.552999924824373,33.509741853033184,23.653935425670483,38.43764506671454,18.726032211989132,13.798128998307782,31.538580567560643,23.653935425670483,24.639516068406753,23.653935425670483,21.682774140197942,20.697193497461672,25.625096711143023,17.740451569252862,24.639516068406753,28.581838639351833,21.682774140197942,26.610677353879293,17.740451569252862,17.740451569252862,16.754870926516592
B02011,99000000228,Synthetic Census Tract 99000000228,1.0,Total:,240.21641471072152,203.4173043720578,+/-199,123.6858986382864,173.77357659924536,188.08434173094793,257.5937723706461,268.83794497412663,306.6592528221977,249.41619229538748,186.0399467121333,272.92673501175597,142.08545380761828,143.10765131702559,313.814635388049,191.1509342591699,365.94670836782257,186.0399467121333,172.75137908983805,264.74915493649735,210.57268693790908,383.3240660277471,217.72806950376037,319.94782044449295,96.08656588428862,185.01774920272595,249.41619229538748,194.21752678739188,282.1265125964219,306.6592528221977,133.90787373235966,265.77135244590465,224.88345206961165,132.88567622295233,378.2130784807105,226.9278470884263,327.1032030103442,332.21419055738085,175.81797161806003,287.23750014345853,192.17313176857724,381.2796710089325,210.57268693790908,234.08322965427757,194.21752678739188,238.17201969190688,281.1043150870146,220.79466203198234,269.860142483534,341.41396814204677,132.88567622295233,146.17424384524756,246.3495997671655,239.19421720131422,282.1265125964219,289.28189516227314,231.0166371260556,272.92673501175597,242.2608097295362,279.0599200681999,271.9045375023486,224.88345206961165,229.99443961664826,142.08545380761828,231.0166371260556,255.54937735183142,228.97224210724096,211.59488444731642,327.1032030103442,224.88345206961165,205.46169939087247,272.92673501175597,186.0399467121333,200.35071184383582,300.52606776575374,226.9278470884263,234.08322965427757,219.772464522575,264.74915493649735,340.39177063263946,295.4150802187171,240.21641471072152,182.97335418391128,256.57157486123873
B02011,99000000229,Synthetic Census Tract 99000000229,1.0,Total:,235.16601357775647,195.115906461894,+/-190,119.12339552410371,213.60057128459977,298.8354146337429,330.6701151617362,206.41209052021418,215.65442293156707,115.0156922301691,233.11216193078917,238.24679104820743,168.41583505131905,200.25053557931227,273.1622690466516,124.25802464152197,183.81972240357382,349.1547799844419,182.79279658009017,265.97378828226607,265.97378828226607,218.73520040201802,326.56241186780153,233.11216193078917,181.76587075660652,211.54671963763246,196.14283228537766,298.8354146337429,278.2968981640699,304.9969695746448,255.70453004742953,200.25053557931227,280.3507498110372,231.05831028382187,111.93491475971814,308.0777470450958,329.6431893382525,180.73894493312287,251.5968267534949,250.56990093001124,258.7853075178805,222.84290369595263,179.71201910963921,253.65067840046223,184.84664822705747,248.51604928304394,198.19668393234497,293.7007855163247,259.8122333413641,307.0508212216122,211.54671963763246,219.76212622550167,261.8660849883314,252.62375257697857,116.04261805365276,427.20114256919953,324.5085602208342,198.19668393234497,225.92368116640358,219.76212622550167,242.35449434214203,227.97753281337089,183.81972240357382,296.7815629867756,216.68134875505072,274.1891948701353,289.5930822223901,209.49286799066516,207.43901634369783,111.93491475971814,221.81597787246898,186.9004998740248,155.06579934603155,222.84290369595263,268.0276399292334,143.7696152877114,176.63124163918826,319.373931103416,244.40834598910934,232.08523610730552,244.40834598910934,261.8660849883314,313.2123761625141,325.5354860443179
B02011,99000000230,Synthetic Census Tract 99000000230,1.0,Total:,76.6242499867349,103.14802882829699,+/-105,62.8711794762953,118.86582369737081,70.73007691083221,83.5007852419547,115.91873715941946,88.41259613854027,42.241573710635905,111.0069262628339,118.86582369737081,34.38267627609899,100.20094229034564,61.88881729697819,24.559054482927852,93.32440703512584,32.41795191746476,79.57133652468625,74.65952562810067,71.71243909014933,119.84818587668792,69.7477147315151,34.38267627609899,103.14802882829699,57.95936857970973,72.69480126946644,116.90109933873659,73.67716344878356,29.470865379513423,117.88346151805369,95.28913139376007,32.41795191746476,93.32440703512584,58.941730759026846,32.41795191746476,82.51842306263758,37.32976281405033,86.44787177990604,80.55369870400335,81.53606088332047,99.21858011102853,67.78299037288087,32.41795191746476,108.05983972488255,81.53606088332047,106.09511536624832,126.72472113190771,102.16566664897987,37.32976281405033,155.21322433210403,116.90109933873659,28.48850320019631,81.53606088332047,64.83590383492952,25.541416662244966,78.58897434536912,28.48850320019631,75.64188780741779,78.58897434536912,62.8711794762953,113.95401280078524,76.6242499867349,27.506141020879195,113.95401280078524,84.48314742127181,60.906455117661075,110.02456408351678,76.6242499867349,34.38267627609899,115.91873715941946,111.0069262628339,22.594330124293624,75.64188780741779,62.8711794762953,19.64724358634228,74.65952562810067,49.118108965855704,92.34204485580872,73.67716344878356,77.60661216605202,111.0069262628339,57.95936857970973,37.32976281405033
B02011,99000000231,Synthetic Census Tract 99000000231,1.0,Total:,722.5728737079043,342.63306103812306,+/-349,208.13240383977677,678.3938257230459,877.690419965851,694.1019316732178,523.2762794650992,728.4634134392187,807.9856998119635,469.27966526138346,645.0141005789308,943.4681136321956,725.5181435735615,775.5877312897342,724.5363869516757,687.2296353200176,719.627603842247,734.353953170533,714.7188207328182,606.725592325387,591.0174863752152,549.783708256014,643.0505873351593,736.3174664143046,651.886396932131,844.3106948217359,891.4350126722514,753.9890856082479,704.9012545139609,779.514757777277,722.5728737079043,623.4154548974445,642.0688307132735,548.8019516341284,709.8100376233896,664.6492330166456,613.5978886785871,710.7917942452754,898.3073090254516,758.8978687176766,799.1498902149918,807.9856998119635,573.3458671812718,728.4634134392187,570.4005973156146,875.7269067220795,730.4269266829901,642.0688307132735,840.383668334193,802.0951600806491,758.8978687176766,628.3242380068732,727.4816568173329,640.1053174695021,698.0289581607607,697.047201538875,649.9228836883595,779.514757777277,772.6424614240769,784.4235408867058,929.7235209257952,789.3323239961345,851.1829911749361,847.2559646873931,719.627603842247,602.798565837844,518.3674963556704,722.5728737079043,807.0039431900778,613.5978886785871,601.8168092159583,870.8181236126509,628.3242380068732,823.6938057621354,748.0985458769335,861.0005573937934,749.0803024988192,670.53977274796,732.3904399267616,565.491814206186,527.203305952642,628.3242380068732,813.876239543278
B02011,99000000232,Synthetic Census Tract 99000000232,1.0,Total:,221.7285407547572,319.855214110054,+/-339,194.36629529991484,200.9709752372906,251.92136332561776,198.1403981212724,321.7422655207328,362.3138708503267,305.70232852996315,56.61154232036354,400.99842476924175,211.3497579960239,354.76566520761156,115.11013605140587,100.95725047131499,90.57846771258167,273.6224545484238,212.2932837013633,350.0480366809146,95.29609623927863,260.4130946736723,290.60591724453286,94.35257053393924,375.5232307250782,323.6293169314116,91.52199341792107,66.99032507909686,270.7918774324056,278.34008307512073,209.4627065853451,189.64866677321788,320.7987398153934,87.7478905965635,186.8180896571997,284.0012373071571,242.48610627222385,405.7160532959387,128.31949592615737,201.91450094262999,275.50950595910257,257.5825175576541,267.96130031638745,187.7616153625391,276.453031664442,210.4062322906845,326.45989404742977,300.0411742979268,267.96130031638745,328.34694545810856,145.30295862226643,466.1016984376598,225.5026435761148,311.3634827619995,133.98065015819373,71.70795360579382,71.70795360579382,183.98751254118153,209.4627065853451,295.3235457712298,84.91731348054532,348.1609852702358,308.5329056459813,117.94071316742405,323.6293169314116,278.34008307512073,83.97378777520592,89.63494200724227,229.27674639747235,219.84148934407844,238.71200345086626,244.37315768290264,349.1045109755752,78.31263354316957,217.95443793339965,222.6720664600966,252.86488903095716,297.2105971819086,89.63494200724227,248.1472605042602,213.2368094067027,424.5865674027266,264.18719749502986,213.2368094067027
B02011,99000000233,Synthetic Census Tract 99000000233,1.0,Total:,18.31790249427243,27.47685374140865,+/-27,16.28257999490883,31.547498740135858,5.088306248409009,8.141289997454415,17.30024124459063,6.105967498090811,20.353224993636037,16.28257999490883,22.388547492999642,18.31790249427243,30.529837490454057,21.370886243317837,22.388547492999642,15.264918745227028,18.31790249427243,6.105967498090811,15.264918745227028,21.370886243317837,6.105967498090811,24.423869992363244,26.459192491726846,21.370886243317837,16.28257999490883,17.30024124459063,33.58282123949946,26.459192491726846,8.141289997454415,31.547498740135858,20.353224993636037,27.47685374140865,14.247257495545226,5.088306248409009,17.30024124459063,6.105967498090811,25.441531242045045,18.31790249427243,7.123628747772613,7.123628747772613,23.406208742681443,23.406208742681443,23.406208742681443,28.49451499109045,6.105967498090811,8.141289997454415,17.30024124459063,5.088306248409009,21.370886243317837,23.406208742681443,24.423869992363244,17.30024124459063,30.529837490454057,18.31790249427243,39.68878873759027,21.370886243317837,13.229596245863423,7.123628747772613,23.406208742681443,23.406208742681443,6.105967498090811,24.423869992363244,20.353224993636037,20.353224993636037,19.335563743954236,16.28257999490883,24.423869992363244,27.47685374140865,6.105967498090811,24.423869992363244,17.30024124459063,35.61814373886306,19.335563743954236,5.088306248409009,15.264918745227028,7.123628747772613,28.49451499109045,21.370886243317837,6.105967498090811,6.105967498090811,19.335563743954236,21.370886243317837,24.423869992363244
B02011,99000000234,Synthetic Census Tract 99000000234,1.0,Total:,0.0,13.487714551688267,+/-14,8.670673640371028,0.0,0.0,0.0,0.0,0.0,0.0,0.0,0.0,0.0,0.0,0.0,0.0,0.0,0.0,0.0,0.0,0.0,0.0,0.0,0.0,0.0,0.0,0.0,0.0,0.0,0.0,0.0,0.0,0.0,0.0,0.0,0.0,0.0,0.0,0.0,0.0,0.0,0.0,0.0,0.0,0.0,0.0,0.0,0.0,0.0,0.0,0.0,0.0,0.0,0.0,0.0,0.0,0.0,0.0,0.0,0.0,0.0,0.0,0.0,0.0,0.0,0.0,0.0,0.0,0.0,0.0,0.0,0.0,0.0,0.0,0.0,0.0,0.0,0.0,0.0,0.0,0.0,0.0,0.0,0.0
B02011,99000000235,Synthetic Census Tract 99000000235,1.0,Total:,159.66930616656322,174.18469763625077,+/-192,106.14380012209031,219.54529597902442,75.29859324900424,158.76209419970775,225.8957797470127,90.72119668554728,93.4428325861137,128.82409929347713,186.8856651722274,185.97845320537192,145.15391469687563,132.45294716089901,171.46306173568436,117.93755569121146,173.2774856693953,179.6279694373836,166.0197899345515,54.43271801132837,67.13368554730499,219.54529597902442,219.54529597902442,250.3905028521105,98.88610438724653,170.5558497688289,252.20492678582144,119.75197962492241,118.84476765806693,148.78276256429754,166.92700190140698,225.8957797470127,183.2568173048055,150.59718649800848,205.02990450933686,170.5558497688289,184.16402927166098,232.24626351500103,175.09190960310625,81.64907701699255,87.09234881812539,207.75154040990327,160.5765181334187,80.74186505013708,210.47317631046968,166.0197899345515,91.62840865240275,234.06068744871197,238.59674728298936,122.47361552548882,146.9683386305866,50.80387014390648,164.20536600084057,123.3808274923443,149.689974531153,129.7313112603326,57.15435391189479,151.50439846486395,142.43227879630922,192.32893697336024,220.4525079458799,103.4221642215239,201.40105664191495,111.58707192322315,242.22559515041124,195.05057287392665,116.12313175750052,256.7409866200988,255.83377465324332,146.9683386305866,166.92700190140698,68.94810948101593,183.2568173048055,152.41161043171942,168.74142583511795,155.13324633228584,87.09234881812539,195.05057287392665,161.48373010027416,191.42172500650474,235.87511138242292,136.9890069951764,168.74142583511795
B02011,99000000236,Synthetic Census Tract 99000000236,1.0,Total:,120.0089610774274,101.31904090963134,+/-103,60.98816054754508,108.20480097145094,142.63360128054896,98.36800088313721,120.0089610774274,136.73152122756073,147.55200132470583,124.92736112158427,133.7804812010666,136.73152122756073,93.44960083898036,114.10688102443918,167.22560150133327,141.6499212717176,104.27008093612545,98.36800088313721,111.15584099794506,66.8902406005333,90.49856081248625,125.91104113041564,87.54752078599212,127.87840114807838,85.58016076832938,101.31904090963134,121.97632109509016,121.97632109509016,171.16032153665876,97.38432087430584,99.35168089196858,107.22112096261957,189.85024170445485,174.11136156315288,93.44960083898036,80.66176072417252,174.11136156315288,173.1276815543215,82.62912074183527,143.61728128938034,129.84576116574112,87.54752078599212,142.63360128054896,120.99264108625879,107.22112096261957,148.5356813335372,137.71520123639212,100.33536090079997,120.0089610774274,75.74336068001566,69.84128062702743,97.38432087430584,193.78496173978033,96.40064086547447,79.67808071534115,128.86208115690977,147.55200132470583,104.27008093612545,125.91104113041564,186.89920167796072,132.79680119223525,108.20480097145094,143.61728128938034,119.02528106859603,140.66624126288622,139.68256125405486,118.04160105976466,98.36800088313721,126.89472113924701,133.7804812010666,156.40512140418818,135.74784121872935,66.8902406005333,71.80864064469017,137.71520123639212,172.14400154549014,103.28640092729408,90.49856081248625,157.38880141301956,99.35168089196858,62.95552056520782,141.6499212717176,114.10688102443918
B02011,99000000237,Synthetic Census Tract 99000000237,1.0,Total:,37.80340833068529,56.705112496027944,+/-57,34.818928725631196,39.79306140072136,58.694765566064014,13.927571490252477,12.932744955234444,17.906877630324615,12.932744955234444,51.730979820937776,37.80340833068529,49.741326750901706,9.94826535018034,55.71028596100991,40.7878879357394,38.79823486570333,58.694765566064014,34.818928725631196,46.7568471458476,48.74650021588367,31.83444912057709,51.730979820937776,38.79823486570333,38.79823486570333,43.772367540793496,14.92239802527051,12.932744955234444,11.937918420216409,13.927571490252477,66.65337784620829,40.7878879357394,26.86031644548692,12.932744955234444,73.61716359133452,36.80858179566726,39.79306140072136,56.705112496027944,56.705112496027944,38.79823486570333,56.705112496027944,31.83444912057709,31.83444912057709,37.80340833068529,34.818928725631196,49.741326750901706,14.92239802527051,12.932744955234444,13.927571490252477,13.927571490252477,62.67407170613615,46.7568471458476,30.839622585559056,14.92239802527051,68.64303091624436,52.725806355955804,36.80858179566726,55.71028596100991,49.741326750901706,36.80858179566726,76.60164319638862,36.80858179566726,33.82410219061316,40.7878879357394,37.80340833068529,65.65855131119025,9.94826535018034,12.932744955234444,13.927571490252477,14.92239802527051,53.72063289097384,37.80340833068529,44.76719407581153,10.943091885198374,51.730979820937776,30.839622585559056,35.81375526064923,59.68959210108204,35.81375526064923,43.772367540793496,62.67407170613615,36.80858179566726,41.78271447075743,31.83444912057709
B02011,99000000238,Synthetic Census Tract 99000000238,1.0,Total:,450.8215596266818,241.95035485205563,+/-256,147.4384974879714,347.80363509983,495.24213258780134,531.1566383861534,466.8885753785761,468.7788125258578,373.3218365881327,409.2363423864847,491.461658293238,310.9440107278371,486.73606542503376,520.7603340761041,472.55928682042116,602.0405314092166,398.84003807643546,359.1450579835201,551.9492470062519,531.1566383861534,396.94980092915375,259.90760775123164,428.13871385930156,468.7788125258578,413.01681668104806,450.8215596266818,555.7297213008153,350.6389908207525,420.57776527017484,564.2357884635828,429.0838324329424,384.6632594718228,473.50440539406196,453.6569153476043,513.1993854869773,487.6811839986746,395.0595637818721,506.5835554714915,403.5656309446397,340.2426865107032,399.78515665007626,379.9376666036186,579.3576856418363,341.18780508434406,382.7730223245411,444.20572961119586,413.01681668104806,541.5529426962026,473.50440539406196,315.6696035960413,477.2848796886254,371.431599440851,413.01681668104806,500.9128440296464,459.32762678944937,329.846382200654,403.5656309446397,449.87644105304094,476.3397611149845,429.0838324329424,568.961381331787,486.73606542503376,524.5408083706675,371.431599440851,458.3825082158085,406.4009866655622,379.9376666036186,500.9128440296464,430.97406958022407,379.9376666036186,381.8279037509003,546.2785355644069,529.2664012388717,350.6389908207525,376.15719230905523,574.6320927736322,501.85796260328726,403.5656309446397,408.2912238128439,574.6320927736322,379.9376666036186,451.7666782003226,470.66904967313945
B02011,99000000239,Synthetic Census Tract 99000000239,1.0,Total:,0.0,14.202882212741926,+/-14,9.13042427961981,0.0,0.0,0.0,0.0,0.0,0.0,0.0,0.0,0.0,0.0,0.0,0.0,0.0,0.0,0.0,0.0,0.0,0.0,0.0,0.0,0.0,0.0,0.0,0.0,0.0,0.0,0.0,0.0,0.0,0.0,0.0,0.0,0.0,0.0,0.0,0.0,0.0,0.0,0.0,0.0,0.0,0.0,0.0,0.0,0.0,0.0,0.0,0.0,0.0,0.0,0.0,0.0,0.0,0.0,0.0,0.0,0.0,0.0,0.0,0.0,0.0,0.0,0.0,0.0,0.0,0.0,0.0,0.0,0.0,0.0,0.0,0.0,0.0,0.0,0.0,0.0,0.0,0.0,0.0,0.0
B02011,99000000240,Synthetic Census Tract 99000000240,1.0,Total:,22.289396361900454,24.315705122073222,+/-24,15.197315701295764,22.289396361900454,32.420940162764296,19.2499332216413,17.223624461468532,15.197315701295764,15.197315701295764,32.420940162764296,23.30255074198684,28.36832264241876,10.131543800863842,30.39463140259153,21.27624198181407,21.27624198181407,25.328859502159606,21.27624198181407,19.2499332216413,22.289396361900454,27.355168262332374,26.34201388224599,39.51302082336898,21.27624198181407,26.34201388224599,26.34201388224599,17.223624461468532,31.407785782677912,15.197315701295764,28.36832264241876,19.2499332216413,7.09208066060469,14.18416132120938,14.18416132120938,23.30255074198684,30.39463140259153,17.223624461468532,27.355168262332374,38.4998664432826,18.236778841554916,9.118389420777458,33.43409454285068,27.355168262332374,22.289396361900454,11.144698180950227,29.381477022505145,34.447248922937064,29.381477022505145,30.39463140259153,20.263087601727683,24.315705122073222,23.30255074198684,32.420940162764296,13.171006941122995,27.355168262332374,22.289396361900454,15.197315701295764,25.328859502159606,24.315705122073222,19.2499332216413,25.328859502159606,23.30255074198684,8.105235040691074,18.236778841554916,16.210470081382148,15.197315701295764,28.36832264241876,19.2499332216413,30.39463140259153,17.223624461468532,19.2499332216413,35.46040330302345,30.39463140259153,25.328859502159606,23.30255074198684,20.263087601727683,30.39463140259153,30.39463140259153,8.105235040691074,26.34201388224599,34.447248922937064,7.09208066060469,25.328859502159606
B02011,99000000241,Synthetic Census Tract 99000000241,1.0,Total:,57.2220239922141,68.66642879065691,+/-66,41.61601744888298,32.25241352288431,59.30282486465824,68.66642879065691,68.66642879065691,60.34322530088032,98.83804144109708,41.61601744888298,18.727207851997342,40.575617012660906,34.333214395328454,65.5452274819907,52.020021811103724,41.61601744888298,50.979621374881646,74.90883140798937,90.51483795132047,52.020021811103724,61.38362573710239,48.8988205024375,58.26242442843617,72.82803053554521,65.5452274819907,41.61601744888298,63.46442660954654,45.77761919377127,22.888809596885636,49.939220938659574,102.99964318598538,75.94923184421144,75.94923184421144,52.020021811103724,80.11083358909973,64.50482704576862,63.46442660954654,54.100822683547875,41.61601744888298,59.30282486465824,65.5452274819907,75.94923184421144,24.969610469329787,56.18162355599202,57.2220239922141,81.15123402532181,63.46442660954654,55.14122311976995,62.424026173324464,60.34322530088032,37.454415703994684,42.65641788510505,32.25241352288431,45.77761919377127,63.46442660954654,59.30282486465824,67.62602835443484,60.34322530088032,74.90883140798937,91.55523838754254,133.17125583642553,91.55523838754254,105.08044405842952,85.3128357702101,70.74722966310107,70.74722966310107,54.100822683547875,55.14122311976995,65.5452274819907,46.81801962999335,70.74722966310107,100.91884231354122,91.55523838754254,60.34322530088032,50.979621374881646,48.8988205024375,42.65641788510505,46.81801962999335,59.30282486465824,31.212013086662232,28.09081177799601,64.50482704576862,21.848409160663564
B02011,99000000242,Synthetic Census Tract 99000000242,1.0,Total:,319.17280589647504,179.1486071806021,+/-174,109.13650782266565,302.69937075343114,314.0248574142738,388.1553155579712,414.9246476654175,327.40952346799696,406.6879300938956,353.149265879003,276.9596283424251,291.37388409258847,305.7881398427519,423.16136523693945,339.76459982527984,269.7525004673434,193.5628629307655,305.7881398427519,301.6697810569909,329.46870286087744,406.6879300938956,283.13716652106655,415.9542373618578,359.32680405764444,345.9421380039213,421.10218584405897,324.3207543786762,361.3859834505249,325.3503440751165,302.69937075343114,295.49224287834943,204.88834959160815,359.32680405764444,284.1667562175068,359.32680405764444,367.5635216291664,350.0604967896823,263.57496228870195,294.4626531819092,289.314704699708,304.7585501463116,244.01275805633736,334.6166513430787,295.49224287834943,281.07798712818607,404.6287507010151,322.26157498579573,341.8237792181603,351.0900864861225,245.0423477527776,344.9125483074811,292.40347378902874,325.3503440751165,349.03090709324204,357.26762466476396,328.4391131644372,289.314704699708,289.314704699708,266.6637313780227,358.2972143612042,376.82982889712855,277.9892180388653,381.9777773793298,287.2555253068275,306.8177295391921,280.0483974317458,349.03090709324204,435.5164415942224,345.9421380039213,308.8769089320726,204.88834959160815,261.5157828958215,304.7585501463116,419.0430064511785,444.7827488621846,308.8769089320726,252.24947562785928,354.17885557544327,320.20239559291525,318.1432162000348,395.36244343305293,349.03090709324204,414.9246476654175
B02011,99000000243,Synthetic Census Tract 99000000243,1.0,Total:,174.15223731041087,229.79851432083802,+/-223,139.11569252606787,182.39613020084454,290.5972243877862,142.20715235998048,77.28649584781547,259.68262604866,289.566737776482,56.676763621731354,214.34121515127492,161.7863979747604,93.77428162868279,139.11569252606787,52.554817176514526,218.46316159649174,158.6949381408478,107.17060757563746,244.2253268790969,195.79245614779921,227.7375410982296,117.47547368867953,77.28649584781547,128.8108264130258,267.9265189390937,217.43267498518753,90.68282179477016,260.7131126599642,260.7131126599642,77.28649584781547,185.48759003475715,217.43267498518753,100.98768790781223,180.3351569782361,84.49990212694492,181.36564358954033,207.1278088721455,182.39613020084454,309.1459833912619,183.42661681214872,271.0179787730063,205.06683564953707,246.28630010170534,180.3351569782361,57.70725023303556,186.51807664606136,266.89603232778944,90.68282179477016,97.89622807389961,233.92046076605484,176.2132105330193,146.3290988051973,260.7131126599642,198.88391598171182,245.25581349040112,129.84131302433,181.36564358954033,184.45710342345293,75.22552262520706,165.90834441997723,54.615790399122936,158.6949381408478,288.53625116517776,205.06683564953707,89.65233518346595,179.3046703669319,275.1399252182231,69.04260295738183,73.16454940259865,242.1643536564885,151.48153186171834,163.8473711973688,275.1399252182231,156.63396491823937,242.1643536564885,163.8473711973688,229.79851432083802,234.95094737735906,98.92671468520382,151.48153186171834,77.28649584781547,207.1278088721455,84.49990212694492
B02011,99000000244,Synthetic Census Tract 99000000244,1.0,Total:,291.862577600537,256.2225928770391,+/-266,156.045338519099,350.62039025279034,288.97284910944256,399.74577460139557,355.4366044046144,143.52318172435648,402.63550309249,193.61180890332653,378.5544323333698,189.7588375818673,206.13396569806903,245.6269217430262,358.3263328957088,323.6495910025757,313.0539198685628,147.37615304581573,350.62039025279034,312.090677038198,325.5760766633053,297.64203458272584,394.9295604495715,357.363090065344,366.0322755386273,379.5176751637346,279.3404208057945,304.3847343952795,320.7598625114813,162.78803833165264,317.87013402038684,281.2669064665241,296.67879175236106,277.4139351450649,150.26588153691014,356.3998472349792,341.95120477950707,369.8852468600865,137.74372474216764,275.4874494843353,239.84746476083734,193.61180890332653,410.34144573540846,262.00204985922795,387.22361780665307,382.407403654829,404.5619887532196,190.72208041223212,345.8041761009663,272.59772099324084,279.3404208057945,188.79559475150248,164.71452399238228,159.89830984055823,300.5317630738203,332.31877647585895,401.6722602621252,233.10476494828367,262.96529268959273,328.46580515439973,307.27446288637395,317.87013402038684,338.09823345804784,370.84848969045134,380.4809179940994,254.29610721630948,288.0096062790778,223.4723366446356,422.863602530151,210.9501798498931,419.01063120869173,287.04636344871295,276.45069231470006,385.29713214592346,211.9134226802579,372.77497535118096,244.6636789126614,294.75230609163145,187.83235192113767,294.75230609163145,183.01613776931364,180.1264092782192,346.7674189313311
B02011,99000000245,Synthetic Census Tract 99000000245,1.0,Total:,0.0,14.80481022156067,+/-14,9.517377999574716,0.0,0.0,0.0,0.0,0.0,0.0,0.0,0.0,0.0,0.0,0.0,0.0,0.0,0.0,0.0,0.0,0.0,0.0,0.0,0.0,0.0,0.0,0.0,0.0,0.0,0.0,0.0,0.0,0.0,0.0,0.0,0.0,0.0,0.0,0.0,0.0,0.0,0.0,0.0,0.0,0.0,0.0,0.0,0.0,0.0,0.0,0.0,0.0,0.0,0.0,0.0,0.0,0.0,0.0,0.0,0.0,0.0,0.0,0.0,0.0,0.0,0.0,0.0,0.0,0.0,0.0,0.0,0.0,0.0,0.0,0.0,0.0,0.0,0.0,0.0,0.0,0.0,0.0,0.0,0.0
B02011,99000000246,Synthetic Census Tract 99000000246,1.0,Total:,108.05168980903315,138.3465561106312,+/-137,83.81579676775468,107.04186093231321,181.76919780958846,121.17946520639231,49.48161495927686,87.85511227463442,147.43501600111065,159.5529625217499,59.57990372647622,142.38587161751096,117.14014969951256,46.45212832911705,139.35638498735116,84.82562564447461,47.46195720583699,106.03203205559328,133.29741172703154,115.12049194607269,41.40298394551737,142.38587161751096,144.40552937095083,166.62176465878943,167.63159353550935,148.44484487783058,54.53075934287654,167.63159353550935,100.9828876719936,152.48416038471032,58.57007484975628,134.30724060375147,126.22860958999199,54.53075934287654,96.94357216511385,88.86494115135436,68.66836361695565,91.89442778151417,98.96322991855372,117.14014969951256,77.75682350743507,160.5627913984698,108.05168980903315,47.46195720583699,69.67819249367558,49.48161495927686,174.70039567254892,100.9828876719936,123.19912295983218,49.48161495927686,152.48416038471032,138.3465561106312,107.04186093231321,163.5922780286296,148.44484487783058,94.92391441167398,142.38587161751096,100.9828876719936,94.92391441167398,92.9042566582341,124.20895183655212,36.353839561917695,124.20895183655212,65.63887698679584,50.4914438359968,42.412812822237306,159.5529625217499,154.5038181381502,99.97305879527366,54.53075934287654,180.75936893286854,105.02220317887334,96.94357216511385,151.4743315079904,99.97305879527366,88.86494115135436,192.87731545350778,103.00254542543347,98.96322991855372,125.21878071327205,223.17218175510584,88.86494115135436,120.16963632967237
B02011,99000000247,Synthetic Census Tract 99000000247,1.0,Total:,0.0,13.807970946503692,+/-14,8.876552751323802,0.0,0.0,0.0,0.0,0.0,0.0,0.0,0.0,0.0,0.0,0.0,0.0,0.0,0.0,0.0,0.0,0.0,0.0,0.0,0.0,0.0,0.0,0.0,0.0,0.0,0.0,0.0,0.0,0.0,0.0,0.0,0.0,0.0,0.0,0.0,0.0,0.0,0.0,0.0,0.0,0.0,0.0,0.0,0.0,0.0,0.0,0.0,0.0,0.0,0.0,0.0,0.0,0.0,0.0,0.0,0.0,0.0,0.0,0.0,0.0,0.0,0.0,0.0,0.0,0.0,0.0,0.0,0.0,0.0,0.0,0.0,0.0,0.0,0.0,0.0,0.0,0.0,0.0,0.0,0.0
B02011,99000000248,Synthetic Census Tract 99000000248,1.0,Total:,148.65436194729068,125.07470453496181,+/-122,75.86498471792765,242.97299159660614,139.42753948159677,114.8226795730797,152.75517193204354,218.36813168808908,210.16651171858337,182.48604432150165,167.10800687867848,195.81367677194842,170.1836143672431,159.931589405361,114.8226795730797,174.28442435199597,141.4779444739732,109.69666709213864,196.83887926813662,152.75517193204354,143.52834946634962,185.5616518100663,147.62915945110245,118.92348955783254,112.77227458070327,185.5616518100663,96.36903464169188,56.386137290351634,108.67146459595043,134.3015270006557,142.5031469701614,103.54545211500937,181.46084182531345,173.25922185580777,211.1917142147716,161.98199439773742,128.15031202352645,199.91448675670125,155.83077942060817,188.63725929863094,123.0242995425854,147.62915945110245,126.09990703115002,156.85598191679637,129.17551451971465,95.34383214550368,135.32672949684394,141.4779444739732,186.5868543062545,140.452741977785,127.12510952733824,125.07470453496181,132.25112200827928,212.2169167109598,121.99909704639718,142.5031469701614,138.40233698540857,106.621059603574,222.4689416728419,174.28442435199597,103.54545211500937,171.20881686343134,141.4779444739732,190.68766429100737,108.67146459595043,188.63725929863094,139.42753948159677,127.12510952733824,147.62915945110245,120.97389455020897,200.93968925288948,157.8811844129846,197.86408176432482,152.75517193204354,253.22501655848825,194.7884742757602,99.44464213025653,189.66246179481914,136.35193199303214,191.71286678719557,154.80557692441994,174.28442435199597,94.31862964931547
B02011,99000000249,Synthetic Census Tract 99000000249,1.0,Total:,39.857390142492086,39.857390142492086,+/-41,24.30328667225127,69.02133414919362,41.80165307627219,50.550836278282645,20.41476080469107,69.02133414919362,20.41476080469107,32.08033840737168,32.08033840737168,41.80165307627219,49.5787048113926,45.69017894383239,17.498366404020917,42.77378454316224,29.163944006701527,40.82952160938214,16.526234937130866,56.38362507962295,46.66231041072244,49.5787048113926,49.5787048113926,36.940995741821936,44.718047476942345,35.96886427493188,35.96886427493188,51.5229677451727,37.913127208711984,21.38689227158112,44.718047476942345,58.327888013403054,53.4672306789528,56.38362507962295,31.10820694048163,46.66231041072244,48.60657334450254,37.913127208711984,35.96886427493188,32.08033840737168,41.80165307627219,29.163944006701527,55.411493612732905,61.24428241407321,40.82952160938214,49.5787048113926,22.359023738471173,67.07707121541351,23.33115520536122,36.940995741821936,35.96886427493188,37.913127208711984,62.21641388096326,52.49509921206275,19.44262933780102,41.80165307627219,31.10820694048163,38.88525867560204,22.359023738471173,46.66231041072244,43.74591601005229,52.49509921206275,53.4672306789528,40.82952160938214,41.80165307627219,34.996732808041834,33.05246987426173,47.634441877612495,34.02460134115178,25.275418139141323,38.88525867560204,45.69017894383239,57.35575654651301,54.43936214584285,34.02460134115178,41.80165307627219,48.60657334450254,38.88525867560204,34.996732808041834,41.80165307627219,34.996732808041834,27.219681072921425,47.634441877612495
B02011,99000000250,Synthetic Census Tract 99000000250,1.0,Total:,56.1426795395957,52.132488143910294,+/-52,31.078983316561903,30.07643546764055,64.16306233096651,86.21911500723625,69.17580157557327,69.17580157557327,24.06114837411244,74.18854082018002,43.10955750361813,57.14522738851705,33.08407901440461,60.1528709352811,56.1426795395957,38.096818259011364,47.11974889930353,67.17070587773057,29.0738876187192,53.13503599283164,52.132488143910294,48.12229674822488,49.124844597146236,63.16051448204516,22.056052676269736,27.068791920876496,38.096818259011364,36.091722561168666,69.17580157557327,48.12229674822488,71.18089727341598,35.08917471224731,69.17580157557327,65.16561017988786,61.15541878420245,65.16561017988786,54.13758384175299,56.1426795395957,61.15541878420245,67.17070587773057,57.14522738851705,61.15541878420245,57.14522738851705,71.18089727341598,32.081531165483256,32.081531165483256,29.0738876187192,34.08662686332596,58.1477752374384,57.14522738851705,59.150323086359755,28.07133976979785,68.17325372665192,61.15541878420245,61.15541878420245,77.19618436694408,51.12994029498894,53.13503599283164,70.17834942449463,53.13503599283164,55.140131690674345,65.16561017988786,51.12994029498894,35.08917471224731,69.17580157557327,57.14522738851705,67.17070587773057,76.19363651802273,41.10446180577542,51.12994029498894,60.1528709352811,78.19873221586543,29.0738876187192,52.132488143910294,42.107009654696775,24.06114837411244,71.18089727341598,55.140131690674345,38.096818259011364,48.12229674822488,75.19108866910138,63.16051448204516,85.2165671583149
B02011,99000000251,Synthetic Census Tract 99000000251,1.0,Total:,81.69260874032264,109.97081945812663,+/-105,67.02983281257242,126.72827766126974,75.40856191414397,89.02399670419774,123.58625424818041,94.26070239267997,45.035668920947096,118.34954855969818,126.72827766126974,36.656939819375545,106.8287960450373,65.98249167487597,26.183528442411102,99.49740808116219,34.56225754398265,84.83463215341197,79.59792646492976,76.45590305184042,127.77561879896618,74.36122077644752,36.656939819375545,109.97081945812663,61.793127124090205,77.50324418953686,124.63359538587684,78.5505853272333,31.420234130893324,125.6809365235733,101.59209035655508,34.56225754398265,99.49740808116219,62.84046826178665,34.56225754398265,87.97665556650131,39.79896323246488,92.16602011728708,85.88197329110842,86.92931442880486,105.78145490734086,72.26653850105464,34.56225754398265,115.20752514660884,86.92931442880486,113.11284287121596,135.10700676284128,108.92347832043019,39.79896323246488,165.47989975603818,124.63359538587684,30.372892993196878,86.92931442880486,69.1245150879653,27.230869580107548,83.78729101571552,30.372892993196878,80.64526760262619,83.78729101571552,67.02983281257242,121.49157197278751,81.69260874032264,29.325551855500436,121.49157197278751,90.07133784189419,64.93515053717954,117.30220742200174,81.69260874032264,36.656939819375545,123.58625424818041,118.34954855969818,24.088846167018215,80.64526760262619,67.02983281257242,20.94682275392888,79.59792646492976,52.367056884822205,98.45006694346574,78.5505853272333,82.73994987801909,118.34954855969818,61.793127124090205,39.79896323246488
B02011,99000000252,Synthetic Census Tract 99000000252,1.0,Total:,189.60138161267452,206.83787085019037,+/-192,126.04182754933477,260.70189971742747,89.41428791961356,188.52410103532978,268.24286375884066,107.72805773447416,110.95989946650839,152.9738419829533,221.91979893301678,220.842518355672,172.36489237515866,157.28296429233228,203.60602911815616,140.0464750548164,205.76059027284563,213.30155431425882,197.1423456540877,64.6368346406845,79.71876272351088,260.70189971742747,260.70189971742747,297.32943934714865,117.42358293057683,202.52874854081142,299.4840005018382,142.2010362095059,141.12375563216114,176.6740146845376,198.21962623143244,268.24286375884066,217.6106766236378,178.8285758392271,243.4654104799116,202.52874854081142,218.68795720098254,275.78382780025385,207.91515142753514,96.95525196102675,103.41893542509519,246.69725221194582,190.67866219001925,95.877971383682,249.92909394398004,197.1423456540877,108.8053383118189,277.9383889549433,283.32479184166704,145.4328779415401,174.51945352984814,60.32771233130553,194.98778449939823,146.51015851888485,177.75129526188235,154.05112256029804,67.86867637271872,179.90585641657185,169.13305064312442,228.3834823970852,261.77918029477223,122.80998581730054,239.15628817053263,132.5055110134032,287.633914151046,231.61532412911944,137.89191390012692,304.8704033885619,303.79312281121713,174.51945352984814,198.21962623143244,81.87332387820037,217.6106766236378,180.9831369939166,200.37418738612195,184.2149787259508,103.41893542509519,231.61532412911944,191.755942767364,227.30620181974047,280.0929501096328,162.66936717905597,200.37418738612195
B02011,99000000253,Synthetic Census Tract 99000000253,1.0,Total:,312.252894564203,248.28441963611976,+/-229,151.78960152426535,258.0423225912511,434.76878722307436,331.76870047446573,195.1580591026269,328.5160661560886,335.0213347928428,293.8213000933994,196.24227054208595,199.49490486046304,234.18967092315228,309.0002602458259,293.8213000933994,364.29504365823686,304.66341448798977,380.55821525012243,442.3582672992876,343.69502630851514,343.69502630851514,250.45284251503784,372.9687351739092,211.42123069451247,377.30558093174534,348.0318720663513,179.97909895020035,357.7897750214826,305.7476259274488,195.1580591026269,164.80013879777383,233.10545948369324,310.08447168528494,369.7161008555321,287.31603145664513,325.2634318377115,309.0002602458259,389.23190676579475,446.69511305712376,327.4318547166296,280.8107628198909,214.6738650128896,325.2634318377115,332.85291191392474,175.6422531923642,243.9475738782836,395.737175402549,299.2423572906946,233.10545948369324,303.5792030485307,400.07402116038514,483.5583019987311,405.4950783576803,273.22128274367765,376.22136949228627,240.69493955990652,294.90551153285844,277.5581285015138,139.86327569021594,285.14760857772706,299.2423572906946,335.0213347928428,278.6423399409728,340.44239199013805,182.14752182911843,222.26334508910284,443.4424787387467,311.168683124744,219.01071077072575,358.8739864609417,409.8319241155165,383.8108495684996,328.5160661560886,210.33701925505343,335.0213347928428,272.13707130421864,348.0318720663513,252.62126539395592,172.3896188739871,327.4318547166296,384.8950610079586,368.631889416073,313.3371060036621
B02011,99000000254,Synthetic Census Tract 99000000254,1.0,Total:,47.034149496721135,35.02543047628169,+/-35,21.015258285769015,45.032696326647894,43.031243156574654,48.03487608175775,38.027610231391556,29.021070966061973,51.03705583686761,47.034149496721135,57.04141534708733,47.034149496721135,61.04432168723381,63.04577485730705,40.029063401464796,32.023250721171834,38.027610231391556,54.03923559197747,55.03996217701409,28.020344381025353,40.029063401464796,38.027610231391556,56.040688762050706,53.03850900694085,34.024703891245075,51.03705583686761,70.05086095256338,56.040688762050706,48.03487608175775,44.03196974161127,64.04650144234367,37.02688364635493,48.03487608175775,35.02543047628169,47.034149496721135,73.05304070767325,54.03923559197747,57.04141534708733,56.040688762050706,40.029063401464796,51.03705583686761,39.02833681642817,48.03487608175775,35.02543047628169,39.02833681642817,53.03850900694085,56.040688762050706,62.04504827227043,43.031243156574654,52.03778242190423,57.04141534708733,57.04141534708733,57.04141534708733,82.05957997300283,60.04359510219719,41.02978998650141,48.03487608175775,53.03850900694085,59.04286851716057,34.024703891245075,52.03778242190423,60.04359510219719,39.02833681642817,53.03850900694085,43.031243156574654,56.040688762050706,48.03487608175775,71.05158753760001,45.032696326647894,35.02543047628169,40.029063401464796,46.03342291168451,54.03923559197747,35.02543047628169,43.031243156574654,50.03632925183099,36.026157061318315,57.04141534708733,32.023250721171834,41.02978998650141,36.026157061318315,39.02833681642817,53.03850900694085
B02011,99000000255,Synthetic Census Tract 99000000255,1.0,Total:,38.15409087202832,57.23113630804249,+/-57,35.14192580318398,40.16220091792455,59.23924635393871,14.056770321273593,13.052715298325479,18.072990413066048,13.052715298325479,52.210861193301916,38.15409087202832,50.20275114740569,10.040550229481138,56.22708128509437,41.16625594087267,39.158145894976435,59.23924635393871,35.14192580318398,47.190586078561346,49.19869612445758,32.12976073433964,52.210861193301916,39.158145894976435,39.158145894976435,44.178421009717006,15.060825344221707,13.052715298325479,12.048660275377365,14.056770321273593,67.27168653752362,41.16625594087267,27.10948561959907,13.052715298325479,74.30007169816042,37.15003584908021,40.16220091792455,57.23113630804249,57.23113630804249,39.158145894976435,57.23113630804249,32.12976073433964,32.12976073433964,38.15409087202832,35.14192580318398,50.20275114740569,15.060825344221707,13.052715298325479,14.056770321273593,14.056770321273593,63.255466445731166,47.190586078561346,31.125705711391525,15.060825344221707,69.27979658341985,53.21491621625003,37.15003584908021,56.22708128509437,50.20275114740569,37.15003584908021,77.31223676700476,37.15003584908021,34.13787078023587,41.16625594087267,38.15409087202832,66.26763151457551,10.040550229481138,13.052715298325479,14.056770321273593,15.060825344221707,54.21897123919814,38.15409087202832,45.18247603266512,11.044605252429252,52.210861193301916,31.125705711391525,36.145980826132096,60.243301376886826,36.145980826132096,44.178421009717006,63.255466445731166,37.15003584908021,42.17031096382078,32.12976073433964
B02011,99000000256,Synthetic Census Tract 99000000256,1.0,Total:,45.578885532569004,52.998704107638375,+/-50,32.85919654673579,51.938730025485604,48.7588077790273,32.85919654673579,48.7588077790273,30.739248382430254,41.33898920395793,34.97914471104133,54.05867818979114,55.11865227194391,45.578885532569004,93.27771922944353,31.799222464583025,46.63885961472177,69.95828942208266,52.998704107638375,30.739248382430254,47.69883369687454,64.65841901131881,12.719688985833209,66.77836717562435,44.51891145041623,50.878755943332834,50.878755943332834,62.53847084701328,66.77836717562435,34.97914471104133,42.3989632861107,61.47849676486051,28.61930021812472,73.13821166854095,44.51891145041623,44.51891145041623,48.7588077790273,28.61930021812472,38.159066957499626,52.998704107638375,19.079533478749813,36.03911879319409,47.69883369687454,46.63885961472177,48.7588077790273,45.578885532569004,73.13821166854095,42.3989632861107,67.83834125777712,30.739248382430254,49.81878186118007,74.19818575069372,27.559326135971954,74.19818575069372,47.69883369687454,40.279015121805166,36.03911879319409,24.37940388951365,59.358548600554975,68.89831533992988,22.259455725208117,25.439377971666417,58.29857451840221,31.799222464583025,45.578885532569004,40.279015121805166,24.37940388951365,45.578885532569004,36.03911879319409,25.439377971666417,48.7588077790273,64.65841901131881,59.358548600554975,58.29857451840221,92.21774514729077,27.559326135971954,44.51891145041623,38.159066957499626,43.45893736826346,28.61930021812472,57.23860043624944,57.23860043624944,20.139507560902583,37.09909287534686
B02011,99000000257,Synthetic Census Tract 99000000257,1.0,Total:,435.2263425336758,225.31629237362864,+/-234,136.73039964553533,414.04275949000134,431.37478198028043,531.5153563685599,553.6618295505832,437.1521228103735,366.86114271090815,421.74588059679206,429.4490017035828,400.56229755311756,428.48611156523395,311.97640482502425,390.93339616962913,487.22241000451316,480.48217903607133,435.2263425336758,522.8493451234203,418.85721018174553,458.335705854048,424.6345510118386,374.5642638176989,397.673627138071,459.2985959923968,513.2204437399319,404.4138581065129,495.88842124965277,522.8493451234203,444.8552439171642,436.1892326720247,398.6365172764199,420.78299045844324,341.8259991138383,448.7068044705596,310.0506245483266,504.5544324947923,456.4099255773503,327.3826470386057,495.88842124965277,436.1892326720247,445.81813405551304,395.7478468613734,392.85917644632684,458.335705854048,452.55836502395493,554.624719688932,473.74194806762944,346.64044980558253,497.8142015263504,403.4509679681641,405.37674824486174,542.1071478903971,289.8299316430009,389.0076158929315,371.67559340265234,405.37674824486174,490.1110804195597,358.1951314657686,480.48217903607133,548.847378858839,507.44310290983884,344.7146695288848,329.3084273153034,308.1248442716289,447.74391433221075,535.3669169219552,543.0700380287459,485.2966297278155,465.07593682248984,398.6365172764199,522.8493451234203,282.1268105362102,421.74588059679206,538.2555873370018,435.2263425336758,583.5114238393973,474.70483820597826,431.37478198028043,383.2302750628384,349.529120220629,449.6696946089084,502.62865221809466
B02011,99000000258,Synthetic Census Tract 99000000258,1.0,Total:,407.77601248316324,292.48855345650975,+/-274,178.2685709023253,383.22405361637595,437.66535371229565,197.48314740676756,462.21731257908294,404.5735830657562,453.67750079933086,375.75171830909284,185.7409062096084,338.39004177267736,417.3833007353844,368.2793830018098,524.1309479822858,222.03510627355487,479.29693613858717,592.4494422203027,371.4818124192168,376.81919478156186,413.1133948455083,544.413000959197,593.5169186927717,465.41974199649,419.5182536803224,447.27264196451677,420.5857301527914,231.64239452577598,424.85563604266747,398.16872423094213,523.0634715098167,359.73957122205763,386.426483033783,633.0135481741252,453.67750079933086,385.35900656131395,334.1201358828013,358.6720947495886,415.24834779044636,283.94874167675766,466.48721846895904,423.78815957019845,369.34685947427874,466.48721846895904,482.49936555599425,409.9109654281013,538.008142124383,484.63431850093224,413.1133948455083,346.9298535524295,370.41433594674777,267.93659458972246,356.5371418046506,365.0769535844027,489.9717008632773,364.0094771119337,385.35900656131395,478.22945966611815,423.78815957019845,423.78815957019845,507.05132442278153,369.34685947427874,466.48721846895904,447.27264196451677,408.84348895563227,359.73957122205763,387.493959506252,277.54388284194357,484.63431850093224,407.77601248316324,369.34685947427874,418.4507772078534,324.5128476305802,534.8057127069759,433.3954478224196,419.5182536803224,254.05940044762528,397.1012477584731,250.85697103021823,281.8137887318196,520.9285185648787,575.3698186607984,426.9905889876055
B02011,99000000259,Synthetic Census Tract 99000000259,1.0,Total:,342.5981169510953,309.63678208408027,+/-310,188.77855423835862,405.5243016972148,311.6344387426872,392.53953341626953,499.4141646517424,438.4856365642298,305.64146876686635,238.71997070353285,401.5289883800009,347.59225859761267,404.52547336791133,296.652013803135,444.4786065400507,343.59694528039876,196.7691808727865,173.79612929880633,145.82893607830877,399.5313317213939,389.54304842835904,411.51727167303574,213.74926247094572,400.53016005069736,369.56648184228936,372.5629668301998,373.5617951595033,407.52195835582177,306.64029709616983,164.80667433507497,347.59225859761267,422.50438329537405,410.51844334373226,362.57468353716496,466.4528297847274,373.5617951595033,223.7375457639806,173.79612929880633,150.8230777248262,367.5688251836824,321.62272203572206,339.60163196318484,431.4938382591054,361.5758552078615,401.5289883800009,192.77386755557256,140.83479443179135,155.8172193713436,407.52195835582177,360.577026878558,305.64146876686635,264.68950726542346,343.59694528039876,478.4387697363692,189.7773825676621,367.5688251836824,449.47274818656814,379.5547651353242,445.4774348693542,303.64381210825934,343.59694528039876,309.63678208408027,393.538361745573,307.6391254254733,312.6332670719907,238.71997070353285,171.79847264019938,186.78089757975164,444.4786065400507,383.5500784525382,339.60163196318484,190.77621089696558,315.6297520599012,364.5723401957719,186.78089757975164,387.5453917697521,413.5149283316427,376.55828014741377,467.45165811403086,402.5278167093044,364.5723401957719,343.59694528039876,190.77621089696558
B02011,99000000260,Synthetic Census Tract 99000000260,1.0,Total:,286.18311690878664,160.63181400686733,+/-174,97.85616255590769,271.4123753909138,281.56726018445136,348.0355970148792,372.0380519814226,293.56848766772305,364.6526812224862,316.64777128939943,248.33309176923743,261.2574905973762,274.18188942551495,379.42342274035906,304.6465438061277,241.87089235516805,173.55621283500608,274.18188942551495,270.4892040460467,295.41483035745716,364.6526812224862,253.87211983843974,372.96122332628966,322.1867993586017,310.18557187533,377.57708005062494,290.7989736331219,324.03314204833583,291.72214497798893,271.4123753909138,264.9501759768444,183.71109762854368,322.1867993586017,254.7952911833068,322.1867993586017,329.5721701175382,313.87825725479826,236.33186428596574,264.0270046319773,259.4111479076421,273.2587180806479,218.79160873349173,300.03068708179245,264.9501759768444,252.02577714870566,362.8063385327521,288.9526309433878,306.4928864958618,314.8014285996653,219.71478007835876,309.26240053046297,262.18066194224326,291.72214497798893,312.9550859099312,320.3404566688676,294.4916590125901,259.4111479076421,259.4111479076421,239.1013783205669,321.26362801373466,337.88071222134164,249.25626311410448,342.4965689456769,257.564805217908,275.105060770382,251.1026058038386,312.9550859099312,390.5014788787637,310.18557187533,276.95140346011607,183.71109762854368,234.48552159623162,273.2587180806479,375.7307373608908,398.81002098256715,276.95140346011607,226.17697949242816,317.57094263426643,287.1062882536537,285.2599455639196,354.4977964289486,312.9550859099312,372.0380519814226
B02011,99000000261,Synthetic Census Tract 99000000261,1.0,Total:,0.0,18.288236588291774,+/-20,10.972941952975065,0.0,0.0,0.0,0.0,0.0,0.0,0.0,0.0,0.0,0.0,0.0,0.0,0.0,0.0,0.0,0.0,0.0,0.0,0.0,0.0,0.0,0.0,0.0,0.0,0.0,0.0,0.0,0.0,0.0,0.0,0.0,0.0,0.0,0.0,0.0,0.0,0.0,0.0,0.0,0.0,0.0,0.0,0.0,0.0,0.0,0.0,0.0,0.0,0.0,0.0,0.0,0.0,0.0,0.0,0.0,0.0,0.0,0.0,0.0,0.0,0.0,0.0,0.0,0.0,0.0,0.0,0.0,0.0,0.0,0.0,0.0,0.0,0.0,0.0,0.0,0.0,0.0,0.0,0.0,0.0
B02011,99000000262,Synthetic Census Tract 99000000262,1.0,Total:,200.85894473508384,160.25979633118394,+/-150,97.22427644091825,116.45545200066032,161.32819497339182,220.0901202948259,193.3801542396286,188.03816102858914,208.3377352305391,282.05724154288373,199.79054609287596,223.2953162214496,261.7576673409337,209.406133872747,182.69616781754968,257.4840727721022,259.62087005651796,170.94378275326284,169.87538411105496,256.4156741298943,158.12299904676814,127.13943842273925,139.96022212923396,138.89182348702607,197.65374880846016,235.04770128573642,213.67972844157856,221.15851893703382,155.98620176235235,256.4156741298943,141.02862077144187,209.406133872747,242.52649178119168,194.4485528818365,276.71524833184424,253.2104782032706,217.95332301041014,128.20783706494714,198.72214745066807,248.93688363443903,135.6866275604024,143.16541805585763,161.32819497339182,127.13943842273925,82.26669545000775,335.4771736532783,188.03816102858914,202.99574201949963,161.32819497339182,224.3637148636575,225.43211350586537,215.81652572599435,214.74812708378647,188.03816102858914,185.90136374417335,205.13253930391542,185.90136374417335,229.70570807469696,236.1160999279443,305.56201167145736,180.5593705331339,158.12299904676814,215.81652572599435,146.37061398248133,121.79744521169978,289.53603203833893,190.17495831300494,210.4745325149549,136.75502620261028,241.45809313898377,198.72214745066807,136.75502620261028,207.2693365883312,133.5498302759866,255.34727548768637,191.24335695521282,215.81652572599435,186.96976238638123,287.39923475392317,214.74812708378647,150.6442085513129,223.2953162214496,155.98620176235235
B02011,99000000263,Synthetic Census Tract 99000000263,1.0,Total:,130.2892424235367,82.0002225043238,+/-90,50.111247085975656,114.80031150605332,123.0003337564857,165.82267217541036,124.82256092324846,136.66703750720635,179.489375926131,153.0670820080711,114.80031150605332,132.11146959029946,130.2892424235367,93.84469908828169,118.44476583957884,153.0670820080711,123.0003337564857,136.66703750720635,122.08922017310434,115.7114250894347,114.80031150605332,108.4225164223837,149.4226276745456,126.6447880900112,127.55590167339258,137.5781510905877,114.80031150605332,96.57803983842581,148.51151409116423,165.82267217541036,143.95594617425735,86.55579042123068,123.0003337564857,182.22271667627513,121.17810658972296,133.93369675706222,137.5781510905877,114.80031150605332,121.17810658972296,119.3558794229602,147.60040050778284,99.31138058856995,114.80031150605332,137.5781510905877,128.46701525677395,156.7115363415966,104.77806208885819,153.0670820080711,184.95605742641925,155.80042275821523,68.33351875360317,156.7115363415966,146.68928692440147,77.44465458741692,113.88919792267195,146.68928692440147,102.95583492209545,162.17821784188484,127.55590167339258,119.3558794229602,133.02258317368083,135.75592392382495,120.26699300634158,149.4226276745456,167.64489934217312,94.75581267166307,91.11135833813756,134.8448103404436,138.4892646739691,123.0003337564857,110.24474358914645,115.7114250894347,111.15585717252782,187.68939817656337,153.0670820080711,136.66703750720635,145.7781733410201,131.2003560069181,172.20046725908,123.91144733986708,154.88930917483384,106.60028925562095,183.1338302596565
B02011,99000000264,Synthetic Census Tract 99000000264,1.0,Total:,199.82955803038683,159.6724219668641,+/-167,96.56835100989986,208.4346586154274,141.5060985095562,172.10201170081163,145.33058765846314,290.6611753169263,240.94281638113625,187.3999682964393,128.12038648838197,238.07444951945607,162.5407888285443,244.7673055300432,218.95200377492145,237.11832723222935,151.06732138182352,241.898938668363,271.5387295723917,217.03975920046798,215.12751462601452,225.64485978550857,221.82037063660164,187.3999682964393,172.10201170081163,204.6101694665205,102.30508473326024,155.84793281795717,148.19895452014333,167.32140026467795,200.78568031761355,225.64485978550857,154.89181053073045,167.32140026467795,324.12545536986187,218.95200377492145,153.93568824350373,322.21321079540843,196.0050688814799,217.9958814876947,215.12751462601452,204.6101694665205,182.61935686030566,177.838745424172,154.89181053073045,133.85712021174237,171.14588941358488,257.1968952639907,225.64485978550857,167.32140026467795,148.19895452014333,304.04688733810053,183.5754791475324,245.7234278172699,201.74180260484027,205.5662917537472,207.47853632820068,229.46934893441548,255.28465068953724,217.03975920046798,216.08363691324126,208.4346586154274,190.2683351581195,149.15507680737008,133.85712021174237,189.31221287089278,100.39284015880678,217.9958814876947,180.7071122858522,134.8132424989691,210.34690318988086,201.74180260484027,179.75098999862547,232.3377157960957,305.00300962532725,195.04894659425315,132.90099792451565,283.96831930633914,214.1713923387878,248.59179467895012,305.95913191255397,191.22445744534625,173.05813398803835
B02011,99000000265,Synthetic Census Tract 99000000265,1.0,Total:,0.0,13.535564113404329,+/-14,8.701434072902783,0.0,0.0,0.0,0.0,0.0,0.0,0.0,0.0,0.0,0.0,0.0,0.0,0.0,0.0,0.0,0.0,0.0,0.0,0.0,0.0,0.0,0.0,0.0,0.0,0.0,0.0,0.0,0.0,0.0,0.0,0.0,0.0,0.0,0.0,0.0,0.0,0.0,0.0,0.0,0.0,0.0,0.0,0.0,0.0,0.0,0.0,0.0,0.0,0.0,0.0,0.0,0.0,0.0,0.0,0.0,0.0,0.0,0.0,0.0,0.0,0.0,0.0,0.0,0.0,0.0,0.0,0.0,0.0,0.0,0.0,0.0,0.0,0.0,0.0,0.0,0.0,0.0,0.0,0.0,0.0
B02011,99000000266,Synthetic Census Tract 99000000266,1.0,Total:,17.757378891728056,27.103367782111246,+/-29,16.82278000268974,32.71096111634116,15.88818111365142,33.64556000537948,32.71096111634116,5.607593334229913,6.5421922232682315,19.626576669804695,20.56117555884301,19.626576669804695,14.9535822246131,25.234170004034606,5.607593334229913,18.691977780766376,16.82278000268974,16.82278000268974,23.36497222595797,5.607593334229913,15.88818111365142,16.82278000268974,24.29957111499629,4.672994445191594,16.82278000268974,5.607593334229913,5.607593334229913,28.03796667114956,27.103367782111246,18.691977780766376,16.82278000268974,14.9535822246131,20.56117555884301,6.5421922232682315,28.97256556018788,18.691977780766376,16.82278000268974,17.757378891728056,8.41139000134487,28.97256556018788,15.88818111365142,18.691977780766376,5.607593334229913,29.9071644492262,15.88818111365142,32.71096111634116,30.84176333826452,5.607593334229913,4.672994445191594,16.82278000268974,19.626576669804695,19.626576669804695,15.88818111365142,27.103367782111246,6.5421922232682315,19.626576669804695,18.691977780766376,18.691977780766376,27.103367782111246,6.5421922232682315,18.691977780766376,17.757378891728056,22.43037333691965,4.672994445191594,15.88818111365142,4.672994445191594,5.607593334229913,27.103367782111246,27.103367782111246,14.9535822246131,16.82278000268974,15.88818111365142,19.626576669804695,7.47679111230655,31.77636222730284,23.36497222595797,15.88818111365142,17.757378891728056,5.607593334229913,32.71096111634116,18.691977780766376,14.01898333557478,6.5421922232682315
B02011,99000000267,Synthetic Census Tract 99000000267,1.0,Total:,607.513343269011,490.0543450458425,+/-509,298.4613889277233,738.4512429276251,673.9450717722785,353.339773343466,430.36206726029786,434.2131819561394,581.5183190720803,624.8433594002983,758.6695950807936,616.1783513346546,646.9872689013873,775.0368325381203,756.7440377328727,788.5157339735658,536.2677213959416,348.525879973664,666.2428423805953,810.659643474655,624.8433594002983,519.9004839386148,406.2926004112879,820.287430214259,672.9822930983181,384.14869091019875,385.1114695841591,306.1636183194065,657.5778343149517,607.513343269011,592.1088844856447,691.2750879035657,509.3099185250505,560.3371882449516,723.0467841442588,788.5157339735658,645.0617115534666,429.39928858633743,618.1039086825754,785.6273979516847,602.6994498992091,714.3817760786152,901.1608388269324,334.08419986425804,558.4116308970307,679.7217438160409,842.4313397153481,741.3395789495063,618.1039086825754,629.6572527701002,548.7838441574268,657.5778343149517,621.955023378417,306.1636183194065,452.505976761387,452.505976761387,532.4166067001,661.4289490107933,669.1311784024765,527.602713330298,613.2900153127734,551.6721801793079,719.1956694484172,408.2181577592087,716.307333426536,860.7241345205957,643.1361542055457,766.3718244724766,698.9773172952488,546.858286809506,503.5332464812881,751.9301443630707,772.1484965162391,403.4042643894067,317.7169624069313,465.02209952287217,539.1560574178228,929.0814203717839,771.1857178422787,426.51095256445626,615.2155726606942,655.652276967031,461.17098482703057
B02011,99000000268,Synthetic Census Tract 99000000268,1.0,Total:,269.4743979296694,164.6205465951677,+/-157,99.61115876777663,322.94986211026526,195.0281634821732,295.68786076329485,224.38724185583368,202.3679330755883,347.06624791720066,228.58139590921374,227.53285739586872,306.173245896745,283.10539860315464,327.14401616364535,265.2802438762893,354.4060175106158,323.9984006236103,180.34862429534294,257.9404742828742,207.61062564231338,227.53285739586872,300.9305533300199,319.80424657023025,203.41647158893332,291.49370670991476,318.7557080568852,378.5224033175512,266.32878238963434,248.50362766276905,307.22178441009004,235.92116550262887,320.85278508357527,307.22178441009004,250.6007046894591,301.9790918433649,226.4843188825237,354.4060175106158,212.8533182090385,249.55216617611407,187.68839388875807,282.0568600898096,285.2024756298447,253.74632022949416,321.90132359692024,292.5422452232598,276.8141675230845,278.91124454977455,176.15447024196288,310.36739995012505,245.358012122734,241.16385806935395,226.4843188825237,299.8820148166749,333.4352472437154,284.15393711649966,310.36739995012505,397.3960965577615,214.9503952357285,326.0954776503003,229.62993442255876,173.00885470192782,287.2995526565347,262.1346283362543,196.0767019955182,305.1247073834,319.80424657023025,343.92063237716565,230.67847293590376,242.21239658269894,274.71709049639446,223.33870334248866,303.02763035670995,317.7071695435402,263.1831668495993,292.5422452232598,203.41647158893332,326.0954776503003,264.2317053629443,282.0568600898096,258.98901279621924,219.14454928910857,234.87262698928384,219.14454928910857
B02011,99000000269,Synthetic Census Tract 99000000269,1.0,Total:,362.9805006222297,102.0318322644576,+/-113,62.302623241128984,382.84510513389404,390.97153425230215,380.136295427758,345.82470581670145,351.2423252289735,405.4185193516944,427.08899700078274,386.45685140874207,352.1452617976855,364.78637375965377,360.2716909160937,337.69827669829334,328.6689110111732,360.2716909160937,345.82470581670145,304.2896236559488,343.1158961105654,399.09796337071026,407.22439248911843,337.69827669829334,418.9625678823746,331.3777207173092,334.08653042344525,381.03923199647,357.56288120995765,304.2896236559488,417.1566947449506,347.6305789541255,413.5449484701025,421.67137758851067,352.1452617976855,346.72764238541345,328.6689110111732,300.67787738110076,334.9894669921573,353.04819836639757,359.36875434738164,390.97153425230215,423.47725072593465,353.04819836639757,343.1158961105654,359.36875434738164,343.1158961105654,411.7390753326785,324.1542281676131,322.34835503018905,355.7570080725336,356.6599446412456,347.6305789541255,338.60121326700533,343.1158961105654,400.0008999394223,390.06859768359016,384.6509782713181,353.95113493510956,400.9038365081343,367.4951834657898,349.4364520915495,371.10692974063784,393.6803439584382,363.8834371909417,315.12486248049294,381.942168565182,351.2423252289735,388.2627245461661,351.2423252289735,372.00986630934983,342.21295954185337,306.09549679337283,324.1542281676131,390.06859768359016,405.4185193516944,372.00986630934983,355.7570080725336,391.8744708210142,412.6420119013905,395.48621709586223,376.5245491529099,340.4070864044294,334.9894669921573
B02011,99000000270,Synthetic Census Tract 99000000270,1.0,Total:,410.1923536880929,385.6873559352977,+/-362,234.39563067891024,643.522549682099,359.0514888126943,377.16387845606465,555.0914708350556,403.7997455786681,280.2093221297881,516.7358221785066,470.9221307276287,261.03149780151364,432.5664820710798,519.932126233219,280.2093221297881,447.4825676597377,191.77824328274474,365.4440969221191,446.4171329748336,471.9875654125329,520.9975609181232,446.4171329748336,234.39563067891024,446.4171329748336,447.4825676597377,463.46408793329977,577.4655992180425,384.6219212503936,157.68433336581234,490.0999550559032,550.829732095439,313.2377973618164,396.34170278433913,369.7058356617357,291.92910366373366,459.20234919368323,304.7143198825833,411.257788372997,334.54649105989915,306.84518925239155,544.4371239860142,369.7058356617357,250.37715095247228,532.7173424520687,409.12691900318873,479.44560820686183,629.6718987783452,380.36018251077707,157.68433336581234,642.4571149971948,519.932126233219,205.6288941864985,353.72431538817364,356.92061944288605,311.10692799200814,440.02452486540875,271.68584465055505,519.932126233219,359.0514888126943,292.9945383486378,590.2508154368921,449.613437029546,283.40562618450053,622.2138559840163,301.5180158278709,291.92910366373366,597.708858231221,445.35169828992946,370.7712703466398,470.9221307276287,469.8566960427246,239.72280410343092,435.7627861257922,447.4825676597377,223.74128382986885,445.35169828992946,223.74128382986885,373.96757440135224,417.65039648242185,456.0060451389708,511.408648753986,404.8651802635722,251.44258563737642
B02011,99000000271,Synthetic Census Tract 99000000271,1.0,Total:,0.0,14.998334466008764,+/-14,9.641786442434206,0.0,0.0,0.0,0.0,0.0,0.0,0.0,0.0,0.0,0.0,0.0,0.0,0.0,0.0,0.0,0.0,0.0,0.0,0.0,0.0,0.0,0.0,0.0,0.0,0.0,0.0,0.0,0.0,0.0,0.0,0.0,0.0,0.0,0.0,0.0,0.0,0.0,0.0,0.0,0.0,0.0,0.0,0.0,0.0,0.0,0.0,0.0,0.0,0.0,0.0,0.0,0.0,0.0,0.0,0.0,0.0,0.0,0.0,0.0,0.0,0.0,0.0,0.0,0.0,0.0,0.0,0.0,0.0,0.0,0.0,0.0,0.0,0.0,0.0,0.0,0.0,0.0,0.0,0.0,0.0
B02011,99000000272,Synthetic Census Tract 99000000272,1.0,Total:,43.85035415872394,41.90144952944732,+/-43,25.335760180596054,38.00364027089408,62.36494813685182,55.54378193438365,38.00364027089408,38.00364027089408,65.28830508076675,46.77371110263887,38.97809258553239,57.49268656366027,47.748163417277176,46.77371110263887,60.4160435075752,47.748163417277176,61.39049582221351,67.23720971004337,45.79925878800056,38.97809258553239,38.00364027089408,21.437950922042813,12.667880090298027,53.59487730510703,39.9525449001707,21.437950922042813,43.85035415872394,37.02918795625577,38.00364027089408,50.67152036119211,41.90144952944732,37.02918795625577,20.463498607404503,27.284664809872673,39.9525449001707,44.824806473362244,26.310212495234364,43.85035415872394,34.10583101234084,66.26275739540506,61.39049582221351,42.875901844085625,41.90144952944732,31.18247406842591,17.540141663489575,47.748163417277176,44.824806473362244,41.90144952944732,34.10583101234084,35.08028332697915,41.90144952944732,21.437950922042813,37.02918795625577,29.233569439149292,28.259117124510983,26.310212495234364,25.335760180596054,39.9525449001707,37.02918795625577,53.59487730510703,45.79925878800056,51.645972675830414,72.10947128323492,53.59487730510703,61.39049582221351,49.697068046553795,36.05473564161746,57.49268656366027,59.44159119293689,51.645972675830414,41.90144952944732,54.569329619745346,60.4160435075752,49.697068046553795,41.90144952944732,41.90144952944732,57.49268656366027,50.67152036119211,48.72261573191549,42.875901844085625,57.49268656366027,54.569329619745346,70.1605666539583
B02011,99000000273,Synthetic Census Tract 99000000273,1.0,Total:,7.445780638497016,11.168670957745524,+/-12,6.51505805868489,12.099393537557651,4.653612899060635,8.376503218309143,6.51505805868489,8.376503218309143,4.653612899060635,1.861445159624254,8.376503218309143,11.168670957745524,9.30722579812127,5.584335478872762,7.445780638497016,14.891561276994032,2.792167739436381,6.51505805868489,4.653612899060635,2.792167739436381,4.653612899060635,3.722890319248508,6.51505805868489,1.861445159624254,10.237948377933398,8.376503218309143,5.584335478872762,3.722890319248508,6.51505805868489,13.03011611736978,7.445780638497016,1.861445159624254,3.722890319248508,4.653612899060635,9.30722579812127,2.792167739436381,7.445780638497016,6.51505805868489,11.168670957745524,8.376503218309143,9.30722579812127,11.168670957745524,6.51505805868489,4.653612899060635,6.51505805868489,8.376503218309143,8.376503218309143,2.792167739436381,6.51505805868489,12.099393537557651,5.584335478872762,2.792167739436381,1.861445159624254,6.51505805868489,6.51505805868489,3.722890319248508,10.237948377933398,6.51505805868489,14.891561276994032,9.30722579812127,6.51505805868489,13.960838697181906,7.445780638497016,9.30722579812127,11.168670957745524,5.584335478872762,5.584335478872762,13.960838697181906,6.51505805868489,3.722890319248508,5.584335478872762,7.445780638497016,10.237948377933398,7.445780638497016,8.376503218309143,10.237948377933398,2.792167739436381,5.584335478872762,3.722890319248508,1.861445159624254,7.445780638497016,2.792167739436381,6.51505805868489
B02011,99000000274,Synthetic Census Tract 99000000274,1.0,Total:,59.16974873216294,95.89579966936752,+/-94,58.149580650573924,65.29075722169704,100.9966400773126,87.73445501665539,67.33109338487506,73.45210187440917,60.18991681375196,82.6336146087103,62.23025297692999,25.504202039725403,97.93613583254555,87.73445501665539,16.32268930542426,54.06890832421786,27.544538202903436,67.33109338487506,97.93613583254555,93.8554635061895,73.45210187440917,19.383193550191308,21.42352971336934,33.66554669243753,55.08907640580687,131.6016825249831,55.08907640580687,86.71428693506637,78.55294228235425,55.08907640580687,71.41176571123113,15.302521223835242,86.71428693506637,96.91596775095654,24.484033958136386,48.96806791627277,16.32268930542426,37.746219018793596,73.45210187440917,57.129412568984904,59.16974873216294,29.58487436608147,103.03697624049063,49.98823599786179,21.42352971336934,22.443697794958357,58.149580650573924,93.8554635061895,74.47226995599819,89.77479117983343,109.15798473002474,92.83529542460047,46.92773175309475,22.443697794958357,97.93613583254555,62.23025297692999,80.59327844553228,69.3714295480531,29.58487436608147,70.39159762964212,22.443697794958357,88.75462309824441,77.53277420076523,78.55294228235425,25.504202039725403,12.242016979068193,55.08907640580687,58.149580650573924,33.66554669243753,62.23025297692999,56.10924448739589,132.6218506065721,48.96806791627277,17.342857387013275,95.89579966936752,74.47226995599819,71.41176571123113,54.06890832421786,16.32268930542426,84.67395077188834,31.6252105292595,62.23025297692999,25.504202039725403
B02011,99000000275,Synthetic Census Tract 99000000275,1.0,Total:,381.5849531144403,291.96330553066133,+/-316,177.39542614521196,381.5849531144403,425.0098751395703,273.48461530720175,474.9023387429111,236.5272348602826,394.52003627086197,473.9784042317382,352.9429832680779,475.82627325408413,225.44002072620685,386.2046256703052,451.80397596358665,431.4774167177811,398.2157743155539,365.87806642449965,365.87806642449965,401.9115123602458,329.84462048875343,237.45116937145556,335.38822755579133,527.5666058797709,380.6610186032673,304.898388687083,472.1305352093922,259.62559763960707,517.4033262568681,546.0452961032305,423.16200611722434,582.0787420389767,241.14690741614749,335.38822755579133,412.0747919831486,465.66299363118134,495.22889798871665,388.0524946926511,387.1285601814781,497.07676701106266,275.3324843295477,224.51608621503385,229.13575877089875,376.9652805585754,496.15283249988966,255.00592508374217,384.35675664795923,313.21379928763986,302.12658515356406,404.68331589376476,388.9764292038241,431.4774167177811,301.2026506423911,487.83742189933287,542.3495580585386,426.85774416191623,378.81314958092133,377.88921506974833,391.748232737343,346.47544168986707,393.596101759689,303.97445417591007,205.1134614804013,337.2360965781373,405.6072504049377,290.1154365083154,310.4419957541209,297.50691259769917,394.52003627086197,488.7613564105058,413.92266100549455,594.0898906842255,383.4328221367862,402.8354468714188,541.4256235473656,441.6406963406839,388.0524946926511,458.2715175417975,386.2046256703052,326.14888244406154,421.3141370948784,321.52920988819665,331.69248951109944
B02011,99000000276,Synthetic Census Tract 99000000276,1.0,Total:,454.3834683247088,362.92298433643765,+/-373,220.86733899295268,478.70806513010007,342.490323019909,599.3580652848407,472.87016189680617,342.490323019909,458.2754038135714,470.92419415237487,542.925000696333,394.05846824733845,267.5705648593039,541.9520168241173,527.3572587408826,324.00362944781165,822.1713720222247,671.3588718287989,468.97822640794357,409.62621020278885,304.5439520034986,518.6004038909417,531.2491942297452,457.30241994135577,548.7629039296269,341.51733914769335,297.73306489798904,598.385081412625,581.844355584959,471.8971780245905,569.1955652461555,363.8959682086533,523.46532325202,556.5467749073521,475.7891135134531,468.0052425357279,357.08508110314375,633.4125008123885,393.0854843751228,471.8971780245905,451.46451670806186,332.7604842977525,453.41048445249317,499.1407264466287,288.00322617583254,493.3028232133348,430.0588715193175,387.2475811418289,534.1681458463921,523.46532325202,437.84274249704276,461.19435543021837,269.5165326037352,490.38387159668787,457.30241994135577,360.0040327197907,695.6834686341901,523.46532325202,567.2495975017242,563.3576620128616,305.51693587571424,622.7096782180163,467.03225866351227,393.0854843751228,521.5193555075887,313.3008068534395,263.6786293704413,623.682662090232,560.4387103962147,434.92379088039576,591.5741943071155,457.30241994135577,510.8165329132165,516.6544361465104,517.6274200187261,370.70685531416285,387.2475811418289,558.4927426517834,360.97701659200635,576.0064523516651,479.6810490023157,337.62540365883075,292.8681455369108
B02011,99000000277,Synthetic Census Tract 99000000277,1.0,Total:,0.0,15.283601706522726,+/-14,9.825172525621753,0.0,0.0,0.0,0.0,0.0,0.0,0.0,0.0,0.0,0.0,0.0,0.0,0.0,0.0,0.0,0.0,0.0,0.0,0.0,0.0,0.0,0.0,0.0,0.0,0.0,0.0,0.0,0.0,0.0,0.0,0.0,0.0,0.0,0.0,0.0,0.0,0.0,0.0,0.0,0.0,0.0,0.0,0.0,0.0,0.0,0.0,0.0,0.0,0.0,0.0,0.0,0.0,0.0,0.0,0.0,0.0,0.0,0.0,0.0,0.0,0.0,0.0,0.0,0.0,0.0,0.0,0.0,0.0,0.0,0.0,0.0,0.0,0.0,0.0,0.0,0.0,0.0,0.0,0.0,0.0
B02011,99000000278,Synthetic Census Tract 99000000278,1.0,Total:,6.594557367100365,10.990928945167276,+/-10,6.594557367100365,2.198185789033455,6.594557367100365,13.18911473420073,6.594557367100365,9.891836050650548,2.198185789033455,7.693650261617092,8.79274315613382,7.693650261617092,6.594557367100365,6.594557367100365,5.495464472583638,6.594557367100365,4.39637157806691,2.198185789033455,8.79274315613382,10.990928945167276,1.0990928945167275,5.495464472583638,15.387300523234185,9.891836050650548,6.594557367100365,2.198185789033455,5.495464472583638,3.2972786835501826,9.891836050650548,8.79274315613382,2.198185789033455,3.2972786835501826,7.693650261617092,4.39637157806691,8.79274315613382,5.495464472583638,6.594557367100365,9.891836050650548,4.39637157806691,2.198185789033455,8.79274315613382,6.594557367100365,2.198185789033455,2.198185789033455,7.693650261617092,13.18911473420073,6.594557367100365,8.79274315613382,3.2972786835501826,6.594557367100365,12.090021839684002,6.594557367100365,7.693650261617092,7.693650261617092,5.495464472583638,5.495464472583638,4.39637157806691,3.2972786835501826,7.693650261617092,13.18911473420073,3.2972786835501826,5.495464472583638,9.891836050650548,8.79274315613382,5.495464472583638,1.0990928945167275,6.594557367100365,2.198185789033455,10.990928945167276,6.594557367100365,1.0990928945167275,3.2972786835501826,6.594557367100365,8.79274315613382,6.594557367100365,5.495464472583638,8.79274315613382,12.090021839684002,5.495464472583638,2.198185789033455,9.891836050650548,7.693650261617092,2.198185789033455
B02011,99000000279,Synthetic Census Tract 99000000279,1.0,Total:,435.47586402588877,249.89777185020733,+/-237,151.83662087101206,483.97922902635094,338.4691340249644,483.97922902635094,433.36702206934694,367.9929214165501,471.32617728709994,456.5642835913071,506.1220695700402,306.83650467683685,532.4825940268131,479.7615451132673,495.577859787331,472.38059826537085,544.0812247877932,501.90438565695655,457.61870456957803,519.8295422875622,248.84335087193642,280.47598022006395,460.78196750439076,379.59155217753016,384.8636570688847,309.99976761164965,449.1833367434107,430.20375913453415,404.89765565603216,399.6255507646776,379.59155217753016,517.7207003310203,545.1356457660642,398.57112978640663,384.8636570688847,467.1084933740163,447.07449478686885,454.45544163476524,544.0812247877932,393.29902489505207,475.5438612001836,476.5982821784545,344.7956598945899,497.68670174387285,577.8226960924626,302.6188207637532,455.50986261303615,531.4281730485422,587.3124848969009,304.72766272029503,458.67312554784894,435.47586402588877,442.85681087378515,264.6596655460002,440.7479689172433,433.36702206934694,405.95207663430307,352.1766067424863,474.4894402219127,516.6662793527494,468.1629143522872,464.9996514174744,354.28544869902817,528.2649101137295,320.54397739435876,449.1833367434107,550.4077506574187,408.0609185908449,458.67312554784894,428.09491717799233,398.57112978640663,384.8636570688847,364.8296584817373,587.3124848969009,539.8635408747095,457.61870456957803,419.659549351825,480.8159660915382,417.55070739528315,362.72081652519546,372.2106053296337,413.3330234821995,370.1017633730919
B02011,99000000280,Synthetic Census Tract 99000000280,1.0,Total:,319.4478442587389,254.01876772381647,+/-264,154.91296061944868,229.00176787222847,388.7256900015979,391.6122669075504,440.6840743087422,369.4818439619149,287.69549829326183,315.5990750508023,233.81272938214926,388.7256900015979,334.84292109048533,272.3004214615154,200.1359988127039,390.65007460556626,511.8863046555696,254.9809600258006,165.49707594127437,229.96396017421264,297.31742131310335,289.6198828972301,268.45165225357874,407.00734373929686,258.8297292337372,351.20019022421593,200.1359988127039,198.21161420873557,474.3608048781876,207.83353722857711,320.41003656072303,329.0697672785804,300.20399821905585,287.69549829326183,362.7464978480258,354.0867671301684,253.05657542183232,368.51965165993073,422.4024205710433,409.8939206452493,309.82592123889737,240.5480754960383,332.91853648651704,261.7163061396897,370.444036263899,376.21719007580396,445.495035818663,401.2341899273919,290.5820751992143,393.5366515115187,251.132190817864,362.7464978480258,396.42322841747114,329.0697672785804,207.83353722857711,327.1453826746121,463.7766895563619,279.03576757540446,183.77872967897326,230.9261524761968,334.84292109048533,397.3854207194553,239.58588319405416,330.99415188254875,254.01876772381647,385.8391130956455,170.30803745119513,204.94696032262465,288.657690595246,214.5688833424662,391.6122669075504,292.5064598031826,314.63688274881815,299.24180591707164,272.3004214615154,291.5442675011984,245.3590370059591,385.8391130956455,383.9147284916772,421.44022826905916,291.5442675011984,337.72949799643783,320.41003656072303
B02011,99000000281,Synthetic Census Tract 99000000281,1.0,Total:,19.71312718683115,34.23858932449621,+/-33,20.75066019666437,17.638061167164715,9.337797088498967,21.78819320649759,4.150132039332874,4.150132039332874,21.78819320649759,45.651452432661614,15.562995147498278,18.675594176997933,21.78819320649759,19.71312718683115,11.412863108165404,43.57638641299518,19.71312718683115,28.0133912654969,14.525462137665059,6.225198058999311,30.088457285163337,17.638061167164715,36.31365534416265,24.900792235997244,7.2627310688325295,19.71312718683115,9.337797088498967,5.1876650491660925,30.088457285163337,37.351188353995866,24.900792235997244,20.75066019666437,22.825726216330807,17.638061167164715,7.2627310688325295,41.50132039332874,16.600528157331496,15.562995147498278,19.71312718683115,6.225198058999311,17.638061167164715,14.525462137665059,5.1876650491660925,14.525462137665059,40.46378738349552,16.600528157331496,35.27612233432943,39.4262543736623,5.1876650491660925,9.337797088498967,22.825726216330807,20.75066019666437,15.562995147498278,14.525462137665059,39.4262543736623,8.300264078665748,14.525462137665059,26.97585825566368,19.71312718683115,31.125990294996555,7.2627310688325295,14.525462137665059,8.300264078665748,23.863259226164026,25.938325245830463,13.48792912783184,40.46378738349552,22.825726216330807,9.337797088498967,7.2627310688325295,16.600528157331496,19.71312718683115,9.337797088498967,21.78819320649759,26.97585825566368,9.337797088498967,19.71312718683115,23.863259226164026,30.088457285163337,29.050924275330118,6.225198058999311,21.78819320649759,33.20105631466299
B02011,99000000282,Synthetic Census Tract 99000000282,1.0,Total:,114.51894004064829,113.4778587675515,+/-109,68.71136402438897,122.8475902254227,124.92975277161632,137.42272804877794,58.30055129342095,142.62813441426195,58.30055129342095,52.054063654840135,115.5600213137451,106.19028985587387,189.4767917036181,143.66921568735876,78.0810954822602,113.4778587675515,105.14920858277706,109.31353367516428,71.83460784367938,132.21732168329393,138.46380932187475,116.6011025868419,88.49190821322823,73.916770389873,113.4778587675515,128.05299659090673,176.98381642645646,75.9989329360666,192.60003552290848,130.13515913710035,84.32758312084101,138.46380932187475,87.45082694013142,78.0810954822602,137.42272804877794,98.90272094419625,116.6011025868419,105.14920858277706,175.94273515335965,108.27245240206747,99.94380221729305,90.57407075942183,136.38164677568113,139.50489059497156,92.65623330561543,127.01191531780992,65.58812020509856,165.53192242239163,71.83460784367938,67.67028275129218,98.90272094419625,118.6832651330355,178.02489769955326,171.77841006097245,70.79352657058259,104.10812730968027,111.39569622135788,111.39569622135788,84.32758312084101,137.42272804877794,124.92975277161632,109.31353367516428,73.916770389873,48.93081983554973,121.80650895232591,139.50489059497156,123.88867149851951,60.38271383961455,176.98381642645646,117.6421838599387,134.29948422948755,96.82055839800265,103.06704603658346,64.54703893200177,166.5730036954884,108.27245240206747,150.95678459903638,116.6011025868419,154.0800284183268,83.2865018477442,129.09407786400354,147.833540779746,159.2854347838108
B02011,99000000283,Synthetic Census Tract 99000000283,1.0,Total:,75.27276210552021,59.631668680996526,+/-61,36.17002854421101,61.58680535906199,54.74382698583288,70.38492041035656,83.09330881778205,81.13817213971659,75.27276210552021,68.4297837322911,63.54194203712745,80.16060380068386,80.16060380068386,100.68953892037119,73.31762542745474,35.19246020517828,53.766258646800146,87.00358217391297,63.54194203712745,75.27276210552021,86.02601383488025,75.27276210552021,91.89142386907662,88.95871885197843,127.0838840742549,93.84656054714208,56.69896366389834,57.67653200293107,77.22789878358567,78.2054671226184,74.29519376648749,49.85598529066923,74.29519376648749,31.28218684904736,75.27276210552021,103.62224393746938,84.07087715681477,53.766258646800146,81.13817213971659,61.58680535906199,55.72139532486561,71.36248874938929,53.766258646800146,50.83355362970196,44.96814359550558,53.766258646800146,87.00358217391297,45.94571193453831,66.47464705422564,90.91385553004389,82.11574047874932,72.34005708842201,86.02601383488025,73.31762542745474,79.18303546165113,59.631668680996526,78.2054671226184,105.57738061553484,74.29519376648749,52.78869030776742,92.86899220810935,70.38492041035656,90.91385553004389,84.07087715681477,113.39792732779668,82.11574047874932,66.47464705422564,98.73440224230573,84.07087715681477,65.49707871519291,64.51951037616018,61.58680535906199,39.1027335613092,66.47464705422564,70.38492041035656,99.71197058133846,69.40735207132383,41.05787023937466,62.56437369809472,91.89142386907662,51.81112196873469,75.27276210552021,56.69896366389834
B02011,99000000284,Synthetic Census Tract 99000000284,1.0,Total:,110.01501678014381,128.522215864654,+/-125,78.14150724570962,143.94488176841247,120.29679404931613,67.85972997653731,162.45208085292262,69.91608543037177,99.73323951097149,110.01501678014381,104.87412814555765,137.77581540690906,101.78959496480596,93.5641731494681,159.36754767217093,52.437064072778824,101.78959496480596,122.35314950315059,60.66248588811668,54.49341952661329,100.76141723788872,153.19848131066755,126.46586041081952,85.33875133413025,176.84656902976388,135.71945995307462,123.38132723006782,117.21226086856443,158.3393699452537,75.05697406495793,80.19786269954409,98.70506178405427,38.04257589593758,159.36754767217093,105.90230587247488,120.29679404931613,50.38070861894436,159.36754767217093,100.76141723788872,97.67688405713703,167.59296948750878,118.24043859548166,69.91608543037177,78.14150724570962,89.45146224179918,143.94488176841247,35.98622044210312,143.94488176841247,115.15590541472997,128.522215864654,100.76141723788872,103.84595041864041,138.8039931338263,149.08577040299863,42.15528680360651,177.8747467566811,117.21226086856443,97.67688405713703,192.26923493352237,185.07199084510174,102.81777269172319,62.71884134195114,103.84595041864041,140.86034858766075,48.3243531651099,101.78959496480596,101.78959496480596,107.95866132630934,68.88790770345453,143.94488176841247,130.57857131848846,127.49403813773675,221.05821128720484,52.437064072778824,116.1840831416472,117.21226086856443,177.8747467566811,67.85972997653731,115.15590541472997,102.81777269172319,61.69066361503391,114.12772768781274,129.5503935915712
B02011,99000000285,Synthetic Census Tract 99000000285,1.0,Total:,213.80849037184706,103.74673583444056,+/-115,63.15018702965946,219.22136354581787,171.4076505090757,263.42649446657947,249.89431153165245,221.92780013280327,246.2857294156719,179.5269602700319,257.11147576361356,200.27630743692,242.67714729969137,169.60335945108542,242.67714729969137,162.38619521912435,165.09263180610975,215.61278142983733,222.8299456617984,198.47201637892974,212.0041993138568,236.36212859672543,212.0041993138568,213.80849037184706,212.90634484285192,184.03768791500758,195.76557979194433,236.36212859672543,250.79645706064758,222.8299456617984,246.2857294156719,222.8299456617984,285.98013269145787,184.03768791500758,156.97332204515354,182.2333968570173,213.80849037184706,214.7106359008422,202.0805984949103,220.123509074813,176.8205236830465,223.73209119079354,241.77500177069624,245.38358388667677,232.7535464807449,184.93983344400272,217.4170724878276,198.47201637892974,245.38358388667677,276.9586774015065,183.13554238601245,235.4599830677303,282.37155057547733,243.5792928286865,210.19990825586652,229.14496436476435,190.35270661797352,200.27630743692,136.2239748782654,228.2428188357692,214.7106359008422,193.96128873395406,184.93983344400272,248.09002047366218,214.7106359008422,204.7870350818957,195.76557979194433,180.42910579902704,170.50550498008056,286.882278220453,186.74412450199299,268.8393676405503,166.89692286410002,202.0805984949103,214.7106359008422,191.25485214696866,242.67714729969137,165.09263180610975,205.68918061089084,243.5792928286865,214.7106359008422,220.123509074813,223.73209119079354
B02011,99000000286,Synthetic Census Tract 99000000286,1.0,Total:,26.37072288817255,48.97419964946331,+/-52,30.137969015054345,49.91601118118376,16.01079603924762,50.85782271290421,9.418115317204483,33.90521514193614,16.95260757096807,6.592680722043138,34.847026673656586,59.334126498388244,19.778042166129413,30.137969015054345,26.37072288817255,39.55608433225883,8.476303785484035,43.32333045914062,15.068984507527173,32.02159207849524,32.02159207849524,5.650869190322689,10.359926848924932,5.650869190322689,30.137969015054345,21.66166522957031,26.37072288817255,45.206953522581514,31.079780546774792,56.5086919032269,12.243549912365827,5.650869190322689,25.428911356452105,19.778042166129413,29.1961574833339,26.37072288817255,38.61427280053838,15.068984507527173,48.03238811774286,44.26514199086107,33.90521514193614,55.56688037150645,33.90521514193614,27.312534419893,19.778042166129413,23.545288293011208,5.650869190322689,23.545288293011208,5.650869190322689,16.01079603924762,59.334126498388244,36.73064973709749,17.894419102688516,41.43970739569973,31.079780546774792,15.068984507527173,14.127172975806724,64.04318415699048,33.90521514193614,33.90521514193614,26.37072288817255,24.487099824731654,14.127172975806724,16.01079603924762,36.73064973709749,32.02159207849524,39.55608433225883,47.090576586022415,60.27593803010869,32.02159207849524,9.418115317204483,7.534492253763586,26.37072288817255,24.487099824731654,48.97419964946331,34.847026673656586,35.78883820537703,9.418115317204483,15.068984507527173,22.603476761290757,37.67246126881793,29.1961574833339,35.78883820537703
B02011,99000000287,Synthetic Census Tract 99000000287,1.0,Total:,48.2408477084857,48.2408477084857,+/-48,29.145512157210113,57.286006653826774,55.27597133263987,70.35123624154166,37.18565344195773,31.15554747839702,44.2207770661119,72.36127156272856,52.26091835085951,55.27597133263987,54.27095367204642,27.13547683602321,45.22579472670535,31.15554747839702,48.2408477084857,74.37130688391547,48.2408477084857,49.245865369079155,40.20070642373809,49.245865369079155,52.26091835085951,34.170600460177376,36.18063578136428,20.100353211869045,57.286006653826774,61.306077296200584,39.19568876314464,63.31611261738749,61.306077296200584,25.125441514836304,43.21575940551845,56.28098899323332,54.27095367204642,57.286006653826774,66.33116559916785,41.20572408433154,64.32113027798094,38.190671102551185,52.26091835085951,77.38635986569582,41.20572408433154,43.21575940551845,75.37632454450892,87.43653647163035,30.150529817803566,36.18063578136428,62.31109495679404,41.20572408433154,41.20572408433154,88.4415541322238,53.265936011452965,39.19568876314464,55.27597133263987,28.14049449661666,27.13547683602321,64.32113027798094,43.21575940551845,52.26091835085951,51.25590069026606,45.22579472670535,39.19568876314464,35.17561812077083,50.25088302967261,43.21575940551845,63.31611261738749,60.30105963560713,47.23583004789226,46.230812387298805,57.286006653826774,28.14049449661666,44.2207770661119,61.306077296200584,66.33116559916785,62.31109495679404,71.35625390213511,26.130459175429756,48.2408477084857,37.18565344195773,64.32113027798094,60.30105963560713,58.29102431442023
B02011,99000000288,Synthetic Census Tract 99000000288,1.0,Total:,180.02080034437023,134.31603756263894,+/-144,82.08202295494601,249.9770699082447,178.1552998226669,207.07055790906836,186.55005217033184,184.68455164862854,142.71078991030387,132.45053704093561,124.98853495412234,250.90982016909635,128.71953599752896,221.9945620826949,232.25481495206316,303.1438347767893,254.64082121250297,138.97978886689722,117.52653286730906,177.22254956181524,173.49154851840862,176.2897993009636,191.21380347459015,171.6260479967053,129.65228625838063,202.40680660481004,251.84257042994798,222.92731234354656,259.30457251676125,217.33081077843661,197.74305530055176,194.0120542571451,238.78406677802477,147.37454121456216,145.50904069285883,191.21380347459015,178.1552998226669,210.80155895247498,232.25481495206316,152.9710427796721,180.9535506052219,173.49154851840862,147.37454121456216,147.37454121456216,207.07055790906836,200.54130608310675,183.75180138777688,205.20505738736503,136.18153808434224,152.9710427796721,202.40680660481004,155.7692935622271,174.42429877926028,184.68455164862854,183.75180138777688,195.87755477884843,189.34830295288683,152.03829251882047,122.19028417156736,200.54130608310675,179.08805008351857,206.1378076482167,216.39806051758495,160.4330448664854,216.39806051758495,101.66977843283085,149.24004173626548,225.72556312610155,243.44781808228305,255.57357147335463,202.40680660481004,137.1142883451939,213.59980973502996,205.20505738736503,138.04703860604556,141.7780396494522,193.07930399629348,194.0120542571451,208.00330816992002,234.12031547376648,161.36579512733704,209.86880869162334,98.87152765027588
B02011,99000000289,Synthetic Census Tract 99000000289,1.0,Total:,144.64311290417254,136.2444805419948,+/-146,83.05314224820229,114.78130894976273,181.0371864736095,173.57173548500705,118.51403444406395,199.70081394511564,140.9103874098713,79.32041675390107,225.82989240522423,179.17082372645888,91.45177461038006,150.2422011456244,125.0463040590911,84.91950499535291,112.91494620261211,144.64311290417254,158.64083350780214,159.57401488137745,178.2376423528836,166.10628449640458,160.50719625495276,170.77219136428113,132.51175504769355,192.2353629565132,198.76763257154033,151.1753825191997,94.25131873110598,134.37811779484417,146.50947565132316,188.50263746221196,137.1776619155701,155.84128938707622,186.63627471506135,111.0485834554615,113.84812757618742,123.17994131194048,106.38267658758497,199.70081394511564,127.84584817981703,141.8435687834466,167.9726472435552,130.64539230054294,175.43809823215767,97.0508628518319,138.1108432891454,235.1617061409773,185.70309334148604,171.70537273785644,88.65223048965414,71.85496576529862,180.1040051000342,183.83673059433542,65.32269615027147,172.63855411143174,180.1040051000342,112.91494620261211,157.70765213422683,100.78358834613313,166.10628449640458,191.3021815829379,151.1753825191997,144.64311290417254,136.2444805419948,93.31813735753067,169.83900999070582,136.2444805419948,201.56717669226626,246.35988262388096,71.85496576529862,84.91950499535291,234.22852476740198,162.37355900210338,120.38039719121457,202.50035806584157,199.70081394511564,104.51631384043435,91.45177461038006,111.0485834554615,116.64767169691333,130.64539230054294,136.2444805419948
B02011,99000000290,Synthetic Census Tract 99000000290,1.0,Total:,107.7933466691148,68.30469491904304,+/-64,41.62317346629185,106.72608581100475,138.74391155430618,125.93678125698561,119.53321610832532,104.59156409478466,96.05347722990427,134.474868121866,109.9278683853349,132.3403464056459,78.97730350014352,115.26417267588513,120.60047696643538,137.67665069619613,82.17908607447366,58.699347196052614,91.78443379746409,104.59156409478466,93.91895551368418,107.7933466691148,78.97730350014352,101.38978152045452,77.91004264203347,89.649912081244,118.46595525021527,123.80225954076552,125.93678125698561,100.32252066234447,88.58265122313395,127.00404211509566,116.33143353399518,123.80225954076552,109.9278683853349,85.38086864880381,105.6588249528947,128.07130297320572,121.66773782454543,98.18799894612438,120.60047696643538,101.38978152045452,78.97730350014352,94.98621637179423,72.57373835148323,98.18799894612438,109.9278683853349,70.43921663526314,139.81117241241623,113.12965095966504,124.86952039887557,153.68556356784686,151.55104185162676,98.18799894612438,91.78443379746409,93.91895551368418,124.86952039887557,101.38978152045452,106.72608581100475,110.99512924344495,150.48378099351672,109.9278683853349,118.46595525021527,131.27308554753586,135.54212897997604,122.73499868265547,92.85169465557414,97.12073808801433,99.25525980423443,110.99512924344495,91.78443379746409,69.37195577715309,96.05347722990427,83.2463469325837,112.062390101555,154.7528244259569,113.12965095966504,103.52430323667461,83.2463469325837,88.58265122313395,81.11182521636361,105.6588249528947,96.05347722990427
B02011,99000000291,Synthetic Census Tract 99000000291,1.0,Total:,24.15218521180787,30.739144815028194,+/-28,18.66305220912426,27.44566501341803,32.93479801610164,38.42393101878524,27.44566501341803,36.2282778177118,26.34783841288131,8.78261280429377,27.44566501341803,36.2282778177118,17.56522560858754,27.44566501341803,35.13045121717508,25.25001181234459,12.076092605903934,14.271745806977375,20.858705410197704,23.054358611271144,31.836971415564914,25.25001181234459,46.10871722254229,23.054358611271144,19.76087880966098,13.173919206440655,16.46739900805082,9.88043940483049,19.76087880966098,37.32610441824852,24.15218521180787,12.076092605903934,26.34783841288131,25.25001181234459,16.46739900805082,25.25001181234459,42.81523742093213,37.32610441824852,28.54349161395475,27.44566501341803,19.76087880966098,25.25001181234459,7.6847862037570485,29.641318214491474,30.739144815028194,30.739144815028194,30.739144815028194,40.61958421985869,29.641318214491474,7.6847862037570485,25.25001181234459,47.20654382307901,23.054358611271144,26.34783841288131,36.2282778177118,21.956532010734424,10.978266005367212,17.56522560858754,19.76087880966098,24.15218521180787,29.641318214491474,24.15218521180787,37.32610441824852,25.25001181234459,19.76087880966098,16.46739900805082,15.369572407514097,9.88043940483049,24.15218521180787,42.81523742093213,21.956532010734424,13.173919206440655,31.836971415564914,23.054358611271144,15.369572407514097,24.15218521180787,38.42393101878524,29.641318214491474,27.44566501341803,27.44566501341803,14.271745806977375,28.54349161395475,7.6847862037570485
B02011,99000000292,Synthetic Census Tract 99000000292,1.0,Total:,123.36565404389414,74.82834753482103,+/-74,45.503724852256035,157.74624615448758,124.37684792949983,154.71266449767052,125.38804181510552,131.45520512873966,143.58953175600794,104.15297021738604,140.55595009919085,112.24252130223155,116.2872968446543,113.25371518783724,163.81340946812173,83.92909250527224,96.06341913254052,123.36565404389414,103.14177633178035,137.5223684423738,125.38804181510552,153.70147061206484,110.22013353102018,96.06341913254052,108.1977457598088,111.23132741662586,144.60072564161362,163.81340946812173,111.23132741662586,159.76863392569896,130.44401124313396,126.39923570071122,148.6455011840364,143.58953175600794,103.14177633178035,139.54475621358517,150.66788895524778,131.45520512873966,136.5111745567681,78.87312307724379,91.00744970451207,134.48878678555673,106.17535798859741,105.16416410299172,147.63430729843068,111.23132741662586,114.26490907344294,151.67908284085345,82.91789861966656,161.79102169691035,109.20893964541449,141.56714398479656,119.32087850147138,150.66788895524778,114.26490907344294,171.90296055296724,150.66788895524778,118.30968461586569,151.67908284085345,119.32087850147138,116.2872968446543,126.39923570071122,132.46639901434534,165.83579723933312,132.46639901434534,118.30968461586569,107.1865518742031,100.10819467496327,142.57833787040224,126.39923570071122,85.95148027648362,104.15297021738604,125.38804181510552,114.26490907344294,143.58953175600794,130.44401124313396,110.22013353102018,112.24252130223155,107.1865518742031,153.70147061206484,164.8246033537274,118.30968461586569,163.81340946812173
B02011,99000000293,Synthetic Census Tract 99000000293,1.0,Total:,230.64781237409002,167.64678954968582,+/-157,101.44232488675256,226.37655658938465,286.17413757525986,190.070882419389,277.6316260058491,257.34316102849857,244.52939367438248,287.2419515214362,195.40995215027073,229.5799984279137,159.10427798027507,175.1214871729202,256.27534708232224,242.3937657820298,238.12250999732444,322.4798117452555,233.85125421261907,146.29051062615895,246.66502156673516,211.42716134291587,233.85125421261907,197.5455800426234,255.2075331361459,163.37553376498045,308.59823044496306,274.42818416732007,240.2581378896771,287.2419515214362,211.42716134291587,275.4959981134964,153.76520824939337,130.2733014335138,214.63060318144488,261.61441681320395,235.98688210497176,331.02232331466627,222.1053008046793,129.20548748733748,276.5638120596728,194.34213820409437,242.3937657820298,193.27432425791804,222.1053008046793,227.444370535561,287.2419515214362,266.9534865440857,248.80064945908785,280.83506784437816,229.5799984279137,247.73283551291152,133.47674327204285,146.29051062615895,181.52837084997827,270.1569283826147,223.17311475085563,245.59720762055883,201.8168358273288,186.86744058085998,256.27534708232224,160.1720919264514,240.2581378896771,199.6812079349761,268.02130049026204,193.27432425791804,349.1751603996641,228.51218448173734,242.3937657820298,284.03850968290715,185.79962663468365,304.3269746602577,161.23990587262776,111.05265040233965,232.7834402664427,275.4959981134964,241.32595183585346,298.987904929376,254.13971918996958,189.00306847321266,324.6154396376082,167.64678954968582,192.20651031174168
B02011,99000000294,Synthetic Census Tract 99000000294,1.0,Total:,51.60902364466697,38.43225165028391,+/-35,23.059350990170348,49.41289497893646,47.21676631320595,52.707087977532225,41.72644464887968,31.843865653092383,56.00128097612799,51.60902364466697,62.58966697331952,51.60902364466697,66.98192430478053,69.17805297051105,43.92257331461018,35.13805865168815,41.72644464887968,59.29547397472375,60.393538307589004,30.74580132022713,43.92257331461018,41.72644464887968,61.49160264045426,58.19740964185849,37.33418731741866,56.00128097612799,76.86450330056782,61.49160264045426,52.707087977532225,48.3148306460712,70.2761173033763,40.62838031601442,52.707087977532225,38.43225165028391,51.60902364466697,80.1586962991636,59.29547397472375,62.58966697331952,61.49160264045426,43.92257331461018,56.00128097612799,42.82450898174493,52.707087977532225,38.43225165028391,42.82450898174493,58.19740964185849,61.49160264045426,68.07998863764578,47.21676631320595,57.09934530899324,62.58966697331952,62.58966697331952,62.58966697331952,90.04127529495088,65.88385997191527,45.02063764747544,52.707087977532225,58.19740964185849,64.78579563905002,37.33418731741866,57.09934530899324,65.88385997191527,42.82450898174493,58.19740964185849,47.21676631320595,61.49160264045426,52.707087977532225,77.96256763343308,49.41289497893646,38.43225165028391,43.92257331461018,50.51095931180171,59.29547397472375,38.43225165028391,47.21676631320595,54.90321664326273,39.530315983149166,62.58966697331952,35.13805865168815,45.02063764747544,39.530315983149166,42.82450898174493,58.19740964185849
B02011,99000000295,Synthetic Census Tract 99000000295,1.0,Total:,212.5850916964499,176.38064376561343,+/-190,107.68502461479557,193.09038896446103,270.1408807147027,298.9187752238291,186.59215472046475,194.94702731988855,103.97174790394055,210.72845334102237,215.37004922959113,152.2443451450558,181.02223965418221,246.9329012718588,112.32662050336435,166.16913281076214,315.6285204226767,165.2408136330484,240.43466702786253,240.43466702786253,197.73198485302981,295.2054985129741,210.72845334102237,164.31249445533462,191.2337506090335,177.3089629433272,270.1408807147027,251.5744971604276,275.7107957809852,231.15147525072499,181.02223965418221,253.4311355158551,208.87181498559485,101.18679037079929,278.4957533141265,297.99045604611536,163.38417527762087,227.43819853986997,226.5098793621562,233.93643278386625,201.44526156388483,162.45585609990712,229.29483689529746,167.09745198847588,224.6532410067287,179.1656012987547,265.49928482613393,234.86475196158,277.5674341364127,191.2337506090335,198.66030403074356,236.72139031700752,228.36651771758372,104.90006708165431,386.18077792892205,293.34886015754654,179.1656012987547,204.2302190970261,198.66030403074356,219.08332594044617,206.0868574524536,166.16913281076214,268.2842423592752,195.8753464976023,247.86122044957256,261.7860081152789,189.37711225360601,187.5204738981785,101.18679037079929,200.51694238617108,168.9540903439034,140.176195834777,201.44526156388483,242.29130538329005,129.9646848799257,159.67089856676586,288.7072642689778,220.93996429587366,209.80013416330863,220.93996429587366,236.72139031700752,283.13734920269525,294.2771793352603
B02011,99000000296,Synthetic Census Tract 99000000296,1.0,Total:,4.948245613254351,11.875789471810442,+/-12,6.927543858556092,2.9689473679526106,5.937894735905221,8.906842103857832,2.9689473679526106,1.9792982453017405,9.896491226508703,5.937894735905221,4.948245613254351,11.875789471810442,4.948245613254351,7.917192981206962,5.937894735905221,4.948245613254351,5.937894735905221,1.9792982453017405,3.958596490603481,1.9792982453017405,7.917192981206962,4.948245613254351,13.855087717112184,0.9896491226508702,5.937894735905221,12.865438594461313,1.9792982453017405,0.9896491226508702,10.886140349159573,5.937894735905221,4.948245613254351,9.896491226508703,5.937894735905221,8.906842103857832,8.906842103857832,4.948245613254351,7.917192981206962,0.9896491226508702,5.937894735905221,1.9792982453017405,6.927543858556092,6.927543858556092,1.9792982453017405,11.875789471810442,7.917192981206962,2.9689473679526106,12.865438594461313,9.896491226508703,1.9792982453017405,5.937894735905221,3.958596490603481,1.9792982453017405,5.937894735905221,0.9896491226508702,5.937894735905221,4.948245613254351,7.917192981206962,13.855087717112184,5.937894735905221,9.896491226508703,5.937894735905221,6.927543858556092,1.9792982453017405,6.927543858556092,4.948245613254351,0.9896491226508702,9.896491226508703,9.896491226508703,1.9792982453017405,4.948245613254351,3.958596490603481,0.9896491226508702,4.948245613254351,0.9896491226508702,5.937894735905221,5.937894735905221,7.917192981206962,11.875789471810442,6.927543858556092,9.896491226508703,6.927543858556092,4.948245613254351,12.865438594461313
B02011,99000000297,Synthetic Census Tract 99000000297,1.0,Total:,19.57029086336768,17.613261777030914,+/-18,10.763659974852224,16.63474723386253,14.677718147525761,23.484349036041216,21.52731994970445,21.52731994970445,27.398407208714755,12.720689061188992,14.677718147525761,28.37692175188314,31.31246538138829,16.63474723386253,25.441378122377984,22.505834492872832,20.548805406536065,23.484349036041216,13.699203604357377,17.613261777030914,16.63474723386253,14.677718147525761,19.57029086336768,15.656232690694145,26.41989266554637,27.398407208714755,23.484349036041216,12.720689061188992,16.63474723386253,23.484349036041216,27.398407208714755,20.548805406536065,25.441378122377984,25.441378122377984,14.677718147525761,11.742174518020608,22.505834492872832,17.613261777030914,24.4628635792096,19.57029086336768,19.57029086336768,16.63474723386253,20.548805406536065,31.31246538138829,30.333950838219906,23.484349036041216,21.52731994970445,21.52731994970445,11.742174518020608,20.548805406536065,21.52731994970445,11.742174518020608,21.52731994970445,21.52731994970445,11.742174518020608,14.677718147525761,13.699203604357377,20.548805406536065,26.41989266554637,19.57029086336768,22.505834492872832,25.441378122377984,23.484349036041216,21.52731994970445,13.699203604357377,25.441378122377984,17.613261777030914,31.31246538138829,30.333950838219906,16.63474723386253,10.763659974852224,19.57029086336768,16.63474723386253,14.677718147525761,29.355436295051522,24.4628635792096,19.57029086336768,21.52731994970445,13.699203604357377,21.52731994970445,18.591776320199298,27.398407208714755,18.591776320199298
B02011,99000000298,Synthetic Census Tract 99000000298,1.0,Total:,167.6298037814504,115.41724194788387,+/-126,70.53275896815126,192.36206991313978,150.2256165035949,216.17832618809996,228.08645432558004,206.10221776407835,174.04187277855505,147.47758693340717,212.514286761183,101.67709409694531,144.72955736321947,173.1258629218258,133.73743908246863,194.19408962659827,114.50123209115463,163.96576435453343,225.3384247553923,138.3174883661148,218.01034590155842,144.72955736321947,213.43029661791223,186.86601077276435,238.16256274960165,230.83448389576773,126.40936022863471,150.2256165035949,181.36995163238893,158.469705214158,218.92635575828766,167.6298037814504,197.8581290535152,179.53793191893047,114.50123209115463,132.82142922573937,125.49335037190548,207.9342374775368,183.20197134584743,137.40147850938556,138.3174883661148,129.15738979882244,182.28596148911816,236.33054303614315,124.57734051517625,213.43029661791223,205.18620790734911,145.6455672199487,189.61404034295208,173.1258629218258,163.0497544978042,185.0339910593059,205.18620790734911,115.41724194788387,178.62192206220124,146.56157707667793,175.8738924920135,168.54581363817962,136.48546865265632,169.46182349490886,154.80566578724105,218.92635575828766,251.9027106005402,182.28596148911816,165.7977840679919,109.92118280750844,147.47758693340717,188.69803048622285,142.89753764976098,145.6455672199487,216.17832618809996,163.0497544978042,175.8738924920135,184.11798120257666,163.96576435453343,139.23349822284405,186.86601077276435,184.11798120257666,150.2256165035949,137.40147850938556,120.91330108825929,180.4539417756597,119.99729123153006
B02011,99000000299,Synthetic Census Tract 99000000299,1.0,Total:,90.3916789720696,67.26822621177273,+/-64,40.99157534779901,115.61726380148437,85.13634879927486,97.74914121398224,120.87259397427913,92.4938110411875,93.54487707574646,91.44274500662856,86.18741483383381,72.52355638456747,95.64700914486434,58.859697935301135,94.5959431103054,121.92366000883807,68.31929224633167,91.44274500662856,76.72782052280327,116.66832983604333,135.5875184581044,83.03421673015696,68.31929224633167,119.82152793972017,58.859697935301135,67.26822621177273,85.13634879927486,98.8002072485412,91.44274500662856,72.52355638456747,93.54487707574646,105.10660345589488,86.18741483383381,68.31929224633167,68.31929224633167,118.77046190516123,59.910763969860085,80.93208466103906,54.65543379706534,77.77888655736221,101.95340535221804,107.20873552501278,115.61726380148437,71.47249035000853,130.33218828530966,94.5959431103054,73.57462241912643,58.859697935301135,91.44274500662856,109.31086759413068,105.10660345589488,74.62568845368537,103.00447138677698,111.41299966324858,104.05553742133594,63.063962073536935,134.53645242354546,106.15766949045384,105.10660345589488,98.8002072485412,57.808631900742185,85.13634879927486,119.82152793972017,58.859697935301135,94.5959431103054,80.93208466103906,48.34903758971165,57.808631900742185,100.90233931765908,68.31929224633167,92.4938110411875,97.74914121398224,74.62568845368537,100.90233931765908,67.26822621177273,74.62568845368537,99.85127328310014,81.98315069559801,95.64700914486434,99.85127328310014,62.012896038977985,93.54487707574646,68.31929224633167
B02011,99000000300,Synthetic Census Tract 99000000300,1.0,Total:,44.40401124590334,42.4304996349743,+/-43,25.655650942077486,38.48347641311623,63.152371549729196,56.245080911477565,38.48347641311623,38.48347641311623,66.11263896612274,47.3642786622969,39.47023221858075,58.2185925224066,48.351034467761416,47.3642786622969,61.17885993880016,48.351034467761416,62.16561574426468,68.0861505770518,46.37752285683238,39.47023221858075,38.48347641311623,21.70862772021941,12.827825471038743,54.27156930054853,40.456988024045266,21.70862772021941,44.40401124590334,37.49672060765171,38.48347641311623,51.31130188415497,42.4304996349743,37.49672060765171,20.721871914754892,27.629162553006523,40.456988024045266,45.39076705136786,26.642406747542005,44.40401124590334,34.536453191258154,67.09939477158727,62.16561574426468,43.41725544043882,42.4304996349743,31.576185774864598,17.761604498361336,48.351034467761416,45.39076705136786,42.4304996349743,34.536453191258154,35.52320899672267,42.4304996349743,21.70862772021941,37.49672060765171,29.60267416393556,28.615918358471042,26.642406747542005,25.655650942077486,40.456988024045266,37.49672060765171,54.27156930054853,46.37752285683238,52.29805768961949,73.01992960437438,54.27156930054853,62.16561574426468,50.32454607869045,36.50996480218719,58.2185925224066,60.19210413333564,52.29805768961949,42.4304996349743,55.25832510601305,61.17885993880016,50.32454607869045,42.4304996349743,42.4304996349743,58.2185925224066,51.31130188415497,49.337790273225934,43.41725544043882,58.2185925224066,55.25832510601305,71.04641799344535
B02011,99000000301,Synthetic Census Tract 99000000301,1.0,Total:,296.17188527774795,132.18409644946468,+/-133,80.50309633388451,288.2209621830433,311.07986608031916,210.69946200967303,282.2577698620148,324.9939814960523,373.6933854511182,301.14121221193835,304.1228083724526,296.17188527774795,361.76700080906124,245.48475054900584,297.165750664586,350.83448155384235,298.1596160514241,253.4356736437105,280.27003908833865,314.0614622408334,316.04919301450957,282.2577698620148,261.3865967384151,247.472481322682,258.40500057790086,273.3129813804721,245.48475054900584,367.73019313008973,311.07986608031916,325.9878468828904,289.2148275698814,279.27617370150057,298.1596160514241,321.0185199487,372.69952006428014,240.51542361481543,293.1902891172337,286.23323140936714,245.48475054900584,311.07986608031916,285.23936602252905,282.2577698620148,320.0246545618619,260.392731351577,356.79767387487084,249.46021209635816,318.03692378818573,354.8099431011947,284.245500635691,313.0675968539953,310.0860006934811,345.86515461965195,330.95717381708073,331.9510392039188,330.95717381708073,271.3252506067959,214.67492355702535,250.45407748319624,301.14121221193835,329.96330843024265,339.90196229862346,312.07373146715724,320.0246545618619,336.9203661381092,302.13507759877643,304.1228083724526,223.61971203856808,294.1841545040718,368.7240585169278,309.092135306643,316.04919301450957,207.71786584915878,291.20255834355754,281.26390447517673,283.2516352488529,286.23323140936714,337.9142315249473,290.20869295671946,230.57676974643465,304.1228083724526,276.2945775409863,198.77307736761608,361.76700080906124
B02011,99000000302,Synthetic Census Tract 99000000302,1.0,Total:,199.04880327920668,106.96547839770453,+/-115,65.10942163338537,201.83920706349463,203.69947625301992,136.72978543010927,194.39813030539344,191.6077265211055,176.72557300490314,247.41580220686438,186.0269189525296,185.09678435776695,184.1666497630043,229.74324490637406,152.54207354107427,186.0269189525296,175.7954384101405,196.25839949491873,197.18853408968138,121.8476319139069,219.51176436398492,211.1405530111211,169.28449624680195,187.8871881420549,184.1666497630043,210.21041841635846,204.62961084778257,227.88297571684876,233.46378328542465,204.62961084778257,159.98315029917546,269.73903248116795,236.2541870697126,219.51176436398492,220.44189895874757,211.1405530111211,167.42422705727665,194.39813030539344,156.26261192012487,172.0749000310899,198.11866868444403,213.93095679540906,213.93095679540906,252.99660977544028,183.23651516824165,202.76934165825728,232.533648690662,166.494092462514,205.55974544254522,106.03534380294188,226.9528411220861,267.87876329164266,177.6557075996658,185.09678435776695,219.51176436398492,188.81732273681754,227.88297571684876,170.2146308415646,165.56395786775136,243.6952638278138,225.09257193256082,183.23651516824165,251.13634058591498,231.60351409589936,243.6952638278138,228.8131103116114,159.05301570441281,139.5201892143972,190.67759192634284,221.37203355351022,219.51176436398492,126.49830488772014,160.9132848939381,179.51597678919106,198.11866868444403,186.95705354729225,155.33247732536222,235.32405247494995,184.1666497630043,187.8871881420549,189.7474573315802,200.90907246873198,200.90907246873198
B02011,99000000303,Synthetic Census Tract 99000000303,1.0,Total:,237.7910739333281,172.25810080209595,+/-184,104.85275700997146,274.30230182072887,230.30159128975873,144.17254088871076,241.53581525511282,210.64169935038908,297.7069350818832,197.53510472414266,260.2595218640363,296.77074975143705,231.2377766202049,278.0470431425136,305.19641772545265,200.34366071548118,192.85417807191178,171.3219154716498,246.21674190734367,223.74829397663552,146.98109688004928,234.04633261154342,274.30230182072887,309.87734437768347,291.15363776876,258.38715120314396,226.55684996797405,293.96219376009856,265.87663384671333,211.57788468083527,252.77003922046688,245.2805565768975,203.1522167068197,144.17254088871076,189.1094367501271,243.40818591600515,299.5793057427756,278.0470431425136,208.76932868949675,193.79036340235794,376.34650283936185,352.9418695782075,268.6851898380518,134.81068758424902,278.0470431425136,349.1971282564228,209.7055140199429,216.25881133306612,167.5771741498651,207.83314335905055,219.06736732440464,301.45167640366793,295.8345644209909,257.4509658726978,260.2595218640363,210.64169935038908,279.9194138034059,275.2384871511751,197.53510472414266,249.0252978986822,340.77146028240725,235.91870327243578,184.4285100978962,302.3878617341141,171.3219154716498,177.875212784773,259.3233365335901,243.40818591600515,249.0252978986822,280.8555991338521,293.0260084296524,205.96077269815822,244.34437124645135,230.30159128975873,212.51407001128143,293.96219376009856,173.19428613254215,217.19499666351228,254.64240988135924,234.98251794198958,107.66131300130998,210.64169935038908,186.30088075878857
B02011,99000000304,Synthetic Census Tract 99000000304,1.0,Total:,31.361201008506047,51.908194772699666,+/-48,31.361201008506047,10.814207244312431,30.279780284074803,31.361201008506047,22.709835213056103,27.035518110781076,43.256828977249725,33.52404245736854,24.87267666191859,18.384152315331132,65.96666419030582,46.50109115054345,9.732786519881188,38.93114607952475,74.61802998575577,12.977048693174916,19.465573039762376,52.989615497130906,20.54699376419362,17.30273159089989,11.895627968743673,8.651365795449944,40.01256680395599,31.361201008506047,36.768304630662264,52.989615497130906,27.035518110781076,57.31529839485588,32.44262173293729,22.709835213056103,38.93114607952475,25.954097386349833,16.221310866468645,41.09398752838724,29.198359559643563,9.732786519881188,42.17540825281848,19.465573039762376,9.732786519881188,43.256828977249725,62.722402017012094,49.74535332383718,33.52404245736854,29.198359559643563,22.709835213056103,8.651365795449944,25.954097386349833,16.221310866468645,40.01256680395599,30.279780284074803,9.732786519881188,20.54699376419362,52.989615497130906,20.54699376419362,8.651365795449944,60.55956056814961,47.58251187497469,21.628414488624863,42.17540825281848,25.954097386349833,35.68688390623102,59.47813984371837,17.30273159089989,27.035518110781076,29.198359559643563,12.977048693174916,25.954097386349833,10.814207244312431,36.768304630662264,33.52404245736854,18.384152315331132,51.908194772699666,24.87267666191859,9.732786519881188,22.709835213056103,35.68688390623102,20.54699376419362,41.09398752838724,59.47813984371837,34.60546318179978,14.05846941760616
B02011,99000000305,Synthetic Census Tract 99000000305,1.0,Total:,140.88412175820264,132.70375339804895,+/-146,80.89475378374217,111.79836758876726,176.33238465220202,169.06094610984317,115.43408685994669,194.51098100809915,137.24840248702324,77.25903451256275,219.9610159063551,174.5145250166123,89.07512214389587,146.33770066497178,121.79659558451068,82.71261341933187,109.98050795317755,140.88412175820264,154.5180690251255,155.42699884292034,173.60559519881747,161.78950756748435,156.3359286607152,166.33415665645862,129.06803412686952,187.2395424657403,193.60205119030428,147.24663048276665,91.80191159728044,130.88589376245923,142.70198139379235,183.60382319456087,133.61268321584382,151.79127957174092,181.78596355897116,108.16264831758784,110.8894377709724,119.97873594892097,103.61799922861357,194.51098100809915,124.52338503789525,138.15733230481808,163.60736720307403,127.25017449127982,170.87880574543289,94.528701050665,134.52161303363866,229.05031408430366,180.87703374117632,167.24308647425346,86.3483326905113,69.9875959702039,175.42345483440718,179.0591741055866,63.62508724563991,168.15201629204833,175.42345483440718,109.98050795317755,153.60913920733063,98.16442032184443,161.78950756748435,186.33061264794543,147.24663048276665,140.88412175820264,132.70375339804895,90.89298177948558,165.42522683866375,132.70375339804895,196.32884064368886,239.95747189784194,69.9875959702039,82.71261341933187,228.14138426650882,158.15378829630492,117.2519464955364,197.2377704614837,194.51098100809915,101.80013959302386,89.07512214389587,108.16264831758784,113.61622722435698,127.25017449127982,132.70375339804895
B02011,99000000306,Synthetic Census Tract 99000000306,1.0,Total:,52.061375134380775,62.47365016125693,+/-66,37.86281827954965,29.34368416665098,53.95451604835826,62.47365016125693,62.47365016125693,54.901086505346996,89.92419341393042,37.86281827954965,17.038268225797342,36.91624782256091,31.236825080628464,59.633938790290706,47.328522849437064,37.86281827954965,46.381952392448326,68.15307290318937,82.3516297580205,47.328522849437064,55.84765696233574,44.48881147847084,53.00794559136951,66.25993198921189,59.633938790290706,37.86281827954965,57.74079787631322,41.649100107504616,20.824550053752308,45.43538193545958,93.71047524188539,69.09964336017812,69.09964336017812,47.328522849437064,72.88592518813309,58.68736833330196,57.74079787631322,49.22166376341455,37.86281827954965,53.95451604835826,59.633938790290706,69.09964336017812,22.71769096772979,51.11480467739203,52.061375134380775,73.83249564512182,57.74079787631322,50.16823422040329,56.79422741932448,54.901086505346996,34.076536451594684,38.809388736538395,29.34368416665098,41.649100107504616,57.74079787631322,53.95451604835826,61.52707970426818,54.901086505346996,68.15307290318937,83.29820021500923,121.16101849455889,83.29820021500923,95.60361615586287,77.61877747307679,64.3667910752344,64.3667910752344,49.22166376341455,50.16823422040329,59.633938790290706,42.59567056449336,64.3667910752344,91.8173343279079,83.29820021500923,54.901086505346996,46.381952392448326,44.48881147847084,38.809388736538395,42.59567056449336,53.95451604835826,28.39711370966224,25.557402338696015,58.68736833330196,19.877979596763566
B02011,99000000307,Synthetic Census Tract 99000000307,1.0,Total:,437.9942227907479,231.9356715872232,+/-242,140.88654431124715,395.8241006839801,312.44226833650725,530.9601737988497,486.8732279599561,286.56514795280884,471.5386381029496,490.70687542420774,340.23621245233153,466.7465787726351,612.4251824141968,508.9167008794029,553.0036467182966,471.5386381029496,398.6993362821688,444.7031058531883,388.1568057554768,332.5689175238283,348.8619192468977,396.78251255004295,446.6199295853141,410.20027867492365,376.65586336272196,464.82975504050927,386.239982023351,385.2815701572881,596.1321806911274,415.95074987130107,397.7409244161059,429.36851599618177,359.40444977358965,542.4611161916047,408.28345494279785,451.4119889156286,488.79005169208193,469.6218143708238,438.9526346568108,412.11710240704946,488.79005169208193,371.8638040324074,333.5273293898912,367.0717447020929,530.9601737988497,556.8372941825482,489.7484635581448,440.86945838893666,455.24563637988024,427.45169226405596,530.0017619327868,435.1189871925592,437.9942227907479,447.57834145137696,469.6218143708238,377.61427522878483,485.9148160938932,409.2418668088608,336.4025649880799,404.44980747854623,456.2040482459431,377.61427522878483,353.65397857721223,426.49328039799303,551.0868229861708,431.2853397283076,331.6105056577654,507.95828901334005,566.4214128431773,368.98856843421873,444.7031058531883,488.79005169208193,360.3628616396526,539.5858805934159,467.704990638698,334.4857412559541,380.48951082697357,321.0679751310734,448.5367533174399,417.8675736034269,411.1586905409866,530.0017619327868,479.20593303145284
B02011,99000000308,Synthetic Census Tract 99000000308,1.0,Total:,513.9903468673634,327.35695878154405,+/-328,198.60986218758313,642.7374434613243,589.8413495118675,599.8217445966707,387.2393292903631,395.22364535820566,626.7688113256393,584.851151969466,383.24717125644185,502.0138727655996,594.8315470542691,323.3648007476228,343.32559091722914,470.07660849422945,490.0373986638358,569.8805593422612,549.9197691726548,499.01975424015865,497.02367522319804,494.0295566977571,532.9530975284895,383.24717125644185,529.9589790030485,545.9276111387336,839.3512266319468,640.7413644443637,377.25893420555997,327.35695878154405,612.7962582069148,492.0334776807964,372.26873666315834,610.8001791899542,551.9158481896154,568.8825198337809,537.943295070891,338.33539337482756,497.02367522319804,495.0275962062374,573.8727173761824,444.1275812737412,528.9609394945682,604.8119421390722,499.01975424015865,429.15698864653643,431.1530676634971,411.19227749389074,604.8119421390722,532.9530975284895,397.21972437516627,557.9040852404974,634.7531273934818,384.24521076492215,388.2373687988434,544.9295716302532,518.980544409765,613.7942977153951,577.8648754101038,556.9060457320171,567.8844803253005,540.937413596332,497.02367522319804,387.2393292903631,550.9178086811352,424.16679110413486,556.9060457320171,758.5100264450411,422.1707120871742,369.2746181377174,525.9668209691272,510.99622834192246,368.27657862923706,602.8158631221116,690.6433398683796,540.937413596332,563.8923222913793,358.2961835444339,505.0079912910406,511.99426785040276,499.01975424015865,588.8433100033872,570.8785988507415
B02011,99000000309,Synthetic Census Tract 99000000309,1.0,Total:,727.3616597411159,535.0940322011566,+/-526,325.532491072947,785.3471347134846,600.200530415746,433.36512874086065,410.98476997959557,771.1050882290431,934.8886228001196,869.7821245855301,659.2032944227176,772.1223772636461,768.0532211252342,666.3243176649383,669.3761847687472,973.545606115032,1038.6521043296214,986.7703635648705,665.3070286303354,746.6901513985721,605.2869755887608,585.9584839313045,404.8810357719778,866.7302574817213,815.8658057515734,885.0414601045745,1014.2371674991504,821.9695399591911,515.7655405437004,710.0677461528655,863.6783903779125,948.113380249958,719.2233474642923,968.4591609420172,692.7738325646153,600.200530415746,590.0276400697164,712.1023242220715,595.1140852427312,519.8346966821122,568.6645703430543,778.2261114712638,1015.2544565337533,734.4826829833366,645.9785369728792,590.0276400697164,331.6362252805647,692.7738325646153,830.1078522360148,793.4854469903082,573.7510155160691,758.8976198138076,708.0331680836597,758.8976198138076,798.571892163323,880.9723039661627,826.038696097603,1060.0151740562835,751.7765965715869,666.3243176649383,533.0594541319507,507.62722826687667,537.1286102703625,833.1597193398236,812.8139386477644,990.8395197032823,901.3180846582219,786.3644237480876,563.5781251700395,656.1514273189088,989.8222306686794,843.3326096858532,679.5490751147768,955.2344034921788,802.6410483017348,566.6299922738483,560.5262580662305,601.2178194503489,754.8284636753958,580.8720387582897,617.4944440039963,605.2869755887608,883.0068820353687
B02011,99000000310,Synthetic Census Tract 99000000310,1.0,Total:,284.617528623488,184.75172910647467,+/-185,112.84835345422506,257.6537627538944,203.7262310147072,335.54908637716477,210.71683698089814,300.59605654621015,236.6819448553216,281.62155463797757,294.60410857518934,341.5410343481856,279.62423864763736,274.63094867178665,213.71281096640854,281.62155463797757,376.49406417914025,296.6014245655296,306.58800451723096,379.4900381646507,203.7262310147072,307.58666251240106,315.57592647376214,246.66852480702292,275.6296066669568,280.62289664280746,295.60276657035945,263.6457107249152,199.73159903402666,330.5557964013141,351.5276142998869,252.66047277804373,362.51285224675837,289.61081859933864,201.72891502436693,291.6081345896789,381.48735415499095,313.57861048342187,340.54237635301547,254.657788768384,226.69536490362026,322.56653243995305,294.60410857518934,256.65510475872424,352.5262722950571,365.5088262322688,214.71146896157867,242.6738928263424,166.77588519341225,283.61887062831784,348.53164031437655,268.63900070076585,277.6269226572971,435.4148858941781,156.78930524171093,238.67926084566187,333.5517703868245,252.66047277804373,369.50345821294934,344.537008333696,224.69804891328,248.6658407973632,250.66315678770346,200.7302570291968,270.6363166911061,337.54640236750504,239.677918840832,285.6161866186581,297.6000825606997,295.60276657035945,227.6940228987904,412.44575200526504,354.52358828539735,256.65510475872424,290.6094765945088,345.5356663288661,366.5074842274389,263.6457107249152,307.58666251240106,289.61081859933864,230.6899968843008,278.6255806524672,315.57592647376214
B02011,99000000311,Synthetic Census Tract 99000000311,1.0,Total:,105.43465269480828,83.43089908893525,+/-91,51.342091747037074,96.26642202569452,89.84866055731489,78.84678375437836,171.44591351242738,88.93183749040351,128.3552293675927,121.02064483230168,62.343968549973596,106.35147576171966,95.34959895878315,88.01501442349213,109.10194496245379,108.18512189554241,112.7692372300993,81.5972529551125,121.93746789921306,120.10382176539031,117.35335256465618,127.43840630068132,63.26079161688497,98.10006815951728,93.5159528249604,167.77862124478187,80.68042988820112,89.84866055731489,121.93746789921306,88.01501442349213,102.68418349407415,65.09443775070773,66.0112608176191,116.4365294977448,157.69356750875673,88.93183749040351,92.59912975804902,151.2758060403771,103.60100656098552,106.35147576171966,150.35898297346571,90.76548362422626,153.10945217419984,88.93183749040351,110.01876802936516,108.18512189554241,150.35898297346571,62.343968549973596,99.93371429334003,97.1832450926059,87.09819135658076,100.85053736025141,98.10006815951728,49.50844561321433,137.52346003670647,96.26642202569452,105.43465269480828,115.51970643083342,118.27017563156755,121.93746789921306,134.77299083597234,144.85804457199748,74.26266841982148,119.18699869847893,95.34959895878315,99.01689122642865,113.68606029701067,107.26829882863103,154.02627524111122,135.6898139028837,87.09819135658076,64.17761468379635,97.1832450926059,121.02064483230168,117.35335256465618,76.09631455364423,91.68230669113764,82.51407602202387,106.35147576171966,117.35335256465618,99.01689122642865,113.68606029701067,116.4365294977448
B02011,99000000312,Synthetic Census Tract 99000000312,1.0,Total:,121.43788682382628,109.10435144328142,+/-115,66.41134435677999,119.54041984220399,166.97709438276112,134.72015569518229,142.3100236216714,154.64355900221628,92.02714860868085,163.18216041951655,134.72015569518229,129.0277547503154,87.28348115462514,161.28469343789428,157.4897594746497,119.54041984220399,125.23282078707085,70.20627832002457,91.07841511786971,144.2074906032937,58.82147643029085,140.41255664004913,143.25875711248256,176.46442929087254,118.59168635139285,142.3100236216714,148.9511580573494,144.2074906032937,231.49097175791883,154.64355900221628,93.92461559030313,72.10374530164685,126.18155427788199,99.61701653517,111.0018184249037,136.61762267680456,104.3606839892257,128.0790212595043,117.6429528605817,48.38540803136828,111.0018184249037,138.51508965842686,83.48854719138056,88.23221464543627,113.84801889733713,114.79675238814828,119.54041984220399,118.59168635139285,74.00121228326914,111.0018184249037,183.10556372655054,191.64416514385084,101.51448351679228,179.310629763306,149.89989154816055,82.53981370056943,145.15622409410486,112.89928540652599,92.975882099492,172.669495327628,123.33535380544856,131.87395522274883,133.77142220437113,140.41255664004913,75.89867926489143,129.97648824112656,145.15622409410486,108.15561795247028,152.74609202059398,91.07841511786971,122.38662031463741,126.18155427788199,163.18216041951655,103.41195049841457,122.38662031463741,94.87334908111428,101.51448351679228,191.64416514385084,126.18155427788199,95.82208257192542,130.9252217319377,92.975882099492,85.38601417300285
B02011,99000000313,Synthetic Census Tract 99000000313,1.0,Total:,120.76509749563343,103.66561466439329,+/-97,63.054342940197984,133.5897096190635,142.1394510346836,120.76509749563343,73.74151970972306,135.72714497296855,116.49022678782339,102.59689698744079,131.4522742651585,122.90253284953845,127.17740355734847,96.18459092572574,120.76509749563343,134.65842729601604,100.45946163353577,97.25330860267825,156.0327808350662,98.32202627963075,91.9097202179157,157.1014985120187,111.14663840306085,127.17740355734847,193.437899528404,175.26969902021133,67.32921364800802,130.383556588206,112.21535608001336,167.7886752815438,74.81023738667557,147.48303941944613,104.7343323413458,47.02357778591036,115.42150911087089,84.42869647924815,117.5589444647759,131.4522742651585,97.25330860267825,106.87176769525082,112.21535608001336,166.7199576045913,131.4522742651585,105.80305001829831,143.2081687116361,173.13226366630633,102.59689698744079,119.69637981868092,90.8410025409632,187.02559346668895,63.054342940197984,95.11587324877323,158.1702161889712,105.80305001829831,131.4522742651585,140.00201568077858,111.14663840306085,121.83381517258593,88.70356718705818,120.76509749563343,94.04715557182072,118.62766214172841,99.39074395658326,167.7886752815438,165.65123992763876,163.51380457373375,73.74151970972306,75.87895506362808,122.90253284953845,153.89534548116117,114.35279143391837,95.11587324877323,149.62047477335113,103.66561466439329,143.2081687116361,148.55175709639863,54.504601524577915,135.72714497296855,123.97125052649095,150.68919245030366,55.573319201530424,153.89534548116117,136.79586264992105
B02011,99000000314,Synthetic Census Tract 99000000314,1.0,Total:,31.853049942966447,40.073191863731985,+/-39,24.660425762296605,23.632908022200912,26.71546124248799,21.57787254200953,28.770496722679372,28.770496722679372,39.04567412363629,29.798014462775065,33.90808542315783,46.238298304306134,38.0181563835406,24.660425762296605,36.99063864344491,42.12822734392336,24.660425762296605,23.632908022200912,72.95375954679412,54.45844022507167,11.30269514105261,16.44028384153107,48.29333378449752,49.32085152459321,43.15574508401906,38.0181563835406,29.798014462775065,32.88056768306214,32.88056768306214,13.357730621243995,19.522837061818144,17.467801581626762,30.825532202870754,30.825532202870754,41.100709603827674,17.467801581626762,56.513475705263055,47.265816044401824,13.357730621243995,22.60539028210522,44.18326282411475,42.12822734392336,47.265816044401824,59.59602892555013,26.71546124248799,20.550354801913837,40.073191863731985,38.0181563835406,40.073191863731985,19.522837061818144,23.632908022200912,24.660425762296605,40.073191863731985,55.48595796516736,29.798014462775065,20.550354801913837,26.71546124248799,32.88056768306214,19.522837061818144,30.825532202870754,33.90808542315783,36.99063864344491,19.522837061818144,9.247659660861228,32.88056768306214,40.073191863731985,33.90808542315783,34.935603163253525,28.770496722679372,33.90808542315783,49.32085152459321,52.403404744880284,31.853049942966447,11.30269514105261,29.798014462775065,38.0181563835406,42.12822734392336,41.100709603827674,31.853049942966447,22.60539028210522,38.0181563835406,24.660425762296605,24.660425762296605
B02011,99000000315,Synthetic Census Tract 99000000315,1.0,Total:,288.3523468075194,281.1435381373314,+/-273,170.95174846445792,274.9645592771703,500.4972876730515,147.26566283384028,330.57536901862045,196.6974937151293,363.52992293947983,322.3367305384056,206.99579181539787,311.0086026281102,270.84524003706287,376.91771046982893,323.3665603484325,131.81821568343744,377.9475402798558,295.5611554777074,190.51851485496817,160.65345036418938,296.59098528773427,322.3367305384056,280.11370832730455,300.7103045278417,243.03983516633778,186.39919561486076,352.20179502918444,256.4276226966869,339.84383730886213,303.79979395792225,320.2770709183519,435.61800964135966,265.6960909869286,196.6974937151293,257.45745250671376,278.05404870725084,354.26145464923815,184.33953599480705,435.61800964135966,196.6974937151293,147.26566283384028,264.66626117690174,171.9815782744848,178.16055713464593,346.0228161690233,236.86085630617666,184.33953599480705,339.84383730886213,471.6620529922996,293.5014958576537,430.4688605912254,342.93332673894275,368.6790719896141,240.98017554628407,205.965962005371,372.7983912297215,330.57536901862045,277.024218897224,440.76715869149393,219.3537495357201,220.38357934574697,123.5795772032226,169.92191865443107,217.2940899156664,406.78277496060775,250.24864383652576,263.6364313668749,312.0384324381371,393.3949874302586,151.3849820739477,183.3097061847802,225.53272839588126,210.08528124547843,388.2458383801243,337.7841776888084,320.2770709183519,235.8310264961498,247.1591544064452,246.12932459641834,220.38357934574697,385.15634895004376,294.53132566768056,283.2031977573851
B02011,99000000316,Synthetic Census Tract 99000000316,1.0,Total:,43.42970734495139,51.702032553513554,+/-50,32.055260183178405,12.408487812843253,45.49778864709193,14.476569114983796,38.25950408960003,50.66799190244328,45.49778864709193,80.65517078348114,28.953138229967593,64.11052036635681,64.11052036635681,47.56586994923247,71.3488049238487,51.702032553513554,25.851016276756777,61.008398413146,56.87223580886491,14.476569114983796,45.49778864709193,47.56586994923247,43.42970734495139,37.22546343852976,39.2935447406703,52.736073204583825,41.36162604281084,59.974357762075726,42.39566669388112,35.15738213638922,26.885056927827048,26.885056927827048,51.702032553513554,57.906276459935185,25.851016276756777,43.42970734495139,53.770113855654095,26.885056927827048,36.19142278745949,49.63395125137301,39.2935447406703,62.04243906421627,14.476569114983796,11.374447161772983,41.36162604281084,14.476569114983796,47.56586994923247,58.940317111005456,42.39566669388112,71.3488049238487,26.885056927827048,55.83819515779464,72.38284557491897,67.21264231956762,66.17860166849735,41.36162604281084,24.816975625686506,55.83819515779464,56.87223580886491,15.510609766054067,46.5318292981622,58.940317111005456,51.702032553513554,38.25950408960003,43.42970734495139,33.089300834248675,42.39566669388112,48.59991060030274,49.63395125137301,52.736073204583825,29.987178881037863,27.91909757889732,46.5318292981622,48.59991060030274,26.885056927827048,42.39566669388112,61.008398413146,26.885056927827048,26.885056927827048,48.59991060030274,41.36162604281084,53.770113855654095,15.510609766054067
B02011,99000000317,Synthetic Census Tract 99000000317,1.0,Total:,899.9564162557596,465.2406268830944,+/-442,283.1441824243267,897.8512550481438,911.5348028976466,1204.1522107562444,736.8064226655342,849.4325472729801,914.6925447090703,836.8015800272852,938.9018985966521,747.3322287036133,963.111252484234,827.3283545930141,628.3906204733198,949.4277046347312,1008.3722184479739,1114.6828594325725,1231.51930645525,884.167707198641,983.1102839565842,715.754810589376,844.1696442539405,984.1628645603921,884.167707198641,1092.5786667526063,1034.6867335431716,810.4870649320876,604.1812665857381,846.2748054615564,910.4822222938386,1072.579635280256,1003.1093154289343,928.3760925585731,958.9009300690024,704.1764239474891,762.0683571569239,695.7557791170259,867.3264175377145,879.9573847834093,754.7002929302686,1028.371249920324,738.91158387315,942.0596404080759,866.2738369339066,1152.575761169657,713.6496493817602,804.1715813092402,1032.5815723355558,956.7957688613865,903.1141580671833,665.2309416065966,959.9535106728102,1023.1083469012846,631.5483622847436,932.5864149738047,1045.2125395812507,1021.0031856936688,1129.418987885883,794.698355874969,1015.7402826746293,850.485127876788,838.906741234901,929.428673162381,812.5922261397034,1037.8444753545953,910.4822222938386,819.9602903663588,633.6535234923593,982.0577033527762,893.6409326329122,1090.4735055449905,1014.6877020708214,929.428673162381,972.5844779185051,791.5406140635453,866.2738369339066,683.124811871331,687.3351342865626,786.2777110445057,719.9651330046077,1131.5241490934989,773.6467437988109
B02011,99000000318,Synthetic Census Tract 99000000318,1.0,Total:,147.6827148077749,112.1294686503476,+/-123,68.37162722582171,134.92001105895483,125.80379409551195,202.38001658843226,144.03622802239772,150.41757989680775,81.13433097464176,241.5797495312367,96.63189981249468,113.95271204303619,185.05920435789076,96.63189981249468,167.73839212734927,205.11488167746512,108.48298186497044,147.6827148077749,136.74325445164342,201.46839489208799,104.83649507959329,123.98055070282336,138.566497844332,195.08704301767796,203.29163828477655,135.83163275529913,102.10162999056043,178.67785248348073,177.76623078713644,163.1802836456278,148.59433650411918,165.0035270383164,108.48298186497044,109.39460356131474,176.85460909079217,140.3897412370206,129.4502808808891,141.30136293336486,130.3619025772334,120.33406391744622,170.47325721638214,173.208122305415,144.94784971874202,168.65001382369354,171.3848789127264,108.48298186497044,172.2965006090707,123.06892900647908,172.2965006090707,120.33406391744622,131.2735242735777,138.566497844332,104.83649507959329,174.1197440017593,201.46839489208799,131.2735242735777,161.35704025293924,171.3848789127264,159.53379686025065,95.7202781161504,181.4127175725136,157.71055346756208,181.4127175725136,109.39460356131474,107.57136016862616,163.1802836456278,148.59433650411918,129.4502808808891,86.6040611527075,134.00838936261056,102.10162999056043,132.18514596992196,194.17542132133366,206.02650337380942,178.67785248348073,177.76623078713644,183.2359609652022,158.62217516390638,124.89217239916766,193.26379962498936,122.15730731013478,111.21784695400332,156.79893177121778
B02011,99000000319,Synthetic Census Tract 99000000319,1.0,Total:,27.25300695562263,50.61272720329917,+/-52,31.14629366356872,51.586048880285695,16.546468508770882,52.55937055727222,9.733216769865225,35.03958037151481,17.519790185757405,6.813251738905658,36.01290204850133,61.31926565015092,20.43975521671697,31.14629366356872,27.25300695562263,40.87951043343394,8.759895092878702,44.77279714138003,15.57314683178436,33.092937017541765,33.092937017541765,5.839930061919135,10.706538446851747,5.839930061919135,31.14629366356872,22.386398570690016,27.25300695562263,46.71944049535308,32.11961534055524,58.39930061919135,12.653181800824793,5.839930061919135,26.27968527863611,20.43975521671697,30.172971986582198,27.25300695562263,39.90618875644742,15.57314683178436,49.63940552631265,45.746118818366554,35.03958037151481,57.42597894220483,35.03958037151481,28.226328632609153,20.43975521671697,24.333041924663064,5.839930061919135,24.333041924663064,5.839930061919135,16.546468508770882,61.31926565015092,37.959545402474376,18.493111862743927,42.82615378740699,32.11961534055524,15.57314683178436,14.599825154797838,66.18587403508353,35.03958037151481,35.03958037151481,27.25300695562263,25.306363601649586,14.599825154797838,16.546468508770882,37.959545402474376,33.092937017541765,40.87951043343394,48.66608384932613,62.29258732713744,33.092937017541765,9.733216769865225,7.78657341589218,27.25300695562263,25.306363601649586,50.61272720329917,36.01290204850133,36.986223725487854,9.733216769865225,15.57314683178436,23.35972024767654,38.9328670794609,30.172971986582198,36.986223725487854
B02011,99000000320,Synthetic Census Tract 99000000320,1.0,Total:,29.22925912451774,49.387368865564454,+/-49,30.237164611570076,24.18973168925606,42.332030456198105,31.24507009862241,13.102771331680366,9.071149383471022,50.395274352616795,6.047432922314015,30.237164611570076,36.28459753388409,49.387368865564454,35.276692046831755,42.332030456198105,33.26088107272708,29.22925912451774,7.055338409366351,60.47432922314015,19.15020425399438,10.079054870523358,25.197637176308397,8.063243896418687,41.32412496914577,8.063243896418687,14.110676818732703,28.221353637465405,31.24507009862241,22.17392071515139,55.43480178787847,53.4189908137738,9.071149383471022,26.20554266336073,37.29250302093643,30.237164611570076,41.32412496914577,10.079054870523358,47.37155789145979,21.166015228099052,39.3083139950411,28.221353637465405,49.387368865564454,31.24507009862241,33.26088107272708,23.181826202203723,33.26088107272708,43.33993594325044,58.45851824903548,11.086960357575695,51.40317983966913,44.34784143030278,18.142298766942044,9.071149383471022,12.09486584462803,12.09486584462803,30.237164611570076,30.237164611570076,44.34784143030278,8.063243896418687,34.26878655977942,40.31621948209343,32.25297558567475,46.363652404407446,10.079054870523358,60.47432922314015,32.25297558567475,22.17392071515139,27.21344815041307,34.26878655977942,20.158109741046715,8.063243896418687,62.49014019724482,35.276692046831755,27.21344815041307,23.181826202203723,8.063243896418687,44.34784143030278,19.15020425399438,35.276692046831755,13.102771331680366,30.237164611570076,10.079054870523358,31.24507009862241
B02011,99000000321,Synthetic Census Tract 99000000321,1.0,Total:,59.996860392886845,80.31837762273562,+/-83,48.38456483297327,30.96612149310289,28.063047603124495,99.67220355592492,80.31837762273562,18.38613463652984,114.1875730058169,99.67220355592492,33.86919538308128,69.6737733594815,42.57841705301647,48.38456483297327,59.996860392886845,66.7706994695031,70.64146465614097,37.739960569719145,57.09378650290845,59.996860392886845,89.0275992926708,80.31837762273562,33.86919538308128,24.192282416486634,29.998430196443422,109.34911652251958,75.47992113943829,44.5137996463354,90.96298188598973,64.83531687618418,64.83531687618418,36.77226927305968,16.450752043210912,70.64146465614097,82.25376021605454,49.35225612963273,79.35068632607616,25.159973713146098,55.15840390958952,88.05990799601135,49.35225612963273,93.86605577596814,41.610725756357006,73.54453854611936,106.44604263254118,31.933812789762356,85.15683410603295,112.25219041249798,24.192282416486634,19.353825933189306,62.899934282865246,67.73839076616257,69.6737733594815,82.25376021605454,64.83531687618418,45.48149094299487,70.64146465614097,90.96298188598973,63.86762557952471,54.19071261293006,42.57841705301647,27.09535630646503,50.319947426292195,93.86605577596814,64.83531687618418,39.67534316303808,43.54610834967594,53.22302131627059,42.57841705301647,42.57841705301647,44.5137996463354,73.54453854611936,100.63989485258439,49.35225612963273,31.933812789762356,75.47992113943829,63.86762557952471,53.22302131627059,67.73839076616257,53.22302131627059,26.12766500980556,37.739960569719145,65.80300817284365
B02011,99000000322,Synthetic Census Tract 99000000322,1.0,Total:,740.7447718376042,366.63125070750107,+/-343,222.330321128747,871.1500563458115,704.4023154992512,657.3709014143241,604.9950084561096,755.7093126828083,612.4772788787117,761.0537915560955,792.0517690211611,728.9869183163723,801.6718309930781,702.2645239499365,691.5755662033621,743.9514591615765,609.2705915547393,891.4590760643028,751.4337295841785,602.8572169067947,697.9889408513067,738.6069802882893,732.1936056403447,845.496557754033,575.0659267657013,625.304028174601,924.5948450786834,793.1206647958186,644.5441521184348,1051.7934422629185,818.7741633875971,539.792366202006,576.1348225403588,478.865307046532,716.1601690204831,863.6677859232095,813.4296845143099,821.9808507115694,716.1601690204831,776.0183324012996,771.7427493026698,855.1166197259499,717.2290647951405,758.9160000067806,572.9281352163865,900.0102422615623,759.984895781438,838.014287331431,659.508692963639,940.6282816985449,809.1541014156802,594.3060507095353,581.479301413646,559.0324901458398,817.7052676129397,964.1439887410086,614.6150704280266,668.0598591608984,697.9889408513067,755.7093126828083,812.3607887396524,846.5654535286905,790.9828732465037,825.1875380355417,876.4945352190987,786.707290147874,694.7822535273343,953.4550309944342,642.4063605691199,730.0558140910298,778.1561239506144,885.0457014163583,683.0244000061025,733.2625014150021,759.984895781438,780.2939154999293,613.5461746533691,645.6130478930922,652.0264225410368,592.1682591602204,696.9200450766492,833.7387042328012,830.532016908829
B02011,99000000323,Synthetic Census Tract 99000000323,1.0,Total:,400.5988296904184,112.60613869407284,+/-113,68.75950061850466,422.5221487282025,431.4907792436597,419.53260522305015,381.6650541577867,387.6441411680915,447.435011271139,471.351359312358,426.50820673507235,388.64065566980895,402.59185869385334,397.60928618526606,372.6964236423296,362.731278625155,397.60928618526606,381.6650541577867,335.8253870787836,378.67551065263433,440.4594097591168,449.4280402745739,372.6964236423296,462.3827287969009,365.7208221303074,368.71036563545977,420.5291197247676,394.6197426801137,335.8253870787836,460.389699793466,383.65808316122167,456.40364178659615,465.37227230205326,388.64065566980895,382.66156865950416,362.731278625155,331.83932907191377,369.7068801371772,389.6371701715264,396.6127716835486,431.4907792436597,467.3653013054882,389.6371701715264,378.67551065263433,396.6127716835486,378.67551065263433,454.41061278316124,357.7487061165677,355.7556771131328,392.6267136766788,393.62322817839623,383.65808316122167,373.69293814404705,378.67551065263433,441.45592426083425,430.49426474194223,424.51517773163744,390.63368467324386,442.4524387625517,405.5814021990057,385.6511121646566,409.5674602058756,434.48032274881206,401.5953441921359,347.7835610993931,421.52563422648507,387.6441411680915,428.50123573850726,387.6441411680915,410.56397470759305,377.6789961509169,337.81841608221856,357.7487061165677,430.49426474194223,447.435011271139,410.56397470759305,392.6267136766788,432.48729374537714,455.4071272848787,436.47335175224697,415.54654721618033,375.68596714748196,369.7068801371772
B02011,99000000324,Synthetic Census Tract 99000000324,1.0,Total:,100.10392419972821,116.96353248599821,+/-111,71.65333521664756,96.94274764605258,134.8768662901601,142.25294491540325,145.41412146907888,127.50078766491698,68.49215866297193,82.19059039556632,55.84745244826942,133.82314077226823,96.94274764605258,35.82666760832378,60.06235451983692,130.6619642185926,82.19059039556632,91.6741200565932,61.1160800377288,93.78157109237695,158.05882768378137,99.05019868183633,74.81451177032318,107.48000282497134,77.97568832399881,94.83529661026883,36.88039312621566,101.15764971762007,154.89765113010574,118.01725800389009,143.30667043329512,64.27725659140442,89.56666902080944,180.18706355951076,151.7364745764301,70.59960969875569,121.17843455756572,105.37255178918758,130.6619642185926,77.97568832399881,34.772942090431904,106.42627730707946,150.68274905853823,60.06235451983692,119.07098352178197,102.21137523551195,135.930591808052,115.90980696810634,54.793726930377545,105.37255178918758,40.04156967989128,126.44706214702511,123.28588559334948,69.54588418086381,71.65333521664756,88.51294350291757,106.42627730707946,116.96353248599821,144.360395951187,91.6741200565932,128.55451318280885,134.8768662901601,51.632550376701914,179.13333804161888,62.16980555562068,111.69490489653884,57.95490348405317,94.83529661026883,148.57529802275448,81.13686487767444,124.33961111124135,49.52509934091817,100.10392419972821,133.82314077226823,180.18706355951076,113.8023559323226,96.94274764605258,96.94274764605258,85.35176694924195,92.72784557448507,33.71921657254003,66.38470762718818,120.12470903967385
B02011,99000000325,Synthetic Census Tract 99000000325,1.0,Total:,626.1858154750969,284.72722549807827,+/-266,173.4053027469499,550.1871951353843,529.8495361712359,646.5234744392453,709.6772575384432,489.17421824293893,618.6929937514633,569.4544509961565,656.1571023696315,750.3525754667401,559.8208230657704,629.3970247852257,776.0422499477696,619.7633968548395,671.1427458168987,557.6800168590179,564.1024354792753,494.5262337598201,549.116792032008,654.016296162879,717.1700792620768,649.7346837493741,529.8495361712359,664.7203271966413,511.65268341383984,823.1399864963239,583.3696913400476,566.2432416860278,558.7504199623942,571.595257202909,682.9171799540374,563.0320323758991,731.0853196059678,462.4141406585331,634.7490403021068,517.004698930721,665.7907303000176,761.0566065005024,739.6485444329777,716.0996761587005,531.9903423779883,508.44147410371113,535.201551688117,667.93153650677,800.661521325423,512.7230865172161,681.8467768506611,667.93153650677,593.0033192704336,651.8754899561266,629.3970247852257,603.707350304196,901.2794130427891,548.0463889286318,591.9329161670574,700.043629608057,556.6096137556417,545.9055827218793,654.016296162879,650.8050868527503,578.0176758231663,569.4544509961565,631.537830991978,609.0593658210771,662.5795209898888,771.7606375342647,633.6786371987305,617.622590648087,558.7504199623942,538.4127609982457,702.1844358148095,560.8912261691466,655.0866992662552,517.004698930721,746.0709630532351,472.0477685889192,683.9875830574135,622.9746061649682,579.0880789265426,687.1987923675422,598.3553347873149
B02011,99000000326,Synthetic Census Tract 99000000326,1.0,Total:,471.4513576895095,211.2022005785276,+/-211,128.12266196232954,555.5318546022883,483.4628572484779,467.4475245031867,454.4350666476376,481.4609406553165,457.4379415373797,443.4245253852499,444.4254836818306,560.5366460851917,431.4130258262815,490.46956532454277,424.4063177502166,578.5538954236443,524.5021474082865,468.4484827997674,587.5625200928706,429.4111092331201,539.5165218569971,522.5002308151252,441.4226087920885,424.4063177502166,564.5404792715145,597.5721030586776,330.31623787163085,441.4226087920885,441.4226087920885,451.4321917578955,446.427400274992,337.32294594769576,462.4427330202832,362.34690336221325,506.484898069834,463.4436913168639,441.4226087920885,578.5538954236443,338.32390424427643,478.4580657655744,420.40248456389384,510.48873125615677,681.6525999714564,429.4111092331201,423.4053594536359,442.4235670886692,571.5471873475794,520.4983142219638,464.4446496134446,437.4187756057657,459.4398581305411,384.36798588698866,546.523229933062,497.4762734006077,533.5107720775129,403.3861935220219,370.35456973485884,480.4599823587358,483.4628572484779,464.4446496134446,569.5452707544181,511.4896895527375,392.37565225963425,420.40248456389384,415.39769308099034,479.4590240621551,421.4034428604745,479.4590240621551,461.4417747237025,419.4015262673131,468.4484827997674,521.4992725185444,472.4523159860902,447.4283585715727,389.3727773698921,449.4302751647341,521.4992725185444,538.5155635604164,442.4235670886692,380.36415270066584,412.39481819124825,500.47914829034977,461.4417747237025
B02011,99000000327,Synthetic Census Tract 99000000327,1.0,Total:,109.27295532620128,139.56644789188084,+/-129,85.47092545316734,42.19450750219654,102.78149263355566,143.89408968697794,99.53576128723284,220.7097315499511,140.6483583406551,116.84632846762118,139.56644789188084,43.2764179509708,155.7951046234949,54.09552243871351,101.69958218478139,45.44023884851934,41.11259705342226,153.63128372594636,125.50161205781534,142.81217923820367,113.60059712129836,94.1262090433615,97.37194038968431,143.89408968697794,142.81217923820367,47.60405974606788,48.685970194842156,123.33779116026679,103.86340308232994,120.09205981394398,101.69958218478139,98.45385083845858,113.60059712129836,126.5835225065896,128.74734340413815,99.53576128723284,93.04429859458723,57.341253785036315,44.358328399745076,192.5800598818201,170.94185090633468,54.09552243871351,50.849791092390696,200.15343302323998,83.30710455561879,110.35486577497555,134.15689564800948,49.76788064361642,34.621134360776644,115.7644180188469,44.358328399745076,174.18758225265748,60.58698513135913,160.122746418592,136.32071654555804,144.9760001357522,131.99307475046095,114.68250757007263,95.20811949213576,133.07498519923521,106.02722397987847,138.48453744310657,130.91116430168668,112.5186866725241,35.70304480955092,138.48453744310657,155.7951046234949,128.74734340413815,86.5528359019416,57.341253785036315,135.23880609678378,119.01014936516971,116.84632846762118,106.02722397987847,58.42316423381059,119.01014936516971,110.35486577497555,159.04083596981772,139.56644789188084,46.522149297293616,47.60405974606788,131.99307475046095,164.45038821368905
B02011,99000000328,Synthetic Census Tract 99000000328,1.0,Total:,47.81896504104762,54.94093855779939,+/-54,33.575018007544074,24.418194914577505,49.85381461726241,44.76669067672543,23.40077012647011,17.296221397825732,32.557593219436676,47.81896504104762,52.906088981584595,46.80154025294022,73.25458474373252,65.11518643887335,77.3242838961621,29.50531885511449,57.99321292212158,42.731841100510636,55.95836334590679,46.80154025294022,35.60986758375886,47.81896504104762,65.11518643887335,70.20231037941033,40.696991524295846,38.66214194808105,78.3417086842695,43.749265888618034,61.045487286443766,44.76669067672543,30.522743643221883,54.94093855779939,47.81896504104762,51.888664193477204,52.906088981584595,30.522743643221883,43.749265888618034,21.365920550255318,34.592442795651465,30.522743643221883,25.435619702684903,27.470469278899696,37.64471715997366,34.592442795651465,56.97578813401418,21.365920550255318,30.522743643221883,52.906088981584595,33.575018007544074,44.76669067672543,47.81896504104762,29.50531885511449,41.71441631240324,53.92351376969199,47.81896504104762,39.67956673618845,50.871239405369806,53.92351376969199,53.92351376969199,37.64471715997366,70.20231037941033,80.37655826048429,38.66214194808105,90.55080614155825,46.80154025294022,46.80154025294022,49.85381461726241,75.28943431994732,77.3242838961621,27.470469278899696,51.888664193477204,36.62729237186626,22.383345338362716,33.575018007544074,31.54016843132928,68.16746080319554,27.470469278899696,37.64471715997366,53.92351376969199,69.18488559130293,42.731841100510636,27.470469278899696,89.53338135345086
B02011,99000000329,Synthetic Census Tract 99000000329,1.0,Total:,58.853017287170935,70.62362074460512,+/-66,42.80219439066977,33.171700652769076,60.99312700670443,70.62362074460512,70.62362074460512,62.06318186647117,101.65521167784071,42.80219439066977,19.260987475801397,41.73213953090303,35.31181037230256,67.4134561653049,53.50274298833722,42.80219439066977,52.43268812857047,77.04394990320559,93.09477279970676,53.50274298833722,63.13323672623791,50.292578409036985,59.923072146937685,74.9038401836721,67.4134561653049,42.80219439066977,65.27334644577141,47.08241382973675,23.541206914868376,51.36263326880373,105.93543111690768,78.11400476297233,78.11400476297233,53.50274298833722,82.39422420203931,66.34340130553815,65.27334644577141,55.6428527078707,42.80219439066977,60.99312700670443,67.4134561653049,78.11400476297233,25.681316634401863,57.78296242740419,58.853017287170935,83.46427906180605,65.27334644577141,56.71290756763745,64.20329158600465,62.06318186647117,38.52197495160279,43.87224925043652,33.171700652769076,47.08241382973675,65.27334644577141,60.99312700670443,69.55356588483838,62.06318186647117,77.04394990320559,94.1648276594735,136.96702205014327,94.1648276594735,108.07554083644118,87.74449850087304,72.76373046413862,72.76373046413862,55.6428527078707,56.71290756763745,67.4134561653049,48.15246868950349,72.76373046413862,103.7953213973742,94.1648276594735,62.06318186647117,52.43268812857047,50.292578409036985,43.87224925043652,48.15246868950349,60.99312700670443,32.10164579300233,28.891481213702097,66.34340130553815,22.47115205510163
B02011,99000000330,Synthetic Census Tract 99000000330,1.0,Total:,498.580851945927,317.542756190804,+/-328,192.65551366454267,623.4680944721883,572.1578320389182,581.8390136301012,375.6298457379023,383.37479101084875,607.9782039262955,567.3172412433266,371.7573731014291,486.96343403650735,576.9984228345097,313.6702835543308,333.0326467366969,455.9836529447216,475.3460161270877,552.7954688565521,533.433105674186,484.05907955915245,482.1228432409158,479.2184887635609,516.9750969691748,371.7573731014291,514.0707424918199,529.5606330377128,814.1873718184944,621.5318581539517,365.94866414671924,317.542756190804,594.4245496986392,477.28225244532433,361.1080733511277,592.4883133804026,535.3693419924226,551.8273506974338,521.8156877647664,328.19205594110537,482.1228432409158,480.18660692267923,556.6679414930253,430.8125808076457,513.1026243327016,586.6796044256928,484.05907955915245,416.2908084208711,418.2270447391077,398.86468155674163,586.6796044256928,516.9750969691748,385.31102732908533,541.1780509471324,615.7231491992419,372.7254912605474,376.59796389702063,528.5925148785944,503.42144274151855,595.3926678577575,560.5404141294986,540.2099327880142,550.8592325383155,524.7200422421213,482.1228432409158,375.6298457379023,534.4012238333044,411.4502176252796,540.2099327880142,735.7698009299118,409.51398130704297,358.2037188737728,510.19826985534667,495.6764974685721,357.2356007146545,584.7433681074561,669.937766109867,524.7200422421213,546.9867599018422,347.55441912347146,489.86778851386225,496.6446156276904,484.05907955915245,571.1897138797999,553.7635870156704
B02011,99000000331,Synthetic Census Tract 99000000331,1.0,Total:,228.94581670074206,189.95504442419644,+/-190,115.97255343793047,207.9507854749098,290.93114698653244,321.9238121294277,200.95244173296572,209.95031225832238,111.97349987110528,226.94628991732944,231.94510687586094,163.96119623983273,194.95386138272795,265.937062193875,120.97137039646195,178.9576471154272,339.919553180141,177.9578837237209,258.938718451931,258.938718451931,212.9496024334413,317.9247585626025,226.94628991732944,176.9581203320146,205.9512586914972,190.95480781590274,290.93114698653244,270.9358791524065,296.92972733677027,248.941084534868,194.95386138272795,272.9354059358191,224.94676313391685,108.97420969598639,299.9290175118891,320.92404873772136,175.9583569403083,244.9420309680428,243.9422675763365,251.94037470998688,216.94865600026648,174.958593548602,246.9415577514554,179.9574105071335,241.9427407929239,192.95433459931536,285.932330028001,252.94013810169318,298.92925412018286,205.9512586914972,213.9493658251476,254.93966488510577,245.94179435974908,112.97326326281157,415.9015709498196,315.9252317791899,192.95433459931536,219.94794617538537,213.9493658251476,235.94416044268613,221.94747295879796,178.9576471154272,288.93162020311985,210.9500756500287,266.93682558558135,281.9332764611758,203.9517319080846,201.95220512467202,108.97420969598639,215.9488926085602,181.95693729054608,150.96427214765086,216.94865600026648,260.9382452353436,139.9668748388816,171.9593033734831,310.9264148206584,237.94368722609872,225.94652652562314,237.94368722609872,254.93966488510577,304.92783447042063,316.9249951708962
B02011,99000000332,Synthetic Census Tract 99000000332,1.0,Total:,390.43749678195525,278.74017167165357,+/-277,170.0616931859547,306.91607350127924,285.78414712906,468.92750902162663,407.5442943213708,548.4238034694989,335.09197533090486,417.60711640337996,285.78414712906,316.97889558328836,596.725349463143,475.97148447903305,393.45634340655795,408.5505765295717,313.96004895868566,438.73904277559916,330.0605642899003,283.7715827126582,351.1924906621195,375.3432636589415,305.90979129307834,262.63965634043893,260.62709192403713,527.2918770972798,401.50660107216527,524.273030472677,415.5945519869781,413.5819875705763,185.15592630896845,272.7024784224481,487.04058876924313,518.2353372234714,385.40608574095063,428.67622069359,351.1924906621195,442.7641716084028,371.31813482613785,404.525447696768,440.751607192001,370.3118526179369,502.13482189225687,322.010306624293,276.72760725525177,408.5505765295717,358.2364661195259,387.4186501573525,247.54542321742522,365.28044157693233,345.15479741291404,422.6385274443845,526.2855948890788,421.6322452361836,401.50660107216527,351.1924906621195,293.8344047946673,553.4552145105035,420.62596302798266,419.61968081978176,423.6448096525854,393.45634340655795,436.72647835919736,282.7653005044573,298.8658158356719,449.80814706580924,292.8281225864664,333.07941091450306,289.80927596186365,448.80186485760834,218.36323917959868,340.1233863719094,379.36839249174517,444.7767360248047,423.6448096525854,363.2678771605305,322.010306624293,564.5243188007136,465.9086623970239,465.9086623970239,483.01545993643947,383.39352132454883,434.7139139427955
B02011,99000000333,Synthetic Census Tract 99000000333,1.0,Total:,0.0,12.893943204508998,+/-14,8.288963488612927,0.0,0.0,0.0,0.0,0.0,0.0,0.0,0.0,0.0,0.0,0.0,0.0,0.0,0.0,0.0,0.0,0.0,0.0,0.0,0.0,0.0,0.0,0.0,0.0,0.0,0.0,0.0,0.0,0.0,0.0,0.0,0.0,0.0,0.0,0.0,0.0,0.0,0.0,0.0,0.0,0.0,0.0,0.0,0.0,0.0,0.0,0.0,0.0,0.0,0.0,0.0,0.0,0.0,0.0,0.0,0.0,0.0,0.0,0.0,0.0,0.0,0.0,0.0,0.0,0.0,0.0,0.0,0.0,0.0,0.0,0.0,0.0,0.0,0.0,0.0,0.0,0.0,0.0,0.0,0.0
B02011,99000000334,Synthetic Census Tract 99000000334,1.0,Total:,408.53927905890856,216.51602079620812,+/-221,132.26091768094162,331.14214945302416,480.05814565675104,274.31894037528633,464.3827776353061,365.43201699993494,320.3653339382808,368.3711485039559,332.1218599543645,289.0145978953909,336.0407019597257,367.3914380026156,357.5943329892125,289.99430839673124,372.28999050931714,432.0523310910759,479.0784351554107,375.22912201333804,276.2783613779669,387.96535853076205,513.3683027023216,465.3624881366464,525.1248287184052,489.85525067015413,401.68130554952637,363.47259599725436,478.0987246540704,473.2001721473689,494.7538031768557,443.8088571071596,372.28999050931714,501.6117766862378,370.3305695066365,420.29580507499224,434.01175209375657,379.14796401869927,377.1885430160187,404.6204370535473,431.0726205897356,474.17988264870917,407.55956855756824,415.3972525682907,512.3885922009812,265.50154586322355,484.9566981634526,386.00593752808146,337.02041246106603,386.00593752808146,358.5740434905528,265.50154586322355,397.76246354416514,452.6262516192224,371.3102800079768,258.64357235384136,432.0523310910759,371.3102800079768,421.27551557633257,485.9364086647929,327.22330744766293,425.1943575816938,482.99727716077194,398.74217404550546,374.2494115119977,427.1537785843744,424.2146470803535,366.41172750127527,469.2813301420076,445.76827810984025,382.08709552272023,402.6610160508667,303.71025541549557,468.30161964066735,409.5189895602488,358.5740434905528,427.1537785843744,472.2204616460286,427.1537785843744,425.1943575816938,434.99146259509683,496.71322417953627,313.50736042889866
B02011,99000000335,Synthetic Census Tract 99000000335,1.0,Total:,797.4321053996068,378.130169544107,+/-349,229.69511731619107,748.6760663466417,968.6199758522397,766.0115468988071,577.4881958940088,803.9329106066688,891.693780902006,517.8974814959403,711.8381701732903,1041.2123006644322,800.6825080031377,855.9393522631649,799.5990404686274,758.4272741572347,794.1817027960758,810.4337158137308,788.764365123524,669.5829363273872,652.2474557752219,606.7418193257878,709.6712351042696,812.6006508827514,719.4224429148626,931.7820796788883,983.7885213353844,832.1030665039375,777.9296897784208,860.2732224012062,797.4321053996068,688.0018844140629,708.5877675697593,605.6583517912774,783.3470274509724,733.507520863497,677.1672090689596,784.4304949854827,991.3727940769568,837.5204041764891,881.9425730914129,891.693780902006,632.7450401540358,803.9329106066688,629.4946375505048,966.4530407832191,806.0998456756895,708.5877675697593,927.448209540847,885.1929756949439,837.5204041764891,693.4192220866146,802.8494430721585,706.4208325007386,770.3454170368484,769.2619495023381,717.255507845842,860.2732224012062,852.6889496596339,865.6905600737579,1026.0437551812875,871.1078977463096,939.3663524204607,935.0324822824193,794.1817027960758,665.2490661893459,572.070858221457,797.4321053996068,890.6103133674956,677.1672090689596,664.1655986548355,961.0357031106674,693.4192220866146,909.0292614541713,825.6022612968754,950.201027765564,826.6857288313859,740.008326070559,808.2667807447101,624.0772998779531,581.8220660320501,693.4192220866146,898.1945861090679
B02011,99000000336,Synthetic Census Tract 99000000336,1.0,Total:,23.601828305677813,20.52332896145897,+/-20,12.313997376875381,24.627994753750762,24.627994753750762,29.758826994115505,21.549495409531918,31.8111598902614,33.8634927864073,32.83732633833435,17.444829617240124,28.732660546042556,28.732660546042556,32.83732633833435,26.68032764989666,20.52332896145897,26.68032764989666,25.65416120182371,23.601828305677813,17.444829617240124,16.418663169167175,25.65416120182371,28.732660546042556,22.575661857604864,21.549495409531918,24.627994753750762,28.732660546042556,18.470996065313074,15.392496721094226,10.261664480729484,30.78499344218845,20.52332896145897,12.313997376875381,12.313997376875381,16.418663169167175,28.732660546042556,18.470996065313074,18.470996065313074,26.68032764989666,28.732660546042556,25.65416120182371,16.418663169167175,17.444829617240124,12.313997376875381,16.418663169167175,9.235498032656537,26.68032764989666,28.732660546042556,16.418663169167175,25.65416120182371,17.444829617240124,22.575661857604864,29.758826994115505,25.65416120182371,18.470996065313074,29.758826994115505,20.52332896145897,20.52332896145897,24.627994753750762,15.392496721094226,27.706494097969607,26.68032764989666,31.8111598902614,34.88965923448025,24.627994753750762,40.02049147484499,19.49716251338602,14.366330273021278,32.83732633833435,24.627994753750762,25.65416120182371,24.627994753750762,22.575661857604864,21.549495409531918,26.68032764989666,18.470996065313074,25.65416120182371,29.758826994115505,22.575661857604864,27.706494097969607,18.470996065313074,18.470996065313074,17.444829617240124
B02011,99000000337,Synthetic Census Tract 99000000337,1.0,Total:,30.871543444083986,43.033060558420104,+/-46,26.19403686164702,16.839023696773083,58.0010816222184,28.065039494621807,13.09701843082351,34.61354871003356,43.033060558420104,28.065039494621807,33.678047393546166,15.90352238028569,48.64606845734446,18.71002632974787,46.775065824369676,24.32303422867223,23.387532912184838,29.936042127596593,16.839023696773083,30.871543444083986,46.775065824369676,28.065039494621807,39.29105529247053,43.033060558420104,23.387532912184838,14.032519747310904,35.54905002652095,45.83956450788229,58.93658293870579,59.87208425519319,39.29105529247053,36.48455134300835,29.0005408111092,24.32303422867223,31.80704476057138,11.226015797848722,14.968021063798297,12.161517114336116,25.258535545159624,47.71056714085707,29.0005408111092,17.774525013260476,58.0010816222184,29.936042127596593,37.42005265949574,12.161517114336116,23.387532912184838,56.130078989243614,55.19457767275622,35.54905002652095,31.80704476057138,26.19403686164702,32.742546077058776,41.16205792544532,30.871543444083986,12.161517114336116,14.968021063798297,14.032519747310904,29.936042127596593,46.775065824369676,34.61354871003356,12.161517114336116,29.936042127596593,14.968021063798297,40.22655660895792,28.065039494621807,23.387532912184838,30.871543444083986,33.678047393546166,40.22655660895792,42.09755924193271,8.419511848386541,43.033060558420104,14.968021063798297,52.38807372329404,25.258535545159624,26.19403686164702,27.129538178134414,14.032519747310904,39.29105529247053,45.83956450788229,31.80704476057138,36.48455134300835
B02011,99000000338,Synthetic Census Tract 99000000338,1.0,Total:,102.58373947492363,167.42440499209235,+/-173,101.61596834780171,107.42259511053324,132.5846444157032,29.03313381365763,34.83976057638916,184.84428528028693,125.81024652584973,104.51928172916747,35.80753170351108,194.52199655150613,44.51747184760837,101.61596834780171,174.1988028819458,156.77892259375122,168.39217611921427,102.58373947492363,28.06536268653571,135.48795779706896,84.19608805960713,108.39036623765516,92.90602820370442,83.22831693248521,127.74578878009358,117.10030638175245,160.6500071022389,157.74669372087314,145.16566906828817,120.00361976311821,196.45753880574998,52.25964086458374,198.39308105999382,84.19608805960713,41.61415846624261,42.58192959336453,43.54970072048645,101.61596834780171,147.101211322532,28.06536268653571,84.19608805960713,115.1647641275086,104.51928172916747,127.74578878009358,81.29277467824137,45.48524297473029,33.87198944926724,108.39036623765516,88.06717256809482,73.550605661266,29.03313381365763,227.42621487365145,32.90421832214532,146.1334401954101,170.3277183734581,159.68223597511698,160.6500071022389,99.68042609355787,39.678616211998765,206.13525007696919,136.45572892419088,124.84247539872781,81.29277467824137,116.13253525463053,99.68042609355787,159.68223597511698,136.45572892419088,109.35813736477708,128.7135599072155,90.00271482233866,157.74669372087314,54.19518311882758,125.81024652584973,106.45482398341132,43.54970072048645,37.74307395775492,44.51747184760837,126.77801765297166,205.16747894984726,39.678616211998765,107.42259511053324,122.90693314448397,94.84157045794827
B02011,99000000339,Synthetic Census Tract 99000000339,1.0,Total:,63.80580093141272,71.31236574687304,+/-76,43.162747688896836,57.237556717884935,47.854350698559536,64.74412153334526,58.17587731981748,92.89373959132146,39.40946528116668,37.5328240773016,43.162747688896836,52.545953708222235,78.81893056233336,82.57221297006352,68.49740394107542,107.9068692222421,47.854350698559536,64.74412153334526,45.97770949469446,65.6824421352778,61.929159727547635,28.1496180579762,50.66931250435716,81.63389236813097,50.66931250435716,94.77038079518654,91.95541898938892,40.34778588309922,73.18900695073812,107.9068692222421,42.2244270869643,76.94228935846827,102.27694561064686,48.79267130049208,91.01709838745637,67.55908333914287,45.97770949469446,64.74412153334526,48.79267130049208,65.6824421352778,64.74412153334526,54.42259491208732,56.2992361159524,57.237556717884935,70.3740451449405,40.34778588309922,48.79267130049208,37.5328240773016,81.63389236813097,96.64702199905162,79.7572511642659,84.4488541739286,42.2244270869643,30.964579863773817,53.48427431015478,28.1496180579762,64.74412153334526,68.49740394107542,68.49740394107542,60.990839125615096,49.73099190242462,96.64702199905162,89.1404571835913,85.38717477586114,92.89373959132146,35.65618287343652,43.162747688896836,90.07877778552384,46.916030096627,52.545953708222235,108.84518982417464,59.11419792175002,48.79267130049208,89.1404571835913,28.1496180579762,50.66931250435716,77.88060996040082,69.43572454300796,125.73496065896036,52.545953708222235,85.38717477586114,69.43572454300796,63.80580093141272
B02011,99000000340,Synthetic Census Tract 99000000340,1.0,Total:,195.47235929369833,142.07944633847518,+/-157,85.97163950417288,191.85250078825948,242.5305198644035,161.08370349202917,235.29080285352578,218.0964749526912,207.2368994363746,243.4354844907632,165.60852662382777,194.56739466733862,134.83972932759747,148.41419872299318,217.1915103263315,205.4269701836552,201.80711167821633,273.2993171606338,198.18725317277747,123.98015381128089,209.04682868909407,179.18299601922348,198.18725317277747,167.4184558765472,216.28654569997178,138.45958783303632,261.5347770179575,232.57590897444663,203.61704093093576,243.4354844907632,179.18299601922348,233.48087360080635,130.3149061957989,110.40568441588518,181.89788989830262,221.71633345813007,199.9971824254969,280.5390341715115,188.23264228282062,109.50071978952546,234.38583822716606,164.70356199746806,205.4269701836552,163.79859737110834,188.23264228282062,192.7574654146192,243.4354844907632,226.24115658992864,210.8567579418135,238.00569673260492,194.56739466733862,209.95179331545378,113.12057829496432,123.98015381128089,153.84398648115146,228.95605046900778,189.13760690918033,208.14186406273433,171.03831438198605,158.36880961295003,217.1915103263315,135.74469395395718,203.61704093093576,169.22838512926663,227.14612121628835,163.79859737110834,295.92343281962667,193.6624300409789,205.4269701836552,240.72059061168406,157.46384498659032,257.9149185125186,136.6496585803169,94.11632114141031,197.28228854641776,233.48087360080635,204.52200555729547,253.39009538072006,215.38158107361207,160.17873886566946,275.1092464133532,142.07944633847518,162.89363274474863
B02011,99000000341,Synthetic Census Tract 99000000341,1.0,Total:,44.50517575973303,69.47149386885155,+/-64,42.33419157633141,35.821239026126584,41.248699484630606,16.28238137551208,39.077715301229,42.33419157633141,45.590667851433835,68.38600177715075,42.33419157633141,47.76165203483544,16.28238137551208,66.21501759374914,15.196889283811277,17.36787346721289,44.50517575973303,43.41968366803222,86.83936733606444,80.32641478585961,14.111397192110472,36.90673111782739,71.64247805225317,52.103620401638665,44.50517575973303,16.28238137551208,42.33419157633141,39.077715301229,40.163207392929806,91.18133570286767,52.103620401638665,45.590667851433835,19.5388576506145,59.7020650435443,14.111397192110472,16.28238137551208,47.76165203483544,41.248699484630606,84.66838315266283,75.98444641905638,15.196889283811277,45.590667851433835,14.111397192110472,35.821239026126584,46.676159943134635,79.2409226941588,37.99222320952819,45.590667851433835,43.41968366803222,17.36787346721289,40.163207392929806,36.90673111782739,71.64247805225317,17.36787346721289,66.21501759374914,81.41190687756041,43.41968366803222,45.590667851433835,19.5388576506145,18.453365558913696,71.64247805225317,44.50517575973303,19.5388576506145,44.50517575973303,34.73574693442578,73.81346223565478,49.93263621823705,42.33419157633141,43.41968366803222,20.624349742315303,48.84714412653625,44.50517575973303,82.49739896926121,10.854920917008055,73.81346223565478,79.2409226941588,45.590667851433835,41.248699484630606,18.453365558913696,13.025905100409666,56.44558876844189,43.41968366803222,67.30050968544994
B02011,99000000342,Synthetic Census Tract 99000000342,1.0,Total:,33.64780983214673,52.45099767952284,+/-53,31.66852690084398,50.471714748220094,46.51314888561459,34.6374512977981,9.896414656513743,32.65816836649535,36.61673422910085,34.6374512977981,66.30597819864208,25.730678106935734,33.64780983214673,46.51314888561459,24.74103664128436,32.65816836649535,41.56494155735772,52.45099767952284,17.813546381724738,13.854980519119241,10.886056122165117,6.927490259559621,39.58565862605497,9.896414656513743,31.66852690084398,29.68924396954123,38.5960171604036,9.896414656513743,39.58565862605497,27.709961038238482,10.886056122165117,32.65816836649535,29.68924396954123,13.854980519119241,29.68924396954123,28.699602503889857,39.58565862605497,9.896414656513743,55.419922076476965,46.51314888561459,47.50279035126597,63.33705380168796,19.792829313027486,13.854980519119241,28.699602503889857,34.6374512977981,74.22310992385307,9.896414656513743,31.66852690084398,35.627092763449475,12.865339053467867,34.6374512977981,30.678885435192605,11.875697587816493,34.6374512977981,28.699602503889857,31.66852690084398,13.854980519119241,49.48207328256872,42.554583023009094,65.3163367329907,54.43028061082559,28.699602503889857,46.51314888561459,32.65816836649535,24.74103664128436,10.886056122165117,69.2749025955962,28.699602503889857,24.74103664128436,54.43028061082559,36.61673422910085,40.575300091706346,51.46135621387147,29.68924396954123,36.61673422910085,23.751395175632986,45.52350741996322,9.896414656513743,16.823904916073364,16.823904916073364,8.906773190862369,44.53386595431184
B02011,99000000343,Synthetic Census Tract 99000000343,1.0,Total:,123.07289785397214,135.57248904226617,+/-141,81.72809623115337,128.84193994087707,96.15070144841573,132.68796799881372,112.4963206946464,127.88043292639293,61.53644892698607,32.69123849246135,95.18919443393158,170.18674156369585,140.38002411468696,35.57575953591382,176.91729066508495,140.38002411468696,117.30385576706719,149.03358724504437,113.45782770913057,149.03358724504437,137.4955030712345,130.7649539698454,99.99672950635237,150.9566012740127,77.88206817321674,98.07371547738404,139.41851710020282,235.56921854861855,170.18674156369585,87.49713831805832,52.88288579662865,155.76413634643347,142.30303814365527,81.72809623115337,169.22523454921168,138.45701008571865,151.91810828849685,124.99591188294045,76.92056115873258,139.41851710020282,80.76658921666922,98.07371547738404,124.99591188294045,98.07371547738404,78.8435751877009,147.11057321607606,120.18837681051967,142.30303814365527,131.72646098432955,66.34398399940686,92.30467339047911,175.95578365060078,105.7657715932573,84.61261727460584,203.83948707064135,185.57085379544236,117.30385576706719,126.91892591190877,71.15151907182764,131.72646098432955,172.10975559266416,147.11057321607606,109.61179965119393,101.91974353532068,47.11384370972371,131.72646098432955,138.45701008571865,205.76250109960966,248.06880973691258,111.53481368016224,68.26699802837517,139.41851710020282,93.26618040496327,104.80426457877314,116.34234875258304,113.45782770913057,117.30385576706719,110.57330666567809,56.728913854565285,88.45864533254247,99.0352224918682,153.84112231746516,120.18837681051967
B02011,99000000344,Synthetic Census Tract 99000000344,1.0,Total:,38.7484266558388,67.29989892856211,+/-66,40.787817532461894,42.82720840908499,47.92568560064272,9.177258944803926,35.68934034090415,60.16203086038129,15.29543157467321,14.275736136361662,46.90599016233118,47.92568560064272,13.256040698050114,65.26050805193903,33.64994946428106,101.96954383115472,36.709035779215704,30.59086314934642,44.866599285708084,11.216649821427021,53.02416279220046,14.275736136361662,12.236345259738567,41.80751297077344,44.866599285708084,59.14233542206974,41.80751297077344,9.177258944803926,61.18172629869284,52.00446735388891,14.275736136361662,53.02416279220046,39.76812209415034,10.196954383115473,28.551472272723323,17.334822451296304,39.76812209415034,43.84690384739653,42.82720840908499,63.22111717531593,47.92568560064272,76.47715787336605,17.334822451296304,50.98477191557736,22.433299642854042,67.29989892856211,44.866599285708084,13.256040698050114,69.33928980518522,72.39837612011986,14.275736136361662,32.63025402596951,43.84690384739653,12.236345259738567,47.92568560064272,12.236345259738567,30.59086314934642,61.18172629869284,45.88629472401963,72.39837612011986,26.51208139610023,49.96507647726582,60.16203086038129,38.7484266558388,36.709035779215704,17.334822451296304,32.63025402596951,62.20142173700439,13.256040698050114,17.334822451296304,68.31959436687367,21.413604204542494,28.551472272723323,64.24081261362748,46.90599016233118,66.28020349025057,32.63025402596951,52.00446735388891,38.7484266558388,10.196954383115473,34.66964490259261,14.275736136361662,65.26050805193903
B02011,99000000345,Synthetic Census Tract 99000000345,1.0,Total:,45.07314456293015,66.70825395313663,+/-74,40.565830106637144,82.9345859957915,45.97460745418876,37.861441432861334,77.52580864823987,50.48192191048177,91.94921490837751,31.55120119405111,20.733646498947873,56.792162149292,39.66436721537854,31.55120119405111,41.46729299789575,74.82141997446406,27.043886737758093,19.83218360768927,45.07314456293015,54.98923636677479,40.565830106637144,46.87607034544736,71.21556840942965,39.66436721537854,48.67899612796457,18.029257825172063,48.67899612796457,60.39801371432641,35.15705275908552,61.29947660558501,18.029257825172063,73.01849419194686,38.76290432411994,51.38338480174038,40.565830106637144,45.97460745418876,23.43803517272368,30.649738302792507,74.82141997446406,57.6936250405506,41.46729299789575,65.80679106187803,49.58045901922317,36.05851565034413,47.77753323670596,18.930720716430667,55.89069925803339,36.05851565034413,37.861441432861334,68.51117973565384,28.8468125202753,65.80679106187803,57.6936250405506,72.11703130068825,16.226332042654857,28.8468125202753,22.536572281465077,32.45266408530971,92.85067779963612,60.39801371432641,54.98923636677479,56.792162149292,53.18631058425758,66.70825395313663,51.38338480174038,38.76290432411994,123.50041610242863,35.15705275908552,62.20093949684362,30.649738302792507,28.8468125202753,74.82141997446406,48.67899612796457,39.66436721537854,18.029257825172063,62.20093949684362,22.536572281465077,21.635109390206473,49.58045901922317,58.5950879318092,61.29947660558501,32.45266408530971,55.89069925803339
B02011,99000000346,Synthetic Census Tract 99000000346,1.0,Total:,135.69582782746312,85.04879349749449,+/-89,51.60263875128879,133.7846189848228,141.42945435538408,134.74022340614295,84.09318907617433,147.16308088330507,101.29406865993725,217.8778080609971,141.42945435538408,120.40615708634051,132.82901456350262,127.09538803558165,83.13758465485417,145.25187204066475,154.80791625386638,167.23077373102848,158.63033393914702,210.23297269043582,113.71692613709936,139.51824551274376,134.74022340614295,115.6281349797397,158.63033393914702,156.7191250965067,130.9178057208623,120.40615708634051,118.49494824370018,148.11868530462522,153.8523118325462,155.76352067518653,151.9411029899059,185.38725773611156,145.25187204066475,98.42725539597677,129.96220129954213,128.0509924569018,178.69802678687043,149.0742897259454,76.44835370561302,130.9178057208623,150.9854985685857,131.87341014218245,138.56264109142361,141.42945435538408,164.36396046706798,163.40835604574784,177.74242236555028,96.51604655333644,123.272970350301,149.0742897259454,133.7846189848228,145.25187204066475,188.25407100007206,127.09538803558165,103.20527750257757,133.7846189848228,117.53934382238002,98.42725539597677,148.11868530462522,130.9178057208623,136.65143224878327,182.5204444721511,129.96220129954213,129.00659687822198,155.76352067518653,174.8756091015898,141.42945435538408,129.00659687822198,145.25187204066475,127.09538803558165,107.02769518785823,138.56264109142361,140.47384993406394,150.02989414726557,127.09538803558165,136.65143224878327,107.98329960917839,116.58373940105986,158.63033393914702,136.65143224878327,132.82901456350262
B02011,99000000347,Synthetic Census Tract 99000000347,1.0,Total:,0.0,14.5684937039569,+/-14,9.365460238258008,0.0,0.0,0.0,0.0,0.0,0.0,0.0,0.0,0.0,0.0,0.0,0.0,0.0,0.0,0.0,0.0,0.0,0.0,0.0,0.0,0.0,0.0,0.0,0.0,0.0,0.0,0.0,0.0,0.0,0.0,0.0,0.0,0.0,0.0,0.0,0.0,0.0,0.0,0.0,0.0,0.0,0.0,0.0,0.0,0.0,0.0,0.0,0.0,0.0,0.0,0.0,0.0,0.0,0.0,0.0,0.0,0.0,0.0,0.0,0.0,0.0,0.0,0.0,0.0,0.0,0.0,0.0,0.0,0.0,0.0,0.0,0.0,0.0,0.0,0.0,0.0,0.0,0.0,0.0,0.0
B02011,99000000348,Synthetic Census Tract 99000000348,1.0,Total:,28.749110729187876,53.39120563992034,+/-52,32.856126547643285,54.41795959453419,17.454817228435495,55.44471354914804,10.267539546138526,36.963142366098694,18.481571183049347,7.187277682296969,37.989896320712546,64.68549914067272,21.561833046890907,32.856126547643285,28.749110729187876,43.123666093781814,9.240785591524673,47.23068191223722,16.428063273821643,34.90963445687099,34.90963445687099,6.160523727683116,11.29429350075238,6.160523727683116,32.856126547643285,23.61534095611861,28.749110729187876,49.28418982146493,33.88288050225714,61.60523727683116,13.347801409980084,6.160523727683116,27.72235677457402,21.561833046890907,31.829372593029433,28.749110729187876,42.09691213916796,16.428063273821643,52.364451685306484,48.257435866851075,36.963142366098694,60.57848332221731,36.963142366098694,29.77586468380173,21.561833046890907,25.668848865346316,6.160523727683116,25.668848865346316,6.160523727683116,17.454817228435495,64.68549914067272,40.04340422994025,19.5083251376632,45.17717400300952,33.88288050225714,16.428063273821643,15.40130931920779,69.81926891374198,36.963142366098694,36.963142366098694,28.749110729187876,26.69560281996017,15.40130931920779,17.454817228435495,40.04340422994025,34.90963445687099,43.123666093781814,51.33769773069263,65.71225309528657,34.90963445687099,10.267539546138526,8.214031636910821,28.749110729187876,26.69560281996017,53.39120563992034,37.989896320712546,39.0166502753264,10.267539546138526,16.428063273821643,24.642094910732464,41.0701581845541,31.829372593029433,39.0166502753264
B02011,99000000349,Synthetic Census Tract 99000000349,1.0,Total:,547.0842335647451,331.1010792315692,+/-302,201.73045886956533,567.9150961654068,643.5640182414937,539.4097052381856,569.0114573549153,544.8915111857281,652.3349077575618,438.5444758034029,510.90431431096437,538.3133440486771,483.4952845732517,527.349732153592,628.2149615883746,447.31536531947097,407.8463624971647,535.0242604801515,516.3861202585069,525.1570097745749,640.2749346729682,541.6024276172026,683.0330210638,430.8699474768433,570.1078185444238,457.18261602504754,636.9858511044428,419.9063355817583,582.1677916290173,533.927899290643,431.96630866635184,493.36253527882826,545.9878723752366,749.9110536238189,530.6388157221176,441.8335593719284,676.454853926749,677.5512151162575,595.3241259031195,487.88072933128575,526.2533709640835,458.27897721455605,707.1529672329872,638.0822122939512,550.3733171332707,421.00269677126676,579.9750692500004,585.4568751975429,522.9642873955579,628.2149615883746,482.3989233837432,491.16981289981123,402.36455654962214,688.5148270113425,529.542454532609,396.8827506020796,327.81199566304366,525.1570097745749,567.9150961654068,745.5256088657849,377.1482491909265,464.8571443516071,617.2513496932896,647.9494629995278,572.3005409234407,397.97911179158814,704.9602448539702,581.0714304395088,735.6583581602083,547.0842335647451,328.9083568525522,644.6603794310023,459.37533840406456,676.454853926749,476.91711743620067,401.2681953601137,474.72439505718364,408.9427236866732,678.6475763057659,530.6388157221176,628.2149615883746,451.70081007750497,702.7675224749531
B02011,99000000350,Synthetic Census Tract 99000000350,1.0,Total:,187.40509217348443,182.28473446382637,+/-178,110.59972652861376,195.5976645089373,240.65681235392807,171.01994750257867,168.97180441871546,199.69395067666372,231.44016847654362,247.82531314744935,203.79023684439017,196.6217360508689,86.02200952225515,187.40509217348443,218.1272384314327,178.18844829609995,115.72008423827181,175.11623367030512,269.33081552801315,161.8033036251942,65.54057868362297,172.0440190445103,175.11623367030512,140.29780124463042,110.59972652861376,100.35901110929767,302.1011048698246,151.56258820587811,267.2826724441499,192.52544988314247,185.3569490896212,256.0178854829022,213.00688072177465,191.50137834121085,179.21251983803154,200.71802221859534,208.9105945540482,219.1513099733643,235.53645464427004,181.26066292189478,180.23659137996316,73.73315101907583,118.79229886406662,181.26066292189478,101.38308265122927,229.39202539268038,143.37001587042525,195.5976645089373,204.81430838632178,128.0089427414511,206.862451470185,188.42916371541602,280.59560248926084,173.0680905864419,155.65887437360456,178.18844829609995,249.87345623131256,232.4642400184752,91.14236723191318,195.5976645089373,301.077033327893,188.42916371541602,239.63274081199648,157.70701745746777,286.7400317408505,282.643745573124,109.57565498668215,265.2345293602867,63.49243559975975,141.321872786562,182.28473446382637,110.59972652861376,151.56258820587811,177.16437675416833,222.22352459915913,193.5495214250741,236.56052618620166,137.2255866188356,184.3328775476896,197.6458075928005,173.0680905864419,288.7881748247137,237.58459772813325
B02011,99000000351,Synthetic Census Tract 99000000351,1.0,Total:,197.10923259565823,171.22620205279404,+/-172,103.53212217145685,139.37016446157654,168.2396985286174,266.7943148264465,169.23519970334294,216.02375491544362,121.45114331651669,196.11373142093268,115.47813626816341,162.26669148026411,173.21720440224513,213.03725139126698,210.05074786709034,173.21720440224513,236.9292795846801,240.9112842835823,118.46463979234005,308.6053641649195,199.10023494510932,189.14522319785388,177.19920910114732,182.17671497477505,260.8213077780932,152.31167973300865,196.11373142093268,185.1632184989517,233.94277606050346,238.9202819341312,265.79881365172093,237.92478075940565,127.42415036486997,127.42415036486997,138.374663286851,179.1902114505984,213.03725139126698,214.03275256599252,289.69084184513406,108.50962804508458,218.0147572648947,202.08673846928596,175.20820675169622,150.32067738355755,298.650352417664,128.41965153959552,186.15871967367724,218.0147572648947,190.14072437257943,248.87529368138667,231.95177371105237,252.85729838028885,77.64909162859264,134.3926585879488,201.09123729456041,175.20820675169622,249.8707948561122,221.00126078907135,230.95627253632682,165.25319500444076,197.10923259565823,226.97426783742463,281.7268324473297,174.21270557697068,131.40615506377216,281.7268324473297,225.9787666626991,174.21270557697068,122.44664449124224,205.0732419934626,150.32067738355755,112.49163274398677,238.9202819341312,243.89778780775893,149.325176208832,151.3161785582831,213.03725139126698,237.92478075940565,150.32067738355755,255.8438019044655,193.12722789675604,191.13622554730495,336.4793970572348
B02011,99000000352,Synthetic Census Tract 99000000352,1.0,Total:,439.85576228218304,284.1173584119364,+/-270,172.57498807243545,468.2674981233767,506.1498125783015,504.0452395530279,494.57466093929673,444.0649083327302,390.39829618825337,449.32634089591426,694.509098340289,425.1237511052678,575.6007224123305,395.65972875143734,351.4636952206917,343.04540311959727,443.01262182009344,330.4179649679557,400.9211613146214,423.0191780799942,539.8229809826792,490.3655148887495,355.6728412712389,285.1696449245732,453.53548694646145,554.5549921595943,384.08457711243256,551.398132621684,370.40485244815414,329.36567845531886,427.2283241305414,397.76430177671097,374.61399849870133,470.37207114865026,352.5159817333285,332.52253799322926,412.4963129536262,374.61399849870133,340.9408300943237,559.8164247227784,526.1432563184007,392.50286921352694,433.5420432063622,444.0649083327302,510.3589586288487,447.22176787064063,355.6728412712389,348.3068356827813,575.6007224123305,314.63366727840366,404.0780208525318,636.6333401452649,350.4114087080549,423.0191780799942,459.84920602228226,497.73152047720714,581.9144414881513,458.7969195096455,534.5615484194951,378.8231445492485,525.090969805764,429.33289715581503,303.0585156393988,389.3460096756166,515.6203911920327,479.8426497623815,426.1760376179046,455.64005997173507,519.8295372425799,308.31994820258285,309.37223471521963,502.9929530403911,395.65972875143734,333.5748245058661,395.65972875143734,486.1563688382023,380.92771757452215,472.4766441739239,452.48320043382466,320.9473863542245,423.0191780799942,210.4573025273603,425.1237511052678
B02011,99000000353,Synthetic Census Tract 99000000353,1.0,Total:,154.53517713817192,97.25990169535295,+/-90,59.43660659160459,136.16386237349414,145.88985254302943,196.68113453949152,148.05118369181505,162.0998361589216,212.8911181553837,181.55181649799218,136.16386237349414,156.69650828695754,154.53517713817192,111.3085541624595,140.48652467106538,181.55181649799218,145.88985254302943,162.0998361589216,144.80918696863662,137.24452794788695,136.16386237349414,128.59920335274447,177.22915420042094,150.21251484060068,151.2931804149935,163.1805017333144,136.16386237349414,114.55055088563793,176.14848862602813,196.68113453949152,170.74516075406407,102.663229567317,145.88985254302943,216.13311487856214,143.7285213942438,158.85783943574316,163.1805017333144,136.16386237349414,143.7285213942438,141.5671902454582,175.06782305163532,117.79254760881636,136.16386237349414,163.1805017333144,152.3738459893863,185.87447879556342,124.27654105517323,181.55181649799218,219.37511160174057,184.7938132211706,81.0499180794608,185.87447879556342,173.9871574772425,91.8565738233889,135.08319679910133,173.9871574772425,122.1152099063876,192.35847224192028,151.2931804149935,141.5671902454582,157.77717386135035,161.01917058452878,142.647855819851,177.22915420042094,198.84246568827714,112.38921973685231,108.06655743928107,159.93850501013597,164.2611673077072,145.88985254302943,130.7605345015301,137.24452794788695,131.8412000759229,222.617108324919,181.55181649799218,162.0998361589216,172.9064919028497,155.61584271256473,204.2457935602412,146.97051811742224,183.7131476467778,126.43787220395885,217.21378045295495
B02011,99000000354,Synthetic Census Tract 99000000354,1.0,Total:,498.0543933169308,267.29963247197963,+/-256,162.8857135376126,384.2432216784707,547.1289352160833,586.8062244111428,515.8047595357732,517.8930379144606,412.4349797907498,452.1122689858093,542.9523784587086,343.52179329406755,537.7316825119902,575.3206933283624,522.0695946718353,665.116663611918,440.6267379030289,396.7728919505948,609.7772865767035,586.8062244111428,438.5384595243416,287.1382770695094,472.9950527726827,517.8930379144606,456.28882574318396,498.0543933169308,613.9538433340782,387.37563924650175,464.64193925793336,623.3510960381712,474.0391919620264,424.9646500628739,523.1137338611788,501.1868108849618,566.967579813613,538.7758217013339,436.45018114565426,559.6586054882074,445.8474338497473,375.8901081637214,441.6708770923726,419.7439541161555,640.05732306767,376.934247353065,422.87637168418655,490.7454189915251,456.28882574318396,598.2917554939231,523.1137338611788,348.7424892407859,527.2902906185536,410.3467014120625,456.28882574318396,553.3937703521453,507.45164602102386,364.404577080941,445.8474338497473,497.01025412758713,526.2461514292099,474.0391919620264,628.5717919848896,537.7316825119902,579.497250085737,410.3467014120625,506.40750683168017,448.9798514177783,419.7439541161555,553.3937703521453,476.1274703407137,419.7439541161555,421.83223249484286,603.5124514406415,584.7179460324554,387.37563924650175,415.56739735878085,634.8366271209517,554.437909541489,445.8474338497473,451.06812979646566,634.8366271209517,419.7439541161555,499.09853250627447,519.9813162931479
B02011,99000000355,Synthetic Census Tract 99000000355,1.0,Total:,134.39499609931474,97.24515977917896,+/-89,59.00268121433331,142.0434918122839,90.6893063109197,179.19332813241968,175.91540139829004,101.61572875801848,146.41406079112338,151.87727201467277,143.13613405699377,86.3187373320802,174.82275915358017,142.0434918122839,137.67292283344437,107.07893998156786,119.0980046733765,87.41137957679008,133.3023538546049,143.13613405699377,125.65385814163574,186.8418238453888,99.43044426859872,154.06255650409253,190.11975057951844,140.950849567574,125.65385814163574,113.6347934498271,184.65653935596904,159.5257677276419,175.91540139829004,144.22877630170365,88.50402182149996,132.209711609895,149.691987525253,140.950849567574,110.35686671569748,85.22609508737033,120.19064691808636,120.19064691808636,173.7301169088703,119.0980046733765,164.98897895119129,182.4712548665493,144.22877630170365,95.05987528975922,101.61572875801848,107.07893998156786,132.209711609895,140.950849567574,199.95353078190732,192.3050350689382,152.96991425938265,172.6374746641604,122.37593140750612,155.1551987488024,115.82007793924686,98.33780202388884,128.93178487576537,109.2642244709876,127.8391426310555,116.91272018395674,158.433125482932,130.02442712047525,142.0434918122839,170.45219017474065,133.3023538546049,138.76556507815425,152.96991425938265,115.82007793924686,161.71105221706165,116.91272018395674,138.76556507815425,197.76824629248756,87.41137957679008,143.13613405699377,67.74381917201231,126.74650038634562,132.209711609895,104.8936554921481,142.0434918122839,119.0980046733765,138.76556507815425
B02011,99000000356,Synthetic Census Tract 99000000356,1.0,Total:,0.0,14.789614478066898,+/-14,9.50760930732872,0.0,0.0,0.0,0.0,0.0,0.0,0.0,0.0,0.0,0.0,0.0,0.0,0.0,0.0,0.0,0.0,0.0,0.0,0.0,0.0,0.0,0.0,0.0,0.0,0.0,0.0,0.0,0.0,0.0,0.0,0.0,0.0,0.0,0.0,0.0,0.0,0.0,0.0,0.0,0.0,0.0,0.0,0.0,0.0,0.0,0.0,0.0,0.0,0.0,0.0,0.0,0.0,0.0,0.0,0.0,0.0,0.0,0.0,0.0,0.0,0.0,0.0,0.0,0.0,0.0,0.0,0.0,0.0,0.0,0.0,0.0,0.0,0.0,0.0,0.0,0.0,0.0,0.0,0.0,0.0
B02011,99000000357,Synthetic Census Tract 99000000357,1.0,Total:,8.586882301219083,12.880323451828623,+/-12,7.513522013566697,13.95368373948101,5.366801438261927,9.660242588871467,7.513522013566697,9.660242588871467,5.366801438261927,2.1467205753047707,9.660242588871467,12.880323451828623,10.733602876523854,6.440161725914312,8.586882301219083,17.173764602438165,3.220080862957156,7.513522013566697,5.366801438261927,3.220080862957156,5.366801438261927,4.293441150609541,7.513522013566697,2.1467205753047707,11.806963164176238,9.660242588871467,6.440161725914312,4.293441150609541,7.513522013566697,15.027044027133394,8.586882301219083,2.1467205753047707,4.293441150609541,5.366801438261927,10.733602876523854,3.220080862957156,8.586882301219083,7.513522013566697,12.880323451828623,9.660242588871467,10.733602876523854,12.880323451828623,7.513522013566697,5.366801438261927,7.513522013566697,9.660242588871467,9.660242588871467,3.220080862957156,7.513522013566697,13.95368373948101,6.440161725914312,3.220080862957156,2.1467205753047707,7.513522013566697,7.513522013566697,4.293441150609541,11.806963164176238,7.513522013566697,17.173764602438165,10.733602876523854,7.513522013566697,16.10040431478578,8.586882301219083,10.733602876523854,12.880323451828623,6.440161725914312,6.440161725914312,16.10040431478578,7.513522013566697,4.293441150609541,6.440161725914312,8.586882301219083,11.806963164176238,8.586882301219083,9.660242588871467,11.806963164176238,3.220080862957156,6.440161725914312,4.293441150609541,2.1467205753047707,8.586882301219083,3.220080862957156,7.513522013566697
B02011,99000000358,Synthetic Census Tract 99000000358,1.0,Total:,378.35653383705824,295.30266055575277,+/-320,179.02723796192512,451.25937816175974,203.02057913208003,313.75907684048735,367.28268406621754,174.41313389074148,394.04448767908264,340.52088045335245,256.54418635781025,463.25604874683717,425.4203953631314,413.4237247780539,234.39648681612877,412.50090396381717,514.934014344094,486.3265691027554,432.80296187702515,245.4703365869695,397.73577093602955,370.97396732316446,377.4337130228215,423.5747537346579,250.08444065815314,357.1316551096135,393.1216668648459,299.9167646269364,465.1016903753106,318.373180911671,243.62469495849604,412.50090396381717,394.04448767908264,393.1216668648459,202.0977583178433,446.6452740905761,450.336557347523,496.47759805935937,426.3432161773681,279.6147067137284,408.80962070687025,358.05447592385025,418.03782884923754,445.72245327633937,290.6885564845692,451.25937816175974,277.76906508525497,302.6852270696466,396.8129501217928,362.6685799950339,157.8023592344804,288.8429148560957,299.9167646269364,425.4203953631314,275.9234234567815,543.5414595854324,382.04781709400515,515.8568351583307,535.2360722573019,266.6952153144142,480.789644217335,396.8129501217928,473.4070777034412,493.7091356166492,260.23546961475716,339.5980596391157,408.80962070687025,344.21216371029936,284.22881078491207,394.04448767908264,239.01059088731242,406.04115826416006,373.74242976587465,334.06113475369534,329.4470306825117,430.9573202485517,401.42705419297647,346.0578053387728,447.5680949048128,189.17826691852912,287.920094041859,443.8768116478659,357.1316551096135
B02011,99000000359,Synthetic Census Tract 99000000359,1.0,Total:,14.650757808382606,23.022619413172666,+/-22,14.650757808382606,5.232413502993788,17.79020591017888,12.55779240718509,13.604275107783849,15.697240508981364,17.79020591017888,17.79020591017888,25.11558481437018,30.34799831736397,16.74372320958012,5.232413502993788,12.55779240718509,25.11558481437018,17.79020591017888,11.511309706586333,23.022619413172666,15.697240508981364,6.278896203592545,4.18593080239503,28.255032916166456,20.929654011975153,13.604275107783849,16.74372320958012,20.929654011975153,14.650757808382606,17.79020591017888,5.232413502993788,4.18593080239503,5.232413502993788,15.697240508981364,21.976136712573908,17.79020591017888,4.18593080239503,16.74372320958012,13.604275107783849,5.232413502993788,15.697240508981364,17.79020591017888,19.883171311376394,5.232413502993788,4.18593080239503,10.464827005987576,16.74372320958012,13.604275107783849,16.74372320958012,11.511309706586333,34.533929119759,19.883171311376394,21.976136712573908,14.650757808382606,5.232413502993788,14.650757808382606,25.11558481437018,13.604275107783849,17.79020591017888,21.976136712573908,13.604275107783849,5.232413502993788,5.232413502993788,20.929654011975153,24.069102113771425,17.79020591017888,14.650757808382606,12.55779240718509,17.79020591017888,15.697240508981364,5.232413502993788,5.232413502993788,4.18593080239503,15.697240508981364,27.208550215567698,16.74372320958012,6.278896203592545,18.836688610777635,16.74372320958012,6.278896203592545,14.650757808382606,26.16206751496894,21.976136712573908,5.232413502993788
B02011,99000000360,Synthetic Census Tract 99000000360,1.0,Total:,107.69393364969665,85.95754337177623,+/-87,52.36494021499011,118.56212878865686,117.57411104875139,106.70591590979117,96.82573851073643,140.29851906657728,112.63402234922401,67.18520631357222,87.93357885158717,86.9455611116817,96.82573851073643,135.35843036704992,85.95754337177623,133.38239488723897,81.01745467224885,112.63402234922401,100.77780947035833,108.68195138960212,152.15473194544296,65.20917083376128,121.52618200837328,156.10680290506485,132.3943771473335,91.88564981120906,111.64600460931854,86.9455611116817,129.43032392761708,108.68195138960212,113.62204008912948,188.7113883219455,150.17869646563202,62.24511761404485,94.84970303092548,92.87366755111454,122.51419974827876,94.84970303092548,91.88564981120906,97.8137562506419,112.63402234922401,130.41834166752255,118.56212878865686,77.06538371262695,119.55014652856234,103.74186269007475,120.53816426846781,125.47825296799518,125.47825296799518,82.9934901520598,95.83772077083096,67.18520631357222,67.18520631357222,146.22662550601012,103.74186269007475,101.76582721026381,121.52618200837328,129.43032392761708,155.11878516515938,128.4423061877116,174.87913996326887,99.78979173045286,122.51419974827876,101.76582721026381,82.00547241215433,92.87366755111454,109.66996912950759,69.16124179338317,115.59807556894043,162.0349093444977,113.62204008912948,106.70591590979117,111.64600460931854,92.87366755111454,128.4423061877116,67.18520631357222,120.53816426846781,146.22662550601012,88.92159659149264,109.66996912950759,66.19718857366675,125.47825296799518,122.51419974827876
B02011,99000000361,Synthetic Census Tract 99000000361,1.0,Total:,6.06372456289353,20.2124152096451,+/-20,12.12744912578706,0.0,0.0,0.0,0.0,13.138069886269315,7.074345323375785,5.053103802411275,0.0,11.116828365304805,4.04248304192902,4.04248304192902,15.159311407233826,6.06372456289353,6.06372456289353,13.138069886269315,3.031862281446765,5.053103802411275,4.04248304192902,11.116828365304805,5.053103802411275,18.19117368868059,16.16993216771608,18.19117368868059,16.16993216771608,0.0,6.06372456289353,11.116828365304805,23.244277491091864,0.0,7.074345323375785,10.10620760482255,0.0,5.053103802411275,6.06372456289353,0.0,8.08496608385804,5.053103802411275,7.074345323375785,0.0,5.053103802411275,0.0,0.0,0.0,1.010620760482255,13.138069886269315,7.074345323375785,5.053103802411275,0.0,11.116828365304805,4.04248304192902,4.04248304192902,15.159311407233826,6.06372456289353,7.074345323375785,13.138069886269315,4.04248304192902,5.053103802411275,4.04248304192902,10.10620760482255,4.04248304192902,19.201794449162847,16.16993216771608,19.201794449162847,17.180552928198335,0.0,6.06372456289353,11.116828365304805,22.23365673060961,0.0,7.074345323375785,10.10620760482255,1.010620760482255,6.06372456289353,6.06372456289353,0.0,8.08496608385804,5.053103802411275,7.074345323375785,0.0,5.053103802411275
B02011,99000000362,Synthetic Census Tract 99000000362,1.0,Total:,422.6363975775533,329.86255420687087,+/-320,199.97917348791546,504.0712156473746,226.78050601722373,350.4789638448003,410.26655179479565,194.8250710784331,440.1603457697933,380.372757819798,286.56809396721906,517.4718819120287,475.20824215427336,461.8075758896192,261.8284024017037,460.77675540772276,575.197828898231,543.2423939594405,483.4548060094451,274.1982481844614,444.2836276973792,414.3898337223815,421.6055770956568,473.1466011904804,279.35235059394375,398.92752649393447,439.12952528789685,335.0166566163532,519.5335228758216,355.63306625428265,272.13660722066845,460.77675540772276,440.1603457697933,439.12952528789685,225.74968553532725,498.9171132378922,503.04039516547806,554.5814192603017,476.2390626361698,312.33860601463084,456.6534734801369,399.9583469758309,466.96167829910155,497.8862927559957,324.70845179738853,504.0712156473746,310.27696505083793,338.1091180620426,443.25280721548273,405.1124493853133,176.27030240429661,322.64681083359557,335.0166566163532,475.20824215427336,308.21532408704496,607.1532638370217,426.75967950513916,576.2286493801275,597.8758794999535,297.90711926808024,537.0574710680617,443.25280721548273,528.8109072128899,551.4889578146123,290.69137589480493,379.3419373379015,456.6534734801369,384.49603974738386,317.49270842411323,440.1603457697933,266.9825048111861,453.56101203444746,417.48229516807095,373.1570144465227,368.0029120370403,481.39316504565215,448.40690962496507,386.5576807111768,499.94793371978864,211.31819878877664,321.6159903516991,495.82465179220276,398.92752649393447
B02011,99000000363,Synthetic Census Tract 99000000363,1.0,Total:,145.49708210436816,112.67819140413474,+/-103,67.82570744714907,212.2288265281761,123.61782163754587,121.42989559086365,124.71178466088699,118.14800652084031,106.11441326408806,99.55063512404136,179.4099358279427,175.03408373457825,161.90652745448486,148.7789711743915,118.14800652084031,152.06086024441484,155.34274931443818,80.95326372724243,142.21519303434482,170.65823164121377,107.20837628742916,201.28919629476496,175.03408373457825,152.06086024441484,138.93330396432148,142.21519303434482,176.12804675791935,109.3963023341114,118.14800652084031,160.81256443114376,183.78578792130713,106.11441326408806,179.4099358279427,147.6850081510504,156.43671233777928,182.69182489796603,142.21519303434482,161.90652745448486,122.52385861420476,106.11441326408806,131.27556280093367,132.36952582427477,96.26874605401802,156.43671233777928,159.71860140780262,191.44352908469494,171.75219466455488,195.8193811780594,112.67819140413474,99.55063512404136,106.11441326408806,188.1616400146716,86.423078843948,136.74537791763925,78.76533768056021,125.80574768422811,149.8729341977326,227.5443088549517,149.8729341977326,102.83252419406472,203.4771223414472,155.34274931443818,150.96689722107374,105.02045024074694,170.65823164121377,153.15482326775594,138.93330396432148,152.06086024441484,173.9401207112371,193.63145513137718,136.74537791763925,119.24196954418142,201.28919629476496,103.92648721740582,147.6850081510504,150.96689722107374,94.0808200073358,183.78578792130713,122.52385861420476,195.8193811780594,173.9401207112371,90.79893093731246,132.36952582427477
B02011,99000000364,Synthetic Census Tract 99000000364,1.0,Total:,240.22451996670517,178.79724545467096,+/-163,108.59464601234617,190.86331723382054,264.3566635250043,214.9954607921197,281.9073133855855,345.52841913019233,246.80601366442312,180.9910766872436,250.09676051328208,187.57257038496158,267.6474103738633,262.1628322924317,273.1319884552949,267.6474103738633,180.9910766872436,182.08799230352994,360.8852377582009,357.5944909093419,246.80601366442312,227.06153257126925,220.4800388735513,265.4535791412906,255.5813385947137,175.506498605812,240.22451996670517,188.6694860012479,140.4051988846496,211.7047139432607,246.80601366442312,229.2553638038419,189.76640161753423,239.12760435041884,356.4975752930556,287.39189146701716,206.22013586182908,206.22013586182908,196.34789531525217,185.3787391523889,287.39189146701716,230.35227942012824,167.82808929180771,274.2289040715812,217.18929202469235,264.3566635250043,268.7443259901496,302.7487100950257,219.383123257265,198.54172654782482,244.61218243185047,300.55487886245305,162.34351121037608,351.012997211624,225.96461695498294,167.82808929180771,199.63864216411113,188.6694860012479,156.85893312894447,286.2949758507308,177.70032983838465,255.5813385947137,270.9381572227223,211.7047139432607,262.1628322924317,214.9954607921197,160.14967997780343,275.3258196878676,349.91608159533763,278.6165665367265,295.0703007810214,201.83247339668378,370.7574783047778,183.18490791981625,223.7707857224103,234.73994188527354,217.18929202469235,354.303744060483,267.6474103738633,258.8720854435727,261.0659166761453,239.12760435041884,307.13637256017097
B02011,99000000365,Synthetic Census Tract 99000000365,1.0,Total:,118.74806048810005,90.01869101517262,+/-94,54.585801998562125,113.00218659351457,82.35752582239198,150.35036690832024,95.7645649097581,90.01869101517262,94.80691926066054,143.64684736463715,113.95983224261215,120.66335178629522,126.40922568088071,113.95983224261215,109.17160399712425,129.28216262817344,147.4774299610275,197.2750037141017,164.71505164478395,115.87512354080731,130.23980827727104,113.95983224261215,163.75740599568636,139.81626476824684,92.89162796246536,123.53628873358797,106.29866704983151,117.79041483900248,116.8327691899049,129.28216262817344,133.11274522456378,122.57864308449038,172.37621683756458,99.59514750614844,135.98568217185652,147.4774299610275,110.12924964622182,129.28216262817344,90.01869101517262,122.57864308449038,109.17160399712425,56.50109329675728,129.28216262817344,66.07754978773309,135.98568217185652,169.50327989027184,99.59514750614844,141.731556066442,94.80691926066054,135.98568217185652,130.23980827727104,133.11274522456378,113.00218659351457,132.15509957546618,152.26565820651538,75.6540062787089,97.67985620795328,126.40922568088071,106.29866704983151,163.75740599568636,120.66335178629522,129.28216262817344,103.42573010253876,91.93398231336778,95.7645649097581,187.6985472231259,169.50327989027184,85.23046276968472,116.8327691899049,100.55279315524602,108.21395834802667,118.74806048810005,85.23046276968472,127.36687132997828,151.3080125574178,97.67985620795328,149.39272125922264,92.89162796246536,134.07039087366135,154.18094950471055,126.40922568088071,135.98568217185652,157.0538864520033
B02011,99000000366,Synthetic Census Tract 99000000366,1.0,Total:,23.02851538872683,27.215518186677166,+/-26,16.748011191801332,35.58952378257783,21.98176468923925,8.374005595900666,28.262268886164748,15.701260492313748,19.88826329026408,31.402520984627497,21.98176468923925,24.075266088214416,21.98176468923925,27.215518186677166,33.496022383602664,9.42075629538825,23.02851538872683,35.58952378257783,16.748011191801332,14.654509792826165,25.122016787701998,37.683025181553,20.935013989751667,32.44927168411508,14.654509792826165,29.30901958565233,30.355770285139915,21.98176468923925,19.88826329026408,21.98176468923925,36.63627448206542,45.01028007796608,26.16876748718958,7.327254896413082,23.02851538872683,33.496022383602664,33.496022383602664,8.374005595900666,20.935013989751667,20.935013989751667,16.748011191801332,20.935013989751667,34.542773083090246,39.77652658052816,19.88826329026408,24.075266088214416,37.683025181553,16.748011191801332,27.215518186677166,16.748011191801332,25.122016787701998,23.02851538872683,21.98176468923925,15.701260492313748,35.58952378257783,24.075266088214416,23.02851538872683,18.8415125907765,8.374005595900666,16.748011191801332,24.075266088214416,31.402520984627497,23.02851538872683,16.748011191801332,12.561008393850999,20.935013989751667,18.8415125907765,23.02851538872683,10.467506994875833,35.58952378257783,34.542773083090246,37.683025181553,41.870027979503334,19.88826329026408,23.02851538872683,19.88826329026408,28.262268886164748,19.88826329026408,28.262268886164748,23.02851538872683,15.701260492313748,23.02851538872683,23.02851538872683
B02011,99000000367,Synthetic Census Tract 99000000367,1.0,Total:,48.29984854900447,47.24985184141742,+/-45,28.349911104850452,56.699822209700905,17.849944028979913,30.44990452002456,48.29984854900447,57.74981891728796,47.24985184141742,47.24985184141742,64.04979916281027,49.34984525659153,65.09979587039733,14.699953906218752,45.14985842624331,46.19985513383037,51.44983867176563,60.89980904004912,47.24985184141742,36.74988476554688,44.09986171865626,71.39977611591965,37.79988147313394,22.04993085932813,53.549832086939745,71.39977611591965,50.39984196417858,62.999802455223225,61.94980574763617,26.249917689676344,50.39984196417858,38.84987818072099,54.59982879452679,59.849812332462065,33.59989464278572,38.84987818072099,35.699888057959825,36.74988476554688,60.89980904004912,43.0498650110692,37.79988147313394,48.29984854900447,45.14985842624331,66.14979257798439,26.249917689676344,44.09986171865626,78.74975306902903,40.9498715958951,48.29984854900447,74.54976623868082,61.94980574763617,26.249917689676344,77.69975636144198,31.499901227611613,29.399907812437505,44.09986171865626,48.29984854900447,48.29984854900447,49.34984525659153,29.399907812437505,40.9498715958951,59.849812332462065,55.64982550211385,22.04993085932813,51.44983867176563,69.29978270074555,36.74988476554688,65.09979587039733,66.14979257798439,16.79994732139286,48.29984854900447,49.34984525659153,40.9498715958951,49.34984525659153,54.59982879452679,39.89987488830804,30.44990452002456,60.89980904004912,50.39984196417858,52.49983537935269,36.74988476554688,43.0498650110692,62.999802455223225
B02011,99000000368,Synthetic Census Tract 99000000368,1.0,Total:,693.048479167766,509.8510490101328,+/-526,310.17554312403513,748.2984977867349,571.8861576349398,412.9211917838718,391.5966231940944,734.7283177750583,890.7853879093384,828.7502792845314,628.1054748261712,735.6976163473208,731.8204220582704,634.8905648320094,637.7984605487973,927.6187336553177,989.6538422801246,940.2196150947316,633.9212662597469,711.4651520407556,576.7326504962529,558.3159776232633,385.7808317605187,825.8423835677436,777.3774549546131,843.2897578684706,966.390676545822,783.1932463881888,491.4343761371432,676.5704034393017,822.9344878509557,903.3862693487524,685.2940905896652,922.7722407940046,660.0923277108373,571.8861576349398,562.1931719123137,678.509000583827,567.0396647736268,495.3115704261936,541.837901894799,741.5134077808965,967.3599751180847,699.8335691736044,615.5045933867573,562.1931719123137,315.9913345576108,660.0923277108373,790.9476349662897,756.0528863648357,546.6843947561119,723.0967349079069,674.6318062947764,723.0967349079069,760.8993792261488,839.4125635794202,787.0704406772392,1010.0091122976395,716.3116449020687,634.8905648320094,507.9124518656076,483.67998755904233,511.789646154658,793.8555306830775,774.4695592378253,944.096809383782,858.7985350246723,749.2677963589974,536.9914090334859,625.1975791093834,943.1275108115194,803.5485164057036,647.4914462714233,910.1713593545907,764.7765735151992,539.8993047502737,534.083513316698,572.8554562072025,719.2195406188565,553.4694847619502,588.3642333634042,576.7326504962529,841.3511607239453
B02011,99000000369,Synthetic Census Tract 99000000369,1.0,Total:,41.61482797377799,39.7652800638323,+/-43,24.04412282929395,36.066184243940924,59.18553311826203,52.71211543345212,36.066184243940924,36.066184243940924,61.95985498318056,44.389149838696525,36.990958198913766,54.56166334339781,45.31392379366937,44.389149838696525,57.33598520831634,45.31392379366937,58.26075916328919,63.80940289312625,43.464375883723676,36.990958198913766,36.066184243940924,20.34502700940257,12.022061414646975,50.86256752350643,37.915732153886616,20.34502700940257,41.61482797377799,35.14141028896808,36.066184243940924,48.0882456585879,39.7652800638323,35.14141028896808,19.42025305442973,25.89367073923964,37.915732153886616,42.539601928750834,24.968896784266793,41.61482797377799,32.36708842404955,62.884628938153405,58.26075916328919,40.69005401880514,39.7652800638323,29.592766559131015,16.645931189511195,45.31392379366937,42.539601928750834,39.7652800638323,32.36708842404955,33.29186237902239,39.7652800638323,20.34502700940257,35.14141028896808,27.743218649185327,26.81844469421248,24.968896784266793,24.04412282929395,37.915732153886616,35.14141028896808,50.86256752350643,43.464375883723676,49.01301961356074,68.43327266799047,50.86256752350643,58.26075916328919,47.16347170361505,34.21663633399523,54.56166334339781,56.411211253343495,49.01301961356074,39.7652800638323,51.78734147847928,57.33598520831634,47.16347170361505,39.7652800638323,39.7652800638323,54.56166334339781,48.0882456585879,46.23869774864221,40.69005401880514,54.56166334339781,51.78734147847928,66.58372475804478
B02011,99000000370,Synthetic Census Tract 99000000370,1.0,Total:,60.84868926782865,60.84868926782865,+/-67,37.2357650743429,77.19609832485725,51.76679534725721,43.59309081874291,35.419386290228616,67.20601501222866,73.56334075662866,92.63531798982869,80.82885589308582,61.75687865988579,19.98016662525717,65.38963622811437,44.501280210800054,51.76679534725721,53.58317413137149,42.68490142668577,46.317658994914346,73.56334075662866,39.05214385845719,56.30774230754293,37.2357650743429,65.38963622811437,66.29782562017151,104.44178008657155,48.13403777902863,60.84868926782865,67.20601501222866,49.04222717108578,59.03231048371436,62.66506805194294,59.9404998757715,58.124121091657216,69.93058318840009,90.8189392057144,62.66506805194294,40.86852264257148,28.153871153771465,27.24568176171432,75.37971954074295,52.674984739314354,40.86852264257148,67.20601501222866,78.10428771691438,51.76679534725721,77.19609832485725,63.57325744400008,38.14395446640005,34.51119689817147,44.501280210800054,54.49136352342864,76.2879089328001,21.796545409371454,98.9926437342287,99.90083312628585,59.9404998757715,49.95041656314292,42.68490142668577,55.399552915485785,59.9404998757715,58.124121091657216,83.55342406925725,73.56334075662866,89.00256042160011,29.062060545828608,59.9404998757715,55.399552915485785,39.05214385845719,64.48144683605723,47.225848386971485,62.66506805194294,46.317658994914346,71.74696197251437,46.317658994914346,43.59309081874291,63.57325744400008,39.05214385845719,84.46161346131439,89.91074981365726,37.2357650743429,49.95041656314292,69.93058318840009
B02011,99000000371,Synthetic Census Tract 99000000371,1.0,Total:,1009.0280059835791,341.97183466389083,+/-324,207.92731922464966,844.3749004046687,1067.0787803864,960.4764492103106,950.9772315807581,940.4225453256997,1054.41315688033,1042.803001999766,1116.6858057851744,955.1991060827814,945.6998884532289,874.9834905443379,982.6412903459332,968.9201982143574,916.1467669390655,878.1498964208554,1053.357688254824,1199.0123585746296,1194.7904840726062,1032.2483157447075,902.4256748074897,1058.6350313823534,788.4350632528594,1124.0740861637153,1073.411592139435,1093.465496024046,1173.6811115624894,1056.5240941313416,917.2022355645714,963.6428550868281,850.7077121577037,929.8678590706414,1124.0740861637153,878.1498964208554,1090.2990901475284,997.4178511030149,1003.7506628560499,941.4780139512056,1078.6889352669643,1011.1389432345908,1071.3006548884234,1057.5795627568475,952.0327002062639,1101.9092450280928,963.6428550868281,962.5873864613224,968.9201982143574,897.1483316799605,897.1483316799605,1277.1170368620615,953.0881688317697,921.4241100665947,1127.2404920402328,1095.5764332750575,1064.9678431353884,1060.745968633365,1007.9725373580733,978.4194158439099,938.3116080746881,1102.9647136535984,1161.0154880564194,1062.8569058843768,821.1545906435404,1064.9678431353884,833.8202141496104,909.8139551860305,1026.9709726171784,865.4842729147854,1018.5272236131316,1165.2373625584428,784.213188750836,814.8217788905052,1069.1897176374118,1068.134249011906,975.2530099673924,1126.1850234147269,908.7584865605247,1004.8061314815558,964.698323712334,1139.9061155463028,1127.2404920402328
B02011,99000000372,Synthetic Census Tract 99000000372,1.0,Total:,37.92171803780849,56.882577056712734,+/-57,34.927898192718345,39.91759793453525,58.878456953439496,13.971159277087338,12.973219328723957,17.962919070540863,12.973219328723957,51.89287731489583,37.92171803780849,49.896997418169065,9.979399483633813,55.88463710834935,40.91553788289863,38.91965798617187,58.878456953439496,34.927898192718345,46.90317757307892,48.89905746980568,31.9340783476282,51.89287731489583,38.91965798617187,38.91965798617187,43.90935772798878,14.96909922545072,12.973219328723957,11.975279380360575,13.971159277087338,66.86197654034655,40.91553788289863,26.944378605811295,12.973219328723957,73.84755617889022,36.92377808944511,39.91759793453525,56.882577056712734,56.882577056712734,38.91965798617187,56.882577056712734,31.9340783476282,31.9340783476282,37.92171803780849,34.927898192718345,49.896997418169065,14.96909922545072,12.973219328723957,13.971159277087338,13.971159277087338,62.87021674689302,46.90317757307892,30.93613839926482,14.96909922545072,68.85785643707331,52.89081726325921,36.92377808944511,55.88463710834935,49.896997418169065,36.92377808944511,76.84137602398036,36.92377808944511,33.929958244354964,40.91553788289863,37.92171803780849,65.86403659198317,9.979399483633813,12.973219328723957,13.971159277087338,14.96909922545072,53.88875721162259,37.92171803780849,44.90729767635216,10.977339431997194,51.89287731489583,30.93613839926482,35.92583814108173,59.87639690180288,35.92583814108173,43.90935772798878,62.87021674689302,36.92377808944511,41.913477831262014,31.9340783476282
B02011,99000000373,Synthetic Census Tract 99000000373,1.0,Total:,143.72115244076707,85.57442664412086,+/-78,51.564077593252314,123.97320783058535,120.6818837288884,199.67366216961534,156.8864488475549,166.7604211526458,130.55585603397927,141.52693637296912,168.95463722044374,160.17777294925187,111.90501945769651,130.55585603397927,147.01247654246404,106.41947928820159,95.44839894921172,153.59512474585796,104.2252632204036,128.3616399661813,205.15920233911027,147.01247654246404,147.01247654246404,116.29345159329245,129.45874800008028,164.5662050848478,200.77077020351433,136.0413962034742,172.24596132214072,107.51658732210056,118.48766766109043,165.6633131187468,129.45874800008028,166.7604211526458,119.5847756949894,147.01247654246404,128.3616399661813,136.0413962034742,114.09923552549448,103.12815518650463,185.41125772892852,134.9442881695752,151.40090867805998,117.39055962719144,154.69223277975695,160.17777294925187,181.02282559333258,153.59512474585796,173.34306935603968,162.37198901704983,149.206692610262,171.14885328824172,160.17777294925187,163.46909705094882,140.42982833907013,118.48766766109043,133.8471801356762,122.87609979668636,95.44839894921172,108.61369535599955,160.17777294925187,137.13850423737318,119.5847756949894,115.19634355939347,141.52693637296912,156.8864488475549,167.85752918654475,161.27488098315084,102.03104715260564,136.0413962034742,144.81826047466606,177.73150149163564,93.25418288141375,145.91536850856505,154.69223277975695,116.29345159329245,119.5847756949894,151.40090867805998,125.07031586448433,111.90501945769651,167.85752918654475,179.9257175594336,144.81826047466606
B02011,99000000374,Synthetic Census Tract 99000000374,1.0,Total:,114.19438949245402,93.34150097644068,+/-94,56.60069740060764,87.38353282900829,90.3625169027245,105.25743727130545,138.02626208218356,65.53764962175622,103.27144788882799,80.43256999033719,77.453585916621,130.0823045522737,105.25743727130545,106.25043196254418,90.3625169027245,105.25743727130545,119.15936294864767,78.44658060785972,93.34150097644068,141.99824084713848,145.97021961209342,111.21540541873783,146.96321430333214,143.98423022961595,164.83711874562928,79.43957529909845,115.18738418369276,102.27845319758926,140.012251464661,116.18037887493148,134.05428331722862,130.0823045522737,112.20840010997657,179.73203911421024,141.99824084713848,128.09631516979624,141.00524615589975,163.84412405439056,72.48861246042733,117.17337356617021,157.88615590695818,96.32048505015688,107.2434266537829,107.2434266537829,115.18738418369276,57.59369209184638,116.18037887493148,83.41155406405338,118.16636825740895,83.41155406405338,113.20139480121529,123.1313417136026,107.2434266537829,161.8581346719131,121.14535233112514,82.41855937281464,114.19438949245402,124.12433640484133,41.70577703202669,101.28545850635052,128.09631516979624,81.4255646815759,87.38353282900829,107.2434266537829,131.07529924351243,109.22941603626037,164.83711874562928,77.453585916621,122.13834702236387,120.1523576398864,106.25043196254418,144.97722492085467,126.11032578731879,141.99824084713848,119.15936294864767,140.012251464661,146.96321430333214,121.14535233112514,133.0612886259899,161.8581346719131,185.69000726164262,140.012251464661,85.39754344653083
B02011,99000000375,Synthetic Census Tract 99000000375,1.0,Total:,506.1595288664228,223.49901274621268,+/-204,135.85234108103123,486.439027741757,430.56427455520384,472.196443596165,406.46143984727894,475.48319378360935,426.18194097194475,530.2623635743478,631.0560359893063,514.9241960329409,508.35069565805236,509.44627905386716,557.6519484697169,436.04219153427766,532.4535303659773,535.7402805534216,463.4317764296469,427.27752436775955,522.5932798036444,629.9604525934916,555.4607816780874,394.4100224933165,579.5636163860123,560.9386986571612,491.9169447208308,572.9901160111236,545.6005311157545,400.9835228682051,546.6961145115692,454.66710926312874,546.6961145115692,502.87277867897853,479.8655273668684,581.7547831776418,546.6961145115692,446.99802549242537,466.7185266170912,453.571525867314,501.7771952831638,475.48319378360935,501.7771952831638,518.2109462203853,568.6077824278647,568.6077824278647,468.9096934087207,466.7185266170912,390.0276889100574,399.8879394723903,522.5932798036444,485.34344434594226,711.0336238837845,420.70402399287093,537.9314473450511,535.7402805534216,637.629536364195,485.34344434594226,477.6743605752389,497.3948616999047,449.1891922840549,575.1812828027532,385.6453553267984,431.65985795101864,555.4607816780874,540.1226141366807,382.35860513935404,507.2551122622376,418.5128572012414,518.2109462203853,612.4311182604554,422.89519078450047,457.953859450573,525.8800299910887,521.4976964078296,454.66710926312874,500.681611887349,656.2544540930461,461.24060963801736,581.7547831776418,625.5781190102325,514.9241960329409,546.6961145115692
B02011,99000000376,Synthetic Census Tract 99000000376,1.0,Total:,166.01126887415924,219.05628969785508,+/-223,132.61255205923962,173.86979047766974,277.012886523745,135.55949766055608,73.6736400329109,247.54343051058063,276.03057132330616,54.02733602413466,204.3215616912729,154.2234864688935,89.39068323993189,132.61255205923962,50.098075222379414,208.25082249302815,151.27654086757707,102.16078084563645,232.80870250399846,186.63988808337427,217.09165929697747,111.98393285002457,73.6736400329109,122.78940005485151,255.40195211409113,207.26850729258933,86.44373763861546,248.52574571101945,248.52574571101945,73.6736400329109,176.81673607898617,207.26850729258933,96.26688964300358,171.9051600767921,80.54984643598259,172.88747527723092,197.44535528820123,173.86979047766974,294.6945601316436,174.85210567810856,258.3488977154076,195.4807248873236,234.77333290487607,171.9051600767921,55.009651224573474,177.799051279425,254.4196369136523,86.44373763861546,93.31994404168714,222.98555049961033,167.97589927503685,139.4887584623113,248.52574571101945,189.58683368469073,233.79101770443725,123.77171525529032,172.88747527723092,175.83442087854735,71.70900963203329,158.15274727064875,52.06270562325704,151.27654086757707,275.0482561228674,195.4807248873236,85.46142243817664,170.92284487635328,262.2781585171628,65.8151184294004,69.74437923115565,230.84407210312082,144.40033446450536,156.1881168697711,262.2781585171628,149.31191046669943,230.84407210312082,156.1881168697711,219.05628969785508,223.96786570004915,94.30225924212596,144.40033446450536,73.6736400329109,197.44535528820123,80.54984643598259
B02011,99000000377,Synthetic Census Tract 99000000377,1.0,Total:,480.6663392708455,393.84995200166196,+/-372,239.27443320531077,476.43139355039756,463.72655638905366,660.6515323898847,430.9057270555818,743.2329739386201,415.02468060390186,489.1362307117415,472.1964478299496,443.61056421692575,686.0612067125725,476.43139355039756,341.97186692617424,377.9689055499821,552.6604165184611,376.9101691198701,308.09230116259045,531.4856879162213,364.20533195852613,698.7660438739164,637.3593309274207,433.0231999158058,506.0760135935334,372.67522339942207,580.187563701373,649.0054316586527,500.78233144297343,353.6179676574062,309.15103759270244,289.03504542057453,515.6046414645414,624.6544937660768,394.90868843177395,467.9615021095016,588.657455142269,376.9101691198701,481.7250757009575,442.55182778681376,545.2492615076773,588.657455142269,563.2477808195811,416.08341703401385,495.48864929241347,443.61056421692575,567.4827265400291,344.0893397863982,457.37413780838165,319.73840189382236,617.2433387552928,588.657455142269,305.97482830236646,479.60760284073353,809.9333690356758,441.49309135670177,330.32576619494233,551.6016800883492,539.9555793571172,338.79565763583827,555.8366258087972,449.9629827975977,370.5577505391981,543.1317886474533,405.49605273289393,601.3622923036129,408.6722620232299,401.26110701244596,489.1362307117415,575.9526179809251,542.0730522173412,678.6500517017886,372.67522339942207,250.9205339365427,505.0172771634214,508.1934864537574,269.9777896785586,781.347485422652,600.303555873501,548.4254707980132,472.1964478299496,417.14215346412584,394.90868843177395
B02011,99000000378,Synthetic Census Tract 99000000378,1.0,Total:,23.841060216021525,37.595518032957024,+/-41,22.924096361559158,45.848192723118316,38.51248188741939,24.75802407048389,23.841060216021525,23.841060216021525,8.252674690161298,24.75802407048389,34.844626469569924,22.924096361559158,39.42944574188176,39.42944574188176,8.252674690161298,26.591951779408625,6.4187469812365645,22.00713250709679,28.425879488333358,9.169638544623664,28.425879488333358,10.086602399086031,24.75802407048389,35.76159032403229,35.76159032403229,23.841060216021525,27.50891563387099,31.176771051720458,8.252674690161298,22.00713250709679,39.42944574188176,22.924096361559158,36.67855417849466,33.01069876064519,8.252674690161298,22.924096361559158,7.335710835698931,26.591951779408625,23.841060216021525,7.335710835698931,20.173204798172062,8.252674690161298,22.924096361559158,42.18033730526886,35.76159032403229,23.841060216021525,26.591951779408625,22.924096361559158,8.252674690161298,22.00713250709679,36.67855417849466,27.50891563387099,35.76159032403229,44.93122886865595,10.086602399086031,21.09016865263443,7.335710835698931,23.841060216021525,18.33927708924733,7.335710835698931,23.841060216021525,8.252674690161298,23.841060216021525,45.848192723118316,44.93122886865595,25.674987924946258,30.25980719725809,22.00713250709679,8.252674690161298,24.75802407048389,44.93122886865595,23.841060216021525,38.51248188741939,38.51248188741939,8.252674690161298,22.00713250709679,8.252674690161298,23.841060216021525,20.173204798172062,8.252674690161298,23.841060216021525,8.252674690161298,20.173204798172062
B02011,99000000379,Synthetic Census Tract 99000000379,1.0,Total:,348.8268579995057,343.77139628936794,+/-340,208.2850224576759,504.53507867174886,354.893412051671,502.51289398769376,224.46249993011673,423.64769130954465,509.5905403818866,449.936092202261,327.5939188169271,272.99493234743926,385.2261823124976,456.00264625442634,410.50349086318647,221.42922290403408,264.90619361121884,421.62550662548955,137.50855851574718,304.3387949502934,142.56402022588495,251.76199316486066,492.40197056741823,281.0836710836597,301.30551792421073,199.18519137942792,610.6997745846419,329.6161035009822,296.25005621407297,302.3166102662383,371.07088952411186,345.79358097342305,309.39425666043115,413.53676788926913,318.4940877386791,382.19290528641494,400.39256744291094,240.63997740255758,528.8012948804102,353.88231970964347,440.83626112401305,326.58282647489955,183.00771390698705,443.8695381500957,384.21508997047005,441.8473534660406,265.9172859532464,323.5495494488169,374.1041665501945,445.8917228341508,475.21340075294984,355.9045043936986,414.5478602312967,271.9838400054117,356.9155967357261,218.39594587795142,488.357601199308,400.39256744291094,254.7952701909433,334.67156521111997,236.59560803444737,515.6570944340519,491.3908782253907,255.80636253297087,419.60332194143444,174.91897517076663,511.61272506594173,290.18350216190765,255.80636253297087,125.37545041141655,306.3609796343485,312.4275336865138,362.98215078789144,344.7824886313955,314.4497183705689,485.32432417322536,326.58282647489955,203.22956074753813,428.7031530196824,292.20568684596276,511.61272506594173,344.7824886313955,222.44031524606163
B02011,99000000380,Synthetic Census Tract 99000000380,1.0,Total:,28.631122849722914,45.59771416807723,+/-43,27.570710892325767,51.9601859124601,48.77895004026867,27.570710892325767,23.329063062737188,10.604119573971449,24.389475020134334,37.11441850890007,24.389475020134334,37.11441850890007,10.604119573971449,28.631122849722914,23.329063062737188,56.20183374204868,42.416478295885796,11.664531531368594,10.604119573971449,65.74554135862299,26.51029893492862,7.422883701780014,19.087415233148608,49.83936199766581,38.174830466297216,31.812358721914347,28.631122849722914,9.543707616574304,44.53730221068008,28.631122849722914,23.329063062737188,25.449886977531477,11.664531531368594,32.87277067931149,26.51029893492862,30.7519467645172,37.11441850890007,13.785355446162884,10.604119573971449,43.47689025328294,37.11441850890007,14.845767403560028,34.99359459410578,38.174830466297216,34.99359459410578,33.933182636708636,34.99359459410578,10.604119573971449,27.570710892325767,22.26865110534004,40.29565438109151,22.26865110534004,13.785355446162884,26.51029893492862,32.87277067931149,34.99359459410578,41.35606633848865,9.543707616574304,10.604119573971449,40.29565438109151,28.631122849722914,11.664531531368594,28.631122849722914,42.416478295885796,37.11441850890007,30.7519467645172,24.389475020134334,12.724943488765739,22.26865110534004,31.812358721914347,32.87277067931149,24.389475020134334,10.604119573971449,26.51029893492862,28.631122849722914,67.86636527341727,55.141421784651534,8.483295659177159,8.483295659177159,46.658126125474375,31.812358721914347,8.483295659177159,23.329063062737188
B02011,99000000381,Synthetic Census Tract 99000000381,1.0,Total:,143.21212401460508,111.74885434472971,+/-103,68.3512410069706,55.33195700564286,141.04224334771712,182.26997601858827,134.53260134705323,134.53260134705323,92.21992834273811,112.83379467817369,118.25849634539358,180.1000953517003,183.35491635203223,169.25069201726052,141.04224334771712,144.29706434804905,158.40128868282076,124.76813834605744,143.21212401460508,118.25849634539358,148.63682568182494,145.38200468149302,138.87236268082916,146.466945014937,119.34343667883755,106.32415267750983,170.33563235070451,139.95730301427312,156.2314080159328,137.7874223473852,175.7603340179244,148.63682568182494,142.12718368116109,154.06152734904484,150.8067063487129,181.1850356851443,128.02295934638937,201.79890202057987,151.89164668215687,145.38200468149302,260.38568002655467,196.37420035335998,162.74105001659666,135.61754168049723,159.48622901626473,214.8181860219076,132.3627206801653,141.04224334771712,222.41276835601545,125.85307867950142,176.84527435136837,139.95730301427312,128.02295934638937,203.9687826874678,194.20431968647202,146.466945014937,170.33563235070451,121.51331734572551,172.50551301759248,133.44766101360926,136.7024820139412,137.7874223473852,137.7874223473852,171.42057268414848,143.21212401460508,126.9380190129454,108.49403334439778,161.6561096831527,138.87236268082916,136.7024820139412,172.50551301759248,77.03076367452242,82.45546534174231,103.06933167717789,101.9843913437339,201.79890202057987,177.93021468481237,128.02295934638937,145.38200468149302,79.20064434141038,177.93021468481237,173.59045335103644,154.06152734904484
B02011,99000000382,Synthetic Census Tract 99000000382,1.0,Total:,29.80646530745762,55.35486414242129,+/-52,34.064531779951565,56.41938076054478,18.09678250809927,57.48389737866827,10.645166181234863,38.32259825244551,19.161299126222755,7.451616326864405,39.387114870569,67.06454694177964,22.354848980593214,34.064531779951565,29.80646530745762,44.70969796118643,9.580649563111377,48.96776443368037,17.032265889975783,36.19356501619854,36.19356501619854,6.3870997087409185,11.709682799358351,6.3870997087409185,34.064531779951565,24.483882216840186,29.80646530745762,51.09679766992735,35.12904839807505,63.87099708740919,13.838716035605323,6.3870997087409185,28.741948689334134,22.354848980593214,33.00001516182808,29.80646530745762,43.645181343062944,17.032265889975783,54.29034752429781,50.032281051803864,38.32259825244551,62.806480469285695,38.32259825244551,30.870981925581106,22.354848980593214,26.61291545308716,6.3870997087409185,26.61291545308716,6.3870997087409185,18.09678250809927,67.06454694177964,41.51614810681597,20.225815744346242,46.838731197433404,35.12904839807505,17.032265889975783,15.967749271852297,72.38713003239708,38.32259825244551,38.32259825244551,29.80646530745762,27.677432071210646,15.967749271852297,18.09678250809927,41.51614810681597,36.19356501619854,44.70969796118643,53.22583090617432,68.12906355990313,36.19356501619854,10.645166181234863,8.516132944987891,29.80646530745762,27.677432071210646,55.35486414242129,39.387114870569,40.451631488692485,10.645166181234863,17.032265889975783,25.548398834963674,42.58066472493945,33.00001516182808,40.451631488692485
B02011,99000000383,Synthetic Census Tract 99000000383,1.0,Total:,100.72075014386607,137.01651596147548,+/-151,83.48026138050162,127.03518036163288,97.09117356210513,153.3496105793997,160.60876374292158,48.09188970833245,108.8872974528282,47.18449556289222,48.09188970833245,122.49820963443172,94.36899112578443,186.01579981524816,96.1837794166649,168.77531105188368,175.12707006996533,85.29504967138207,195.99713541509072,54.4436487264141,47.18449556289222,90.73941454402349,135.201727670595,103.44293258018678,136.10912181603524,75.3137140715395,79.85068479874067,184.2010115243677,89.83202039858325,173.31228177908486,150.627428143079,41.74013069025081,104.35032672562701,37.20315996304963,137.9239101069157,87.10983796226255,47.18449556289222,87.10983796226255,57.1658311627348,180.57143494260674,119.77602719811101,107.97990330738796,76.22110821697973,122.49820963443172,85.29504967138207,84.38765552594184,86.20244381682231,125.22039207075241,135.201727670595,133.38693937971453,147.90524570675828,73.49892578065902,101.6281442893063,49.90667799921292,93.4615969803442,96.1837794166649,54.4436487264141,98.9059618529856,71.68413748977855,190.55277054244934,131.57215108883406,97.09117356210513,103.44293258018678,93.4615969803442,120.68342134355125,160.60876374292158,105.25772087106725,61.70280188993597,116.14645061635007,64.42498432625668,52.628860435533625,111.60947988914889,100.72075014386607,152.44221643395946,122.49820963443172,107.97990330738796,145.18306327043757,68.96195505345786,187.83058810612863,49.90667799921292,51.72146629009339,114.3316623254696,96.1837794166649
B02011,99000000384,Synthetic Census Tract 99000000384,1.0,Total:,272.8713311131771,266.0495478353477,+/-273,161.77371773138358,260.2023050257796,473.6266675750146,139.35928696137262,312.82749031189235,186.13722943791726,344.01278529625546,305.0311665658016,195.88263412053072,294.31122141492676,256.30414315273424,356.681811383653,306.00570703406294,124.7411799374524,357.6563518519143,279.69311439100653,180.28998662834917,152.02831304877012,280.6676548592679,305.0311665658016,265.07500736708636,284.5658167323133,229.99155050967786,176.3918247553038,333.29284014538064,242.66057659707536,321.59835452624446,287.48943813709735,303.0820856292789,412.23061807454974,251.4314408114275,186.13722943791726,243.63511706533671,263.12592643056365,335.24192108190334,174.44274381878108,412.23061807454974,186.13722943791726,139.35928696137262,250.45690034316615,162.74825819964494,168.59550100921302,327.4455973358126,224.14430770010978,174.44274381878108,321.59835452624446,446.33953446369685,277.7440334544839,407.357915733243,324.5219759310285,348.88548763756216,228.04246957315516,194.90809365226937,352.7836495106076,312.82749031189235,262.1513859623023,417.10332041585644,207.5771197396669,208.55166020792822,116.94485619136162,160.79917726312223,205.6280388031442,384.94348496323204,236.8133337875073,249.4823598749048,295.2857618831881,372.2744588758345,143.257448834418,173.46820335051976,213.42436254923496,198.80625552531475,367.40175653452775,319.64927358972176,303.0820856292789,223.16976723184843,233.88971238272325,232.9151719144619,208.55166020792822,364.47813512974375,278.71857392274524,267.9986287718704
B02011,99000000385,Synthetic Census Tract 99000000385,1.0,Total:,369.3543159518847,273.83164803329385,+/-301,166.48236408668694,385.72963045221456,404.83416403593276,230.16414269908088,400.2854655636189,447.591929675683,376.6322335075869,397.5562464802306,454.8698472313851,359.34717931279425,243.81023811602242,201.962212170735,198.3232533928839,359.34717931279425,433.9458342587414,327.5062900065973,349.3400426737038,409.3828625082466,409.3828625082466,420.29973884179986,453.0503678424596,214.69856789321378,400.2854655636189,417.57051975841154,348.430302979241,243.81023811602242,339.3329060346133,409.3828625082466,260.1855526163523,388.4588495356029,479.4328189818799,425.75817700857647,453.96010753692235,388.4588495356029,363.8958777851081,343.88160450692715,404.83416403593276,344.7913442013899,184.67715797594235,201.962212170735,267.46347017205443,428.4873960919648,432.1263548698159,298.39461978378864,372.9932747297358,426.6679167030392,456.6893266203107,464.8769838704756,407.5633831193211,390.27832892452847,211.0596091153627,263.8245113942034,317.49915336750684,381.1809319799007,323.8673312287462,364.80561747957086,431.2166151753531,348.430302979241,397.5562464802306,403.01468464700724,372.9932747297358,156.4752274475965,393.00754800791674,418.4802594528743,384.8198907577518,205.6011709485861,392.097808313454,381.1809319799007,226.5251839212298,359.34717931279425,453.96010753692235,453.96010753692235,440.3140121199808,351.1595220626293,362.98613809064534,401.19520525808167,368.44457625742194,458.5088060092362,248.3589365883363,184.67715797594235,251.99789536618735
B02011,99000000386,Synthetic Census Tract 99000000386,1.0,Total:,0.0,12.905990415120762,+/-14,8.296708124006205,0.0,0.0,0.0,0.0,0.0,0.0,0.0,0.0,0.0,0.0,0.0,0.0,0.0,0.0,0.0,0.0,0.0,0.0,0.0,0.0,0.0,0.0,0.0,0.0,0.0,0.0,0.0,0.0,0.0,0.0,0.0,0.0,0.0,0.0,0.0,0.0,0.0,0.0,0.0,0.0,0.0,0.0,0.0,0.0,0.0,0.0,0.0,0.0,0.0,0.0,0.0,0.0,0.0,0.0,0.0,0.0,0.0,0.0,0.0,0.0,0.0,0.0,0.0,0.0,0.0,0.0,0.0,0.0,0.0,0.0,0.0,0.0,0.0,0.0,0.0,0.0,0.0,0.0,0.0,0.0
B02011,99000000387,Synthetic Census Tract 99000000387,1.0,Total:,427.4802449279342,245.30948679883878,+/-237,149.04880210562357,475.0930567116751,332.2546213604525,475.0930567116751,425.41012267646727,361.23633288099046,462.67232320287314,448.1814674426042,496.82934035207853,301.2027875884476,522.705868495416,470.95281220874114,486.4787290947436,463.7073843286066,534.0915408784845,492.68909584914456,449.21652856833765,510.285134986614,244.27442567310527,275.32625944511017,452.3217119455382,372.6220052640589,377.7973108927264,304.3079709656481,440.9360395624697,422.3049392992668,397.4634722816628,392.28816665299536,372.6220052640589,508.215012735147,535.126602004218,391.2531055272618,377.7973108927264,458.5320786999392,438.8659173110027,446.11134519113716,534.0915408784845,386.0777998985944,466.8125677058071,467.84762883154065,338.4649881148535,488.54885134621054,567.2134969019563,297.06254308551365,447.1464063168707,521.6708073696825,576.5290470335578,299.1326653369806,450.2515896940712,427.4802449279342,434.72567280806874,259.8003425591077,432.6555505566017,425.41012267646727,398.49853340739634,345.710415994988,465.77750658007363,507.17995160941354,459.56713982567265,456.46195644847216,347.78053824645497,518.565623992482,314.65858222298306,440.9360395624697,540.3019076328854,400.56865565886335,450.2515896940712,420.23481704779977,391.2531055272618,377.7973108927264,358.13114950378997,576.5290470335578,529.9512963755504,449.21652856833765,411.9543280419318,471.9878733344746,409.8842057904648,356.06102725232296,365.3765773839244,405.7439612875308,363.3064551324574
B02011,99000000388,Synthetic Census Tract 99000000388,1.0,Total:,434.78573357239566,230.42601227697708,+/-221,140.75797130041587,352.41625407067085,510.89930323854645,291.94245899345515,494.21687701034904,388.90906144485274,340.9470860387851,392.03701636263975,353.45890570993316,307.58223358239024,357.62951226698254,390.9943647233774,380.567848330754,308.62488522165256,396.2076229196891,459.80937291469183,509.85665159928413,399.33557783747614,294.0277622719798,412.89004914788654,546.349458973466,495.25952864961135,558.8612786446141,521.3258196311699,427.48717209755927,386.82375816632805,508.81399996002176,503.60074176371006,526.5390778274816,472.32119258583987,396.2076229196891,533.8376393023179,394.12231964116444,447.29755324354375,461.8946761932165,403.50618439452546,401.42088111600077,430.61512701534633,458.76672127542946,504.64339340297244,433.74308193313334,442.08429504723205,545.3068073342037,282.55859424009407,516.1125614348582,410.80474586936185,358.67216390624486,410.80474586936185,381.61049997001635,282.55859424009407,423.31656554050994,481.70505733920095,395.16497128042676,275.2600327652577,459.80937291469183,395.16497128042676,448.34020488280606,517.1552130741205,348.24564751362146,452.51081143985544,514.0272581563335,424.35921717977226,398.29292619821376,454.59611471838014,451.4681598005931,389.95171308411506,499.43013520666074,474.40649586436456,406.63413931231247,428.52982373682164,323.22200817132534,498.38748356739836,435.82838521165803,381.61049997001635,454.59611471838014,502.55809012444774,454.59611471838014,452.51081143985544,462.93732783247884,528.6243811060062,333.64852456394874
B02011,99000000389,Synthetic Census Tract 99000000389,1.0,Total:,432.44509598563343,337.5181236961041,+/-320,204.6203624907631,515.7698827731091,232.0437100410716,358.61300642711063,419.7881663470295,199.3466418080115,450.37574630698896,389.2005863870701,293.21886996099045,529.4815565482634,486.2370469497,472.5253731745458,267.9050106837827,471.4706290379955,588.5472281950815,555.8501599620215,494.6750000421026,280.56194032238653,454.59472285319026,424.0071428932308,431.39035184908306,484.12755867659934,285.8356610051382,408.1859808449759,449.32100217043865,342.7918443788557,531.591044821364,363.88672710986225,278.4524520492859,471.4706290379955,450.37574630698896,449.32100217043865,230.98896590452125,510.4961620903575,514.7151386365588,567.452345464075,487.2917910862503,319.5874733747486,467.2516524917942,409.2407249815262,477.7990938572974,509.44141795380716,332.2444030133525,515.7698827731091,317.47798510164796,345.9560767885067,453.5399787166399,414.5144456642779,180.36124735010563,330.1349147402519,342.7918443788557,486.2370469497,315.3684968285473,621.2442964281416,436.66407253183473,589.6019723316319,611.7515991991887,304.82105546304405,549.5216951427195,453.5399787166399,541.0837420503169,564.2881130544241,297.43784650719175,388.14584225051976,467.2516524917942,393.4195629332714,324.8611940575002,450.37574630698896,273.1787313665343,464.0874200821432,427.1713753028818,381.8173774312178,376.54365674846616,492.56551176900194,458.81369939939157,395.529051206372,511.55090622690784,216.22254799281671,329.0801706037015,507.33192968070654,408.1859808449759
B02011,99000000390,Synthetic Census Tract 99000000390,1.0,Total:,170.62151822817006,109.45531358033551,+/-102,66.53166119589022,181.35243132428138,134.13641370139158,223.20299239911557,192.08334442039273,153.45205727439196,138.4287789398361,199.59498358767064,133.06332239178045,164.18297037050328,183.49861394350367,216.76444454144877,208.1797140645597,204.96044013572632,152.37896596478083,154.5251485840031,187.7909791819482,154.5251485840031,140.57496155905835,195.30261834922612,163.10987906089215,253.24954906822728,162.03678775128103,181.35243132428138,139.50187024944722,129.84404846294703,134.13641370139158,159.89060513205874,177.06006608583687,165.2560616801144,175.98697477622574,175.98697477622574,141.64805286866948,206.03353144533745,168.4753356089478,169.54842691855893,199.59498358767064,184.5717052531148,122.33240929566911,202.81425751650406,221.0568097798933,141.64805286866948,213.54517061261538,162.03678775128103,133.06332239178045,199.59498358767064,225.34917501833783,173.84079215700348,174.9138834666146,182.42552263389254,165.2560616801144,98.72440048422419,171.69460953778122,226.42226632794896,169.54842691855893,187.7909791819482,147.01350941672516,171.69460953778122,159.89060513205874,119.1131353668357,235.00699680483802,86.92039607850174,171.69460953778122,166.32915298972554,118.04004405722458,236.08008811444915,163.10987906089215,192.08334442039273,124.47859191489137,174.9138834666146,143.79423548789177,130.91713977255816,172.76770084739235,130.91713977255816,193.15643573000386,180.27934001467025,158.8175138224476,215.69135323183764,178.133157395448,216.76444454144877,113.74767881878005
B02011,99000000391,Synthetic Census Tract 99000000391,1.0,Total:,27.245043636077853,42.96333804150738,+/-41,26.19715734238255,52.3943146847651,44.011224335202684,28.292929929773152,27.245043636077853,27.245043636077853,9.430976643257718,28.292929929773152,39.81967916042147,26.19715734238255,45.05911062889798,45.05911062889798,9.430976643257718,30.388702517163757,7.335204055867114,25.149271048687247,32.48447510455436,10.47886293695302,32.48447510455436,11.52674923064832,28.292929929773152,40.86756545411678,40.86756545411678,27.245043636077853,31.436588810859057,35.62813398564027,9.430976643257718,25.149271048687247,45.05911062889798,26.19715734238255,41.91545174781208,37.723906573030874,9.430976643257718,26.19715734238255,8.383090349562416,30.388702517163757,27.245043636077853,8.383090349562416,23.05349846129664,9.430976643257718,26.19715734238255,48.20276950998389,40.86756545411678,27.245043636077853,30.388702517163757,26.19715734238255,9.430976643257718,25.149271048687247,41.91545174781208,31.436588810859057,40.86756545411678,51.34642839106979,11.52674923064832,24.101384754991944,8.383090349562416,27.245043636077853,20.95772587390604,8.383090349562416,27.245043636077853,9.430976643257718,27.245043636077853,52.3943146847651,51.34642839106979,29.340816223468455,34.58024769194496,25.149271048687247,9.430976643257718,28.292929929773152,51.34642839106979,27.245043636077853,44.011224335202684,44.011224335202684,9.430976643257718,25.149271048687247,9.430976643257718,27.245043636077853,23.05349846129664,9.430976643257718,27.245043636077853,9.430976643257718,23.05349846129664
B02011,99000000392,Synthetic Census Tract 99000000392,1.0,Total:,82.69359683686348,111.3183034342393,+/-105,67.8511563789649,128.2810925289805,76.33255092633551,90.11481706581276,125.10056957371654,95.41568865791939,45.587495692117045,119.79969798160991,128.2810925289805,37.10610114474643,108.13778047897532,66.79098206054357,26.504357960533163,100.71656025002602,34.985752507903776,85.87411979212746,80.57324820002083,77.39272524475685,129.34126684740184,75.27237660791418,37.10610114474643,111.3183034342393,62.55028478685827,78.45289956317816,126.16074389213786,79.5130738815995,31.805229552639798,127.22091821055919,102.83690888686868,34.985752507903776,100.71656025002602,63.610459105279595,34.985752507903776,89.05464274739143,40.286624100010414,93.29534002107674,86.93429411054878,87.99446842897011,107.07760616055398,73.15202797107153,34.985752507903776,116.61917502634593,87.99446842897011,114.49882638950328,136.76248707635114,110.25812911581797,40.286624100010414,167.5075423105696,126.16074389213786,30.74505523421847,87.99446842897011,69.97150501580755,27.56453227895449,84.81394547370613,30.74505523421847,81.63342251844215,84.81394547370613,67.8511563789649,122.98022093687388,82.69359683686348,29.684880915797144,122.98022093687388,91.17499138423409,65.73080774212225,118.73952366318858,82.69359683686348,37.10610114474643,125.10056957371654,119.79969798160991,24.384009323690513,81.63342251844215,67.8511563789649,21.203486368426532,80.57324820002083,53.008715921066326,99.6563859316047,79.5130738815995,83.7537711552848,119.79969798160991,62.55028478685827,40.286624100010414
B02011,99000000393,Synthetic Census Tract 99000000393,1.0,Total:,73.69321209913713,118.27305645540527,+/-130,71.87362661520781,138.2884967786277,31.842745968762955,25.474196775010363,33.662331452692264,12.737098387505181,90.06948145450093,72.78341935717248,105.53595806790008,16.376269355363807,192.87606129650703,100.9869943580768,79.15196855092506,104.62616532593543,61.8659064535966,50.948393550020725,115.5436782295113,55.49735725984401,75.51279758306644,69.14424838931384,153.75497339202684,72.78341935717248,80.97155403485438,71.87362661520781,53.6777717759147,79.15196855092506,62.77569919556125,97.34782339021818,34.57212419465692,110.08492177772337,81.88134677681903,39.121087904480206,26.38398951697502,70.0540411312785,123.7318129071932,133.7395330688044,81.88134677681903,25.474196775010363,108.26533629379405,30.9329532267983,78.24217580896041,103.71637258397077,26.38398951697502,20.925233065187086,40.940673388409515,30.9329532267983,97.34782339021818,72.78341935717248,75.51279758306644,35.48191693662158,101.89678710004145,70.0540411312785,69.14424838931384,104.62616532593543,87.34010322860696,77.33238306699575,151.0255951661329,89.15968871253628,70.96383387324316,77.33238306699575,146.4766314563096,70.0540411312785,65.50507742145523,83.70093226074835,68.2344556473492,91.88906693843025,65.50507742145523,101.89678710004145,26.38398951697502,90.06948145450093,70.0540411312785,30.023160484833642,38.21129516251555,78.24217580896041,120.09264193933457,106.44575080986473,61.8659064535966,22.744818549116395,96.43803064825352,24.564404033045708,46.39942984019745
B02011,99000000394,Synthetic Census Tract 99000000394,1.0,Total:,35.03556011326561,37.87628120353039,+/-40,22.725768722118232,35.98246714335387,18.938140601765195,36.92937417344213,22.725768722118232,39.77009526370691,26.513396842471273,39.77009526370691,50.18607259467777,35.03556011326561,44.50463041414821,35.03556011326561,33.14174605308909,57.76132883538384,27.460303872559532,30.30102496282431,56.81442180529558,43.55772338405995,22.725768722118232,31.24793199291257,35.98246714335387,24.619582782294753,27.460303872559532,45.451537444236465,36.92937417344213,37.87628120353039,20.831954661941715,42.610816353971686,43.55772338405995,37.87628120353039,32.19483902300083,18.938140601765195,22.725768722118232,55.867514775207326,48.292258534501244,36.92937417344213,39.77009526370691,44.50463041414821,33.14174605308909,16.097419511500416,45.451537444236465,13.256698421235637,22.725768722118232,47.34535150441299,40.71700229379517,35.03556011326561,15.150512481412155,50.18607259467777,24.619582782294753,34.08865308317735,44.50463041414821,32.19483902300083,36.92937417344213,43.55772338405995,35.03556011326561,47.34535150441299,22.725768722118232,51.13297962476602,22.725768722118232,11.362884361059116,35.03556011326561,27.460303872559532,10.415977330970858,47.34535150441299,31.24793199291257,21.778861692029974,21.778861692029974,36.92937417344213,30.30102496282431,24.619582782294753,51.13297962476602,44.50463041414821,41.66390932388343,52.079886654854285,22.725768722118232,44.50463041414821,37.87628120353039,54.920607745119064,15.150512481412155,24.619582782294753,25.56648981238301
B02011,99000000395,Synthetic Census Tract 99000000395,1.0,Total:,124.974305670356,105.51109413153006,+/-103,63.511532389853045,112.68175101425541,148.53503542788212,102.43795546750492,124.974305670356,142.38875809983182,153.65693320125737,130.09620344373124,139.3156194358067,142.38875809983182,97.31605769412967,118.8280283423057,174.14452429475836,147.51065587320707,108.58423279555521,102.43795546750492,115.75488967828055,69.65780971790335,94.24291903010452,131.1205829984063,91.16978036607938,133.1693421077564,89.12102125672928,105.51109413153006,127.02306477970609,127.02306477970609,178.24204251345856,101.41357591282987,103.46233502217997,111.65737145958036,197.7052540522845,181.3151811774837,97.31605769412967,83.99912348335403,181.3151811774837,180.29080162280866,86.04788259270413,149.55941498255717,135.2181012171065,91.16978036607938,148.53503542788212,125.99868522503104,111.65737145958036,154.68131275593242,143.41313765450687,104.48671457685501,124.974305670356,78.87722570997879,72.73094838192848,101.41357591282987,201.8027722709847,100.38919635815482,82.97474392867898,134.19372166243144,153.65693320125737,108.58423279555521,131.1205829984063,194.63211538825934,138.29123988113165,112.68175101425541,149.55941498255717,123.94992611568095,146.48627631853202,145.46189676385697,122.9255465610059,102.43795546750492,132.14496255308134,139.3156194358067,162.87634919333283,141.3643785451568,69.65780971790335,74.77970749127859,143.41313765450687,179.2664220681336,107.55985324088016,94.24291903010452,163.90072874800785,103.46233502217997,65.56029149920315,147.51065587320707,118.8280283423057
B02011,99000000396,Synthetic Census Tract 99000000396,1.0,Total:,354.7078951661633,366.4957708363379,+/-342,222.89801267239267,328.98889370396415,487.5894027208589,432.9365246136857,369.7106460191128,431.8648995527608,167.1735095042945,201.46551145389336,317.2010180337895,160.7437591387447,447.93927546663525,141.45450804209534,506.8786538175083,420.07702388258616,475.80152705068434,470.4434017460595,351.4930199833884,387.92827205483724,370.7822710800378,395.429647481312,362.20927059263806,198.25063627111845,301.12664211991506,525.0962798532327,229.32776303794245,216.46826230684286,424.363524126286,320.4158932165644,442.58115016201043,323.63076839933933,373.9971462628127,338.63351925228886,355.77952022708826,544.3855309498821,343.9916445569137,430.7932744918358,155.3856338341199,193.96413602741862,407.2175231514866,409.3607732733365,501.52052851288346,458.6555260758849,291.4820165715904,302.19826718084005,288.2671413888155,361.1376455317131,506.8786538175083,451.15415064941016,346.1348946787636,451.15415064941016,205.75201169759322,477.94477717253426,206.82363675851818,334.347019008589,184.31951047909394,159.67213407781975,353.63627010523834,398.6445226640869,371.8538961409627,473.65827692883437,342.9200194959887,499.37727839103354,366.4957708363379,168.24513456521944,498.30565333010856,506.8786538175083,351.4930199833884,382.5701467502124,203.6087615757433,331.13214382581407,304.34151730268997,361.1376455317131,345.0632696178386,129.6666323719207,438.29464991831054,423.29189906536106,477.94477717253426,518.6665294876829,171.46000974799435,187.5343856618688,260.4048898047664
B02011,99000000397,Synthetic Census Tract 99000000397,1.0,Total:,376.5762104449555,243.2430067467416,+/-270,147.74760409802082,400.9005111196297,433.33291201919525,431.53111196921935,423.423011744328,380.17981054490724,334.2339092705227,384.6843106698469,594.594016492035,363.96361009512447,492.7923136683987,338.7384093954624,300.90060834596926,293.6934081460658,379.2789105199193,282.8826078462106,343.24290952040207,362.1618100451486,462.16171281880906,419.81941164437626,304.504208445921,244.14390677172955,388.28791076979866,474.7743131686401,328.82850912059513,472.0716130936763,317.11680879575204,281.9817078212227,365.76541014510036,340.5402094454382,320.72040889570377,402.70231116960554,301.80150837095715,284.6844078961865,353.1528097952693,320.72040889570377,291.89160809608995,479.27881329357973,450.4500124939659,336.0357093204986,371.17081029502793,380.17981054490724,436.936512119147,382.882510619871,304.504208445921,298.1979082710055,492.7923136683987,269.3691074713916,345.94560959536585,545.0445151176988,299.9997083209813,362.1618100451486,393.69331091972623,426.1257118192918,498.19771381832635,392.7924108947383,457.6572126938694,324.32400899565545,449.549112468978,367.5672101950762,259.4592071965244,333.3330092455348,441.4410122440866,410.81041139449695,364.8645101201124,390.0897108197745,445.04461234403834,263.963707321464,264.864607346452,430.6302119442314,338.7384093954624,285.5853079211744,338.7384093954624,416.2158115444245,326.12580904563134,404.50411121958143,387.3870107448107,274.77450762131923,362.1618100451486,180.18000499758637,363.96361009512447
B02011,99000000398,Synthetic Census Tract 99000000398,1.0,Total:,0.0,14.04096215792578,+/-14,9.02633281580943,0.0,0.0,0.0,0.0,0.0,0.0,0.0,0.0,0.0,0.0,0.0,0.0,0.0,0.0,0.0,0.0,0.0,0.0,0.0,0.0,0.0,0.0,0.0,0.0,0.0,0.0,0.0,0.0,0.0,0.0,0.0,0.0,0.0,0.0,0.0,0.0,0.0,0.0,0.0,0.0,0.0,0.0,0.0,0.0,0.0,0.0,0.0,0.0,0.0,0.0,0.0,0.0,0.0,0.0,0.0,0.0,0.0,0.0,0.0,0.0,0.0,0.0,0.0,0.0,0.0,0.0,0.0,0.0,0.0,0.0,0.0,0.0,0.0,0.0,0.0,0.0,0.0,0.0,0.0,0.0
B02011,99000000399,Synthetic Census Tract 99000000399,1.0,Total:,32.09918187605926,40.382841715042304,+/-39,24.85097951694911,23.815522037076228,26.921894476694867,21.74460707733047,28.992809436440627,28.992809436440627,39.34738423516942,30.028266916313505,34.170096835805026,46.59558659427958,38.31192675529654,24.85097951694911,37.276469275423665,42.45375667478806,24.85097951694911,23.815522037076228,73.51748107097444,54.879246433262615,11.390032278601675,16.567319677966072,48.66650155402534,49.70195903389822,43.48921415466094,38.31192675529654,30.028266916313505,33.134639355932144,33.134639355932144,13.460947238347433,19.67369211758471,17.60277715783895,31.063724396186384,31.063724396186384,41.41829919491518,17.60277715783895,56.95016139300837,47.631044074152456,13.460947238347433,22.78006455720335,44.52467163453382,42.45375667478806,47.631044074152456,60.05653383262701,26.921894476694867,20.70914959745759,40.382841715042304,38.31192675529654,40.382841715042304,19.67369211758471,23.815522037076228,24.85097951694911,40.382841715042304,55.91470391313549,30.028266916313505,20.70914959745759,26.921894476694867,33.134639355932144,19.67369211758471,31.063724396186384,34.170096835805026,37.276469275423665,19.67369211758471,9.319117318855916,33.134639355932144,40.382841715042304,34.170096835805026,35.2055543156779,28.992809436440627,34.170096835805026,49.70195903389822,52.80833147351685,32.09918187605926,11.390032278601675,30.028266916313505,38.31192675529654,42.45375667478806,41.41829919491518,32.09918187605926,22.78006455720335,38.31192675529654,24.85097951694911,24.85097951694911
B02011,99000000400,Synthetic Census Tract 99000000400,1.0,Total:,0.0,12.682900409560117,+/-14,8.153293120431504,0.0,0.0,0.0,0.0,0.0,0.0,0.0,0.0,0.0,0.0,0.0,0.0,0.0,0.0,0.0,0.0,0.0,0.0,0.0,0.0,0.0,0.0,0.0,0.0,0.0,0.0,0.0,0.0,0.0,0.0,0.0,0.0,0.0,0.0,0.0,0.0,0.0,0.0,0.0,0.0,0.0,0.0,0.0,0.0,0.0,0.0,0.0,0.0,0.0,0.0,0.0,0.0,0.0,0.0,0.0,0.0,0.0,0.0,0.0,0.0,0.0,0.0,0.0,0.0,0.0,0.0,0.0,0.0,0.0,0.0,0.0,0.0,0.0,0.0,0.0,0.0,0.0,0.0,0.0,0.0
B02011,99000000401,Synthetic Census Tract 99000000401,1.0,Total:,0.0,13.723795561149487,+/-14,8.8224400035961,0.0,0.0,0.0,0.0,0.0,0.0,0.0,0.0,0.0,0.0,0.0,0.0,0.0,0.0,0.0,0.0,0.0,0.0,0.0,0.0,0.0,0.0,0.0,0.0,0.0,0.0,0.0,0.0,0.0,0.0,0.0,0.0,0.0,0.0,0.0,0.0,0.0,0.0,0.0,0.0,0.0,0.0,0.0,0.0,0.0,0.0,0.0,0.0,0.0,0.0,0.0,0.0,0.0,0.0,0.0,0.0,0.0,0.0,0.0,0.0,0.0,0.0,0.0,0.0,0.0,0.0,0.0,0.0,0.0,0.0,0.0,0.0,0.0,0.0,0.0,0.0,0.0,0.0,0.0,0.0
B02011,99000000402,Synthetic Census Tract 99000000402,1.0,Total:,103.59618972256699,113.30833250905765,+/-105,69.06412648171133,168.34380829917137,65.8267455528811,80.93452322075547,133.8117450583157,78.77626926820199,70.14325345798807,78.77626926820199,99.27968181746003,51.798094861283495,160.7899194652342,104.67531669884373,116.54571343788787,120.86222134299481,102.51706274629025,114.38745948533439,162.94817341778767,92.80491995979959,35.6111902171324,110.07095158022743,126.25785622437851,78.77626926820199,172.66031620427833,125.17872924810177,127.33698320065525,167.26468132289463,75.53888833937177,121.94134831927155,80.93452322075547,76.6180153156485,126.25785622437851,55.035475790113715,107.91269762767395,76.6180153156485,110.07095158022743,132.73261808203895,77.69714229192525,110.07095158022743,119.78309436671809,38.84857114596262,79.85539624447873,115.46658646161113,141.36563389225287,66.90587252915785,72.30150741054155,126.25785622437851,111.15007855650417,63.66849160032763,119.78309436671809,37.76944416968588,128.416110176932,123.0204752955483,149.9986497024668,84.17190414958569,76.6180153156485,106.83357065139721,124.09960227182503,160.7899194652342,80.93452322075547,71.2223804342648,127.33698320065525,135.96999901086917,114.38745948533439,120.86222134299481,151.07777667874353,120.86222134299481,46.402459979899795,88.48841205469263,85.25103112586243,99.27968181746003,154.31515760757375,71.2223804342648,147.8403957499133,61.51023764777415,157.55253853640397,174.81857015683178,65.8267455528811,77.69714229192525,73.38063438681829,86.33015810213917,77.69714229192525
B02011,99000000403,Synthetic Census Tract 99000000403,1.0,Total:,64.12799882981265,85.84877262700725,+/-83,51.71612808855859,33.0983219766775,29.99535429136398,106.5352238624307,85.84877262700725,19.652128673652264,122.05006228899826,106.5352238624307,36.20128966199101,74.47122444752436,45.51019271793156,51.71612808855859,64.12799882981265,71.36825676221085,75.50554700929554,40.3385799090757,61.02503114449913,64.12799882981265,95.1576756829478,85.84877262700725,36.20128966199101,25.858064044279296,32.06399941490633,116.87844948014241,80.6771598181514,47.5788378414739,97.22632080649015,69.29961163866851,69.29961163866851,39.30425734730453,17.58348355010992,75.50554700929554,87.9174177505496,52.75045065032976,84.81445006523609,26.892386606050465,58.95638602095679,94.12335312117663,52.75045065032976,100.32928849180367,44.47587015616038,78.60851469460906,113.77548179482889,34.132644538448666,91.02038543586312,119.98141716545592,25.858064044279296,20.686451235423434,67.23096651512617,72.40257932398202,74.47122444752436,87.9174177505496,69.29961163866851,48.613160403245075,75.50554700929554,97.22632080649015,68.26528907689733,57.92206345918562,45.51019271793156,28.96103172959281,53.78477321210093,100.32928849180367,69.29961163866851,42.407225032618044,46.54451527970273,56.887740897414446,45.51019271793156,45.51019271793156,47.5788378414739,78.60851469460906,107.56954642420186,52.75045065032976,34.132644538448666,80.6771598181514,68.26528907689733,56.887740897414446,72.40257932398202,56.887740897414446,27.926709167821638,40.3385799090757,70.33393420043969
B02011,99000000404,Synthetic Census Tract 99000000404,1.0,Total:,116.5463957386707,84.33031886781863,+/-89,51.16671032429445,123.17911744737553,78.64512883178591,155.3951943182276,152.55259930021123,88.12044555850711,126.96924413806401,131.7069025014246,124.12664912004765,74.85500214109744,151.6050676275391,123.17911744737553,119.38899075668705,92.85810392186771,103.28095232126103,75.80253381376956,115.59886406599857,124.12664912004765,108.96614235729373,162.02791602693242,86.22538221316287,133.60196584676885,164.87051104494878,122.2315857747034,108.96614235729373,98.54329395790043,160.1328526815882,138.33962421012944,152.55259930021123,125.07418079271977,76.75006548644167,114.65133239332646,129.81183915608037,122.2315857747034,95.70069893988406,73.90747046842532,104.22848399393314,104.22848399393314,150.657535954867,103.28095232126103,143.07728257349004,158.23778933624396,125.07418079271977,82.43525552247439,88.12044555850711,92.85810392186771,114.65133239332646,122.2315857747034,173.39829609899786,166.765574390293,132.65443417409674,149.7100042821949,106.12354733927738,134.54949751944096,100.43835730324466,85.27785054049075,111.8087373753101,94.75316726721195,110.86120570263797,101.38588897591679,137.39209253745733,112.75626904798222,123.17911744737553,147.81494093685063,115.59886406599857,120.33652242935918,132.65443417409674,100.43835730324466,140.23468755547367,101.38588897591679,120.33652242935918,171.50323275365363,75.80253381376956,124.12664912004765,58.746963705671405,109.91367402996586,114.65133239332646,90.96304057652347,123.17911744737553,103.28095232126103,120.33652242935918
B02011,99000000405,Synthetic Census Tract 99000000405,1.0,Total:,18.199455840748502,21.41112451852765,+/-20,12.846674711116592,33.18724300371786,20.34056829260127,13.917230937042973,23.552236970380417,23.552236970380417,24.622793196306798,20.34056829260127,23.552236970380417,19.270012066674887,11.776118485190208,19.270012066674887,9.635006033337444,14.987787162969356,23.552236970380417,12.846674711116592,20.34056829260127,26.763905648159565,12.846674711116592,19.270012066674887,8.56444980741106,4.28222490370553,13.917230937042973,23.552236970380417,9.635006033337444,17.12889961482212,5.3527811296319125,19.270012066674887,16.05834338889574,13.917230937042973,26.763905648159565,17.12889961482212,21.41112451852765,19.270012066674887,14.987787162969356,21.41112451852765,17.12889961482212,11.776118485190208,19.270012066674887,22.481680744454035,8.56444980741106,7.493893581484678,13.917230937042973,14.987787162969356,9.635006033337444,10.705562259263825,6.423337355558296,18.199455840748502,13.917230937042973,11.776118485190208,24.622793196306798,17.12889961482212,20.34056829260127,14.987787162969356,16.05834338889574,28.905018100012327,13.917230937042973,11.776118485190208,23.552236970380417,21.41112451852765,29.975574325938712,31.046130551865094,23.552236970380417,17.12889961482212,24.622793196306798,23.552236970380417,37.469467907423386,16.05834338889574,20.34056829260127,22.481680744454035,16.05834338889574,16.05834338889574,9.635006033337444,18.199455840748502,22.481680744454035,9.635006033337444,18.199455840748502,26.763905648159565,13.917230937042973,13.917230937042973,32.11668677779148
B02011,99000000406,Synthetic Census Tract 99000000406,1.0,Total:,21.331338263001864,32.9666136791847,+/-34,20.361731978319963,20.361731978319963,38.784251387276115,40.723463956639925,27.148975971093282,18.422519408956155,42.66267652600373,22.300944547683766,25.209763401729475,31.027401109820893,38.784251387276115,36.84503881791231,34.90582624854851,19.392125693638057,31.027401109820893,15.513700554910447,35.87543253323041,21.331338263001864,26.179369686411377,19.392125693638057,4.848031423409514,24.240157117047573,4.848031423409514,9.696062846819029,20.361731978319963,18.422519408956155,4.848031423409514,19.392125693638057,24.240157117047573,9.696062846819029,8.726456562137127,6.787243992773321,6.787243992773321,19.392125693638057,6.787243992773321,25.209763401729475,4.848031423409514,23.27055083236567,23.27055083236567,19.392125693638057,8.726456562137127,13.574487985546641,8.726456562137127,8.726456562137127,18.422519408956155,22.300944547683766,7.756850277455223,30.05779482513899,20.361731978319963,5.817637708091418,9.696062846819029,7.756850277455223,9.696062846819029,35.87543253323041,7.756850277455223,14.544094270228543,7.756850277455223,27.148975971093282,24.240157117047573,20.361731978319963,27.148975971093282,24.240157117047573,31.027401109820893,32.9666136791847,17.452913124274254,20.361731978319963,32.9666136791847,28.118582255775184,17.452913124274254,34.90582624854851,29.088188540457086,28.118582255775184,29.088188540457086,17.452913124274254,31.997007394502795,21.331338263001864,30.05779482513899,22.300944547683766,15.513700554910447,27.148975971093282,31.997007394502795
B02011,99000000407,Synthetic Census Tract 99000000407,1.0,Total:,510.70908162714335,274.0912471625759,+/-256,167.02435373969467,394.0061677962028,561.0305215358975,601.7159410365923,528.9104535090331,531.0517913774908,422.91422902038073,463.5996485210756,556.7478457989822,352.2500793612792,551.3945011278382,589.9385827600754,535.334467114406,682.0161111037532,451.8222902445587,406.8541950069486,625.2706575896262,601.7159410365923,449.68095237610106,294.4339569129233,485.01302720565184,531.0517913774908,467.8823242579909,510.70908162714335,629.5533333265415,397.2181745988893,476.44767573182133,639.1893537346008,486.08369613988066,435.7622562311265,536.4051360486349,513.9210884298298,581.373231286245,552.465170062067,447.5396145076434,573.8785487466432,457.17563491570274,385.4408163223723,452.8929591787875,430.4089115599824,656.3200566822618,386.51148525660113,433.6209183626689,503.21439908754166,467.8823242579909,613.4932993131093,536.4051360486349,357.6034240324232,540.68781178555,420.77289115192315,467.8823242579909,567.4545351412704,520.3451020352027,373.6634580458554,457.17563491570274,509.6384126929145,539.6171428513213,486.08369613988066,644.5426984057449,551.3945011278382,594.2212584969907,420.77289115192315,519.2744331009739,460.3876417183892,430.4089115599824,567.4545351412704,488.2250340083383,430.4089115599824,432.55024942844005,618.8466439842533,599.5746031681348,397.2181745988893,426.1262358230672,650.9667120111177,568.5252040754992,457.17563491570274,462.5289795868468,650.9667120111177,430.4089115599824,511.77975056137217,533.1931292459484
B02011,99000000408,Synthetic Census Tract 99000000408,1.0,Total:,52.788380162307966,63.34605619476956,+/-66,38.39154920895125,29.753450636937217,54.70795762275553,63.34605619476956,63.34605619476956,55.66774635297931,91.17992937125922,38.39154920895125,17.27619714402806,37.43176047872747,31.67302809738478,60.46669000409822,47.98943651118906,38.39154920895125,47.02964778096528,69.10478857611224,83.50161952946897,47.98943651118906,56.62753508320309,45.110070320517714,53.748168892531744,67.18521111566469,60.46669000409822,38.39154920895125,58.547112543650655,42.23070412984637,21.115352064923187,46.0698590507415,95.01908429215433,70.06457730633603,70.06457730633603,47.98943651118906,73.90373222723115,59.50690127387443,58.547112543650655,49.909013971636625,38.39154920895125,54.70795762275553,60.46669000409822,70.06457730633603,23.03492952537075,51.82859143208418,52.788380162307966,74.86352095745494,58.547112543650655,50.8688027018604,57.58732381342687,55.66774635297931,34.55239428805612,39.35133793917503,29.753450636937217,42.23070412984637,58.547112543650655,54.70795762275553,62.386267464545774,55.66774635297931,69.10478857611224,84.46140825969275,122.852957468644,84.46140825969275,96.9386617526019,78.70267587835006,65.26563365521712,65.26563365521712,49.909013971636625,50.8688027018604,60.46669000409822,43.19049286007015,65.26563365521712,93.09950683170678,84.46140825969275,55.66774635297931,47.02964778096528,45.110070320517714,39.35133793917503,43.19049286007015,54.70795762275553,28.793661906713435,25.91429571604209,59.50690127387443,20.155563334699405
B02011,99000000409,Synthetic Census Tract 99000000409,1.0,Total:,309.49147125369547,286.07599809963295,+/-281,174.0889525802037,163.9083120784374,516.1584734395514,279.9676137985732,213.79345053709227,439.8036696763041,306.43727910316557,408.24368412082856,536.5197544430839,185.28765713214662,293.2024464508694,235.17279559080148,313.563727454402,297.2747026515759,377.7017626155297,189.35991333285315,231.10053939009498,477.4720395328394,247.38956419292106,210.73925838656237,374.6475704649998,275.8953575978667,386.8643390671193,372.6114423646465,352.2501613611139,264.69665304592377,214.8115145872689,261.64246089539387,346.14177706005415,359.37660971235033,249.4256922932743,317.6359836551085,138.45671082402166,372.6114423646465,390.93659526782585,262.6605249455705,360.39467376252696,351.23209731093726,113.0051095696059,295.23857455122265,402.13529981976876,205.64893813567923,371.5933783144699,296.2566386013993,202.59474598514933,428.6049651243612,341.051456809171,327.8166241568748,416.38819652224157,209.72119433638574,321.708239855815,263.67858899574713,309.49147125369547,316.6179196049319,436.7494775257742,202.59474598514933,231.10053939009498,407.2256200706519,192.41410548338303,244.33537204239116,369.5572502141166,271.82310139716014,365.48499401341013,315.59985555475527,335.9611365582878,211.757322436739,247.38956419292106,285.0579340494563,335.9611365582878,302.36502290245903,199.54055383461946,366.50305806358676,160.8541199279075,423.514644873478,379.73789071588294,264.69665304592377,348.1779051604074,363.44886591305686,175.10701663038031,279.9676137985732,344.1056489597009
B02011,99000000410,Synthetic Census Tract 99000000410,1.0,Total:,166.49596230342635,137.11432189693934,+/-140,83.24798115171318,238.9706753060943,120.46472566659672,236.0325112654456,210.56842291315687,171.3929023711742,132.2173818291915,132.2173818291915,170.41351435762462,166.49596230342635,297.7339561190683,237.01189927899517,194.8982146963638,213.50658695380557,182.16617052021942,185.10433456086812,183.145558533769,172.37229038472375,135.1555458698402,152.78453011373242,193.91882668281423,168.4547383305255,138.0937099104889,144.94942600533588,122.42350169369585,179.22800647957072,130.25860580209238,240.92945133319344,190.98066264216553,161.59902223567852,158.66085819502982,183.145558533769,139.07309792403848,119.48533765304715,133.19676984274108,173.35167839827332,113.60900957174975,161.59902223567852,206.6508708589586,218.4035270215534,192.93943866926466,135.1555458698402,200.7745427776612,153.76391812728198,122.42350169369585,200.7745427776612,148.86697805953415,118.50594963949759,106.75329347690278,188.04249860151683,172.37229038472375,204.69209483185946,142.99064997823675,132.2173818291915,223.30046708930124,206.6508708589586,162.57841024922809,164.53718627632722,138.0937099104889,187.06311058796726,176.28984243892202,230.1561831841482,167.47535031697592,136.13493388338978,105.77390546335322,277.1668078345274,193.91882668281423,132.2173818291915,243.86761537384214,184.12494654731856,187.06311058796726,153.76391812728198,130.25860580209238,237.99128729254474,152.78453011373242,142.01126196468718,141.0318739511376,164.53718627632722,251.70271948223868,235.05312325189604,185.10433456086812
B02011,99000000411,Synthetic Census Tract 99000000411,1.0,Total:,327.5529984817976,296.03915314681416,+/-310,180.48838691854155,387.71579412131143,297.9490831671162,375.30124898934827,477.4825050755067,419.2296394562949,292.2192931062101,228.23663742609222,383.8959340807074,332.32782353255266,386.76082911116043,283.624608014851,424.959429517201,328.5079634919486,188.12810699974963,166.16391176627633,139.42489148204797,381.9860040604054,372.4363539588952,393.44558418221754,204.36251217231688,382.9409690705564,353.337053755875,356.201948786328,357.15691379647905,389.6257241416135,293.1742581163611,157.56922667491722,332.32782353255266,403.95019929387865,392.49061917206654,346.6522986848179,445.96865974052326,357.15691379647905,213.912162273827,166.16391176627633,144.19971653280302,351.42712373557293,307.4987332686263,324.68810345134455,412.5448843852378,345.6973336746669,383.8959340807074,184.30824695914558,134.65006643129288,148.9745415835581,389.6257241416135,344.7423686645158,292.2192931062101,253.06572769001855,328.5079634919486,457.42823986233543,181.44335192869255,351.42712373557293,429.73425456795604,362.8867038573851,425.914394527352,290.3093630859081,328.5079634919486,296.03915314681416,376.25621399949927,294.12922312651216,298.9040481772672,228.23663742609222,164.2539817459743,178.57845689823952,424.959429517201,366.70656389798916,324.68810345134455,182.39831693884358,301.76894320772027,348.5622287051199,178.57845689823952,370.5264239385932,395.35551420251954,360.02180882693204,446.92362475067426,384.85089909085843,348.5622287051199,328.5079634919486,182.39831693884358
B02011,99000000412,Synthetic Census Tract 99000000412,1.0,Total:,507.41372235659014,227.3127291236529,+/-211,137.89587359159987,597.9078894010776,520.3414605058026,503.10447630685263,489.09942664520577,518.1868374809338,492.3313611825089,477.2490000084277,478.326311520862,603.2944469632494,464.32126185921516,527.8826410928432,456.7800812721746,622.6860541870682,564.5112325156119,504.181787819287,632.3818577989775,462.16663883434643,580.6709052021275,562.3566094907432,475.0943769835589,456.7800812721746,607.6036930129869,643.1549729233212,355.5127991033434,475.0943769835589,475.0943769835589,485.86749210790265,480.4809345457308,363.05397969038404,497.7179187446808,389.9867675012434,545.1196252917932,498.7952302571151,475.0943769835589,622.6860541870682,364.1312912028184,514.9549029436307,452.4708352224371,549.4288713415307,733.6491399678087,462.16663883434643,455.7027697597402,476.1716884959933,615.1448736000275,560.2019864658745,499.8725417695495,470.7851309338214,494.48598420737767,413.6876207747996,588.2120857891682,535.4238216798839,574.2070361275213,434.1565395110527,398.60525960071834,517.1095259684995,520.3414605058026,499.8725417695495,612.9902505751588,550.5061828539651,422.3061128742746,452.4708352224371,447.0842776602652,516.0322144560652,453.5481467348714,516.0322144560652,496.6406072322464,451.3935237100027,504.181787819287,561.2792979783088,508.4910338690245,481.55824605816514,419.07417833697144,483.7128690830339,561.2792979783088,579.5935936896932,476.1716884959933,409.3783747250621,443.85234312296205,538.655756217187,496.6406072322464
B02011,99000000413,Synthetic Census Tract 99000000413,1.0,Total:,6.562631154715288,17.812855991370068,+/-19,11.25022483665478,4.687593681939491,6.562631154715288,4.687593681939491,1.8750374727757966,7.500149891103186,6.562631154715288,1.8750374727757966,6.562631154715288,12.187743573042678,9.375187363878982,6.562631154715288,5.62511241832739,5.62511241832739,10.312706100266881,7.500149891103186,5.62511241832739,1.8750374727757966,1.8750374727757966,2.812556209163695,13.125262309430576,12.187743573042678,31.875637037188543,8.437668627491085,3.750074945551593,8.437668627491085,5.62511241832739,4.687593681939491,17.812855991370068,12.187743573042678,16.87533725498217,14.062781045818474,6.562631154715288,7.500149891103186,8.437668627491085,5.62511241832739,15.937818518594272,1.8750374727757966,4.687593681939491,2.812556209163695,13.125262309430576,4.687593681939491,9.375187363878982,5.62511241832739,0.9375187363878983,6.562631154715288,6.562631154715288,1.8750374727757966,3.750074945551593,13.125262309430576,7.500149891103186,11.25022483665478,7.500149891103186,7.500149891103186,5.62511241832739,7.500149891103186,4.687593681939491,2.812556209163695,1.8750374727757966,1.8750374727757966,11.25022483665478,12.187743573042678,20.625412200533763,11.25022483665478,4.687593681939491,6.562631154715288,7.500149891103186,3.750074945551593,14.062781045818474,9.375187363878982,18.750374727757965,19.687893464145866,5.62511241832739,6.562631154715288,6.562631154715288,7.500149891103186,13.125262309430576,2.812556209163695,4.687593681939491,2.812556209163695,10.312706100266881
B02011,99000000414,Synthetic Census Tract 99000000414,1.0,Total:,0.0,12.837472455460137,+/-14,8.252660864224374,0.0,0.0,0.0,0.0,0.0,0.0,0.0,0.0,0.0,0.0,0.0,0.0,0.0,0.0,0.0,0.0,0.0,0.0,0.0,0.0,0.0,0.0,0.0,0.0,0.0,0.0,0.0,0.0,0.0,0.0,0.0,0.0,0.0,0.0,0.0,0.0,0.0,0.0,0.0,0.0,0.0,0.0,0.0,0.0,0.0,0.0,0.0,0.0,0.0,0.0,0.0,0.0,0.0,0.0,0.0,0.0,0.0,0.0,0.0,0.0,0.0,0.0,0.0,0.0,0.0,0.0,0.0,0.0,0.0,0.0,0.0,0.0,0.0,0.0,0.0,0.0,0.0,0.0,0.0,0.0
B02011,99000000415,Synthetic Census Tract 99000000415,1.0,Total:,17.43093697876438,26.146405468146565,+/-27,15.494166203346113,30.019947018983093,4.841926938545661,7.747083101673057,16.462551591055245,5.810312326254793,19.367707754182643,15.494166203346113,21.304478529600907,17.43093697876438,29.051561631273962,20.336093141891773,21.304478529600907,14.525780815636981,17.43093697876438,5.810312326254793,14.525780815636981,20.336093141891773,5.810312326254793,23.24124930501917,25.178020080437435,20.336093141891773,15.494166203346113,16.462551591055245,31.95671779440136,25.178020080437435,7.747083101673057,30.019947018983093,19.367707754182643,26.146405468146565,13.55739542792785,4.841926938545661,16.462551591055245,5.810312326254793,24.2096346927283,17.43093697876438,6.778697713963925,6.778697713963925,22.272863917310037,22.272863917310037,22.272863917310037,27.1147908558557,5.810312326254793,7.747083101673057,16.462551591055245,4.841926938545661,20.336093141891773,22.272863917310037,23.24124930501917,16.462551591055245,29.051561631273962,17.43093697876438,37.76703012065615,20.336093141891773,12.589010040218717,6.778697713963925,22.272863917310037,22.272863917310037,5.810312326254793,23.24124930501917,19.367707754182643,19.367707754182643,18.39932236647351,15.494166203346113,23.24124930501917,26.146405468146565,5.810312326254793,23.24124930501917,16.462551591055245,33.893488569819624,18.39932236647351,4.841926938545661,14.525780815636981,6.778697713963925,27.1147908558557,20.336093141891773,5.810312326254793,5.810312326254793,18.39932236647351,20.336093141891773,23.24124930501917
B02011,99000000416,Synthetic Census Tract 99000000416,1.0,Total:,471.6745789467978,244.1855121096254,+/-234,148.18095179302054,448.7169666971749,467.50046762868453,576.0273618996291,600.0285019787804,473.7616346058544,397.5841030502875,457.0651893334014,465.41341196962793,434.1075770837785,464.3698841400996,338.10301676717364,423.67229878849537,528.0250817413267,520.7203869346286,471.6745789467978,566.6356114338744,453.9346058448165,496.7192468554773,460.19577282198634,405.93232568651405,430.97699359519356,497.76277468500564,556.2003331385912,438.28168840189176,537.4168322070816,566.6356114338744,482.1098572420809,472.7181067763261,432.0205214247219,456.0216615038731,370.45237948255135,486.2839685601942,336.015961108117,546.8085826728363,494.6321911964207,354.79946203962663,537.4168322070816,472.7181067763261,483.15338507160925,428.8899379361369,425.75935444755197,496.7192468554773,490.45807987830744,601.0720298083087,513.4156921279304,375.67001863019294,539.5038878661381,437.2381605723634,439.3252162314201,587.5061680244406,314.1018766880224,421.5852431294387,402.80174219792906,439.3252162314201,531.1556652299116,388.19235258453267,520.7203869346286,594.8108628311388,549.9391661614213,373.5829629711363,356.8865176986833,333.9289054490604,485.24044073066585,580.2014732177424,588.549695853969,525.9380260822701,504.0239416621755,432.0205214247219,566.6356114338744,305.75365405179593,457.0651893334014,583.3320567063273,471.6745789467978,632.3778646941581,514.4592199574587,467.50046762868453,415.32407615226884,378.8006021187779,487.3274963897225,544.7215270137798
B02011,99000000417,Synthetic Census Tract 99000000417,1.0,Total:,130.56281750701655,94.47228258637783,+/-89,57.32026134454385,137.99322175538336,88.10336465920629,174.08375667602206,170.8992977124363,98.71822787115886,142.23916704016438,147.54659864614067,139.0547080765786,83.85741937442526,169.83781139124105,137.99322175538336,133.74727647060232,104.02565947713514,115.70200901028296,84.91890569562052,129.5013311858213,139.0547080765786,122.0709269374545,181.51416092438888,96.59525522876835,149.66957128853116,184.69861988797464,136.93173543418808,122.0709269374545,110.39457740430669,179.39118828199835,154.97700289450745,170.8992977124363,140.11619439777385,85.98039201681578,128.43984486462605,145.42362600375014,136.93173543418808,107.2101184407209,82.79593305323002,116.76349533147823,116.76349533147823,168.7763250700458,115.70200901028296,160.28443450048374,177.26821563960783,140.11619439777385,92.34930994398732,98.71822787115886,104.02565947713514,128.43984486462605,136.93173543418808,194.25199677873195,186.82159253036514,148.6080849673359,167.71483874885053,118.88646797386873,150.73105760972643,112.5175500466972,95.53376890757309,125.25538590104027,106.14863211952566,124.19389957984501,113.57903636789246,153.9155165733122,126.31687222223553,137.99322175538336,165.59186610646003,129.5013311858213,134.8087627917976,148.6080849673359,112.5175500466972,157.09997553689797,113.57903636789246,134.8087627917976,192.12902413634143,84.91890569562052,139.0547080765786,65.81215191410591,123.13241325864976,128.43984486462605,101.90268683474463,137.99322175538336,115.70200901028296,134.8087627917976
B02011,99000000418,Synthetic Census Tract 99000000418,1.0,Total:,0.0,15.396481436186942,+/-14,9.897738066120178,0.0,0.0,0.0,0.0,0.0,0.0,0.0,0.0,0.0,0.0,0.0,0.0,0.0,0.0,0.0,0.0,0.0,0.0,0.0,0.0,0.0,0.0,0.0,0.0,0.0,0.0,0.0,0.0,0.0,0.0,0.0,0.0,0.0,0.0,0.0,0.0,0.0,0.0,0.0,0.0,0.0,0.0,0.0,0.0,0.0,0.0,0.0,0.0,0.0,0.0,0.0,0.0,0.0,0.0,0.0,0.0,0.0,0.0,0.0,0.0,0.0,0.0,0.0,0.0,0.0,0.0,0.0,0.0,0.0,0.0,0.0,0.0,0.0,0.0,0.0,0.0,0.0,0.0,0.0,0.0
B02011,99000000419,Synthetic Census Tract 99000000419,1.0,Total:,137.17595483051932,86.33451702620097,+/-90,52.75998262712282,120.86832383668137,129.50177553930146,174.58757887520642,131.42032036210594,143.89086171033497,188.9766650462399,161.15776511557516,120.86832383668137,139.0944996533238,137.17595483051932,98.80505837443,124.7054134822903,161.15776511557516,129.50177553930146,143.89086171033497,128.54250312789924,121.8275962480836,120.86832383668137,114.15341695686574,157.32067546996623,133.3388651849104,134.29813759631264,144.8501341217372,120.86832383668137,101.6828756086367,156.36140305856398,174.58757887520642,151.56504100155283,91.13087908321214,129.50177553930146,191.8544822804466,127.583230716497,141.01304447612827,144.8501341217372,120.86832383668137,127.583230716497,125.66468589369254,155.40213064716175,104.56069284284341,120.86832383668137,144.8501341217372,135.25741000771487,164.9948547611841,110.3163273112568,161.15776511557516,194.7322995146533,164.03558234978186,71.94543085516749,164.9948547611841,154.44285823575953,81.5381549691898,119.90905142527913,154.44285823575953,108.39778248845234,170.7504892295975,134.29813759631264,125.66468589369254,140.05377206472602,142.93158929893272,126.62395830509476,157.32067546996623,176.5061236980109,99.76433078583224,95.9272411402233,141.9723168875305,145.80940653313942,129.50177553930146,116.0719617796702,121.8275962480836,117.03123419107243,197.61011674886,161.15776511557516,143.89086171033497,153.4835858243573,138.13522724192157,181.30248575502205,130.4610479507037,163.0763099383796,112.23487213406126,192.81375469184886
B02011,99000000420,Synthetic Census Tract 99000000420,1.0,Total:,18.650179414298876,29.447651706787696,+/-30,17.66859102407262,5.889530341357539,24.539709755656414,36.318770438371494,35.33718204814524,27.48447492633518,6.871118731583795,16.68700263384636,16.68700263384636,33.37400526769272,5.889530341357539,14.723825853393848,18.650179414298876,4.907941951131283,18.650179414298876,21.594944584977643,4.907941951131283,16.68700263384636,19.631767804525133,19.631767804525133,20.613356194751386,5.889530341357539,35.33718204814524,25.52129814588267,31.41082848724021,31.41082848724021,6.871118731583795,16.68700263384636,21.594944584977643,26.502886536108928,5.889530341357539,21.594944584977643,16.68700263384636,5.889530341357539,28.46606331656144,16.68700263384636,6.871118731583795,17.66859102407262,18.650179414298876,15.705414243620105,22.5765329752039,5.889530341357539,36.318770438371494,33.37400526769272,25.52129814588267,29.447651706787696,5.889530341357539,23.558121365430157,24.539709755656414,28.46606331656144,7.852707121810052,20.613356194751386,21.594944584977643,7.852707121810052,19.631767804525133,18.650179414298876,6.871118731583795,18.650179414298876,18.650179414298876,16.68700263384636,16.68700263384636,5.889530341357539,23.558121365430157,33.37400526769272,25.52129814588267,30.429240097013952,6.871118731583795,17.66859102407262,13.74223746316759,33.37400526769272,8.83429551203631,16.68700263384636,15.705414243620105,7.852707121810052,16.68700263384636,15.705414243620105,4.907941951131283,18.650179414298876,17.66859102407262,17.66859102407262,18.650179414298876
B02011,99000000421,Synthetic Census Tract 99000000421,1.0,Total:,193.8191294216384,154.86983068618952,+/-167,93.66378981619846,202.16540772209171,137.24990982967694,166.92556600906656,140.95936685210063,281.91873370420126,233.69579241269318,181.76339409876135,124.26681025119399,230.9136996458754,157.6519234530073,237.40524943511687,212.36641453375688,229.98633539026946,146.5235523857362,234.6231566682991,263.3714485920828,210.51168602254504,208.6569575113332,218.85796432299836,215.14850730057466,181.76339409876135,166.92556600906656,198.45595069966802,99.22797534983401,151.16037366376582,143.7414596189184,162.28874473103693,194.7464936772443,218.85796432299836,150.2330094081599,162.28874473103693,314.37648265040866,212.36641453375688,149.30564515255398,312.52175413919684,190.10967239921467,211.43905027815097,208.6569575113332,198.45595069966802,177.12657282073172,172.4897515427021,150.2330094081599,129.83099578482953,165.99820175346062,249.4609847579939,218.85796432299836,162.28874473103693,143.7414596189184,294.90183328268427,178.05393707633766,238.3326136907228,195.67385793285024,199.38331495527393,201.23804346648578,222.56742134542208,247.60625624678204,210.51168602254504,209.58432176693913,202.16540772209171,184.54548686557914,144.66882387452435,129.83099578482953,183.6181226099732,97.37324683862215,211.43905027815097,175.27184430951988,130.75836004043546,204.02013623330356,195.67385793285024,174.34448005391394,225.34951411223983,295.82919753829015,189.18230814360876,128.90363152922362,275.4271839149598,207.72959325572725,241.11470645754056,296.7565617938961,185.47285112118504,167.85293026467247
B02011,99000000422,Synthetic Census Tract 99000000422,1.0,Total:,106.57231052208371,110.63220806578214,+/-109,66.98830947102405,79.16800210211933,140.06646525759572,88.30277157544079,96.42256666283764,105.55733613615911,93.37764350506382,110.63220806578214,84.24287403174236,114.69210560948056,161.38092736201247,74.09313017249629,93.37764350506382,120.78195192502821,52.778668068079554,69.01825824287326,82.21292525989315,141.08143964352033,146.15631157314337,102.51241297838529,95.40759227691304,83.22789964581776,93.37764350506382,95.40759227691304,61.91343754140101,129.91672139834967,164.4258505197863,154.27610666054022,145.14133718721877,64.95836069917483,116.72205438132978,81.19795087396854,125.85682385465124,64.95836069917483,121.79692631095281,123.82687508280202,78.15302771619471,146.15631157314337,95.40759227691304,49.73374491030573,85.25784841766696,153.26113227461562,44.658872980682695,192.84513332567528,109.61723367985753,123.82687508280202,84.24287403174236,110.63220806578214,80.18297648804393,94.39261789098843,92.36266911913921,183.71036385235382,104.54236175023449,105.55733613615911,149.2012347309172,136.0065677138973,83.22789964581776,78.15302771619471,51.763693682154944,108.60225929393292,89.31774596136539,118.75200315317899,125.85682385465124,94.39261789098843,165.4408249057109,51.763693682154944,80.18297648804393,75.1081045584209,62.92841192732562,168.48574806348472,76.12307894434551,96.42256666283764,79.16800210211933,124.84184946872664,84.24287403174236,105.55733613615911,126.87179824057584,98.45251543468686,104.54236175023449,159.35097859016327,171.53067122125853
B02011,99000000423,Synthetic Census Tract 99000000423,1.0,Total:,3.2985480223577506,8.796128059620669,+/-8,5.497580037262918,4.398064029810334,2.199032014905167,4.398064029810334,6.597096044715501,4.398064029810334,0.0,7.696612052168085,2.199032014905167,2.199032014905167,2.199032014905167,7.696612052168085,5.497580037262918,3.2985480223577506,1.0995160074525836,2.199032014905167,1.0995160074525836,2.199032014905167,1.0995160074525836,2.199032014905167,1.0995160074525836,1.0995160074525836,0.0,5.497580037262918,3.2985480223577506,7.696612052168085,2.199032014905167,5.497580037262918,3.2985480223577506,1.0995160074525836,5.497580037262918,5.497580037262918,7.696612052168085,3.2985480223577506,2.199032014905167,6.597096044715501,2.199032014905167,4.398064029810334,1.0995160074525836,1.0995160074525836,0.0,3.2985480223577506,0.0,5.497580037262918,3.2985480223577506,5.497580037262918,4.398064029810334,3.2985480223577506,3.2985480223577506,1.0995160074525836,4.398064029810334,7.696612052168085,13.194192089431002,2.199032014905167,3.2985480223577506,5.497580037262918,1.0995160074525836,5.497580037262918,1.0995160074525836,2.199032014905167,3.2985480223577506,2.199032014905167,1.0995160074525836,7.696612052168085,4.398064029810334,6.597096044715501,5.497580037262918,3.2985480223577506,4.398064029810334,1.0995160074525836,3.2985480223577506,7.696612052168085,3.2985480223577506,2.199032014905167,3.2985480223577506,10.995160074525836,1.0995160074525836,4.398064029810334,1.0995160074525836,1.0995160074525836,2.199032014905167
B02011,99000000424,Synthetic Census Tract 99000000424,1.0,Total:,19.763347838458504,30.165109858699825,+/-29,18.723171636434373,36.40616707084462,17.68299543441024,37.446343272868745,36.40616707084462,6.241057212144791,7.2812334141689234,21.84370024250677,22.8838764445309,21.84370024250677,16.64281923238611,28.08475745465156,6.241057212144791,20.803524040482635,18.723171636434373,18.723171636434373,26.004405050603296,6.241057212144791,17.68299543441024,18.723171636434373,27.044581252627427,5.200881010120659,18.723171636434373,6.241057212144791,6.241057212144791,31.205286060723957,30.165109858699825,20.803524040482635,18.723171636434373,16.64281923238611,22.8838764445309,7.2812334141689234,32.245462262748084,20.803524040482635,18.723171636434373,19.763347838458504,9.361585818217186,32.245462262748084,17.68299543441024,20.803524040482635,6.241057212144791,33.28563846477222,17.68299543441024,36.40616707084462,34.325814666796354,6.241057212144791,5.200881010120659,18.723171636434373,21.84370024250677,21.84370024250677,17.68299543441024,30.165109858699825,7.2812334141689234,21.84370024250677,20.803524040482635,20.803524040482635,30.165109858699825,7.2812334141689234,20.803524040482635,19.763347838458504,24.964228848579165,5.200881010120659,17.68299543441024,5.200881010120659,6.241057212144791,30.165109858699825,30.165109858699825,16.64281923238611,18.723171636434373,17.68299543441024,21.84370024250677,8.321409616193055,35.36599086882048,26.004405050603296,17.68299543441024,19.763347838458504,6.241057212144791,36.40616707084462,20.803524040482635,15.602643030361978,7.2812334141689234
B02011,99000000425,Synthetic Census Tract 99000000425,1.0,Total:,420.86458061814454,322.0174515141251,+/-316,195.6561730718735,420.86458061814454,468.75958131803026,301.63660015247166,523.7878799944947,260.87489742916466,435.131176571302,522.768837426412,389.27426100758163,524.8069225625774,248.64638661217256,425.9597934585579,498.3118157924278,475.892879294609,439.2073468436327,403.54085696073906,403.54085696073906,443.2835171159634,363.7981968055148,261.89393999724734,369.91245221401084,581.8733063752071,419.84553805006186,336.28404746728256,520.7307522902466,286.35096163123154,570.6638381262977,602.2541577368606,466.7214961818649,641.9968178920849,265.970110269578,369.91245221401084,454.4929853648728,513.597454313668,546.2068164923135,427.99787859472326,426.9788360266406,548.2449016284788,303.67468528863697,247.62734404408988,252.72255688450326,415.7693677777312,547.2258590603961,281.25574879081813,423.9217083223926,345.45543058002664,333.2269197630346,446.3406448202114,429.01692116280594,475.892879294609,332.2078771949519,538.0544759476521,598.1779874645299,470.7976664541956,417.80745291389655,416.7884103458139,432.074048867054,382.1409630310029,434.1121340032193,335.2650048991999,226.22745011435373,371.9505373501762,447.3596873882941,319.97936637795976,342.3983028757786,328.13170692262116,435.131176571302,539.0735185157348,456.53107050103813,655.2443712771596,422.9026657543099,444.30255968404606,597.1589448964472,487.1023475435184,427.99787859472326,505.4451137690065,425.9597934585579,359.7220265331841,464.68341104569953,354.6268136927707,365.8362819416801
B02011,99000000426,Synthetic Census Tract 99000000426,1.0,Total:,0.0,13.698633460181025,+/-14,8.80626436725923,0.0,0.0,0.0,0.0,0.0,0.0,0.0,0.0,0.0,0.0,0.0,0.0,0.0,0.0,0.0,0.0,0.0,0.0,0.0,0.0,0.0,0.0,0.0,0.0,0.0,0.0,0.0,0.0,0.0,0.0,0.0,0.0,0.0,0.0,0.0,0.0,0.0,0.0,0.0,0.0,0.0,0.0,0.0,0.0,0.0,0.0,0.0,0.0,0.0,0.0,0.0,0.0,0.0,0.0,0.0,0.0,0.0,0.0,0.0,0.0,0.0,0.0,0.0,0.0,0.0,0.0,0.0,0.0,0.0,0.0,0.0,0.0,0.0,0.0,0.0,0.0,0.0,0.0,0.0,0.0
B02011,99000000427,Synthetic Census Tract 99000000427,1.0,Total:,0.0,15.162836528799554,+/-14,9.747537768513999,0.0,0.0,0.0,0.0,0.0,0.0,0.0,0.0,0.0,0.0,0.0,0.0,0.0,0.0,0.0,0.0,0.0,0.0,0.0,0.0,0.0,0.0,0.0,0.0,0.0,0.0,0.0,0.0,0.0,0.0,0.0,0.0,0.0,0.0,0.0,0.0,0.0,0.0,0.0,0.0,0.0,0.0,0.0,0.0,0.0,0.0,0.0,0.0,0.0,0.0,0.0,0.0,0.0,0.0,0.0,0.0,0.0,0.0,0.0,0.0,0.0,0.0,0.0,0.0,0.0,0.0,0.0,0.0,0.0,0.0,0.0,0.0,0.0,0.0,0.0,0.0,0.0,0.0,0.0,0.0
B02011,99000000428,Synthetic Census Tract 99000000428,1.0,Total:,21.98643302297354,27.98273293832996,+/-28,16.98951642684319,24.984582980651748,29.9814995767821,34.978416172912446,24.984582980651748,32.97964953446031,23.98519966142568,7.9950665538085595,24.984582980651748,32.97964953446031,15.990133107617119,24.984582980651748,31.980266215234238,22.98581634219961,10.99321651148677,12.991983149938909,18.988283065295327,20.98704970374747,28.98211625755603,22.98581634219961,41.97409940749494,20.98704970374747,17.988899746069258,11.99259983071284,14.99074978839105,8.994449873034629,17.988899746069258,33.97903285368638,21.98643302297354,10.99321651148677,23.98519966142568,22.98581634219961,14.99074978839105,22.98581634219961,38.975949449816724,33.97903285368638,25.983966299877817,24.984582980651748,17.988899746069258,22.98581634219961,6.99568323458249,26.983349619103887,27.98273293832996,27.98273293832996,27.98273293832996,36.977182811364585,26.983349619103887,6.99568323458249,22.98581634219961,42.97348272672101,20.98704970374747,23.98519966142568,32.97964953446031,19.987666384521397,9.993833192260698,15.990133107617119,17.988899746069258,21.98643302297354,26.983349619103887,21.98643302297354,33.97903285368638,22.98581634219961,17.988899746069258,14.99074978839105,13.99136646916498,8.994449873034629,21.98643302297354,38.975949449816724,19.987666384521397,11.99259983071284,28.98211625755603,20.98704970374747,13.99136646916498,21.98643302297354,34.978416172912446,26.983349619103887,24.984582980651748,24.984582980651748,12.991983149938909,25.983966299877817,6.99568323458249
B02011,99000000429,Synthetic Census Tract 99000000429,1.0,Total:,6.488113678638286,10.195607209288735,+/-11,6.488113678638286,1.8537467653252246,9.268733826626123,2.780620147987837,7.414987061300899,7.414987061300899,6.488113678638286,7.414987061300899,6.488113678638286,7.414987061300899,8.341860443963512,2.780620147987837,5.561240295975674,6.488113678638286,2.780620147987837,2.780620147987837,4.634366913313062,9.268733826626123,11.122480591951348,6.488113678638286,6.488113678638286,6.488113678638286,4.634366913313062,4.634366913313062,6.488113678638286,1.8537467653252246,1.8537467653252246,2.780620147987837,2.780620147987837,10.195607209288735,9.268733826626123,7.414987061300899,1.8537467653252246,13.903100739939184,4.634366913313062,5.561240295975674,12.049353974613961,6.488113678638286,4.634366913313062,12.049353974613961,10.195607209288735,1.8537467653252246,10.195607209288735,1.8537467653252246,4.634366913313062,4.634366913313062,9.268733826626123,4.634366913313062,7.414987061300899,6.488113678638286,9.268733826626123,1.8537467653252246,7.414987061300899,8.341860443963512,2.780620147987837,1.8537467653252246,8.341860443963512,8.341860443963512,12.049353974613961,7.414987061300899,7.414987061300899,5.561240295975674,6.488113678638286,8.341860443963512,12.976227357276573,2.780620147987837,1.8537467653252246,2.780620147987837,1.8537467653252246,12.976227357276573,3.7074935306504493,5.561240295975674,1.8537467653252246,6.488113678638286,7.414987061300899,5.561240295975674,9.268733826626123,5.561240295975674,6.488113678638286,11.122480591951348,10.195607209288735
B02011,99000000430,Synthetic Census Tract 99000000430,1.0,Total:,473.8878623155956,294.8419348698675,+/-303,179.04592744572813,367.8226118178545,446.6417429216805,385.3379742853714,527.4070254107861,497.24167893895145,492.3763004757523,503.0801330947904,717.1567854755523,640.283805757006,356.1457035061766,593.5761725102943,407.7187152160874,379.4995201295324,440.8032887658415,361.98415766201555,447.6148186143203,540.0570094151038,553.6800691120615,453.4532727701593,600.3877023587731,481.67246785671426,499.18783032423113,480.6993921640744,495.29552755367183,614.9838377483705,455.3994241554389,406.74563952344755,609.1453835925315,474.86093800823545,249.10737731579565,425.2340776836043,388.25720136329085,419.39562352776534,461.2378783112779,327.9265084196216,565.3569774237393,381.4456715148121,421.34177491304496,581.8992641986164,592.6030968176544,575.0877343501376,555.626220497341,612.064610670451,532.2724038739852,463.1840296965575,467.07633246711686,458.31865123335837,394.0956555191298,387.28412567065106,535.1916309519047,428.15330476152377,539.083933722464,488.483997705193,390.2033527485705,507.94551155798956,487.5109220125532,410.6379422940069,393.12257982649,476.8070893935151,436.9109859952822,459.2917269259982,354.19955212089695,437.88406168792204,475.8340137008753,368.79568751049436,410.6379422940069,505.9993601727099,319.16882718586317,573.141582964858,694.7760445448363,417.44947214248566,505.9993601727099,431.07253183944323,531.2993281813453,601.3607780514129,337.65726534601987,591.6300211250147,486.53784631991334,351.28032504297744,460.26480261863804
B02011,99000000431,Synthetic Census Tract 99000000431,1.0,Total:,97.73736671334221,125.14036672642881,+/-137,75.81496670287294,96.82393337957267,164.4180000785196,109.6120000523464,44.75823335470812,79.46870003795114,133.3612667303548,144.32246673558944,53.89256669240365,128.79410006150704,105.95826671726819,42.01793335339946,126.05380006019837,76.72840003664248,42.93136668716901,95.9105000458031,120.57320005758105,104.13140004972908,37.45076668455169,128.79410006150704,130.62096672904613,150.7165000719763,151.62993340574587,134.27470006412435,49.32540002355588,151.62993340574587,91.34333337695534,137.92843339920256,52.979133358634094,121.4866333913506,114.17916672119418,49.32540002355588,87.68960004187713,80.3821333717207,62.11346669632963,83.12243337302935,89.51646670941624,105.95826671726819,70.33436670025561,145.235900069359,97.73736671334221,42.93136668716901,63.026900030099185,44.75823335470812,158.02396674213273,91.34333337695534,111.43886671988551,44.75823335470812,137.92843339920256,125.14036672642881,96.82393337957267,147.97620007066766,134.27470006412435,85.86273337433802,128.79410006150704,91.34333337695534,85.86273337433802,84.03586670679891,112.35230005365507,32.88360001570392,112.35230005365507,59.37316669502097,45.67166668847767,38.36420001832124,144.32246673558944,139.75530006674165,90.42990004318578,49.32540002355588,163.50456674475006,94.99706671203356,87.68960004187713,137.01500006543301,90.42990004318578,80.3821333717207,174.4657667499847,93.17020004449445,89.51646670941624,113.26573338742462,201.8687667630713,80.3821333717207,108.69856671857686
B02011,99000000432,Synthetic Census Tract 99000000432,1.0,Total:,426.93969662214135,349.82724040404537,+/-372,212.52945250353292,423.17811339199034,411.8933637015373,586.80698390356,382.74109366786683,660.1578568915049,368.63515655480046,434.4628630824434,419.4165301618393,394.0258433583199,609.3764832844661,423.17811339199034,303.7478458346953,335.721303290979,490.8866115347088,334.78090748344124,273.6551799934871,472.0786953839537,323.4961577929882,620.6612329749191,566.1182761377293,384.62188528294234,449.5091960030475,331.0193242532902,515.3369025306905,576.4626300206446,444.80721696535875,314.0921997176106,274.59557580102484,256.7280554578075,457.9727582708873,554.8335264472762,350.7676362115831,415.6549469316883,522.8600689909925,334.78090748344124,427.8800924296791,393.08544755078213,484.3038408819445,522.8600689909925,500.2905696100864,369.5755523623382,440.10523792767,394.0258433583199,504.0521528402374,305.6286374497708,406.25098885631076,283.9995338764024,548.250755794512,522.8600689909925,271.7743883784116,425.9993008146036,719.4027927663835,392.1450517432444,293.40349195178,489.946215727171,479.6018618442557,300.926658412082,493.70779895732204,399.6682182035464,329.1385326382147,482.423049266869,360.17159428696067,534.1448186814456,362.99278170957393,356.41001105680965,434.4628630824434,511.57531930053943,481.48265345933123,602.7937126317019,331.0193242532902,222.87380638644825,448.56880019550977,451.38998761812303,239.80093092212786,694.0121059628642,533.2044228739078,487.12502830455776,419.4165301618393,370.51594816987597,350.7676362115831
B02011,99000000433,Synthetic Census Tract 99000000433,1.0,Total:,193.35622382679625,103.90638196299798,+/-115,63.24736293399877,196.06682509539618,197.87389260779617,132.8194621613974,188.83855504579634,186.12795377719638,171.67141367799667,240.33997914919533,180.7067512399965,179.80321748379652,178.8996837275965,223.17283778139566,148.17953601679713,180.7067512399965,170.7678799217967,190.6456225581963,191.54915631439627,118.3629220621977,213.23396646319586,205.102162657396,164.4431436283968,182.51381875239645,178.8996837275965,204.19862890119603,198.77742636399614,221.3657702689957,226.7869728061956,198.77742636399614,155.40780606639697,262.0247892979949,229.49757407479555,213.23396646319586,214.13750021939583,205.102162657396,162.63607611599684,188.83855504579634,151.79367104159704,167.15374489699676,192.45269007059625,207.81276392599597,207.81276392599597,245.76118168639522,177.99614997139653,196.97035885159616,225.88343904999562,161.73254235979687,199.68096012019612,103.00284820679799,220.46223651279573,260.21772178559496,172.57494743419664,179.80321748379652,213.23396646319586,183.41735250859642,221.3657702689957,165.34667738459677,160.82900860359686,236.7258441243954,218.65516900039574,177.99614997139653,243.95411417399526,224.97990529379564,236.7258441243954,222.26930402519568,154.504272310197,135.53006342999737,185.2244200209964,215.0410339755958,213.23396646319586,122.88059084319761,156.31133982259695,174.3820149465966,192.45269007059625,181.61028499619647,150.89013728539706,228.59404031859555,178.8996837275965,182.51381875239645,184.32088626479643,195.1632913391962,195.1632913391962
B02011,99000000434,Synthetic Census Tract 99000000434,1.0,Total:,0.0,13.86918376620046,+/-14,8.915903849700296,0.0,0.0,0.0,0.0,0.0,0.0,0.0,0.0,0.0,0.0,0.0,0.0,0.0,0.0,0.0,0.0,0.0,0.0,0.0,0.0,0.0,0.0,0.0,0.0,0.0,0.0,0.0,0.0,0.0,0.0,0.0,0.0,0.0,0.0,0.0,0.0,0.0,0.0,0.0,0.0,0.0,0.0,0.0,0.0,0.0,0.0,0.0,0.0,0.0,0.0,0.0,0.0,0.0,0.0,0.0,0.0,0.0,0.0,0.0,0.0,0.0,0.0,0.0,0.0,0.0,0.0,0.0,0.0,0.0,0.0,0.0,0.0,0.0,0.0,0.0,0.0,0.0,0.0,0.0,0.0
B02011,99000000435,Synthetic Census Tract 99000000435,1.0,Total:,489.83514127640154,262.88846156553205,+/-256,160.1976562664961,377.90216350045233,538.0998197669484,577.1223257805821,507.29257817723766,509.34639428321833,405.62868093119204,444.6511869448257,533.992187554987,337.8527494338283,528.8576472900352,565.8263371976881,513.4540264951798,654.140429754859,433.35519836193174,390.22506013633665,599.71430294637,577.1223257805821,431.301382255951,282.3997145723489,465.1893480046329,509.34639428321833,448.7588191567871,489.83514127640154,603.8219351583315,380.9828876594234,456.97408358071004,613.0641076352447,466.21625605762324,417.95157756707636,514.4809345481701,492.9158654353726,557.6110727737653,529.8845553430256,429.2475661499703,550.4227164028327,438.48973862688354,369.68689907652947,434.3821064149221,412.81703730212456,629.4946364830904,370.7138071295198,415.8977614610956,482.646784905469,448.7588191567871,588.418314363476,514.4809345481701,342.9872896987801,518.5885667601316,403.5748648252113,448.7588191567871,544.2612680848906,499.07731375331474,358.3909104936355,438.48973862688354,488.80823322341115,517.5616587071412,466.21625605762324,618.1986479001964,528.8576472900352,569.9339694096495,403.5748648252113,498.0504057003244,441.5704627858546,412.81703730212456,544.2612680848906,468.27007216360397,412.81703730212456,414.8708534081053,593.5528546284279,575.0685096746014,380.9828876594234,408.7094050901631,624.3600962181387,545.2881761378809,438.48973862688354,443.62427889183533,624.3600962181387,412.81703730212456,490.8620493293919,511.40021038919906
B02011,99000000436,Synthetic Census Tract 99000000436,1.0,Total:,0.0,13.561218894660943,+/-14,8.717926432282034,0.0,0.0,0.0,0.0,0.0,0.0,0.0,0.0,0.0,0.0,0.0,0.0,0.0,0.0,0.0,0.0,0.0,0.0,0.0,0.0,0.0,0.0,0.0,0.0,0.0,0.0,0.0,0.0,0.0,0.0,0.0,0.0,0.0,0.0,0.0,0.0,0.0,0.0,0.0,0.0,0.0,0.0,0.0,0.0,0.0,0.0,0.0,0.0,0.0,0.0,0.0,0.0,0.0,0.0,0.0,0.0,0.0,0.0,0.0,0.0,0.0,0.0,0.0,0.0,0.0,0.0,0.0,0.0,0.0,0.0,0.0,0.0,0.0,0.0,0.0,0.0,0.0,0.0,0.0,0.0
B02011,99000000437,Synthetic Census Tract 99000000437,1.0,Total:,71.83757386397704,80.69426105268654,+/-82,49.20381771505277,56.09235219516016,97.42355907580449,103.32801720161082,109.23247532741715,49.20381771505277,29.522290629031662,68.88534480107388,109.23247532741715,28.538214274730606,92.50317730429921,70.85349750967599,88.56687188709499,72.82165021827811,71.83757386397704,74.78980292688021,70.85349750967599,42.31528323494538,89.55094824139604,56.09235219516016,61.01273396666544,117.1050861618256,79.71018469838549,92.50317730429921,79.71018469838549,69.86942115537494,103.32801720161082,95.45540636720237,64.94903938386966,82.66241376128866,95.45540636720237,86.59871917849289,21.64967979462322,24.601908857526386,44.283435943547495,58.06050490376227,104.31209355591187,72.82165021827811,88.56687188709499,61.996810320966496,47.23566500645066,60.028657612364384,91.51910094999816,74.78980292688021,28.538214274730606,74.78980292688021,93.48725365860027,43.29935958924644,56.09235219516016,93.48725365860027,93.48725365860027,27.554137920429554,67.90126844677283,72.82165021827811,119.07323887042772,87.58279553279394,42.31528323494538,90.5350245956971,72.82165021827811,126.94584970483615,104.31209355591187,58.06050490376227,23.61783250322533,41.33120688064433,93.48725365860027,84.63056646989077,113.16878074462137,68.88534480107388,49.20381771505277,78.72610834408444,51.171970423654884,96.43948272150344,98.40763543010554,88.56687188709499,79.71018469838549,79.71018469838549,81.67833740698761,79.71018469838549,42.31528323494538,65.93311573817071,58.06050490376227
B02011,99000000438,Synthetic Census Tract 99000000438,1.0,Total:,228.1949476049033,182.33758971300884,+/-167,110.27602731146044,238.02152429602353,161.59259447619945,196.53153382240475,165.95996189447513,331.91992378895026,275.14414735136666,214.00100349550738,146.30680851223465,271.8686217876599,185.6131152767156,279.5115147696423,250.0317846962816,270.776779933091,172.5110130218886,276.23598920593554,310.08308669757196,247.84810098714377,245.66441727800594,257.674677678264,253.30731025998833,214.00100349550738,196.53153382240475,233.65415687774785,116.82707843887393,177.9702222947332,169.23548745818186,191.07232454956016,229.2867894594722,257.674677678264,176.87838044016428,191.07232454956016,370.13438869886227,250.0317846962816,175.78653858559537,367.95070498972444,223.8275801866276,248.93994284171268,245.66441727800594,233.65415687774785,208.54179422266282,203.08258494981823,176.87838044016428,152.85785963964813,195.43969196783584,293.7054588790382,257.674677678264,191.07232454956016,169.23548745818186,347.205709752915,209.63363607723173,280.60335662421124,230.37863131404112,234.7459987323168,236.92968244145462,262.04204509653965,291.52177516990037,247.84810098714377,246.75625913257485,238.02152429602353,217.27652905921414,170.32732931275078,152.85785963964813,216.18468720464523,114.6433947297361,248.93994284171268,206.358110513525,153.94970149421704,240.20520800516135,230.37863131404112,205.26626865895608,265.3175706602464,348.29755160748397,222.7357383320587,151.7660177850792,324.27703080696784,244.572575423437,283.87888218791795,349.3893934620529,218.36837091378305,197.62337567697367
B02011,99000000439,Synthetic Census Tract 99000000439,1.0,Total:,348.73035127257447,277.30365281915556,+/-264,169.1132125147123,249.993444586966,424.35862022325324,427.5097980961982,481.0798219362623,403.35076773695357,314.06739467018,344.5287807753145,255.24540770854094,424.35862022325324,365.53663326161416,297.2611126811403,218.48166585751653,426.4594054718832,558.808876135571,278.35404544347057,180.66753138217712,251.043837211281,324.5713209133298,316.16817991881,293.05954218388035,444.3160800852379,282.5556159407305,383.3933078749689,218.48166585751653,216.38088060888654,517.8435637872867,226.88480685203638,349.7807438968894,359.2342775157243,327.7224987862748,314.06739467018,395.9980193667487,386.5444857479138,276.2532601948406,402.30037511263856,461.12236207427765,447.46725795818287,338.2264250294246,262.59815607874583,363.4358480129842,285.70679381367546,404.4011603612686,410.70351610715846,486.33178505783724,438.013724339348,317.21857254312494,429.61058334482817,274.15247494621065,395.9980193667487,432.7617612177731,359.2342775157243,226.88480685203638,357.1334922670943,506.28924491982195,304.61386105134517,200.6249912441618,252.09422983559597,365.53663326161416,433.8121538420881,261.5477634544308,361.33506276435423,277.30365281915556,421.20744235030827,185.91949450375205,223.73362897909143,315.117787294495,234.23755522224127,427.5097980961982,319.3193577917549,343.47838815099954,326.6721061619598,297.2611126811403,318.26896516743994,267.8501192003207,421.20744235030827,419.1066571016783,460.0719694499627,318.26896516743994,368.6878111345591,349.7807438968894
B02011,99000000440,Synthetic Census Tract 99000000440,1.0,Total:,398.22767431865117,275.23077237719434,+/-273,167.35644034657238,443.59538405115575,439.5626987415998,398.22767431865117,380.08059042564935,459.7261252893796,438.5545274142108,369.9988771517594,310.516768835809,331.6883667109778,384.1132757352053,305.4759121988641,394.1949890090952,435.5300134320438,364.9580205148145,459.7261252893796,278.2552863593613,316.56579680014295,505.09383502188416,445.61172670593373,467.79149590849147,418.391100866431,211.71597875168797,420.40744352120896,437.5463560868218,386.1296183899833,662.3685620945666,297.41054157975213,221.79769202557787,630.107079618119,269.1817444128604,289.3451709606402,451.66075467026764,528.281775551831,419.39927219381997,418.391100866431,276.23894370458333,419.39927219381997,345.8027652944237,381.08876175303834,379.07241909826035,514.167376968385,341.7700799848677,416.374758211653,435.5300134320438,394.1949890090952,536.3471461709428,405.2848736103741,410.32573024731903,445.61172670593373,422.42378617598695,429.48098546770984,276.23894370458333,435.5300134320438,334.71288069314477,376.0479051160934,489.97126511104926,245.99380388291362,403.26853095559613,353.8681359135356,280.2716290141393,432.5054994498768,524.249090242275,415.366586884264,362.9416778600365,354.8763072409246,331.6883667109778,489.97126511104926,452.66892599765663,307.49225485364207,501.0611497123282,367.98253449698143,292.36968494280717,331.6883667109778,321.6066534370879,363.9498491874255,497.0284644027722,313.54128281797597,377.05607644348237,327.6556814014218,402.26035962820714
B02011,99000000441,Synthetic Census Tract 99000000441,1.0,Total:,559.7912823880836,254.53757455594913,+/-266,155.01912435362314,491.8508019614957,473.6695466360707,577.9725377135086,634.4301200398281,437.30703598522086,553.092925162927,509.07514911189827,586.5847112887099,670.7926306906779,500.46297553669694,562.6620069131507,693.7584268912148,554.0498333379494,599.9814257390229,498.5491591866522,504.29060823678645,442.0915768603327,490.8938937864733,584.6708949386651,641.1284772649847,580.8432622385757,473.6695466360707,594.2399766888888,457.40210766069055,735.8623865921988,521.514955387189,506.2044245868312,499.5060673616746,510.988965461943,610.5074156642689,503.33370006176403,653.5682835402754,413.38433160966173,567.4465477882625,462.18664853580236,595.1968848639111,680.3617124409016,661.2235489404543,640.1715690899623,475.58336298611545,454.53138313562346,478.4540875111826,597.1107012139558,715.7673149167291,458.3590158357129,609.5505074892466,597.1107012139558,530.1271289623903,582.7570785886204,562.6620069131507,539.696210712614,805.7166833688315,489.93698561145095,529.170220787368,625.8179464646267,497.59225101162986,488.0231692614062,584.6708949386651,581.800170413598,516.7304145120771,509.07514911189827,564.5758232631954,544.4807515877258,592.326160338844,689.9307941911253,566.4896396132401,552.1360169879047,499.5060673616746,481.3248120362497,627.7317628146716,501.4198837117193,585.6278031136875,462.18664853580236,666.9649979905885,421.99650518486305,611.4643238392913,556.9205578630165,517.6873226870996,614.3350483643584,534.9116698375021
B02011,99000000442,Synthetic Census Tract 99000000442,1.0,Total:,493.28550740785187,261.214645060613,+/-242,158.67170588392608,445.7919355786495,351.88419127999936,597.987245304048,548.3348747553364,322.74040856662515,531.0644849992628,552.6524721943548,383.1867727128827,525.6674882004899,689.7361908831889,573.1610600296922,622.8134305784038,531.0644849992628,449.03013365791327,500.84130292613406,437.15674070061266,374.55157783484594,392.9013669506741,446.87133493840406,503.0001016456432,461.98292597496845,424.2039483835575,523.5086894809806,434.9979419811035,433.9185426213489,671.3864017673607,468.4593221334961,447.9507342981587,483.57091317006046,404.7747599079747,610.9400376211031,459.82412725545925,508.39709844441626,550.4936734748457,528.9056862797536,494.36490676760644,464.14172469447766,550.4936734748457,418.8069515847845,375.6309771946005,413.4099547860115,597.987245304048,627.1310280174222,551.5730728346002,496.52370548711565,512.7146958834346,481.41211445055126,596.9078459442934,490.047309328588,493.28550740785187,504.07950100539784,528.9056862797536,425.2833477433121,547.2554753955818,460.9035266152139,378.8691752738643,455.5065298164409,513.7940952431892,425.2833477433121,398.2983637494471,480.3327150907966,620.6546318588945,485.72971188956967,373.4721784750913,572.0816606699376,637.9250216149682,415.5687535055207,500.84130292613406,550.4936734748457,405.8541592677293,607.7018395418394,526.7468875602444,376.71037655435515,428.5215458225759,361.59878551779076,505.1589003651524,470.6181208530053,463.0623253347231,596.9078459442934,539.6996798772996
B02011,99000000443,Synthetic Census Tract 99000000443,1.0,Total:,138.26483581291527,111.74829195838358,+/-118,68.1853984830815,125.00656388564943,122.16550561552103,174.25157390120827,128.79464157915396,131.63569984928233,204.5561954492445,120.27146676876876,90.91386464410867,119.32444734539263,141.10589408304367,177.09263217133667,182.77474871159347,173.30455447783214,97.54300060774159,96.59598118436546,190.35090409860254,169.51647678432764,184.66878755834574,118.3774279220165,93.75492291423707,144.8939717765482,113.64233080513584,177.09263217133667,102.27809772462226,204.5561954492445,157.2052242804379,81.44367041034735,152.47012716355724,136.370796966163,157.2052242804379,156.25820485706177,146.78801062330047,124.0595444622733,67.23837905970537,157.2052242804379,123.11252503889716,133.5297386960346,113.64233080513584,136.370796966163,140.15887465966753,142.0529135064198,91.8608840674848,115.53636965188811,114.58935022851198,76.70857329346669,146.78801062330047,176.14561274796054,168.5694573609515,143.94695235317207,140.15887465966753,146.78801062330047,156.25820485706177,110.80127253500744,174.25157390120827,104.17213657137452,178.0396515947128,173.30455447783214,94.7019423376132,197.92705948561158,171.4105156310799,166.67541851419924,160.0462825505663,85.23174810385188,132.58271927265847,94.7019423376132,62.503281942824714,143.94695235317207,196.98004006223545,136.370796966163,160.0462825505663,156.25820485706177,119.32444734539263,119.32444734539263,154.3641660103095,124.0595444622733,135.42377754278687,160.0462825505663,87.12578695060414,141.10589408304367,64.39732078957698
B02011,99000000444,Synthetic Census Tract 99000000444,1.0,Total:,103.26233443305689,120.63356826291694,+/-125,73.3452095038535,135.10959645446695,112.91301989409025,63.69452404282014,152.480830284327,65.62466113502681,93.61164897202354,103.26233443305689,98.43699170254021,129.31918517784695,95.54178606423021,87.82123769540352,149.585624646017,49.218495851270106,95.54178606423021,114.84315698629692,56.93904422009679,51.148632943476784,94.57671751812688,143.79521336939698,118.70343117071026,80.10068932657684,165.9917899297737,127.38904808564028,115.80822553240026,110.01781425578025,148.62055609991367,70.4500038655435,75.27534659606016,92.6465804259202,35.707536205823416,149.585624646017,99.40206024864355,112.91301989409025,47.28835875906344,149.585624646017,94.57671751812688,91.68151187981687,157.3061730148437,110.98288280188358,65.62466113502681,73.3452095038535,83.96096351099018,135.10959645446695,33.77739911361674,135.10959645446695,108.08767716357357,120.63356826291694,94.57671751812688,97.47192315643689,130.2842537239503,139.93493918498365,39.56781039023676,166.95685847587703,110.01781425578025,91.68151187981687,180.46781812132375,173.7123382986004,96.50685461033355,58.86918131230347,97.47192315643689,132.21439081615696,45.358221666856764,95.54178606423021,95.54178606423021,101.33219734085023,64.65959258892347,135.10959645446695,122.5637053551236,119.6684997168136,207.48973741221712,49.218495851270106,109.05274570967691,110.01781425578025,166.95685847587703,63.69452404282014,108.08767716357357,96.50685461033355,57.90411276620013,107.12260861747023,121.59863680902026
B02011,99000000445,Synthetic Census Tract 99000000445,1.0,Total:,41.10889258961441,65.99059073595998,+/-61,40.02707962672982,22.718072220576385,6.490877777307539,51.92702221846031,74.6450944390367,32.45438888653769,16.227194443268846,36.78164073807606,32.45438888653769,20.554446294807207,24.881698146345567,71.39965555038293,80.05415925345964,55.17246110711408,53.0088351813449,37.86345370096065,47.59977036692195,35.699827775191466,34.618014812306875,28.127137034999336,50.845209255575725,19.472633331922616,6.490877777307539,53.0088351813449,80.05415925345964,33.536201849422284,18.39082036903803,35.699827775191466,33.536201849422284,15.145381480384257,25.963511109230154,78.97234629057506,77.89053332769046,57.33608703288326,58.417899995767854,34.618014812306875,51.92702221846031,36.78164073807606,36.78164073807606,36.78164073807606,49.763396292691134,17.309007406153437,7.572690740192129,50.845209255575725,76.80872036480588,34.618014812306875,19.472633331922616,35.699827775191466,32.45438888653769,14.063568517499668,25.963511109230154,76.80872036480588,80.05415925345964,53.0088351813449,48.68158332980654,36.78164073807606,53.0088351813449,42.190705552499004,35.699827775191466,28.127137034999336,51.92702221846031,16.227194443268846,5.409064814422949,51.92702221846031,72.48146851326752,33.536201849422284,22.718072220576385,38.94526666384523,31.372575923653105,12.981755554615077,24.881698146345567,72.48146851326752,81.13597221634424,57.33608703288326,56.25427406999867,35.699827775191466,47.59977036692195,40.02707962672982,44.354331478268186,28.127137034999336,50.845209255575725
B02011,99000000446,Synthetic Census Tract 99000000446,1.0,Total:,38.22451962016655,57.33677943024983,+/-57,35.206794386995504,40.236336442280574,59.348596252363855,14.082717754798203,13.076809343741187,18.10635139902626,13.076809343741187,52.30723737496475,38.22451962016655,50.29542055285072,10.059084110570144,56.33087101919281,41.242244853337596,39.23042803122356,59.348596252363855,35.206794386995504,47.27769531967968,49.28951214179371,32.18906915382446,52.30723737496475,39.23042803122356,39.23042803122356,44.25997008650864,15.088626165855217,13.076809343741187,12.070900932684173,14.082717754798203,67.39586354081997,41.242244853337596,27.15952709853939,13.076809343741187,74.43722241821906,37.21861120910953,40.236336442280574,57.33677943024983,57.33677943024983,39.23042803122356,57.33677943024983,32.18906915382446,32.18906915382446,38.22451962016655,35.206794386995504,50.29542055285072,15.088626165855217,13.076809343741187,14.082717754798203,14.082717754798203,63.37222989659191,47.27769531967968,31.18316074276745,15.088626165855217,69.407680362934,53.313145786021764,37.21861120910953,56.33087101919281,50.29542055285072,37.21861120910953,77.45494765139011,37.21861120910953,34.20088597593849,41.242244853337596,38.22451962016655,66.38995512976295,10.059084110570144,13.076809343741187,14.082717754798203,15.088626165855217,54.31905419707878,38.22451962016655,45.26587849756565,11.06499252162716,52.30723737496475,31.18316074276745,36.21270279805252,60.35450466342087,36.21270279805252,44.25997008650864,63.37222989659191,37.21861120910953,42.24815326439461,32.18906915382446
B02011,99000000447,Synthetic Census Tract 99000000447,1.0,Total:,749.6514667667708,551.4918482787712,+/-526,335.50834876275053,809.4138913901356,618.5935180313213,446.64548929041166,423.57929031297255,794.7354011317653,963.5380391030242,896.4363693504741,679.4044062445698,795.7838647216489,791.5900103621145,686.743651373755,689.8890421434058,1003.3796555186009,1070.481325271151,1017.0096821870876,685.6951877838715,769.572274974559,623.8358359807393,603.915027772951,417.28850877367097,893.2909785808233,840.8677990866436,912.163323198728,1045.3181991139447,847.1585806259451,531.5710400709829,731.8275857387496,890.1455878111725,977.168065771511,741.263758047702,998.1373375691828,714.0037047107285,618.5935180313213,608.1088821324854,733.9245129185168,613.3512000819034,535.7648944305173,586.0911467449298,802.0746462609505,1046.3666627038283,756.9907118959559,665.7743795760831,608.1088821324854,341.7991303020521,714.0037047107285,855.5462893450139,817.8016001092044,591.3334646943479,782.1538380531622,729.7306585589824,782.1538380531622,823.0439180586225,907.9694688391936,851.3524349854795,1092.4990606587064,774.814592923977,686.743651373755,549.394921099004,523.1833313519141,553.5887754585384,858.6916801146647,837.7224083169928,1021.203536546622,928.9387406368655,810.4623549800193,580.8488287955118,676.259015474919,1020.1550729567384,869.1763160135006,700.3736780422417,984.5073109006961,827.2377724181569,583.9942195651627,577.7034380258611,619.6419816212049,777.9599836936278,598.672709823533,636.4173990593424,623.8358359807393,910.0663960189609
B02011,99000000448,Synthetic Census Tract 99000000448,1.0,Total:,219.9201751078747,159.84938653674226,+/-157,96.72415108911156,215.8475792725437,272.8639209671779,181.23051467223007,264.71872929651585,245.37389907869354,233.1561115727005,273.8820699260106,186.32125946639385,218.90202614904194,151.70419486608023,166.97642924857152,244.35575011986077,231.119813655035,227.04721781970397,307.4809855674915,222.97462198437296,139.48640736008718,235.192409490366,201.59349384888515,222.97462198437296,188.35755738405936,243.33760116102803,155.77679070141124,294.2450491026657,261.66428242001757,229.08351573736948,273.8820699260106,201.59349384888515,262.6824313788503,146.61345007191647,124.2141729775959,204.6479407253834,249.44649491402456,225.01091990203847,315.6261772381535,211.77498343721268,123.19602401876314,263.7005803376831,185.3031105075611,231.119813655035,184.28496154872835,211.77498343721268,216.86572823137644,273.8820699260106,254.5372397081883,237.2287074080315,267.7731761730141,218.90202614904194,236.21055844919874,127.26861985409415,139.48640736008718,173.08532300156804,257.59168658468656,212.79313239604542,234.17426053153324,192.43015321939038,178.17606779573183,244.35575011986077,152.722343824913,229.08351573736948,190.39385530172487,255.55538866702108,184.28496154872835,332.9347095383103,217.8838771902092,231.119813655035,270.82762304951234,177.15791883689906,290.1724532673347,153.74049278374574,105.88749171860634,221.95647302554022,262.6824313788503,230.10166469620222,285.0817084731709,242.31945220219527,180.21236571339733,309.517283485157,159.84938653674226,183.26681258989558
B02011,99000000449,Synthetic Census Tract 99000000449,1.0,Total:,5.1534392090094965,12.36825410162279,+/-12,7.214814892613294,3.0920635254056976,6.184127050811395,9.276190576217093,3.0920635254056976,2.0613756836037984,10.306878418018993,6.184127050811395,5.1534392090094965,12.36825410162279,5.1534392090094965,8.245502734415194,6.184127050811395,5.1534392090094965,6.184127050811395,2.0613756836037984,4.122751367207597,2.0613756836037984,8.245502734415194,5.1534392090094965,14.429629785226588,1.0306878418018992,6.184127050811395,13.39894194342469,2.0613756836037984,1.0306878418018992,11.33756625982089,6.184127050811395,5.1534392090094965,10.306878418018993,6.184127050811395,9.276190576217093,9.276190576217093,5.1534392090094965,8.245502734415194,1.0306878418018992,6.184127050811395,2.0613756836037984,7.214814892613294,7.214814892613294,2.0613756836037984,12.36825410162279,8.245502734415194,3.0920635254056976,13.39894194342469,10.306878418018993,2.0613756836037984,6.184127050811395,4.122751367207597,2.0613756836037984,6.184127050811395,1.0306878418018992,6.184127050811395,5.1534392090094965,8.245502734415194,14.429629785226588,6.184127050811395,10.306878418018993,6.184127050811395,7.214814892613294,2.0613756836037984,7.214814892613294,5.1534392090094965,1.0306878418018992,10.306878418018993,10.306878418018993,2.0613756836037984,5.1534392090094965,4.122751367207597,1.0306878418018992,5.1534392090094965,1.0306878418018992,6.184127050811395,6.184127050811395,8.245502734415194,12.36825410162279,7.214814892613294,10.306878418018993,7.214814892613294,5.1534392090094965,13.39894194342469
B02011,99000000450,Synthetic Census Tract 99000000450,1.0,Total:,82.54939261405501,61.43210613138977,+/-64,37.43518967381564,105.58643241332618,77.75000932254018,89.26852922217576,110.385815704841,84.46914593066094,85.4290225889639,83.50926927235797,78.70988598084314,66.2314894229046,87.34877590556984,53.75309286496605,86.38889924726686,111.34569236314397,62.39198278969274,83.50926927235797,70.07099605611646,106.54630907162914,123.8240889210825,75.83025600593425,62.39198278969274,109.42593904653803,53.75309286496605,61.43210613138977,77.75000932254018,90.22840588047873,83.50926927235797,66.2314894229046,85.4290225889639,95.98766583029652,78.70988598084314,62.39198278969274,62.39198278969274,108.46606238823507,54.71296952326902,73.91050268932833,49.91358623175419,71.03087271441943,93.10803585538763,97.90741914690246,105.58643241332618,65.27161276460163,119.02470562956769,86.38889924726686,67.19136608120756,53.75309286496605,83.50926927235797,99.82717246350838,95.98766583029652,68.15124273951054,94.06791251369059,101.74692578011431,95.02778917199356,57.59259949817791,122.86421226277955,96.94754248859948,95.98766583029652,90.22840588047873,52.79321620666309,77.75000932254018,109.42593904653803,53.75309286496605,86.38889924726686,73.91050268932833,44.1543262819364,52.79321620666309,92.14815919708465,62.39198278969274,84.46914593066094,89.26852922217576,68.15124273951054,92.14815919708465,61.43210613138977,68.15124273951054,91.18828253878169,74.87037934763129,87.34877590556984,91.18828253878169,56.632722839874944,85.4290225889639,62.39198278969274
B02011,99000000451,Synthetic Census Tract 99000000451,1.0,Total:,31.293055606735976,43.6206229669653,+/-46,26.551683545109313,17.068939421855987,58.79301356417062,28.448232369759978,13.275841772554656,35.086153256037306,43.6206229669653,28.448232369759978,34.137878843711974,16.120665009530654,49.310269440917295,18.965488246506652,47.41372061626663,24.655134720458648,23.706860308133315,30.344781194410643,17.068939421855987,31.293055606735976,47.41372061626663,28.448232369759978,39.82752531766397,43.6206229669653,23.706860308133315,14.224116184879989,36.03442766836264,46.4654462039413,59.741287976495954,60.68956238882129,39.82752531766397,36.98270208068797,29.39650678208531,24.655134720458648,32.24133001906131,11.379292947903991,15.172390597205322,12.327567360229324,25.60340913278398,48.36199502859196,29.39650678208531,18.01721383418132,58.79301356417062,30.344781194410643,37.930976493013304,12.327567360229324,23.706860308133315,56.896464739519956,55.948190327194624,36.03442766836264,32.24133001906131,26.551683545109313,33.18960443138664,41.724074142314635,31.293055606735976,12.327567360229324,15.172390597205322,14.224116184879989,30.344781194410643,47.41372061626663,35.086153256037306,12.327567360229324,30.344781194410643,15.172390597205322,40.7757997299893,28.448232369759978,23.706860308133315,31.293055606735976,34.137878843711974,40.7757997299893,42.67234855463997,8.534469710927993,43.6206229669653,15.172390597205322,53.103367090218626,25.60340913278398,26.551683545109313,27.499957957434646,14.224116184879989,39.82752531766397,46.4654462039413,32.24133001906131,36.98270208068797
B02011,99000000452,Synthetic Census Tract 99000000452,1.0,Total:,201.5801801116502,161.0712443954334,+/-167,97.41434541280704,210.2606663365538,142.74577347619248,173.60972449807196,146.60376735392742,293.20753470785485,243.05361429730073,189.0417000090117,129.24279490412025,240.16011888899953,163.96473980373463,246.91160817503567,220.87014950032489,239.1956204195658,152.39075817052984,244.01811276673448,273.9175653191802,218.94115256145741,217.01215562258994,227.62163878636102,223.76364490862608,189.0417000090117,173.60972449807196,206.40267245881887,103.20133622940943,157.2132505176985,149.49726276222862,168.7872321509033,202.54467858108396,227.62163878636102,156.24875204826475,168.7872321509033,326.9649811380355,220.87014950032489,155.28425357883103,325.03598419916807,197.72218623391527,219.90565103089114,217.01215562258994,206.40267245881887,184.21920766184303,179.39671531467434,156.24875204826475,135.02978572072263,172.64522602863823,259.4500882776742,227.62163878636102,168.7872321509033,149.49726276222862,306.7105132799271,185.18370613127675,247.8761066444694,203.50917705051768,207.36717092825262,209.2961678671201,231.47963266409593,257.52109133880674,218.94115256145741,217.97665409202367,210.2606663365538,191.93519541731288,150.46176123166236,135.02978572072263,190.97069694787916,101.27233929054198,219.90565103089114,182.29021072297556,135.99428419015635,212.18966327542128,203.50917705051768,181.3257122535418,234.37312807239715,307.67501174936086,196.75768776448155,134.0652872512889,286.4560454218187,216.0476571531562,250.7696020527706,308.6395102187946,192.8996938867466,174.57422296750568
B02011,99000000453,Synthetic Census Tract 99000000453,1.0,Total:,15.828501317883635,18.62176625633369,+/-20,11.173059753800214,28.86373769731722,17.690677943517006,12.104148066616897,20.48394288196706,20.48394288196706,21.415031194783744,17.690677943517006,20.48394288196706,16.75958963070032,10.24197144098353,16.75958963070032,8.37979481535016,13.035236379433583,20.48394288196706,11.173059753800214,17.690677943517006,23.27720782041711,11.173059753800214,16.75958963070032,7.448706502533476,3.724353251266738,12.104148066616897,20.48394288196706,8.37979481535016,14.897413005066952,4.655441564083422,16.75958963070032,13.966324692250268,12.104148066616897,23.27720782041711,14.897413005066952,18.62176625633369,16.75958963070032,13.035236379433583,18.62176625633369,14.897413005066952,10.24197144098353,16.75958963070032,19.552854569150373,7.448706502533476,6.517618189716791,12.104148066616897,13.035236379433583,8.37979481535016,9.310883128166845,5.586529876900107,15.828501317883635,12.104148066616897,10.24197144098353,21.415031194783744,14.897413005066952,17.690677943517006,13.035236379433583,13.966324692250268,25.13938444605048,12.104148066616897,10.24197144098353,20.48394288196706,18.62176625633369,26.070472758867165,27.00156107168385,20.48394288196706,14.897413005066952,21.415031194783744,20.48394288196706,32.588090948583954,13.966324692250268,17.690677943517006,19.552854569150373,13.966324692250268,13.966324692250268,8.37979481535016,15.828501317883635,19.552854569150373,8.37979481535016,15.828501317883635,23.27720782041711,12.104148066616897,12.104148066616897,27.932649384500536
B02011,99000000454,Synthetic Census Tract 99000000454,1.0,Total:,7.524040111407131,11.823491603639777,+/-11,7.524040111407131,2.149725746116323,10.748628730581615,3.224588619174485,8.598902984465292,8.598902984465292,7.524040111407131,8.598902984465292,7.524040111407131,8.598902984465292,9.673765857523454,3.224588619174485,6.44917723834897,7.524040111407131,3.224588619174485,3.224588619174485,5.374314365290807,10.748628730581615,12.89835447669794,7.524040111407131,7.524040111407131,7.524040111407131,5.374314365290807,5.374314365290807,7.524040111407131,2.149725746116323,2.149725746116323,3.224588619174485,3.224588619174485,11.823491603639777,10.748628730581615,8.598902984465292,2.149725746116323,16.122943095872422,5.374314365290807,6.44917723834897,13.9732173497561,7.524040111407131,5.374314365290807,13.9732173497561,11.823491603639777,2.149725746116323,11.823491603639777,2.149725746116323,5.374314365290807,5.374314365290807,10.748628730581615,5.374314365290807,8.598902984465292,7.524040111407131,10.748628730581615,2.149725746116323,8.598902984465292,9.673765857523454,3.224588619174485,2.149725746116323,9.673765857523454,9.673765857523454,13.9732173497561,8.598902984465292,8.598902984465292,6.44917723834897,7.524040111407131,9.673765857523454,15.048080222814262,3.224588619174485,2.149725746116323,3.224588619174485,2.149725746116323,15.048080222814262,4.299451492232646,6.44917723834897,2.149725746116323,7.524040111407131,8.598902984465292,6.44917723834897,10.748628730581615,6.44917723834897,7.524040111407131,12.89835447669794,11.823491603639777
B02011,99000000455,Synthetic Census Tract 99000000455,1.0,Total:,35.39602730605085,38.26597546600092,+/-40,22.95958527960055,36.35267669270087,19.13298773300046,37.30932607935089,22.95958527960055,40.17927423930096,26.78618282620064,40.17927423930096,50.70241749245121,35.39602730605085,44.96252117255107,35.39602730605085,33.4827285327508,58.35561258565139,27.74283221285066,30.61278037280073,57.39896319900137,44.00587178590105,22.95958527960055,31.569429759450756,36.35267669270087,24.872884052900595,27.74283221285066,45.9191705592011,37.30932607935089,38.26597546600092,21.046286506300504,43.04922239925103,44.00587178590105,38.26597546600092,32.52607914610078,19.13298773300046,22.95958527960055,56.44231381235135,48.78911871915117,37.30932607935089,40.17927423930096,44.96252117255107,33.4827285327508,16.26303957305039,45.9191705592011,13.39309141310032,22.95958527960055,47.83246933250114,41.13592362595098,35.39602730605085,15.306390186400366,50.70241749245121,24.872884052900595,34.439377919400826,44.96252117255107,32.52607914610078,37.30932607935089,44.00587178590105,35.39602730605085,47.83246933250114,22.95958527960055,51.65906687910123,22.95958527960055,11.479792639800275,35.39602730605085,27.74283221285066,10.523143253150252,47.83246933250114,31.569429759450756,22.002935892950525,22.002935892950525,37.30932607935089,30.61278037280073,24.872884052900595,51.65906687910123,44.96252117255107,42.09257301260101,52.61571626575126,22.95958527960055,44.96252117255107,38.26597546600092,55.48566442570132,15.306390186400366,24.872884052900595,25.829533439550616
B02011,99000000456,Synthetic Census Tract 99000000456,1.0,Total:,521.3334076246816,332.0337042735836,+/-328,201.44727789769252,651.9198340005728,598.2680464197803,608.391025208609,392.77157700655624,400.86996003761925,635.7230679384467,593.2065570253659,388.72238549102474,509.1858330780871,603.3295358141946,327.9845127580521,348.23047033570964,476.792300953835,497.03825853149254,578.0220888421227,557.7761312644652,506.1489394414385,504.1243436836727,501.08745004702405,540.5670673234563,388.72238549102474,537.5301736868076,553.7269397489337,851.3425161404995,649.895238242807,382.64859821772745,332.0337042735836,621.5508976340865,499.0628542892583,377.5871088233131,619.5263018763206,559.800727022231,577.0097909632399,545.6285567178707,343.1689809412953,504.1243436836727,502.09974792590697,582.0712803576542,450.4725561028802,536.5178758079247,613.4525146030234,506.1489394414385,435.28808791963706,437.31268367740284,417.06672609974527,613.4525146030234,540.5670673234563,402.89455579538503,565.8745142955282,643.8214509695097,389.7346833699076,393.7838748854391,552.7146418700509,526.394897019096,622.5631955129693,586.1204718731857,564.8622164166453,575.997493084357,548.6654503545193,504.1243436836727,392.77157700655624,558.788429143348,430.2265985252227,564.8622164166453,769.3463879509865,428.2020027674569,374.55021518666445,533.4809821712761,518.296513988033,373.5379173077816,611.4279188452576,700.5101321869508,548.6654503545193,571.9483015688255,363.4149385189528,512.2227267147357,519.3088118669159,506.1489394414385,597.2557485408973,579.0343867210056
B02011,99000000457,Synthetic Census Tract 99000000457,1.0,Total:,8.4671590802262,12.7007386203393,+/-12,7.408764195197925,13.759133505367574,5.291974425141374,9.525553965254474,7.408764195197925,9.525553965254474,5.291974425141374,2.11678977005655,9.525553965254474,12.7007386203393,10.583948850282749,6.35036931016965,8.4671590802262,16.9343181604524,3.175184655084825,7.408764195197925,5.291974425141374,3.175184655084825,5.291974425141374,4.2335795401131,7.408764195197925,2.11678977005655,11.642343735311025,9.525553965254474,6.35036931016965,4.2335795401131,7.408764195197925,14.81752839039585,8.4671590802262,2.11678977005655,4.2335795401131,5.291974425141374,10.583948850282749,3.175184655084825,8.4671590802262,7.408764195197925,12.7007386203393,9.525553965254474,10.583948850282749,12.7007386203393,7.408764195197925,5.291974425141374,7.408764195197925,9.525553965254474,9.525553965254474,3.175184655084825,7.408764195197925,13.759133505367574,6.35036931016965,3.175184655084825,2.11678977005655,7.408764195197925,7.408764195197925,4.2335795401131,11.642343735311025,7.408764195197925,16.9343181604524,10.583948850282749,7.408764195197925,15.875923275424125,8.4671590802262,10.583948850282749,12.7007386203393,6.35036931016965,6.35036931016965,15.875923275424125,7.408764195197925,4.2335795401131,6.35036931016965,8.4671590802262,11.642343735311025,8.4671590802262,9.525553965254474,11.642343735311025,3.175184655084825,6.35036931016965,4.2335795401131,2.11678977005655,8.4671590802262,3.175184655084825,7.408764195197925
B02011,99000000458,Synthetic Census Tract 99000000458,1.0,Total:,43.32735769688086,67.63294860000914,+/-64,41.21382805313057,34.87323912187971,40.15706323125543,15.851472328127143,38.043533587505145,41.21382805313057,44.384122518756,66.576183778134,41.21382805313057,46.497652162506284,15.851472328127143,64.46265413438371,14.794707506252,16.908237150002286,43.32735769688086,42.27059287500572,84.54118575001144,78.20059681876057,13.737942684376858,35.930003943754855,69.74647824375943,50.72471145000686,43.32735769688086,15.851472328127143,41.21382805313057,38.043533587505145,39.10029840938029,88.768245037512,50.72471145000686,44.384122518756,19.021766793752573,58.122065203132856,13.737942684376858,15.851472328127143,46.497652162506284,40.15706323125543,82.42765610626114,73.97353753126,14.794707506252,44.384122518756,13.737942684376858,34.87323912187971,45.44088734063114,77.14383199688542,36.98676876563,44.384122518756,42.27059287500572,16.908237150002286,39.10029840938029,35.930003943754855,69.74647824375943,16.908237150002286,64.46265413438371,79.25736164063572,42.27059287500572,44.384122518756,19.021766793752573,17.965001971877427,69.74647824375943,43.32735769688086,19.021766793752573,43.32735769688086,33.81647430000457,71.86000788750971,48.611181806256575,41.21382805313057,42.27059287500572,20.078531615627714,47.554416984381426,43.32735769688086,80.31412646251086,10.56764821875143,71.86000788750971,77.14383199688542,44.384122518756,40.15706323125543,17.965001971877427,12.681177862501714,54.95177073750743,42.27059287500572,65.51941895625886
B02011,99000000459,Synthetic Census Tract 99000000459,1.0,Total:,110.61985219228592,100.74307967511754,+/-102,61.235989606443994,110.61985219228592,117.5335929543038,125.43501096803851,82.96488914421444,87.90327540279864,123.45965646460483,69.1374076201787,71.11276212361238,61.235989606443994,127.41036547147218,86.9155981510818,55.30992609614296,104.6937886819849,132.34875173005636,146.17623325409212,111.60752944400276,149.13926500924262,108.64449768885225,45.433153578974576,122.47197921288799,107.65682043713541,104.6937886819849,84.94024364764812,109.63217494056909,123.45965646460483,136.29946073692372,103.70611143026805,96.79237066825019,99.7554024234007,163.9544237849952,150.12694226095948,105.68146593370173,158.0283602746942,145.18855600237526,157.04068302297733,184.69564607104883,148.1515877575258,151.1146195126763,85.92792089936496,157.04068302297733,113.58288394743644,119.50894745773748,155.06532851954367,70.12508487189554,159.01603752641103,116.54591570258695,152.10229676439315,64.1990213615945,103.70611143026805,121.48430196117116,136.29946073692372,108.64449768885225,165.92977828842888,89.87862990623232,151.1146195126763,124.44733371632167,96.79237066825019,163.9544237849952,127.41036547147218,142.22552424722477,112.5952066957196,94.81701616481651,110.61985219228592,62.22366685816083,96.79237066825019,123.45965646460483,113.58288394743644,69.1374076201787,68.14973036846186,85.92792089936496,95.80469341653334,98.76772517168386,166.91745554014574,89.87862990623232,88.89095265451547,111.60752944400276,107.65682043713541,85.92792089936496,86.9155981510818,94.81701616481651
B02011,99000000460,Synthetic Census Tract 99000000460,1.0,Total:,689.7092629701202,341.3712513690494,+/-343,207.0123040372078,811.1299412996362,655.8707132717304,612.0796489561673,563.3123273320174,703.642783434163,570.2790875640387,708.6190407427497,737.4813331325528,678.7614968912294,746.4385962880089,653.8802103482958,643.9276957311223,692.6950173552722,567.2933331788868,830.0397190722658,699.6617775872936,561.3218244085826,649.8992045014264,687.7187600466855,681.7472512763815,787.24390621842,535.4452864039317,582.2221051046469,860.8925143855035,738.4765845942701,600.1366314155591,979.3274383298676,762.3626196754864,502.60198816725926,536.440537865649,445.87265484937063,666.8184793506213,804.1631810676149,757.3863623668997,765.3483740606384,666.8184793506213,722.5525612067926,718.5715553599232,796.2011693738762,667.8137308123386,706.628537819315,533.454783480497,838.0017307660046,707.6237892810324,780.2771459863986,614.0701518796019,875.8212863112637,753.4053565200303,553.3598127148439,541.4167951742357,520.5165144781715,761.367368213769,897.7168184690453,572.2695904874735,622.0321635733407,649.8992045014264,703.642783434163,756.3911109051822,788.2391576801374,736.4860816708353,768.3341284457905,816.106198608223,732.505075823966,646.9134501162744,887.7643038518719,598.1461284921244,679.7567483529467,724.5430641302272,824.0682103019618,635.9656840373835,682.7425027380988,707.6237892810324,726.533567053662,571.2743390257561,601.1318828772764,607.1033916475806,551.3693097914093,648.903953039709,776.2961401395293,773.3103857543772
B02011,99000000461,Synthetic Census Tract 99000000461,1.0,Total:,171.43469456677278,97.80569113104345,+/-89,59.342778888498266,198.9082033114479,128.57602092507958,106.59721392933947,151.6537682706067,159.34635071911572,183.52303841442983,164.84105246805075,189.01774016336486,130.77390162465358,171.43469456677278,198.9082033114479,224.183831356549,119.78449812678353,150.5548279208197,160.44529106890272,153.8516489701807,160.44529106890272,148.35694722124566,236.27217520420606,147.25800687145866,128.57602092507958,170.33575421698578,173.63257526634678,104.39933322976547,181.3251577148558,160.44529106890272,149.45588757103266,189.01774016336486,172.53363491655978,175.8304559659208,184.62197876421683,196.7103226118739,215.39230855825298,181.3251577148558,196.7103226118739,220.887010307188,219.78806995740098,160.44529106890272,227.48065240591004,135.1696630238016,148.35694722124566,207.69972610974392,226.381712056123,208.79866645953095,182.42409806464283,162.64317176847672,163.74211211826375,187.91879981357783,164.84105246805075,164.84105246805075,151.6537682706067,164.84105246805075,198.9082033114479,191.21562086293886,190.11668051315186,189.01774016336486,170.33575421698578,197.8092629616609,110.9929753284875,214.29336820846598,180.2262173650688,175.8304559659208,172.53363491655978,221.985950656975,173.63257526634678,157.14847001954172,190.11668051315186,156.0495296697547,206.60078575995692,152.7527086203937,134.0707226740146,167.03893316762475,120.88343847657055,168.13787351741175,162.64317176847672,138.46648407316263,126.37814022550558,161.54423141868972,167.03893316762475,208.79866645953095
B02011,99000000462,Synthetic Census Tract 99000000462,1.0,Total:,56.920572246769275,68.30468669612313,+/-66,41.3967798158322,32.082504357269954,58.990411237560885,68.30468669612313,68.30468669612313,60.02533073295669,98.31735206260147,41.3967798158322,18.62855091712449,40.36186032043639,34.152343348061564,65.1999282099357,51.74597476979025,41.3967798158322,50.71105527439445,74.51420366849796,90.03799609943503,51.74597476979025,61.060250228352494,48.64121628360283,57.95549174216508,72.44436467770635,65.1999282099357,41.3967798158322,63.130089219144104,45.536457797415416,22.768228898707708,49.67613577899864,102.45703004418469,75.54912316389377,75.54912316389377,51.74597476979025,79.68880114547699,64.16500871453991,63.130089219144104,53.81581376058186,41.3967798158322,58.990411237560885,65.1999282099357,75.54912316389377,24.83806788949932,55.88565275137347,56.920572246769275,80.72372064087278,63.130089219144104,54.850733255977666,62.0951697237483,60.02533073295669,37.25710183424898,42.431699311228,32.082504357269954,45.536457797415416,63.130089219144104,58.990411237560885,67.26976720072733,60.02533073295669,74.51420366849796,91.07291559483083,132.46969541066304,91.07291559483083,104.5268690349763,84.863398622456,70.37452568691474,70.37452568691474,53.81581376058186,54.850733255977666,65.1999282099357,46.57137729281122,70.37452568691474,100.38719105339308,91.07291559483083,60.02533073295669,50.71105527439445,48.64121628360283,42.431699311228,46.57137729281122,58.990411237560885,31.04758486187415,27.942826375686735,64.16500871453991,21.733309403311903
B02011,99000000463,Synthetic Census Tract 99000000463,1.0,Total:,115.85911805996984,92.47470891025117,+/-87,56.33516749704956,127.55132263482919,126.48839494620562,114.79619037134627,104.1669134851105,150.93573178454787,121.17375650308773,72.27908282640321,94.60056428749832,93.53763659887474,104.1669134851105,145.62109334143,92.47470891025117,143.49523796418285,87.16007046713328,121.17375650308773,108.41862423960481,116.92204574859342,163.6908640480308,70.15322744915605,130.74010570069993,167.9425748025251,142.43231027555925,98.85227504199263,120.11082881446416,93.53763659887474,139.24352720968852,116.92204574859342,122.2366841917113,203.01918852710313,161.56500867078364,66.96444438328533,102.04105810786335,99.9152027306162,131.8030333893235,102.04105810786335,98.85227504199263,105.22984117373407,121.17375650308773,140.3064548983121,127.55132263482919,82.90835971263897,128.61425032345275,111.60740730547553,129.67717801207635,134.99181645519423,134.99181645519423,89.28592584438043,103.10398579648692,72.27908282640321,72.27908282640321,157.31329791628934,111.60740730547553,109.48155192822838,130.74010570069993,139.24352720968852,166.8796471139015,138.18059952106495,188.13820088637306,107.35569655098124,131.8030333893235,109.48155192822838,88.22299815575685,99.9152027306162,117.984973437217,74.40493820365036,124.36253956895845,174.32014093426656,122.2366841917113,114.79619037134627,120.11082881446416,99.9152027306162,138.18059952106495,72.27908282640321,129.67717801207635,157.31329791628934,95.66349197612189,117.984973437217,71.21615513777962,134.99181645519423,131.8030333893235
B02011,99000000464,Synthetic Census Tract 99000000464,1.0,Total:,446.25095785750864,341.4414108546555,+/-316,207.45807241801853,446.25095785750864,497.0349651681694,319.8311949777786,555.3825480357372,276.6107632240247,461.3781089713225,554.3020372418932,412.7551232483494,556.463058829581,263.64463369789854,451.6535118267278,528.3697781896409,504.5985407250763,465.70015214669786,427.88227436216323,427.88227436216323,470.02219532207323,385.74235340225323,277.6912740178686,392.2254181653163,616.9716632848364,445.17044706366477,356.56856196846934,552.1410156542056,303.62353307012086,605.0860445525541,638.5818791617133,494.8739435804817,680.7218001216233,282.01331719324395,392.2254181653163,481.9078140543555,544.5774400972987,579.1537855003018,453.81453341441556,452.7340226205717,581.3148070879894,321.99221656546626,262.5641229040547,267.9666768732739,440.8484038882894,580.2342962941456,298.2209791009016,449.49249023904014,366.29315911306395,353.3270295869378,473.2637277036048,454.8950442082594,504.5985407250763,352.24651879309397,570.509699149551,634.2598359863379,499.19598675585706,443.0094254759771,441.9289146821332,458.13657658979093,405.19154769144245,460.2975981774786,355.4880511746255,239.87339623333392,394.38643975300397,474.3442384974486,339.2803892669678,363.05162673153245,347.9244756177186,461.3781089713225,571.5902099433948,484.06883564204327,694.7684404415933,448.4119794451963,471.1027061159171,633.179325192494,516.4841594573586,453.81453341441556,535.9333537465478,451.6535118267278,381.4203102268778,492.712921992794,376.01775625765856,387.9033749899409
B02011,99000000465,Synthetic Census Tract 99000000465,1.0,Total:,139.59237167645455,108.9243506263244,+/-103,66.62363193648967,53.93341632953926,137.47733574196283,177.6630184973058,131.13222793848763,131.13222793848763,89.88902721589876,109.98186859357025,115.2694584297996,175.54798256281407,178.72053646455169,164.97280289035538,137.47733574196283,140.64988964370042,154.39762321789672,121.6145662332748,139.59237167645455,115.2694584297996,144.8799615126839,141.7074076109463,135.3622998074711,142.76492557819216,116.32697639704547,103.63676079009505,166.03032085760125,136.41981777471696,152.28258728340498,134.30478184022522,171.31791069383058,144.8799615126839,138.5348537092087,150.16755134891324,146.99499744717565,176.60550053005994,124.78712013501242,196.69834190773142,148.0525154144215,141.7074076109463,253.8043121390083,191.4107520715021,158.62769508688018,132.18974590573347,155.45514118514257,209.38855751468185,129.0171920039959,137.47733574196283,216.79118328540292,122.67208420052067,172.37542866107646,136.41981777471696,124.78712013501242,198.81337784222316,189.29571613701034,142.76492557819216,166.03032085760125,118.4420123315372,168.145356792093,130.07470997124176,133.24726387297935,134.30478184022522,134.30478184022522,167.08783882484713,139.59237167645455,123.72960216776654,105.75179672458678,157.5701771196343,135.3622998074711,133.24726387297935,168.145356792093,75.08377567445662,80.37136551068596,100.46420688835745,99.40668892111158,196.69834190773142,173.43294662832233,124.78712013501242,141.7074076109463,77.19881160894836,173.43294662832233,169.20287475933887,150.16755134891324
B02011,99000000466,Synthetic Census Tract 99000000466,1.0,Total:,0.0,13.11850216586999,+/-14,8.433322820916421,0.0,0.0,0.0,0.0,0.0,0.0,0.0,0.0,0.0,0.0,0.0,0.0,0.0,0.0,0.0,0.0,0.0,0.0,0.0,0.0,0.0,0.0,0.0,0.0,0.0,0.0,0.0,0.0,0.0,0.0,0.0,0.0,0.0,0.0,0.0,0.0,0.0,0.0,0.0,0.0,0.0,0.0,0.0,0.0,0.0,0.0,0.0,0.0,0.0,0.0,0.0,0.0,0.0,0.0,0.0,0.0,0.0,0.0,0.0,0.0,0.0,0.0,0.0,0.0,0.0,0.0,0.0,0.0,0.0,0.0,0.0,0.0,0.0,0.0,0.0,0.0,0.0,0.0,0.0,0.0
B02011,99000000467,Synthetic Census Tract 99000000467,1.0,Total:,185.27544885479514,180.21327812105756,+/-178,109.34288784873155,193.37492202877525,237.9220244856659,169.0765025068349,167.05163421333987,197.4246586157653,228.81011716493825,245.00906351289848,201.47439520275537,194.38735617552277,85.04446832679122,185.27544885479514,215.64847325722056,176.16354153406752,114.40505858246912,173.12623909382498,266.2701805945963,159.9645951861073,64.79578539184092,170.08893665358244,173.12623909382498,138.70347810440947,109.34288784873155,99.21854638125642,298.66807329051676,149.84025371863214,264.24531230110125,190.3376195885327,183.2505805613001,253.1085366868786,210.586302523483,189.3251854417852,177.17597568081501,198.43709276251283,206.53656593649293,216.66090740396808,232.8598537519283,179.20084397431006,178.18840982756254,72.89525856582104,117.44236102271168,179.20084397431006,100.23098052800393,226.78524887144323,141.740780544652,193.37492202877525,202.4868293495029,126.5542683434393,204.51169764299792,186.28788300154264,277.40695620881894,171.10137080032993,153.88999030562218,176.16354153406752,247.03393180639353,229.82255131168577,90.10663906052878,193.37492202877525,297.65563914376924,186.28788300154264,236.90959033891838,155.91485859911722,283.481561089304,279.431824502314,108.33045370198404,262.22044400760626,62.77091709834589,139.715912251157,180.21327812105756,109.34288784873155,149.84025371863214,175.15110738732,219.69820984421062,191.35005373528023,233.87228789867584,135.66617566416693,182.2381464145526,195.3997903222703,171.10137080032993,285.50642938279907,234.88472204542336
B02011,99000000468,Synthetic Census Tract 99000000468,1.0,Total:,34.05401676412763,36.81515325851636,+/-40,22.089091955109815,34.97439559559054,18.40757662925818,35.89477442705345,22.089091955109815,38.65591092144218,25.770607280961453,38.65591092144218,48.78007806753418,34.05401676412763,43.257805078756725,34.05401676412763,32.213259101201814,56.143108719237446,26.690986112424362,29.452122606813088,55.22272988777454,42.33742624729381,22.089091955109815,30.372501438275997,34.97439559559054,23.929849618035632,26.690986112424362,44.17818391021963,35.89477442705345,36.81515325851636,20.248334292183998,41.41704741583091,42.33742624729381,36.81515325851636,31.292880269738905,18.40757662925818,22.089091955109815,54.30235105631163,46.93932040460836,35.89477442705345,38.65591092144218,43.257805078756725,32.213259101201814,15.646440134869453,44.17818391021963,12.885303640480727,22.089091955109815,46.01894157314545,39.57628975290509,34.05401676412763,14.726061303406544,48.78007806753418,23.929849618035632,33.133637932664726,43.257805078756725,31.292880269738905,35.89477442705345,42.33742624729381,34.05401676412763,46.01894157314545,22.089091955109815,49.70045689899709,22.089091955109815,11.044545977554908,34.05401676412763,26.690986112424362,10.124167146091999,46.01894157314545,30.372501438275997,21.168713123646906,21.168713123646906,35.89477442705345,29.452122606813088,23.929849618035632,49.70045689899709,43.257805078756725,40.496668584367995,50.620835730459994,22.089091955109815,43.257805078756725,36.81515325851636,53.381972224848724,14.726061303406544,23.929849618035632,24.850228449498545
B02011,99000000469,Synthetic Census Tract 99000000469,1.0,Total:,514.2616282310871,311.23649644446556,+/-302,189.62753425755517,533.8427323120303,604.9530576586135,507.04753725389753,534.8733167373431,512.2004593804616,613.1977330611159,412.2337701251199,480.2523421957647,506.0169528285847,454.4877315629447,495.7111085754567,590.5248757042343,420.47844552762234,383.3774062163615,502.9251995526463,485.4052643223287,493.6499397248311,601.8613043826751,509.1087061045231,642.0540969698743,405.01967914793033,535.9039011626559,429.75370535543755,598.7695511067367,394.71383489480235,547.2403298410967,501.8946151273335,406.0502635732431,463.7629913907599,513.2310438057743,704.9197469139551,498.8028618513951,415.3255234010583,635.8705904179975,636.9011748433103,559.6073429448503,458.61006926419594,494.6805241501439,430.7842897807503,664.7269543267558,599.8001355320495,517.3533815070255,395.7444193201151,545.1791609904711,550.3320831170352,491.5887708742055,590.5248757042343,453.4571471376319,461.70182254013434,378.22448408979756,647.2070190964383,497.7722774260823,373.07156196323353,308.14474316852716,493.6499397248311,533.8427323120303,700.7974092127039,354.5210423076031,436.96779633262713,580.2190314511063,609.0753953598647,537.9650700132815,374.1021463885463,662.6657854761303,546.2097454157839,691.5221493848886,514.2616282310871,309.17532759383994,605.9836420839263,431.8148742060631,635.8705904179975,448.3042250110679,377.1938996644847,446.24305616044234,384.4079906416743,637.9317592686231,498.8028618513951,590.5248757042343,424.6007832288735,660.6046166255047
B02011,99000000470,Synthetic Census Tract 99000000470,1.0,Total:,331.68524523381893,306.590637864155,+/-281,186.57295044402315,175.66225158764752,553.1724320182441,300.0442185503296,229.12467598388807,471.34219059542687,328.41203557690625,437.51902414066245,574.9938297309953,198.57471918603633,314.22812706361793,252.03714358227688,336.0495247763692,318.5924066061682,404.7869275715356,202.93899872858657,247.67286403972662,511.7117763640167,265.1299822099276,225.85146632697538,401.51371791462293,295.67993900777935,414.60655654227367,399.33157814334777,377.51018043059656,283.6781702657662,230.21574586952562,280.4049606088535,370.96376111677114,385.14766963005945,267.3121219812027,340.4138043189194,148.38550444670847,399.33157814334777,418.9708360848239,281.49603049449104,386.23873951569703,376.419110544959,121.10875730576942,316.41026683489304,430.9726048268371,220.39611689878757,398.24050825771025,317.5013367205306,217.12290724187488,459.3404218534137,365.50841168858335,351.32450317529504,446.247583225763,224.76039644133783,344.77808386146967,282.5871003801286,331.68524523381893,339.3227344332819,468.0689809385142,217.12290724187488,247.67286403972662,436.4279542550249,206.21220838549925,261.85677255301493,396.0583684864351,291.31565946522915,391.6940889438848,338.2316645476443,360.05306226039556,226.94253621261294,265.1299822099276,305.4995679785174,360.05306226039556,324.047756034356,213.8496975849622,392.7851588295224,172.38904193073483,453.88507242522587,406.9690673428107,283.6781702657662,373.1459008880463,389.5119491726097,187.6640203296607,300.0442185503296,368.78162134549603
B02011,99000000471,Synthetic Census Tract 99000000471,1.0,Total:,455.1560714384501,372.9472655839283,+/-372,226.57548930636506,451.14588578701006,439.1153288326898,625.588961624654,408.03639003402907,703.7875818277357,392.99819384112874,463.17644274133033,447.13570013556995,420.06694698834934,649.6500755332945,451.14588578701006,323.8224913537872,357.90906939102797,523.3292275129317,356.90652297816797,291.7410061422665,503.2782992557312,344.8759660238477,661.6806324876147,603.5329405417334,410.0414828597491,479.21718534709066,352.89633732672786,549.3954342472922,614.5609510831937,474.20445328279055,334.8505018952475,292.74355255512654,273.6951707107861,488.2401030628309,591.5023835874132,373.94981199678836,443.1255144841299,557.4158055501724,356.90652297816797,456.15861785131017,419.06440057548934,516.3114026229115,557.4158055501724,533.3546916415319,394.0007402539888,469.19172121849044,420.06694698834934,537.364877292972,325.82758417950726,433.1000503555297,302.76901668372676,584.484558697393,557.4158055501724,289.73591331654643,454.1535250255901,766.9480058379171,418.0618541626293,312.794480812327,522.3266811000716,511.2986705586114,320.81485211520715,526.3368667515117,426.0822254655095,350.8912445010078,514.3063097971915,383.9752761253886,569.4463625044926,386.98291536396863,379.96509047394846,463.17644274133033,545.3852485958521,513.3037633843314,642.6322506432743,352.89633732672786,237.6034998478253,478.21463893423066,481.2222781728107,255.6493352793057,739.8792526906965,568.4438160916327,519.3190418614915,447.13570013556995,395.0032866668488,373.94981199678836
B02011,99000000472,Synthetic Census Tract 99000000472,1.0,Total:,21.705078968618178,27.6246459600595,+/-28,16.77210647575041,24.66486246433884,29.597834957206604,34.53080745007437,24.66486246433884,32.557618452927265,23.678267965765286,7.892755988588428,24.66486246433884,32.557618452927265,15.785511977176856,24.66486246433884,31.571023954353713,22.69167346719173,10.852539484309089,12.825728481456196,18.745295472897517,20.718484470044626,28.611240458633052,22.69167346719173,41.43696894008925,20.718484470044626,17.758700974323965,11.839133982882643,14.798917478603302,8.879350487161982,17.758700974323965,33.54421295150082,21.705078968618178,10.852539484309089,23.678267965765286,22.69167346719173,14.798917478603302,22.69167346719173,38.47718544436859,33.54421295150082,25.65145696291239,24.66486246433884,17.758700974323965,22.69167346719173,6.906161490014875,26.638051461485944,27.6246459600595,27.6246459600595,27.6246459600595,36.50399644722148,26.638051461485944,6.906161490014875,22.69167346719173,42.4235634386628,20.718484470044626,23.678267965765286,32.557618452927265,19.73188997147107,9.865944985735535,15.785511977176856,17.758700974323965,21.705078968618178,26.638051461485944,21.705078968618178,33.54421295150082,22.69167346719173,17.758700974323965,14.798917478603302,13.81232298002975,8.879350487161982,21.705078968618178,38.47718544436859,19.73188997147107,11.839133982882643,28.611240458633052,20.718484470044626,13.81232298002975,21.705078968618178,34.53080745007437,26.638051461485944,24.66486246433884,24.66486246433884,12.825728481456196,25.65145696291239,6.906161490014875
B02011,99000000473,Synthetic Census Tract 99000000473,1.0,Total:,432.71939848529274,232.23514887260995,+/-256,141.5182938442467,333.8380265043768,475.3563203486235,509.82872525940155,448.1412638401145,449.9556009406818,358.33157736203486,392.80398227281296,471.727646147489,298.45845304331516,467.1918033960708,499.8498712062816,453.5842751418163,577.866366530674,382.825128219693,344.7240491077804,529.7864333656414,509.82872525940155,381.0107911191257,249.47135132799897,410.9473532784856,449.9556009406818,396.4326564739475,432.71939848529274,533.415107566776,336.5595321552277,403.6900048762165,541.5796245193287,411.85452182876924,369.21759996543847,454.49144369209995,435.4409041361437,492.5925228040125,468.0989719463544,379.1964540185584,486.2423429520271,387.36097097111116,326.58067810210775,383.7322967699766,364.6817572140203,556.0943213238668,327.4878466523914,367.40326286487124,426.36921863330736,396.4326564739475,519.8075793125215,454.49144369209995,302.9942957947333,458.12011789323446,356.51724026146763,396.4326564739475,480.7993316503253,440.8839154378455,316.6018240489878,387.36097097111116,431.81222993500916,457.2129493429508,411.85452182876924,546.1154672707469,467.1918033960708,503.4785454074161,356.51724026146763,439.97674688756183,390.08247662196203,364.6817572140203,480.7993316503253,413.66885892933647,364.6817572140203,366.4960943145876,524.3434220639397,508.01438815883427,336.5595321552277,361.0530830128858,551.5584785724486,481.70650020060896,387.36097097111116,391.8968137225293,551.5584785724486,364.6817572140203,433.6265670355764,451.7699380412491
B02011,99000000474,Synthetic Census Tract 99000000474,1.0,Total:,0.0,15.287368662521818,+/-14,9.827594140192597,0.0,0.0,0.0,0.0,0.0,0.0,0.0,0.0,0.0,0.0,0.0,0.0,0.0,0.0,0.0,0.0,0.0,0.0,0.0,0.0,0.0,0.0,0.0,0.0,0.0,0.0,0.0,0.0,0.0,0.0,0.0,0.0,0.0,0.0,0.0,0.0,0.0,0.0,0.0,0.0,0.0,0.0,0.0,0.0,0.0,0.0,0.0,0.0,0.0,0.0,0.0,0.0,0.0,0.0,0.0,0.0,0.0,0.0,0.0,0.0,0.0,0.0,0.0,0.0,0.0,0.0,0.0,0.0,0.0,0.0,0.0,0.0,0.0,0.0,0.0,0.0,0.0,0.0,0.0,0.0
B02011,99000000475,Synthetic Census Tract 99000000475,1.0,Total:,37.74462200986731,58.91843435686604,+/-64,35.90342093621524,30.37981771525905,34.98282039938921,13.809008052390478,33.141619325737146,35.90342093621524,38.665222546693336,57.99783382004001,35.90342093621524,40.5064236203454,13.809008052390478,56.15663274638794,12.888407515564445,14.72960858921651,37.74462200986731,36.82402147304127,73.64804294608254,68.12443972512635,11.967806978738414,31.30041825208508,60.7596354305181,44.188825767649526,37.74462200986731,13.809008052390478,35.90342093621524,33.141619325737146,34.062219862563175,77.33044509338667,44.188825767649526,38.665222546693336,16.570809662868573,50.63302952543175,11.967806978738414,13.809008052390478,40.5064236203454,34.98282039938921,71.80684187243048,64.44203757782223,12.888407515564445,38.665222546693336,11.967806978738414,30.37981771525905,39.585823083519365,67.20383918830032,32.22101878891112,38.665222546693336,36.82402147304127,14.72960858921651,34.062219862563175,31.30041825208508,60.7596354305181,14.72960858921651,56.15663274638794,69.04504026195238,36.82402147304127,38.665222546693336,16.570809662868573,15.65020912604254,60.7596354305181,37.74462200986731,16.570809662868573,37.74462200986731,29.45921717843302,62.60083650417016,42.34762469399747,35.90342093621524,36.82402147304127,17.491410199694606,41.42702415717143,37.74462200986731,69.96564079877842,9.206005368260318,62.60083650417016,67.20383918830032,38.665222546693336,34.98282039938921,15.65020912604254,11.047206441912381,47.87122791495366,36.82402147304127,57.07723328321397
B02011,99000000476,Synthetic Census Tract 99000000476,1.0,Total:,37.23684856509975,37.23684856509975,+/-41,22.705395466524237,64.48332312492883,39.05328020242169,47.227222570370415,19.07253219188036,64.48332312492883,19.07253219188036,29.971122015811993,29.971122015811993,39.05328020242169,46.319006751709445,42.68614347706556,16.347884735897452,39.96149602108265,27.246474559829082,38.14506438376072,15.439668917236482,52.67651748233623,43.594359295726534,46.319006751709445,46.319006751709445,34.51220110911684,41.77792765840459,33.60398529045587,33.60398529045587,48.13543838903138,35.42041692777781,19.980748010541326,41.77792765840459,54.492949119658164,49.95187002635332,52.67651748233623,29.062906197151023,43.594359295726534,45.410790933048474,35.42041692777781,33.60398529045587,29.971122015811993,39.05328020242169,27.246474559829082,51.76830166367526,57.217596575641075,38.14506438376072,46.319006751709445,20.888963829202297,62.66689148760689,21.797179647863267,34.51220110911684,33.60398529045587,35.42041692777781,58.125812394302045,49.04365420769235,18.16431637321939,39.05328020242169,29.062906197151023,36.32863274643878,20.888963829202297,43.594359295726534,40.86971183974362,49.04365420769235,49.95187002635332,38.14506438376072,39.05328020242169,32.695769471794904,30.879337834472963,44.502575114387504,31.78755365313393,23.613611285185208,36.32863274643878,42.68614347706556,53.5847333009972,50.86008584501429,31.78755365313393,39.05328020242169,45.410790933048474,36.32863274643878,32.695769471794904,39.05328020242169,32.695769471794904,25.430042922507145,44.502575114387504
B02011,99000000477,Synthetic Census Tract 99000000477,1.0,Total:,5.695279933805926,18.984266446019756,+/-20,11.390559867611852,0.0,0.0,0.0,0.0,12.33977318991284,6.644493256106914,4.746066611504939,0.0,10.441346545310866,3.796853289203951,3.796853289203951,14.238199834514816,5.695279933805926,5.695279933805926,12.33977318991284,2.847639966902963,4.746066611504939,3.796853289203951,10.441346545310866,4.746066611504939,17.08583980141778,15.187413156815804,17.08583980141778,15.187413156815804,0.0,5.695279933805926,10.441346545310866,21.83190641292272,0.0,6.644493256106914,9.492133223009878,0.0,4.746066611504939,5.695279933805926,0.0,7.593706578407902,4.746066611504939,6.644493256106914,0.0,4.746066611504939,0.0,0.0,0.0,0.9492133223009878,12.33977318991284,6.644493256106914,4.746066611504939,0.0,10.441346545310866,3.796853289203951,3.796853289203951,14.238199834514816,5.695279933805926,6.644493256106914,12.33977318991284,3.796853289203951,4.746066611504939,3.796853289203951,9.492133223009878,3.796853289203951,18.035053123718768,15.187413156815804,18.035053123718768,16.136626479116792,0.0,5.695279933805926,10.441346545310866,20.882693090621732,0.0,6.644493256106914,9.492133223009878,0.9492133223009878,5.695279933805926,5.695279933805926,0.0,7.593706578407902,4.746066611504939,6.644493256106914,0.0,4.746066611504939
B02011,99000000478,Synthetic Census Tract 99000000478,1.0,Total:,16.43590956210618,24.653864343159267,+/-27,14.609697388538825,28.30628869029397,4.565530433918383,7.304848694269412,15.522803475322501,5.478636520702059,18.26212173567353,14.609697388538825,20.088333909240884,16.43590956210618,27.393182603510297,19.175227822457206,20.088333909240884,13.696591301755149,16.43590956210618,5.478636520702059,13.696591301755149,19.175227822457206,5.478636520702059,21.914546082808236,23.74075825637559,19.175227822457206,14.609697388538825,15.522803475322501,30.132500863861328,23.74075825637559,7.304848694269412,28.30628869029397,18.26212173567353,24.653864343159267,12.783485214971472,4.565530433918383,15.522803475322501,5.478636520702059,22.827652169591914,16.43590956210618,6.391742607485736,6.391742607485736,21.001439996024562,21.001439996024562,21.001439996024562,25.566970429942945,5.478636520702059,7.304848694269412,15.522803475322501,4.565530433918383,19.175227822457206,21.001439996024562,21.914546082808236,15.522803475322501,27.393182603510297,16.43590956210618,35.611137384563385,19.175227822457206,11.870379128187794,6.391742607485736,21.001439996024562,21.001439996024562,5.478636520702059,21.914546082808236,18.26212173567353,18.26212173567353,17.349015648889853,14.609697388538825,21.914546082808236,24.653864343159267,5.478636520702059,21.914546082808236,15.522803475322501,31.95871303742868,17.349015648889853,4.565530433918383,13.696591301755149,6.391742607485736,25.566970429942945,19.175227822457206,5.478636520702059,5.478636520702059,17.349015648889853,19.175227822457206,21.914546082808236
B02011,99000000479,Synthetic Census Tract 99000000479,1.0,Total:,37.658895602329395,56.48834340349409,+/-57,34.68582489688234,39.640942739294104,58.4703905404588,13.874329958752934,12.883306390270583,17.838424232682346,12.883306390270583,51.53322556108233,37.658895602329395,49.55117842411762,9.910235684823526,55.49731983501174,40.63196630777645,38.64991917081175,58.4703905404588,34.68582489688234,46.578107718670566,48.560154855635275,31.71275419143528,51.53322556108233,38.64991917081175,38.64991917081175,43.60503701322351,14.865353527235287,12.883306390270583,11.89228282178823,13.874329958752934,66.39857908831762,40.63196630777645,26.757636349023517,12.883306390270583,73.33574406769408,36.66787203384704,39.640942739294104,56.48834340349409,56.48834340349409,38.64991917081175,56.48834340349409,31.71275419143528,31.71275419143528,37.658895602329395,34.68582489688234,49.55117842411762,14.865353527235287,12.883306390270583,13.874329958752934,13.874329958752934,62.434484814388206,46.578107718670566,30.72173062295293,14.865353527235287,68.38062622528233,52.52424912956468,36.66787203384704,55.49731983501174,49.55117842411762,36.66787203384704,76.30881477314114,36.66787203384704,33.69480132839998,40.63196630777645,37.658895602329395,65.40755551983527,9.910235684823526,12.883306390270583,13.874329958752934,14.865353527235287,53.515272698047035,37.658895602329395,44.59606058170586,10.901259253305877,51.53322556108233,30.72173062295293,35.67684846536469,59.46141410894115,35.67684846536469,43.60503701322351,62.434484814388206,36.66787203384704,41.622989876258806,31.71275419143528
B02011,99000000480,Synthetic Census Tract 99000000480,1.0,Total:,285.91700467165543,185.59524864651317,+/-185,113.36358430841075,258.830130544867,204.6563822912902,337.081100244478,211.67890521305017,301.96848563567823,237.76256177958717,282.9073519909012,295.9491802741697,343.1004056059865,280.9009168703983,275.88482906914123,214.68855789380444,282.9073519909012,378.2130202147863,297.9556153946725,307.9877909971867,381.2226728955406,204.6563822912902,308.9910085574382,317.01674903944956,247.79473738210137,276.88804662939265,281.9041344306498,296.9523978344211,264.84943590637556,200.64351205028453,332.0650124432209,353.13258120850077,253.81404274360992,364.1679743712664,290.93309247291256,202.64994717078736,292.9395275934154,383.2291080160434,315.0103139189467,342.0971880457351,255.82047786411277,227.73038617707294,324.0392719612095,295.9491802741697,257.8269129846156,354.1357987687522,367.1776270520207,215.69177545405586,243.7818671410957,167.53733256198757,284.913787111404,350.12292852774647,269.8655237076327,278.8944817498955,437.40285626962026,157.50515695947334,239.76899690009,335.07466512397514,253.81404274360992,371.19049729302634,346.1100582867408,225.7239510565701,249.80117250260423,251.8076076231071,201.64672961053594,271.8719588281355,339.08753536498085,240.77221446034142,286.92022223190685,298.95883295492393,296.9523978344211,228.73360373732436,414.32885238383756,356.142233889255,257.8269129846156,291.936310033164,347.1132758469922,368.1808446122721,264.84943590637556,308.9910085574382,290.93309247291256,231.74325641807863,279.8976993101469,317.01674903944956
B02011,99000000481,Synthetic Census Tract 99000000481,1.0,Total:,82.77620312329164,61.600895347565874,+/-64,37.538045602422955,105.87653887862885,77.96363317426307,89.51380105193167,110.68910882765744,84.70123110290308,85.6637450927088,83.73871711309737,78.92614716406878,66.41346529659445,87.58877307232022,53.90078342912014,86.62625908251451,111.65162281746315,62.56340933737159,83.73871711309737,70.26352125581732,106.83905286843456,124.16430468493746,76.03860519465162,62.56340933737159,109.7265948378517,53.90078342912014,61.600895347565874,77.96363317426307,90.47631504173738,83.73871711309737,66.41346529659445,85.6637450927088,96.25139898057168,78.92614716406878,62.56340933737159,62.56340933737159,108.76408084804599,54.86329741892585,74.1135772150402,50.050727469897275,71.22603524562304,93.36385701115452,98.17642696018311,105.87653887862885,65.45095130678874,119.35173473590888,86.62625908251451,67.37597928640018,53.90078342912014,83.73871711309737,100.10145493979455,96.25139898057168,68.3384932762059,94.32637100096025,102.02648291940598,95.28888499076596,57.75083938834301,123.20179069513175,97.2139129703774,96.25139898057168,90.47631504173738,52.938269439314425,77.96363317426307,109.7265948378517,53.90078342912014,86.62625908251451,74.1135772150402,44.275643531062975,52.938269439314425,92.40134302134881,62.56340933737159,84.70123110290308,89.51380105193167,68.3384932762059,92.40134302134881,61.600895347565874,68.3384932762059,91.4388290315431,75.07609120484591,87.58877307232022,91.4388290315431,56.78832539853729,85.6637450927088,62.56340933737159
B02011,99000000482,Synthetic Census Tract 99000000482,1.0,Total:,379.5501042467455,201.15245332980996,+/-221,122.87593302952193,307.6449286220623,445.9941272923388,254.85378702419362,431.4310537480992,339.5016520000865,297.63281556039755,342.23222828963145,308.55512071857726,268.50666847191826,312.1958891046372,341.32203619311645,332.2201152279667,269.41686056843326,345.87299667569135,401.39471456310497,445.08393519582387,348.60357296523625,256.6741712172236,360.43607021993097,476.94065857384805,432.3412458446142,487.8629637320278,455.09604825748863,373.1787595711407,337.68126780705654,444.17374309930887,439.622782616734,459.6470087400635,412.3170197212847,345.87299667569135,466.01835341566834,344.0526124826614,390.47240940492526,403.2150987561349,352.2443413512962,350.42395715826626,375.9093358606856,400.48452246658997,440.53297471324896,378.63991215023054,385.92144892235035,476.0304664773331,246.66205815555884,450.5450877749137,358.615686026901,313.10608120115216,358.615686026901,333.1303073244817,246.66205815555884,369.5379911850808,420.5087485899195,344.96280457917635,240.29071347995398,401.39471456310497,344.96280457917635,391.3826015014402,451.45527987142873,304.0041602360024,395.0233698875001,448.7247035818838,370.44818328159573,347.6933808687213,396.84375408053006,394.11317779098516,340.4118440966015,435.9820142306741,414.13740391431463,354.9749176408411,374.08895166765564,282.1595499196429,435.0718221341591,380.4602963432605,333.1303073244817,396.84375408053006,438.712590520219,396.84375408053006,395.0233698875001,404.12529085264987,461.46739293309344,291.26147088479274
B02011,99000000483,Synthetic Census Tract 99000000483,1.0,Total:,32.28120257774459,29.51424235679505,+/-32,17.52408139934706,42.426723387892885,31.358882504094744,43.349043461542735,32.28120257774459,32.28120257774459,21.213361693946442,25.82496206219567,30.436562430444898,20.291041620296596,22.13568176759629,27.66960220949536,36.892802945993814,24.902641988545824,11.067840883798144,34.12584272504428,29.51424235679505,31.358882504094744,25.82496206219567,34.12584272504428,51.64992412439134,40.58208324059319,35.04816279869412,47.03832375614211,41.50440331424304,39.65976316694335,35.97048287234397,23.058001841246135,41.50440331424304,40.58208324059319,28.591922283145205,40.58208324059319,43.349043461542735,30.436562430444898,24.902641988545824,35.04816279869412,40.58208324059319,27.66960220949536,28.591922283145205,47.03832375614211,17.52408139934706,22.13568176759629,16.60176132569722,40.58208324059319,35.97048287234397,29.51424235679505,19.368721546646753,23.058001841246135,43.349043461542735,32.28120257774459,35.97048287234397,23.058001841246135,18.446401472996907,24.902641988545824,29.51424235679505,40.58208324059319,25.82496206219567,36.892802945993814,32.28120257774459,35.97048287234397,35.04816279869412,24.902641988545824,27.66960220949536,44.27136353519258,39.65976316694335,47.96064382979196,35.04816279869412,25.82496206219567,42.426723387892885,57.18384456629041,36.892802945993814,39.65976316694335,40.58208324059319,31.358882504094744,35.97048287234397,40.58208324059319,47.96064382979196,46.11600368249227,30.436562430444898,34.12584272504428,35.97048287234397
B02011,99000000484,Synthetic Census Tract 99000000484,1.0,Total:,328.2386942009232,163.14244622486362,+/-167,98.66698843539655,306.7468749377675,304.7930731865715,326.28489244972724,269.62464166504407,326.28489244972724,311.63137931575744,330.19249595211915,332.1462977033151,437.65159226789757,388.80654848799827,347.7767117128829,317.49278456934536,254.97112853107427,333.1231985789131,320.4234871961393,223.71030051193873,358.52262134446073,298.9316679329836,367.3147292248426,305.7699740621695,265.7170381626521,400.5293589951741,313.5851810669534,369.26853097603856,291.11646092819973,306.7468749377675,366.3378283492446,412.25216950234994,313.5851810669534,272.555344291838,395.6448546171842,283.30125392341586,364.38402659804865,394.6679537415862,396.6217554927822,403.46006162196807,351.68431521527486,380.9913414832144,302.83927143537557,334.1000994545111,358.52262134446073,328.2386942009232,307.7237758133655,191.47257161720518,426.90568263631974,332.1462977033151,345.82290996168695,237.38691277031052,333.1231985789131,305.7699740621695,355.5919187176668,370.24543185163657,320.4234871961393,316.51588369374736,345.82290996168695,307.7237758133655,390.7603502391943,328.2386942009232,441.55919577028953,375.1299362296265,287.20885742580776,397.59865636838015,250.08662415308433,318.4696854449433,295.0240644305917,250.08662415308433,392.71415199039023,360.4764230956567,337.03080208130507,290.1395600526017,341.915306459295,362.4302248468527,296.00096530618964,327.2617933253252,322.3772889473353,379.03753973201844,251.0635250286823,321.40038807173727,398.57555724397815,334.1000994545111
B02011,99000000485,Synthetic Census Tract 99000000485,1.0,Total:,671.3097879616662,318.3248858676922,+/-349,193.36640631504514,630.2650319042274,815.4224870077848,644.8587229468723,486.15233285810876,676.782422102658,750.6629830060479,435.9865198990169,599.2534384386068,876.5335682488603,674.0461050321621,720.5634952305927,673.1339993419967,638.4739831157151,668.5734708911702,682.2550562436498,664.0129424403437,563.6813165221599,549.0876254795149,510.7791864925721,597.4292270582763,684.0792676239805,605.638178269764,784.4108935421642,828.1919666700991,700.497170046956,654.8918855386906,724.211917991254,671.3097879616662,579.1871132549701,596.517121368111,509.8670808024068,659.4524139895171,617.4955522419131,570.0660563533171,660.3645196796825,834.5767065012561,705.0576984977826,742.4540317945601,750.6629830060479,532.6697230565395,676.782422102658,529.9334059860436,813.5982756274541,678.6066334829886,596.517121368111,780.762470781503,745.1903488650561,705.0576984977826,583.7476417057967,675.8703164124927,594.6929099877804,648.5071457075335,647.5950400173682,603.8139668894335,724.211917991254,717.8271781600969,728.7724464420805,863.764088586546,733.332974892907,790.7956333733214,787.1472106126602,668.5734708911702,560.0328937614987,481.59180440728227,671.3097879616662,749.7508773158826,570.0660563533171,559.1207880713333,809.0377471766276,583.7476417057967,765.2566740486928,695.0245359059642,799.9166902749745,695.9366415961294,622.9681863829048,680.4308448633193,525.372877535217,489.80075561877004,583.7476417057967,756.1356171470397
B02011,99000000486,Synthetic Census Tract 99000000486,1.0,Total:,71.73501821341681,114.3601739634181,+/-110,69.65574232317284,22.87203479268362,30.149500408537502,28.070224518293536,61.338638762196986,65.49719054268492,81.09175971951466,73.81429410366079,59.25936287195302,95.64669095122242,92.52777711585647,142.43039848171165,94.60705300610044,32.22877629878147,98.76560478658837,123.71691546951595,74.85393204878277,71.73501821341681,129.95474314024784,61.338638762196986,25.99094862804957,23.911672737805606,30.149500408537502,29.109862463415517,65.49719054268492,68.61610437805086,59.25936287195302,56.14044903658707,89.40886328049052,114.3601739634181,90.4485012256125,130.99438108536984,80.05212177439267,38.466603969513365,77.97284588414871,117.47908779878406,58.219724926831034,60.299000817075004,145.5493123170776,66.5368284878069,135.15293286585776,140.35112259146769,119.55836368902803,90.4485012256125,84.21067355488061,74.85393204878277,77.97284588414871,80.05212177439267,81.09175971951466,24.951310682927588,29.109862463415517,18.71348301219569,59.25936287195302,120.59800163415001,79.01248382927069,29.109862463415517,72.7746561585388,65.49719054268492,22.87203479268362,73.81429410366079,125.79619135975992,137.23220875610173,112.28089807317414,113.32053601829612,80.05212177439267,45.74406958536724,88.36922533536854,76.93320793902673,76.93320793902673,29.109862463415517,23.911672737805606,22.87203479268362,68.61610437805086,118.51872574390605,87.32958739024656,28.070224518293536,74.85393204878277,73.81429410366079,25.99094862804957,77.97284588414871,25.99094862804957
B02011,99000000487,Synthetic Census Tract 99000000487,1.0,Total:,899.9823275395441,305.01493109080786,+/-324,185.4566093360776,753.12328664397,951.759553496317,856.6777385575158,848.2051015827711,838.7910604997215,940.4627041966575,930.1072590053029,996.0055465866503,851.970718015991,843.4980810412463,780.4240057848139,876.44722483192,864.2089714239555,817.1387660087074,783.2482181097288,939.5213000883525,1069.4350670344375,1065.6694506012175,920.6932179222533,804.9005126007429,944.2283206298773,703.228868903807,1002.595375344785,957.4079781461468,975.2946562039411,1046.8413684351183,942.3455124132674,818.0801701170124,859.5019508824307,758.7717112937997,829.3770194166719,1002.595375344785,783.2482181097288,972.4704438790262,889.6268823481895,895.2753069980193,839.7324646080265,962.1149986876717,901.865135756154,955.5251699295369,943.2869165215724,849.1465056910762,982.8258890703808,859.5019508824307,858.5605467741258,864.2089714239555,800.1934920592181,800.1934920592181,1139.0989710490046,850.0879097993811,821.8457865502322,1005.4195876696999,977.177464420551,949.8767452797072,946.1111288464873,899.0409234312392,872.6816083987002,836.9082522831117,983.7672931786858,1035.5445191354588,947.9939370630972,732.4123962612608,949.8767452797072,743.7092455609203,811.4903413588777,915.9861973807285,771.9513688100692,908.4549645142888,1039.3101355686786,699.4632524705871,726.763971611431,953.642361712927,952.700957604622,869.8573960737854,1004.478183561395,810.5489372505726,896.2167111063243,860.4433549907357,1016.7164369693595,1005.4195876696999
B02011,99000000488,Synthetic Census Tract 99000000488,1.0,Total:,71.07065921799784,76.83314510053822,+/-80,47.06030137407966,82.59563098307858,32.65408666772874,69.1498305904844,45.1394727465662,60.506101766673844,112.36847470953714,96.04143137567277,72.03107353175457,65.30817333545748,44.17905843280948,68.18941627672767,54.743615884133476,80.67480235556512,58.58527313916039,88.35811686561895,57.62485882540366,62.4269303941873,121.97261784710442,90.2789454931324,59.545687452917115,96.04143137567277,82.59563098307858,72.9914878455113,88.35811686561895,98.92267431694296,59.545687452917115,46.09988706032293,49.94154431534984,73.95190215926803,46.09988706032293,64.34775902170075,127.73510372964478,37.45615823651238,71.07065921799784,88.35811686561895,60.506101766673844,125.81427510213133,47.06030137407966,78.75397372805168,59.545687452917115,90.2789454931324,99.88308863069967,71.07065921799784,116.21013196456406,77.79355941429495,39.37698686402584,42.25822980529602,60.506101766673844,64.34775902170075,63.38734470794403,84.51645961059204,95.08101706191604,34.5749152952422,73.95190215926803,59.545687452917115,75.87273078678149,112.36847470953714,55.704030197890205,91.23935980688913,113.32888902329387,96.04143137567277,39.37698686402584,70.11024490424113,62.4269303941873,43.21864411905275,103.72474588572659,83.55604529683531,53.783201570376754,64.34775902170075,61.46651608043057,74.91231647302476,30.733258040215286,92.19977412064586,68.18941627672767,72.9914878455113,63.38734470794403,54.743615884133476,114.2893033370506,91.23935980688913,109.48723176826695
B02011,99000000489,Synthetic Census Tract 99000000489,1.0,Total:,2.9364754663068586,7.830601243484956,+/-8,4.894125777178098,3.915300621742478,1.957650310871239,3.915300621742478,5.872950932613717,3.915300621742478,0.0,6.851776088049337,1.957650310871239,1.957650310871239,1.957650310871239,6.851776088049337,4.894125777178098,2.9364754663068586,0.9788251554356195,1.957650310871239,0.9788251554356195,1.957650310871239,0.9788251554356195,1.957650310871239,0.9788251554356195,0.9788251554356195,0.0,4.894125777178098,2.9364754663068586,6.851776088049337,1.957650310871239,4.894125777178098,2.9364754663068586,0.9788251554356195,4.894125777178098,4.894125777178098,6.851776088049337,2.9364754663068586,1.957650310871239,5.872950932613717,1.957650310871239,3.915300621742478,0.9788251554356195,0.9788251554356195,0.0,2.9364754663068586,0.0,4.894125777178098,2.9364754663068586,4.894125777178098,3.915300621742478,2.9364754663068586,2.9364754663068586,0.9788251554356195,3.915300621742478,6.851776088049337,11.745901865227435,1.957650310871239,2.9364754663068586,4.894125777178098,0.9788251554356195,4.894125777178098,0.9788251554356195,1.957650310871239,2.9364754663068586,1.957650310871239,0.9788251554356195,6.851776088049337,3.915300621742478,5.872950932613717,4.894125777178098,2.9364754663068586,3.915300621742478,0.9788251554356195,2.9364754663068586,6.851776088049337,2.9364754663068586,1.957650310871239,2.9364754663068586,9.788251554356195,0.9788251554356195,3.915300621742478,0.9788251554356195,0.9788251554356195,1.957650310871239
B02011,99000000490,Synthetic Census Tract 99000000490,1.0,Total:,11.799863119365956,16.716472752435106,+/-17,9.833219266138297,15.733150825821275,13.766506972593616,15.733150825821275,15.733150825821275,21.633082385504252,9.833219266138297,5.899931559682978,6.883253486296808,14.749828899207445,18.683116605662764,13.766506972593616,7.866575412910637,14.749828899207445,6.883253486296808,5.899931559682978,8.849897339524468,11.799863119365956,20.649760458890423,17.699794679048935,6.883253486296808,8.849897339524468,12.783185045979785,17.699794679048935,13.766506972593616,7.866575412910637,16.716472752435106,21.633082385504252,12.783185045979785,7.866575412910637,2.949965779841489,9.833219266138297,16.716472752435106,8.849897339524468,16.716472752435106,17.699794679048935,15.733150825821275,13.766506972593616,6.883253486296808,10.816541192752126,8.849897339524468,10.816541192752126,9.833219266138297,16.716472752435106,16.716472752435106,13.766506972593616,15.733150825821275,18.683116605662764,18.683116605662764,17.699794679048935,9.833219266138297,10.816541192752126,17.699794679048935,14.749828899207445,6.883253486296808,15.733150825821275,11.799863119365956,4.916609633069148,5.899931559682978,5.899931559682978,18.683116605662764,8.849897339524468,13.766506972593616,13.766506972593616,19.666438532276594,10.816541192752126,6.883253486296808,8.849897339524468,7.866575412910637,8.849897339524468,10.816541192752126,7.866575412910637,9.833219266138297,8.849897339524468,18.683116605662764,6.883253486296808,16.716472752435106,19.666438532276594,20.649760458890423,24.58304816534574,18.683116605662764
B02011,99000000491,Synthetic Census Tract 99000000491,1.0,Total:,273.7009710266279,252.9933317713238,+/-281,153.9567962024782,144.95347478712858,456.4683957582248,247.59133892211403,189.0697497223416,388.94348514310275,270.999974602023,361.033188755519,474.47503858892395,163.86044975936275,259.2956567620685,207.97672469457578,277.3022995927677,262.89698532820836,334.0232245094702,167.4617783255026,204.37539612843594,422.2557743798963,218.7807103929953,186.36875329773673,331.32222808486534,243.9900103559742,342.12621378328487,329.5215638017954,311.5149209710962,234.08635679908963,189.97008186387657,231.38536037448475,306.11292812188645,317.8172459618409,220.58137467606522,280.90362815890757,122.44517124875458,329.5215638017954,345.72754234942465,232.2856925160197,318.7175781033759,310.6145888295612,99.93686771038057,261.09632104513844,355.63119590630924,181.86709259006193,328.62123166026043,261.99665318667337,179.16609616545705,379.0398315862182,301.6112674142116,289.90694957425717,368.2358458877987,185.46842115620177,284.5049567250474,233.18602465755467,273.7009710266279,280.0032960173726,386.2424887184979,179.16609616545705,204.37539612843594,360.132856613984,170.16277475010747,216.07971396839042,326.8205673771905,240.38868178983435,323.2192388110507,279.10296387583764,297.10960670653685,187.2690854392717,218.7807103929953,252.09299962978884,297.10960670653685,267.39864603588313,176.46509974085217,324.11957095258566,142.2524783625237,374.5381708785434,335.8238887925401,234.08635679908963,307.9135924049564,321.41857452798075,154.85712834401315,247.59133892211403,304.31226383881653
B02011,99000000492,Synthetic Census Tract 99000000492,1.0,Total:,0.0,12.913797038796353,+/-14,8.301726667797656,0.0,0.0,0.0,0.0,0.0,0.0,0.0,0.0,0.0,0.0,0.0,0.0,0.0,0.0,0.0,0.0,0.0,0.0,0.0,0.0,0.0,0.0,0.0,0.0,0.0,0.0,0.0,0.0,0.0,0.0,0.0,0.0,0.0,0.0,0.0,0.0,0.0,0.0,0.0,0.0,0.0,0.0,0.0,0.0,0.0,0.0,0.0,0.0,0.0,0.0,0.0,0.0,0.0,0.0,0.0,0.0,0.0,0.0,0.0,0.0,0.0,0.0,0.0,0.0,0.0,0.0,0.0,0.0,0.0,0.0,0.0,0.0,0.0,0.0,0.0,0.0,0.0,0.0,0.0,0.0
B02011,99000000493,Synthetic Census Tract 99000000493,1.0,Total:,1.0725529127481757,2.1451058254963513,+/-2,1.0725529127481757,1.0725529127481757,1.0725529127481757,1.0725529127481757,0.0,1.0725529127481757,1.0725529127481757,1.0725529127481757,0.0,0.0,0.0,1.0725529127481757,1.0725529127481757,1.0725529127481757,1.0725529127481757,1.0725529127481757,1.0725529127481757,1.0725529127481757,0.0,1.0725529127481757,1.0725529127481757,1.0725529127481757,1.0725529127481757,1.0725529127481757,1.0725529127481757,1.0725529127481757,1.0725529127481757,0.0,1.0725529127481757,1.0725529127481757,2.1451058254963513,1.0725529127481757,1.0725529127481757,1.0725529127481757,0.0,1.0725529127481757,0.0,1.0725529127481757,1.0725529127481757,0.0,1.0725529127481757,0.0,1.0725529127481757,0.0,1.0725529127481757,1.0725529127481757,0.0,1.0725529127481757,1.0725529127481757,0.0,1.0725529127481757,1.0725529127481757,1.0725529127481757,0.0,1.0725529127481757,0.0,1.0725529127481757,0.0,0.0,1.0725529127481757,0.0,1.0725529127481757,0.0,1.0725529127481757,1.0725529127481757,1.0725529127481757,1.0725529127481757,0.0,1.0725529127481757,1.0725529127481757,1.0725529127481757,1.0725529127481757,1.0725529127481757,1.0725529127481757,1.0725529127481757,1.0725529127481757,0.0,1.0725529127481757,1.0725529127481757,0.0,1.0725529127481757
B02011,99000000494,Synthetic Census Tract 99000000494,1.0,Total:,162.0443902504287,159.34365041292156,+/-177,96.32638753775484,119.73279946281677,149.44093767539536,117.932306237812,212.45820055056208,190.8522818505049,190.8522818505049,117.03205962530961,261.0715176256907,104.42860705027627,177.3485826629692,212.45820055056208,153.04192412540488,174.64784282546205,219.66017345058114,139.53822493786916,129.63551220034296,158.4434038004192,194.45326830051445,84.62318157522388,253.86954472567163,170.14660976295013,180.9495691129787,162.94463686293108,137.7377317128644,194.45326830051445,106.22910027528104,152.1416775129025,145.83995122538585,122.43353930032391,144.03945800038107,157.5431571879168,270.0739837507145,158.4434038004192,94.52589431275008,104.42860705027627,268.27349052570975,134.13674526285487,184.55055556298825,180.9495691129787,104.42860705027627,101.72786721276913,75.62071545020007,99.02712737526198,206.1564742630454,190.8522818505049,173.74759621295968,116.13181301280724,174.64784282546205,198.05425475052397,171.04685637545253,265.5727506882026,174.64784282546205,184.55055556298825,291.6799024507717,204.35598103804065,148.540691062893,129.63551220034296,200.7549945880311,121.53329268782153,272.77472358822166,165.64537670043822,140.43847155037153,171.9471029879549,192.65277507550968,208.85721410055254,100.82762060026675,109.83008672529057,138.6379783253668,135.03699187535724,83.7229349627215,145.83995122538585,171.9471029879549,229.56288618810734,168.34611653794536,130.53575881284536,216.0591870005716,113.4310731753001,149.44093767539536,174.64784282546205,159.34365041292156
B02011,99000000495,Synthetic Census Tract 99000000495,1.0,Total:,34.05553801952755,53.08657397161648,+/-53,32.052271077202406,51.08330702929133,47.07677314464103,35.05717149069013,10.016334711625753,33.05390454836498,37.06043843301528,35.05717149069013,67.10944256789254,26.042470250226955,34.05553801952755,47.07677314464103,25.040836779064378,33.05390454836498,42.06860578882816,53.08657397161648,18.029402480926354,14.022868596276052,11.017968182788326,7.011434298138026,40.06533884650301,10.016334711625753,32.052271077202406,30.049004134877254,39.06370537534043,10.016334711625753,40.06533884650301,28.045737192552103,11.017968182788326,33.05390454836498,30.049004134877254,14.022868596276052,30.049004134877254,29.04737066371468,40.06533884650301,10.016334711625753,56.091474385104206,47.07677314464103,48.07840661580361,64.10454215440481,20.032669423251505,14.022868596276052,29.04737066371468,35.05717149069013,75.12251033719313,10.016334711625753,32.052271077202406,36.05880496185271,13.021235125113478,35.05717149069013,31.05063760603983,12.019601653950902,35.05717149069013,29.04737066371468,32.052271077202406,14.022868596276052,50.081673558128756,43.070239259990736,66.10780909672997,55.089840913941636,29.04737066371468,47.07677314464103,33.05390454836498,25.040836779064378,11.017968182788326,70.11434298138026,29.04737066371468,25.040836779064378,55.089840913941636,37.06043843301528,41.06697231766558,52.08494050045391,30.049004134877254,37.06043843301528,24.039203307901804,46.07513967347846,10.016334711625753,17.027769009763777,17.027769009763777,9.014701240463177,45.07350620231588
B02011,99000000496,Synthetic Census Tract 99000000496,1.0,Total:,144.69555818870904,121.74384895877589,+/-122,73.84462969630668,236.50239510844168,135.71445457699608,111.76484494576147,148.68715979391482,212.55278547720707,204.56958226679555,177.62627143165662,162.65776541213498,190.59897664857536,165.6514666160393,155.67246260302488,111.76484494576147,169.64306822124507,137.71025537959895,106.77534293925426,191.5968770498768,148.68715979391482,139.70605618220182,180.61997263556094,143.6976577874076,115.75644655096723,109.76904414315858,180.61997263556094,93.80263772233552,54.88452207157929,105.77744253795281,130.72495257048885,138.7081557809004,100.7879405314456,176.62837103035517,168.64516781994365,205.56748266809697,157.66826340562778,124.73755016268021,194.59057825378113,151.68086099781914,183.61367383946526,119.748048156173,143.6976577874076,122.74174936007732,152.67876139912056,125.73545056398164,92.80473732103407,131.7228529717903,137.71025537959895,181.6178730368624,136.7123549782975,123.73964976137876,121.74384895877589,128.72915176788598,206.56538306939842,118.75014775487155,138.7081557809004,134.71655417569463,103.78164173534994,216.54438708241284,169.64306822124507,100.7879405314456,166.64936701734075,137.71025537959895,185.60947464206814,105.77744253795281,183.61367383946526,135.71445457699608,123.73964976137876,143.6976577874076,117.75224735357011,195.58847865508255,153.676661800422,192.59477745117823,148.68715979391482,246.4813991214561,189.6010762472739,96.79633892623984,184.6115742407667,132.72075337309172,186.6073750433696,150.6829605965177,169.64306822124507,91.80683691973263
B02011,99000000497,Synthetic Census Tract 99000000497,1.0,Total:,109.22792803884042,93.76202672360638,+/-97,57.03051109992553,120.82735402526595,128.560304682883,109.22792803884042,66.6966994219468,122.7605916896702,105.36145271003191,92.79540789140425,118.8941163608617,111.16116570324468,115.02764103205318,86.99569489819149,109.22792803884042,121.79397285746808,90.862170227,87.96231373039362,141.12634950151065,88.92893256259575,83.12921956938298,142.09296833371278,100.52835854902128,115.02764103205318,174.9580086285851,158.52548848114893,60.89698642873404,117.92749752865957,101.4949773812234,151.75915665573405,67.66331825414893,133.3933988438936,94.72864555580851,42.531228616893614,104.39483387782978,76.36288774396809,106.32807154223404,118.8941163608617,87.96231373039362,96.66188322021276,101.4949773812234,150.79253782353192,118.8941163608617,95.69526438801064,129.52692351508512,156.59225081674467,92.79540789140425,108.26130920663829,82.16260073718085,169.15829563537233,57.03051109992553,86.02907606598936,143.05958716591488,95.69526438801064,118.8941163608617,126.62706701847873,100.52835854902128,110.19454687104255,80.2293630727766,109.22792803884042,85.06245723378723,107.29469037443617,89.89555139479786,151.75915665573405,149.8259189913298,147.89268132692553,66.6966994219468,68.62993708635106,111.16116570324468,139.1931118371064,103.42821504562765,86.02907606598936,135.32663650829787,93.76202672360638,129.52692351508512,134.36001767609574,49.29756044230851,122.7605916896702,112.1277845354468,136.2932553405,50.26417927451064,139.1931118371064,123.72721052187234
B02011,99000000498,Synthetic Census Tract 99000000498,1.0,Total:,113.42052146336835,92.70894797875326,+/-94,56.21712802966953,86.79135555457752,89.75015176666538,104.54413282710473,137.0908911600713,65.09351666593314,102.57160201904615,79.88749772637249,76.92870151428461,129.20076792783698,104.54413282710473,105.53039823113403,89.75015176666538,104.54413282710473,118.3518484835148,77.91496691831391,92.70894797875326,141.03595277618845,144.98101439230564,110.46172525128048,145.9672797963349,143.00848358424705,163.72005706886213,78.90123232234319,114.40678686739764,101.58533661501687,139.0634219681299,115.39305227142692,133.14582954395414,129.20076792783698,111.44799065530977,178.5140381293015,141.03595277618845,127.22823711977841,140.04968737215918,162.73379166483284,71.99737449413817,116.37931767545622,156.8161992406571,95.66774419084113,106.51666363516331,106.51666363516331,114.40678686739764,57.20339343369882,115.39305227142692,82.84629393846036,117.3655830794855,82.84629393846036,112.43425605933906,122.29691009963196,106.51666363516331,160.76126085677427,120.32437929157338,81.86002853443107,113.42052146336835,123.28317550366124,41.42314696923018,100.59907121098757,127.22823711977841,80.87376313040178,86.79135555457752,106.51666363516331,130.18703333186627,108.48919444322189,163.72005706886213,76.92870151428461,121.31064469560266,119.33811388754408,105.53039823113403,143.99474898827634,125.25570631171982,141.03595277618845,118.3518484835148,139.0634219681299,145.9672797963349,120.32437929157338,132.15956413992487,160.76126085677427,184.43163055347722,139.0634219681299,84.81882474651894
B02011,99000000499,Synthetic Census Tract 99000000499,1.0,Total:,220.72829154861122,176.3714099933879,+/-167,106.66773897803701,230.2333375961591,156.3052016707869,190.10092095095703,160.52966658080817,321.05933316161634,266.14128933133986,206.9987805910421,141.51957448571247,262.9729406488239,179.53975867590387,270.3657542413611,241.85061609871755,261.9168244213186,166.86636394584008,267.19740555884516,299.93700861151,239.73838364370692,237.6261511886963,249.2434296912548,245.0189647812335,206.9987805910421,190.10092095095703,226.0088726861378,113.0044363430689,172.14694508336666,163.69801526332412,184.82033981343045,221.78440777611655,249.2434296912548,171.09082885586133,184.82033981343045,358.02340112430244,241.85061609871755,170.034712628356,355.9111686692918,216.50382663858997,240.79449987121225,237.6261511886963,226.0088726861378,201.71819945351552,196.43761831598894,171.09082885586133,147.85627185074435,189.0448047234517,284.09526519893024,249.2434296912548,184.82033981343045,163.69801526332412,335.84496034669075,202.77431568102082,271.4218704688664,222.84052400362185,227.06498891364313,229.17722136865376,253.46789460127604,281.9830327439196,239.73838364370692,238.6822674162016,230.2333375961591,210.16712927355806,164.75413149082942,147.85627185074435,209.11101304605273,110.89220388805828,240.79449987121225,199.6059669985049,148.91238807824968,232.34557005116972,222.84052400362185,198.54985077099957,256.636243283792,336.90107657419605,215.44771041108464,146.80015562323905,313.6665195690791,236.57003496119097,274.59021915138237,337.9571928017014,211.22324550106336,191.15703717846236
B02011,99000000500,Synthetic Census Tract 99000000500,1.0,Total:,264.92370382826186,237.14944455594406,+/-222,144.21250006780383,338.63231497402825,308.72157421922446,335.42759275029925,205.10222231865433,238.21768529718705,197.62453712995338,118.57472227797203,90.80046300565427,148.48546303277578,379.2254631412619,200.82925935368237,238.21768529718705,192.28333342373844,409.13620389606564,290.56148161809364,115.37000005424306,263.85546308701885,293.76620384182263,412.34092611979463,321.5404631141404,240.35416677967305,239.28592603843003,256.3777778983179,267.06018531074784,263.85546308701885,277.7425927231777,190.14685194125244,191.21509268249545,123.91592598418698,299.10740754803754,253.17305567458894,278.81083346442074,283.0837964293927,276.67435198193476,384.5666668474769,241.42240752091604,216.85287047232723,400.59027796612173,268.1284260519908,201.89750009492536,208.3069445423833,223.26231491978518,355.7241668339161,190.14685194125244,204.03398157741134,182.66916675255152,267.06018531074784,221.1258334372992,175.19148156385057,337.56407423278523,279.8790742056637,238.21768529718705,244.627129744645,230.74000010848613,155.96314822147673,69.43564818079443,268.1284260519908,223.26231491978518,298.0391668067946,301.2438890305235,315.13101866668245,240.35416677967305,306.5850927367385,288.42500013560766,319.4039816316544,267.06018531074784,173.0550000813646,345.0417594214862,175.19148156385057,270.2649075344768,296.97092606555157,283.0837964293927,267.06018531074784,354.6559260926731,308.72157421922446,268.1284260519908,226.46703714351415,351.4512038689441,349.31472238645813,222.1940741785422
