TBLID,GEOID,NAME,ORDER,TITLE,ESTIMATE,MOE,CME,SE,Var_Rep1,Var_Rep2,Var_Rep3,Var_Rep4,Var_Rep5,Var_Rep6,Var_Rep7,Var_Rep8,Var_Rep9,Var_Rep10,Var_Rep11,Var_Rep12,Var_Rep13,Var_Rep14,Var_Rep15,Var_Rep16,Var_Rep17,Var_Rep18,Var_Rep19,Var_Rep20,Var_Rep21,Var_Rep22,Var_Rep23,Var_Rep24,Var_Rep25,Var_Rep26,Var_Rep27,Var_Rep28,Var_Rep29,Var_Rep30,Var_Rep31,Var_Rep32,Var_Rep33,Var_Rep34,Var_Rep35,Var_Rep36,Var_Rep37,Var_Rep38,Var_Rep39,Var_Rep40,Var_Rep41,Var_Rep42,Var_Rep43,Var_Rep44,Var_Rep45,Var_Rep46,Var_Rep47,Var_Rep48,Var_Rep49,Var_Rep50,Var_Rep51,Var_Rep52,Var_Rep53,Var_Rep54,Var_Rep55,Var_Rep56,Var_Rep57,Var_Rep58,Var_Rep59,Var_Rep60,Var_Rep61,Var_Rep62,Var_Rep63,Var_Rep64,Var_Rep65,Var_Rep66,Var_Rep67,Var_Rep68,Var_Rep69,Var_Rep70,Var_Rep71,Var_Rep72,Var_Rep73,Var_Rep74,Var_Rep75,Var_Rep76,Var_Rep77,Var_Rep78,Var_Rep79,Var_Rep80
B02012,99000000001,Synthetic Census Tract 99000000001,1.0,Total:,0.0,20.6077241023199,+/-20,12.364634461391939,0.0,0.0,0.0,0.0,0.0,0.0,0.0,0.0,0.0,0.0,0.0,0.0,0.0,0.0,0.0,0.0,0.0,0.0,0.0,0.0,0.0,0.0,0.0,0.0,0.0,0.0,0.0,0.0,0.0,0.0,0.0,0.0,0.0,0.0,0.0,0.0,0.0,0.0,0.0,0.0,0.0,0.0,0.0,0.0,0.0,0.0,0.0,0.0,0.0,0.0,0.0,0.0,0.0,0.0,0.0,0.0,0.0,0.0,0.0,0.0,0.0,0.0,0.0,0.0,0.0,0.0,0.0,0.0,0.0,0.0,0.0,0.0,0.0,0.0,0.0,0.0,0.0,0.0,0.0,0.0
B02012,99000000002,Synthetic Census Tract 99000000002,1.0,Total:,0.0,15.02897376890651,+/-14,9.661483137154185,0.0,0.0,0.0,0.0,0.0,0.0,0.0,0.0,0.0,0.0,0.0,0.0,0.0,0.0,0.0,0.0,0.0,0.0,0.0,0.0,0.0,0.0,0.0,0.0,0.0,0.0,0.0,0.0,0.0,0.0,0.0,0.0,0.0,0.0,0.0,0.0,0.0,0.0,0.0,0.0,0.0,0.0,0.0,0.0,0.0,0.0,0.0,0.0,0.0,0.0,0.0,0.0,0.0,0.0,0.0,0.0,0.0,0.0,0.0,0.0,0.0,0.0,0.0,0.0,0.0,0.0,0.0,0.0,0.0,0.0,0.0,0.0,0.0,0.0,0.0,0.0,0.0,0.0,0.0,0.0
B02012,99000000003,Synthetic Census Tract 99000000003,1.0,Total:,0.0,13.870911269813641,+/-14,8.917014387737341,0.0,0.0,0.0,0.0,0.0,0.0,0.0,0.0,0.0,0.0,0.0,0.0,0.0,0.0,0.0,0.0,0.0,0.0,0.0,0.0,0.0,0.0,0.0,0.0,0.0,0.0,0.0,0.0,0.0,0.0,0.0,0.0,0.0,0.0,0.0,0.0,0.0,0.0,0.0,0.0,0.0,0.0,0.0,0.0,0.0,0.0,0.0,0.0,0.0,0.0,0.0,0.0,0.0,0.0,0.0,0.0,0.0,0.0,0.0,0.0,0.0,0.0,0.0,0.0,0.0,0.0,0.0,0.0,0.0,0.0,0.0,0.0,0.0,0.0,0.0,0.0,0.0,0.0,0.0,0.0
B02012,99000000004,Synthetic Census Tract 99000000004,1.0,Total:,0.0,13.293950776263802,+/-14,8.546111213312445,0.0,0.0,0.0,0.0,0.0,0.0,0.0,0.0,0.0,0.0,0.0,0.0,0.0,0.0,0.0,0.0,0.0,0.0,0.0,0.0,0.0,0.0,0.0,0.0,0.0,0.0,0.0,0.0,0.0,0.0,0.0,0.0,0.0,0.0,0.0,0.0,0.0,0.0,0.0,0.0,0.0,0.0,0.0,0.0,0.0,0.0,0.0,0.0,0.0,0.0,0.0,0.0,0.0,0.0,0.0,0.0,0.0,0.0,0.0,0.0,0.0,0.0,0.0,0.0,0.0,0.0,0.0,0.0,0.0,0.0,0.0,0.0,0.0,0.0,0.0,0.0,0.0,0.0,0.0,0.0
B02012,99000000005,Synthetic Census Tract 99000000005,1.0,Total:,0.0,13.262654616393228,+/-14,8.525992253395646,0.0,0.0,0.0,0.0,0.0,0.0,0.0,0.0,0.0,0.0,0.0,0.0,0.0,0.0,0.0,0.0,0.0,0.0,0.0,0.0,0.0,0.0,0.0,0.0,0.0,0.0,0.0,0.0,0.0,0.0,0.0,0.0,0.0,0.0,0.0,0.0,0.0,0.0,0.0,0.0,0.0,0.0,0.0,0.0,0.0,0.0,0.0,0.0,0.0,0.0,0.0,0.0,0.0,0.0,0.0,0.0,0.0,0.0,0.0,0.0,0.0,0.0,0.0,0.0,0.0,0.0,0.0,0.0,0.0,0.0,0.0,0.0,0.0,0.0,0.0,0.0,0.0,0.0,0.0,0.0
B02012,99000000006,Synthetic Census Tract 99000000006,1.0,Total:,0.0,14.688839984681653,+/-14,9.442825704438205,0.0,0.0,0.0,0.0,0.0,0.0,0.0,0.0,0.0,0.0,0.0,0.0,0.0,0.0,0.0,0.0,0.0,0.0,0.0,0.0,0.0,0.0,0.0,0.0,0.0,0.0,0.0,0.0,0.0,0.0,0.0,0.0,0.0,0.0,0.0,0.0,0.0,0.0,0.0,0.0,0.0,0.0,0.0,0.0,0.0,0.0,0.0,0.0,0.0,0.0,0.0,0.0,0.0,0.0,0.0,0.0,0.0,0.0,0.0,0.0,0.0,0.0,0.0,0.0,0.0,0.0,0.0,0.0,0.0,0.0,0.0,0.0,0.0,0.0,0.0,0.0,0.0,0.0,0.0,0.0
B02012,99000000007,Synthetic Census Tract 99000000007,1.0,Total:,0.0,14.886392537586952,+/-14,9.56982377416304,0.0,0.0,0.0,0.0,0.0,0.0,0.0,0.0,0.0,0.0,0.0,0.0,0.0,0.0,0.0,0.0,0.0,0.0,0.0,0.0,0.0,0.0,0.0,0.0,0.0,0.0,0.0,0.0,0.0,0.0,0.0,0.0,0.0,0.0,0.0,0.0,0.0,0.0,0.0,0.0,0.0,0.0,0.0,0.0,0.0,0.0,0.0,0.0,0.0,0.0,0.0,0.0,0.0,0.0,0.0,0.0,0.0,0.0,0.0,0.0,0.0,0.0,0.0,0.0,0.0,0.0,0.0,0.0,0.0,0.0,0.0,0.0,0.0,0.0,0.0,0.0,0.0,0.0,0.0,0.0
B02012,99000000008,Synthetic Census Tract 99000000008,1.0,Total:,0.0,12.894778623591549,+/-14,8.289500543737425,0.0,0.0,0.0,0.0,0.0,0.0,0.0,0.0,0.0,0.0,0.0,0.0,0.0,0.0,0.0,0.0,0.0,0.0,0.0,0.0,0.0,0.0,0.0,0.0,0.0,0.0,0.0,0.0,0.0,0.0,0.0,0.0,0.0,0.0,0.0,0.0,0.0,0.0,0.0,0.0,0.0,0.0,0.0,0.0,0.0,0.0,0.0,0.0,0.0,0.0,0.0,0.0,0.0,0.0,0.0,0.0,0.0,0.0,0.0,0.0,0.0,0.0,0.0,0.0,0.0,0.0,0.0,0.0,0.0,0.0,0.0,0.0,0.0,0.0,0.0,0.0,0.0,0.0,0.0,0.0
B02012,99000000009,Synthetic Census Tract 99000000009,1.0,Total:,32.87922377007729,44.75227679816075,+/-49,27.39935314173107,20.092858970602784,23.74610605616693,16.439611885038644,35.61915908425039,35.61915908425039,42.01234148398764,57.53864159763525,28.312664913122106,43.83896502676971,36.53247085564143,33.79253554146832,55.712018054853175,41.099029712596604,15.526300113647608,47.49221211233386,50.23214742650696,20.092858970602784,29.225976684513142,33.79253554146832,47.49221211233386,49.318835655115926,42.01234148398764,50.23214742650696,26.486041370340036,44.75227679816075,30.13928845590418,9.133117713910357,39.27240616981454,23.74610605616693,34.705847312859355,31.96591199868625,12.7863647994745,31.96591199868625,41.099029712596604,11.873053028083465,15.526300113647608,45.66558856955179,36.53247085564143,47.49221211233386,60.27857691180836,61.191888683199394,21.919482513384857,48.40552388372489,51.145459197898,24.659417827557963,35.61915908425039,22.832794284775893,31.96591199868625,10.046429485301392,35.61915908425039,27.39935314173107,20.092858970602784,41.099029712596604,50.23214742650696,23.74610605616693,17.352923656429677,57.53864159763525,34.705847312859355,31.052600227295216,10.959741256692428,18.266235427820714,33.79253554146832,14.612988342256571,35.61915908425039,42.92565325537868,26.486041370340036,39.27240616981454,42.92565325537868,63.9318239973725,31.96591199868625,27.39935314173107,47.49221211233386,25.572729598949,14.612988342256571,42.92565325537868,52.058770969289036,19.17954719921175,34.705847312859355,48.40552388372489,27.39935314173107
B02012,99000000010,Synthetic Census Tract 99000000010,1.0,Total:,0.0,20.37773465502581,+/-20,12.226640793015486,0.0,0.0,0.0,0.0,0.0,0.0,0.0,0.0,0.0,0.0,0.0,0.0,0.0,0.0,0.0,0.0,0.0,0.0,0.0,0.0,0.0,0.0,0.0,0.0,0.0,0.0,0.0,0.0,0.0,0.0,0.0,0.0,0.0,0.0,0.0,0.0,0.0,0.0,0.0,0.0,0.0,0.0,0.0,0.0,0.0,0.0,0.0,0.0,0.0,0.0,0.0,0.0,0.0,0.0,0.0,0.0,0.0,0.0,0.0,0.0,0.0,0.0,0.0,0.0,0.0,0.0,0.0,0.0,0.0,0.0,0.0,0.0,0.0,0.0,0.0,0.0,0.0,0.0,0.0,0.0
B02012,99000000011,Synthetic Census Tract 99000000011,1.0,Total:,0.0,13.009285083739556,+/-14,8.363111839546857,0.0,0.0,0.0,0.0,0.0,0.0,0.0,0.0,0.0,0.0,0.0,0.0,0.0,0.0,0.0,0.0,0.0,0.0,0.0,0.0,0.0,0.0,0.0,0.0,0.0,0.0,0.0,0.0,0.0,0.0,0.0,0.0,0.0,0.0,0.0,0.0,0.0,0.0,0.0,0.0,0.0,0.0,0.0,0.0,0.0,0.0,0.0,0.0,0.0,0.0,0.0,0.0,0.0,0.0,0.0,0.0,0.0,0.0,0.0,0.0,0.0,0.0,0.0,0.0,0.0,0.0,0.0,0.0,0.0,0.0,0.0,0.0,0.0,0.0,0.0,0.0,0.0,0.0,0.0,0.0
B02012,99000000012,Synthetic Census Tract 99000000012,1.0,Total:,0.0,21.298656761825367,+/-20,12.779194057095221,0.0,0.0,0.0,0.0,0.0,0.0,0.0,0.0,0.0,0.0,0.0,0.0,0.0,0.0,0.0,0.0,0.0,0.0,0.0,0.0,0.0,0.0,0.0,0.0,0.0,0.0,0.0,0.0,0.0,0.0,0.0,0.0,0.0,0.0,0.0,0.0,0.0,0.0,0.0,0.0,0.0,0.0,0.0,0.0,0.0,0.0,0.0,0.0,0.0,0.0,0.0,0.0,0.0,0.0,0.0,0.0,0.0,0.0,0.0,0.0,0.0,0.0,0.0,0.0,0.0,0.0,0.0,0.0,0.0,0.0,0.0,0.0,0.0,0.0,0.0,0.0,0.0,0.0,0.0,0.0
B02012,99000000013,Synthetic Census Tract 99000000013,1.0,Total:,96.2066934784815,112.56183136982335,+/-117,68.30675236972186,75.04122091321557,93.32049267412705,173.1720482612667,113.52389830460817,173.1720482612667,60.61021689144334,104.86529589154483,100.05496121762076,155.85484343514003,139.49970554379817,76.9653547827852,93.32049267412705,109.67563056546891,72.15502010886112,54.837815282734454,68.30675236972186,137.57557167422854,74.07915397843075,87.54809106541816,143.34797328293743,94.28255960891187,110.63769750025372,47.141279804455934,73.11708704364594,29.824074978329264,127.95490232638039,78.88948865235483,41.368878195747044,66.38261850015223,114.48596523939298,119.29629991331706,89.47222493498779,61.57228382622816,110.63769750025372,105.82736282632965,113.52389830460817,51.95161447838001,92.35842573934224,106.78942976111446,33.672342717468524,57.7240160870889,61.57228382622816,97.16876041326631,130.84110313073484,116.41009910896261,54.837815282734454,74.07915397843075,124.10663458724113,127.95490232638039,96.2066934784815,63.49641769579779,82.73775639149409,120.25836684810187,76.9653547827852,71.19295317407631,66.38261850015223,101.97909508719039,95.24462654369668,61.57228382622816,177.02031600040596,115.4480321741778,110.63769750025372,66.38261850015223,64.4584846305826,40.40681126096223,152.00657569600077,84.66189026106372,65.42055156536742,48.10334673924075,130.84110313073484,124.10663458724113,120.25836684810187,114.48596523939298,148.1583079568615,137.57557167422854,114.48596523939298,56.761949152304084,139.49970554379817,86.58602413063335,50.02748060881038
B02012,99000000014,Synthetic Census Tract 99000000014,1.0,Total:,105.88028007174206,120.74067025724972,+/-130,73.37317654094406,154.17654817464194,191.3275236384111,117.02557271087281,52.94014003587103,98.45008497898823,54.79768880905949,188.5412004786284,62.227883901813314,66.87175583478447,38.07974985036337,130.028414123192,104.95150568514784,101.23640813877093,99.37885936558246,104.95150568514784,149.5326762416708,150.46145062826503,65.94298144819024,148.60390185507657,127.24209096340932,104.95150568514784,82.66092040688635,95.66376181920555,49.225042489494115,117.02557271087281,81.73214602029212,116.09679832427858,103.09395691195938,64.08543267500177,87.30479233985749,88.23356672645171,66.87175583478447,82.66092040688635,99.37885936558246,94.73498743261132,144.88880430869966,151.39022501485925,45.509944943117205,130.95718850978625,130.95718850978625,79.87459724710367,127.24209096340932,95.66376181920555,63.15665828840755,112.38170077790166,77.08827408732097,121.66944464384395,105.88028007174206,42.723621783334515,58.512786355436404,102.16518252536515,69.65807899456715,105.88028007174206,116.09679832427858,104.95150568514784,140.24493237572852,80.80337163369789,86.37601795326326,110.5241520047132,156.03409694783042,104.95150568514784,152.31899940145348,141.17370676232275,48.29626810289989,147.67512746848234,39.008524236957605,129.09963973659777,122.59821903043817,60.37033512862486,53.86891442246526,117.95434709746704,188.5412004786284,139.3161579891343,123.5269934170324,61.29910951521909,122.59821903043817,111.45292639130743,52.011365649276804,158.8204201076131,125.38454219022087
B02012,99000000015,Synthetic Census Tract 99000000015,1.0,Total:,0.0,15.178717322964863,+/-14,9.757746850477412,0.0,0.0,0.0,0.0,0.0,0.0,0.0,0.0,0.0,0.0,0.0,0.0,0.0,0.0,0.0,0.0,0.0,0.0,0.0,0.0,0.0,0.0,0.0,0.0,0.0,0.0,0.0,0.0,0.0,0.0,0.0,0.0,0.0,0.0,0.0,0.0,0.0,0.0,0.0,0.0,0.0,0.0,0.0,0.0,0.0,0.0,0.0,0.0,0.0,0.0,0.0,0.0,0.0,0.0,0.0,0.0,0.0,0.0,0.0,0.0,0.0,0.0,0.0,0.0,0.0,0.0,0.0,0.0,0.0,0.0,0.0,0.0,0.0,0.0,0.0,0.0,0.0,0.0,0.0,0.0
B02012,99000000016,Synthetic Census Tract 99000000016,1.0,Total:,39.19046647097634,54.120167983729225,+/-58,32.658722059146946,20.528339580035226,14.92970151275289,14.92970151275289,66.25055046284095,36.39114743733517,71.84918853012329,15.862807857299947,63.45123142919979,50.38774260554101,34.52493474824106,57.85259336191745,23.32765861367639,36.39114743733517,59.71880605101156,39.19046647097634,39.19046647097634,40.123572815523396,74.64850756376445,9.331063445470557,56.91948701737039,29.85940302550578,22.394552269129335,43.85599819371161,34.52493474824106,77.44782659740562,19.59523323548817,29.85940302550578,32.658722059146946,19.59523323548817,23.32765861367639,38.25736012642928,65.31744411829389,53.187061639182176,29.85940302550578,12.130382479111724,45.722210882805726,17.729020546394057,40.123572815523396,33.591828403694,35.458041092788115,41.9897855046175,49.45463626099395,56.91948701737039,25.193871302770503,34.52493474824106,52.25395529463512,40.123572815523396,13.06348882365878,40.123572815523396,37.32425378188223,14.92970151275289,49.45463626099395,41.05667916007045,15.862807857299947,51.32084895008806,37.32425378188223,27.060083991864612,27.060083991864612,40.123572815523396,11.197276134564667,40.123572815523396,33.591828403694,53.187061639182176,36.39114743733517,19.59523323548817,50.38774260554101,32.658722059146946,45.722210882805726,55.98638067282334,60.65191239555862,35.458041092788115,18.662126890941114,14.92970151275289,41.9897855046175,53.187061639182176,14.92970151275289,70.91608218557623,37.32425378188223,47.58842357189984,47.58842357189984
B02012,99000000017,Synthetic Census Tract 99000000017,1.0,Total:,36.363872625768316,63.15830508686076,+/-66,38.277760658703485,40.19164869163866,44.976368773976596,8.612496148208285,33.49304057636555,56.45969697158765,14.354160247013809,13.39721623054622,44.019424757509015,44.976368773976596,12.440272214078634,61.24441705392558,31.57915254343038,95.69440164675872,34.44998459283314,28.708320494027618,42.10553672457384,10.52638418114346,49.76108885631454,13.39721623054622,11.483328197611046,39.23470467517107,42.10553672457384,55.50275295512006,39.23470467517107,8.612496148208285,57.416640988055235,48.80414483984695,13.39721623054622,49.76108885631454,37.320816642235904,9.569440164675871,26.79443246109244,16.26804827994898,37.320816642235904,41.14859270810625,40.19164869163866,59.330529020990404,44.976368773976596,71.77080123506904,16.26804827994898,47.84720082337936,21.05276836228692,63.15830508686076,42.10553672457384,12.440272214078634,65.07219311979593,67.94302516919869,13.39721623054622,30.62220852696279,41.14859270810625,11.483328197611046,44.976368773976596,11.483328197611046,28.708320494027618,57.416640988055235,43.062480741041426,67.94302516919869,24.88054442815727,46.89025680691177,56.45969697158765,36.363872625768316,34.44998459283314,16.26804827994898,30.62220852696279,58.373585004522816,12.440272214078634,16.26804827994898,64.11524910332834,20.09582434581933,26.79443246109244,60.28747303745799,44.019424757509015,62.20136107039317,30.62220852696279,48.80414483984695,36.363872625768316,9.569440164675871,32.53609655989796,13.39721623054622,61.24441705392558
B02012,99000000018,Synthetic Census Tract 99000000018,1.0,Total:,0.0,13.030117506537765,+/-14,8.376504111345707,0.0,0.0,0.0,0.0,0.0,0.0,0.0,0.0,0.0,0.0,0.0,0.0,0.0,0.0,0.0,0.0,0.0,0.0,0.0,0.0,0.0,0.0,0.0,0.0,0.0,0.0,0.0,0.0,0.0,0.0,0.0,0.0,0.0,0.0,0.0,0.0,0.0,0.0,0.0,0.0,0.0,0.0,0.0,0.0,0.0,0.0,0.0,0.0,0.0,0.0,0.0,0.0,0.0,0.0,0.0,0.0,0.0,0.0,0.0,0.0,0.0,0.0,0.0,0.0,0.0,0.0,0.0,0.0,0.0,0.0,0.0,0.0,0.0,0.0,0.0,0.0,0.0,0.0,0.0,0.0
B02012,99000000019,Synthetic Census Tract 99000000019,1.0,Total:,0.0,12.923372178262994,+/-14,8.30788211459764,0.0,0.0,0.0,0.0,0.0,0.0,0.0,0.0,0.0,0.0,0.0,0.0,0.0,0.0,0.0,0.0,0.0,0.0,0.0,0.0,0.0,0.0,0.0,0.0,0.0,0.0,0.0,0.0,0.0,0.0,0.0,0.0,0.0,0.0,0.0,0.0,0.0,0.0,0.0,0.0,0.0,0.0,0.0,0.0,0.0,0.0,0.0,0.0,0.0,0.0,0.0,0.0,0.0,0.0,0.0,0.0,0.0,0.0,0.0,0.0,0.0,0.0,0.0,0.0,0.0,0.0,0.0,0.0,0.0,0.0,0.0,0.0,0.0,0.0,0.0,0.0,0.0,0.0,0.0,0.0
B02012,99000000020,Synthetic Census Tract 99000000020,1.0,Total:,0.0,18.08459206534576,+/-20,10.850755239207457,0.0,0.0,0.0,0.0,0.0,0.0,0.0,0.0,0.0,0.0,0.0,0.0,0.0,0.0,0.0,0.0,0.0,0.0,0.0,0.0,0.0,0.0,0.0,0.0,0.0,0.0,0.0,0.0,0.0,0.0,0.0,0.0,0.0,0.0,0.0,0.0,0.0,0.0,0.0,0.0,0.0,0.0,0.0,0.0,0.0,0.0,0.0,0.0,0.0,0.0,0.0,0.0,0.0,0.0,0.0,0.0,0.0,0.0,0.0,0.0,0.0,0.0,0.0,0.0,0.0,0.0,0.0,0.0,0.0,0.0,0.0,0.0,0.0,0.0,0.0,0.0,0.0,0.0,0.0,0.0
B02012,99000000021,Synthetic Census Tract 99000000021,1.0,Total:,13.66618622749278,18.221581636657042,+/-20,10.932948981994224,4.555395409164261,4.555395409164261,5.466474490997112,12.755107145659927,4.555395409164261,14.577265309325632,7.288632654662816,15.488344391158485,13.66618622749278,11.844028063827077,11.844028063827077,6.377553572829964,4.555395409164261,12.755107145659927,16.399423472991337,5.466474490997112,14.577265309325632,15.488344391158485,3.644316327331408,14.577265309325632,10.021869900161372,10.932948981994224,10.932948981994224,16.399423472991337,13.66618622749278,12.755107145659927,10.932948981994224,14.577265309325632,17.31050255482419,19.13266071848989,14.577265309325632,10.021869900161372,14.577265309325632,20.043739800322744,15.488344391158485,15.488344391158485,25.510214291319855,22.7769770458213,9.110790818328521,22.7769770458213,17.31050255482419,25.510214291319855,18.221581636657042,13.66618622749278,18.221581636657042,19.13266071848989,23.688056127654153,10.021869900161372,9.110790818328521,11.844028063827077,11.844028063827077,24.599135209487006,18.221581636657042,11.844028063827077,10.932948981994224,12.755107145659927,10.932948981994224,10.021869900161372,17.31050255482419,10.932948981994224,9.110790818328521,14.577265309325632,13.66618622749278,5.466474490997112,15.488344391158485,6.377553572829964,14.577265309325632,1.822158163665704,4.555395409164261,8.199711736495669,5.466474490997112,9.110790818328521,12.755107145659927,6.377553572829964,5.466474490997112,12.755107145659927,5.466474490997112,6.377553572829964,16.399423472991337,6.377553572829964
B02012,99000000022,Synthetic Census Tract 99000000022,1.0,Total:,0.0,18.698565883743413,+/-20,11.219139530246046,0.0,0.0,0.0,0.0,0.0,0.0,0.0,0.0,0.0,0.0,0.0,0.0,0.0,0.0,0.0,0.0,0.0,0.0,0.0,0.0,0.0,0.0,0.0,0.0,0.0,0.0,0.0,0.0,0.0,0.0,0.0,0.0,0.0,0.0,0.0,0.0,0.0,0.0,0.0,0.0,0.0,0.0,0.0,0.0,0.0,0.0,0.0,0.0,0.0,0.0,0.0,0.0,0.0,0.0,0.0,0.0,0.0,0.0,0.0,0.0,0.0,0.0,0.0,0.0,0.0,0.0,0.0,0.0,0.0,0.0,0.0,0.0,0.0,0.0,0.0,0.0,0.0,0.0,0.0,0.0
B02012,99000000023,Synthetic Census Tract 99000000023,1.0,Total:,0.0,18.2135277305087,+/-20,10.928116638305221,0.0,0.0,0.0,0.0,0.0,0.0,0.0,0.0,0.0,0.0,0.0,0.0,0.0,0.0,0.0,0.0,0.0,0.0,0.0,0.0,0.0,0.0,0.0,0.0,0.0,0.0,0.0,0.0,0.0,0.0,0.0,0.0,0.0,0.0,0.0,0.0,0.0,0.0,0.0,0.0,0.0,0.0,0.0,0.0,0.0,0.0,0.0,0.0,0.0,0.0,0.0,0.0,0.0,0.0,0.0,0.0,0.0,0.0,0.0,0.0,0.0,0.0,0.0,0.0,0.0,0.0,0.0,0.0,0.0,0.0,0.0,0.0,0.0,0.0,0.0,0.0,0.0,0.0,0.0,0.0
B02012,99000000024,Synthetic Census Tract 99000000024,1.0,Total:,0.0,20.364575264443886,+/-20,12.21874515866633,0.0,0.0,0.0,0.0,0.0,0.0,0.0,0.0,0.0,0.0,0.0,0.0,0.0,0.0,0.0,0.0,0.0,0.0,0.0,0.0,0.0,0.0,0.0,0.0,0.0,0.0,0.0,0.0,0.0,0.0,0.0,0.0,0.0,0.0,0.0,0.0,0.0,0.0,0.0,0.0,0.0,0.0,0.0,0.0,0.0,0.0,0.0,0.0,0.0,0.0,0.0,0.0,0.0,0.0,0.0,0.0,0.0,0.0,0.0,0.0,0.0,0.0,0.0,0.0,0.0,0.0,0.0,0.0,0.0,0.0,0.0,0.0,0.0,0.0,0.0,0.0,0.0,0.0,0.0,0.0
B02012,99000000025,Synthetic Census Tract 99000000025,1.0,Total:,0.0,14.506000675038619,+/-14,9.325286148239112,0.0,0.0,0.0,0.0,0.0,0.0,0.0,0.0,0.0,0.0,0.0,0.0,0.0,0.0,0.0,0.0,0.0,0.0,0.0,0.0,0.0,0.0,0.0,0.0,0.0,0.0,0.0,0.0,0.0,0.0,0.0,0.0,0.0,0.0,0.0,0.0,0.0,0.0,0.0,0.0,0.0,0.0,0.0,0.0,0.0,0.0,0.0,0.0,0.0,0.0,0.0,0.0,0.0,0.0,0.0,0.0,0.0,0.0,0.0,0.0,0.0,0.0,0.0,0.0,0.0,0.0,0.0,0.0,0.0,0.0,0.0,0.0,0.0,0.0,0.0,0.0,0.0,0.0,0.0,0.0
B02012,99000000026,Synthetic Census Tract 99000000026,1.0,Total:,0.0,13.702165279129678,+/-14,8.80853482229765,0.0,0.0,0.0,0.0,0.0,0.0,0.0,0.0,0.0,0.0,0.0,0.0,0.0,0.0,0.0,0.0,0.0,0.0,0.0,0.0,0.0,0.0,0.0,0.0,0.0,0.0,0.0,0.0,0.0,0.0,0.0,0.0,0.0,0.0,0.0,0.0,0.0,0.0,0.0,0.0,0.0,0.0,0.0,0.0,0.0,0.0,0.0,0.0,0.0,0.0,0.0,0.0,0.0,0.0,0.0,0.0,0.0,0.0,0.0,0.0,0.0,0.0,0.0,0.0,0.0,0.0,0.0,0.0,0.0,0.0,0.0,0.0,0.0,0.0,0.0,0.0,0.0,0.0,0.0,0.0
B02012,99000000027,Synthetic Census Tract 99000000027,1.0,Total:,21.19916082658902,35.65313411744517,+/-37,21.19916082658902,26.980750142931477,26.017151923541068,35.65313411744517,32.76233945927394,29.871544801102708,21.19916082658902,6.745187535732869,24.089955484760246,42.39832165317804,18.308366168417788,26.980750142931477,41.434723433787624,19.271964387808197,6.745187535732869,5.781589316342459,8.67238397451369,31.798741239883526,22.162759045979428,17.34476794902738,39.507526995006806,23.126357265369837,18.308366168417788,6.745187535732869,6.745187535732869,6.745187535732869,22.162759045979428,39.507526995006806,17.34476794902738,6.745187535732869,18.308366168417788,20.23556260719861,5.781589316342459,23.126357265369837,34.68953589805476,31.798741239883526,34.68953589805476,18.308366168417788,17.34476794902738,19.271964387808197,38.54392877561639,17.34476794902738,22.162759045979428,6.745187535732869,5.781589316342459,5.781589316342459,21.19916082658902,28.9079465817123,19.271964387808197,8.67238397451369,23.126357265369837,22.162759045979428,7.708785755123279,22.162759045979428,37.58033055622599,38.54392877561639,29.871544801102708,19.271964387808197,26.980750142931477,19.271964387808197,5.781589316342459,19.271964387808197,25.05355370415066,45.28911631134927,40.47112521439722,29.871544801102708,15.417571510246558,8.67238397451369,23.126357265369837,31.798741239883526,19.271964387808197,23.126357265369837,34.68953589805476,20.23556260719861,6.745187535732869,5.781589316342459,6.745187535732869,22.162759045979428,17.34476794902738,25.05355370415066,7.708785755123279
B02012,99000000028,Synthetic Census Tract 99000000028,1.0,Total:,63.057030586480096,94.08509325601793,+/-94,57.05159910205342,69.06246207090678,57.05159910205342,98.0887142456357,56.050693854648976,84.07604078197346,52.04707286503119,65.05884108128899,104.09414573006238,46.04164138060452,37.033494153964504,118.10681919372462,81.07332503976012,23.02082069030226,64.05793583388454,58.05250434945787,34.030778411751164,89.0805670189957,16.014483958471136,53.047978112435636,37.033494153964504,40.03620989617784,75.06789355533344,116.10500869891574,48.04345187541341,68.06155682350233,79.07151454495123,68.06155682350233,75.06789355533344,36.03258890656006,20.01810494808892,95.08599850342237,123.11134543074685,26.023536432515595,75.06789355533344,84.07604078197346,37.033494153964504,75.06789355533344,32.02896791694227,78.07060929754678,47.042546628008964,70.06336731831122,67.06065157609788,42.03802039098673,39.03530464877339,100.0905247404446,45.04073613320007,51.04616761762674,124.1122506781513,59.05340959686231,32.02896791694227,122.1104401833424,85.07694602937791,18.01629445328003,105.09505097746683,58.05250434945787,30.027157422133378,77.06970405014233,17.015389205875582,69.06246207090678,30.027157422133378,48.04345187541341,67.06065157609788,79.07151454495123,41.037115143582284,94.08509325601793,64.05793583388454,34.030778411751164,85.07694602937791,76.06879880273789,26.023536432515595,125.11315592555574,107.09686147227572,35.03168365915561,68.06155682350233,74.06698830792901,35.03168365915561,38.034399401368944,21.019010195493365,64.05793583388454,38.034399401368944
B02012,99000000029,Synthetic Census Tract 99000000029,1.0,Total:,0.0,15.050013838256906,+/-14,9.675008896022296,0.0,0.0,0.0,0.0,0.0,0.0,0.0,0.0,0.0,0.0,0.0,0.0,0.0,0.0,0.0,0.0,0.0,0.0,0.0,0.0,0.0,0.0,0.0,0.0,0.0,0.0,0.0,0.0,0.0,0.0,0.0,0.0,0.0,0.0,0.0,0.0,0.0,0.0,0.0,0.0,0.0,0.0,0.0,0.0,0.0,0.0,0.0,0.0,0.0,0.0,0.0,0.0,0.0,0.0,0.0,0.0,0.0,0.0,0.0,0.0,0.0,0.0,0.0,0.0,0.0,0.0,0.0,0.0,0.0,0.0,0.0,0.0,0.0,0.0,0.0,0.0,0.0,0.0,0.0,0.0
B02012,99000000030,Synthetic Census Tract 99000000030,1.0,Total:,0.0,14.983168555102178,+/-14,9.632036928279971,0.0,0.0,0.0,0.0,0.0,0.0,0.0,0.0,0.0,0.0,0.0,0.0,0.0,0.0,0.0,0.0,0.0,0.0,0.0,0.0,0.0,0.0,0.0,0.0,0.0,0.0,0.0,0.0,0.0,0.0,0.0,0.0,0.0,0.0,0.0,0.0,0.0,0.0,0.0,0.0,0.0,0.0,0.0,0.0,0.0,0.0,0.0,0.0,0.0,0.0,0.0,0.0,0.0,0.0,0.0,0.0,0.0,0.0,0.0,0.0,0.0,0.0,0.0,0.0,0.0,0.0,0.0,0.0,0.0,0.0,0.0,0.0,0.0,0.0,0.0,0.0,0.0,0.0,0.0,0.0
B02012,99000000031,Synthetic Census Tract 99000000031,1.0,Total:,0.0,18.17390024805117,+/-20,10.904340148830702,0.0,0.0,0.0,0.0,0.0,0.0,0.0,0.0,0.0,0.0,0.0,0.0,0.0,0.0,0.0,0.0,0.0,0.0,0.0,0.0,0.0,0.0,0.0,0.0,0.0,0.0,0.0,0.0,0.0,0.0,0.0,0.0,0.0,0.0,0.0,0.0,0.0,0.0,0.0,0.0,0.0,0.0,0.0,0.0,0.0,0.0,0.0,0.0,0.0,0.0,0.0,0.0,0.0,0.0,0.0,0.0,0.0,0.0,0.0,0.0,0.0,0.0,0.0,0.0,0.0,0.0,0.0,0.0,0.0,0.0,0.0,0.0,0.0,0.0,0.0,0.0,0.0,0.0,0.0,0.0
B02012,99000000032,Synthetic Census Tract 99000000032,1.0,Total:,0.0,13.108195546870267,+/-14,8.426697137273743,0.0,0.0,0.0,0.0,0.0,0.0,0.0,0.0,0.0,0.0,0.0,0.0,0.0,0.0,0.0,0.0,0.0,0.0,0.0,0.0,0.0,0.0,0.0,0.0,0.0,0.0,0.0,0.0,0.0,0.0,0.0,0.0,0.0,0.0,0.0,0.0,0.0,0.0,0.0,0.0,0.0,0.0,0.0,0.0,0.0,0.0,0.0,0.0,0.0,0.0,0.0,0.0,0.0,0.0,0.0,0.0,0.0,0.0,0.0,0.0,0.0,0.0,0.0,0.0,0.0,0.0,0.0,0.0,0.0,0.0,0.0,0.0,0.0,0.0,0.0,0.0,0.0,0.0,0.0,0.0
B02012,99000000033,Synthetic Census Tract 99000000033,1.0,Total:,0.0,18.946979484417586,+/-20,11.36818769065055,0.0,0.0,0.0,0.0,0.0,0.0,0.0,0.0,0.0,0.0,0.0,0.0,0.0,0.0,0.0,0.0,0.0,0.0,0.0,0.0,0.0,0.0,0.0,0.0,0.0,0.0,0.0,0.0,0.0,0.0,0.0,0.0,0.0,0.0,0.0,0.0,0.0,0.0,0.0,0.0,0.0,0.0,0.0,0.0,0.0,0.0,0.0,0.0,0.0,0.0,0.0,0.0,0.0,0.0,0.0,0.0,0.0,0.0,0.0,0.0,0.0,0.0,0.0,0.0,0.0,0.0,0.0,0.0,0.0,0.0,0.0,0.0,0.0,0.0,0.0,0.0,0.0,0.0,0.0,0.0
B02012,99000000034,Synthetic Census Tract 99000000034,1.0,Total:,0.0,18.997550303328847,+/-20,11.398530181997309,0.0,0.0,0.0,0.0,0.0,0.0,0.0,0.0,0.0,0.0,0.0,0.0,0.0,0.0,0.0,0.0,0.0,0.0,0.0,0.0,0.0,0.0,0.0,0.0,0.0,0.0,0.0,0.0,0.0,0.0,0.0,0.0,0.0,0.0,0.0,0.0,0.0,0.0,0.0,0.0,0.0,0.0,0.0,0.0,0.0,0.0,0.0,0.0,0.0,0.0,0.0,0.0,0.0,0.0,0.0,0.0,0.0,0.0,0.0,0.0,0.0,0.0,0.0,0.0,0.0,0.0,0.0,0.0,0.0,0.0,0.0,0.0,0.0,0.0,0.0,0.0,0.0,0.0,0.0,0.0
B02012,99000000035,Synthetic Census Tract 99000000035,1.0,Total:,0.0,20.28493060697109,+/-20,12.170958364182656,0.0,0.0,0.0,0.0,0.0,0.0,0.0,0.0,0.0,0.0,0.0,0.0,0.0,0.0,0.0,0.0,0.0,0.0,0.0,0.0,0.0,0.0,0.0,0.0,0.0,0.0,0.0,0.0,0.0,0.0,0.0,0.0,0.0,0.0,0.0,0.0,0.0,0.0,0.0,0.0,0.0,0.0,0.0,0.0,0.0,0.0,0.0,0.0,0.0,0.0,0.0,0.0,0.0,0.0,0.0,0.0,0.0,0.0,0.0,0.0,0.0,0.0,0.0,0.0,0.0,0.0,0.0,0.0,0.0,0.0,0.0,0.0,0.0,0.0,0.0,0.0,0.0,0.0,0.0,0.0
B02012,99000000036,Synthetic Census Tract 99000000036,1.0,Total:,84.55971372209491,117.99029821687662,+/-120,71.77743141526662,88.49272366265747,84.55971372209491,119.9568031871579,72.76068390040726,135.68884294940813,34.41383697992235,22.614807158234687,89.47597614779811,81.609956266673,93.40898608836066,141.58835786025196,93.40898608836066,26.547817098797243,87.50947117751683,34.41383697992235,27.531069583937878,122.90656064257982,80.62670378153236,117.00704573173599,78.66019881125109,88.49272366265747,77.67694632611045,144.53811531567388,97.34199602892322,123.88981312772046,32.44733200964107,20.64830218795341,82.59320875181363,87.50947117751683,102.25825845462641,145.52136780081452,102.25825845462641,37.36359443534427,70.79417893012598,35.39708946506299,28.514322069078517,121.92330815743918,80.62670378153236,123.88981312772046,81.609956266673,102.25825845462641,95.37549105864194,30.480827039359795,87.50947117751683,29.497574554219156,116.02379324659535,117.99029821687662,72.76068390040726,95.37549105864194,78.66019881125109,35.39708946506299,77.67694632611045,129.7893280385643,88.49272366265747,127.82282306828301,145.52136780081452,21.631554673094048,75.71044135582918,32.44733200964107,76.69369384096981,89.47597614779811,73.7439363855479,35.39708946506299,101.27500596948578,27.531069583937878,142.5716103453926,113.07403579117343,73.7439363855479,79.64345129639172,92.42573360322002,27.531069583937878,82.59320875181363,130.77258052370493,82.59320875181363,128.80607555342365,111.10753082089215,28.514322069078517,93.40898608836066,29.497574554219156,97.34199602892322
B02012,99000000037,Synthetic Census Tract 99000000037,1.0,Total:,0.0,12.737911535797265,+/-14,8.18865741586967,0.0,0.0,0.0,0.0,0.0,0.0,0.0,0.0,0.0,0.0,0.0,0.0,0.0,0.0,0.0,0.0,0.0,0.0,0.0,0.0,0.0,0.0,0.0,0.0,0.0,0.0,0.0,0.0,0.0,0.0,0.0,0.0,0.0,0.0,0.0,0.0,0.0,0.0,0.0,0.0,0.0,0.0,0.0,0.0,0.0,0.0,0.0,0.0,0.0,0.0,0.0,0.0,0.0,0.0,0.0,0.0,0.0,0.0,0.0,0.0,0.0,0.0,0.0,0.0,0.0,0.0,0.0,0.0,0.0,0.0,0.0,0.0,0.0,0.0,0.0,0.0,0.0,0.0,0.0,0.0
B02012,99000000038,Synthetic Census Tract 99000000038,1.0,Total:,0.0,13.646119587686801,+/-14,8.772505449227229,0.0,0.0,0.0,0.0,0.0,0.0,0.0,0.0,0.0,0.0,0.0,0.0,0.0,0.0,0.0,0.0,0.0,0.0,0.0,0.0,0.0,0.0,0.0,0.0,0.0,0.0,0.0,0.0,0.0,0.0,0.0,0.0,0.0,0.0,0.0,0.0,0.0,0.0,0.0,0.0,0.0,0.0,0.0,0.0,0.0,0.0,0.0,0.0,0.0,0.0,0.0,0.0,0.0,0.0,0.0,0.0,0.0,0.0,0.0,0.0,0.0,0.0,0.0,0.0,0.0,0.0,0.0,0.0,0.0,0.0,0.0,0.0,0.0,0.0,0.0,0.0,0.0,0.0,0.0,0.0
B02012,99000000039,Synthetic Census Tract 99000000039,1.0,Total:,0.0,14.066508256409387,+/-14,9.042755307691749,0.0,0.0,0.0,0.0,0.0,0.0,0.0,0.0,0.0,0.0,0.0,0.0,0.0,0.0,0.0,0.0,0.0,0.0,0.0,0.0,0.0,0.0,0.0,0.0,0.0,0.0,0.0,0.0,0.0,0.0,0.0,0.0,0.0,0.0,0.0,0.0,0.0,0.0,0.0,0.0,0.0,0.0,0.0,0.0,0.0,0.0,0.0,0.0,0.0,0.0,0.0,0.0,0.0,0.0,0.0,0.0,0.0,0.0,0.0,0.0,0.0,0.0,0.0,0.0,0.0,0.0,0.0,0.0,0.0,0.0,0.0,0.0,0.0,0.0,0.0,0.0,0.0,0.0,0.0,0.0
B02012,99000000040,Synthetic Census Tract 99000000040,1.0,Total:,0.0,12.884681328130405,+/-14,8.28300942522669,0.0,0.0,0.0,0.0,0.0,0.0,0.0,0.0,0.0,0.0,0.0,0.0,0.0,0.0,0.0,0.0,0.0,0.0,0.0,0.0,0.0,0.0,0.0,0.0,0.0,0.0,0.0,0.0,0.0,0.0,0.0,0.0,0.0,0.0,0.0,0.0,0.0,0.0,0.0,0.0,0.0,0.0,0.0,0.0,0.0,0.0,0.0,0.0,0.0,0.0,0.0,0.0,0.0,0.0,0.0,0.0,0.0,0.0,0.0,0.0,0.0,0.0,0.0,0.0,0.0,0.0,0.0,0.0,0.0,0.0,0.0,0.0,0.0,0.0,0.0,0.0,0.0,0.0,0.0,0.0
B02012,99000000041,Synthetic Census Tract 99000000041,1.0,Total:,0.0,14.93368395060797,+/-14,9.60022539681941,0.0,0.0,0.0,0.0,0.0,0.0,0.0,0.0,0.0,0.0,0.0,0.0,0.0,0.0,0.0,0.0,0.0,0.0,0.0,0.0,0.0,0.0,0.0,0.0,0.0,0.0,0.0,0.0,0.0,0.0,0.0,0.0,0.0,0.0,0.0,0.0,0.0,0.0,0.0,0.0,0.0,0.0,0.0,0.0,0.0,0.0,0.0,0.0,0.0,0.0,0.0,0.0,0.0,0.0,0.0,0.0,0.0,0.0,0.0,0.0,0.0,0.0,0.0,0.0,0.0,0.0,0.0,0.0,0.0,0.0,0.0,0.0,0.0,0.0,0.0,0.0,0.0,0.0,0.0,0.0
B02012,99000000042,Synthetic Census Tract 99000000042,1.0,Total:,0.0,12.745493226102292,+/-14,8.193531359637188,0.0,0.0,0.0,0.0,0.0,0.0,0.0,0.0,0.0,0.0,0.0,0.0,0.0,0.0,0.0,0.0,0.0,0.0,0.0,0.0,0.0,0.0,0.0,0.0,0.0,0.0,0.0,0.0,0.0,0.0,0.0,0.0,0.0,0.0,0.0,0.0,0.0,0.0,0.0,0.0,0.0,0.0,0.0,0.0,0.0,0.0,0.0,0.0,0.0,0.0,0.0,0.0,0.0,0.0,0.0,0.0,0.0,0.0,0.0,0.0,0.0,0.0,0.0,0.0,0.0,0.0,0.0,0.0,0.0,0.0,0.0,0.0,0.0,0.0,0.0,0.0,0.0,0.0,0.0,0.0
B02012,99000000043,Synthetic Census Tract 99000000043,1.0,Total:,0.0,21.699367476072247,+/-20,13.01962048564335,0.0,0.0,0.0,0.0,0.0,0.0,0.0,0.0,0.0,0.0,0.0,0.0,0.0,0.0,0.0,0.0,0.0,0.0,0.0,0.0,0.0,0.0,0.0,0.0,0.0,0.0,0.0,0.0,0.0,0.0,0.0,0.0,0.0,0.0,0.0,0.0,0.0,0.0,0.0,0.0,0.0,0.0,0.0,0.0,0.0,0.0,0.0,0.0,0.0,0.0,0.0,0.0,0.0,0.0,0.0,0.0,0.0,0.0,0.0,0.0,0.0,0.0,0.0,0.0,0.0,0.0,0.0,0.0,0.0,0.0,0.0,0.0,0.0,0.0,0.0,0.0,0.0,0.0,0.0,0.0
B02012,99000000044,Synthetic Census Tract 99000000044,1.0,Total:,0.0,12.877516796423652,+/-14,8.278403654843776,0.0,0.0,0.0,0.0,0.0,0.0,0.0,0.0,0.0,0.0,0.0,0.0,0.0,0.0,0.0,0.0,0.0,0.0,0.0,0.0,0.0,0.0,0.0,0.0,0.0,0.0,0.0,0.0,0.0,0.0,0.0,0.0,0.0,0.0,0.0,0.0,0.0,0.0,0.0,0.0,0.0,0.0,0.0,0.0,0.0,0.0,0.0,0.0,0.0,0.0,0.0,0.0,0.0,0.0,0.0,0.0,0.0,0.0,0.0,0.0,0.0,0.0,0.0,0.0,0.0,0.0,0.0,0.0,0.0,0.0,0.0,0.0,0.0,0.0,0.0,0.0,0.0,0.0,0.0,0.0
B02012,99000000045,Synthetic Census Tract 99000000045,1.0,Total:,13.89329487415416,25.649159767669218,+/-24,14.96200986447371,14.96200986447371,6.4122899419173045,13.89329487415416,6.4122899419173045,5.343574951597754,30.99273471926697,19.236869825751914,10.687149903195508,13.89329487415416,14.96200986447371,13.89329487415416,4.274859961278203,27.78658974830832,13.89329487415416,11.755864893515058,14.96200986447371,5.343574951597754,19.236869825751914,10.687149903195508,26.717874757988767,11.755864893515058,4.274859961278203,12.824579883834609,4.274859961278203,5.343574951597754,19.236869825751914,27.78658974830832,20.305584816071466,14.96200986447371,13.89329487415416,22.443014796710564,4.274859961278203,24.58044477734967,13.89329487415416,19.236869825751914,19.236869825751914,3.2061449709586523,21.374299806391015,22.443014796710564,17.099439845112812,19.236869825751914,5.343574951597754,17.099439845112812,7.481004932236855,6.4122899419173045,32.061449709586526,16.030724854793263,11.755864893515058,19.236869825751914,13.89329487415416,12.824579883834609,4.274859961278203,33.130164699906075,16.030724854793263,14.96200986447371,17.099439845112812,6.4122899419173045,23.511729787030117,10.687149903195508,22.443014796710564,12.824579883834609,4.274859961278203,11.755864893515058,4.274859961278203,4.274859961278203,16.030724854793263,37.40502466118428,14.96200986447371,14.96200986447371,17.099439845112812,17.099439845112812,4.274859961278203,17.099439845112812,18.16815483543236,16.030724854793263,17.099439845112812,5.343574951597754,20.305584816071466,21.374299806391015,24.58044477734967
B02012,99000000046,Synthetic Census Tract 99000000046,1.0,Total:,0.0,15.127428802997327,+/-14,9.72477565906971,0.0,0.0,0.0,0.0,0.0,0.0,0.0,0.0,0.0,0.0,0.0,0.0,0.0,0.0,0.0,0.0,0.0,0.0,0.0,0.0,0.0,0.0,0.0,0.0,0.0,0.0,0.0,0.0,0.0,0.0,0.0,0.0,0.0,0.0,0.0,0.0,0.0,0.0,0.0,0.0,0.0,0.0,0.0,0.0,0.0,0.0,0.0,0.0,0.0,0.0,0.0,0.0,0.0,0.0,0.0,0.0,0.0,0.0,0.0,0.0,0.0,0.0,0.0,0.0,0.0,0.0,0.0,0.0,0.0,0.0,0.0,0.0,0.0,0.0,0.0,0.0,0.0,0.0,0.0,0.0
B02012,99000000047,Synthetic Census Tract 99000000047,1.0,Total:,63.56301989480448,94.2486157060894,+/-86,56.987535078100564,92.05678743385477,50.41205026139666,69.04259057539107,23.01419685846369,99.72818638667599,29.5896816751676,28.493767539050282,65.75484816703911,80.00173193656425,73.42624711986035,110.68732774784918,24.11011099458101,61.37119162256984,61.37119162256984,80.00173193656425,28.493767539050282,58.083449214217886,58.083449214217886,53.69979266974861,27.397853402932963,19.726454450111735,63.56301989480448,66.85076230315643,65.75484816703911,27.397853402932963,86.57721675326817,108.49549947561454,69.04259057539107,69.04259057539107,20.822368586229054,20.822368586229054,106.3036712033799,65.75484816703911,78.90581780044694,55.89162094198325,73.42624711986035,60.275277486452524,76.7139895282123,63.56301989480448,18.630540313994416,30.68559581128492,54.795706805865926,65.75484816703911,113.97507015620113,18.630540313994416,100.82410052279332,92.05678743385477,49.316136125279336,64.6589340309218,19.726454450111735,20.822368586229054,85.48130261715085,49.316136125279336,58.083449214217886,67.94667643927376,134.7974387424302,76.7139895282123,63.56301989480448,61.37119162256984,108.49549947561454,106.3036712033799,81.09764607268157,59.1793633503352,19.726454450111735,87.67313088938549,20.822368586229054,21.918282722346373,76.7139895282123,56.987535078100564,123.838297381257,98.63227225055867,36.16516649187151,64.6589340309218,63.56301989480448,74.52216125597766,19.726454450111735,80.00173193656425,64.6589340309218,61.37119162256984,108.49549947561454
B02012,99000000048,Synthetic Census Tract 99000000048,1.0,Total:,0.0,21.208103521094376,+/-20,12.724862112656627,0.0,0.0,0.0,0.0,0.0,0.0,0.0,0.0,0.0,0.0,0.0,0.0,0.0,0.0,0.0,0.0,0.0,0.0,0.0,0.0,0.0,0.0,0.0,0.0,0.0,0.0,0.0,0.0,0.0,0.0,0.0,0.0,0.0,0.0,0.0,0.0,0.0,0.0,0.0,0.0,0.0,0.0,0.0,0.0,0.0,0.0,0.0,0.0,0.0,0.0,0.0,0.0,0.0,0.0,0.0,0.0,0.0,0.0,0.0,0.0,0.0,0.0,0.0,0.0,0.0,0.0,0.0,0.0,0.0,0.0,0.0,0.0,0.0,0.0,0.0,0.0,0.0,0.0,0.0,0.0
B02012,99000000049,Synthetic Census Tract 99000000049,1.0,Total:,0.0,14.782537114159721,+/-14,9.503059573388391,0.0,0.0,0.0,0.0,0.0,0.0,0.0,0.0,0.0,0.0,0.0,0.0,0.0,0.0,0.0,0.0,0.0,0.0,0.0,0.0,0.0,0.0,0.0,0.0,0.0,0.0,0.0,0.0,0.0,0.0,0.0,0.0,0.0,0.0,0.0,0.0,0.0,0.0,0.0,0.0,0.0,0.0,0.0,0.0,0.0,0.0,0.0,0.0,0.0,0.0,0.0,0.0,0.0,0.0,0.0,0.0,0.0,0.0,0.0,0.0,0.0,0.0,0.0,0.0,0.0,0.0,0.0,0.0,0.0,0.0,0.0,0.0,0.0,0.0,0.0,0.0,0.0,0.0,0.0,0.0
B02012,99000000050,Synthetic Census Tract 99000000050,1.0,Total:,39.08287289756617,52.4533294151546,+/-51,31.8833963111724,52.4533294151546,25.712416379977743,49.367839449557266,63.7667926223448,15.427449827986646,11.313463207190207,44.22535617356172,42.168362863163495,25.712416379977743,61.70979931194658,32.91189296637151,24.683919724778633,39.08287289756617,50.39633610475637,21.598429759181304,41.13986620796439,15.427449827986646,12.341959862389317,62.73829596714569,49.367839449557266,14.398953172787536,61.70979931194658,57.595812691150144,38.054376242367056,45.25385282876083,46.28234948395993,68.90927589834035,37.02587958716795,16.455946483185755,54.51032272555281,25.712416379977743,27.769409690375962,50.39633610475637,24.683919724778633,34.96888627676973,38.054376242367056,33.94038962157062,51.424832759955486,16.455946483185755,51.424832759955486,23.655423069579523,47.31084613915905,35.99738293196884,19.541436448783085,55.538819380751924,45.25385282876083,37.02587958716795,39.08287289756617,13.370456517588426,41.13986620796439,45.25385282876083,40.11136955276528,30.85489965597329,17.484443138384865,58.62430934634925,19.541436448783085,34.96888627676973,55.538819380751924,11.313463207190207,40.11136955276528,65.82378593274302,21.598429759181304,45.25385282876083,55.538819380751924,20.569933103982194,20.569933103982194,32.91189296637151,45.25385282876083,52.4533294151546,37.02587958716795,41.13986620796439,57.595812691150144,22.626926414380414,65.82378593274302,41.13986620796439,14.398953172787536,13.370456517588426,14.398953172787536,60.68130265674748,32.91189296637151
B02012,99000000051,Synthetic Census Tract 99000000051,1.0,Total:,0.0,14.781189792818761,+/-14,9.502193438240633,0.0,0.0,0.0,0.0,0.0,0.0,0.0,0.0,0.0,0.0,0.0,0.0,0.0,0.0,0.0,0.0,0.0,0.0,0.0,0.0,0.0,0.0,0.0,0.0,0.0,0.0,0.0,0.0,0.0,0.0,0.0,0.0,0.0,0.0,0.0,0.0,0.0,0.0,0.0,0.0,0.0,0.0,0.0,0.0,0.0,0.0,0.0,0.0,0.0,0.0,0.0,0.0,0.0,0.0,0.0,0.0,0.0,0.0,0.0,0.0,0.0,0.0,0.0,0.0,0.0,0.0,0.0,0.0,0.0,0.0,0.0,0.0,0.0,0.0,0.0,0.0,0.0,0.0,0.0,0.0
B02012,99000000052,Synthetic Census Tract 99000000052,1.0,Total:,0.0,12.976746183556813,+/-14,8.342193975143665,0.0,0.0,0.0,0.0,0.0,0.0,0.0,0.0,0.0,0.0,0.0,0.0,0.0,0.0,0.0,0.0,0.0,0.0,0.0,0.0,0.0,0.0,0.0,0.0,0.0,0.0,0.0,0.0,0.0,0.0,0.0,0.0,0.0,0.0,0.0,0.0,0.0,0.0,0.0,0.0,0.0,0.0,0.0,0.0,0.0,0.0,0.0,0.0,0.0,0.0,0.0,0.0,0.0,0.0,0.0,0.0,0.0,0.0,0.0,0.0,0.0,0.0,0.0,0.0,0.0,0.0,0.0,0.0,0.0,0.0,0.0,0.0,0.0,0.0,0.0,0.0,0.0,0.0,0.0,0.0
B02012,99000000053,Synthetic Census Tract 99000000053,1.0,Total:,0.0,14.100990500653385,+/-14,9.064922464705747,0.0,0.0,0.0,0.0,0.0,0.0,0.0,0.0,0.0,0.0,0.0,0.0,0.0,0.0,0.0,0.0,0.0,0.0,0.0,0.0,0.0,0.0,0.0,0.0,0.0,0.0,0.0,0.0,0.0,0.0,0.0,0.0,0.0,0.0,0.0,0.0,0.0,0.0,0.0,0.0,0.0,0.0,0.0,0.0,0.0,0.0,0.0,0.0,0.0,0.0,0.0,0.0,0.0,0.0,0.0,0.0,0.0,0.0,0.0,0.0,0.0,0.0,0.0,0.0,0.0,0.0,0.0,0.0,0.0,0.0,0.0,0.0,0.0,0.0,0.0,0.0,0.0,0.0,0.0,0.0
B02012,99000000054,Synthetic Census Tract 99000000054,1.0,Total:,0.0,14.039824036533162,+/-14,9.025601166342746,0.0,0.0,0.0,0.0,0.0,0.0,0.0,0.0,0.0,0.0,0.0,0.0,0.0,0.0,0.0,0.0,0.0,0.0,0.0,0.0,0.0,0.0,0.0,0.0,0.0,0.0,0.0,0.0,0.0,0.0,0.0,0.0,0.0,0.0,0.0,0.0,0.0,0.0,0.0,0.0,0.0,0.0,0.0,0.0,0.0,0.0,0.0,0.0,0.0,0.0,0.0,0.0,0.0,0.0,0.0,0.0,0.0,0.0,0.0,0.0,0.0,0.0,0.0,0.0,0.0,0.0,0.0,0.0,0.0,0.0,0.0,0.0,0.0,0.0,0.0,0.0,0.0,0.0,0.0,0.0
B02012,99000000055,Synthetic Census Tract 99000000055,1.0,Total:,11.786658717069628,19.287259718841206,+/-18,11.786658717069628,22.50180300531474,12.858173145894138,9.643629859420603,17.144230861192185,13.929687574718649,19.287259718841206,12.858173145894138,12.858173145894138,10.715144288245115,4.286057715298046,13.929687574718649,4.286057715298046,10.715144288245115,10.715144288245115,5.357572144122558,11.786658717069628,18.215745290016695,4.286057715298046,3.2145432864735346,3.2145432864735346,2.143028857649023,11.786658717069628,11.786658717069628,4.286057715298046,15.001202003543161,3.2145432864735346,13.929687574718649,13.929687574718649,11.786658717069628,20.35877414766572,10.715144288245115,15.001202003543161,12.858173145894138,13.929687574718649,15.001202003543161,15.001202003543161,4.286057715298046,16.072716432367674,20.35877414766572,4.286057715298046,5.357572144122558,11.786658717069628,9.643629859420603,4.286057715298046,9.643629859420603,4.286057715298046,13.929687574718649,11.786658717069628,9.643629859420603,16.072716432367674,12.858173145894138,13.929687574718649,9.643629859420603,13.929687574718649,20.35877414766572,11.786658717069628,4.286057715298046,20.35877414766572,19.287259718841206,26.787860720612787,18.215745290016695,15.001202003543161,10.715144288245115,19.287259718841206,12.858173145894138,25.716346291788277,10.715144288245115,10.715144288245115,13.929687574718649,4.286057715298046,11.786658717069628,4.286057715298046,12.858173145894138,13.929687574718649,3.2145432864735346,10.715144288245115,21.43028857649023,4.286057715298046,5.357572144122558,25.716346291788277
B02012,99000000056,Synthetic Census Tract 99000000056,1.0,Total:,0.0,19.851197462374063,+/-20,11.910718477424439,0.0,0.0,0.0,0.0,0.0,0.0,0.0,0.0,0.0,0.0,0.0,0.0,0.0,0.0,0.0,0.0,0.0,0.0,0.0,0.0,0.0,0.0,0.0,0.0,0.0,0.0,0.0,0.0,0.0,0.0,0.0,0.0,0.0,0.0,0.0,0.0,0.0,0.0,0.0,0.0,0.0,0.0,0.0,0.0,0.0,0.0,0.0,0.0,0.0,0.0,0.0,0.0,0.0,0.0,0.0,0.0,0.0,0.0,0.0,0.0,0.0,0.0,0.0,0.0,0.0,0.0,0.0,0.0,0.0,0.0,0.0,0.0,0.0,0.0,0.0,0.0,0.0,0.0,0.0,0.0
B02012,99000000057,Synthetic Census Tract 99000000057,1.0,Total:,0.0,13.67825058908099,+/-14,8.793161092980636,0.0,0.0,0.0,0.0,0.0,0.0,0.0,0.0,0.0,0.0,0.0,0.0,0.0,0.0,0.0,0.0,0.0,0.0,0.0,0.0,0.0,0.0,0.0,0.0,0.0,0.0,0.0,0.0,0.0,0.0,0.0,0.0,0.0,0.0,0.0,0.0,0.0,0.0,0.0,0.0,0.0,0.0,0.0,0.0,0.0,0.0,0.0,0.0,0.0,0.0,0.0,0.0,0.0,0.0,0.0,0.0,0.0,0.0,0.0,0.0,0.0,0.0,0.0,0.0,0.0,0.0,0.0,0.0,0.0,0.0,0.0,0.0,0.0,0.0,0.0,0.0,0.0,0.0,0.0,0.0
B02012,99000000058,Synthetic Census Tract 99000000058,1.0,Total:,0.0,14.39077715946391,+/-14,9.2512138882268,0.0,0.0,0.0,0.0,0.0,0.0,0.0,0.0,0.0,0.0,0.0,0.0,0.0,0.0,0.0,0.0,0.0,0.0,0.0,0.0,0.0,0.0,0.0,0.0,0.0,0.0,0.0,0.0,0.0,0.0,0.0,0.0,0.0,0.0,0.0,0.0,0.0,0.0,0.0,0.0,0.0,0.0,0.0,0.0,0.0,0.0,0.0,0.0,0.0,0.0,0.0,0.0,0.0,0.0,0.0,0.0,0.0,0.0,0.0,0.0,0.0,0.0,0.0,0.0,0.0,0.0,0.0,0.0,0.0,0.0,0.0,0.0,0.0,0.0,0.0,0.0,0.0,0.0,0.0,0.0
B02012,99000000059,Synthetic Census Tract 99000000059,1.0,Total:,29.55207256850525,39.08499920350694,+/-41,23.83231658750423,36.22512121300643,37.1784138765066,24.785609251004402,26.692194578004738,32.41195055900575,23.83231658750423,12.392804625502201,42.89816985750762,9.532926635001694,25.73890191450457,31.458657895505585,37.1784138765066,42.89816985750762,29.55207256850525,10.486219298501862,20.972438597003723,27.64548724150491,29.55207256850525,12.392804625502201,29.55207256850525,18.112560606503216,8.579633971501524,10.486219298501862,21.925731260503895,40.03829186700711,13.346097289002369,39.08499920350694,27.64548724150491,40.99158453050728,27.64548724150491,44.804755184507954,49.571218502008804,29.55207256850525,34.318535886006096,34.318535886006096,59.1041451370105,12.392804625502201,31.458657895505585,25.73890191450457,28.598779905005077,40.03829186700711,18.112560606503216,33.365243222505924,32.41195055900575,33.365243222505924,32.41195055900575,10.486219298501862,36.22512121300643,20.972438597003723,18.112560606503216,24.785609251004402,40.03829186700711,57.197559810010155,46.7113405115083,29.55207256850525,23.83231658750423,14.299389952502539,33.365243222505924,11.439511962002031,31.458657895505585,14.299389952502539,24.785609251004402,7.626341308001354,18.112560606503216,62.91731579101117,13.346097289002369,38.131706540006775,40.03829186700711,31.458657895505585,28.598779905005077,43.85146252100779,26.692194578004738,17.159267943003048,29.55207256850525,36.22512121300643,29.55207256850525,18.112560606503216,24.785609251004402,26.692194578004738,34.318535886006096
B02012,99000000060,Synthetic Census Tract 99000000060,1.0,Total:,0.0,12.99135155067108,+/-14,8.351583139717123,0.0,0.0,0.0,0.0,0.0,0.0,0.0,0.0,0.0,0.0,0.0,0.0,0.0,0.0,0.0,0.0,0.0,0.0,0.0,0.0,0.0,0.0,0.0,0.0,0.0,0.0,0.0,0.0,0.0,0.0,0.0,0.0,0.0,0.0,0.0,0.0,0.0,0.0,0.0,0.0,0.0,0.0,0.0,0.0,0.0,0.0,0.0,0.0,0.0,0.0,0.0,0.0,0.0,0.0,0.0,0.0,0.0,0.0,0.0,0.0,0.0,0.0,0.0,0.0,0.0,0.0,0.0,0.0,0.0,0.0,0.0,0.0,0.0,0.0,0.0,0.0,0.0,0.0,0.0,0.0
B02012,99000000061,Synthetic Census Tract 99000000061,1.0,Total:,0.0,13.938056367266489,+/-14,8.960179093242743,0.0,0.0,0.0,0.0,0.0,0.0,0.0,0.0,0.0,0.0,0.0,0.0,0.0,0.0,0.0,0.0,0.0,0.0,0.0,0.0,0.0,0.0,0.0,0.0,0.0,0.0,0.0,0.0,0.0,0.0,0.0,0.0,0.0,0.0,0.0,0.0,0.0,0.0,0.0,0.0,0.0,0.0,0.0,0.0,0.0,0.0,0.0,0.0,0.0,0.0,0.0,0.0,0.0,0.0,0.0,0.0,0.0,0.0,0.0,0.0,0.0,0.0,0.0,0.0,0.0,0.0,0.0,0.0,0.0,0.0,0.0,0.0,0.0,0.0,0.0,0.0,0.0,0.0,0.0,0.0
B02012,99000000062,Synthetic Census Tract 99000000062,1.0,Total:,52.11902730710579,83.58711926611305,+/-85,51.13564943338681,90.47076438214589,66.86969541289045,47.2021379385109,74.73671840264225,40.31849282247806,59.00267242313863,46.21876006479192,50.15227155966783,48.18551581222988,12.783912358346702,60.96942817057658,28.517958337850338,67.85307328660942,59.00267242313863,16.717423853222613,48.18551581222988,81.6203635186751,30.48471408528829,16.717423853222613,75.72009627636123,97.35440949817874,51.13564943338681,57.035916675700676,103.2546767404926,54.08578305454374,83.58711926611305,48.18551581222988,41.30187069619704,61.952806044295556,14.750668105784657,44.25200431735397,23.60106896925545,43.26862644363499,43.26862644363499,24.58444684297443,56.0525388019817,70.80320690776635,18.684179600660563,16.717423853222613,89.48738650842692,78.67022989751817,42.285248569916014,51.13564943338681,100.30454311933566,66.86969541289045,80.63698564495613,56.0525388019817,52.11902730710579,56.0525388019817,13.76729023206568,61.952806044295556,14.750668105784657,49.16889368594886,52.11902730710579,15.734045979503634,72.76996265520431,75.72009627636123,12.783912358346702,17.700801726941588,86.53725288726999,83.58711926611305,40.31849282247806,59.986050296857606,110.13832185652544,65.88631753917147,106.20481036164952,52.11902730710579,50.15227155966783,54.08578305454374,23.60106896925545,47.2021379385109,11.800534484627725,54.08578305454374,43.26862644363499,11.800534484627725,51.13564943338681,80.63698564495613,14.750668105784657,17.700801726941588,62.936183918014535
B02012,99000000063,Synthetic Census Tract 99000000063,1.0,Total:,0.0,13.251195833480848,+/-14,8.518625892951974,0.0,0.0,0.0,0.0,0.0,0.0,0.0,0.0,0.0,0.0,0.0,0.0,0.0,0.0,0.0,0.0,0.0,0.0,0.0,0.0,0.0,0.0,0.0,0.0,0.0,0.0,0.0,0.0,0.0,0.0,0.0,0.0,0.0,0.0,0.0,0.0,0.0,0.0,0.0,0.0,0.0,0.0,0.0,0.0,0.0,0.0,0.0,0.0,0.0,0.0,0.0,0.0,0.0,0.0,0.0,0.0,0.0,0.0,0.0,0.0,0.0,0.0,0.0,0.0,0.0,0.0,0.0,0.0,0.0,0.0,0.0,0.0,0.0,0.0,0.0,0.0,0.0,0.0,0.0,0.0
B02012,99000000064,Synthetic Census Tract 99000000064,1.0,Total:,0.0,13.629033068322359,+/-14,8.761521258207232,0.0,0.0,0.0,0.0,0.0,0.0,0.0,0.0,0.0,0.0,0.0,0.0,0.0,0.0,0.0,0.0,0.0,0.0,0.0,0.0,0.0,0.0,0.0,0.0,0.0,0.0,0.0,0.0,0.0,0.0,0.0,0.0,0.0,0.0,0.0,0.0,0.0,0.0,0.0,0.0,0.0,0.0,0.0,0.0,0.0,0.0,0.0,0.0,0.0,0.0,0.0,0.0,0.0,0.0,0.0,0.0,0.0,0.0,0.0,0.0,0.0,0.0,0.0,0.0,0.0,0.0,0.0,0.0,0.0,0.0,0.0,0.0,0.0,0.0,0.0,0.0,0.0,0.0,0.0,0.0
B02012,99000000065,Synthetic Census Tract 99000000065,1.0,Total:,0.0,13.625898859513494,+/-14,8.759506409687246,0.0,0.0,0.0,0.0,0.0,0.0,0.0,0.0,0.0,0.0,0.0,0.0,0.0,0.0,0.0,0.0,0.0,0.0,0.0,0.0,0.0,0.0,0.0,0.0,0.0,0.0,0.0,0.0,0.0,0.0,0.0,0.0,0.0,0.0,0.0,0.0,0.0,0.0,0.0,0.0,0.0,0.0,0.0,0.0,0.0,0.0,0.0,0.0,0.0,0.0,0.0,0.0,0.0,0.0,0.0,0.0,0.0,0.0,0.0,0.0,0.0,0.0,0.0,0.0,0.0,0.0,0.0,0.0,0.0,0.0,0.0,0.0,0.0,0.0,0.0,0.0,0.0,0.0,0.0,0.0
B02012,99000000066,Synthetic Census Tract 99000000066,1.0,Total:,6.758493790177564,10.6204902417076,+/-11,6.758493790177564,6.758493790177564,6.758493790177564,6.758493790177564,6.758493790177564,0.9654991128825091,2.8964973386475275,9.654991128825092,6.758493790177564,4.827495564412546,8.689492015942582,3.8619964515300365,11.58598935459011,9.654991128825092,4.827495564412546,6.758493790177564,1.9309982257650182,5.792994677295055,8.689492015942582,4.827495564412546,1.9309982257650182,1.9309982257650182,10.6204902417076,11.58598935459011,3.8619964515300365,3.8619964515300365,5.792994677295055,3.8619964515300365,8.689492015942582,2.8964973386475275,6.758493790177564,5.792994677295055,5.792994677295055,12.551488467472618,4.827495564412546,10.6204902417076,7.723992903060073,5.792994677295055,7.723992903060073,4.827495564412546,10.6204902417076,9.654991128825092,3.8619964515300365,10.6204902417076,8.689492015942582,3.8619964515300365,6.758493790177564,7.723992903060073,1.9309982257650182,7.723992903060073,6.758493790177564,7.723992903060073,3.8619964515300365,2.8964973386475275,0.9654991128825091,10.6204902417076,7.723992903060073,18.344483144767672,5.792994677295055,1.9309982257650182,9.654991128825092,14.482486693237636,1.9309982257650182,3.8619964515300365,5.792994677295055,3.8619964515300365,6.758493790177564,13.516987580355128,6.758493790177564,12.551488467472618,5.792994677295055,4.827495564412546,6.758493790177564,1.9309982257650182,2.8964973386475275,3.8619964515300365,6.758493790177564,8.689492015942582,2.8964973386475275,4.827495564412546,7.723992903060073
B02012,99000000067,Synthetic Census Tract 99000000067,1.0,Total:,0.0,13.662499423235401,+/-14,8.783035343508471,0.0,0.0,0.0,0.0,0.0,0.0,0.0,0.0,0.0,0.0,0.0,0.0,0.0,0.0,0.0,0.0,0.0,0.0,0.0,0.0,0.0,0.0,0.0,0.0,0.0,0.0,0.0,0.0,0.0,0.0,0.0,0.0,0.0,0.0,0.0,0.0,0.0,0.0,0.0,0.0,0.0,0.0,0.0,0.0,0.0,0.0,0.0,0.0,0.0,0.0,0.0,0.0,0.0,0.0,0.0,0.0,0.0,0.0,0.0,0.0,0.0,0.0,0.0,0.0,0.0,0.0,0.0,0.0,0.0,0.0,0.0,0.0,0.0,0.0,0.0,0.0,0.0,0.0,0.0,0.0
B02012,99000000068,Synthetic Census Tract 99000000068,1.0,Total:,0.0,20.74297338182378,+/-20,12.44578402909427,0.0,0.0,0.0,0.0,0.0,0.0,0.0,0.0,0.0,0.0,0.0,0.0,0.0,0.0,0.0,0.0,0.0,0.0,0.0,0.0,0.0,0.0,0.0,0.0,0.0,0.0,0.0,0.0,0.0,0.0,0.0,0.0,0.0,0.0,0.0,0.0,0.0,0.0,0.0,0.0,0.0,0.0,0.0,0.0,0.0,0.0,0.0,0.0,0.0,0.0,0.0,0.0,0.0,0.0,0.0,0.0,0.0,0.0,0.0,0.0,0.0,0.0,0.0,0.0,0.0,0.0,0.0,0.0,0.0,0.0,0.0,0.0,0.0,0.0,0.0,0.0,0.0,0.0,0.0,0.0
B02012,99000000069,Synthetic Census Tract 99000000069,1.0,Total:,0.0,19.187505898285142,+/-20,11.512503538971085,0.0,0.0,0.0,0.0,0.0,0.0,0.0,0.0,0.0,0.0,0.0,0.0,0.0,0.0,0.0,0.0,0.0,0.0,0.0,0.0,0.0,0.0,0.0,0.0,0.0,0.0,0.0,0.0,0.0,0.0,0.0,0.0,0.0,0.0,0.0,0.0,0.0,0.0,0.0,0.0,0.0,0.0,0.0,0.0,0.0,0.0,0.0,0.0,0.0,0.0,0.0,0.0,0.0,0.0,0.0,0.0,0.0,0.0,0.0,0.0,0.0,0.0,0.0,0.0,0.0,0.0,0.0,0.0,0.0,0.0,0.0,0.0,0.0,0.0,0.0,0.0,0.0,0.0,0.0,0.0
B02012,99000000070,Synthetic Census Tract 99000000070,1.0,Total:,0.0,15.256802194802953,+/-14,9.807944268087613,0.0,0.0,0.0,0.0,0.0,0.0,0.0,0.0,0.0,0.0,0.0,0.0,0.0,0.0,0.0,0.0,0.0,0.0,0.0,0.0,0.0,0.0,0.0,0.0,0.0,0.0,0.0,0.0,0.0,0.0,0.0,0.0,0.0,0.0,0.0,0.0,0.0,0.0,0.0,0.0,0.0,0.0,0.0,0.0,0.0,0.0,0.0,0.0,0.0,0.0,0.0,0.0,0.0,0.0,0.0,0.0,0.0,0.0,0.0,0.0,0.0,0.0,0.0,0.0,0.0,0.0,0.0,0.0,0.0,0.0,0.0,0.0,0.0,0.0,0.0,0.0,0.0,0.0,0.0,0.0
B02012,99000000071,Synthetic Census Tract 99000000071,1.0,Total:,0.0,21.665392078152713,+/-20,12.99923524689163,0.0,0.0,0.0,0.0,0.0,0.0,0.0,0.0,0.0,0.0,0.0,0.0,0.0,0.0,0.0,0.0,0.0,0.0,0.0,0.0,0.0,0.0,0.0,0.0,0.0,0.0,0.0,0.0,0.0,0.0,0.0,0.0,0.0,0.0,0.0,0.0,0.0,0.0,0.0,0.0,0.0,0.0,0.0,0.0,0.0,0.0,0.0,0.0,0.0,0.0,0.0,0.0,0.0,0.0,0.0,0.0,0.0,0.0,0.0,0.0,0.0,0.0,0.0,0.0,0.0,0.0,0.0,0.0,0.0,0.0,0.0,0.0,0.0,0.0,0.0,0.0,0.0,0.0,0.0,0.0
B02012,99000000072,Synthetic Census Tract 99000000072,1.0,Total:,0.0,13.94654919924022,+/-14,8.965638770940142,0.0,0.0,0.0,0.0,0.0,0.0,0.0,0.0,0.0,0.0,0.0,0.0,0.0,0.0,0.0,0.0,0.0,0.0,0.0,0.0,0.0,0.0,0.0,0.0,0.0,0.0,0.0,0.0,0.0,0.0,0.0,0.0,0.0,0.0,0.0,0.0,0.0,0.0,0.0,0.0,0.0,0.0,0.0,0.0,0.0,0.0,0.0,0.0,0.0,0.0,0.0,0.0,0.0,0.0,0.0,0.0,0.0,0.0,0.0,0.0,0.0,0.0,0.0,0.0,0.0,0.0,0.0,0.0,0.0,0.0,0.0,0.0,0.0,0.0,0.0,0.0,0.0,0.0,0.0,0.0
B02012,99000000073,Synthetic Census Tract 99000000073,1.0,Total:,6.759705687006565,13.51941137401313,+/-14,8.69105016900844,2.8970167230028134,5.794033446005627,7.725377928007503,7.725377928007503,11.588066892011254,10.622394651010316,6.759705687006565,10.622394651010316,1.9313444820018757,12.553739133012192,1.9313444820018757,5.794033446005627,0.9656722410009378,1.9313444820018757,5.794033446005627,6.759705687006565,6.759705687006565,5.794033446005627,11.588066892011254,6.759705687006565,4.828361205004689,13.51941137401313,1.9313444820018757,2.8970167230028134,6.759705687006565,6.759705687006565,11.588066892011254,5.794033446005627,5.794033446005627,4.828361205004689,5.794033446005627,14.485083615014068,12.553739133012192,5.794033446005627,1.9313444820018757,2.8970167230028134,9.656722410009378,13.51941137401313,1.9313444820018757,18.347772579017818,2.8970167230028134,4.828361205004689,8.69105016900844,6.759705687006565,11.588066892011254,9.656722410009378,7.725377928007503,9.656722410009378,2.8970167230028134,19.313444820018756,1.9313444820018757,5.794033446005627,1.9313444820018757,1.9313444820018757,6.759705687006565,5.794033446005627,6.759705687006565,6.759705687006565,8.69105016900844,5.794033446005627,5.794033446005627,13.51941137401313,1.9313444820018757,2.8970167230028134,8.69105016900844,6.759705687006565,13.51941137401313,5.794033446005627,6.759705687006565,4.828361205004689,7.725377928007503,10.622394651010316,7.725377928007503,5.794033446005627,1.9313444820018757,2.8970167230028134,10.622394651010316,11.588066892011254,1.9313444820018757,17.38210033801688
B02012,99000000074,Synthetic Census Tract 99000000074,1.0,Total:,0.0,14.099217411524009,+/-14,9.063782621694006,0.0,0.0,0.0,0.0,0.0,0.0,0.0,0.0,0.0,0.0,0.0,0.0,0.0,0.0,0.0,0.0,0.0,0.0,0.0,0.0,0.0,0.0,0.0,0.0,0.0,0.0,0.0,0.0,0.0,0.0,0.0,0.0,0.0,0.0,0.0,0.0,0.0,0.0,0.0,0.0,0.0,0.0,0.0,0.0,0.0,0.0,0.0,0.0,0.0,0.0,0.0,0.0,0.0,0.0,0.0,0.0,0.0,0.0,0.0,0.0,0.0,0.0,0.0,0.0,0.0,0.0,0.0,0.0,0.0,0.0,0.0,0.0,0.0,0.0,0.0,0.0,0.0,0.0,0.0,0.0
B02012,99000000075,Synthetic Census Tract 99000000075,1.0,Total:,77.0192710383402,132.6443001215859,+/-124,81.2981194293591,70.60099845181185,43.858196007943725,52.41589278998153,44.92790810569845,40.64905971467955,41.71877181243428,27.81251454162285,79.15869523384964,19.25481775958505,118.73804285077448,70.60099845181185,106.9712097754725,64.1827258652835,62.043301669774046,93.06495250466108,33.161075030396475,33.161075030396475,88.78610411364217,115.5289065575103,53.48560488773625,90.92552830915162,158.31739046769928,114.45919445975558,129.43516382832172,49.20675649671735,83.43754362486855,128.365451730567,136.9231485126048,158.31739046769928,82.36783152711382,45.997620203453174,86.64667991813272,98.4135129934347,136.9231485126048,164.73566305422764,47.0673323012079,52.41589278998153,98.4135129934347,98.4135129934347,90.92552830915162,164.73566305422764,45.997620203453174,62.043301669774046,117.66833075301975,72.7404226473213,117.66833075301975,108.04092187322722,94.1346646024158,90.92552830915162,164.73566305422764,152.96882997892567,59.9038774742646,86.64667991813272,82.36783152711382,72.7404226473213,97.34380089567998,136.9231485126048,128.365451730567,88.78610411364217,57.76445327875515,51.346180692226795,50.27646859447207,34.2307871281512,142.2717090013784,113.38948236200085,52.41589278998153,99.48322509118942,42.788483910189,162.5962388587182,33.161075030396475,52.41589278998153,47.0673323012079,38.5096355191701,21.3942419550945,37.43992342141537,103.76207348220832,58.83416537650987,29.9519387371323,28.882226639377574,32.09136293264175
B02012,99000000076,Synthetic Census Tract 99000000076,1.0,Total:,18.549314426016366,30.915524043360612,+/-30,18.549314426016366,27.82397163902455,17.518796957904346,41.22069872448081,7.213622276784143,36.068111383920716,30.915524043360612,5.1525873405601015,7.213622276784143,10.305174681120203,25.76293670280051,27.82397163902455,7.213622276784143,20.610349362240406,16.488279489792326,27.82397163902455,27.82397163902455,23.70190176657647,38.129146320144756,17.518796957904346,21.64086683035243,24.73241923468849,19.579831894128386,7.213622276784143,16.488279489792326,6.183104808672122,11.335692149232225,25.76293670280051,32.97655897958465,27.82397163902455,21.64086683035243,5.1525873405601015,26.79345417091253,21.64086683035243,14.427244553568286,12.366209617344245,20.610349362240406,7.213622276784143,5.1525873405601015,21.64086683035243,13.396727085456265,17.518796957904346,18.549314426016366,22.67138429846445,7.213622276784143,23.70190176657647,24.73241923468849,9.274657213008183,4.1220698724480815,7.213622276784143,21.64086683035243,22.67138429846445,7.213622276784143,15.457762021680306,17.518796957904346,17.518796957904346,12.366209617344245,21.64086683035243,31.946041511472632,24.73241923468849,17.518796957904346,18.549314426016366,29.885006575248592,5.1525873405601015,35.03759391580869,5.1525873405601015,23.70190176657647,36.068111383920716,27.82397163902455,32.97655897958465,24.73241923468849,7.213622276784143,28.854489107136573,30.915524043360612,23.70190176657647,16.488279489792326,19.579831894128386,10.305174681120203,6.183104808672122,28.854489107136573,20.610349362240406
B02012,99000000077,Synthetic Census Tract 99000000077,1.0,Total:,0.0,14.852297118251819,+/-14,9.54790529030474,0.0,0.0,0.0,0.0,0.0,0.0,0.0,0.0,0.0,0.0,0.0,0.0,0.0,0.0,0.0,0.0,0.0,0.0,0.0,0.0,0.0,0.0,0.0,0.0,0.0,0.0,0.0,0.0,0.0,0.0,0.0,0.0,0.0,0.0,0.0,0.0,0.0,0.0,0.0,0.0,0.0,0.0,0.0,0.0,0.0,0.0,0.0,0.0,0.0,0.0,0.0,0.0,0.0,0.0,0.0,0.0,0.0,0.0,0.0,0.0,0.0,0.0,0.0,0.0,0.0,0.0,0.0,0.0,0.0,0.0,0.0,0.0,0.0,0.0,0.0,0.0,0.0,0.0,0.0,0.0
B02012,99000000078,Synthetic Census Tract 99000000078,1.0,Total:,0.0,14.091622372984075,+/-14,9.058900096918334,0.0,0.0,0.0,0.0,0.0,0.0,0.0,0.0,0.0,0.0,0.0,0.0,0.0,0.0,0.0,0.0,0.0,0.0,0.0,0.0,0.0,0.0,0.0,0.0,0.0,0.0,0.0,0.0,0.0,0.0,0.0,0.0,0.0,0.0,0.0,0.0,0.0,0.0,0.0,0.0,0.0,0.0,0.0,0.0,0.0,0.0,0.0,0.0,0.0,0.0,0.0,0.0,0.0,0.0,0.0,0.0,0.0,0.0,0.0,0.0,0.0,0.0,0.0,0.0,0.0,0.0,0.0,0.0,0.0,0.0,0.0,0.0,0.0,0.0,0.0,0.0,0.0,0.0,0.0,0.0
B02012,99000000079,Synthetic Census Tract 99000000079,1.0,Total:,0.0,20.531670517070488,+/-20,12.319002310242292,0.0,0.0,0.0,0.0,0.0,0.0,0.0,0.0,0.0,0.0,0.0,0.0,0.0,0.0,0.0,0.0,0.0,0.0,0.0,0.0,0.0,0.0,0.0,0.0,0.0,0.0,0.0,0.0,0.0,0.0,0.0,0.0,0.0,0.0,0.0,0.0,0.0,0.0,0.0,0.0,0.0,0.0,0.0,0.0,0.0,0.0,0.0,0.0,0.0,0.0,0.0,0.0,0.0,0.0,0.0,0.0,0.0,0.0,0.0,0.0,0.0,0.0,0.0,0.0,0.0,0.0,0.0,0.0,0.0,0.0,0.0,0.0,0.0,0.0,0.0,0.0,0.0,0.0,0.0,0.0
B02012,99000000080,Synthetic Census Tract 99000000080,1.0,Total:,0.0,13.406835719710894,+/-14,8.618680105528432,0.0,0.0,0.0,0.0,0.0,0.0,0.0,0.0,0.0,0.0,0.0,0.0,0.0,0.0,0.0,0.0,0.0,0.0,0.0,0.0,0.0,0.0,0.0,0.0,0.0,0.0,0.0,0.0,0.0,0.0,0.0,0.0,0.0,0.0,0.0,0.0,0.0,0.0,0.0,0.0,0.0,0.0,0.0,0.0,0.0,0.0,0.0,0.0,0.0,0.0,0.0,0.0,0.0,0.0,0.0,0.0,0.0,0.0,0.0,0.0,0.0,0.0,0.0,0.0,0.0,0.0,0.0,0.0,0.0,0.0,0.0,0.0,0.0,0.0,0.0,0.0,0.0,0.0,0.0,0.0
B02012,99000000081,Synthetic Census Tract 99000000081,1.0,Total:,0.0,14.657700854468816,+/-14,9.422807692158525,0.0,0.0,0.0,0.0,0.0,0.0,0.0,0.0,0.0,0.0,0.0,0.0,0.0,0.0,0.0,0.0,0.0,0.0,0.0,0.0,0.0,0.0,0.0,0.0,0.0,0.0,0.0,0.0,0.0,0.0,0.0,0.0,0.0,0.0,0.0,0.0,0.0,0.0,0.0,0.0,0.0,0.0,0.0,0.0,0.0,0.0,0.0,0.0,0.0,0.0,0.0,0.0,0.0,0.0,0.0,0.0,0.0,0.0,0.0,0.0,0.0,0.0,0.0,0.0,0.0,0.0,0.0,0.0,0.0,0.0,0.0,0.0,0.0,0.0,0.0,0.0,0.0,0.0,0.0,0.0
B02012,99000000082,Synthetic Census Tract 99000000082,1.0,Total:,0.0,13.166732860752012,+/-14,8.464328267626293,0.0,0.0,0.0,0.0,0.0,0.0,0.0,0.0,0.0,0.0,0.0,0.0,0.0,0.0,0.0,0.0,0.0,0.0,0.0,0.0,0.0,0.0,0.0,0.0,0.0,0.0,0.0,0.0,0.0,0.0,0.0,0.0,0.0,0.0,0.0,0.0,0.0,0.0,0.0,0.0,0.0,0.0,0.0,0.0,0.0,0.0,0.0,0.0,0.0,0.0,0.0,0.0,0.0,0.0,0.0,0.0,0.0,0.0,0.0,0.0,0.0,0.0,0.0,0.0,0.0,0.0,0.0,0.0,0.0,0.0,0.0,0.0,0.0,0.0,0.0,0.0,0.0,0.0,0.0,0.0
B02012,99000000083,Synthetic Census Tract 99000000083,1.0,Total:,0.0,14.545434760691796,+/-14,9.350636631873297,0.0,0.0,0.0,0.0,0.0,0.0,0.0,0.0,0.0,0.0,0.0,0.0,0.0,0.0,0.0,0.0,0.0,0.0,0.0,0.0,0.0,0.0,0.0,0.0,0.0,0.0,0.0,0.0,0.0,0.0,0.0,0.0,0.0,0.0,0.0,0.0,0.0,0.0,0.0,0.0,0.0,0.0,0.0,0.0,0.0,0.0,0.0,0.0,0.0,0.0,0.0,0.0,0.0,0.0,0.0,0.0,0.0,0.0,0.0,0.0,0.0,0.0,0.0,0.0,0.0,0.0,0.0,0.0,0.0,0.0,0.0,0.0,0.0,0.0,0.0,0.0,0.0,0.0,0.0,0.0
B02012,99000000084,Synthetic Census Tract 99000000084,1.0,Total:,0.0,15.010013391312505,+/-14,9.64929432298661,0.0,0.0,0.0,0.0,0.0,0.0,0.0,0.0,0.0,0.0,0.0,0.0,0.0,0.0,0.0,0.0,0.0,0.0,0.0,0.0,0.0,0.0,0.0,0.0,0.0,0.0,0.0,0.0,0.0,0.0,0.0,0.0,0.0,0.0,0.0,0.0,0.0,0.0,0.0,0.0,0.0,0.0,0.0,0.0,0.0,0.0,0.0,0.0,0.0,0.0,0.0,0.0,0.0,0.0,0.0,0.0,0.0,0.0,0.0,0.0,0.0,0.0,0.0,0.0,0.0,0.0,0.0,0.0,0.0,0.0,0.0,0.0,0.0,0.0,0.0,0.0,0.0,0.0,0.0,0.0
B02012,99000000085,Synthetic Census Tract 99000000085,1.0,Total:,0.0,12.969887944444324,+/-14,8.337785107142778,0.0,0.0,0.0,0.0,0.0,0.0,0.0,0.0,0.0,0.0,0.0,0.0,0.0,0.0,0.0,0.0,0.0,0.0,0.0,0.0,0.0,0.0,0.0,0.0,0.0,0.0,0.0,0.0,0.0,0.0,0.0,0.0,0.0,0.0,0.0,0.0,0.0,0.0,0.0,0.0,0.0,0.0,0.0,0.0,0.0,0.0,0.0,0.0,0.0,0.0,0.0,0.0,0.0,0.0,0.0,0.0,0.0,0.0,0.0,0.0,0.0,0.0,0.0,0.0,0.0,0.0,0.0,0.0,0.0,0.0,0.0,0.0,0.0,0.0,0.0,0.0,0.0,0.0,0.0,0.0
B02012,99000000086,Synthetic Census Tract 99000000086,1.0,Total:,0.0,20.45751896216768,+/-20,12.274511377300609,0.0,0.0,0.0,0.0,0.0,0.0,0.0,0.0,0.0,0.0,0.0,0.0,0.0,0.0,0.0,0.0,0.0,0.0,0.0,0.0,0.0,0.0,0.0,0.0,0.0,0.0,0.0,0.0,0.0,0.0,0.0,0.0,0.0,0.0,0.0,0.0,0.0,0.0,0.0,0.0,0.0,0.0,0.0,0.0,0.0,0.0,0.0,0.0,0.0,0.0,0.0,0.0,0.0,0.0,0.0,0.0,0.0,0.0,0.0,0.0,0.0,0.0,0.0,0.0,0.0,0.0,0.0,0.0,0.0,0.0,0.0,0.0,0.0,0.0,0.0,0.0,0.0,0.0,0.0,0.0
B02012,99000000087,Synthetic Census Tract 99000000087,1.0,Total:,0.0,18.38038299291974,+/-20,11.028229795751844,0.0,0.0,0.0,0.0,0.0,0.0,0.0,0.0,0.0,0.0,0.0,0.0,0.0,0.0,0.0,0.0,0.0,0.0,0.0,0.0,0.0,0.0,0.0,0.0,0.0,0.0,0.0,0.0,0.0,0.0,0.0,0.0,0.0,0.0,0.0,0.0,0.0,0.0,0.0,0.0,0.0,0.0,0.0,0.0,0.0,0.0,0.0,0.0,0.0,0.0,0.0,0.0,0.0,0.0,0.0,0.0,0.0,0.0,0.0,0.0,0.0,0.0,0.0,0.0,0.0,0.0,0.0,0.0,0.0,0.0,0.0,0.0,0.0,0.0,0.0,0.0,0.0,0.0,0.0,0.0
B02012,99000000088,Synthetic Census Tract 99000000088,1.0,Total:,0.0,20.902862513085708,+/-20,12.541717507851423,0.0,0.0,0.0,0.0,0.0,0.0,0.0,0.0,0.0,0.0,0.0,0.0,0.0,0.0,0.0,0.0,0.0,0.0,0.0,0.0,0.0,0.0,0.0,0.0,0.0,0.0,0.0,0.0,0.0,0.0,0.0,0.0,0.0,0.0,0.0,0.0,0.0,0.0,0.0,0.0,0.0,0.0,0.0,0.0,0.0,0.0,0.0,0.0,0.0,0.0,0.0,0.0,0.0,0.0,0.0,0.0,0.0,0.0,0.0,0.0,0.0,0.0,0.0,0.0,0.0,0.0,0.0,0.0,0.0,0.0,0.0,0.0,0.0,0.0,0.0,0.0,0.0,0.0,0.0,0.0
B02012,99000000089,Synthetic Census Tract 99000000089,1.0,Total:,0.0,12.836581012705857,+/-14,8.252087793882337,0.0,0.0,0.0,0.0,0.0,0.0,0.0,0.0,0.0,0.0,0.0,0.0,0.0,0.0,0.0,0.0,0.0,0.0,0.0,0.0,0.0,0.0,0.0,0.0,0.0,0.0,0.0,0.0,0.0,0.0,0.0,0.0,0.0,0.0,0.0,0.0,0.0,0.0,0.0,0.0,0.0,0.0,0.0,0.0,0.0,0.0,0.0,0.0,0.0,0.0,0.0,0.0,0.0,0.0,0.0,0.0,0.0,0.0,0.0,0.0,0.0,0.0,0.0,0.0,0.0,0.0,0.0,0.0,0.0,0.0,0.0,0.0,0.0,0.0,0.0,0.0,0.0,0.0,0.0,0.0
B02012,99000000090,Synthetic Census Tract 99000000090,1.0,Total:,0.0,15.220631503561753,+/-14,9.784691680861126,0.0,0.0,0.0,0.0,0.0,0.0,0.0,0.0,0.0,0.0,0.0,0.0,0.0,0.0,0.0,0.0,0.0,0.0,0.0,0.0,0.0,0.0,0.0,0.0,0.0,0.0,0.0,0.0,0.0,0.0,0.0,0.0,0.0,0.0,0.0,0.0,0.0,0.0,0.0,0.0,0.0,0.0,0.0,0.0,0.0,0.0,0.0,0.0,0.0,0.0,0.0,0.0,0.0,0.0,0.0,0.0,0.0,0.0,0.0,0.0,0.0,0.0,0.0,0.0,0.0,0.0,0.0,0.0,0.0,0.0,0.0,0.0,0.0,0.0,0.0,0.0,0.0,0.0,0.0,0.0
B02012,99000000091,Synthetic Census Tract 99000000091,1.0,Total:,0.0,12.984742204105846,+/-14,8.347334274068045,0.0,0.0,0.0,0.0,0.0,0.0,0.0,0.0,0.0,0.0,0.0,0.0,0.0,0.0,0.0,0.0,0.0,0.0,0.0,0.0,0.0,0.0,0.0,0.0,0.0,0.0,0.0,0.0,0.0,0.0,0.0,0.0,0.0,0.0,0.0,0.0,0.0,0.0,0.0,0.0,0.0,0.0,0.0,0.0,0.0,0.0,0.0,0.0,0.0,0.0,0.0,0.0,0.0,0.0,0.0,0.0,0.0,0.0,0.0,0.0,0.0,0.0,0.0,0.0,0.0,0.0,0.0,0.0,0.0,0.0,0.0,0.0,0.0,0.0,0.0,0.0,0.0,0.0,0.0,0.0
B02012,99000000092,Synthetic Census Tract 99000000092,1.0,Total:,0.0,15.284864688545428,+/-14,9.825984442636347,0.0,0.0,0.0,0.0,0.0,0.0,0.0,0.0,0.0,0.0,0.0,0.0,0.0,0.0,0.0,0.0,0.0,0.0,0.0,0.0,0.0,0.0,0.0,0.0,0.0,0.0,0.0,0.0,0.0,0.0,0.0,0.0,0.0,0.0,0.0,0.0,0.0,0.0,0.0,0.0,0.0,0.0,0.0,0.0,0.0,0.0,0.0,0.0,0.0,0.0,0.0,0.0,0.0,0.0,0.0,0.0,0.0,0.0,0.0,0.0,0.0,0.0,0.0,0.0,0.0,0.0,0.0,0.0,0.0,0.0,0.0,0.0,0.0,0.0,0.0,0.0,0.0,0.0,0.0,0.0
B02012,99000000093,Synthetic Census Tract 99000000093,1.0,Total:,0.0,14.84247569303827,+/-14,9.541591516953174,0.0,0.0,0.0,0.0,0.0,0.0,0.0,0.0,0.0,0.0,0.0,0.0,0.0,0.0,0.0,0.0,0.0,0.0,0.0,0.0,0.0,0.0,0.0,0.0,0.0,0.0,0.0,0.0,0.0,0.0,0.0,0.0,0.0,0.0,0.0,0.0,0.0,0.0,0.0,0.0,0.0,0.0,0.0,0.0,0.0,0.0,0.0,0.0,0.0,0.0,0.0,0.0,0.0,0.0,0.0,0.0,0.0,0.0,0.0,0.0,0.0,0.0,0.0,0.0,0.0,0.0,0.0,0.0,0.0,0.0,0.0,0.0,0.0,0.0,0.0,0.0,0.0,0.0,0.0,0.0
B02012,99000000094,Synthetic Census Tract 99000000094,1.0,Total:,0.0,20.37472801786542,+/-20,12.22483681071925,0.0,0.0,0.0,0.0,0.0,0.0,0.0,0.0,0.0,0.0,0.0,0.0,0.0,0.0,0.0,0.0,0.0,0.0,0.0,0.0,0.0,0.0,0.0,0.0,0.0,0.0,0.0,0.0,0.0,0.0,0.0,0.0,0.0,0.0,0.0,0.0,0.0,0.0,0.0,0.0,0.0,0.0,0.0,0.0,0.0,0.0,0.0,0.0,0.0,0.0,0.0,0.0,0.0,0.0,0.0,0.0,0.0,0.0,0.0,0.0,0.0,0.0,0.0,0.0,0.0,0.0,0.0,0.0,0.0,0.0,0.0,0.0,0.0,0.0,0.0,0.0,0.0,0.0,0.0,0.0
B02012,99000000095,Synthetic Census Tract 99000000095,1.0,Total:,0.0,14.791347492962732,+/-14,9.508723388333186,0.0,0.0,0.0,0.0,0.0,0.0,0.0,0.0,0.0,0.0,0.0,0.0,0.0,0.0,0.0,0.0,0.0,0.0,0.0,0.0,0.0,0.0,0.0,0.0,0.0,0.0,0.0,0.0,0.0,0.0,0.0,0.0,0.0,0.0,0.0,0.0,0.0,0.0,0.0,0.0,0.0,0.0,0.0,0.0,0.0,0.0,0.0,0.0,0.0,0.0,0.0,0.0,0.0,0.0,0.0,0.0,0.0,0.0,0.0,0.0,0.0,0.0,0.0,0.0,0.0,0.0,0.0,0.0,0.0,0.0,0.0,0.0,0.0,0.0,0.0,0.0,0.0,0.0,0.0,0.0
B02012,99000000096,Synthetic Census Tract 99000000096,1.0,Total:,0.0,14.826321549152642,+/-14,9.531206710169554,0.0,0.0,0.0,0.0,0.0,0.0,0.0,0.0,0.0,0.0,0.0,0.0,0.0,0.0,0.0,0.0,0.0,0.0,0.0,0.0,0.0,0.0,0.0,0.0,0.0,0.0,0.0,0.0,0.0,0.0,0.0,0.0,0.0,0.0,0.0,0.0,0.0,0.0,0.0,0.0,0.0,0.0,0.0,0.0,0.0,0.0,0.0,0.0,0.0,0.0,0.0,0.0,0.0,0.0,0.0,0.0,0.0,0.0,0.0,0.0,0.0,0.0,0.0,0.0,0.0,0.0,0.0,0.0,0.0,0.0,0.0,0.0,0.0,0.0,0.0,0.0,0.0,0.0,0.0,0.0
B02012,99000000097,Synthetic Census Tract 99000000097,1.0,Total:,28.319340726650122,42.47901108997518,+/-39,25.051724488959724,47.92503815279252,8.71364330050773,37.03298402715785,43.56821650253865,11.98125953819813,7.624437887944264,27.230135314086656,32.67616237690399,41.389805677411715,18.516492013578926,34.85457320203092,23.96251907639626,30.497751551777057,56.638681453300244,26.14092990152319,27.230135314086656,9.802848713071196,7.624437887944264,47.92503815279252,32.67616237690399,17.42728660101546,43.56821650253865,23.96251907639626,9.802848713071196,45.746627327665585,40.30060026484825,26.14092990152319,38.12218943972132,11.98125953819813,41.389805677411715,23.96251907639626,27.230135314086656,38.12218943972132,10.892054125634662,29.408546139213588,34.85457320203092,39.21139485228478,40.30060026484825,8.71364330050773,35.943778614594386,8.71364330050773,43.56821650253865,25.051724488959724,10.892054125634662,53.371065215609846,38.12218943972132,32.67616237690399,29.408546139213588,15.248875775888528,39.21139485228478,31.586956964340523,42.47901108997518,37.03298402715785,10.892054125634662,30.497751551777057,33.765367789467454,45.746627327665585,40.30060026484825,7.624437887944264,34.85457320203092,42.47901108997518,9.802848713071196,27.230135314086656,44.65742191510212,11.98125953819813,10.892054125634662,23.96251907639626,30.497751551777057,39.21139485228478,21.784108251269323,28.319340726650122,35.943778614594386,29.408546139213588,44.65742191510212,25.051724488959724,26.14092990152319,13.070464950761595,8.71364330050773,31.586956964340523,34.85457320203092
B02012,99000000098,Synthetic Census Tract 99000000098,1.0,Total:,0.0,13.309473390749725,+/-14,8.556090036910538,0.0,0.0,0.0,0.0,0.0,0.0,0.0,0.0,0.0,0.0,0.0,0.0,0.0,0.0,0.0,0.0,0.0,0.0,0.0,0.0,0.0,0.0,0.0,0.0,0.0,0.0,0.0,0.0,0.0,0.0,0.0,0.0,0.0,0.0,0.0,0.0,0.0,0.0,0.0,0.0,0.0,0.0,0.0,0.0,0.0,0.0,0.0,0.0,0.0,0.0,0.0,0.0,0.0,0.0,0.0,0.0,0.0,0.0,0.0,0.0,0.0,0.0,0.0,0.0,0.0,0.0,0.0,0.0,0.0,0.0,0.0,0.0,0.0,0.0,0.0,0.0,0.0,0.0,0.0,0.0
B02012,99000000099,Synthetic Census Tract 99000000099,1.0,Total:,0.0,20.360303581433236,+/-20,12.216182148859943,0.0,0.0,0.0,0.0,0.0,0.0,0.0,0.0,0.0,0.0,0.0,0.0,0.0,0.0,0.0,0.0,0.0,0.0,0.0,0.0,0.0,0.0,0.0,0.0,0.0,0.0,0.0,0.0,0.0,0.0,0.0,0.0,0.0,0.0,0.0,0.0,0.0,0.0,0.0,0.0,0.0,0.0,0.0,0.0,0.0,0.0,0.0,0.0,0.0,0.0,0.0,0.0,0.0,0.0,0.0,0.0,0.0,0.0,0.0,0.0,0.0,0.0,0.0,0.0,0.0,0.0,0.0,0.0,0.0,0.0,0.0,0.0,0.0,0.0,0.0,0.0,0.0,0.0,0.0,0.0
B02012,99000000100,Synthetic Census Tract 99000000100,1.0,Total:,0.0,12.866137753180324,+/-14,8.271088555615922,0.0,0.0,0.0,0.0,0.0,0.0,0.0,0.0,0.0,0.0,0.0,0.0,0.0,0.0,0.0,0.0,0.0,0.0,0.0,0.0,0.0,0.0,0.0,0.0,0.0,0.0,0.0,0.0,0.0,0.0,0.0,0.0,0.0,0.0,0.0,0.0,0.0,0.0,0.0,0.0,0.0,0.0,0.0,0.0,0.0,0.0,0.0,0.0,0.0,0.0,0.0,0.0,0.0,0.0,0.0,0.0,0.0,0.0,0.0,0.0,0.0,0.0,0.0,0.0,0.0,0.0,0.0,0.0,0.0,0.0,0.0,0.0,0.0,0.0,0.0,0.0,0.0,0.0,0.0,0.0
B02012,99000000101,Synthetic Census Tract 99000000101,1.0,Total:,0.0,14.32526396006754,+/-14,9.209098260043419,0.0,0.0,0.0,0.0,0.0,0.0,0.0,0.0,0.0,0.0,0.0,0.0,0.0,0.0,0.0,0.0,0.0,0.0,0.0,0.0,0.0,0.0,0.0,0.0,0.0,0.0,0.0,0.0,0.0,0.0,0.0,0.0,0.0,0.0,0.0,0.0,0.0,0.0,0.0,0.0,0.0,0.0,0.0,0.0,0.0,0.0,0.0,0.0,0.0,0.0,0.0,0.0,0.0,0.0,0.0,0.0,0.0,0.0,0.0,0.0,0.0,0.0,0.0,0.0,0.0,0.0,0.0,0.0,0.0,0.0,0.0,0.0,0.0,0.0,0.0,0.0,0.0,0.0,0.0,0.0
B02012,99000000102,Synthetic Census Tract 99000000102,1.0,Total:,0.0,13.07961565145981,+/-14,8.40832434736702,0.0,0.0,0.0,0.0,0.0,0.0,0.0,0.0,0.0,0.0,0.0,0.0,0.0,0.0,0.0,0.0,0.0,0.0,0.0,0.0,0.0,0.0,0.0,0.0,0.0,0.0,0.0,0.0,0.0,0.0,0.0,0.0,0.0,0.0,0.0,0.0,0.0,0.0,0.0,0.0,0.0,0.0,0.0,0.0,0.0,0.0,0.0,0.0,0.0,0.0,0.0,0.0,0.0,0.0,0.0,0.0,0.0,0.0,0.0,0.0,0.0,0.0,0.0,0.0,0.0,0.0,0.0,0.0,0.0,0.0,0.0,0.0,0.0,0.0,0.0,0.0,0.0,0.0,0.0,0.0
B02012,99000000103,Synthetic Census Tract 99000000103,1.0,Total:,0.0,14.181861712122837,+/-14,9.116911100650395,0.0,0.0,0.0,0.0,0.0,0.0,0.0,0.0,0.0,0.0,0.0,0.0,0.0,0.0,0.0,0.0,0.0,0.0,0.0,0.0,0.0,0.0,0.0,0.0,0.0,0.0,0.0,0.0,0.0,0.0,0.0,0.0,0.0,0.0,0.0,0.0,0.0,0.0,0.0,0.0,0.0,0.0,0.0,0.0,0.0,0.0,0.0,0.0,0.0,0.0,0.0,0.0,0.0,0.0,0.0,0.0,0.0,0.0,0.0,0.0,0.0,0.0,0.0,0.0,0.0,0.0,0.0,0.0,0.0,0.0,0.0,0.0,0.0,0.0,0.0,0.0,0.0,0.0,0.0,0.0
B02012,99000000104,Synthetic Census Tract 99000000104,1.0,Total:,0.0,14.20280543929478,+/-14,9.13037492526093,0.0,0.0,0.0,0.0,0.0,0.0,0.0,0.0,0.0,0.0,0.0,0.0,0.0,0.0,0.0,0.0,0.0,0.0,0.0,0.0,0.0,0.0,0.0,0.0,0.0,0.0,0.0,0.0,0.0,0.0,0.0,0.0,0.0,0.0,0.0,0.0,0.0,0.0,0.0,0.0,0.0,0.0,0.0,0.0,0.0,0.0,0.0,0.0,0.0,0.0,0.0,0.0,0.0,0.0,0.0,0.0,0.0,0.0,0.0,0.0,0.0,0.0,0.0,0.0,0.0,0.0,0.0,0.0,0.0,0.0,0.0,0.0,0.0,0.0,0.0,0.0,0.0,0.0,0.0,0.0
B02012,99000000105,Synthetic Census Tract 99000000105,1.0,Total:,0.0,13.904758428347437,+/-14,8.93877327536621,0.0,0.0,0.0,0.0,0.0,0.0,0.0,0.0,0.0,0.0,0.0,0.0,0.0,0.0,0.0,0.0,0.0,0.0,0.0,0.0,0.0,0.0,0.0,0.0,0.0,0.0,0.0,0.0,0.0,0.0,0.0,0.0,0.0,0.0,0.0,0.0,0.0,0.0,0.0,0.0,0.0,0.0,0.0,0.0,0.0,0.0,0.0,0.0,0.0,0.0,0.0,0.0,0.0,0.0,0.0,0.0,0.0,0.0,0.0,0.0,0.0,0.0,0.0,0.0,0.0,0.0,0.0,0.0,0.0,0.0,0.0,0.0,0.0,0.0,0.0,0.0,0.0,0.0,0.0,0.0
B02012,99000000106,Synthetic Census Tract 99000000106,1.0,Total:,42.190106914310235,58.26252859595223,+/-58,35.15842242859186,22.099579812257744,16.072421681641995,16.072421681641995,71.32137121228635,39.17652784900236,77.3485293429021,17.076948036744618,68.30779214697847,54.24442317554173,37.167475138797116,62.28063401636273,25.113158877565617,39.17652784900236,64.28968672656798,42.190106914310235,42.190106914310235,43.19463326941286,80.36210840820998,10.045263551026247,61.276107661260106,32.14484336328399,24.10863252246299,47.21273868982336,37.167475138797116,83.37568747351784,21.095053457155117,32.14484336328399,35.15842242859186,21.095053457155117,25.113158877565617,41.18558055920761,70.31684485718372,57.258002240849606,32.14484336328399,13.05884261633412,49.22179140002861,19.086000746949868,43.19463326941286,36.16294878369449,38.172001493899735,45.20368597961811,53.23989682043911,61.276107661260106,27.122211587770867,37.167475138797116,56.25347588574698,43.19463326941286,14.063368971436745,43.19463326941286,40.18105420410499,16.072421681641995,53.23989682043911,44.19915962451549,17.076948036744618,55.24894953064436,40.18105420410499,29.131264297976116,29.131264297976116,43.19463326941286,12.054316261231495,43.19463326941286,36.16294878369449,57.258002240849606,39.17652784900236,21.095053457155117,54.24442317554173,35.15842242859186,49.22179140002861,60.27158130615748,65.2942130816706,38.172001493899735,20.090527102052494,16.072421681641995,45.20368597961811,57.258002240849606,16.072421681641995,76.34400298779947,40.18105420410499,51.23084411023386,51.23084411023386
B02012,99000000107,Synthetic Census Tract 99000000107,1.0,Total:,0.0,14.738985492018447,+/-14,9.47506210201186,0.0,0.0,0.0,0.0,0.0,0.0,0.0,0.0,0.0,0.0,0.0,0.0,0.0,0.0,0.0,0.0,0.0,0.0,0.0,0.0,0.0,0.0,0.0,0.0,0.0,0.0,0.0,0.0,0.0,0.0,0.0,0.0,0.0,0.0,0.0,0.0,0.0,0.0,0.0,0.0,0.0,0.0,0.0,0.0,0.0,0.0,0.0,0.0,0.0,0.0,0.0,0.0,0.0,0.0,0.0,0.0,0.0,0.0,0.0,0.0,0.0,0.0,0.0,0.0,0.0,0.0,0.0,0.0,0.0,0.0,0.0,0.0,0.0,0.0,0.0,0.0,0.0,0.0,0.0,0.0
B02012,99000000108,Synthetic Census Tract 99000000108,1.0,Total:,2.119697886604827,4.239395773209654,+/-4,2.119697886604827,2.119697886604827,2.119697886604827,2.119697886604827,1.0598489433024134,3.17954682990724,0.0,2.119697886604827,2.119697886604827,1.0598489433024134,3.17954682990724,4.239395773209654,1.0598489433024134,1.0598489433024134,2.119697886604827,3.17954682990724,3.17954682990724,3.17954682990724,3.17954682990724,4.239395773209654,1.0598489433024134,2.119697886604827,2.119697886604827,2.119697886604827,4.239395773209654,2.119697886604827,3.17954682990724,2.119697886604827,2.119697886604827,4.239395773209654,2.119697886604827,1.0598489433024134,4.239395773209654,4.239395773209654,0.0,3.17954682990724,2.119697886604827,0.0,2.119697886604827,1.0598489433024134,1.0598489433024134,2.119697886604827,2.119697886604827,2.119697886604827,5.299244716512067,3.17954682990724,3.17954682990724,2.119697886604827,3.17954682990724,4.239395773209654,1.0598489433024134,1.0598489433024134,5.299244716512067,4.239395773209654,1.0598489433024134,2.119697886604827,2.119697886604827,1.0598489433024134,2.119697886604827,1.0598489433024134,4.239395773209654,3.17954682990724,2.119697886604827,2.119697886604827,1.0598489433024134,2.119697886604827,1.0598489433024134,2.119697886604827,2.119697886604827,1.0598489433024134,2.119697886604827,4.239395773209654,1.0598489433024134,1.0598489433024134,4.239395773209654,1.0598489433024134,2.119697886604827,4.239395773209654,2.119697886604827,3.17954682990724,4.239395773209654
B02012,99000000109,Synthetic Census Tract 99000000109,1.0,Total:,0.0,13.978029003611203,+/-14,8.985875788035774,0.0,0.0,0.0,0.0,0.0,0.0,0.0,0.0,0.0,0.0,0.0,0.0,0.0,0.0,0.0,0.0,0.0,0.0,0.0,0.0,0.0,0.0,0.0,0.0,0.0,0.0,0.0,0.0,0.0,0.0,0.0,0.0,0.0,0.0,0.0,0.0,0.0,0.0,0.0,0.0,0.0,0.0,0.0,0.0,0.0,0.0,0.0,0.0,0.0,0.0,0.0,0.0,0.0,0.0,0.0,0.0,0.0,0.0,0.0,0.0,0.0,0.0,0.0,0.0,0.0,0.0,0.0,0.0,0.0,0.0,0.0,0.0,0.0,0.0,0.0,0.0,0.0,0.0,0.0,0.0
B02012,99000000110,Synthetic Census Tract 99000000110,1.0,Total:,38.75691015557186,64.25487736318492,+/-63,38.75691015557186,44.876422285398995,52.01585310353065,48.95609703861709,15.298780324567838,42.83658490878995,45.896340973703516,40.7967475321809,10.199186883045225,37.73699146726734,12.239024259654272,13.258942947958793,59.15528392166231,71.39430818131657,35.69715409065829,45.896340973703516,57.11544654505327,36.717072778962816,12.239024259654272,34.677235402353766,13.258942947958793,45.896340973703516,33.657316714049244,46.91625966200804,61.19512129827135,10.199186883045225,38.75691015557186,26.517885895917587,59.15528392166231,55.07560916844422,86.69308850588442,64.25487736318492,12.239024259654272,14.278861636263317,36.717072778962816,32.63739802574472,27.53780458422211,64.25487736318492,54.055690480139695,11.219105571349749,78.53373899944825,30.597560649135676,38.75691015557186,30.597560649135676,14.278861636263317,59.15528392166231,48.95609703861709,30.597560649135676,12.239024259654272,37.73699146726734,15.298780324567838,16.31869901287236,61.19512129827135,49.97601572692161,56.095527856748745,38.75691015557186,36.717072778962816,35.69715409065829,20.39837376609045,65.27479605148945,11.219105571349749,33.657316714049244,41.81666622048542,34.677235402353766,74.45406424623015,16.31869901287236,31.6174793374402,37.73699146726734,72.4142268696211,36.717072778962816,66.29471473979397,56.095527856748745,19.37845507778593,21.418292454394976,44.876422285398995,28.557723272526633,45.896340973703516,25.497967207613065,72.4142268696211,13.258942947958793,80.57357637605729
B02012,99000000111,Synthetic Census Tract 99000000111,1.0,Total:,0.0,15.207461459932286,+/-14,9.776225224242184,0.0,0.0,0.0,0.0,0.0,0.0,0.0,0.0,0.0,0.0,0.0,0.0,0.0,0.0,0.0,0.0,0.0,0.0,0.0,0.0,0.0,0.0,0.0,0.0,0.0,0.0,0.0,0.0,0.0,0.0,0.0,0.0,0.0,0.0,0.0,0.0,0.0,0.0,0.0,0.0,0.0,0.0,0.0,0.0,0.0,0.0,0.0,0.0,0.0,0.0,0.0,0.0,0.0,0.0,0.0,0.0,0.0,0.0,0.0,0.0,0.0,0.0,0.0,0.0,0.0,0.0,0.0,0.0,0.0,0.0,0.0,0.0,0.0,0.0,0.0,0.0,0.0,0.0,0.0,0.0
B02012,99000000112,Synthetic Census Tract 99000000112,1.0,Total:,0.0,12.935254047803145,+/-14,8.315520459302022,0.0,0.0,0.0,0.0,0.0,0.0,0.0,0.0,0.0,0.0,0.0,0.0,0.0,0.0,0.0,0.0,0.0,0.0,0.0,0.0,0.0,0.0,0.0,0.0,0.0,0.0,0.0,0.0,0.0,0.0,0.0,0.0,0.0,0.0,0.0,0.0,0.0,0.0,0.0,0.0,0.0,0.0,0.0,0.0,0.0,0.0,0.0,0.0,0.0,0.0,0.0,0.0,0.0,0.0,0.0,0.0,0.0,0.0,0.0,0.0,0.0,0.0,0.0,0.0,0.0,0.0,0.0,0.0,0.0,0.0,0.0,0.0,0.0,0.0,0.0,0.0,0.0,0.0,0.0,0.0
B02012,99000000113,Synthetic Census Tract 99000000113,1.0,Total:,0.0,18.468414263600444,+/-20,11.081048558160266,0.0,0.0,0.0,0.0,0.0,0.0,0.0,0.0,0.0,0.0,0.0,0.0,0.0,0.0,0.0,0.0,0.0,0.0,0.0,0.0,0.0,0.0,0.0,0.0,0.0,0.0,0.0,0.0,0.0,0.0,0.0,0.0,0.0,0.0,0.0,0.0,0.0,0.0,0.0,0.0,0.0,0.0,0.0,0.0,0.0,0.0,0.0,0.0,0.0,0.0,0.0,0.0,0.0,0.0,0.0,0.0,0.0,0.0,0.0,0.0,0.0,0.0,0.0,0.0,0.0,0.0,0.0,0.0,0.0,0.0,0.0,0.0,0.0,0.0,0.0,0.0,0.0,0.0,0.0,0.0
B02012,99000000114,Synthetic Census Tract 99000000114,1.0,Total:,39.45429750243261,45.877090119107685,+/-50,27.52625407146461,27.52625407146461,39.45429750243261,23.856086861935996,30.27887947861107,47.71217372387199,64.22792616675076,28.443795873846764,67.89809337627938,48.629715526254145,58.722675352457834,39.45429750243261,38.536755700050456,26.608712269082456,37.6192138976683,23.856086861935996,29.361337676228917,55.970049945311374,52.29988273578276,31.196421280993224,18.350836047643075,34.86658849052184,27.52625407146461,47.71217372387199,59.64021715483999,36.70167209528615,39.45429750243261,23.856086861935996,45.877090119107685,71.56826058580799,30.27887947861107,46.79463192148984,13.763127035732305,33.031504885757535,61.475300759604295,48.629715526254145,35.784130292903995,29.361337676228917,44.95954831672553,37.6192138976683,51.382340933400606,52.29988273578276,44.95954831672553,55.970049945311374,50.46479913101845,32.11396308337538,12.845585233350151,51.382340933400606,10.09295982620369,33.031504885757535,23.856086861935996,37.6192138976683,41.28938110719692,54.13496634054707,43.124464711961224,52.29988273578276,48.629715526254145,22.02100325717169,23.856086861935996,50.46479913101845,61.475300759604295,43.124464711961224,50.46479913101845,32.11396308337538,23.856086861935996,39.45429750243261,39.45429750243261,59.64021715483999,35.784130292903995,6.422792616675076,48.629715526254145,31.196421280993224,63.3103843643686,44.95954831672553,20.18591965240738,31.196421280993224,39.45429750243261,46.79463192148984,33.94904668813969,39.45429750243261,27.52625407146461
B02012,99000000115,Synthetic Census Tract 99000000115,1.0,Total:,17.536735169137796,31.978752367251275,+/-31,19.599880483154006,47.452342222372856,23.726171111186428,9.28415391307295,18.5683078261459,6.189435942048634,18.5683078261459,24.757743768194537,14.44201719811348,20.63145314016211,11.347299227089161,16.50516251212969,35.07347033827559,5.157863285040528,13.410444541105374,26.820889082210748,9.28415391307295,5.157863285040528,21.663025797170217,45.389196908356645,15.473589855121585,16.50516251212969,23.726171111186428,11.347299227089161,12.378871884097268,10.315726570081056,37.1366156522918,5.157863285040528,6.189435942048634,11.347299227089161,5.157863285040528,17.536735169137796,10.315726570081056,12.378871884097268,5.157863285040528,26.820889082210748,16.50516251212969,19.599880483154006,30.94717971024317,16.50516251212969,6.189435942048634,4.1262906280324225,12.378871884097268,15.473589855121585,11.347299227089161,21.663025797170217,16.50516251212969,14.44201719811348,16.50516251212969,13.410444541105374,20.63145314016211,18.5683078261459,9.28415391307295,27.852461739218853,23.726171111186428,20.63145314016211,18.5683078261459,20.63145314016211,14.44201719811348,5.157863285040528,24.757743768194537,13.410444541105374,5.157863285040528,21.663025797170217,20.63145314016211,33.01032502425938,4.1262906280324225,25.789316425202642,18.5683078261459,25.789316425202642,33.01032502425938,7.22100859905674,17.536735169137796,36.105042995283696,31.978752367251275,4.1262906280324225,22.694598454178323,29.915607053235064,4.1262906280324225,18.5683078261459,36.105042995283696
B02012,99000000116,Synthetic Census Tract 99000000116,1.0,Total:,32.46281478521651,50.16980466806187,+/-51,30.495371464900355,31.47909312505843,50.16980466806187,49.1860830079038,30.495371464900355,18.69071154300344,22.625598183635745,13.772103242213063,23.609319843793823,45.25119636727149,49.1860830079038,18.69071154300344,42.300031386797265,59.02329960948455,66.89307289074917,31.47909312505843,23.609319843793823,12.788381582054987,43.28375304695534,30.495371464900355,41.31630972663919,44.267474707113415,10.820938261738835,34.43025810553266,43.28375304695534,32.46281478521651,42.300031386797265,24.5930415039519,9.83721660158076,68.86051621106532,36.39770142584881,27.544206484426127,23.609319843793823,31.47909312505843,11.804659921896912,19.67443320316152,43.28375304695534,35.41397976569073,30.495371464900355,15.739546562529215,58.03957794932648,7.8697732812646075,48.20236134774572,41.31630972663919,8.853494941422683,8.853494941422683,16.72326822268729,34.43025810553266,44.267474707113415,21.64187652347767,49.1860830079038,37.38142308600688,33.44653644537458,28.5279281445842,51.15352632821995,45.25119636727149,56.07213462901033,28.5279281445842,33.44653644537458,45.25119636727149,71.81168119153955,26.560484824268052,41.31630972663919,8.853494941422683,29.511649804742277,24.5930415039519,30.495371464900355,49.1860830079038,25.576763164109973,21.64187652347767,13.772103242213063,41.31630972663919,13.772103242213063,17.706989882845367,38.36514474616496,29.511649804742277,52.13724798837802,47.21863968758765,16.72326822268729,21.64187652347767,13.772103242213063
B02012,99000000117,Synthetic Census Tract 99000000117,1.0,Total:,0.0,21.097285664567377,+/-20,12.658371398740424,0.0,0.0,0.0,0.0,0.0,0.0,0.0,0.0,0.0,0.0,0.0,0.0,0.0,0.0,0.0,0.0,0.0,0.0,0.0,0.0,0.0,0.0,0.0,0.0,0.0,0.0,0.0,0.0,0.0,0.0,0.0,0.0,0.0,0.0,0.0,0.0,0.0,0.0,0.0,0.0,0.0,0.0,0.0,0.0,0.0,0.0,0.0,0.0,0.0,0.0,0.0,0.0,0.0,0.0,0.0,0.0,0.0,0.0,0.0,0.0,0.0,0.0,0.0,0.0,0.0,0.0,0.0,0.0,0.0,0.0,0.0,0.0,0.0,0.0,0.0,0.0,0.0,0.0,0.0,0.0
B02012,99000000118,Synthetic Census Tract 99000000118,1.0,Total:,0.0,14.479447957264059,+/-14,9.308216543955467,0.0,0.0,0.0,0.0,0.0,0.0,0.0,0.0,0.0,0.0,0.0,0.0,0.0,0.0,0.0,0.0,0.0,0.0,0.0,0.0,0.0,0.0,0.0,0.0,0.0,0.0,0.0,0.0,0.0,0.0,0.0,0.0,0.0,0.0,0.0,0.0,0.0,0.0,0.0,0.0,0.0,0.0,0.0,0.0,0.0,0.0,0.0,0.0,0.0,0.0,0.0,0.0,0.0,0.0,0.0,0.0,0.0,0.0,0.0,0.0,0.0,0.0,0.0,0.0,0.0,0.0,0.0,0.0,0.0,0.0,0.0,0.0,0.0,0.0,0.0,0.0,0.0,0.0,0.0,0.0
B02012,99000000119,Synthetic Census Tract 99000000119,1.0,Total:,0.0,13.534185723319068,+/-14,8.700547964990829,0.0,0.0,0.0,0.0,0.0,0.0,0.0,0.0,0.0,0.0,0.0,0.0,0.0,0.0,0.0,0.0,0.0,0.0,0.0,0.0,0.0,0.0,0.0,0.0,0.0,0.0,0.0,0.0,0.0,0.0,0.0,0.0,0.0,0.0,0.0,0.0,0.0,0.0,0.0,0.0,0.0,0.0,0.0,0.0,0.0,0.0,0.0,0.0,0.0,0.0,0.0,0.0,0.0,0.0,0.0,0.0,0.0,0.0,0.0,0.0,0.0,0.0,0.0,0.0,0.0,0.0,0.0,0.0,0.0,0.0,0.0,0.0,0.0,0.0,0.0,0.0,0.0,0.0,0.0,0.0
B02012,99000000120,Synthetic Census Tract 99000000120,1.0,Total:,30.230852665224603,47.505625616781515,+/-44,28.07150604627999,38.86823914100306,31.31052597469691,12.956079713667688,10.796733094723072,31.31052597469691,31.31052597469691,30.230852665224603,28.07150604627999,32.39019928416921,52.903992164143055,26.99183273680768,11.876406404195379,44.2666056883646,31.31052597469691,66.93974518728305,32.39019928416921,10.796733094723072,25.912159427335375,10.796733094723072,41.02758575994768,42.10725906941998,31.31052597469691,10.796733094723072,12.956079713667688,31.31052597469691,33.469872593641526,32.39019928416921,33.469872593641526,39.947912450475364,59.382032020976894,29.151179355752294,14.035753023139995,43.18693237889229,43.18693237889229,47.505625616781515,32.39019928416921,15.115426332612302,28.07150604627999,11.876406404195379,12.956079713667688,9.717059785250765,46.42595230730921,65.86007187781074,30.230852665224603,34.54954590311383,29.151179355752294,36.70889252205845,36.70889252205845,29.151179355752294,10.796733094723072,30.230852665224603,38.86823914100306,14.035753023139995,50.74464554519844,10.796733094723072,31.31052597469691,38.86823914100306,37.788565831530754,72.33811173464458,9.717059785250765,10.796733094723072,26.99183273680768,39.947912450475364,30.230852665224603,29.151179355752294,28.07150604627999,30.230852665224603,32.39019928416921,28.07150604627999,16.195099642084607,26.99183273680768,38.86823914100306,15.115426332612302,36.70889252205845,9.717059785250765,22.673139498918452,42.10725906941998,36.70889252205845,52.903992164143055,55.063338783087666
B02012,99000000121,Synthetic Census Tract 99000000121,1.0,Total:,0.0,14.73509001179783,+/-14,9.472557864727175,0.0,0.0,0.0,0.0,0.0,0.0,0.0,0.0,0.0,0.0,0.0,0.0,0.0,0.0,0.0,0.0,0.0,0.0,0.0,0.0,0.0,0.0,0.0,0.0,0.0,0.0,0.0,0.0,0.0,0.0,0.0,0.0,0.0,0.0,0.0,0.0,0.0,0.0,0.0,0.0,0.0,0.0,0.0,0.0,0.0,0.0,0.0,0.0,0.0,0.0,0.0,0.0,0.0,0.0,0.0,0.0,0.0,0.0,0.0,0.0,0.0,0.0,0.0,0.0,0.0,0.0,0.0,0.0,0.0,0.0,0.0,0.0,0.0,0.0,0.0,0.0,0.0,0.0,0.0,0.0
B02012,99000000122,Synthetic Census Tract 99000000122,1.0,Total:,0.0,13.357497834548493,+/-14,8.586962893638317,0.0,0.0,0.0,0.0,0.0,0.0,0.0,0.0,0.0,0.0,0.0,0.0,0.0,0.0,0.0,0.0,0.0,0.0,0.0,0.0,0.0,0.0,0.0,0.0,0.0,0.0,0.0,0.0,0.0,0.0,0.0,0.0,0.0,0.0,0.0,0.0,0.0,0.0,0.0,0.0,0.0,0.0,0.0,0.0,0.0,0.0,0.0,0.0,0.0,0.0,0.0,0.0,0.0,0.0,0.0,0.0,0.0,0.0,0.0,0.0,0.0,0.0,0.0,0.0,0.0,0.0,0.0,0.0,0.0,0.0,0.0,0.0,0.0,0.0,0.0,0.0,0.0,0.0,0.0,0.0
B02012,99000000123,Synthetic Census Tract 99000000123,1.0,Total:,0.0,13.619737649761753,+/-14,8.755545631989698,0.0,0.0,0.0,0.0,0.0,0.0,0.0,0.0,0.0,0.0,0.0,0.0,0.0,0.0,0.0,0.0,0.0,0.0,0.0,0.0,0.0,0.0,0.0,0.0,0.0,0.0,0.0,0.0,0.0,0.0,0.0,0.0,0.0,0.0,0.0,0.0,0.0,0.0,0.0,0.0,0.0,0.0,0.0,0.0,0.0,0.0,0.0,0.0,0.0,0.0,0.0,0.0,0.0,0.0,0.0,0.0,0.0,0.0,0.0,0.0,0.0,0.0,0.0,0.0,0.0,0.0,0.0,0.0,0.0,0.0,0.0,0.0,0.0,0.0,0.0,0.0,0.0,0.0,0.0,0.0
B02012,99000000124,Synthetic Census Tract 99000000124,1.0,Total:,0.0,13.480431944571936,+/-14,8.665991964367674,0.0,0.0,0.0,0.0,0.0,0.0,0.0,0.0,0.0,0.0,0.0,0.0,0.0,0.0,0.0,0.0,0.0,0.0,0.0,0.0,0.0,0.0,0.0,0.0,0.0,0.0,0.0,0.0,0.0,0.0,0.0,0.0,0.0,0.0,0.0,0.0,0.0,0.0,0.0,0.0,0.0,0.0,0.0,0.0,0.0,0.0,0.0,0.0,0.0,0.0,0.0,0.0,0.0,0.0,0.0,0.0,0.0,0.0,0.0,0.0,0.0,0.0,0.0,0.0,0.0,0.0,0.0,0.0,0.0,0.0,0.0,0.0,0.0,0.0,0.0,0.0,0.0,0.0,0.0,0.0
B02012,99000000125,Synthetic Census Tract 99000000125,1.0,Total:,0.0,13.041312616149998,+/-14,8.383700967525,0.0,0.0,0.0,0.0,0.0,0.0,0.0,0.0,0.0,0.0,0.0,0.0,0.0,0.0,0.0,0.0,0.0,0.0,0.0,0.0,0.0,0.0,0.0,0.0,0.0,0.0,0.0,0.0,0.0,0.0,0.0,0.0,0.0,0.0,0.0,0.0,0.0,0.0,0.0,0.0,0.0,0.0,0.0,0.0,0.0,0.0,0.0,0.0,0.0,0.0,0.0,0.0,0.0,0.0,0.0,0.0,0.0,0.0,0.0,0.0,0.0,0.0,0.0,0.0,0.0,0.0,0.0,0.0,0.0,0.0,0.0,0.0,0.0,0.0,0.0,0.0,0.0,0.0,0.0,0.0
B02012,99000000126,Synthetic Census Tract 99000000126,1.0,Total:,0.0,18.59113349016877,+/-20,11.154680094101261,0.0,0.0,0.0,0.0,0.0,0.0,0.0,0.0,0.0,0.0,0.0,0.0,0.0,0.0,0.0,0.0,0.0,0.0,0.0,0.0,0.0,0.0,0.0,0.0,0.0,0.0,0.0,0.0,0.0,0.0,0.0,0.0,0.0,0.0,0.0,0.0,0.0,0.0,0.0,0.0,0.0,0.0,0.0,0.0,0.0,0.0,0.0,0.0,0.0,0.0,0.0,0.0,0.0,0.0,0.0,0.0,0.0,0.0,0.0,0.0,0.0,0.0,0.0,0.0,0.0,0.0,0.0,0.0,0.0,0.0,0.0,0.0,0.0,0.0,0.0,0.0,0.0,0.0,0.0,0.0
B02012,99000000127,Synthetic Census Tract 99000000127,1.0,Total:,0.0,21.744509853502976,+/-20,13.046705912101785,0.0,0.0,0.0,0.0,0.0,0.0,0.0,0.0,0.0,0.0,0.0,0.0,0.0,0.0,0.0,0.0,0.0,0.0,0.0,0.0,0.0,0.0,0.0,0.0,0.0,0.0,0.0,0.0,0.0,0.0,0.0,0.0,0.0,0.0,0.0,0.0,0.0,0.0,0.0,0.0,0.0,0.0,0.0,0.0,0.0,0.0,0.0,0.0,0.0,0.0,0.0,0.0,0.0,0.0,0.0,0.0,0.0,0.0,0.0,0.0,0.0,0.0,0.0,0.0,0.0,0.0,0.0,0.0,0.0,0.0,0.0,0.0,0.0,0.0,0.0,0.0,0.0,0.0,0.0,0.0
B02012,99000000128,Synthetic Census Tract 99000000128,1.0,Total:,0.0,13.82613130415651,+/-14,8.888227266957756,0.0,0.0,0.0,0.0,0.0,0.0,0.0,0.0,0.0,0.0,0.0,0.0,0.0,0.0,0.0,0.0,0.0,0.0,0.0,0.0,0.0,0.0,0.0,0.0,0.0,0.0,0.0,0.0,0.0,0.0,0.0,0.0,0.0,0.0,0.0,0.0,0.0,0.0,0.0,0.0,0.0,0.0,0.0,0.0,0.0,0.0,0.0,0.0,0.0,0.0,0.0,0.0,0.0,0.0,0.0,0.0,0.0,0.0,0.0,0.0,0.0,0.0,0.0,0.0,0.0,0.0,0.0,0.0,0.0,0.0,0.0,0.0,0.0,0.0,0.0,0.0,0.0,0.0,0.0,0.0
B02012,99000000129,Synthetic Census Tract 99000000129,1.0,Total:,0.0,13.673295503776748,+/-14,8.789975680999337,0.0,0.0,0.0,0.0,0.0,0.0,0.0,0.0,0.0,0.0,0.0,0.0,0.0,0.0,0.0,0.0,0.0,0.0,0.0,0.0,0.0,0.0,0.0,0.0,0.0,0.0,0.0,0.0,0.0,0.0,0.0,0.0,0.0,0.0,0.0,0.0,0.0,0.0,0.0,0.0,0.0,0.0,0.0,0.0,0.0,0.0,0.0,0.0,0.0,0.0,0.0,0.0,0.0,0.0,0.0,0.0,0.0,0.0,0.0,0.0,0.0,0.0,0.0,0.0,0.0,0.0,0.0,0.0,0.0,0.0,0.0,0.0,0.0,0.0,0.0,0.0,0.0,0.0,0.0,0.0
B02012,99000000130,Synthetic Census Tract 99000000130,1.0,Total:,36.60779996074165,59.618417078922114,+/-57,36.60779996074165,42.8834228111545,12.551245700825708,15.689057126032136,57.526542795451164,14.64311998429666,62.75622850412854,42.8834228111545,39.745611385948074,65.89403992933497,69.0318513545414,31.37811425206427,28.240302826857842,14.64311998429666,51.25091994503831,42.8834228111545,13.597182842561184,35.56186281900617,40.79154852768355,26.148428543386892,11.505308559090233,12.551245700825708,25.102491401651417,38.6996742442126,36.60779996074165,31.37811425206427,64.84810278759949,12.551245700825708,36.60779996074165,58.57247993718664,61.710291362393065,56.480605653715685,10.459371417354756,32.42405139379974,35.56186281900617,38.6996742442126,33.46998853553522,75.30747420495425,49.159045661567355,10.459371417354756,34.5159256772707,23.010617118180466,11.505308559090233,10.459371417354756,66.93997707107044,13.597182842561184,43.92935995288998,21.96467997644499,60.66435422065759,53.34279422850926,53.34279422850926,31.37811425206427,31.37811425206427,12.551245700825708,72.16966277974782,47.067171378096404,13.597182842561184,26.148428543386892,64.84810278759949,27.194365685122367,13.597182842561184,11.505308559090233,27.194365685122367,46.02123423636093,36.60779996074165,53.34279422850926,50.20498280330283,12.551245700825708,50.20498280330283,37.65373710247712,50.20498280330283,50.20498280330283,20.918742834709512,60.66435422065759,48.11310851983188,47.067171378096404,37.65373710247712,49.159045661567355,60.66435422065759,12.551245700825708,36.60779996074165
B02012,99000000131,Synthetic Census Tract 99000000131,1.0,Total:,0.0,20.2119722610116,+/-20,12.12718335660696,0.0,0.0,0.0,0.0,0.0,0.0,0.0,0.0,0.0,0.0,0.0,0.0,0.0,0.0,0.0,0.0,0.0,0.0,0.0,0.0,0.0,0.0,0.0,0.0,0.0,0.0,0.0,0.0,0.0,0.0,0.0,0.0,0.0,0.0,0.0,0.0,0.0,0.0,0.0,0.0,0.0,0.0,0.0,0.0,0.0,0.0,0.0,0.0,0.0,0.0,0.0,0.0,0.0,0.0,0.0,0.0,0.0,0.0,0.0,0.0,0.0,0.0,0.0,0.0,0.0,0.0,0.0,0.0,0.0,0.0,0.0,0.0,0.0,0.0,0.0,0.0,0.0,0.0,0.0,0.0
B02012,99000000132,Synthetic Census Tract 99000000132,1.0,Total:,0.0,21.744559947353853,+/-20,13.04673596841231,0.0,0.0,0.0,0.0,0.0,0.0,0.0,0.0,0.0,0.0,0.0,0.0,0.0,0.0,0.0,0.0,0.0,0.0,0.0,0.0,0.0,0.0,0.0,0.0,0.0,0.0,0.0,0.0,0.0,0.0,0.0,0.0,0.0,0.0,0.0,0.0,0.0,0.0,0.0,0.0,0.0,0.0,0.0,0.0,0.0,0.0,0.0,0.0,0.0,0.0,0.0,0.0,0.0,0.0,0.0,0.0,0.0,0.0,0.0,0.0,0.0,0.0,0.0,0.0,0.0,0.0,0.0,0.0,0.0,0.0,0.0,0.0,0.0,0.0,0.0,0.0,0.0,0.0,0.0,0.0
B02012,99000000133,Synthetic Census Tract 99000000133,1.0,Total:,0.0,21.121205975637572,+/-20,12.672723585382542,0.0,0.0,0.0,0.0,0.0,0.0,0.0,0.0,0.0,0.0,0.0,0.0,0.0,0.0,0.0,0.0,0.0,0.0,0.0,0.0,0.0,0.0,0.0,0.0,0.0,0.0,0.0,0.0,0.0,0.0,0.0,0.0,0.0,0.0,0.0,0.0,0.0,0.0,0.0,0.0,0.0,0.0,0.0,0.0,0.0,0.0,0.0,0.0,0.0,0.0,0.0,0.0,0.0,0.0,0.0,0.0,0.0,0.0,0.0,0.0,0.0,0.0,0.0,0.0,0.0,0.0,0.0,0.0,0.0,0.0,0.0,0.0,0.0,0.0,0.0,0.0,0.0,0.0,0.0,0.0
B02012,99000000134,Synthetic Census Tract 99000000134,1.0,Total:,0.0,13.942234779548713,+/-14,8.962865215424173,0.0,0.0,0.0,0.0,0.0,0.0,0.0,0.0,0.0,0.0,0.0,0.0,0.0,0.0,0.0,0.0,0.0,0.0,0.0,0.0,0.0,0.0,0.0,0.0,0.0,0.0,0.0,0.0,0.0,0.0,0.0,0.0,0.0,0.0,0.0,0.0,0.0,0.0,0.0,0.0,0.0,0.0,0.0,0.0,0.0,0.0,0.0,0.0,0.0,0.0,0.0,0.0,0.0,0.0,0.0,0.0,0.0,0.0,0.0,0.0,0.0,0.0,0.0,0.0,0.0,0.0,0.0,0.0,0.0,0.0,0.0,0.0,0.0,0.0,0.0,0.0,0.0,0.0,0.0,0.0
B02012,99000000135,Synthetic Census Tract 99000000135,1.0,Total:,0.0,19.505437893923304,+/-20,11.703262736353983,0.0,0.0,0.0,0.0,0.0,0.0,0.0,0.0,0.0,0.0,0.0,0.0,0.0,0.0,0.0,0.0,0.0,0.0,0.0,0.0,0.0,0.0,0.0,0.0,0.0,0.0,0.0,0.0,0.0,0.0,0.0,0.0,0.0,0.0,0.0,0.0,0.0,0.0,0.0,0.0,0.0,0.0,0.0,0.0,0.0,0.0,0.0,0.0,0.0,0.0,0.0,0.0,0.0,0.0,0.0,0.0,0.0,0.0,0.0,0.0,0.0,0.0,0.0,0.0,0.0,0.0,0.0,0.0,0.0,0.0,0.0,0.0,0.0,0.0,0.0,0.0,0.0,0.0,0.0,0.0
B02012,99000000136,Synthetic Census Tract 99000000136,1.0,Total:,0.0,21.946526179697294,+/-20,13.167915707818375,0.0,0.0,0.0,0.0,0.0,0.0,0.0,0.0,0.0,0.0,0.0,0.0,0.0,0.0,0.0,0.0,0.0,0.0,0.0,0.0,0.0,0.0,0.0,0.0,0.0,0.0,0.0,0.0,0.0,0.0,0.0,0.0,0.0,0.0,0.0,0.0,0.0,0.0,0.0,0.0,0.0,0.0,0.0,0.0,0.0,0.0,0.0,0.0,0.0,0.0,0.0,0.0,0.0,0.0,0.0,0.0,0.0,0.0,0.0,0.0,0.0,0.0,0.0,0.0,0.0,0.0,0.0,0.0,0.0,0.0,0.0,0.0,0.0,0.0,0.0,0.0,0.0,0.0,0.0,0.0
B02012,99000000137,Synthetic Census Tract 99000000137,1.0,Total:,0.0,20.871040944014574,+/-20,12.522624566408744,0.0,0.0,0.0,0.0,0.0,0.0,0.0,0.0,0.0,0.0,0.0,0.0,0.0,0.0,0.0,0.0,0.0,0.0,0.0,0.0,0.0,0.0,0.0,0.0,0.0,0.0,0.0,0.0,0.0,0.0,0.0,0.0,0.0,0.0,0.0,0.0,0.0,0.0,0.0,0.0,0.0,0.0,0.0,0.0,0.0,0.0,0.0,0.0,0.0,0.0,0.0,0.0,0.0,0.0,0.0,0.0,0.0,0.0,0.0,0.0,0.0,0.0,0.0,0.0,0.0,0.0,0.0,0.0,0.0,0.0,0.0,0.0,0.0,0.0,0.0,0.0,0.0,0.0,0.0,0.0
B02012,99000000138,Synthetic Census Tract 99000000138,1.0,Total:,0.0,15.263345048010757,+/-14,9.812150388006916,0.0,0.0,0.0,0.0,0.0,0.0,0.0,0.0,0.0,0.0,0.0,0.0,0.0,0.0,0.0,0.0,0.0,0.0,0.0,0.0,0.0,0.0,0.0,0.0,0.0,0.0,0.0,0.0,0.0,0.0,0.0,0.0,0.0,0.0,0.0,0.0,0.0,0.0,0.0,0.0,0.0,0.0,0.0,0.0,0.0,0.0,0.0,0.0,0.0,0.0,0.0,0.0,0.0,0.0,0.0,0.0,0.0,0.0,0.0,0.0,0.0,0.0,0.0,0.0,0.0,0.0,0.0,0.0,0.0,0.0,0.0,0.0,0.0,0.0,0.0,0.0,0.0,0.0,0.0,0.0
B02012,99000000139,Synthetic Census Tract 99000000139,1.0,Total:,37.87152433317974,43.41369862584019,+/-47,25.863480032415435,58.192830072934726,52.65065578027428,36.024132902292926,28.63456717874566,40.642611479509966,36.947828617736334,20.321305739754983,28.63456717874566,26.787175747858843,24.016088601528615,49.879568633944054,20.321305739754983,22.1686971706418,32.329350040519294,38.79522004862315,45.26109005672701,34.17674147140611,54.498047211161094,52.65065578027428,24.016088601528615,45.26109005672701,29.558262894189067,26.787175747858843,22.1686971706418,57.26913435749132,23.092392886085207,34.17674147140611,53.574351495717686,34.17674147140611,43.41369862584019,23.092392886085207,12.931740016207717,48.03217720305723,55.4217429266045,29.558262894189067,40.642611479509966,48.03217720305723,49.879568633944054,55.4217429266045,55.4217429266045,32.329350040519294,68.35348294281222,36.024132902292926,35.10043718684952,20.321305739754983,67.4297872273688,21.24500145519839,43.41369862584019,44.3373943412836,25.863480032415435,39.71891576406656,40.642611479509966,25.863480032415435,38.79522004862315,31.405654325075883,60.04022150382154,12.008044300764308,37.87152433317974,32.329350040519294,19.397610024311575,24.939784316972027,46.184785772170414,41.566307194953374,31.405654325075883,37.87152433317974,48.03217720305723,36.947828617736334,43.41369862584019,59.116525788378134,42.49000291039678,23.092392886085207,33.2530457559627,50.80326434938746,46.184785772170414,24.016088601528615,63.735004365595174,20.321305739754983,31.405654325075883,25.863480032415435,48.95587291850064
B02012,99000000140,Synthetic Census Tract 99000000140,1.0,Total:,0.0,14.981494301734193,+/-14,9.630960622543409,0.0,0.0,0.0,0.0,0.0,0.0,0.0,0.0,0.0,0.0,0.0,0.0,0.0,0.0,0.0,0.0,0.0,0.0,0.0,0.0,0.0,0.0,0.0,0.0,0.0,0.0,0.0,0.0,0.0,0.0,0.0,0.0,0.0,0.0,0.0,0.0,0.0,0.0,0.0,0.0,0.0,0.0,0.0,0.0,0.0,0.0,0.0,0.0,0.0,0.0,0.0,0.0,0.0,0.0,0.0,0.0,0.0,0.0,0.0,0.0,0.0,0.0,0.0,0.0,0.0,0.0,0.0,0.0,0.0,0.0,0.0,0.0,0.0,0.0,0.0,0.0,0.0,0.0,0.0,0.0
B02012,99000000141,Synthetic Census Tract 99000000141,1.0,Total:,0.0,20.548295535964833,+/-20,12.328977321578899,0.0,0.0,0.0,0.0,0.0,0.0,0.0,0.0,0.0,0.0,0.0,0.0,0.0,0.0,0.0,0.0,0.0,0.0,0.0,0.0,0.0,0.0,0.0,0.0,0.0,0.0,0.0,0.0,0.0,0.0,0.0,0.0,0.0,0.0,0.0,0.0,0.0,0.0,0.0,0.0,0.0,0.0,0.0,0.0,0.0,0.0,0.0,0.0,0.0,0.0,0.0,0.0,0.0,0.0,0.0,0.0,0.0,0.0,0.0,0.0,0.0,0.0,0.0,0.0,0.0,0.0,0.0,0.0,0.0,0.0,0.0,0.0,0.0,0.0,0.0,0.0,0.0,0.0,0.0,0.0
B02012,99000000142,Synthetic Census Tract 99000000142,1.0,Total:,0.0,12.941380699338314,+/-14,8.319459021003203,0.0,0.0,0.0,0.0,0.0,0.0,0.0,0.0,0.0,0.0,0.0,0.0,0.0,0.0,0.0,0.0,0.0,0.0,0.0,0.0,0.0,0.0,0.0,0.0,0.0,0.0,0.0,0.0,0.0,0.0,0.0,0.0,0.0,0.0,0.0,0.0,0.0,0.0,0.0,0.0,0.0,0.0,0.0,0.0,0.0,0.0,0.0,0.0,0.0,0.0,0.0,0.0,0.0,0.0,0.0,0.0,0.0,0.0,0.0,0.0,0.0,0.0,0.0,0.0,0.0,0.0,0.0,0.0,0.0,0.0,0.0,0.0,0.0,0.0,0.0,0.0,0.0,0.0,0.0,0.0
B02012,99000000143,Synthetic Census Tract 99000000143,1.0,Total:,0.0,14.24712239991382,+/-14,9.158864399944598,0.0,0.0,0.0,0.0,0.0,0.0,0.0,0.0,0.0,0.0,0.0,0.0,0.0,0.0,0.0,0.0,0.0,0.0,0.0,0.0,0.0,0.0,0.0,0.0,0.0,0.0,0.0,0.0,0.0,0.0,0.0,0.0,0.0,0.0,0.0,0.0,0.0,0.0,0.0,0.0,0.0,0.0,0.0,0.0,0.0,0.0,0.0,0.0,0.0,0.0,0.0,0.0,0.0,0.0,0.0,0.0,0.0,0.0,0.0,0.0,0.0,0.0,0.0,0.0,0.0,0.0,0.0,0.0,0.0,0.0,0.0,0.0,0.0,0.0,0.0,0.0,0.0,0.0,0.0,0.0
B02012,99000000144,Synthetic Census Tract 99000000144,1.0,Total:,0.0,14.521069822295258,+/-14,9.33497345718981,0.0,0.0,0.0,0.0,0.0,0.0,0.0,0.0,0.0,0.0,0.0,0.0,0.0,0.0,0.0,0.0,0.0,0.0,0.0,0.0,0.0,0.0,0.0,0.0,0.0,0.0,0.0,0.0,0.0,0.0,0.0,0.0,0.0,0.0,0.0,0.0,0.0,0.0,0.0,0.0,0.0,0.0,0.0,0.0,0.0,0.0,0.0,0.0,0.0,0.0,0.0,0.0,0.0,0.0,0.0,0.0,0.0,0.0,0.0,0.0,0.0,0.0,0.0,0.0,0.0,0.0,0.0,0.0,0.0,0.0,0.0,0.0,0.0,0.0,0.0,0.0,0.0,0.0,0.0,0.0
B02012,99000000145,Synthetic Census Tract 99000000145,1.0,Total:,0.0,12.634447520488088,+/-14,8.122144834599485,0.0,0.0,0.0,0.0,0.0,0.0,0.0,0.0,0.0,0.0,0.0,0.0,0.0,0.0,0.0,0.0,0.0,0.0,0.0,0.0,0.0,0.0,0.0,0.0,0.0,0.0,0.0,0.0,0.0,0.0,0.0,0.0,0.0,0.0,0.0,0.0,0.0,0.0,0.0,0.0,0.0,0.0,0.0,0.0,0.0,0.0,0.0,0.0,0.0,0.0,0.0,0.0,0.0,0.0,0.0,0.0,0.0,0.0,0.0,0.0,0.0,0.0,0.0,0.0,0.0,0.0,0.0,0.0,0.0,0.0,0.0,0.0,0.0,0.0,0.0,0.0,0.0,0.0,0.0,0.0
B02012,99000000146,Synthetic Census Tract 99000000146,1.0,Total:,0.0,13.87209029315689,+/-14,8.917772331315144,0.0,0.0,0.0,0.0,0.0,0.0,0.0,0.0,0.0,0.0,0.0,0.0,0.0,0.0,0.0,0.0,0.0,0.0,0.0,0.0,0.0,0.0,0.0,0.0,0.0,0.0,0.0,0.0,0.0,0.0,0.0,0.0,0.0,0.0,0.0,0.0,0.0,0.0,0.0,0.0,0.0,0.0,0.0,0.0,0.0,0.0,0.0,0.0,0.0,0.0,0.0,0.0,0.0,0.0,0.0,0.0,0.0,0.0,0.0,0.0,0.0,0.0,0.0,0.0,0.0,0.0,0.0,0.0,0.0,0.0,0.0,0.0,0.0,0.0,0.0,0.0,0.0,0.0,0.0,0.0
B02012,99000000147,Synthetic Census Tract 99000000147,1.0,Total:,0.0,21.301598044785287,+/-20,12.78095882687117,0.0,0.0,0.0,0.0,0.0,0.0,0.0,0.0,0.0,0.0,0.0,0.0,0.0,0.0,0.0,0.0,0.0,0.0,0.0,0.0,0.0,0.0,0.0,0.0,0.0,0.0,0.0,0.0,0.0,0.0,0.0,0.0,0.0,0.0,0.0,0.0,0.0,0.0,0.0,0.0,0.0,0.0,0.0,0.0,0.0,0.0,0.0,0.0,0.0,0.0,0.0,0.0,0.0,0.0,0.0,0.0,0.0,0.0,0.0,0.0,0.0,0.0,0.0,0.0,0.0,0.0,0.0,0.0,0.0,0.0,0.0,0.0,0.0,0.0,0.0,0.0,0.0,0.0,0.0,0.0
B02012,99000000148,Synthetic Census Tract 99000000148,1.0,Total:,19.181436101376363,38.362872202752726,+/-40,23.017723321651633,22.058651516582817,30.690297762202178,31.649369567270995,23.97679512672045,19.181436101376363,18.222364296307543,12.467933465894635,19.181436101376363,12.467933465894635,4.795359025344091,7.6725744405505445,3.8362872202752722,25.894938736858087,32.60844137233981,13.427005270963452,6.713502635481726,14.38607707603227,18.222364296307543,4.795359025344091,46.03544664330327,33.567513177408635,25.894938736858087,29.73122595713336,50.83080566864736,20.14050790644518,14.38607707603227,16.304220686169906,35.48565678754627,27.813082346995724,8.631646245619363,4.795359025344091,8.631646245619363,26.854010541926904,43.15823122809681,15.345148881101089,5.754430830412908,14.38607707603227,18.222364296307543,5.754430830412908,8.631646245619363,21.099579711513996,6.713502635481726,4.795359025344091,9.590718050688182,21.099579711513996,17.263292491238726,35.48565678754627,23.017723321651633,22.058651516582817,35.48565678754627,26.854010541926904,49.87173386357854,31.649369567270995,9.590718050688182,19.181436101376363,31.649369567270995,13.427005270963452,14.38607707603227,31.649369567270995,4.795359025344091,14.38607707603227,5.754430830412908,4.795359025344091,6.713502635481726,20.14050790644518,18.222364296307543,12.467933465894635,16.304220686169906,23.017723321651633,23.97679512672045,26.854010541926904,39.32194400782154,21.099579711513996,5.754430830412908,23.017723321651633,39.32194400782154,19.181436101376363,19.181436101376363,19.181436101376363,42.19915942302799
B02012,99000000149,Synthetic Census Tract 99000000149,1.0,Total:,62.47770583066175,93.22070393781277,+/-94,56.52744813250349,68.42796352882002,56.52744813250349,97.18754240325161,55.53573851614378,83.30360777421566,51.56890005070494,64.46112506338117,103.13780010140988,45.61864235254667,36.693255805309285,117.02173473044581,80.32847892513654,22.809321176273336,63.46941544702146,57.5191577488632,33.71812695623015,88.26215585601422,15.867353861755365,52.56060966706465,36.693255805309285,39.66838465438841,74.37822122697827,115.0383154977264,47.6020615852661,67.4362539124603,78.34505969241711,67.4362539124603,74.37822122697827,35.70154618894957,19.834192327194206,94.21241355417249,121.98028281224437,25.78445002535247,74.37822122697827,83.30360777421566,36.693255805309285,74.37822122697827,31.73470772351073,77.35335007605741,46.610351968906386,69.41967314517973,66.44454429610059,41.65180388710783,38.676675038028705,99.17096163597104,44.626932736186966,50.577190434345226,122.97199242860408,58.51086736522291,31.73470772351073,120.98857319588465,84.29531739057538,17.850773094474786,104.12950971776958,57.5191577488632,29.75128849079131,76.3616404596977,16.859063478115075,68.42796352882002,29.75128849079131,47.6020615852661,66.44454429610059,78.34505969241711,40.660094270748125,93.22070393781277,63.46941544702146,33.71812695623015,84.29531739057538,75.36993084333798,25.78445002535247,123.9637020449638,106.112928950489,34.709836572589865,67.4362539124603,73.38651161061857,34.709836572589865,37.68496542166899,20.825901943553916,63.46941544702146,37.68496542166899
B02012,99000000150,Synthetic Census Tract 99000000150,1.0,Total:,0.0,19.769256508271575,+/-20,11.861553904962944,0.0,0.0,0.0,0.0,0.0,0.0,0.0,0.0,0.0,0.0,0.0,0.0,0.0,0.0,0.0,0.0,0.0,0.0,0.0,0.0,0.0,0.0,0.0,0.0,0.0,0.0,0.0,0.0,0.0,0.0,0.0,0.0,0.0,0.0,0.0,0.0,0.0,0.0,0.0,0.0,0.0,0.0,0.0,0.0,0.0,0.0,0.0,0.0,0.0,0.0,0.0,0.0,0.0,0.0,0.0,0.0,0.0,0.0,0.0,0.0,0.0,0.0,0.0,0.0,0.0,0.0,0.0,0.0,0.0,0.0,0.0,0.0,0.0,0.0,0.0,0.0,0.0,0.0,0.0,0.0
B02012,99000000151,Synthetic Census Tract 99000000151,1.0,Total:,0.0,13.445396696038978,+/-14,8.643469304596486,0.0,0.0,0.0,0.0,0.0,0.0,0.0,0.0,0.0,0.0,0.0,0.0,0.0,0.0,0.0,0.0,0.0,0.0,0.0,0.0,0.0,0.0,0.0,0.0,0.0,0.0,0.0,0.0,0.0,0.0,0.0,0.0,0.0,0.0,0.0,0.0,0.0,0.0,0.0,0.0,0.0,0.0,0.0,0.0,0.0,0.0,0.0,0.0,0.0,0.0,0.0,0.0,0.0,0.0,0.0,0.0,0.0,0.0,0.0,0.0,0.0,0.0,0.0,0.0,0.0,0.0,0.0,0.0,0.0,0.0,0.0,0.0,0.0,0.0,0.0,0.0,0.0,0.0,0.0,0.0
B02012,99000000152,Synthetic Census Tract 99000000152,1.0,Total:,0.0,15.171637307443552,+/-14,9.753195411927997,0.0,0.0,0.0,0.0,0.0,0.0,0.0,0.0,0.0,0.0,0.0,0.0,0.0,0.0,0.0,0.0,0.0,0.0,0.0,0.0,0.0,0.0,0.0,0.0,0.0,0.0,0.0,0.0,0.0,0.0,0.0,0.0,0.0,0.0,0.0,0.0,0.0,0.0,0.0,0.0,0.0,0.0,0.0,0.0,0.0,0.0,0.0,0.0,0.0,0.0,0.0,0.0,0.0,0.0,0.0,0.0,0.0,0.0,0.0,0.0,0.0,0.0,0.0,0.0,0.0,0.0,0.0,0.0,0.0,0.0,0.0,0.0,0.0,0.0,0.0,0.0,0.0,0.0,0.0,0.0
B02012,99000000153,Synthetic Census Tract 99000000153,1.0,Total:,0.0,14.787623299208246,+/-14,9.50632926377673,0.0,0.0,0.0,0.0,0.0,0.0,0.0,0.0,0.0,0.0,0.0,0.0,0.0,0.0,0.0,0.0,0.0,0.0,0.0,0.0,0.0,0.0,0.0,0.0,0.0,0.0,0.0,0.0,0.0,0.0,0.0,0.0,0.0,0.0,0.0,0.0,0.0,0.0,0.0,0.0,0.0,0.0,0.0,0.0,0.0,0.0,0.0,0.0,0.0,0.0,0.0,0.0,0.0,0.0,0.0,0.0,0.0,0.0,0.0,0.0,0.0,0.0,0.0,0.0,0.0,0.0,0.0,0.0,0.0,0.0,0.0,0.0,0.0,0.0,0.0,0.0,0.0,0.0,0.0,0.0
B02012,99000000154,Synthetic Census Tract 99000000154,1.0,Total:,0.0,12.90964755078911,+/-14,8.299059139792998,0.0,0.0,0.0,0.0,0.0,0.0,0.0,0.0,0.0,0.0,0.0,0.0,0.0,0.0,0.0,0.0,0.0,0.0,0.0,0.0,0.0,0.0,0.0,0.0,0.0,0.0,0.0,0.0,0.0,0.0,0.0,0.0,0.0,0.0,0.0,0.0,0.0,0.0,0.0,0.0,0.0,0.0,0.0,0.0,0.0,0.0,0.0,0.0,0.0,0.0,0.0,0.0,0.0,0.0,0.0,0.0,0.0,0.0,0.0,0.0,0.0,0.0,0.0,0.0,0.0,0.0,0.0,0.0,0.0,0.0,0.0,0.0,0.0,0.0,0.0,0.0,0.0,0.0,0.0,0.0
B02012,99000000155,Synthetic Census Tract 99000000155,1.0,Total:,0.0,15.391697041945207,+/-14,9.894662384107633,0.0,0.0,0.0,0.0,0.0,0.0,0.0,0.0,0.0,0.0,0.0,0.0,0.0,0.0,0.0,0.0,0.0,0.0,0.0,0.0,0.0,0.0,0.0,0.0,0.0,0.0,0.0,0.0,0.0,0.0,0.0,0.0,0.0,0.0,0.0,0.0,0.0,0.0,0.0,0.0,0.0,0.0,0.0,0.0,0.0,0.0,0.0,0.0,0.0,0.0,0.0,0.0,0.0,0.0,0.0,0.0,0.0,0.0,0.0,0.0,0.0,0.0,0.0,0.0,0.0,0.0,0.0,0.0,0.0,0.0,0.0,0.0,0.0,0.0,0.0,0.0,0.0,0.0,0.0,0.0
B02012,99000000156,Synthetic Census Tract 99000000156,1.0,Total:,0.0,15.061760068061687,+/-14,9.682560043753941,0.0,0.0,0.0,0.0,0.0,0.0,0.0,0.0,0.0,0.0,0.0,0.0,0.0,0.0,0.0,0.0,0.0,0.0,0.0,0.0,0.0,0.0,0.0,0.0,0.0,0.0,0.0,0.0,0.0,0.0,0.0,0.0,0.0,0.0,0.0,0.0,0.0,0.0,0.0,0.0,0.0,0.0,0.0,0.0,0.0,0.0,0.0,0.0,0.0,0.0,0.0,0.0,0.0,0.0,0.0,0.0,0.0,0.0,0.0,0.0,0.0,0.0,0.0,0.0,0.0,0.0,0.0,0.0,0.0,0.0,0.0,0.0,0.0,0.0,0.0,0.0,0.0,0.0,0.0,0.0
B02012,99000000157,Synthetic Census Tract 99000000157,1.0,Total:,41.14161256563074,71.75862656796059,+/-75,43.05517594077635,72.71540825553339,63.14759137980531,46.88230269106758,51.66621112893162,10.524598563300886,38.27126750291231,42.098394253203544,36.357704127766695,29.660232314757042,13.394943626019309,45.92552100349477,31.573795689902656,65.06115475495093,65.06115475495093,10.524598563300886,15.308507001164925,59.320464629514085,37.3144858153395,11.481380250873693,56.45011956679566,66.01793644252373,80.36966175611586,47.839084378640386,49.75264775378601,12.438161938446502,35.40092244019389,43.05517594077635,49.75264775378601,38.27126750291231,15.308507001164925,37.3144858153395,40.18483087805793,70.80184488038778,98.5485138199992,22.962760501747386,11.481380250873693,57.40690125436847,37.3144858153395,13.394943626019309,34.44414075262108,80.36966175611586,94.72138706970797,42.098394253203544,52.62299281650443,15.308507001164925,49.75264775378601,43.05517594077635,51.66621112893162,36.357704127766695,14.351725313592118,45.92552100349477,33.487359065048274,58.36368294194128,62.190809692232506,12.438161938446502,18.178852063883348,68.88828150524216,49.75264775378601,8.61103518815527,39.228049190485116,71.75862656796059,95.67816875728077,36.357704127766695,37.3144858153395,12.438161938446502,36.357704127766695,35.40092244019389,42.098394253203544,29.660232314757042,14.351725313592118,36.357704127766695,45.92552100349477,55.49333787922285,65.06115475495093,13.394943626019309,10.524598563300886,61.2340280046597,42.098394253203544,15.308507001164925,47.839084378640386
B02012,99000000158,Synthetic Census Tract 99000000158,1.0,Total:,0.0,14.94331042305063,+/-14,9.60641384338969,0.0,0.0,0.0,0.0,0.0,0.0,0.0,0.0,0.0,0.0,0.0,0.0,0.0,0.0,0.0,0.0,0.0,0.0,0.0,0.0,0.0,0.0,0.0,0.0,0.0,0.0,0.0,0.0,0.0,0.0,0.0,0.0,0.0,0.0,0.0,0.0,0.0,0.0,0.0,0.0,0.0,0.0,0.0,0.0,0.0,0.0,0.0,0.0,0.0,0.0,0.0,0.0,0.0,0.0,0.0,0.0,0.0,0.0,0.0,0.0,0.0,0.0,0.0,0.0,0.0,0.0,0.0,0.0,0.0,0.0,0.0,0.0,0.0,0.0,0.0,0.0,0.0,0.0,0.0,0.0
B02012,99000000159,Synthetic Census Tract 99000000159,1.0,Total:,15.661826408362701,28.559801097602573,+/-31,17.504394221111255,42.379059693216725,21.189529846608362,8.291555157368489,16.583110314736977,5.527703438245659,16.583110314736977,22.110813752982637,12.897974689239872,18.425678127485533,10.134122970117042,14.740542501988426,31.323652816725403,4.606419531871383,11.976690782865596,23.953381565731192,8.291555157368489,4.606419531871383,19.346962033859807,40.53649188046817,13.81925859561415,14.740542501988426,21.189529846608362,10.134122970117042,11.055406876491318,9.212839063742766,33.166220629473955,4.606419531871383,5.527703438245659,10.134122970117042,4.606419531871383,15.661826408362701,9.212839063742766,11.055406876491318,4.606419531871383,23.953381565731192,14.740542501988426,17.504394221111255,27.6385171912283,14.740542501988426,5.527703438245659,3.6851356254971064,11.055406876491318,13.81925859561415,10.134122970117042,19.346962033859807,14.740542501988426,12.897974689239872,14.740542501988426,11.976690782865596,18.425678127485533,16.583110314736977,8.291555157368489,24.87466547210547,21.189529846608362,18.425678127485533,16.583110314736977,18.425678127485533,12.897974689239872,4.606419531871383,22.110813752982637,11.976690782865596,4.606419531871383,19.346962033859807,18.425678127485533,29.48108500397685,3.6851356254971064,23.032097659356914,16.583110314736977,23.032097659356914,29.48108500397685,6.448987344619936,15.661826408362701,32.244936723099684,28.559801097602573,3.6851356254971064,20.268245940234085,26.71723328485402,3.6851356254971064,16.583110314736977,32.244936723099684
B02012,99000000160,Synthetic Census Tract 99000000160,1.0,Total:,0.0,15.397493245327869,+/-14,9.89838851485363,0.0,0.0,0.0,0.0,0.0,0.0,0.0,0.0,0.0,0.0,0.0,0.0,0.0,0.0,0.0,0.0,0.0,0.0,0.0,0.0,0.0,0.0,0.0,0.0,0.0,0.0,0.0,0.0,0.0,0.0,0.0,0.0,0.0,0.0,0.0,0.0,0.0,0.0,0.0,0.0,0.0,0.0,0.0,0.0,0.0,0.0,0.0,0.0,0.0,0.0,0.0,0.0,0.0,0.0,0.0,0.0,0.0,0.0,0.0,0.0,0.0,0.0,0.0,0.0,0.0,0.0,0.0,0.0,0.0,0.0,0.0,0.0,0.0,0.0,0.0,0.0,0.0,0.0,0.0,0.0
B02012,99000000161,Synthetic Census Tract 99000000161,1.0,Total:,0.0,14.463917261098304,+/-14,9.298232524991768,0.0,0.0,0.0,0.0,0.0,0.0,0.0,0.0,0.0,0.0,0.0,0.0,0.0,0.0,0.0,0.0,0.0,0.0,0.0,0.0,0.0,0.0,0.0,0.0,0.0,0.0,0.0,0.0,0.0,0.0,0.0,0.0,0.0,0.0,0.0,0.0,0.0,0.0,0.0,0.0,0.0,0.0,0.0,0.0,0.0,0.0,0.0,0.0,0.0,0.0,0.0,0.0,0.0,0.0,0.0,0.0,0.0,0.0,0.0,0.0,0.0,0.0,0.0,0.0,0.0,0.0,0.0,0.0,0.0,0.0,0.0,0.0,0.0,0.0,0.0,0.0,0.0,0.0,0.0,0.0
B02012,99000000162,Synthetic Census Tract 99000000162,1.0,Total:,2.060050006223519,4.120100012447038,+/-4,2.060050006223519,2.060050006223519,2.060050006223519,2.060050006223519,1.0300250031117595,3.0900750093352785,0.0,2.060050006223519,2.060050006223519,1.0300250031117595,3.0900750093352785,4.120100012447038,1.0300250031117595,1.0300250031117595,2.060050006223519,3.0900750093352785,3.0900750093352785,3.0900750093352785,3.0900750093352785,4.120100012447038,1.0300250031117595,2.060050006223519,2.060050006223519,2.060050006223519,4.120100012447038,2.060050006223519,3.0900750093352785,2.060050006223519,2.060050006223519,4.120100012447038,2.060050006223519,1.0300250031117595,4.120100012447038,4.120100012447038,0.0,3.0900750093352785,2.060050006223519,0.0,2.060050006223519,1.0300250031117595,1.0300250031117595,2.060050006223519,2.060050006223519,2.060050006223519,5.150125015558798,3.0900750093352785,3.0900750093352785,2.060050006223519,3.0900750093352785,4.120100012447038,1.0300250031117595,1.0300250031117595,5.150125015558798,4.120100012447038,1.0300250031117595,2.060050006223519,2.060050006223519,1.0300250031117595,2.060050006223519,1.0300250031117595,4.120100012447038,3.0900750093352785,2.060050006223519,2.060050006223519,1.0300250031117595,2.060050006223519,1.0300250031117595,2.060050006223519,2.060050006223519,1.0300250031117595,2.060050006223519,4.120100012447038,1.0300250031117595,1.0300250031117595,4.120100012447038,1.0300250031117595,2.060050006223519,4.120100012447038,2.060050006223519,3.0900750093352785,4.120100012447038
B02012,99000000163,Synthetic Census Tract 99000000163,1.0,Total:,0.0,12.853234035555573,+/-14,8.262793308571439,0.0,0.0,0.0,0.0,0.0,0.0,0.0,0.0,0.0,0.0,0.0,0.0,0.0,0.0,0.0,0.0,0.0,0.0,0.0,0.0,0.0,0.0,0.0,0.0,0.0,0.0,0.0,0.0,0.0,0.0,0.0,0.0,0.0,0.0,0.0,0.0,0.0,0.0,0.0,0.0,0.0,0.0,0.0,0.0,0.0,0.0,0.0,0.0,0.0,0.0,0.0,0.0,0.0,0.0,0.0,0.0,0.0,0.0,0.0,0.0,0.0,0.0,0.0,0.0,0.0,0.0,0.0,0.0,0.0,0.0,0.0,0.0,0.0,0.0,0.0,0.0,0.0,0.0,0.0,0.0
B02012,99000000164,Synthetic Census Tract 99000000164,1.0,Total:,0.0,21.588133595586502,+/-20,12.952880157351903,0.0,0.0,0.0,0.0,0.0,0.0,0.0,0.0,0.0,0.0,0.0,0.0,0.0,0.0,0.0,0.0,0.0,0.0,0.0,0.0,0.0,0.0,0.0,0.0,0.0,0.0,0.0,0.0,0.0,0.0,0.0,0.0,0.0,0.0,0.0,0.0,0.0,0.0,0.0,0.0,0.0,0.0,0.0,0.0,0.0,0.0,0.0,0.0,0.0,0.0,0.0,0.0,0.0,0.0,0.0,0.0,0.0,0.0,0.0,0.0,0.0,0.0,0.0,0.0,0.0,0.0,0.0,0.0,0.0,0.0,0.0,0.0,0.0,0.0,0.0,0.0,0.0,0.0,0.0,0.0
B02012,99000000165,Synthetic Census Tract 99000000165,1.0,Total:,19.021797913458773,28.985596820508604,+/-32,18.115998012817876,7.246399205127151,25.36239721794503,23.55079741666324,22.644997516022347,16.30439821153609,5.434799403845363,20.83339771474056,22.644997516022347,39.85519562819933,26.268197118585924,6.340599304486258,11.77539870833162,38.94939572755844,25.36239721794503,9.963798907049833,41.66679542948112,33.51459632371307,25.36239721794503,15.398598310895196,21.739197615381453,28.985596820508604,16.30439821153609,23.55079741666324,16.30439821153609,16.30439821153609,19.021797913458773,15.398598310895196,15.398598310895196,7.246399205127151,6.340599304486258,22.644997516022347,23.55079741666324,5.434799403845363,14.492798410254302,27.173997019226817,9.057999006408938,8.152199105768045,24.456597317304134,18.115998012817876,15.398598310895196,6.340599304486258,16.30439821153609,14.492798410254302,24.456597317304134,17.210198112176982,9.963798907049833,22.644997516022347,19.021797913458773,28.07979691986771,26.268197118585924,9.057999006408938,9.057999006408938,28.07979691986771,18.115998012817876,6.340599304486258,22.644997516022347,21.739197615381453,15.398598310895196,19.927597814099666,19.927597814099666,28.985596820508604,19.927597814099666,20.83339771474056,24.456597317304134,25.36239721794503,42.57259533012201,19.021797913458773,16.30439821153609,7.246399205127151,9.963798907049833,41.66679542948112,19.927597814099666,10.869598807690727,25.36239721794503,31.702996522431285,7.246399205127151,10.869598807690727,22.644997516022347,20.83339771474056,24.456597317304134
B02012,99000000166,Synthetic Census Tract 99000000166,1.0,Total:,0.0,13.274318562515212,+/-14,8.533490504474065,0.0,0.0,0.0,0.0,0.0,0.0,0.0,0.0,0.0,0.0,0.0,0.0,0.0,0.0,0.0,0.0,0.0,0.0,0.0,0.0,0.0,0.0,0.0,0.0,0.0,0.0,0.0,0.0,0.0,0.0,0.0,0.0,0.0,0.0,0.0,0.0,0.0,0.0,0.0,0.0,0.0,0.0,0.0,0.0,0.0,0.0,0.0,0.0,0.0,0.0,0.0,0.0,0.0,0.0,0.0,0.0,0.0,0.0,0.0,0.0,0.0,0.0,0.0,0.0,0.0,0.0,0.0,0.0,0.0,0.0,0.0,0.0,0.0,0.0,0.0,0.0,0.0,0.0,0.0,0.0
B02012,99000000167,Synthetic Census Tract 99000000167,1.0,Total:,7.428835000266616,12.071856875433252,+/-13,7.428835000266616,6.500230625233289,2.785813125099981,15.78627437556656,12.071856875433252,7.428835000266616,7.428835000266616,6.500230625233289,2.785813125099981,7.428835000266616,12.071856875433252,5.571626250199962,12.071856875433252,11.143252500399925,1.857208750066654,7.428835000266616,2.785813125099981,8.357439375299943,9.28604375033327,2.785813125099981,7.428835000266616,8.357439375299943,2.785813125099981,9.28604375033327,19.500691875699868,8.357439375299943,7.428835000266616,8.357439375299943,1.857208750066654,8.357439375299943,14.857670000533233,6.500230625233289,13.929065625499906,11.143252500399925,2.785813125099981,6.500230625233289,1.857208750066654,7.428835000266616,8.357439375299943,2.785813125099981,9.28604375033327,6.500230625233289,2.785813125099981,12.071856875433252,9.28604375033327,7.428835000266616,6.500230625233289,8.357439375299943,3.714417500133308,8.357439375299943,8.357439375299943,9.28604375033327,13.929065625499906,12.071856875433252,3.714417500133308,7.428835000266616,2.785813125099981,6.500230625233289,5.571626250199962,2.785813125099981,8.357439375299943,6.500230625233289,2.785813125099981,10.214648125366597,11.143252500399925,6.500230625233289,7.428835000266616,7.428835000266616,1.857208750066654,6.500230625233289,10.214648125366597,12.071856875433252,9.28604375033327,10.214648125366597,2.785813125099981,9.28604375033327,2.785813125099981,8.357439375299943,7.428835000266616,2.785813125099981,5.571626250199962
B02012,99000000168,Synthetic Census Tract 99000000168,1.0,Total:,0.0,14.774950233938211,+/-14,9.498182293245993,0.0,0.0,0.0,0.0,0.0,0.0,0.0,0.0,0.0,0.0,0.0,0.0,0.0,0.0,0.0,0.0,0.0,0.0,0.0,0.0,0.0,0.0,0.0,0.0,0.0,0.0,0.0,0.0,0.0,0.0,0.0,0.0,0.0,0.0,0.0,0.0,0.0,0.0,0.0,0.0,0.0,0.0,0.0,0.0,0.0,0.0,0.0,0.0,0.0,0.0,0.0,0.0,0.0,0.0,0.0,0.0,0.0,0.0,0.0,0.0,0.0,0.0,0.0,0.0,0.0,0.0,0.0,0.0,0.0,0.0,0.0,0.0,0.0,0.0,0.0,0.0,0.0,0.0,0.0,0.0
B02012,99000000169,Synthetic Census Tract 99000000169,1.0,Total:,0.0,13.154971836196115,+/-14,8.456767608983217,0.0,0.0,0.0,0.0,0.0,0.0,0.0,0.0,0.0,0.0,0.0,0.0,0.0,0.0,0.0,0.0,0.0,0.0,0.0,0.0,0.0,0.0,0.0,0.0,0.0,0.0,0.0,0.0,0.0,0.0,0.0,0.0,0.0,0.0,0.0,0.0,0.0,0.0,0.0,0.0,0.0,0.0,0.0,0.0,0.0,0.0,0.0,0.0,0.0,0.0,0.0,0.0,0.0,0.0,0.0,0.0,0.0,0.0,0.0,0.0,0.0,0.0,0.0,0.0,0.0,0.0,0.0,0.0,0.0,0.0,0.0,0.0,0.0,0.0,0.0,0.0,0.0,0.0,0.0,0.0
B02012,99000000170,Synthetic Census Tract 99000000170,1.0,Total:,0.0,15.149787035966481,+/-14,9.739148808835594,0.0,0.0,0.0,0.0,0.0,0.0,0.0,0.0,0.0,0.0,0.0,0.0,0.0,0.0,0.0,0.0,0.0,0.0,0.0,0.0,0.0,0.0,0.0,0.0,0.0,0.0,0.0,0.0,0.0,0.0,0.0,0.0,0.0,0.0,0.0,0.0,0.0,0.0,0.0,0.0,0.0,0.0,0.0,0.0,0.0,0.0,0.0,0.0,0.0,0.0,0.0,0.0,0.0,0.0,0.0,0.0,0.0,0.0,0.0,0.0,0.0,0.0,0.0,0.0,0.0,0.0,0.0,0.0,0.0,0.0,0.0,0.0,0.0,0.0,0.0,0.0,0.0,0.0,0.0,0.0
B02012,99000000171,Synthetic Census Tract 99000000171,1.0,Total:,0.0,20.625076157309962,+/-20,12.375045694385976,0.0,0.0,0.0,0.0,0.0,0.0,0.0,0.0,0.0,0.0,0.0,0.0,0.0,0.0,0.0,0.0,0.0,0.0,0.0,0.0,0.0,0.0,0.0,0.0,0.0,0.0,0.0,0.0,0.0,0.0,0.0,0.0,0.0,0.0,0.0,0.0,0.0,0.0,0.0,0.0,0.0,0.0,0.0,0.0,0.0,0.0,0.0,0.0,0.0,0.0,0.0,0.0,0.0,0.0,0.0,0.0,0.0,0.0,0.0,0.0,0.0,0.0,0.0,0.0,0.0,0.0,0.0,0.0,0.0,0.0,0.0,0.0,0.0,0.0,0.0,0.0,0.0,0.0,0.0,0.0
B02012,99000000172,Synthetic Census Tract 99000000172,1.0,Total:,0.0,18.144650841978784,+/-20,10.886790505187271,0.0,0.0,0.0,0.0,0.0,0.0,0.0,0.0,0.0,0.0,0.0,0.0,0.0,0.0,0.0,0.0,0.0,0.0,0.0,0.0,0.0,0.0,0.0,0.0,0.0,0.0,0.0,0.0,0.0,0.0,0.0,0.0,0.0,0.0,0.0,0.0,0.0,0.0,0.0,0.0,0.0,0.0,0.0,0.0,0.0,0.0,0.0,0.0,0.0,0.0,0.0,0.0,0.0,0.0,0.0,0.0,0.0,0.0,0.0,0.0,0.0,0.0,0.0,0.0,0.0,0.0,0.0,0.0,0.0,0.0,0.0,0.0,0.0,0.0,0.0,0.0,0.0,0.0,0.0,0.0
B02012,99000000173,Synthetic Census Tract 99000000173,1.0,Total:,0.0,12.615203535560362,+/-14,8.109773701431662,0.0,0.0,0.0,0.0,0.0,0.0,0.0,0.0,0.0,0.0,0.0,0.0,0.0,0.0,0.0,0.0,0.0,0.0,0.0,0.0,0.0,0.0,0.0,0.0,0.0,0.0,0.0,0.0,0.0,0.0,0.0,0.0,0.0,0.0,0.0,0.0,0.0,0.0,0.0,0.0,0.0,0.0,0.0,0.0,0.0,0.0,0.0,0.0,0.0,0.0,0.0,0.0,0.0,0.0,0.0,0.0,0.0,0.0,0.0,0.0,0.0,0.0,0.0,0.0,0.0,0.0,0.0,0.0,0.0,0.0,0.0,0.0,0.0,0.0,0.0,0.0,0.0,0.0,0.0,0.0
B02012,99000000174,Synthetic Census Tract 99000000174,1.0,Total:,0.0,12.744642167640317,+/-14,8.192984250625917,0.0,0.0,0.0,0.0,0.0,0.0,0.0,0.0,0.0,0.0,0.0,0.0,0.0,0.0,0.0,0.0,0.0,0.0,0.0,0.0,0.0,0.0,0.0,0.0,0.0,0.0,0.0,0.0,0.0,0.0,0.0,0.0,0.0,0.0,0.0,0.0,0.0,0.0,0.0,0.0,0.0,0.0,0.0,0.0,0.0,0.0,0.0,0.0,0.0,0.0,0.0,0.0,0.0,0.0,0.0,0.0,0.0,0.0,0.0,0.0,0.0,0.0,0.0,0.0,0.0,0.0,0.0,0.0,0.0,0.0,0.0,0.0,0.0,0.0,0.0,0.0,0.0,0.0,0.0,0.0
B02012,99000000175,Synthetic Census Tract 99000000175,1.0,Total:,0.0,14.296590497413638,+/-14,9.190665319765909,0.0,0.0,0.0,0.0,0.0,0.0,0.0,0.0,0.0,0.0,0.0,0.0,0.0,0.0,0.0,0.0,0.0,0.0,0.0,0.0,0.0,0.0,0.0,0.0,0.0,0.0,0.0,0.0,0.0,0.0,0.0,0.0,0.0,0.0,0.0,0.0,0.0,0.0,0.0,0.0,0.0,0.0,0.0,0.0,0.0,0.0,0.0,0.0,0.0,0.0,0.0,0.0,0.0,0.0,0.0,0.0,0.0,0.0,0.0,0.0,0.0,0.0,0.0,0.0,0.0,0.0,0.0,0.0,0.0,0.0,0.0,0.0,0.0,0.0,0.0,0.0,0.0,0.0,0.0,0.0
B02012,99000000176,Synthetic Census Tract 99000000176,1.0,Total:,7.422074535203182,14.844149070406363,+/-14,9.542667259546947,3.1808890865156494,6.361778173031299,8.482370897375064,8.482370897375064,12.723556346062598,11.663259983890713,7.422074535203182,11.663259983890713,2.120592724343766,13.78385270823448,2.120592724343766,6.361778173031299,1.060296362171883,2.120592724343766,6.361778173031299,7.422074535203182,7.422074535203182,6.361778173031299,12.723556346062598,7.422074535203182,5.301481810859415,14.844149070406363,2.120592724343766,3.1808890865156494,7.422074535203182,7.422074535203182,12.723556346062598,6.361778173031299,6.361778173031299,5.301481810859415,6.361778173031299,15.904445432578246,13.78385270823448,6.361778173031299,2.120592724343766,3.1808890865156494,10.60296362171883,14.844149070406363,2.120592724343766,20.145630881265777,3.1808890865156494,5.301481810859415,9.542667259546947,7.422074535203182,12.723556346062598,10.60296362171883,8.482370897375064,10.60296362171883,3.1808890865156494,21.20592724343766,2.120592724343766,6.361778173031299,2.120592724343766,2.120592724343766,7.422074535203182,6.361778173031299,7.422074535203182,7.422074535203182,9.542667259546947,6.361778173031299,6.361778173031299,14.844149070406363,2.120592724343766,3.1808890865156494,9.542667259546947,7.422074535203182,14.844149070406363,6.361778173031299,7.422074535203182,5.301481810859415,8.482370897375064,11.663259983890713,8.482370897375064,6.361778173031299,2.120592724343766,3.1808890865156494,11.663259983890713,12.723556346062598,2.120592724343766,19.085334519093895
B02012,99000000177,Synthetic Census Tract 99000000177,1.0,Total:,0.0,13.267947897756688,+/-14,8.5293950771293,0.0,0.0,0.0,0.0,0.0,0.0,0.0,0.0,0.0,0.0,0.0,0.0,0.0,0.0,0.0,0.0,0.0,0.0,0.0,0.0,0.0,0.0,0.0,0.0,0.0,0.0,0.0,0.0,0.0,0.0,0.0,0.0,0.0,0.0,0.0,0.0,0.0,0.0,0.0,0.0,0.0,0.0,0.0,0.0,0.0,0.0,0.0,0.0,0.0,0.0,0.0,0.0,0.0,0.0,0.0,0.0,0.0,0.0,0.0,0.0,0.0,0.0,0.0,0.0,0.0,0.0,0.0,0.0,0.0,0.0,0.0,0.0,0.0,0.0,0.0,0.0,0.0,0.0,0.0,0.0
B02012,99000000178,Synthetic Census Tract 99000000178,1.0,Total:,0.0,14.978344760184605,+/-14,9.628935917261533,0.0,0.0,0.0,0.0,0.0,0.0,0.0,0.0,0.0,0.0,0.0,0.0,0.0,0.0,0.0,0.0,0.0,0.0,0.0,0.0,0.0,0.0,0.0,0.0,0.0,0.0,0.0,0.0,0.0,0.0,0.0,0.0,0.0,0.0,0.0,0.0,0.0,0.0,0.0,0.0,0.0,0.0,0.0,0.0,0.0,0.0,0.0,0.0,0.0,0.0,0.0,0.0,0.0,0.0,0.0,0.0,0.0,0.0,0.0,0.0,0.0,0.0,0.0,0.0,0.0,0.0,0.0,0.0,0.0,0.0,0.0,0.0,0.0,0.0,0.0,0.0,0.0,0.0,0.0,0.0
B02012,99000000179,Synthetic Census Tract 99000000179,1.0,Total:,0.0,18.228927760613043,+/-20,10.937356656367825,0.0,0.0,0.0,0.0,0.0,0.0,0.0,0.0,0.0,0.0,0.0,0.0,0.0,0.0,0.0,0.0,0.0,0.0,0.0,0.0,0.0,0.0,0.0,0.0,0.0,0.0,0.0,0.0,0.0,0.0,0.0,0.0,0.0,0.0,0.0,0.0,0.0,0.0,0.0,0.0,0.0,0.0,0.0,0.0,0.0,0.0,0.0,0.0,0.0,0.0,0.0,0.0,0.0,0.0,0.0,0.0,0.0,0.0,0.0,0.0,0.0,0.0,0.0,0.0,0.0,0.0,0.0,0.0,0.0,0.0,0.0,0.0,0.0,0.0,0.0,0.0,0.0,0.0,0.0,0.0
B02012,99000000180,Synthetic Census Tract 99000000180,1.0,Total:,15.902891560925031,21.203855414566707,+/-20,12.722313248740026,5.300963853641677,5.300963853641677,6.361156624370013,14.842698790196696,5.300963853641677,16.963084331653366,8.481542165826683,18.0232771023817,15.902891560925031,13.78250601946836,13.78250601946836,7.421349395098348,5.300963853641677,14.842698790196696,19.083469873110037,6.361156624370013,16.963084331653366,18.0232771023817,4.240771082913342,16.963084331653366,11.662120478011689,12.722313248740026,12.722313248740026,19.083469873110037,15.902891560925031,14.842698790196696,12.722313248740026,16.963084331653366,20.143662643838372,22.264048185295042,16.963084331653366,11.662120478011689,16.963084331653366,23.324240956023377,18.0232771023817,18.0232771023817,29.685397580393392,26.504819268208387,10.601927707283354,26.504819268208387,20.143662643838372,29.685397580393392,21.203855414566707,15.902891560925031,21.203855414566707,22.264048185295042,27.56501203893672,11.662120478011689,10.601927707283354,13.78250601946836,13.78250601946836,28.625204809665057,21.203855414566707,13.78250601946836,12.722313248740026,14.842698790196696,12.722313248740026,11.662120478011689,20.143662643838372,12.722313248740026,10.601927707283354,16.963084331653366,15.902891560925031,6.361156624370013,18.0232771023817,7.421349395098348,16.963084331653366,2.120385541456671,5.300963853641677,9.541734936555018,6.361156624370013,10.601927707283354,14.842698790196696,7.421349395098348,6.361156624370013,14.842698790196696,6.361156624370013,7.421349395098348,19.083469873110037,7.421349395098348
B02012,99000000181,Synthetic Census Tract 99000000181,1.0,Total:,0.0,21.711181720689122,+/-20,13.026709032413475,0.0,0.0,0.0,0.0,0.0,0.0,0.0,0.0,0.0,0.0,0.0,0.0,0.0,0.0,0.0,0.0,0.0,0.0,0.0,0.0,0.0,0.0,0.0,0.0,0.0,0.0,0.0,0.0,0.0,0.0,0.0,0.0,0.0,0.0,0.0,0.0,0.0,0.0,0.0,0.0,0.0,0.0,0.0,0.0,0.0,0.0,0.0,0.0,0.0,0.0,0.0,0.0,0.0,0.0,0.0,0.0,0.0,0.0,0.0,0.0,0.0,0.0,0.0,0.0,0.0,0.0,0.0,0.0,0.0,0.0,0.0,0.0,0.0,0.0,0.0,0.0,0.0,0.0,0.0,0.0
B02012,99000000182,Synthetic Census Tract 99000000182,1.0,Total:,0.0,14.761903517492264,+/-14,9.489795118387885,0.0,0.0,0.0,0.0,0.0,0.0,0.0,0.0,0.0,0.0,0.0,0.0,0.0,0.0,0.0,0.0,0.0,0.0,0.0,0.0,0.0,0.0,0.0,0.0,0.0,0.0,0.0,0.0,0.0,0.0,0.0,0.0,0.0,0.0,0.0,0.0,0.0,0.0,0.0,0.0,0.0,0.0,0.0,0.0,0.0,0.0,0.0,0.0,0.0,0.0,0.0,0.0,0.0,0.0,0.0,0.0,0.0,0.0,0.0,0.0,0.0,0.0,0.0,0.0,0.0,0.0,0.0,0.0,0.0,0.0,0.0,0.0,0.0,0.0,0.0,0.0,0.0,0.0,0.0,0.0
B02012,99000000183,Synthetic Census Tract 99000000183,1.0,Total:,11.435865724753,18.713234822323095,+/-18,11.435865724753,21.832107292710276,12.475489881548729,9.356617411161547,16.63398650873164,13.515114038344457,18.713234822323095,12.475489881548729,12.475489881548729,10.396241567957274,4.15849662718291,13.515114038344457,4.15849662718291,10.396241567957274,10.396241567957274,5.198120783978637,11.435865724753,17.673610665527367,4.15849662718291,3.118872470387182,3.118872470387182,2.079248313591455,11.435865724753,11.435865724753,4.15849662718291,14.554738195140184,3.118872470387182,13.515114038344457,13.515114038344457,11.435865724753,19.75285897911882,10.396241567957274,14.554738195140184,12.475489881548729,13.515114038344457,14.554738195140184,14.554738195140184,4.15849662718291,15.59436235193591,19.75285897911882,4.15849662718291,5.198120783978637,11.435865724753,9.356617411161547,4.15849662718291,9.356617411161547,4.15849662718291,13.515114038344457,11.435865724753,9.356617411161547,15.59436235193591,12.475489881548729,13.515114038344457,9.356617411161547,13.515114038344457,19.75285897911882,11.435865724753,4.15849662718291,19.75285897911882,18.713234822323095,25.990603919893186,17.673610665527367,14.554738195140184,10.396241567957274,18.713234822323095,12.475489881548729,24.950979763097457,10.396241567957274,10.396241567957274,13.515114038344457,4.15849662718291,11.435865724753,4.15849662718291,12.475489881548729,13.515114038344457,3.118872470387182,10.396241567957274,20.792483135914548,4.15849662718291,5.198120783978637,24.950979763097457
B02012,99000000184,Synthetic Census Tract 99000000184,1.0,Total:,0.0,14.946344612235075,+/-14,9.608364393579691,0.0,0.0,0.0,0.0,0.0,0.0,0.0,0.0,0.0,0.0,0.0,0.0,0.0,0.0,0.0,0.0,0.0,0.0,0.0,0.0,0.0,0.0,0.0,0.0,0.0,0.0,0.0,0.0,0.0,0.0,0.0,0.0,0.0,0.0,0.0,0.0,0.0,0.0,0.0,0.0,0.0,0.0,0.0,0.0,0.0,0.0,0.0,0.0,0.0,0.0,0.0,0.0,0.0,0.0,0.0,0.0,0.0,0.0,0.0,0.0,0.0,0.0,0.0,0.0,0.0,0.0,0.0,0.0,0.0,0.0,0.0,0.0,0.0,0.0,0.0,0.0,0.0,0.0,0.0,0.0
B02012,99000000185,Synthetic Census Tract 99000000185,1.0,Total:,0.0,18.160605198188268,+/-20,10.89636311891296,0.0,0.0,0.0,0.0,0.0,0.0,0.0,0.0,0.0,0.0,0.0,0.0,0.0,0.0,0.0,0.0,0.0,0.0,0.0,0.0,0.0,0.0,0.0,0.0,0.0,0.0,0.0,0.0,0.0,0.0,0.0,0.0,0.0,0.0,0.0,0.0,0.0,0.0,0.0,0.0,0.0,0.0,0.0,0.0,0.0,0.0,0.0,0.0,0.0,0.0,0.0,0.0,0.0,0.0,0.0,0.0,0.0,0.0,0.0,0.0,0.0,0.0,0.0,0.0,0.0,0.0,0.0,0.0,0.0,0.0,0.0,0.0,0.0,0.0,0.0,0.0,0.0,0.0,0.0,0.0
B02012,99000000186,Synthetic Census Tract 99000000186,1.0,Total:,54.540672484341044,80.87065230436775,+/-86,48.89853395147818,78.98993946008014,43.25639541861531,59.242454595060096,19.747484865020034,85.5724344150868,25.3896233978829,24.44926697573909,56.421385328628666,68.64601881649821,63.00388028363535,94.97599863652492,20.687841287163845,52.65995964005342,52.65995964005342,68.64601881649821,24.44926697573909,49.838890373621986,49.838890373621986,46.07746468504674,23.50891055359528,16.9264155985886,54.540672484341044,57.361741750772474,56.421385328628666,23.50891055359528,74.28815734936107,93.0952857922373,59.242454595060096,59.242454595060096,17.866772020732412,17.866772020732412,91.21457294794968,56.421385328628666,67.7056623943544,47.958177529334364,63.00388028363535,51.71960321790961,65.82494955006678,54.540672484341044,15.986059176444789,26.32997982002671,47.01782110719056,56.421385328628666,97.79706790295636,15.986059176444789,86.51279083723063,78.98993946008014,42.3160389964715,55.48102890648485,16.9264155985886,17.866772020732412,73.34780092721726,42.3160389964715,49.838890373621986,58.30209817291629,115.66383992368877,65.82494955006678,54.540672484341044,52.65995964005342,93.0952857922373,91.21457294794968,69.58637523864202,50.7792467957658,16.9264155985886,75.2285137715049,17.866772020732412,18.807128442876223,65.82494955006678,48.89853395147818,106.26027570225065,84.632077992943,31.031761930745766,55.48102890648485,54.540672484341044,63.944236705779154,16.9264155985886,68.64601881649821,55.48102890648485,52.65995964005342,93.0952857922373
B02012,99000000187,Synthetic Census Tract 99000000187,1.0,Total:,0.0,12.9497863020558,+/-14,8.324862622750157,0.0,0.0,0.0,0.0,0.0,0.0,0.0,0.0,0.0,0.0,0.0,0.0,0.0,0.0,0.0,0.0,0.0,0.0,0.0,0.0,0.0,0.0,0.0,0.0,0.0,0.0,0.0,0.0,0.0,0.0,0.0,0.0,0.0,0.0,0.0,0.0,0.0,0.0,0.0,0.0,0.0,0.0,0.0,0.0,0.0,0.0,0.0,0.0,0.0,0.0,0.0,0.0,0.0,0.0,0.0,0.0,0.0,0.0,0.0,0.0,0.0,0.0,0.0,0.0,0.0,0.0,0.0,0.0,0.0,0.0,0.0,0.0,0.0,0.0,0.0,0.0,0.0,0.0,0.0,0.0
B02012,99000000188,Synthetic Census Tract 99000000188,1.0,Total:,0.0,20.01812396077195,+/-20,12.010874376463168,0.0,0.0,0.0,0.0,0.0,0.0,0.0,0.0,0.0,0.0,0.0,0.0,0.0,0.0,0.0,0.0,0.0,0.0,0.0,0.0,0.0,0.0,0.0,0.0,0.0,0.0,0.0,0.0,0.0,0.0,0.0,0.0,0.0,0.0,0.0,0.0,0.0,0.0,0.0,0.0,0.0,0.0,0.0,0.0,0.0,0.0,0.0,0.0,0.0,0.0,0.0,0.0,0.0,0.0,0.0,0.0,0.0,0.0,0.0,0.0,0.0,0.0,0.0,0.0,0.0,0.0,0.0,0.0,0.0,0.0,0.0,0.0,0.0,0.0,0.0,0.0,0.0,0.0,0.0,0.0
B02012,99000000189,Synthetic Census Tract 99000000189,1.0,Total:,27.274978267309994,40.91246740096499,+/-39,24.127865390312685,46.157655529293834,8.392301005326152,35.667279272636144,41.96150502663076,11.539413882323458,7.343263379660383,26.225940641644225,31.47112876997307,39.863429775299224,17.833639636318072,33.56920402130461,23.078827764646917,29.37305351864153,54.54995653461999,25.176903015978453,26.225940641644225,9.44133863099192,7.343263379660383,46.157655529293834,31.47112876997307,16.784602010652304,41.96150502663076,23.078827764646917,9.44133863099192,44.0595802779623,38.81439214963345,25.176903015978453,36.71631689830191,11.539413882323458,39.863429775299224,23.078827764646917,26.225940641644225,36.71631689830191,10.49037625665769,28.324015892975762,33.56920402130461,37.76535452396768,38.81439214963345,8.392301005326152,34.618241646970375,8.392301005326152,41.96150502663076,24.127865390312685,10.49037625665769,51.40284365762268,36.71631689830191,31.47112876997307,28.324015892975762,14.686526759320765,37.76535452396768,30.4220911443073,40.91246740096499,35.667279272636144,10.49037625665769,29.37305351864153,32.52016639563884,44.0595802779623,38.81439214963345,7.343263379660383,33.56920402130461,40.91246740096499,9.44133863099192,26.225940641644225,43.01054265229653,11.539413882323458,10.49037625665769,23.078827764646917,29.37305351864153,37.76535452396768,20.98075251331538,27.274978267309994,34.618241646970375,28.324015892975762,43.01054265229653,24.127865390312685,25.176903015978453,12.588451507989227,8.392301005326152,30.4220911443073,33.56920402130461
B02012,99000000190,Synthetic Census Tract 99000000190,1.0,Total:,0.0,20.520047378305595,+/-20,12.312028426983357,0.0,0.0,0.0,0.0,0.0,0.0,0.0,0.0,0.0,0.0,0.0,0.0,0.0,0.0,0.0,0.0,0.0,0.0,0.0,0.0,0.0,0.0,0.0,0.0,0.0,0.0,0.0,0.0,0.0,0.0,0.0,0.0,0.0,0.0,0.0,0.0,0.0,0.0,0.0,0.0,0.0,0.0,0.0,0.0,0.0,0.0,0.0,0.0,0.0,0.0,0.0,0.0,0.0,0.0,0.0,0.0,0.0,0.0,0.0,0.0,0.0,0.0,0.0,0.0,0.0,0.0,0.0,0.0,0.0,0.0,0.0,0.0,0.0,0.0,0.0,0.0,0.0,0.0,0.0,0.0
B02012,99000000191,Synthetic Census Tract 99000000191,1.0,Total:,0.0,14.98316707933342,+/-14,9.632035979571484,0.0,0.0,0.0,0.0,0.0,0.0,0.0,0.0,0.0,0.0,0.0,0.0,0.0,0.0,0.0,0.0,0.0,0.0,0.0,0.0,0.0,0.0,0.0,0.0,0.0,0.0,0.0,0.0,0.0,0.0,0.0,0.0,0.0,0.0,0.0,0.0,0.0,0.0,0.0,0.0,0.0,0.0,0.0,0.0,0.0,0.0,0.0,0.0,0.0,0.0,0.0,0.0,0.0,0.0,0.0,0.0,0.0,0.0,0.0,0.0,0.0,0.0,0.0,0.0,0.0,0.0,0.0,0.0,0.0,0.0,0.0,0.0,0.0,0.0,0.0,0.0,0.0,0.0,0.0,0.0
B02012,99000000192,Synthetic Census Tract 99000000192,1.0,Total:,0.0,13.034596378835055,+/-14,8.379383386393965,0.0,0.0,0.0,0.0,0.0,0.0,0.0,0.0,0.0,0.0,0.0,0.0,0.0,0.0,0.0,0.0,0.0,0.0,0.0,0.0,0.0,0.0,0.0,0.0,0.0,0.0,0.0,0.0,0.0,0.0,0.0,0.0,0.0,0.0,0.0,0.0,0.0,0.0,0.0,0.0,0.0,0.0,0.0,0.0,0.0,0.0,0.0,0.0,0.0,0.0,0.0,0.0,0.0,0.0,0.0,0.0,0.0,0.0,0.0,0.0,0.0,0.0,0.0,0.0,0.0,0.0,0.0,0.0,0.0,0.0,0.0,0.0,0.0,0.0,0.0,0.0,0.0,0.0,0.0,0.0
B02012,99000000193,Synthetic Census Tract 99000000193,1.0,Total:,0.0,14.656939057418453,+/-14,9.422317965483291,0.0,0.0,0.0,0.0,0.0,0.0,0.0,0.0,0.0,0.0,0.0,0.0,0.0,0.0,0.0,0.0,0.0,0.0,0.0,0.0,0.0,0.0,0.0,0.0,0.0,0.0,0.0,0.0,0.0,0.0,0.0,0.0,0.0,0.0,0.0,0.0,0.0,0.0,0.0,0.0,0.0,0.0,0.0,0.0,0.0,0.0,0.0,0.0,0.0,0.0,0.0,0.0,0.0,0.0,0.0,0.0,0.0,0.0,0.0,0.0,0.0,0.0,0.0,0.0,0.0,0.0,0.0,0.0,0.0,0.0,0.0,0.0,0.0,0.0,0.0,0.0,0.0,0.0,0.0,0.0
B02012,99000000194,Synthetic Census Tract 99000000194,1.0,Total:,0.0,13.140516174432932,+/-14,8.447474683564028,0.0,0.0,0.0,0.0,0.0,0.0,0.0,0.0,0.0,0.0,0.0,0.0,0.0,0.0,0.0,0.0,0.0,0.0,0.0,0.0,0.0,0.0,0.0,0.0,0.0,0.0,0.0,0.0,0.0,0.0,0.0,0.0,0.0,0.0,0.0,0.0,0.0,0.0,0.0,0.0,0.0,0.0,0.0,0.0,0.0,0.0,0.0,0.0,0.0,0.0,0.0,0.0,0.0,0.0,0.0,0.0,0.0,0.0,0.0,0.0,0.0,0.0,0.0,0.0,0.0,0.0,0.0,0.0,0.0,0.0,0.0,0.0,0.0,0.0,0.0,0.0,0.0,0.0,0.0,0.0
B02012,99000000195,Synthetic Census Tract 99000000195,1.0,Total:,0.0,13.358124503689842,+/-14,8.58736575237204,0.0,0.0,0.0,0.0,0.0,0.0,0.0,0.0,0.0,0.0,0.0,0.0,0.0,0.0,0.0,0.0,0.0,0.0,0.0,0.0,0.0,0.0,0.0,0.0,0.0,0.0,0.0,0.0,0.0,0.0,0.0,0.0,0.0,0.0,0.0,0.0,0.0,0.0,0.0,0.0,0.0,0.0,0.0,0.0,0.0,0.0,0.0,0.0,0.0,0.0,0.0,0.0,0.0,0.0,0.0,0.0,0.0,0.0,0.0,0.0,0.0,0.0,0.0,0.0,0.0,0.0,0.0,0.0,0.0,0.0,0.0,0.0,0.0,0.0,0.0,0.0,0.0,0.0,0.0,0.0
B02012,99000000196,Synthetic Census Tract 99000000196,1.0,Total:,0.0,14.587733152387653,+/-14,9.377828455106348,0.0,0.0,0.0,0.0,0.0,0.0,0.0,0.0,0.0,0.0,0.0,0.0,0.0,0.0,0.0,0.0,0.0,0.0,0.0,0.0,0.0,0.0,0.0,0.0,0.0,0.0,0.0,0.0,0.0,0.0,0.0,0.0,0.0,0.0,0.0,0.0,0.0,0.0,0.0,0.0,0.0,0.0,0.0,0.0,0.0,0.0,0.0,0.0,0.0,0.0,0.0,0.0,0.0,0.0,0.0,0.0,0.0,0.0,0.0,0.0,0.0,0.0,0.0,0.0,0.0,0.0,0.0,0.0,0.0,0.0,0.0,0.0,0.0,0.0,0.0,0.0,0.0,0.0,0.0,0.0
B02012,99000000197,Synthetic Census Tract 99000000197,1.0,Total:,0.0,15.34457339771631,+/-14,9.864368612817628,0.0,0.0,0.0,0.0,0.0,0.0,0.0,0.0,0.0,0.0,0.0,0.0,0.0,0.0,0.0,0.0,0.0,0.0,0.0,0.0,0.0,0.0,0.0,0.0,0.0,0.0,0.0,0.0,0.0,0.0,0.0,0.0,0.0,0.0,0.0,0.0,0.0,0.0,0.0,0.0,0.0,0.0,0.0,0.0,0.0,0.0,0.0,0.0,0.0,0.0,0.0,0.0,0.0,0.0,0.0,0.0,0.0,0.0,0.0,0.0,0.0,0.0,0.0,0.0,0.0,0.0,0.0,0.0,0.0,0.0,0.0,0.0,0.0,0.0,0.0,0.0,0.0,0.0,0.0,0.0
B02012,99000000198,Synthetic Census Tract 99000000198,1.0,Total:,0.0,14.312322096735796,+/-14,9.200778490758726,0.0,0.0,0.0,0.0,0.0,0.0,0.0,0.0,0.0,0.0,0.0,0.0,0.0,0.0,0.0,0.0,0.0,0.0,0.0,0.0,0.0,0.0,0.0,0.0,0.0,0.0,0.0,0.0,0.0,0.0,0.0,0.0,0.0,0.0,0.0,0.0,0.0,0.0,0.0,0.0,0.0,0.0,0.0,0.0,0.0,0.0,0.0,0.0,0.0,0.0,0.0,0.0,0.0,0.0,0.0,0.0,0.0,0.0,0.0,0.0,0.0,0.0,0.0,0.0,0.0,0.0,0.0,0.0,0.0,0.0,0.0,0.0,0.0,0.0,0.0,0.0,0.0,0.0,0.0,0.0
B02012,99000000199,Synthetic Census Tract 99000000199,1.0,Total:,0.0,12.752600881975628,+/-14,8.198100566984332,0.0,0.0,0.0,0.0,0.0,0.0,0.0,0.0,0.0,0.0,0.0,0.0,0.0,0.0,0.0,0.0,0.0,0.0,0.0,0.0,0.0,0.0,0.0,0.0,0.0,0.0,0.0,0.0,0.0,0.0,0.0,0.0,0.0,0.0,0.0,0.0,0.0,0.0,0.0,0.0,0.0,0.0,0.0,0.0,0.0,0.0,0.0,0.0,0.0,0.0,0.0,0.0,0.0,0.0,0.0,0.0,0.0,0.0,0.0,0.0,0.0,0.0,0.0,0.0,0.0,0.0,0.0,0.0,0.0,0.0,0.0,0.0,0.0,0.0,0.0,0.0,0.0,0.0,0.0,0.0
B02012,99000000200,Synthetic Census Tract 99000000200,1.0,Total:,0.0,14.325665115797094,+/-14,9.20935614586956,0.0,0.0,0.0,0.0,0.0,0.0,0.0,0.0,0.0,0.0,0.0,0.0,0.0,0.0,0.0,0.0,0.0,0.0,0.0,0.0,0.0,0.0,0.0,0.0,0.0,0.0,0.0,0.0,0.0,0.0,0.0,0.0,0.0,0.0,0.0,0.0,0.0,0.0,0.0,0.0,0.0,0.0,0.0,0.0,0.0,0.0,0.0,0.0,0.0,0.0,0.0,0.0,0.0,0.0,0.0,0.0,0.0,0.0,0.0,0.0,0.0,0.0,0.0,0.0,0.0,0.0,0.0,0.0,0.0,0.0,0.0,0.0,0.0,0.0,0.0,0.0,0.0,0.0,0.0,0.0
B02012,99000000201,Synthetic Census Tract 99000000201,1.0,Total:,0.0,12.718581544424469,+/-14,8.176230992844301,0.0,0.0,0.0,0.0,0.0,0.0,0.0,0.0,0.0,0.0,0.0,0.0,0.0,0.0,0.0,0.0,0.0,0.0,0.0,0.0,0.0,0.0,0.0,0.0,0.0,0.0,0.0,0.0,0.0,0.0,0.0,0.0,0.0,0.0,0.0,0.0,0.0,0.0,0.0,0.0,0.0,0.0,0.0,0.0,0.0,0.0,0.0,0.0,0.0,0.0,0.0,0.0,0.0,0.0,0.0,0.0,0.0,0.0,0.0,0.0,0.0,0.0,0.0,0.0,0.0,0.0,0.0,0.0,0.0,0.0,0.0,0.0,0.0,0.0,0.0,0.0,0.0,0.0,0.0,0.0
B02012,99000000202,Synthetic Census Tract 99000000202,1.0,Total:,0.0,21.536582845467272,+/-20,12.921949707280362,0.0,0.0,0.0,0.0,0.0,0.0,0.0,0.0,0.0,0.0,0.0,0.0,0.0,0.0,0.0,0.0,0.0,0.0,0.0,0.0,0.0,0.0,0.0,0.0,0.0,0.0,0.0,0.0,0.0,0.0,0.0,0.0,0.0,0.0,0.0,0.0,0.0,0.0,0.0,0.0,0.0,0.0,0.0,0.0,0.0,0.0,0.0,0.0,0.0,0.0,0.0,0.0,0.0,0.0,0.0,0.0,0.0,0.0,0.0,0.0,0.0,0.0,0.0,0.0,0.0,0.0,0.0,0.0,0.0,0.0,0.0,0.0,0.0,0.0,0.0,0.0,0.0,0.0,0.0,0.0
B02012,99000000203,Synthetic Census Tract 99000000203,1.0,Total:,0.0,20.838313140402484,+/-20,12.502987884241492,0.0,0.0,0.0,0.0,0.0,0.0,0.0,0.0,0.0,0.0,0.0,0.0,0.0,0.0,0.0,0.0,0.0,0.0,0.0,0.0,0.0,0.0,0.0,0.0,0.0,0.0,0.0,0.0,0.0,0.0,0.0,0.0,0.0,0.0,0.0,0.0,0.0,0.0,0.0,0.0,0.0,0.0,0.0,0.0,0.0,0.0,0.0,0.0,0.0,0.0,0.0,0.0,0.0,0.0,0.0,0.0,0.0,0.0,0.0,0.0,0.0,0.0,0.0,0.0,0.0,0.0,0.0,0.0,0.0,0.0,0.0,0.0,0.0,0.0,0.0,0.0,0.0,0.0,0.0,0.0
B02012,99000000204,Synthetic Census Tract 99000000204,1.0,Total:,0.0,13.08475796998301,+/-14,8.411630123560506,0.0,0.0,0.0,0.0,0.0,0.0,0.0,0.0,0.0,0.0,0.0,0.0,0.0,0.0,0.0,0.0,0.0,0.0,0.0,0.0,0.0,0.0,0.0,0.0,0.0,0.0,0.0,0.0,0.0,0.0,0.0,0.0,0.0,0.0,0.0,0.0,0.0,0.0,0.0,0.0,0.0,0.0,0.0,0.0,0.0,0.0,0.0,0.0,0.0,0.0,0.0,0.0,0.0,0.0,0.0,0.0,0.0,0.0,0.0,0.0,0.0,0.0,0.0,0.0,0.0,0.0,0.0,0.0,0.0,0.0,0.0,0.0,0.0,0.0,0.0,0.0,0.0,0.0,0.0,0.0
B02012,99000000205,Synthetic Census Tract 99000000205,1.0,Total:,39.4888006500881,45.91721005824198,+/-50,27.55032603494519,27.55032603494519,39.4888006500881,23.87694923028583,30.305358638439706,47.75389846057166,64.28409408153877,28.46867023611003,67.95747088619814,48.6722426617365,58.774028874549735,39.4888006500881,38.57045644892327,26.631981833780348,37.652112247758424,23.87694923028583,29.387014437274868,56.018996271055215,52.34561946639586,31.223702839604545,18.36688402329679,34.897079644263904,27.55032603494519,47.75389846057166,59.69237307571458,36.73376804659358,39.4888006500881,23.87694923028583,45.91721005824198,71.6308476908575,30.305358638439706,46.83555425940682,13.775163017472595,33.06039124193423,61.529061478044255,48.6722426617365,35.81542384542875,29.387014437274868,44.99886585707714,37.652112247758424,51.42727526523102,52.34561946639586,44.99886585707714,56.018996271055215,50.50893106406618,32.142047040769384,12.856818816307754,51.42727526523102,10.101786212813236,33.06039124193423,23.87694923028583,37.652112247758424,41.32548905241778,54.18230786872554,43.162177454747464,52.34561946639586,48.6722426617365,22.04026082795615,23.87694923028583,50.50893106406618,61.529061478044255,43.162177454747464,50.50893106406618,32.142047040769384,23.87694923028583,39.4888006500881,39.4888006500881,59.69237307571458,35.81542384542875,6.428409408153877,48.6722426617365,31.223702839604545,63.36574988037393,44.99886585707714,20.203572425626472,31.223702839604545,39.4888006500881,46.83555425940682,33.97873544309907,39.4888006500881,27.55032603494519
B02012,99000000206,Synthetic Census Tract 99000000206,1.0,Total:,0.0,13.113893040864893,+/-14,8.430359811984573,0.0,0.0,0.0,0.0,0.0,0.0,0.0,0.0,0.0,0.0,0.0,0.0,0.0,0.0,0.0,0.0,0.0,0.0,0.0,0.0,0.0,0.0,0.0,0.0,0.0,0.0,0.0,0.0,0.0,0.0,0.0,0.0,0.0,0.0,0.0,0.0,0.0,0.0,0.0,0.0,0.0,0.0,0.0,0.0,0.0,0.0,0.0,0.0,0.0,0.0,0.0,0.0,0.0,0.0,0.0,0.0,0.0,0.0,0.0,0.0,0.0,0.0,0.0,0.0,0.0,0.0,0.0,0.0,0.0,0.0,0.0,0.0,0.0,0.0,0.0,0.0,0.0,0.0,0.0,0.0
B02012,99000000207,Synthetic Census Tract 99000000207,1.0,Total:,0.0,15.34407610275174,+/-14,9.864048923197547,0.0,0.0,0.0,0.0,0.0,0.0,0.0,0.0,0.0,0.0,0.0,0.0,0.0,0.0,0.0,0.0,0.0,0.0,0.0,0.0,0.0,0.0,0.0,0.0,0.0,0.0,0.0,0.0,0.0,0.0,0.0,0.0,0.0,0.0,0.0,0.0,0.0,0.0,0.0,0.0,0.0,0.0,0.0,0.0,0.0,0.0,0.0,0.0,0.0,0.0,0.0,0.0,0.0,0.0,0.0,0.0,0.0,0.0,0.0,0.0,0.0,0.0,0.0,0.0,0.0,0.0,0.0,0.0,0.0,0.0,0.0,0.0,0.0,0.0,0.0,0.0,0.0,0.0,0.0,0.0
B02012,99000000208,Synthetic Census Tract 99000000208,1.0,Total:,0.0,13.883969798883772,+/-14,8.925409156425282,0.0,0.0,0.0,0.0,0.0,0.0,0.0,0.0,0.0,0.0,0.0,0.0,0.0,0.0,0.0,0.0,0.0,0.0,0.0,0.0,0.0,0.0,0.0,0.0,0.0,0.0,0.0,0.0,0.0,0.0,0.0,0.0,0.0,0.0,0.0,0.0,0.0,0.0,0.0,0.0,0.0,0.0,0.0,0.0,0.0,0.0,0.0,0.0,0.0,0.0,0.0,0.0,0.0,0.0,0.0,0.0,0.0,0.0,0.0,0.0,0.0,0.0,0.0,0.0,0.0,0.0,0.0,0.0,0.0,0.0,0.0,0.0,0.0,0.0,0.0,0.0,0.0,0.0,0.0,0.0
B02012,99000000209,Synthetic Census Tract 99000000209,1.0,Total:,0.0,14.795426655355945,+/-14,9.511345707014536,0.0,0.0,0.0,0.0,0.0,0.0,0.0,0.0,0.0,0.0,0.0,0.0,0.0,0.0,0.0,0.0,0.0,0.0,0.0,0.0,0.0,0.0,0.0,0.0,0.0,0.0,0.0,0.0,0.0,0.0,0.0,0.0,0.0,0.0,0.0,0.0,0.0,0.0,0.0,0.0,0.0,0.0,0.0,0.0,0.0,0.0,0.0,0.0,0.0,0.0,0.0,0.0,0.0,0.0,0.0,0.0,0.0,0.0,0.0,0.0,0.0,0.0,0.0,0.0,0.0,0.0,0.0,0.0,0.0,0.0,0.0,0.0,0.0,0.0,0.0,0.0,0.0,0.0,0.0,0.0
B02012,99000000210,Synthetic Census Tract 99000000210,1.0,Total:,39.0367034000191,52.391365089499324,+/-51,31.845731721068216,52.391365089499324,25.682041710538883,49.309520084234656,63.69146344213643,15.40922502632333,11.300098352637109,44.17311174212688,42.11854840528377,25.682041710538883,61.63690010529332,32.87301338948977,24.654760042117328,39.0367034000191,50.336801752656214,21.572915036852663,41.09126673686221,15.40922502632333,12.327380021058664,62.66418177371487,49.309520084234656,14.381943357901775,61.63690010529332,57.5277734316071,38.00942173159755,45.200393410548436,46.22767507896999,68.82787178424421,36.98214006317599,16.436506694744885,54.445928426342434,25.682041710538883,27.736605047381993,50.336801752656214,24.654760042117328,34.92757672633288,38.00942173159755,33.90029505791133,51.364083421077765,16.436506694744885,51.364083421077765,23.627478373695773,47.254956747391546,35.95485839475444,19.51835170000955,55.473210094763985,45.200393410548436,36.98214006317599,39.0367034000191,13.354661689480219,41.09126673686221,45.200393410548436,40.06398506844066,30.81845005264666,17.46378836316644,58.55505510002865,19.51835170000955,34.92757672633288,55.473210094763985,11.300098352637109,40.06398506844066,65.74602677897954,21.572915036852663,45.200393410548436,55.473210094763985,20.545633368431105,20.545633368431105,32.87301338948977,45.200393410548436,52.391365089499324,36.98214006317599,41.09126673686221,57.5277734316071,22.600196705274218,65.74602677897954,41.09126673686221,14.381943357901775,13.354661689480219,14.381943357901775,60.60961843687176,32.87301338948977
B02012,99000000211,Synthetic Census Tract 99000000211,1.0,Total:,0.0,14.202756819884186,+/-14,9.130343669925548,0.0,0.0,0.0,0.0,0.0,0.0,0.0,0.0,0.0,0.0,0.0,0.0,0.0,0.0,0.0,0.0,0.0,0.0,0.0,0.0,0.0,0.0,0.0,0.0,0.0,0.0,0.0,0.0,0.0,0.0,0.0,0.0,0.0,0.0,0.0,0.0,0.0,0.0,0.0,0.0,0.0,0.0,0.0,0.0,0.0,0.0,0.0,0.0,0.0,0.0,0.0,0.0,0.0,0.0,0.0,0.0,0.0,0.0,0.0,0.0,0.0,0.0,0.0,0.0,0.0,0.0,0.0,0.0,0.0,0.0,0.0,0.0,0.0,0.0,0.0,0.0,0.0,0.0,0.0,0.0
B02012,99000000212,Synthetic Census Tract 99000000212,1.0,Total:,0.0,13.006364713062139,+/-14,8.361234458397089,0.0,0.0,0.0,0.0,0.0,0.0,0.0,0.0,0.0,0.0,0.0,0.0,0.0,0.0,0.0,0.0,0.0,0.0,0.0,0.0,0.0,0.0,0.0,0.0,0.0,0.0,0.0,0.0,0.0,0.0,0.0,0.0,0.0,0.0,0.0,0.0,0.0,0.0,0.0,0.0,0.0,0.0,0.0,0.0,0.0,0.0,0.0,0.0,0.0,0.0,0.0,0.0,0.0,0.0,0.0,0.0,0.0,0.0,0.0,0.0,0.0,0.0,0.0,0.0,0.0,0.0,0.0,0.0,0.0,0.0,0.0,0.0,0.0,0.0,0.0,0.0,0.0,0.0,0.0,0.0
B02012,99000000213,Synthetic Census Tract 99000000213,1.0,Total:,9.802844016404572,16.338073360674287,+/-15,9.802844016404572,13.07045868853943,10.892048907116191,4.356819562846477,7.624434234981335,15.24886846996267,13.07045868853943,9.802844016404572,16.338073360674287,8.713639125692954,3.2676146721348576,3.2676146721348576,5.4460244535580955,13.07045868853943,9.802844016404572,8.713639125692954,9.802844016404572,10.892048907116191,17.427278251385907,13.07045868853943,14.159663579251049,4.356819562846477,13.07045868853943,17.427278251385907,8.713639125692954,3.2676146721348576,10.892048907116191,11.981253797827812,4.356819562846477,8.713639125692954,17.427278251385907,17.427278251385907,14.159663579251049,9.802844016404572,6.535229344269715,7.624434234981335,10.892048907116191,11.981253797827812,3.2676146721348576,3.2676146721348576,16.338073360674287,3.2676146721348576,7.624434234981335,15.24886846996267,11.981253797827812,3.2676146721348576,8.713639125692954,8.713639125692954,3.2676146721348576,13.07045868853943,18.516483142097528,17.427278251385907,14.159663579251049,8.713639125692954,14.159663579251049,13.07045868853943,9.802844016404572,8.713639125692954,3.2676146721348576,3.2676146721348576,3.2676146721348576,20.694892923520765,8.713639125692954,3.2676146721348576,14.159663579251049,16.338073360674287,10.892048907116191,10.892048907116191,14.159663579251049,10.892048907116191,3.2676146721348576,3.2676146721348576,3.2676146721348576,8.713639125692954,9.802844016404572,9.802844016404572,9.802844016404572,9.802844016404572,16.338073360674287,20.694892923520765,4.356819562846477
B02012,99000000214,Synthetic Census Tract 99000000214,1.0,Total:,0.0,19.20537053005887,+/-20,11.523222318035323,0.0,0.0,0.0,0.0,0.0,0.0,0.0,0.0,0.0,0.0,0.0,0.0,0.0,0.0,0.0,0.0,0.0,0.0,0.0,0.0,0.0,0.0,0.0,0.0,0.0,0.0,0.0,0.0,0.0,0.0,0.0,0.0,0.0,0.0,0.0,0.0,0.0,0.0,0.0,0.0,0.0,0.0,0.0,0.0,0.0,0.0,0.0,0.0,0.0,0.0,0.0,0.0,0.0,0.0,0.0,0.0,0.0,0.0,0.0,0.0,0.0,0.0,0.0,0.0,0.0,0.0,0.0,0.0,0.0,0.0,0.0,0.0,0.0,0.0,0.0,0.0,0.0,0.0,0.0,0.0
B02012,99000000215,Synthetic Census Tract 99000000215,1.0,Total:,0.0,20.312068863230166,+/-20,12.187241317938101,0.0,0.0,0.0,0.0,0.0,0.0,0.0,0.0,0.0,0.0,0.0,0.0,0.0,0.0,0.0,0.0,0.0,0.0,0.0,0.0,0.0,0.0,0.0,0.0,0.0,0.0,0.0,0.0,0.0,0.0,0.0,0.0,0.0,0.0,0.0,0.0,0.0,0.0,0.0,0.0,0.0,0.0,0.0,0.0,0.0,0.0,0.0,0.0,0.0,0.0,0.0,0.0,0.0,0.0,0.0,0.0,0.0,0.0,0.0,0.0,0.0,0.0,0.0,0.0,0.0,0.0,0.0,0.0,0.0,0.0,0.0,0.0,0.0,0.0,0.0,0.0,0.0,0.0,0.0,0.0
B02012,99000000216,Synthetic Census Tract 99000000216,1.0,Total:,0.0,14.559372644849386,+/-14,9.35959670026032,0.0,0.0,0.0,0.0,0.0,0.0,0.0,0.0,0.0,0.0,0.0,0.0,0.0,0.0,0.0,0.0,0.0,0.0,0.0,0.0,0.0,0.0,0.0,0.0,0.0,0.0,0.0,0.0,0.0,0.0,0.0,0.0,0.0,0.0,0.0,0.0,0.0,0.0,0.0,0.0,0.0,0.0,0.0,0.0,0.0,0.0,0.0,0.0,0.0,0.0,0.0,0.0,0.0,0.0,0.0,0.0,0.0,0.0,0.0,0.0,0.0,0.0,0.0,0.0,0.0,0.0,0.0,0.0,0.0,0.0,0.0,0.0,0.0,0.0,0.0,0.0,0.0,0.0,0.0,0.0
B02012,99000000217,Synthetic Census Tract 99000000217,1.0,Total:,0.0,20.59693262098124,+/-20,12.358159572588743,0.0,0.0,0.0,0.0,0.0,0.0,0.0,0.0,0.0,0.0,0.0,0.0,0.0,0.0,0.0,0.0,0.0,0.0,0.0,0.0,0.0,0.0,0.0,0.0,0.0,0.0,0.0,0.0,0.0,0.0,0.0,0.0,0.0,0.0,0.0,0.0,0.0,0.0,0.0,0.0,0.0,0.0,0.0,0.0,0.0,0.0,0.0,0.0,0.0,0.0,0.0,0.0,0.0,0.0,0.0,0.0,0.0,0.0,0.0,0.0,0.0,0.0,0.0,0.0,0.0,0.0,0.0,0.0,0.0,0.0,0.0,0.0,0.0,0.0,0.0,0.0,0.0,0.0,0.0,0.0
B02012,99000000218,Synthetic Census Tract 99000000218,1.0,Total:,0.0,21.762377638782073,+/-20,13.057426583269244,0.0,0.0,0.0,0.0,0.0,0.0,0.0,0.0,0.0,0.0,0.0,0.0,0.0,0.0,0.0,0.0,0.0,0.0,0.0,0.0,0.0,0.0,0.0,0.0,0.0,0.0,0.0,0.0,0.0,0.0,0.0,0.0,0.0,0.0,0.0,0.0,0.0,0.0,0.0,0.0,0.0,0.0,0.0,0.0,0.0,0.0,0.0,0.0,0.0,0.0,0.0,0.0,0.0,0.0,0.0,0.0,0.0,0.0,0.0,0.0,0.0,0.0,0.0,0.0,0.0,0.0,0.0,0.0,0.0,0.0,0.0,0.0,0.0,0.0,0.0,0.0,0.0,0.0,0.0,0.0
B02012,99000000219,Synthetic Census Tract 99000000219,1.0,Total:,53.92189228307268,79.953150626625,+/-86,48.34376549516861,78.09377503065699,42.765638707264536,58.57033127299274,19.523443757664246,84.60158961654507,25.101570545568315,24.171882747584306,55.7812678790407,67.86720925283285,62.28908246492878,93.89846759638517,20.453131555648255,52.062516687104655,52.062516687104655,67.86720925283285,24.171882747584306,49.27345329315262,49.27345329315262,45.55470210121657,23.242194949600293,16.734380363712212,53.92189228307268,56.710955677024714,55.7812678790407,23.242194949600293,73.44533604073692,92.03909200041716,58.57033127299274,58.57033127299274,17.66406816169622,17.66406816169622,90.17971640444914,55.7812678790407,66.93752145484885,47.414077697184595,62.28908246492878,51.132828889120645,65.07814585888082,53.92189228307268,15.8046925657282,26.031258343552327,46.484389899200586,55.7812678790407,96.68753099033722,15.8046925657282,85.53127741452907,78.09377503065699,41.83595090928053,54.85158008105669,16.734380363712212,17.66406816169622,72.51564824275292,41.83595090928053,49.27345329315262,57.64064347500872,114.35159915203344,65.07814585888082,53.92189228307268,52.062516687104655,92.03909200041716,90.17971640444914,68.79689705081687,50.20314109113663,16.734380363712212,74.37502383872094,17.66406816169622,18.593755959680234,65.07814585888082,48.34376549516861,105.05472117219333,83.67190181856105,30.679697333472387,54.85158008105669,53.92189228307268,63.2187702629128,16.734380363712212,67.86720925283285,54.85158008105669,52.062516687104655,92.03909200041716
B02012,99000000220,Synthetic Census Tract 99000000220,1.0,Total:,0.0,20.033410953787772,+/-20,12.020046572272662,0.0,0.0,0.0,0.0,0.0,0.0,0.0,0.0,0.0,0.0,0.0,0.0,0.0,0.0,0.0,0.0,0.0,0.0,0.0,0.0,0.0,0.0,0.0,0.0,0.0,0.0,0.0,0.0,0.0,0.0,0.0,0.0,0.0,0.0,0.0,0.0,0.0,0.0,0.0,0.0,0.0,0.0,0.0,0.0,0.0,0.0,0.0,0.0,0.0,0.0,0.0,0.0,0.0,0.0,0.0,0.0,0.0,0.0,0.0,0.0,0.0,0.0,0.0,0.0,0.0,0.0,0.0,0.0,0.0,0.0,0.0,0.0,0.0,0.0,0.0,0.0,0.0,0.0,0.0,0.0
B02012,99000000221,Synthetic Census Tract 99000000221,1.0,Total:,42.17469576037059,73.5605158611115,+/-75,44.1363095166669,74.54132273925964,64.73325395777812,48.05953702925951,52.96357142000028,10.788875659629685,39.23227512592613,43.15550263851874,37.27066136962982,30.40501322259275,13.731296294074145,47.07873015111136,32.36662697888906,66.69486771407442,66.69486771407442,10.788875659629685,15.692910050370452,60.8100264451855,38.25146824777798,11.76968253777784,57.86760581074104,67.67567459222258,82.38777776444488,49.04034390740766,51.00195766370397,12.750489415925992,36.28985449148167,44.1363095166669,51.00195766370397,39.23227512592613,15.692910050370452,38.25146824777798,41.19388888222244,72.57970898296334,101.02310844925978,23.53936507555568,11.76968253777784,58.8484126888892,38.25146824777798,13.731296294074145,35.30904761333352,82.38777776444488,97.09988093666718,43.15550263851874,53.94437829814843,15.692910050370452,51.00195766370397,44.1363095166669,52.96357142000028,37.27066136962982,14.7121031722223,47.07873015111136,34.32824073518536,59.82921956703735,63.75244707962996,12.750489415925992,18.63533068481491,70.61809522666704,51.00195766370397,8.82726190333338,40.21308200407428,73.5605158611115,98.08068781481532,37.27066136962982,38.25146824777798,12.750489415925992,37.27066136962982,36.28985449148167,43.15550263851874,30.40501322259275,14.7121031722223,37.27066136962982,47.07873015111136,56.88679893259289,66.69486771407442,13.731296294074145,10.788875659629685,62.77164020148181,43.15550263851874,15.692910050370452,49.04034390740766
B02012,99000000222,Synthetic Census Tract 99000000222,1.0,Total:,0.0,13.927672442551332,+/-14,8.953503713068713,0.0,0.0,0.0,0.0,0.0,0.0,0.0,0.0,0.0,0.0,0.0,0.0,0.0,0.0,0.0,0.0,0.0,0.0,0.0,0.0,0.0,0.0,0.0,0.0,0.0,0.0,0.0,0.0,0.0,0.0,0.0,0.0,0.0,0.0,0.0,0.0,0.0,0.0,0.0,0.0,0.0,0.0,0.0,0.0,0.0,0.0,0.0,0.0,0.0,0.0,0.0,0.0,0.0,0.0,0.0,0.0,0.0,0.0,0.0,0.0,0.0,0.0,0.0,0.0,0.0,0.0,0.0,0.0,0.0,0.0,0.0,0.0,0.0,0.0,0.0,0.0,0.0,0.0,0.0,0.0
B02012,99000000223,Synthetic Census Tract 99000000223,1.0,Total:,35.10605319910286,58.20214083009159,+/-63,35.10605319910286,40.64911423054016,47.116018767217,44.34448825149835,13.857652578593234,38.80142722006106,41.5729577357797,36.95374020958196,9.23843505239549,34.182209693863314,11.086122062874587,12.009965568114136,53.582923303893836,64.66904536676843,32.334522683384215,41.5729577357797,51.735236293414744,33.25836618862376,11.086122062874587,31.410679178144665,12.009965568114136,41.5729577357797,30.486835672905116,42.49680124101925,55.430610314372935,9.23843505239549,35.10605319910286,24.019931136228273,53.582923303893836,49.887549282935645,78.52669794536166,58.20214083009159,11.086122062874587,12.933809073353686,33.25836618862376,29.562992167665566,24.943774641467822,58.20214083009159,48.96370577769609,10.16227855763504,71.13594990344527,27.715305157186467,35.10605319910286,27.715305157186467,12.933809073353686,53.582923303893836,44.34448825149835,27.715305157186467,11.086122062874587,34.182209693863314,13.857652578593234,14.781496083832783,55.430610314372935,45.2683317567379,50.81139278817519,35.10605319910286,33.25836618862376,32.334522683384215,18.47687010479098,59.12598433533113,10.16227855763504,30.486835672905116,37.877583714821505,31.410679178144665,67.44057588248707,14.781496083832783,28.639148662426017,34.182209693863314,65.59288887200798,33.25836618862376,60.04982784057068,50.81139278817519,17.55302659955143,19.40071361003053,40.64911423054016,25.867618146707372,41.5729577357797,23.096087630988723,65.59288887200798,12.009965568114136,72.98363691392437
B02012,99000000224,Synthetic Census Tract 99000000224,1.0,Total:,33.36548119108391,45.4141271767531,+/-49,27.804567659236593,20.39001628344017,24.09729197133838,16.682740595541954,36.14593795700757,36.14593795700757,42.63367041082944,58.389592084396845,28.731386581211144,44.48730825477855,37.07275687898212,34.29230011305847,56.53595424044774,41.70685148885489,15.755921673567402,48.19458394267676,50.97504070860042,20.39001628344017,29.658205503185698,34.29230011305847,48.19458394267676,50.04822178662587,42.63367041082944,50.97504070860042,26.87774873726204,45.4141271767531,30.585024425160253,9.26818921974553,39.85321364490578,24.09729197133838,35.21911903503302,32.43866226910936,12.975464907643744,32.43866226910936,41.70685148885489,12.04864598566919,15.755921673567402,46.340946098727656,37.07275687898212,48.19458394267676,61.170048850320505,62.096867772295056,22.243654127389274,49.121402864651316,51.901859630574975,25.024110893312933,36.14593795700757,23.170473049363828,32.43866226910936,10.195008141720084,36.14593795700757,27.804567659236593,20.39001628344017,41.70685148885489,50.97504070860042,24.09729197133838,17.60955951751651,58.389592084396845,35.21911903503302,31.511843347134803,11.121827063694637,18.53637843949106,34.29230011305847,14.829102751592849,36.14593795700757,43.560489332803996,26.87774873726204,39.85321364490578,43.560489332803996,64.87732453821872,32.43866226910936,27.804567659236593,48.19458394267676,25.950929815287488,14.829102751592849,43.560489332803996,52.828678552549526,19.463197361465614,35.21911903503302,49.121402864651316,27.804567659236593
B02012,99000000225,Synthetic Census Tract 99000000225,1.0,Total:,0.0,13.37861152818752,+/-14,8.600535982406264,0.0,0.0,0.0,0.0,0.0,0.0,0.0,0.0,0.0,0.0,0.0,0.0,0.0,0.0,0.0,0.0,0.0,0.0,0.0,0.0,0.0,0.0,0.0,0.0,0.0,0.0,0.0,0.0,0.0,0.0,0.0,0.0,0.0,0.0,0.0,0.0,0.0,0.0,0.0,0.0,0.0,0.0,0.0,0.0,0.0,0.0,0.0,0.0,0.0,0.0,0.0,0.0,0.0,0.0,0.0,0.0,0.0,0.0,0.0,0.0,0.0,0.0,0.0,0.0,0.0,0.0,0.0,0.0,0.0,0.0,0.0,0.0,0.0,0.0,0.0,0.0,0.0,0.0,0.0,0.0
B02012,99000000226,Synthetic Census Tract 99000000226,1.0,Total:,27.867286701812823,46.12516419610398,+/-48,27.867286701812823,9.609409207521663,6.7265864452651645,27.867286701812823,42.28140051309532,8.648468286769496,49.96892787911265,26.906345781060658,28.828227622564988,19.218818415043327,28.828227622564988,24.984463939556324,28.828227622564988,7.68752736601733,44.20328235459965,33.63293222632582,28.828227622564988,51.89080972061698,48.04704603760832,31.711050384821487,29.789168543317157,34.593873147077986,28.828227622564988,39.39857775083882,31.711050384821487,32.671991305573655,24.984463939556324,36.51575498858232,9.609409207521663,8.648468286769496,8.648468286769496,7.68752736601733,51.89080972061698,34.593873147077986,28.828227622564988,9.609409207521663,48.04704603760832,27.867286701812823,26.906345781060658,44.20328235459965,9.609409207521663,8.648468286769496,8.648468286769496,32.671991305573655,43.242341433847486,6.7265864452651645,44.20328235459965,31.711050384821487,24.984463939556324,33.63293222632582,25.94540486030849,32.671991305573655,23.06258209805199,5.765645524512998,50.92986879986481,28.828227622564988,41.32045959234315,58.61739616588214,35.55481406783015,24.02352301880416,26.906345781060658,24.02352301880416,35.55481406783015,49.00798695836048,25.94540486030849,35.55481406783015,24.984463939556324,39.39857775083882,9.609409207521663,9.609409207521663,10.57035012827383,8.648468286769496,54.77363248287348,26.906345781060658,27.867286701812823,9.609409207521663,45.164223275351816,26.906345781060658,28.828227622564988,45.164223275351816,7.68752736601733
B02012,99000000227,Synthetic Census Tract 99000000227,1.0,Total:,4.9279032136813505,8.870225784626431,+/-9,4.9279032136813505,6.899064499153891,4.9279032136813505,8.870225784626431,4.9279032136813505,6.899064499153891,5.913483856417621,6.899064499153891,8.870225784626431,5.913483856417621,0.9855806427362701,9.855806427362701,10.841387070098971,1.9711612854725402,4.9279032136813505,6.899064499153891,2.9567419282088103,4.9279032136813505,1.9711612854725402,3.9423225709450804,0.9855806427362701,5.913483856417621,3.9423225709450804,8.870225784626431,3.9423225709450804,8.870225784626431,2.9567419282088103,4.9279032136813505,8.870225784626431,4.9279032136813505,1.9711612854725402,5.913483856417621,5.913483856417621,1.9711612854725402,2.9567419282088103,3.9423225709450804,1.9711612854725402,4.9279032136813505,1.9711612854725402,3.9423225709450804,9.855806427362701,4.9279032136813505,4.9279032136813505,1.9711612854725402,5.913483856417621,0.9855806427362701,6.899064499153891,5.913483856417621,0.9855806427362701,6.899064499153891,7.884645141890161,0.9855806427362701,1.9711612854725402,6.899064499153891,5.913483856417621,3.9423225709450804,4.9279032136813505,3.9423225709450804,6.899064499153891,5.913483856417621,6.899064499153891,4.9279032136813505,6.899064499153891,1.9711612854725402,6.899064499153891,1.9711612854725402,6.899064499153891,4.9279032136813505,0.9855806427362701,4.9279032136813505,10.841387070098971,2.9567419282088103,1.9711612854725402,11.826967712835241,5.913483856417621,4.9279032136813505,7.884645141890161,6.899064499153891,11.826967712835241,4.9279032136813505,2.9567419282088103
B02012,99000000228,Synthetic Census Tract 99000000228,1.0,Total:,0.0,20.443950188146513,+/-20,12.266370112887909,0.0,0.0,0.0,0.0,0.0,0.0,0.0,0.0,0.0,0.0,0.0,0.0,0.0,0.0,0.0,0.0,0.0,0.0,0.0,0.0,0.0,0.0,0.0,0.0,0.0,0.0,0.0,0.0,0.0,0.0,0.0,0.0,0.0,0.0,0.0,0.0,0.0,0.0,0.0,0.0,0.0,0.0,0.0,0.0,0.0,0.0,0.0,0.0,0.0,0.0,0.0,0.0,0.0,0.0,0.0,0.0,0.0,0.0,0.0,0.0,0.0,0.0,0.0,0.0,0.0,0.0,0.0,0.0,0.0,0.0,0.0,0.0,0.0,0.0,0.0,0.0,0.0,0.0,0.0,0.0
B02012,99000000229,Synthetic Census Tract 99000000229,1.0,Total:,0.0,14.376961528771137,+/-14,9.242332411352875,0.0,0.0,0.0,0.0,0.0,0.0,0.0,0.0,0.0,0.0,0.0,0.0,0.0,0.0,0.0,0.0,0.0,0.0,0.0,0.0,0.0,0.0,0.0,0.0,0.0,0.0,0.0,0.0,0.0,0.0,0.0,0.0,0.0,0.0,0.0,0.0,0.0,0.0,0.0,0.0,0.0,0.0,0.0,0.0,0.0,0.0,0.0,0.0,0.0,0.0,0.0,0.0,0.0,0.0,0.0,0.0,0.0,0.0,0.0,0.0,0.0,0.0,0.0,0.0,0.0,0.0,0.0,0.0,0.0,0.0,0.0,0.0,0.0,0.0,0.0,0.0,0.0,0.0,0.0,0.0
B02012,99000000230,Synthetic Census Tract 99000000230,1.0,Total:,56.97700640039262,77.60661216605202,+/-79,47.153384607221476,70.73007691083221,16.70015704839094,27.506141020879195,14.735432689756712,20.629605765659395,58.941730759026846,20.629605765659395,69.7477147315151,22.594330124293624,76.6242499867349,54.029919862441275,67.78299037288087,73.67716344878356,33.40031409678188,30.453227558830537,70.73007691083221,81.53606088332047,20.629605765659395,49.118108965855704,43.22393588995302,55.994644221075504,60.906455117661075,63.85354165561242,50.10047114517282,49.118108965855704,81.53606088332047,69.7477147315151,71.71243909014933,68.76535255219798,88.41259613854027,58.941730759026846,81.53606088332047,117.88346151805369,48.13574678653859,52.06519550380705,77.60661216605202,41.25921153131879,56.97700640039262,74.65952562810067,20.629605765659395,63.85354165561242,18.664881407025167,27.506141020879195,16.70015704839094,21.61196794497651,51.08283332448993,30.453227558830537,84.48314742127181,19.64724358634228,62.8711794762953,44.20629806927013,47.153384607221476,64.83590383492952,22.594330124293624,18.664881407025167,55.994644221075504,72.69480126946644,18.664881407025167,53.04755768312416,49.118108965855704,57.95936857970973,73.67716344878356,79.57133652468625,52.06519550380705,88.41259613854027,55.994644221075504,53.04755768312416,101.18330446966276,54.029919862441275,93.32440703512584,75.64188780741779,73.67716344878356,85.46550960058893,85.46550960058893,52.06519550380705,66.80062819356375,82.51842306263758,55.01228204175839,77.60661216605202,17.682519227708053
B02012,99000000231,Synthetic Census Tract 99000000231,1.0,Total:,6.872296353200176,13.744592706400352,+/-14,8.835809596971655,2.9452698656572185,5.890539731314437,7.854052975085915,7.854052975085915,11.781079462628874,10.799322840743134,6.872296353200176,10.799322840743134,1.9635132437714788,12.762836084514612,1.9635132437714788,5.890539731314437,0.9817566218857394,1.9635132437714788,5.890539731314437,6.872296353200176,6.872296353200176,5.890539731314437,11.781079462628874,6.872296353200176,4.908783109428697,13.744592706400352,1.9635132437714788,2.9452698656572185,6.872296353200176,6.872296353200176,11.781079462628874,5.890539731314437,5.890539731314437,4.908783109428697,5.890539731314437,14.72634932828609,12.762836084514612,5.890539731314437,1.9635132437714788,2.9452698656572185,9.817566218857394,13.744592706400352,1.9635132437714788,18.653375815829047,2.9452698656572185,4.908783109428697,8.835809596971655,6.872296353200176,11.781079462628874,9.817566218857394,7.854052975085915,9.817566218857394,2.9452698656572185,19.635132437714788,1.9635132437714788,5.890539731314437,1.9635132437714788,1.9635132437714788,6.872296353200176,5.890539731314437,6.872296353200176,6.872296353200176,8.835809596971655,5.890539731314437,5.890539731314437,13.744592706400352,1.9635132437714788,2.9452698656572185,8.835809596971655,6.872296353200176,13.744592706400352,5.890539731314437,6.872296353200176,4.908783109428697,7.854052975085915,10.799322840743134,7.854052975085915,5.890539731314437,1.9635132437714788,2.9452698656572185,10.799322840743134,11.781079462628874,1.9635132437714788,17.67161919394331
B02012,99000000232,Synthetic Census Tract 99000000232,1.0,Total:,0.0,13.209359874751494,+/-14,8.491731348054532,0.0,0.0,0.0,0.0,0.0,0.0,0.0,0.0,0.0,0.0,0.0,0.0,0.0,0.0,0.0,0.0,0.0,0.0,0.0,0.0,0.0,0.0,0.0,0.0,0.0,0.0,0.0,0.0,0.0,0.0,0.0,0.0,0.0,0.0,0.0,0.0,0.0,0.0,0.0,0.0,0.0,0.0,0.0,0.0,0.0,0.0,0.0,0.0,0.0,0.0,0.0,0.0,0.0,0.0,0.0,0.0,0.0,0.0,0.0,0.0,0.0,0.0,0.0,0.0,0.0,0.0,0.0,0.0,0.0,0.0,0.0,0.0,0.0,0.0,0.0,0.0,0.0,0.0,0.0,0.0
B02012,99000000233,Synthetic Census Tract 99000000233,1.0,Total:,0.0,14.247257495545226,+/-14,9.158951247136216,0.0,0.0,0.0,0.0,0.0,0.0,0.0,0.0,0.0,0.0,0.0,0.0,0.0,0.0,0.0,0.0,0.0,0.0,0.0,0.0,0.0,0.0,0.0,0.0,0.0,0.0,0.0,0.0,0.0,0.0,0.0,0.0,0.0,0.0,0.0,0.0,0.0,0.0,0.0,0.0,0.0,0.0,0.0,0.0,0.0,0.0,0.0,0.0,0.0,0.0,0.0,0.0,0.0,0.0,0.0,0.0,0.0,0.0,0.0,0.0,0.0,0.0,0.0,0.0,0.0,0.0,0.0,0.0,0.0,0.0,0.0,0.0,0.0,0.0,0.0,0.0,0.0,0.0,0.0,0.0
B02012,99000000234,Synthetic Census Tract 99000000234,1.0,Total:,0.0,13.487714551688267,+/-14,8.670673640371028,0.0,0.0,0.0,0.0,0.0,0.0,0.0,0.0,0.0,0.0,0.0,0.0,0.0,0.0,0.0,0.0,0.0,0.0,0.0,0.0,0.0,0.0,0.0,0.0,0.0,0.0,0.0,0.0,0.0,0.0,0.0,0.0,0.0,0.0,0.0,0.0,0.0,0.0,0.0,0.0,0.0,0.0,0.0,0.0,0.0,0.0,0.0,0.0,0.0,0.0,0.0,0.0,0.0,0.0,0.0,0.0,0.0,0.0,0.0,0.0,0.0,0.0,0.0,0.0,0.0,0.0,0.0,0.0,0.0,0.0,0.0,0.0,0.0,0.0,0.0,0.0,0.0,0.0,0.0,0.0
B02012,99000000235,Synthetic Census Tract 99000000235,1.0,Total:,0.0,18.144239337109454,+/-20,10.886543602265673,0.0,0.0,0.0,0.0,0.0,0.0,0.0,0.0,0.0,0.0,0.0,0.0,0.0,0.0,0.0,0.0,0.0,0.0,0.0,0.0,0.0,0.0,0.0,0.0,0.0,0.0,0.0,0.0,0.0,0.0,0.0,0.0,0.0,0.0,0.0,0.0,0.0,0.0,0.0,0.0,0.0,0.0,0.0,0.0,0.0,0.0,0.0,0.0,0.0,0.0,0.0,0.0,0.0,0.0,0.0,0.0,0.0,0.0,0.0,0.0,0.0,0.0,0.0,0.0,0.0,0.0,0.0,0.0,0.0,0.0,0.0,0.0,0.0,0.0,0.0,0.0,0.0,0.0,0.0,0.0
B02012,99000000236,Synthetic Census Tract 99000000236,1.0,Total:,0.0,13.77152012363921,+/-14,8.85312007948235,0.0,0.0,0.0,0.0,0.0,0.0,0.0,0.0,0.0,0.0,0.0,0.0,0.0,0.0,0.0,0.0,0.0,0.0,0.0,0.0,0.0,0.0,0.0,0.0,0.0,0.0,0.0,0.0,0.0,0.0,0.0,0.0,0.0,0.0,0.0,0.0,0.0,0.0,0.0,0.0,0.0,0.0,0.0,0.0,0.0,0.0,0.0,0.0,0.0,0.0,0.0,0.0,0.0,0.0,0.0,0.0,0.0,0.0,0.0,0.0,0.0,0.0,0.0,0.0,0.0,0.0,0.0,0.0,0.0,0.0,0.0,0.0,0.0,0.0,0.0,0.0,0.0,0.0,0.0,0.0
B02012,99000000237,Synthetic Census Tract 99000000237,1.0,Total:,0.0,13.927571490252477,+/-14,8.953438815162308,0.0,0.0,0.0,0.0,0.0,0.0,0.0,0.0,0.0,0.0,0.0,0.0,0.0,0.0,0.0,0.0,0.0,0.0,0.0,0.0,0.0,0.0,0.0,0.0,0.0,0.0,0.0,0.0,0.0,0.0,0.0,0.0,0.0,0.0,0.0,0.0,0.0,0.0,0.0,0.0,0.0,0.0,0.0,0.0,0.0,0.0,0.0,0.0,0.0,0.0,0.0,0.0,0.0,0.0,0.0,0.0,0.0,0.0,0.0,0.0,0.0,0.0,0.0,0.0,0.0,0.0,0.0,0.0,0.0,0.0,0.0,0.0,0.0,0.0,0.0,0.0,0.0,0.0,0.0,0.0
B02012,99000000238,Synthetic Census Tract 99000000238,1.0,Total:,0.0,13.231660030971792,+/-14,8.50606716276758,0.0,0.0,0.0,0.0,0.0,0.0,0.0,0.0,0.0,0.0,0.0,0.0,0.0,0.0,0.0,0.0,0.0,0.0,0.0,0.0,0.0,0.0,0.0,0.0,0.0,0.0,0.0,0.0,0.0,0.0,0.0,0.0,0.0,0.0,0.0,0.0,0.0,0.0,0.0,0.0,0.0,0.0,0.0,0.0,0.0,0.0,0.0,0.0,0.0,0.0,0.0,0.0,0.0,0.0,0.0,0.0,0.0,0.0,0.0,0.0,0.0,0.0,0.0,0.0,0.0,0.0,0.0,0.0,0.0,0.0,0.0,0.0,0.0,0.0,0.0,0.0,0.0,0.0,0.0,0.0
B02012,99000000239,Synthetic Census Tract 99000000239,1.0,Total:,0.0,14.202882212741926,+/-14,9.13042427961981,0.0,0.0,0.0,0.0,0.0,0.0,0.0,0.0,0.0,0.0,0.0,0.0,0.0,0.0,0.0,0.0,0.0,0.0,0.0,0.0,0.0,0.0,0.0,0.0,0.0,0.0,0.0,0.0,0.0,0.0,0.0,0.0,0.0,0.0,0.0,0.0,0.0,0.0,0.0,0.0,0.0,0.0,0.0,0.0,0.0,0.0,0.0,0.0,0.0,0.0,0.0,0.0,0.0,0.0,0.0,0.0,0.0,0.0,0.0,0.0,0.0,0.0,0.0,0.0,0.0,0.0,0.0,0.0,0.0,0.0,0.0,0.0,0.0,0.0,0.0,0.0,0.0,0.0,0.0,0.0
B02012,99000000240,Synthetic Census Tract 99000000240,1.0,Total:,0.0,14.18416132120938,+/-14,9.118389420777458,0.0,0.0,0.0,0.0,0.0,0.0,0.0,0.0,0.0,0.0,0.0,0.0,0.0,0.0,0.0,0.0,0.0,0.0,0.0,0.0,0.0,0.0,0.0,0.0,0.0,0.0,0.0,0.0,0.0,0.0,0.0,0.0,0.0,0.0,0.0,0.0,0.0,0.0,0.0,0.0,0.0,0.0,0.0,0.0,0.0,0.0,0.0,0.0,0.0,0.0,0.0,0.0,0.0,0.0,0.0,0.0,0.0,0.0,0.0,0.0,0.0,0.0,0.0,0.0,0.0,0.0,0.0,0.0,0.0,0.0,0.0,0.0,0.0,0.0,0.0,0.0,0.0,0.0,0.0,0.0
B02012,99000000241,Synthetic Census Tract 99000000241,1.0,Total:,0.0,14.565606107109042,+/-14,9.363603925998671,0.0,0.0,0.0,0.0,0.0,0.0,0.0,0.0,0.0,0.0,0.0,0.0,0.0,0.0,0.0,0.0,0.0,0.0,0.0,0.0,0.0,0.0,0.0,0.0,0.0,0.0,0.0,0.0,0.0,0.0,0.0,0.0,0.0,0.0,0.0,0.0,0.0,0.0,0.0,0.0,0.0,0.0,0.0,0.0,0.0,0.0,0.0,0.0,0.0,0.0,0.0,0.0,0.0,0.0,0.0,0.0,0.0,0.0,0.0,0.0,0.0,0.0,0.0,0.0,0.0,0.0,0.0,0.0,0.0,0.0,0.0,0.0,0.0,0.0,0.0,0.0,0.0,0.0,0.0,0.0
B02012,99000000242,Synthetic Census Tract 99000000242,1.0,Total:,0.0,14.414255750163388,+/-14,9.266307267962178,0.0,0.0,0.0,0.0,0.0,0.0,0.0,0.0,0.0,0.0,0.0,0.0,0.0,0.0,0.0,0.0,0.0,0.0,0.0,0.0,0.0,0.0,0.0,0.0,0.0,0.0,0.0,0.0,0.0,0.0,0.0,0.0,0.0,0.0,0.0,0.0,0.0,0.0,0.0,0.0,0.0,0.0,0.0,0.0,0.0,0.0,0.0,0.0,0.0,0.0,0.0,0.0,0.0,0.0,0.0,0.0,0.0,0.0,0.0,0.0,0.0,0.0,0.0,0.0,0.0,0.0,0.0,0.0,0.0,0.0,0.0,0.0,0.0,0.0,0.0,0.0,0.0,0.0,0.0,0.0
B02012,99000000243,Synthetic Census Tract 99000000243,1.0,Total:,0.0,20.609732226084127,+/-20,12.365839335650477,0.0,0.0,0.0,0.0,0.0,0.0,0.0,0.0,0.0,0.0,0.0,0.0,0.0,0.0,0.0,0.0,0.0,0.0,0.0,0.0,0.0,0.0,0.0,0.0,0.0,0.0,0.0,0.0,0.0,0.0,0.0,0.0,0.0,0.0,0.0,0.0,0.0,0.0,0.0,0.0,0.0,0.0,0.0,0.0,0.0,0.0,0.0,0.0,0.0,0.0,0.0,0.0,0.0,0.0,0.0,0.0,0.0,0.0,0.0,0.0,0.0,0.0,0.0,0.0,0.0,0.0,0.0,0.0,0.0,0.0,0.0,0.0,0.0,0.0,0.0,0.0,0.0,0.0,0.0,0.0
B02012,99000000244,Synthetic Census Tract 99000000244,1.0,Total:,0.0,19.264856607296174,+/-20,11.558913964377703,0.0,0.0,0.0,0.0,0.0,0.0,0.0,0.0,0.0,0.0,0.0,0.0,0.0,0.0,0.0,0.0,0.0,0.0,0.0,0.0,0.0,0.0,0.0,0.0,0.0,0.0,0.0,0.0,0.0,0.0,0.0,0.0,0.0,0.0,0.0,0.0,0.0,0.0,0.0,0.0,0.0,0.0,0.0,0.0,0.0,0.0,0.0,0.0,0.0,0.0,0.0,0.0,0.0,0.0,0.0,0.0,0.0,0.0,0.0,0.0,0.0,0.0,0.0,0.0,0.0,0.0,0.0,0.0,0.0,0.0,0.0,0.0,0.0,0.0,0.0,0.0,0.0,0.0,0.0,0.0
B02012,99000000245,Synthetic Census Tract 99000000245,1.0,Total:,0.0,14.80481022156067,+/-14,9.517377999574716,0.0,0.0,0.0,0.0,0.0,0.0,0.0,0.0,0.0,0.0,0.0,0.0,0.0,0.0,0.0,0.0,0.0,0.0,0.0,0.0,0.0,0.0,0.0,0.0,0.0,0.0,0.0,0.0,0.0,0.0,0.0,0.0,0.0,0.0,0.0,0.0,0.0,0.0,0.0,0.0,0.0,0.0,0.0,0.0,0.0,0.0,0.0,0.0,0.0,0.0,0.0,0.0,0.0,0.0,0.0,0.0,0.0,0.0,0.0,0.0,0.0,0.0,0.0,0.0,0.0,0.0,0.0,0.0,0.0,0.0,0.0,0.0,0.0,0.0,0.0,0.0,0.0,0.0,0.0,0.0
B02012,99000000246,Synthetic Census Tract 99000000246,1.0,Total:,0.0,14.137604274079102,+/-14,9.088459890479424,0.0,0.0,0.0,0.0,0.0,0.0,0.0,0.0,0.0,0.0,0.0,0.0,0.0,0.0,0.0,0.0,0.0,0.0,0.0,0.0,0.0,0.0,0.0,0.0,0.0,0.0,0.0,0.0,0.0,0.0,0.0,0.0,0.0,0.0,0.0,0.0,0.0,0.0,0.0,0.0,0.0,0.0,0.0,0.0,0.0,0.0,0.0,0.0,0.0,0.0,0.0,0.0,0.0,0.0,0.0,0.0,0.0,0.0,0.0,0.0,0.0,0.0,0.0,0.0,0.0,0.0,0.0,0.0,0.0,0.0,0.0,0.0,0.0,0.0,0.0,0.0,0.0,0.0,0.0,0.0
B02012,99000000247,Synthetic Census Tract 99000000247,1.0,Total:,0.0,13.807970946503692,+/-14,8.876552751323802,0.0,0.0,0.0,0.0,0.0,0.0,0.0,0.0,0.0,0.0,0.0,0.0,0.0,0.0,0.0,0.0,0.0,0.0,0.0,0.0,0.0,0.0,0.0,0.0,0.0,0.0,0.0,0.0,0.0,0.0,0.0,0.0,0.0,0.0,0.0,0.0,0.0,0.0,0.0,0.0,0.0,0.0,0.0,0.0,0.0,0.0,0.0,0.0,0.0,0.0,0.0,0.0,0.0,0.0,0.0,0.0,0.0,0.0,0.0,0.0,0.0,0.0,0.0,0.0,0.0,0.0,0.0,0.0,0.0,0.0,0.0,0.0,0.0,0.0,0.0,0.0,0.0,0.0,0.0,0.0
B02012,99000000248,Synthetic Census Tract 99000000248,1.0,Total:,0.0,14.352834946634962,+/-14,9.226822465693903,0.0,0.0,0.0,0.0,0.0,0.0,0.0,0.0,0.0,0.0,0.0,0.0,0.0,0.0,0.0,0.0,0.0,0.0,0.0,0.0,0.0,0.0,0.0,0.0,0.0,0.0,0.0,0.0,0.0,0.0,0.0,0.0,0.0,0.0,0.0,0.0,0.0,0.0,0.0,0.0,0.0,0.0,0.0,0.0,0.0,0.0,0.0,0.0,0.0,0.0,0.0,0.0,0.0,0.0,0.0,0.0,0.0,0.0,0.0,0.0,0.0,0.0,0.0,0.0,0.0,0.0,0.0,0.0,0.0,0.0,0.0,0.0,0.0,0.0,0.0,0.0,0.0,0.0,0.0,0.0
B02012,99000000249,Synthetic Census Tract 99000000249,1.0,Total:,40.82952160938214,56.38362507962295,+/-58,34.02460134115178,21.38689227158112,15.554103470240815,15.554103470240815,69.02133414919362,37.913127208711984,74.85412295053392,16.526234937130866,66.10493974852346,52.49509921206275,35.96886427493188,60.27215094718316,24.30328667225127,37.913127208711984,62.21641388096326,40.82952160938214,40.82952160938214,41.80165307627219,77.77051735120408,9.72131466890051,59.30001948029311,31.10820694048163,23.33115520536122,45.69017894383239,35.96886427493188,80.68691175187422,20.41476080469107,31.10820694048163,34.02460134115178,20.41476080469107,24.30328667225127,39.857390142492086,68.04920268230356,55.411493612732905,31.10820694048163,12.637709069570661,47.634441877612495,18.470497870910968,41.80165307627219,34.996732808041834,36.940995741821936,43.74591601005229,51.5229677451727,59.30001948029311,26.247549606031374,35.96886427493188,54.43936214584285,41.80165307627219,13.609840536460712,41.80165307627219,38.88525867560204,15.554103470240815,51.5229677451727,42.77378454316224,16.526234937130866,53.4672306789528,38.88525867560204,28.191812539811476,28.191812539811476,41.80165307627219,11.66557760268061,41.80165307627219,34.996732808041834,55.411493612732905,37.913127208711984,20.41476080469107,52.49509921206275,34.02460134115178,47.634441877612495,58.327888013403054,63.18854534785331,36.940995741821936,19.44262933780102,15.554103470240815,43.74591601005229,55.411493612732905,15.554103470240815,73.88199148364387,38.88525867560204,49.5787048113926,49.5787048113926
B02012,99000000250,Synthetic Census Tract 99000000250,1.0,Total:,0.0,20.050956978427035,+/-20,12.03057418705622,0.0,0.0,0.0,0.0,0.0,0.0,0.0,0.0,0.0,0.0,0.0,0.0,0.0,0.0,0.0,0.0,0.0,0.0,0.0,0.0,0.0,0.0,0.0,0.0,0.0,0.0,0.0,0.0,0.0,0.0,0.0,0.0,0.0,0.0,0.0,0.0,0.0,0.0,0.0,0.0,0.0,0.0,0.0,0.0,0.0,0.0,0.0,0.0,0.0,0.0,0.0,0.0,0.0,0.0,0.0,0.0,0.0,0.0,0.0,0.0,0.0,0.0,0.0,0.0,0.0,0.0,0.0,0.0,0.0,0.0,0.0,0.0,0.0,0.0,0.0,0.0,0.0,0.0,0.0,0.0
B02012,99000000251,Synthetic Census Tract 99000000251,1.0,Total:,60.745785986393756,82.73994987801909,+/-79,50.27237460942932,75.40856191414397,17.80479934083955,29.325551855500436,15.710117065446662,21.994163891625327,62.84046826178665,21.994163891625327,74.36122077644752,24.088846167018215,81.69260874032264,57.60376257330442,72.26653850105464,78.5505853272333,35.6095986816791,32.46757526858977,75.40856191414397,86.92931442880486,21.994163891625327,52.367056884822205,46.08301005864354,59.698444848697314,64.93515053717954,68.07717395026887,53.41439802251865,52.367056884822205,86.92931442880486,74.36122077644752,76.45590305184042,73.31387963875109,94.26070239267997,62.84046826178665,86.92931442880486,125.6809365235733,51.31971574712576,55.50908029791154,82.73994987801909,43.988327783250654,60.745785986393756,79.59792646492976,21.994163891625327,68.07717395026887,19.89948161623244,29.325551855500436,17.80479934083955,23.04150502932177,54.461739160215096,32.46757526858977,90.07133784189419,20.94682275392888,67.02983281257242,47.13035119633999,50.27237460942932,69.1245150879653,24.088846167018215,19.89948161623244,59.698444848697314,77.50324418953686,19.89948161623244,56.55642143560798,52.367056884822205,61.793127124090205,78.5505853272333,84.83463215341197,55.50908029791154,94.26070239267997,59.698444848697314,56.55642143560798,107.87613718273374,57.60376257330442,99.49740808116219,80.64526760262619,78.5505853272333,91.11867897959064,91.11867897959064,55.50908029791154,71.2191973633582,87.97665556650131,58.65110371100087,82.73994987801909,18.852140478535993
B02012,99000000252,Synthetic Census Tract 99000000252,1.0,Total:,0.0,21.545611546894833,+/-20,12.927366928136898,0.0,0.0,0.0,0.0,0.0,0.0,0.0,0.0,0.0,0.0,0.0,0.0,0.0,0.0,0.0,0.0,0.0,0.0,0.0,0.0,0.0,0.0,0.0,0.0,0.0,0.0,0.0,0.0,0.0,0.0,0.0,0.0,0.0,0.0,0.0,0.0,0.0,0.0,0.0,0.0,0.0,0.0,0.0,0.0,0.0,0.0,0.0,0.0,0.0,0.0,0.0,0.0,0.0,0.0,0.0,0.0,0.0,0.0,0.0,0.0,0.0,0.0,0.0,0.0,0.0,0.0,0.0,0.0,0.0,0.0,0.0,0.0,0.0,0.0,0.0,0.0,0.0,0.0,0.0,0.0
B02012,99000000253,Synthetic Census Tract 99000000253,1.0,Total:,0.0,15.178960152426537,+/-14,9.757902955131344,0.0,0.0,0.0,0.0,0.0,0.0,0.0,0.0,0.0,0.0,0.0,0.0,0.0,0.0,0.0,0.0,0.0,0.0,0.0,0.0,0.0,0.0,0.0,0.0,0.0,0.0,0.0,0.0,0.0,0.0,0.0,0.0,0.0,0.0,0.0,0.0,0.0,0.0,0.0,0.0,0.0,0.0,0.0,0.0,0.0,0.0,0.0,0.0,0.0,0.0,0.0,0.0,0.0,0.0,0.0,0.0,0.0,0.0,0.0,0.0,0.0,0.0,0.0,0.0,0.0,0.0,0.0,0.0,0.0,0.0,0.0,0.0,0.0,0.0,0.0,0.0,0.0,0.0,0.0,0.0
B02012,99000000254,Synthetic Census Tract 99000000254,1.0,Total:,0.0,14.010172190512677,+/-14,9.006539265329579,0.0,0.0,0.0,0.0,0.0,0.0,0.0,0.0,0.0,0.0,0.0,0.0,0.0,0.0,0.0,0.0,0.0,0.0,0.0,0.0,0.0,0.0,0.0,0.0,0.0,0.0,0.0,0.0,0.0,0.0,0.0,0.0,0.0,0.0,0.0,0.0,0.0,0.0,0.0,0.0,0.0,0.0,0.0,0.0,0.0,0.0,0.0,0.0,0.0,0.0,0.0,0.0,0.0,0.0,0.0,0.0,0.0,0.0,0.0,0.0,0.0,0.0,0.0,0.0,0.0,0.0,0.0,0.0,0.0,0.0,0.0,0.0,0.0,0.0,0.0,0.0,0.0,0.0,0.0,0.0
B02012,99000000255,Synthetic Census Tract 99000000255,1.0,Total:,0.0,14.056770321273593,+/-14,9.036495206533024,0.0,0.0,0.0,0.0,0.0,0.0,0.0,0.0,0.0,0.0,0.0,0.0,0.0,0.0,0.0,0.0,0.0,0.0,0.0,0.0,0.0,0.0,0.0,0.0,0.0,0.0,0.0,0.0,0.0,0.0,0.0,0.0,0.0,0.0,0.0,0.0,0.0,0.0,0.0,0.0,0.0,0.0,0.0,0.0,0.0,0.0,0.0,0.0,0.0,0.0,0.0,0.0,0.0,0.0,0.0,0.0,0.0,0.0,0.0,0.0,0.0,0.0,0.0,0.0,0.0,0.0,0.0,0.0,0.0,0.0,0.0,0.0,0.0,0.0,0.0,0.0,0.0,0.0,0.0,0.0
B02012,99000000256,Synthetic Census Tract 99000000256,1.0,Total:,0.0,14.839637150138744,+/-14,9.539766739374906,0.0,0.0,0.0,0.0,0.0,0.0,0.0,0.0,0.0,0.0,0.0,0.0,0.0,0.0,0.0,0.0,0.0,0.0,0.0,0.0,0.0,0.0,0.0,0.0,0.0,0.0,0.0,0.0,0.0,0.0,0.0,0.0,0.0,0.0,0.0,0.0,0.0,0.0,0.0,0.0,0.0,0.0,0.0,0.0,0.0,0.0,0.0,0.0,0.0,0.0,0.0,0.0,0.0,0.0,0.0,0.0,0.0,0.0,0.0,0.0,0.0,0.0,0.0,0.0,0.0,0.0,0.0,0.0,0.0,0.0,0.0,0.0,0.0,0.0,0.0,0.0,0.0,0.0,0.0,0.0
B02012,99000000257,Synthetic Census Tract 99000000257,1.0,Total:,0.0,13.480461936883763,+/-14,8.666011245139563,0.0,0.0,0.0,0.0,0.0,0.0,0.0,0.0,0.0,0.0,0.0,0.0,0.0,0.0,0.0,0.0,0.0,0.0,0.0,0.0,0.0,0.0,0.0,0.0,0.0,0.0,0.0,0.0,0.0,0.0,0.0,0.0,0.0,0.0,0.0,0.0,0.0,0.0,0.0,0.0,0.0,0.0,0.0,0.0,0.0,0.0,0.0,0.0,0.0,0.0,0.0,0.0,0.0,0.0,0.0,0.0,0.0,0.0,0.0,0.0,0.0,0.0,0.0,0.0,0.0,0.0,0.0,0.0,0.0,0.0,0.0,0.0,0.0,0.0,0.0,0.0,0.0,0.0,0.0,0.0
B02012,99000000258,Synthetic Census Tract 99000000258,1.0,Total:,14.944670614566192,21.349529449380277,+/-20,12.809717669628165,13.87719414209718,21.349529449380277,9.607288252221124,13.87719414209718,14.944670614566192,11.742241197159151,12.809717669628165,17.07962355950422,9.607288252221124,24.551958866787317,19.21457650444225,19.21457650444225,14.944670614566192,19.21457650444225,25.61943533925633,20.282052976911263,8.53981177975211,23.484482394318302,14.944670614566192,6.404858834814083,5.337382362345069,26.686911811725345,21.349529449380277,8.53981177975211,5.337382362345069,17.07962355950422,11.742241197159151,13.87719414209718,17.07962355950422,5.337382362345069,8.53981177975211,22.417005921849288,9.607288252221124,8.53981177975211,14.944670614566192,8.53981177975211,13.87719414209718,9.607288252221124,21.349529449380277,17.07962355950422,7.472335307283096,19.21457650444225,10.674764724690139,7.472335307283096,17.07962355950422,3.2024294174070413,3.2024294174070413,18.147100031973235,8.53981177975211,11.742241197159151,24.551958866787317,22.417005921849288,9.607288252221124,8.53981177975211,12.809717669628165,10.674764724690139,9.607288252221124,20.282052976911263,17.07962355950422,11.742241197159151,11.742241197159151,25.61943533925633,21.349529449380277,10.674764724690139,6.404858834814083,23.484482394318302,27.75438828419436,14.944670614566192,19.21457650444225,12.809717669628165,10.674764724690139,12.809717669628165,16.012147087035206,18.147100031973235,17.07962355950422,26.686911811725345,11.742241197159151,21.349529449380277,23.484482394318302,30.9568177016014
B02012,99000000259,Synthetic Census Tract 99000000259,1.0,Total:,0.0,13.983596610248787,+/-14,8.989454963731363,0.0,0.0,0.0,0.0,0.0,0.0,0.0,0.0,0.0,0.0,0.0,0.0,0.0,0.0,0.0,0.0,0.0,0.0,0.0,0.0,0.0,0.0,0.0,0.0,0.0,0.0,0.0,0.0,0.0,0.0,0.0,0.0,0.0,0.0,0.0,0.0,0.0,0.0,0.0,0.0,0.0,0.0,0.0,0.0,0.0,0.0,0.0,0.0,0.0,0.0,0.0,0.0,0.0,0.0,0.0,0.0,0.0,0.0,0.0,0.0,0.0,0.0,0.0,0.0,0.0,0.0,0.0,0.0,0.0,0.0,0.0,0.0,0.0,0.0,0.0,0.0,0.0,0.0,0.0,0.0
B02012,99000000260,Synthetic Census Tract 99000000260,1.0,Total:,0.0,12.92439882813875,+/-14,8.308542103803482,0.0,0.0,0.0,0.0,0.0,0.0,0.0,0.0,0.0,0.0,0.0,0.0,0.0,0.0,0.0,0.0,0.0,0.0,0.0,0.0,0.0,0.0,0.0,0.0,0.0,0.0,0.0,0.0,0.0,0.0,0.0,0.0,0.0,0.0,0.0,0.0,0.0,0.0,0.0,0.0,0.0,0.0,0.0,0.0,0.0,0.0,0.0,0.0,0.0,0.0,0.0,0.0,0.0,0.0,0.0,0.0,0.0,0.0,0.0,0.0,0.0,0.0,0.0,0.0,0.0,0.0,0.0,0.0,0.0,0.0,0.0,0.0,0.0,0.0,0.0,0.0,0.0,0.0,0.0,0.0
B02012,99000000261,Synthetic Census Tract 99000000261,1.0,Total:,0.0,18.288236588291774,+/-20,10.972941952975065,0.0,0.0,0.0,0.0,0.0,0.0,0.0,0.0,0.0,0.0,0.0,0.0,0.0,0.0,0.0,0.0,0.0,0.0,0.0,0.0,0.0,0.0,0.0,0.0,0.0,0.0,0.0,0.0,0.0,0.0,0.0,0.0,0.0,0.0,0.0,0.0,0.0,0.0,0.0,0.0,0.0,0.0,0.0,0.0,0.0,0.0,0.0,0.0,0.0,0.0,0.0,0.0,0.0,0.0,0.0,0.0,0.0,0.0,0.0,0.0,0.0,0.0,0.0,0.0,0.0,0.0,0.0,0.0,0.0,0.0,0.0,0.0,0.0,0.0,0.0,0.0,0.0,0.0,0.0,0.0
B02012,99000000262,Synthetic Census Tract 99000000262,1.0,Total:,0.0,14.9575809909105,+/-14,9.615587779871035,0.0,0.0,0.0,0.0,0.0,0.0,0.0,0.0,0.0,0.0,0.0,0.0,0.0,0.0,0.0,0.0,0.0,0.0,0.0,0.0,0.0,0.0,0.0,0.0,0.0,0.0,0.0,0.0,0.0,0.0,0.0,0.0,0.0,0.0,0.0,0.0,0.0,0.0,0.0,0.0,0.0,0.0,0.0,0.0,0.0,0.0,0.0,0.0,0.0,0.0,0.0,0.0,0.0,0.0,0.0,0.0,0.0,0.0,0.0,0.0,0.0,0.0,0.0,0.0,0.0,0.0,0.0,0.0,0.0,0.0,0.0,0.0,0.0,0.0,0.0,0.0,0.0,0.0,0.0,0.0
B02012,99000000263,Synthetic Census Tract 99000000263,1.0,Total:,1.8222271667627512,3.6444543335255024,+/-4,1.8222271667627512,2.733340750144127,2.733340750144127,0.9111135833813756,1.8222271667627512,0.0,1.8222271667627512,0.9111135833813756,1.8222271667627512,0.9111135833813756,0.0,0.9111135833813756,1.8222271667627512,2.733340750144127,2.733340750144127,0.0,0.0,3.6444543335255024,0.9111135833813756,0.9111135833813756,1.8222271667627512,2.733340750144127,2.733340750144127,1.8222271667627512,1.8222271667627512,0.0,1.8222271667627512,1.8222271667627512,0.9111135833813756,1.8222271667627512,0.0,1.8222271667627512,1.8222271667627512,2.733340750144127,2.733340750144127,0.0,0.0,2.733340750144127,1.8222271667627512,0.9111135833813756,1.8222271667627512,0.0,0.0,1.8222271667627512,1.8222271667627512,2.733340750144127,0.9111135833813756,1.8222271667627512,1.8222271667627512,1.8222271667627512,2.733340750144127,1.8222271667627512,0.9111135833813756,0.0,0.0,2.733340750144127,2.733340750144127,0.9111135833813756,1.8222271667627512,2.733340750144127,1.8222271667627512,0.9111135833813756,0.0,0.9111135833813756,1.8222271667627512,2.733340750144127,0.9111135833813756,1.8222271667627512,1.8222271667627512,1.8222271667627512,3.6444543335255024,1.8222271667627512,1.8222271667627512,0.0,0.0,2.733340750144127,2.733340750144127,0.0,1.8222271667627512,2.733340750144127,0.9111135833813756
B02012,99000000264,Synthetic Census Tract 99000000264,1.0,Total:,0.0,19.122445744534623,+/-20,11.473467446720775,0.0,0.0,0.0,0.0,0.0,0.0,0.0,0.0,0.0,0.0,0.0,0.0,0.0,0.0,0.0,0.0,0.0,0.0,0.0,0.0,0.0,0.0,0.0,0.0,0.0,0.0,0.0,0.0,0.0,0.0,0.0,0.0,0.0,0.0,0.0,0.0,0.0,0.0,0.0,0.0,0.0,0.0,0.0,0.0,0.0,0.0,0.0,0.0,0.0,0.0,0.0,0.0,0.0,0.0,0.0,0.0,0.0,0.0,0.0,0.0,0.0,0.0,0.0,0.0,0.0,0.0,0.0,0.0,0.0,0.0,0.0,0.0,0.0,0.0,0.0,0.0,0.0,0.0,0.0,0.0
B02012,99000000265,Synthetic Census Tract 99000000265,1.0,Total:,0.0,13.535564113404329,+/-14,8.701434072902783,0.0,0.0,0.0,0.0,0.0,0.0,0.0,0.0,0.0,0.0,0.0,0.0,0.0,0.0,0.0,0.0,0.0,0.0,0.0,0.0,0.0,0.0,0.0,0.0,0.0,0.0,0.0,0.0,0.0,0.0,0.0,0.0,0.0,0.0,0.0,0.0,0.0,0.0,0.0,0.0,0.0,0.0,0.0,0.0,0.0,0.0,0.0,0.0,0.0,0.0,0.0,0.0,0.0,0.0,0.0,0.0,0.0,0.0,0.0,0.0,0.0,0.0,0.0,0.0,0.0,0.0,0.0,0.0,0.0,0.0,0.0,0.0,0.0,0.0,0.0,0.0,0.0,0.0,0.0,0.0
B02012,99000000266,Synthetic Census Tract 99000000266,1.0,Total:,0.0,13.084384446536463,+/-14,8.41139000134487,0.0,0.0,0.0,0.0,0.0,0.0,0.0,0.0,0.0,0.0,0.0,0.0,0.0,0.0,0.0,0.0,0.0,0.0,0.0,0.0,0.0,0.0,0.0,0.0,0.0,0.0,0.0,0.0,0.0,0.0,0.0,0.0,0.0,0.0,0.0,0.0,0.0,0.0,0.0,0.0,0.0,0.0,0.0,0.0,0.0,0.0,0.0,0.0,0.0,0.0,0.0,0.0,0.0,0.0,0.0,0.0,0.0,0.0,0.0,0.0,0.0,0.0,0.0,0.0,0.0,0.0,0.0,0.0,0.0,0.0,0.0,0.0,0.0,0.0,0.0,0.0,0.0,0.0,0.0,0.0
B02012,99000000267,Synthetic Census Tract 99000000267,1.0,Total:,55.84116308970307,82.79896596059422,+/-86,50.064491045940684,80.87340861267342,44.2878190021783,60.65505645950506,20.218352153168354,87.6128593303962,25.995024196930743,25.032245522970342,57.766720437623874,70.28284319910904,64.50617115534665,97.24064607000018,21.181130827128754,53.91560574178228,53.91560574178228,70.28284319910904,25.032245522970342,51.027269719901085,51.027269719901085,47.1761550240595,24.069466849009945,17.33001613128716,55.84116308970307,58.72949911158427,57.766720437623874,24.069466849009945,76.05951524287143,95.31508872207938,60.65505645950506,60.65505645950506,18.29279480524756,18.29279480524756,93.3895313741586,57.766720437623874,69.32006452514864,49.10171237198029,64.50617115534665,52.95282706782188,67.39450717722785,55.84116308970307,16.367237457326762,26.95780287089114,48.13893369801989,57.766720437623874,100.12898209188137,16.367237457326762,88.5756380043566,80.87340861267342,43.3250403282179,56.803941763663474,17.33001613128716,18.29279480524756,75.09673656891103,43.3250403282179,51.027269719901085,59.69227778554467,118.42177689712894,67.39450717722785,55.84116308970307,53.91560574178228,95.31508872207938,93.3895313741586,71.24562187306944,51.990048393861485,17.33001613128716,77.02229391683183,18.29279480524756,19.255573479207957,67.39450717722785,50.064491045940684,108.79399015752496,86.6500806564358,31.771696240693128,56.803941763663474,55.84116308970307,65.46894982930705,17.33001613128716,70.28284319910904,56.803941763663474,53.91560574178228,95.31508872207938
B02012,99000000268,Synthetic Census Tract 99000000268,1.0,Total:,42.990079047145706,49.281310127215804,+/-47,29.35907837366048,66.05792634073607,59.766695260665976,40.89300202045567,32.50469391369553,46.13569458718075,41.94154053380068,23.067847293590376,32.50469391369553,30.407616887005496,27.262001346970447,56.621079720630924,23.067847293590376,25.164924320280413,36.6988479670756,44.03861756049072,51.37838715390584,38.79592499376563,61.863772287356014,59.766695260665976,27.262001346970447,51.37838715390584,33.55323242704055,30.407616887005496,25.164924320280413,65.00938782739107,26.213462833625428,38.79592499376563,60.81523377401099,38.79592499376563,49.281310127215804,26.213462833625428,14.67953918683024,54.52400269394089,62.91231080070103,33.55323242704055,46.13569458718075,54.52400269394089,56.621079720630924,62.91231080070103,62.91231080070103,36.6988479670756,77.59184998753126,40.89300202045567,39.84446350711065,23.067847293590376,76.54331147418625,24.116385806935394,49.281310127215804,50.329848640560826,29.35907837366048,45.087156073835736,46.13569458718075,29.35907837366048,44.03861756049072,35.650309453730586,68.15500336742612,13.631000673485223,42.990079047145706,36.6988479670756,22.01930878024536,28.310539860315462,52.426925667250856,47.18423310052577,35.650309453730586,42.990079047145706,54.52400269394089,41.94154053380068,49.281310127215804,67.1064648540811,48.23277161387079,26.213462833625428,37.747386480420616,57.66961823397594,52.426925667250856,27.262001346970447,72.34915742080618,23.067847293590376,35.650309453730586,29.35907837366048,55.57254120728591
B02012,99000000269,Synthetic Census Tract 99000000269,1.0,Total:,17.15579480552827,27.99103363007244,+/-31,17.15579480552827,13.544048530680213,9.029365687120142,26.18516049264841,20.767541080376326,9.932302255832157,19.864604511664314,7.223492549696114,20.767541080376326,19.864604511664314,27.99103363007244,6.3205559809841,27.088097061360425,23.47635078651237,19.864604511664314,13.544048530680213,5.417619412272085,10.83523882454417,31.6027799049205,19.864604511664314,19.864604511664314,28.893970198784455,6.3205559809841,18.9616679429523,27.088097061360425,23.47635078651237,28.893970198784455,21.67047764908834,3.611746274848057,33.408653042344525,13.544048530680213,13.544048530680213,20.767541080376326,17.15579480552827,6.3205559809841,2.7088097061360425,18.058731374240285,14.446985099392228,16.252858236816255,9.932302255832157,18.058731374240285,10.83523882454417,37.9233358859046,18.058731374240285,2.7088097061360425,10.83523882454417,1.8058731374240284,13.544048530680213,21.67047764908834,5.417619412272085,16.252858236816255,16.252858236816255,16.252858236816255,19.864604511664314,25.2822239239364,30.699843336208485,20.767541080376326,16.252858236816255,12.6411119619682,20.767541080376326,22.573414217800355,18.058731374240285,18.9616679429523,2.7088097061360425,18.058731374240285,19.864604511664314,16.252858236816255,18.058731374240285,16.252858236816255,15.349921668104242,11.738175393256185,33.408653042344525,1.8058731374240284,6.3205559809841,16.252858236816255,23.47635078651237,33.408653042344525,31.6027799049205,6.3205559809841,9.932302255832157,3.611746274848057
B02012,99000000270,Synthetic Census Tract 99000000270,1.0,Total:,0.0,14.916085588657923,+/-14,9.588912164137236,0.0,0.0,0.0,0.0,0.0,0.0,0.0,0.0,0.0,0.0,0.0,0.0,0.0,0.0,0.0,0.0,0.0,0.0,0.0,0.0,0.0,0.0,0.0,0.0,0.0,0.0,0.0,0.0,0.0,0.0,0.0,0.0,0.0,0.0,0.0,0.0,0.0,0.0,0.0,0.0,0.0,0.0,0.0,0.0,0.0,0.0,0.0,0.0,0.0,0.0,0.0,0.0,0.0,0.0,0.0,0.0,0.0,0.0,0.0,0.0,0.0,0.0,0.0,0.0,0.0,0.0,0.0,0.0,0.0,0.0,0.0,0.0,0.0,0.0,0.0,0.0,0.0,0.0,0.0,0.0
B02012,99000000271,Synthetic Census Tract 99000000271,1.0,Total:,0.0,14.998334466008764,+/-14,9.641786442434206,0.0,0.0,0.0,0.0,0.0,0.0,0.0,0.0,0.0,0.0,0.0,0.0,0.0,0.0,0.0,0.0,0.0,0.0,0.0,0.0,0.0,0.0,0.0,0.0,0.0,0.0,0.0,0.0,0.0,0.0,0.0,0.0,0.0,0.0,0.0,0.0,0.0,0.0,0.0,0.0,0.0,0.0,0.0,0.0,0.0,0.0,0.0,0.0,0.0,0.0,0.0,0.0,0.0,0.0,0.0,0.0,0.0,0.0,0.0,0.0,0.0,0.0,0.0,0.0,0.0,0.0,0.0,0.0,0.0,0.0,0.0,0.0,0.0,0.0,0.0,0.0,0.0,0.0,0.0,0.0
B02012,99000000272,Synthetic Census Tract 99000000272,1.0,Total:,0.0,13.642332404936337,+/-14,8.770070831744787,0.0,0.0,0.0,0.0,0.0,0.0,0.0,0.0,0.0,0.0,0.0,0.0,0.0,0.0,0.0,0.0,0.0,0.0,0.0,0.0,0.0,0.0,0.0,0.0,0.0,0.0,0.0,0.0,0.0,0.0,0.0,0.0,0.0,0.0,0.0,0.0,0.0,0.0,0.0,0.0,0.0,0.0,0.0,0.0,0.0,0.0,0.0,0.0,0.0,0.0,0.0,0.0,0.0,0.0,0.0,0.0,0.0,0.0,0.0,0.0,0.0,0.0,0.0,0.0,0.0,0.0,0.0,0.0,0.0,0.0,0.0,0.0,0.0,0.0,0.0,0.0,0.0,0.0,0.0,0.0
B02012,99000000273,Synthetic Census Tract 99000000273,1.0,Total:,0.0,13.03011611736978,+/-14,8.376503218309143,0.0,0.0,0.0,0.0,0.0,0.0,0.0,0.0,0.0,0.0,0.0,0.0,0.0,0.0,0.0,0.0,0.0,0.0,0.0,0.0,0.0,0.0,0.0,0.0,0.0,0.0,0.0,0.0,0.0,0.0,0.0,0.0,0.0,0.0,0.0,0.0,0.0,0.0,0.0,0.0,0.0,0.0,0.0,0.0,0.0,0.0,0.0,0.0,0.0,0.0,0.0,0.0,0.0,0.0,0.0,0.0,0.0,0.0,0.0,0.0,0.0,0.0,0.0,0.0,0.0,0.0,0.0,0.0,0.0,0.0,0.0,0.0,0.0,0.0,0.0,0.0,0.0,0.0,0.0,0.0
B02012,99000000274,Synthetic Census Tract 99000000274,1.0,Total:,0.0,14.282353142246226,+/-14,9.181512734301146,0.0,0.0,0.0,0.0,0.0,0.0,0.0,0.0,0.0,0.0,0.0,0.0,0.0,0.0,0.0,0.0,0.0,0.0,0.0,0.0,0.0,0.0,0.0,0.0,0.0,0.0,0.0,0.0,0.0,0.0,0.0,0.0,0.0,0.0,0.0,0.0,0.0,0.0,0.0,0.0,0.0,0.0,0.0,0.0,0.0,0.0,0.0,0.0,0.0,0.0,0.0,0.0,0.0,0.0,0.0,0.0,0.0,0.0,0.0,0.0,0.0,0.0,0.0,0.0,0.0,0.0,0.0,0.0,0.0,0.0,0.0,0.0,0.0,0.0,0.0,0.0,0.0,0.0,0.0,0.0
B02012,99000000275,Synthetic Census Tract 99000000275,1.0,Total:,19.402624734632557,29.565904357535324,+/-32,18.478690223459576,7.391476089383831,25.87016631284341,24.022297290497452,23.09836277932447,16.63082120111362,5.543607067037874,21.250493756978514,23.09836277932447,40.65311849161107,26.794100824016386,6.467541578210852,12.011148645248726,39.729183980438094,25.87016631284341,10.163279622902767,42.50098751395703,34.18557691340022,25.87016631284341,15.70688668994064,22.174428268151495,29.565904357535324,16.63082120111362,24.022297290497452,16.63082120111362,16.63082120111362,19.402624734632557,15.70688668994064,15.70688668994064,7.391476089383831,6.467541578210852,23.09836277932447,24.022297290497452,5.543607067037874,14.782952178767662,27.718035335189366,9.239345111729788,8.31541060055681,24.94623180167043,18.478690223459576,15.70688668994064,6.467541578210852,16.63082120111362,14.782952178767662,24.94623180167043,17.5547557122866,10.163279622902767,23.09836277932447,19.402624734632557,28.641969846362343,26.794100824016386,9.239345111729788,9.239345111729788,28.641969846362343,18.478690223459576,6.467541578210852,23.09836277932447,22.174428268151495,15.70688668994064,20.326559245805534,20.326559245805534,29.565904357535324,20.326559245805534,21.250493756978514,24.94623180167043,25.87016631284341,43.42492202513001,19.402624734632557,16.63082120111362,7.391476089383831,10.163279622902767,42.50098751395703,20.326559245805534,11.087214134075747,25.87016631284341,32.33770789105426,7.391476089383831,11.087214134075747,23.09836277932447,21.250493756978514,24.94623180167043
B02012,99000000276,Synthetic Census Tract 99000000276,1.0,Total:,0.0,19.45967744431301,+/-20,11.675806466587806,0.0,0.0,0.0,0.0,0.0,0.0,0.0,0.0,0.0,0.0,0.0,0.0,0.0,0.0,0.0,0.0,0.0,0.0,0.0,0.0,0.0,0.0,0.0,0.0,0.0,0.0,0.0,0.0,0.0,0.0,0.0,0.0,0.0,0.0,0.0,0.0,0.0,0.0,0.0,0.0,0.0,0.0,0.0,0.0,0.0,0.0,0.0,0.0,0.0,0.0,0.0,0.0,0.0,0.0,0.0,0.0,0.0,0.0,0.0,0.0,0.0,0.0,0.0,0.0,0.0,0.0,0.0,0.0,0.0,0.0,0.0,0.0,0.0,0.0,0.0,0.0,0.0,0.0,0.0,0.0
B02012,99000000277,Synthetic Census Tract 99000000277,1.0,Total:,0.0,15.283601706522726,+/-14,9.825172525621753,0.0,0.0,0.0,0.0,0.0,0.0,0.0,0.0,0.0,0.0,0.0,0.0,0.0,0.0,0.0,0.0,0.0,0.0,0.0,0.0,0.0,0.0,0.0,0.0,0.0,0.0,0.0,0.0,0.0,0.0,0.0,0.0,0.0,0.0,0.0,0.0,0.0,0.0,0.0,0.0,0.0,0.0,0.0,0.0,0.0,0.0,0.0,0.0,0.0,0.0,0.0,0.0,0.0,0.0,0.0,0.0,0.0,0.0,0.0,0.0,0.0,0.0,0.0,0.0,0.0,0.0,0.0,0.0,0.0,0.0,0.0,0.0,0.0,0.0,0.0,0.0,0.0,0.0,0.0,0.0
B02012,99000000278,Synthetic Census Tract 99000000278,1.0,Total:,0.0,15.387300523234185,+/-14,9.891836050650548,0.0,0.0,0.0,0.0,0.0,0.0,0.0,0.0,0.0,0.0,0.0,0.0,0.0,0.0,0.0,0.0,0.0,0.0,0.0,0.0,0.0,0.0,0.0,0.0,0.0,0.0,0.0,0.0,0.0,0.0,0.0,0.0,0.0,0.0,0.0,0.0,0.0,0.0,0.0,0.0,0.0,0.0,0.0,0.0,0.0,0.0,0.0,0.0,0.0,0.0,0.0,0.0,0.0,0.0,0.0,0.0,0.0,0.0,0.0,0.0,0.0,0.0,0.0,0.0,0.0,0.0,0.0,0.0,0.0,0.0,0.0,0.0,0.0,0.0,0.0,0.0,0.0,0.0,0.0,0.0
B02012,99000000279,Synthetic Census Tract 99000000279,1.0,Total:,13.707472717521922,25.30610347850201,+/-24,14.761893695792839,14.761893695792839,6.3265258696255025,13.707472717521922,6.3265258696255025,5.272104891354585,30.578208369856597,18.979577608876507,10.54420978270917,13.707472717521922,14.761893695792839,13.707472717521922,4.217683913083668,27.414945435043844,13.707472717521922,11.598630760980088,14.761893695792839,5.272104891354585,18.979577608876507,10.54420978270917,26.36052445677293,11.598630760980088,4.217683913083668,12.653051739251005,4.217683913083668,5.272104891354585,18.979577608876507,27.414945435043844,20.033998587147423,14.761893695792839,13.707472717521922,22.14284054368926,4.217683913083668,24.25168250023109,13.707472717521922,18.979577608876507,18.979577608876507,3.1632629348127512,21.08841956541834,22.14284054368926,16.870735652334673,18.979577608876507,5.272104891354585,16.870735652334673,7.3809468478964195,6.3265258696255025,31.632629348127512,15.816314674063756,11.598630760980088,18.979577608876507,13.707472717521922,12.653051739251005,4.217683913083668,32.68705032639843,15.816314674063756,14.761893695792839,16.870735652334673,6.3265258696255025,23.197261521960176,10.54420978270917,22.14284054368926,12.653051739251005,4.217683913083668,11.598630760980088,4.217683913083668,4.217683913083668,15.816314674063756,36.904734239482096,14.761893695792839,14.761893695792839,16.870735652334673,16.870735652334673,4.217683913083668,16.870735652334673,17.925156630605592,15.816314674063756,16.870735652334673,5.272104891354585,20.033998587147423,21.08841956541834,24.25168250023109
B02012,99000000280,Synthetic Census Tract 99000000280,1.0,Total:,0.0,19.243846039683067,+/-20,11.54630762380984,0.0,0.0,0.0,0.0,0.0,0.0,0.0,0.0,0.0,0.0,0.0,0.0,0.0,0.0,0.0,0.0,0.0,0.0,0.0,0.0,0.0,0.0,0.0,0.0,0.0,0.0,0.0,0.0,0.0,0.0,0.0,0.0,0.0,0.0,0.0,0.0,0.0,0.0,0.0,0.0,0.0,0.0,0.0,0.0,0.0,0.0,0.0,0.0,0.0,0.0,0.0,0.0,0.0,0.0,0.0,0.0,0.0,0.0,0.0,0.0,0.0,0.0,0.0,0.0,0.0,0.0,0.0,0.0,0.0,0.0,0.0,0.0,0.0,0.0,0.0,0.0,0.0,0.0,0.0,0.0
B02012,99000000281,Synthetic Census Tract 99000000281,1.0,Total:,0.0,14.525462137665059,+/-14,9.337797088498967,0.0,0.0,0.0,0.0,0.0,0.0,0.0,0.0,0.0,0.0,0.0,0.0,0.0,0.0,0.0,0.0,0.0,0.0,0.0,0.0,0.0,0.0,0.0,0.0,0.0,0.0,0.0,0.0,0.0,0.0,0.0,0.0,0.0,0.0,0.0,0.0,0.0,0.0,0.0,0.0,0.0,0.0,0.0,0.0,0.0,0.0,0.0,0.0,0.0,0.0,0.0,0.0,0.0,0.0,0.0,0.0,0.0,0.0,0.0,0.0,0.0,0.0,0.0,0.0,0.0,0.0,0.0,0.0,0.0,0.0,0.0,0.0,0.0,0.0,0.0,0.0,0.0,0.0,0.0,0.0
B02012,99000000282,Synthetic Census Tract 99000000282,1.0,Total:,21.862706735032855,36.43784455838809,+/-35,21.862706735032855,14.575137823355238,32.273519466000884,24.985950554323264,6.246487638580816,26.027031827420068,20.82162546193605,26.027031827420068,7.287568911677619,17.698381642645646,9.369731457871223,10.410812730968026,22.90378800812966,22.90378800812966,23.94486928122646,21.862706735032855,38.5200071045817,20.82162546193605,7.287568911677619,39.5610883776785,10.410812730968026,22.90378800812966,24.985950554323264,16.657300369548842,31.23243819290408,7.287568911677619,20.82162546193605,18.739462915742447,37.478925831484894,19.78054418883925,38.5200071045817,34.355682012194485,6.246487638580816,7.287568911677619,24.985950554323264,26.027031827420068,23.94486928122646,20.82162546193605,34.355682012194485,8.328650184774421,10.410812730968026,15.61621909645204,24.985950554323264,19.78054418883925,30.191356919807276,5.205406365484013,26.027031827420068,26.027031827420068,26.027031827420068,27.068113100516868,41.6432509238721,36.43784455838809,6.246487638580816,8.328650184774421,24.985950554323264,17.698381642645646,36.43784455838809,21.862706735032855,31.23243819290408,6.246487638580816,38.5200071045817,16.657300369548842,28.109194373613672,18.739462915742447,11.45189400406483,28.109194373613672,22.90378800812966,23.94486928122646,6.246487638580816,18.739462915742447,10.410812730968026,5.205406365484013,38.5200071045817,43.72541347006571,28.109194373613672,28.109194373613672,29.150275646710476,15.61621909645204,8.328650184774421,27.068113100516868,63.50595765890496
B02012,99000000283,Synthetic Census Tract 99000000283,1.0,Total:,0.0,13.68595674645822,+/-14,8.79811505129457,0.0,0.0,0.0,0.0,0.0,0.0,0.0,0.0,0.0,0.0,0.0,0.0,0.0,0.0,0.0,0.0,0.0,0.0,0.0,0.0,0.0,0.0,0.0,0.0,0.0,0.0,0.0,0.0,0.0,0.0,0.0,0.0,0.0,0.0,0.0,0.0,0.0,0.0,0.0,0.0,0.0,0.0,0.0,0.0,0.0,0.0,0.0,0.0,0.0,0.0,0.0,0.0,0.0,0.0,0.0,0.0,0.0,0.0,0.0,0.0,0.0,0.0,0.0,0.0,0.0,0.0,0.0,0.0,0.0,0.0,0.0,0.0,0.0,0.0,0.0,0.0,0.0,0.0,0.0,0.0
B02012,99000000284,Synthetic Census Tract 99000000284,1.0,Total:,24.676265446013566,33.929864988268655,+/-33,20.563554538344636,9.253599542255087,23.64808771909633,8.225421815337855,26.73262089984803,20.563554538344636,23.64808771909633,29.817154080599725,8.225421815337855,10.281777269172318,19.535376811427405,23.64808771909633,11.30995499608955,29.817154080599725,23.64808771909633,11.30995499608955,11.30995499608955,8.225421815337855,9.253599542255087,22.6199099921791,33.929864988268655,22.6199099921791,33.929864988268655,24.676265446013566,34.95804271518588,40.098931349772045,24.676265446013566,39.07075362285481,24.676265446013566,27.76079862676526,48.3243531651099,31.873509534434188,18.507199084510173,45.2398199843582,42.15528680360651,18.507199084510173,31.873509534434188,28.788976353682493,26.73262089984803,30.845331807516956,38.04257589593758,37.014398169020346,26.73262089984803,28.788976353682493,29.817154080599725,19.535376811427405,29.817154080599725,31.873509534434188,33.929864988268655,37.014398169020346,22.6199099921791,25.704443172930798,40.098931349772045,19.535376811427405,25.704443172930798,40.098931349772045,30.845331807516956,29.817154080599725,28.788976353682493,22.6199099921791,25.704443172930798,23.64808771909633,9.253599542255087,28.788976353682493,11.30995499608955,8.225421815337855,9.253599542255087,7.197244088420623,21.591732265261868,24.676265446013566,15.422665903758478,9.253599542255087,20.563554538344636,12.338132723006783,10.281777269172318,32.90168726135142,25.704443172930798,29.817154080599725,28.788976353682493,9.253599542255087,9.253599542255087
B02012,99000000285,Synthetic Census Tract 99000000285,1.0,Total:,0.0,12.630037405931894,+/-14,8.119309760956217,0.0,0.0,0.0,0.0,0.0,0.0,0.0,0.0,0.0,0.0,0.0,0.0,0.0,0.0,0.0,0.0,0.0,0.0,0.0,0.0,0.0,0.0,0.0,0.0,0.0,0.0,0.0,0.0,0.0,0.0,0.0,0.0,0.0,0.0,0.0,0.0,0.0,0.0,0.0,0.0,0.0,0.0,0.0,0.0,0.0,0.0,0.0,0.0,0.0,0.0,0.0,0.0,0.0,0.0,0.0,0.0,0.0,0.0,0.0,0.0,0.0,0.0,0.0,0.0,0.0,0.0,0.0,0.0,0.0,0.0,0.0,0.0,0.0,0.0,0.0,0.0,0.0,0.0,0.0,0.0
B02012,99000000286,Synthetic Census Tract 99000000286,1.0,Total:,0.0,18.836230634408967,+/-20,11.301738380645379,0.0,0.0,0.0,0.0,0.0,0.0,0.0,0.0,0.0,0.0,0.0,0.0,0.0,0.0,0.0,0.0,0.0,0.0,0.0,0.0,0.0,0.0,0.0,0.0,0.0,0.0,0.0,0.0,0.0,0.0,0.0,0.0,0.0,0.0,0.0,0.0,0.0,0.0,0.0,0.0,0.0,0.0,0.0,0.0,0.0,0.0,0.0,0.0,0.0,0.0,0.0,0.0,0.0,0.0,0.0,0.0,0.0,0.0,0.0,0.0,0.0,0.0,0.0,0.0,0.0,0.0,0.0,0.0,0.0,0.0,0.0,0.0,0.0,0.0,0.0,0.0,0.0,0.0,0.0,0.0
B02012,99000000287,Synthetic Census Tract 99000000287,1.0,Total:,0.0,14.07024724830833,+/-14,9.04515894534107,0.0,0.0,0.0,0.0,0.0,0.0,0.0,0.0,0.0,0.0,0.0,0.0,0.0,0.0,0.0,0.0,0.0,0.0,0.0,0.0,0.0,0.0,0.0,0.0,0.0,0.0,0.0,0.0,0.0,0.0,0.0,0.0,0.0,0.0,0.0,0.0,0.0,0.0,0.0,0.0,0.0,0.0,0.0,0.0,0.0,0.0,0.0,0.0,0.0,0.0,0.0,0.0,0.0,0.0,0.0,0.0,0.0,0.0,0.0,0.0,0.0,0.0,0.0,0.0,0.0,0.0,0.0,0.0,0.0,0.0,0.0,0.0,0.0,0.0,0.0,0.0,0.0,0.0,0.0,0.0
B02012,99000000288,Synthetic Census Tract 99000000288,1.0,Total:,30.780758608104755,47.57026330343462,+/-51,28.915258086401437,29.848008347253096,47.57026330343462,46.63751304258296,28.915258086401437,17.722254956181526,21.453255999588162,13.05850365192323,22.38600626043982,42.906511999176324,46.63751304258296,17.722254956181526,40.10826121662135,55.965015651099556,63.42701773791283,29.848008347253096,22.38600626043982,12.12575339107157,41.041011477473006,28.915258086401437,39.17551095576969,41.97376173832467,10.260252869368252,32.64625912980807,41.041011477473006,30.780758608104755,40.10826121662135,23.31875652129148,9.327502608516593,65.29251825961614,34.51175965151139,26.11700730384646,22.38600626043982,29.848008347253096,11.19300313021991,18.655005217033185,41.041011477473006,33.579009390659735,28.915258086401437,14.924004173626548,55.03226539024789,7.462002086813274,45.704762781731304,39.17551095576969,8.394752347664934,8.394752347664934,15.856754434478207,32.64625912980807,41.97376173832467,20.520505738736503,46.63751304258296,35.44450991236305,31.713508868956414,27.04975756469812,48.50301356428628,42.906511999176324,53.166764868544576,27.04975756469812,31.713508868956414,42.906511999176324,68.09076904217112,25.1842570429948,39.17551095576969,8.394752347664934,27.982507825549778,23.31875652129148,28.915258086401437,46.63751304258296,24.25150678214314,20.520505738736503,13.05850365192323,39.17551095576969,13.05850365192323,16.789504695329867,36.37726017321471,27.982507825549778,49.43576382513794,44.77201252087964,15.856754434478207,20.520505738736503,13.05850365192323
B02012,99000000289,Synthetic Census Tract 99000000289,1.0,Total:,0.0,13.064539230054294,+/-14,8.39863236217776,0.0,0.0,0.0,0.0,0.0,0.0,0.0,0.0,0.0,0.0,0.0,0.0,0.0,0.0,0.0,0.0,0.0,0.0,0.0,0.0,0.0,0.0,0.0,0.0,0.0,0.0,0.0,0.0,0.0,0.0,0.0,0.0,0.0,0.0,0.0,0.0,0.0,0.0,0.0,0.0,0.0,0.0,0.0,0.0,0.0,0.0,0.0,0.0,0.0,0.0,0.0,0.0,0.0,0.0,0.0,0.0,0.0,0.0,0.0,0.0,0.0,0.0,0.0,0.0,0.0,0.0,0.0,0.0,0.0,0.0,0.0,0.0,0.0,0.0,0.0,0.0,0.0,0.0,0.0,0.0
B02012,99000000290,Synthetic Census Tract 99000000290,1.0,Total:,19.210695445980857,32.01782574330143,+/-30,19.210695445980857,28.816043168971284,18.143434587870807,42.690434324401906,7.4708260067703325,37.35413003385167,32.01782574330143,5.336304290550238,7.4708260067703325,10.672608581100476,26.681521452751188,28.816043168971284,7.4708260067703325,21.345217162200953,17.07617372976076,28.816043168971284,28.816043168971284,24.546999736531095,39.48865175007176,18.143434587870807,22.412478020311,25.61426059464114,20.277956304090903,7.4708260067703325,17.07617372976076,6.403565148660285,11.739869439210523,26.681521452751188,34.15234745952152,28.816043168971284,22.412478020311,5.336304290550238,27.748782310861237,22.412478020311,14.941652013540665,12.80713029732057,21.345217162200953,7.4708260067703325,5.336304290550238,22.412478020311,13.874391155430619,18.143434587870807,19.210695445980857,23.479738878421045,7.4708260067703325,24.546999736531095,25.61426059464114,9.605347722990428,4.26904343244019,7.4708260067703325,22.412478020311,23.479738878421045,7.4708260067703325,16.008912871650715,18.143434587870807,18.143434587870807,12.80713029732057,22.412478020311,33.085086601411476,25.61426059464114,18.143434587870807,19.210695445980857,30.95056488519138,5.336304290550238,36.286869175741614,5.336304290550238,24.546999736531095,37.35413003385167,28.816043168971284,34.15234745952152,25.61426059464114,7.4708260067703325,29.88330402708133,32.01782574330143,24.546999736531095,17.07617372976076,20.277956304090903,10.672608581100476,6.403565148660285,29.88330402708133,21.345217162200953
B02012,99000000291,Synthetic Census Tract 99000000291,1.0,Total:,0.0,15.369572407514097,+/-14,9.88043940483049,0.0,0.0,0.0,0.0,0.0,0.0,0.0,0.0,0.0,0.0,0.0,0.0,0.0,0.0,0.0,0.0,0.0,0.0,0.0,0.0,0.0,0.0,0.0,0.0,0.0,0.0,0.0,0.0,0.0,0.0,0.0,0.0,0.0,0.0,0.0,0.0,0.0,0.0,0.0,0.0,0.0,0.0,0.0,0.0,0.0,0.0,0.0,0.0,0.0,0.0,0.0,0.0,0.0,0.0,0.0,0.0,0.0,0.0,0.0,0.0,0.0,0.0,0.0,0.0,0.0,0.0,0.0,0.0,0.0,0.0,0.0,0.0,0.0,0.0,0.0,0.0,0.0,0.0,0.0,0.0
B02012,99000000292,Synthetic Census Tract 99000000292,1.0,Total:,0.0,14.156714398479656,+/-14,9.100744970451206,0.0,0.0,0.0,0.0,0.0,0.0,0.0,0.0,0.0,0.0,0.0,0.0,0.0,0.0,0.0,0.0,0.0,0.0,0.0,0.0,0.0,0.0,0.0,0.0,0.0,0.0,0.0,0.0,0.0,0.0,0.0,0.0,0.0,0.0,0.0,0.0,0.0,0.0,0.0,0.0,0.0,0.0,0.0,0.0,0.0,0.0,0.0,0.0,0.0,0.0,0.0,0.0,0.0,0.0,0.0,0.0,0.0,0.0,0.0,0.0,0.0,0.0,0.0,0.0,0.0,0.0,0.0,0.0,0.0,0.0,0.0,0.0,0.0,0.0,0.0,0.0,0.0,0.0,0.0,0.0
B02012,99000000293,Synthetic Census Tract 99000000293,1.0,Total:,0.0,21.356278923526855,+/-20,12.813767354116113,0.0,0.0,0.0,0.0,0.0,0.0,0.0,0.0,0.0,0.0,0.0,0.0,0.0,0.0,0.0,0.0,0.0,0.0,0.0,0.0,0.0,0.0,0.0,0.0,0.0,0.0,0.0,0.0,0.0,0.0,0.0,0.0,0.0,0.0,0.0,0.0,0.0,0.0,0.0,0.0,0.0,0.0,0.0,0.0,0.0,0.0,0.0,0.0,0.0,0.0,0.0,0.0,0.0,0.0,0.0,0.0,0.0,0.0,0.0,0.0,0.0,0.0,0.0,0.0,0.0,0.0,0.0,0.0,0.0,0.0,0.0,0.0,0.0,0.0,0.0,0.0,0.0,0.0,0.0,0.0
B02012,99000000294,Synthetic Census Tract 99000000294,1.0,Total:,0.0,15.372900660113565,+/-14,9.882578995787291,0.0,0.0,0.0,0.0,0.0,0.0,0.0,0.0,0.0,0.0,0.0,0.0,0.0,0.0,0.0,0.0,0.0,0.0,0.0,0.0,0.0,0.0,0.0,0.0,0.0,0.0,0.0,0.0,0.0,0.0,0.0,0.0,0.0,0.0,0.0,0.0,0.0,0.0,0.0,0.0,0.0,0.0,0.0,0.0,0.0,0.0,0.0,0.0,0.0,0.0,0.0,0.0,0.0,0.0,0.0,0.0,0.0,0.0,0.0,0.0,0.0,0.0,0.0,0.0,0.0,0.0,0.0,0.0,0.0,0.0,0.0,0.0,0.0,0.0,0.0,0.0,0.0,0.0,0.0,0.0
B02012,99000000295,Synthetic Census Tract 99000000295,1.0,Total:,0.0,12.99646848799257,+/-14,8.354872599423794,0.0,0.0,0.0,0.0,0.0,0.0,0.0,0.0,0.0,0.0,0.0,0.0,0.0,0.0,0.0,0.0,0.0,0.0,0.0,0.0,0.0,0.0,0.0,0.0,0.0,0.0,0.0,0.0,0.0,0.0,0.0,0.0,0.0,0.0,0.0,0.0,0.0,0.0,0.0,0.0,0.0,0.0,0.0,0.0,0.0,0.0,0.0,0.0,0.0,0.0,0.0,0.0,0.0,0.0,0.0,0.0,0.0,0.0,0.0,0.0,0.0,0.0,0.0,0.0,0.0,0.0,0.0,0.0,0.0,0.0,0.0,0.0,0.0,0.0,0.0,0.0,0.0,0.0,0.0,0.0
B02012,99000000296,Synthetic Census Tract 99000000296,1.0,Total:,0.0,19.792982453017405,+/-20,11.875789471810442,0.0,0.0,0.0,0.0,0.0,0.0,0.0,0.0,0.0,0.0,0.0,0.0,0.0,0.0,0.0,0.0,0.0,0.0,0.0,0.0,0.0,0.0,0.0,0.0,0.0,0.0,0.0,0.0,0.0,0.0,0.0,0.0,0.0,0.0,0.0,0.0,0.0,0.0,0.0,0.0,0.0,0.0,0.0,0.0,0.0,0.0,0.0,0.0,0.0,0.0,0.0,0.0,0.0,0.0,0.0,0.0,0.0,0.0,0.0,0.0,0.0,0.0,0.0,0.0,0.0,0.0,0.0,0.0,0.0,0.0,0.0,0.0,0.0,0.0,0.0,0.0,0.0,0.0,0.0,0.0
B02012,99000000297,Synthetic Census Tract 99000000297,1.0,Total:,41.09761081307213,54.79681441742951,+/-56,33.26949446772506,53.81829987426112,13.699203604357377,59.689387133271424,34.24800901089344,21.52731994970445,18.591776320199298,15.656232690694145,41.09761081307213,57.73235804693466,17.613261777030914,35.22652355406183,48.9257271584192,45.99018352891405,45.99018352891405,67.5175034786185,52.83978533109274,43.0546398994089,36.20503809723021,37.183552640398595,56.75384350376628,22.505834492872832,44.033154442577285,11.742174518020608,44.033154442577285,50.88275624475597,51.861270787924354,49.90424170158759,32.29097992455667,13.699203604357377,47.94721261525082,39.14058172673536,45.99018352891405,66.53898893545012,25.441378122377984,15.656232690694145,17.613261777030914,38.162067183566975,36.20503809723021,57.73235804693466,35.22652355406183,43.0546398994089,13.699203604357377,55.77532896059789,54.79681441742951,15.656232690694145,17.613261777030914,20.548805406536065,44.033154442577285,56.75384350376628,14.677718147525761,27.398407208714755,44.033154442577285,44.033154442577285,52.83978533109274,51.861270787924354,54.79681441742951,57.73235804693466,41.09761081307213,44.033154442577285,33.26949446772506,17.613261777030914,37.183552640398595,18.591776320199298,42.07612535624052,61.64641621960819,67.5175034786185,75.34561982396558,41.09761081307213,11.742174518020608,48.9257271584192,44.033154442577285,83.17373616931265,41.09761081307213,42.07612535624052,18.591776320199298,22.505834492872832,26.41989266554637,30.333950838219906,52.83978533109274,40.11909626990374
B02012,99000000298,Synthetic Census Tract 99000000298,1.0,Total:,0.0,12.82413799420932,+/-14,8.244088710563133,0.0,0.0,0.0,0.0,0.0,0.0,0.0,0.0,0.0,0.0,0.0,0.0,0.0,0.0,0.0,0.0,0.0,0.0,0.0,0.0,0.0,0.0,0.0,0.0,0.0,0.0,0.0,0.0,0.0,0.0,0.0,0.0,0.0,0.0,0.0,0.0,0.0,0.0,0.0,0.0,0.0,0.0,0.0,0.0,0.0,0.0,0.0,0.0,0.0,0.0,0.0,0.0,0.0,0.0,0.0,0.0,0.0,0.0,0.0,0.0,0.0,0.0,0.0,0.0,0.0,0.0,0.0,0.0,0.0,0.0,0.0,0.0,0.0,0.0,0.0,0.0,0.0,0.0,0.0,0.0
B02012,99000000299,Synthetic Census Tract 99000000299,1.0,Total:,25.22558482941477,28.37878293309162,+/-27,17.868122587502132,34.685179140445314,36.787311209563214,19.97025465662003,29.429848967650567,24.174518794855825,27.32771689853267,14.714924483825284,27.32771689853267,13.663858449266336,24.174518794855825,12.612792414707386,23.123452760296875,23.123452760296875,32.583047071327414,30.480915002209517,36.787311209563214,37.83837724412216,13.663858449266336,13.663858449266336,30.480915002209517,26.27665086397372,32.583047071327414,23.123452760296875,21.02132069117898,10.51066034558949,34.685179140445314,27.32771689853267,40.99157534779901,34.685179140445314,10.51066034558949,25.22558482941477,9.45959431103054,28.37878293309162,29.429848967650567,11.561726380148437,25.22558482941477,21.02132069117898,28.37878293309162,39.94050931324006,24.174518794855825,33.634113105886364,34.685179140445314,21.02132069117898,37.83837724412216,24.174518794855825,24.174518794855825,13.663858449266336,25.22558482941477,12.612792414707386,26.27665086397372,11.561726380148437,26.27665086397372,27.32771689853267,39.94050931324006,26.27665086397372,28.37878293309162,34.685179140445314,10.51066034558949,11.561726380148437,33.634113105886364,25.22558482941477,26.27665086397372,28.37878293309162,22.072386725737925,14.714924483825284,40.99157534779901,23.123452760296875,35.736245175004264,29.429848967650567,10.51066034558949,22.072386725737925,10.51066034558949,38.88944327868111,23.123452760296875,10.51066034558949,19.97025465662003,22.072386725737925,31.531981036768467,27.32771689853267,24.174518794855825
B02012,99000000300,Synthetic Census Tract 99000000300,1.0,Total:,0.0,13.814581276503262,+/-14,8.880802249180668,0.0,0.0,0.0,0.0,0.0,0.0,0.0,0.0,0.0,0.0,0.0,0.0,0.0,0.0,0.0,0.0,0.0,0.0,0.0,0.0,0.0,0.0,0.0,0.0,0.0,0.0,0.0,0.0,0.0,0.0,0.0,0.0,0.0,0.0,0.0,0.0,0.0,0.0,0.0,0.0,0.0,0.0,0.0,0.0,0.0,0.0,0.0,0.0,0.0,0.0,0.0,0.0,0.0,0.0,0.0,0.0,0.0,0.0,0.0,0.0,0.0,0.0,0.0,0.0,0.0,0.0,0.0,0.0,0.0,0.0,0.0,0.0,0.0,0.0,0.0,0.0,0.0,0.0,0.0,0.0
B02012,99000000301,Synthetic Census Tract 99000000301,1.0,Total:,0.0,13.914115415733125,+/-14,8.944788481542723,0.0,0.0,0.0,0.0,0.0,0.0,0.0,0.0,0.0,0.0,0.0,0.0,0.0,0.0,0.0,0.0,0.0,0.0,0.0,0.0,0.0,0.0,0.0,0.0,0.0,0.0,0.0,0.0,0.0,0.0,0.0,0.0,0.0,0.0,0.0,0.0,0.0,0.0,0.0,0.0,0.0,0.0,0.0,0.0,0.0,0.0,0.0,0.0,0.0,0.0,0.0,0.0,0.0,0.0,0.0,0.0,0.0,0.0,0.0,0.0,0.0,0.0,0.0,0.0,0.0,0.0,0.0,0.0,0.0,0.0,0.0,0.0,0.0,0.0,0.0,0.0,0.0,0.0,0.0,0.0
B02012,99000000302,Synthetic Census Tract 99000000302,1.0,Total:,0.0,13.021884326677073,+/-14,8.371211352863833,0.0,0.0,0.0,0.0,0.0,0.0,0.0,0.0,0.0,0.0,0.0,0.0,0.0,0.0,0.0,0.0,0.0,0.0,0.0,0.0,0.0,0.0,0.0,0.0,0.0,0.0,0.0,0.0,0.0,0.0,0.0,0.0,0.0,0.0,0.0,0.0,0.0,0.0,0.0,0.0,0.0,0.0,0.0,0.0,0.0,0.0,0.0,0.0,0.0,0.0,0.0,0.0,0.0,0.0,0.0,0.0,0.0,0.0,0.0,0.0,0.0,0.0,0.0,0.0,0.0,0.0,0.0,0.0,0.0,0.0,0.0,0.0,0.0,0.0,0.0,0.0,0.0,0.0,0.0,0.0
B02012,99000000303,Synthetic Census Tract 99000000303,1.0,Total:,0.0,13.106594626246432,+/-14,8.425667974015564,0.0,0.0,0.0,0.0,0.0,0.0,0.0,0.0,0.0,0.0,0.0,0.0,0.0,0.0,0.0,0.0,0.0,0.0,0.0,0.0,0.0,0.0,0.0,0.0,0.0,0.0,0.0,0.0,0.0,0.0,0.0,0.0,0.0,0.0,0.0,0.0,0.0,0.0,0.0,0.0,0.0,0.0,0.0,0.0,0.0,0.0,0.0,0.0,0.0,0.0,0.0,0.0,0.0,0.0,0.0,0.0,0.0,0.0,0.0,0.0,0.0,0.0,0.0,0.0,0.0,0.0,0.0,0.0,0.0,0.0,0.0,0.0,0.0,0.0,0.0,0.0,0.0,0.0,0.0,0.0
B02012,99000000304,Synthetic Census Tract 99000000304,1.0,Total:,0.0,15.139890142037402,+/-14,9.732786519881188,0.0,0.0,0.0,0.0,0.0,0.0,0.0,0.0,0.0,0.0,0.0,0.0,0.0,0.0,0.0,0.0,0.0,0.0,0.0,0.0,0.0,0.0,0.0,0.0,0.0,0.0,0.0,0.0,0.0,0.0,0.0,0.0,0.0,0.0,0.0,0.0,0.0,0.0,0.0,0.0,0.0,0.0,0.0,0.0,0.0,0.0,0.0,0.0,0.0,0.0,0.0,0.0,0.0,0.0,0.0,0.0,0.0,0.0,0.0,0.0,0.0,0.0,0.0,0.0,0.0,0.0,0.0,0.0,0.0,0.0,0.0,0.0,0.0,0.0,0.0,0.0,0.0,0.0,0.0,0.0
B02012,99000000305,Synthetic Census Tract 99000000305,1.0,Total:,0.0,12.725017449127982,+/-14,8.180368360153702,0.0,0.0,0.0,0.0,0.0,0.0,0.0,0.0,0.0,0.0,0.0,0.0,0.0,0.0,0.0,0.0,0.0,0.0,0.0,0.0,0.0,0.0,0.0,0.0,0.0,0.0,0.0,0.0,0.0,0.0,0.0,0.0,0.0,0.0,0.0,0.0,0.0,0.0,0.0,0.0,0.0,0.0,0.0,0.0,0.0,0.0,0.0,0.0,0.0,0.0,0.0,0.0,0.0,0.0,0.0,0.0,0.0,0.0,0.0,0.0,0.0,0.0,0.0,0.0,0.0,0.0,0.0,0.0,0.0,0.0,0.0,0.0,0.0,0.0,0.0,0.0,0.0,0.0,0.0,0.0
B02012,99000000306,Synthetic Census Tract 99000000306,1.0,Total:,0.0,13.251986397842378,+/-14,8.519134112898671,0.0,0.0,0.0,0.0,0.0,0.0,0.0,0.0,0.0,0.0,0.0,0.0,0.0,0.0,0.0,0.0,0.0,0.0,0.0,0.0,0.0,0.0,0.0,0.0,0.0,0.0,0.0,0.0,0.0,0.0,0.0,0.0,0.0,0.0,0.0,0.0,0.0,0.0,0.0,0.0,0.0,0.0,0.0,0.0,0.0,0.0,0.0,0.0,0.0,0.0,0.0,0.0,0.0,0.0,0.0,0.0,0.0,0.0,0.0,0.0,0.0,0.0,0.0,0.0,0.0,0.0,0.0,0.0,0.0,0.0,0.0,0.0,0.0,0.0,0.0,0.0,0.0,0.0,0.0,0.0
B02012,99000000307,Synthetic Census Tract 99000000307,1.0,Total:,0.0,19.168237321258115,+/-20,11.500942392754869,0.0,0.0,0.0,0.0,0.0,0.0,0.0,0.0,0.0,0.0,0.0,0.0,0.0,0.0,0.0,0.0,0.0,0.0,0.0,0.0,0.0,0.0,0.0,0.0,0.0,0.0,0.0,0.0,0.0,0.0,0.0,0.0,0.0,0.0,0.0,0.0,0.0,0.0,0.0,0.0,0.0,0.0,0.0,0.0,0.0,0.0,0.0,0.0,0.0,0.0,0.0,0.0,0.0,0.0,0.0,0.0,0.0,0.0,0.0,0.0,0.0,0.0,0.0,0.0,0.0,0.0,0.0,0.0,0.0,0.0,0.0,0.0,0.0,0.0,0.0,0.0,0.0,0.0,0.0,0.0
B02012,99000000308,Synthetic Census Tract 99000000308,1.0,Total:,0.0,19.960790169606348,+/-20,11.976474101763808,0.0,0.0,0.0,0.0,0.0,0.0,0.0,0.0,0.0,0.0,0.0,0.0,0.0,0.0,0.0,0.0,0.0,0.0,0.0,0.0,0.0,0.0,0.0,0.0,0.0,0.0,0.0,0.0,0.0,0.0,0.0,0.0,0.0,0.0,0.0,0.0,0.0,0.0,0.0,0.0,0.0,0.0,0.0,0.0,0.0,0.0,0.0,0.0,0.0,0.0,0.0,0.0,0.0,0.0,0.0,0.0,0.0,0.0,0.0,0.0,0.0,0.0,0.0,0.0,0.0,0.0,0.0,0.0,0.0,0.0,0.0,0.0,0.0,0.0,0.0,0.0,0.0,0.0,0.0,0.0
B02012,99000000309,Synthetic Census Tract 99000000309,1.0,Total:,0.0,20.345780692059186,+/-20,12.20746841523551,0.0,0.0,0.0,0.0,0.0,0.0,0.0,0.0,0.0,0.0,0.0,0.0,0.0,0.0,0.0,0.0,0.0,0.0,0.0,0.0,0.0,0.0,0.0,0.0,0.0,0.0,0.0,0.0,0.0,0.0,0.0,0.0,0.0,0.0,0.0,0.0,0.0,0.0,0.0,0.0,0.0,0.0,0.0,0.0,0.0,0.0,0.0,0.0,0.0,0.0,0.0,0.0,0.0,0.0,0.0,0.0,0.0,0.0,0.0,0.0,0.0,0.0,0.0,0.0,0.0,0.0,0.0,0.0,0.0,0.0,0.0,0.0,0.0,0.0,0.0,0.0,0.0,0.0,0.0,0.0
B02012,99000000310,Synthetic Census Tract 99000000310,1.0,Total:,0.0,13.981211932381866,+/-14,8.9879219565312,0.0,0.0,0.0,0.0,0.0,0.0,0.0,0.0,0.0,0.0,0.0,0.0,0.0,0.0,0.0,0.0,0.0,0.0,0.0,0.0,0.0,0.0,0.0,0.0,0.0,0.0,0.0,0.0,0.0,0.0,0.0,0.0,0.0,0.0,0.0,0.0,0.0,0.0,0.0,0.0,0.0,0.0,0.0,0.0,0.0,0.0,0.0,0.0,0.0,0.0,0.0,0.0,0.0,0.0,0.0,0.0,0.0,0.0,0.0,0.0,0.0,0.0,0.0,0.0,0.0,0.0,0.0,0.0,0.0,0.0,0.0,0.0,0.0,0.0,0.0,0.0,0.0,0.0,0.0,0.0
B02012,99000000311,Synthetic Census Tract 99000000311,1.0,Total:,1.8336461338227528,3.6672922676455055,+/-4,1.8336461338227528,1.8336461338227528,1.8336461338227528,1.8336461338227528,0.9168230669113764,2.750469200734129,0.0,1.8336461338227528,1.8336461338227528,0.9168230669113764,2.750469200734129,3.6672922676455055,0.9168230669113764,0.9168230669113764,1.8336461338227528,2.750469200734129,2.750469200734129,2.750469200734129,2.750469200734129,3.6672922676455055,0.9168230669113764,1.8336461338227528,1.8336461338227528,1.8336461338227528,3.6672922676455055,1.8336461338227528,2.750469200734129,1.8336461338227528,1.8336461338227528,3.6672922676455055,1.8336461338227528,0.9168230669113764,3.6672922676455055,3.6672922676455055,0.0,2.750469200734129,1.8336461338227528,0.0,1.8336461338227528,0.9168230669113764,0.9168230669113764,1.8336461338227528,1.8336461338227528,1.8336461338227528,4.584115334556882,2.750469200734129,2.750469200734129,1.8336461338227528,2.750469200734129,3.6672922676455055,0.9168230669113764,0.9168230669113764,4.584115334556882,3.6672922676455055,0.9168230669113764,1.8336461338227528,1.8336461338227528,0.9168230669113764,1.8336461338227528,0.9168230669113764,3.6672922676455055,2.750469200734129,1.8336461338227528,1.8336461338227528,0.9168230669113764,1.8336461338227528,0.9168230669113764,1.8336461338227528,1.8336461338227528,0.9168230669113764,1.8336461338227528,3.6672922676455055,0.9168230669113764,0.9168230669113764,3.6672922676455055,0.9168230669113764,1.8336461338227528,3.6672922676455055,1.8336461338227528,2.750469200734129,3.6672922676455055
B02012,99000000312,Synthetic Census Tract 99000000312,1.0,Total:,0.0,13.282268871355999,+/-14,8.538601417300285,0.0,0.0,0.0,0.0,0.0,0.0,0.0,0.0,0.0,0.0,0.0,0.0,0.0,0.0,0.0,0.0,0.0,0.0,0.0,0.0,0.0,0.0,0.0,0.0,0.0,0.0,0.0,0.0,0.0,0.0,0.0,0.0,0.0,0.0,0.0,0.0,0.0,0.0,0.0,0.0,0.0,0.0,0.0,0.0,0.0,0.0,0.0,0.0,0.0,0.0,0.0,0.0,0.0,0.0,0.0,0.0,0.0,0.0,0.0,0.0,0.0,0.0,0.0,0.0,0.0,0.0,0.0,0.0,0.0,0.0,0.0,0.0,0.0,0.0,0.0,0.0,0.0,0.0,0.0,0.0
B02012,99000000313,Synthetic Census Tract 99000000313,1.0,Total:,0.0,14.962047477335116,+/-14,9.618459092572573,0.0,0.0,0.0,0.0,0.0,0.0,0.0,0.0,0.0,0.0,0.0,0.0,0.0,0.0,0.0,0.0,0.0,0.0,0.0,0.0,0.0,0.0,0.0,0.0,0.0,0.0,0.0,0.0,0.0,0.0,0.0,0.0,0.0,0.0,0.0,0.0,0.0,0.0,0.0,0.0,0.0,0.0,0.0,0.0,0.0,0.0,0.0,0.0,0.0,0.0,0.0,0.0,0.0,0.0,0.0,0.0,0.0,0.0,0.0,0.0,0.0,0.0,0.0,0.0,0.0,0.0,0.0,0.0,0.0,0.0,0.0,0.0,0.0,0.0,0.0,0.0,0.0,0.0,0.0,0.0
B02012,99000000314,Synthetic Census Tract 99000000314,1.0,Total:,0.0,14.385248361339686,+/-14,9.247659660861228,0.0,0.0,0.0,0.0,0.0,0.0,0.0,0.0,0.0,0.0,0.0,0.0,0.0,0.0,0.0,0.0,0.0,0.0,0.0,0.0,0.0,0.0,0.0,0.0,0.0,0.0,0.0,0.0,0.0,0.0,0.0,0.0,0.0,0.0,0.0,0.0,0.0,0.0,0.0,0.0,0.0,0.0,0.0,0.0,0.0,0.0,0.0,0.0,0.0,0.0,0.0,0.0,0.0,0.0,0.0,0.0,0.0,0.0,0.0,0.0,0.0,0.0,0.0,0.0,0.0,0.0,0.0,0.0,0.0,0.0,0.0,0.0,0.0,0.0,0.0,0.0,0.0,0.0,0.0,0.0
B02012,99000000315,Synthetic Census Tract 99000000315,1.0,Total:,209.05545143545157,273.9347294671434,+/-266,166.8324292243505,140.05685416365228,96.80400214252437,339.84383730886213,180.22021675469963,294.53132566768056,91.6548530923901,189.48868504494132,84.4460444222021,80.32672518209469,291.4418362376,328.51570939856674,255.39779288666006,229.65204763598868,236.86085630617666,166.8324292243505,80.32672518209469,277.024218897224,178.16055713464593,204.93613219534416,308.9489430080565,214.20460048558584,119.46025796311518,243.03983516633778,179.19038694467278,252.3083034565795,192.57817447502188,191.54834466499503,59.73012898155759,63.849448221665014,302.7699641478954,347.05264597905017,188.45885523491447,267.7557506069823,201.8466427652636,235.8310264961498,95.77417233249751,280.11370832730455,198.75715333518303,157.56396093410882,332.63502863867416,210.08528124547843,95.77417233249751,237.8906861162035,237.8906861162035,173.01140808451166,130.7883858734106,231.7117072560424,76.20740594198728,98.86366176257809,347.05264597905017,319.24724110832506,254.3679630766332,183.3097061847802,210.08528124547843,190.51851485496817,66.93893765174558,221.41340915577382,177.13072732461907,208.02562162542472,291.4418362376,175.07106770456537,76.20740594198728,324.3963901584593,234.80119668612295,227.59238801593497,63.849448221665014,206.99579181539787,89.59519347233639,89.59519347233639,353.2316248392113,282.17336794735826,256.4276226966869,199.7869831452099,318.2174112982982,139.02702435362542,67.96876746177243,294.53132566768056,182.27987637475334,259.5171121267675,312.0384324381371
B02012,99000000316,Synthetic Census Tract 99000000316,1.0,Total:,0.0,20.68081302140542,+/-20,12.408487812843253,0.0,0.0,0.0,0.0,0.0,0.0,0.0,0.0,0.0,0.0,0.0,0.0,0.0,0.0,0.0,0.0,0.0,0.0,0.0,0.0,0.0,0.0,0.0,0.0,0.0,0.0,0.0,0.0,0.0,0.0,0.0,0.0,0.0,0.0,0.0,0.0,0.0,0.0,0.0,0.0,0.0,0.0,0.0,0.0,0.0,0.0,0.0,0.0,0.0,0.0,0.0,0.0,0.0,0.0,0.0,0.0,0.0,0.0,0.0,0.0,0.0,0.0,0.0,0.0,0.0,0.0,0.0,0.0,0.0,0.0,0.0,0.0,0.0,0.0,0.0,0.0,0.0,0.0,0.0,0.0
B02012,99000000317,Synthetic Census Tract 99000000317,1.0,Total:,0.0,21.05161207615812,+/-20,12.630967245694873,0.0,0.0,0.0,0.0,0.0,0.0,0.0,0.0,0.0,0.0,0.0,0.0,0.0,0.0,0.0,0.0,0.0,0.0,0.0,0.0,0.0,0.0,0.0,0.0,0.0,0.0,0.0,0.0,0.0,0.0,0.0,0.0,0.0,0.0,0.0,0.0,0.0,0.0,0.0,0.0,0.0,0.0,0.0,0.0,0.0,0.0,0.0,0.0,0.0,0.0,0.0,0.0,0.0,0.0,0.0,0.0,0.0,0.0,0.0,0.0,0.0,0.0,0.0,0.0,0.0,0.0,0.0,0.0,0.0,0.0,0.0,0.0,0.0,0.0,0.0,0.0,0.0,0.0,0.0,0.0
B02012,99000000318,Synthetic Census Tract 99000000318,1.0,Total:,0.0,12.762703748820053,+/-14,8.204595267098606,0.0,0.0,0.0,0.0,0.0,0.0,0.0,0.0,0.0,0.0,0.0,0.0,0.0,0.0,0.0,0.0,0.0,0.0,0.0,0.0,0.0,0.0,0.0,0.0,0.0,0.0,0.0,0.0,0.0,0.0,0.0,0.0,0.0,0.0,0.0,0.0,0.0,0.0,0.0,0.0,0.0,0.0,0.0,0.0,0.0,0.0,0.0,0.0,0.0,0.0,0.0,0.0,0.0,0.0,0.0,0.0,0.0,0.0,0.0,0.0,0.0,0.0,0.0,0.0,0.0,0.0,0.0,0.0,0.0,0.0,0.0,0.0,0.0,0.0,0.0,0.0,0.0,0.0,0.0,0.0
B02012,99000000319,Synthetic Census Tract 99000000319,1.0,Total:,0.0,19.46643353973045,+/-20,11.67986012383827,0.0,0.0,0.0,0.0,0.0,0.0,0.0,0.0,0.0,0.0,0.0,0.0,0.0,0.0,0.0,0.0,0.0,0.0,0.0,0.0,0.0,0.0,0.0,0.0,0.0,0.0,0.0,0.0,0.0,0.0,0.0,0.0,0.0,0.0,0.0,0.0,0.0,0.0,0.0,0.0,0.0,0.0,0.0,0.0,0.0,0.0,0.0,0.0,0.0,0.0,0.0,0.0,0.0,0.0,0.0,0.0,0.0,0.0,0.0,0.0,0.0,0.0,0.0,0.0,0.0,0.0,0.0,0.0,0.0,0.0,0.0,0.0,0.0,0.0,0.0,0.0,0.0,0.0,0.0,0.0
B02012,99000000320,Synthetic Census Tract 99000000320,1.0,Total:,0.0,14.110676818732703,+/-14,9.071149383471022,0.0,0.0,0.0,0.0,0.0,0.0,0.0,0.0,0.0,0.0,0.0,0.0,0.0,0.0,0.0,0.0,0.0,0.0,0.0,0.0,0.0,0.0,0.0,0.0,0.0,0.0,0.0,0.0,0.0,0.0,0.0,0.0,0.0,0.0,0.0,0.0,0.0,0.0,0.0,0.0,0.0,0.0,0.0,0.0,0.0,0.0,0.0,0.0,0.0,0.0,0.0,0.0,0.0,0.0,0.0,0.0,0.0,0.0,0.0,0.0,0.0,0.0,0.0,0.0,0.0,0.0,0.0,0.0,0.0,0.0,0.0,0.0,0.0,0.0,0.0,0.0,0.0,0.0,0.0,0.0
B02012,99000000321,Synthetic Census Tract 99000000321,1.0,Total:,7.741530373275722,12.579986856573049,+/-13,7.741530373275722,6.773839076616257,2.903073889978396,16.450752043210912,12.579986856573049,7.741530373275722,7.741530373275722,6.773839076616257,2.903073889978396,7.741530373275722,12.579986856573049,5.806147779956792,12.579986856573049,11.612295559913584,1.9353825933189306,7.741530373275722,2.903073889978396,8.709221669935188,9.676912966594653,2.903073889978396,7.741530373275722,8.709221669935188,2.903073889978396,9.676912966594653,20.321517229848773,8.709221669935188,7.741530373275722,8.709221669935188,1.9353825933189306,8.709221669935188,15.483060746551445,6.773839076616257,14.51536944989198,11.612295559913584,2.903073889978396,6.773839076616257,1.9353825933189306,7.741530373275722,8.709221669935188,2.903073889978396,9.676912966594653,6.773839076616257,2.903073889978396,12.579986856573049,9.676912966594653,7.741530373275722,6.773839076616257,8.709221669935188,3.870765186637861,8.709221669935188,8.709221669935188,9.676912966594653,14.51536944989198,12.579986856573049,3.870765186637861,7.741530373275722,2.903073889978396,6.773839076616257,5.806147779956792,2.903073889978396,8.709221669935188,6.773839076616257,2.903073889978396,10.644604263254118,11.612295559913584,6.773839076616257,7.741530373275722,7.741530373275722,1.9353825933189306,6.773839076616257,10.644604263254118,12.579986856573049,9.676912966594653,10.644604263254118,2.903073889978396,9.676912966594653,2.903073889978396,8.709221669935188,7.741530373275722,2.903073889978396,5.806147779956792
B02012,99000000322,Synthetic Census Tract 99000000322,1.0,Total:,0.0,21.37791549314875,+/-20,12.82674929588925,0.0,0.0,0.0,0.0,0.0,0.0,0.0,0.0,0.0,0.0,0.0,0.0,0.0,0.0,0.0,0.0,0.0,0.0,0.0,0.0,0.0,0.0,0.0,0.0,0.0,0.0,0.0,0.0,0.0,0.0,0.0,0.0,0.0,0.0,0.0,0.0,0.0,0.0,0.0,0.0,0.0,0.0,0.0,0.0,0.0,0.0,0.0,0.0,0.0,0.0,0.0,0.0,0.0,0.0,0.0,0.0,0.0,0.0,0.0,0.0,0.0,0.0,0.0,0.0,0.0,0.0,0.0,0.0,0.0,0.0,0.0,0.0,0.0,0.0,0.0,0.0,0.0,0.0,0.0,0.0
B02012,99000000323,Synthetic Census Tract 99000000323,1.0,Total:,18.933775532631717,30.891949553241222,+/-31,18.933775532631717,14.947717525761883,9.965145017174589,28.898920549806306,22.919833539501553,10.961659518892047,21.923319037784093,7.9721160137396705,22.919833539501553,21.923319037784093,30.891949553241222,6.9756015120222115,29.895435051523766,25.90937704465393,21.923319037784093,14.947717525761883,5.979087010304752,11.958174020609505,34.87800756011106,21.923319037784093,21.923319037784093,31.888464054958682,6.9756015120222115,20.926804536066633,29.895435051523766,25.90937704465393,31.888464054958682,23.91634804121901,3.9860580068698352,36.87103656354598,14.947717525761883,14.947717525761883,22.919833539501553,18.933775532631717,6.9756015120222115,2.989543505152376,19.930290034349177,15.944232027479341,17.937261030914257,10.961659518892047,19.930290034349177,11.958174020609505,41.85360907213327,19.930290034349177,2.989543505152376,11.958174020609505,1.9930290034349176,14.947717525761883,23.91634804121901,5.979087010304752,17.937261030914257,17.937261030914257,17.937261030914257,21.923319037784093,27.902406048088846,33.8814930583936,22.919833539501553,17.937261030914257,13.951203024044423,22.919833539501553,24.91286254293647,19.930290034349177,20.926804536066633,2.989543505152376,19.930290034349177,21.923319037784093,17.937261030914257,19.930290034349177,17.937261030914257,16.9407465291968,12.954688522326965,36.87103656354598,1.9930290034349176,6.9756015120222115,17.937261030914257,25.90937704465393,36.87103656354598,34.87800756011106,6.9756015120222115,10.961659518892047,3.9860580068698352
B02012,99000000324,Synthetic Census Tract 99000000324,1.0,Total:,0.0,14.752157250486261,+/-14,9.483529661026882,0.0,0.0,0.0,0.0,0.0,0.0,0.0,0.0,0.0,0.0,0.0,0.0,0.0,0.0,0.0,0.0,0.0,0.0,0.0,0.0,0.0,0.0,0.0,0.0,0.0,0.0,0.0,0.0,0.0,0.0,0.0,0.0,0.0,0.0,0.0,0.0,0.0,0.0,0.0,0.0,0.0,0.0,0.0,0.0,0.0,0.0,0.0,0.0,0.0,0.0,0.0,0.0,0.0,0.0,0.0,0.0,0.0,0.0,0.0,0.0,0.0,0.0,0.0,0.0,0.0,0.0,0.0,0.0,0.0,0.0,0.0,0.0,0.0,0.0,0.0,0.0,0.0,0.0,0.0,0.0
B02012,99000000325,Synthetic Census Tract 99000000325,1.0,Total:,0.0,21.408062067524682,+/-20,12.844837240514808,0.0,0.0,0.0,0.0,0.0,0.0,0.0,0.0,0.0,0.0,0.0,0.0,0.0,0.0,0.0,0.0,0.0,0.0,0.0,0.0,0.0,0.0,0.0,0.0,0.0,0.0,0.0,0.0,0.0,0.0,0.0,0.0,0.0,0.0,0.0,0.0,0.0,0.0,0.0,0.0,0.0,0.0,0.0,0.0,0.0,0.0,0.0,0.0,0.0,0.0,0.0,0.0,0.0,0.0,0.0,0.0,0.0,0.0,0.0,0.0,0.0,0.0,0.0,0.0,0.0,0.0,0.0,0.0,0.0,0.0,0.0,0.0,0.0,0.0,0.0,0.0,0.0,0.0,0.0,0.0
B02012,99000000326,Synthetic Census Tract 99000000326,1.0,Total:,67.06420587090687,71.06803905722967,+/-71,43.04120675297008,43.04120675297008,54.051748015357774,84.08049691277877,71.06803905722967,100.09582965806996,61.05845609142268,56.05366460851918,68.06516416748757,42.040248456389385,67.06420587090687,54.051748015357774,70.06708076064896,93.08912158200506,48.04599823587358,70.06708076064896,87.08337180252086,37.035456973485886,57.054622905099876,69.06612246406827,69.06612246406827,98.09391306490856,95.09103817516646,114.10924581019975,50.04791482903498,65.06228927774548,81.07762202303667,73.06995565039107,49.04695653245428,55.05270631193848,92.08816328542436,32.030665490582386,42.040248456389385,36.03449867690519,22.02108252477539,92.08816328542436,61.05845609142268,55.05270631193848,34.03258208374378,106.10157943755415,83.07953861619806,22.02108252477539,23.02204082135609,63.060372684584074,78.07474713329457,88.08433009910156,66.06324757432617,24.02299911793679,90.08624669226296,31.029707194001688,72.06899735381037,70.06708076064896,74.07091394697177,63.060372684584074,102.09774625123136,78.07474713329457,66.06324757432617,47.04503993929288,89.08528839568226,67.06420587090687,61.05845609142268,51.04887312561568,50.04791482903498,83.07953861619806,101.09678795465065,57.054622905099876,57.054622905099876,67.06420587090687,104.09966284439275,78.07474713329457,92.08816328542436,62.059414388003376,34.03258208374378,42.040248456389385,62.059414388003376,83.07953861619806,64.06133098116477,62.059414388003376,52.04983142219638,71.06803905722967,80.07666372645596
B02012,99000000327,Synthetic Census Tract 99000000327,1.0,Total:,28.129671668131024,42.19450750219654,+/-39,24.88394032180821,47.60405974606788,8.655283590194161,36.78495525832518,43.2764179509708,11.90101493651697,7.573373141419891,27.047761219356754,32.457313463228104,41.11259705342226,18.39247762916259,34.621134360776644,23.80202987303394,30.293492565679564,56.25934333626205,25.965850770582485,27.047761219356754,9.73719403896843,7.573373141419891,47.60405974606788,32.457313463228104,17.310567180388322,43.2764179509708,23.80202987303394,9.73719403896843,45.44023884851934,40.030686604648,25.965850770582485,37.86686570709946,11.90101493651697,41.11259705342226,23.80202987303394,27.047761219356754,37.86686570709946,10.8191044877427,29.211582116905294,34.621134360776644,38.94877615587372,40.030686604648,8.655283590194161,35.70304480955092,8.655283590194161,43.2764179509708,24.88394032180821,10.8191044877427,53.013611989939236,37.86686570709946,32.457313463228104,29.211582116905294,15.146746282839782,38.94877615587372,31.375403014453834,42.19450750219654,36.78495525832518,10.8191044877427,30.293492565679564,33.53922391200237,45.44023884851934,40.030686604648,7.573373141419891,34.621134360776644,42.19450750219654,9.73719403896843,27.047761219356754,44.358328399745076,11.90101493651697,10.8191044877427,23.80202987303394,30.293492565679564,38.94877615587372,21.6382089754854,28.129671668131024,35.70304480955092,29.211582116905294,44.358328399745076,24.88394032180821,25.965850770582485,12.982925385291242,8.655283590194161,31.375403014453834,34.621134360776644
B02012,99000000328,Synthetic Census Tract 99000000328,1.0,Total:,0.0,20.348495762147923,+/-20,12.209097457288753,0.0,0.0,0.0,0.0,0.0,0.0,0.0,0.0,0.0,0.0,0.0,0.0,0.0,0.0,0.0,0.0,0.0,0.0,0.0,0.0,0.0,0.0,0.0,0.0,0.0,0.0,0.0,0.0,0.0,0.0,0.0,0.0,0.0,0.0,0.0,0.0,0.0,0.0,0.0,0.0,0.0,0.0,0.0,0.0,0.0,0.0,0.0,0.0,0.0,0.0,0.0,0.0,0.0,0.0,0.0,0.0,0.0,0.0,0.0,0.0,0.0,0.0,0.0,0.0,0.0,0.0,0.0,0.0,0.0,0.0,0.0,0.0,0.0,0.0,0.0,0.0,0.0,0.0,0.0,0.0
B02012,99000000329,Synthetic Census Tract 99000000329,1.0,Total:,0.0,14.980768036734421,+/-14,9.630493737900698,0.0,0.0,0.0,0.0,0.0,0.0,0.0,0.0,0.0,0.0,0.0,0.0,0.0,0.0,0.0,0.0,0.0,0.0,0.0,0.0,0.0,0.0,0.0,0.0,0.0,0.0,0.0,0.0,0.0,0.0,0.0,0.0,0.0,0.0,0.0,0.0,0.0,0.0,0.0,0.0,0.0,0.0,0.0,0.0,0.0,0.0,0.0,0.0,0.0,0.0,0.0,0.0,0.0,0.0,0.0,0.0,0.0,0.0,0.0,0.0,0.0,0.0,0.0,0.0,0.0,0.0,0.0,0.0,0.0,0.0,0.0,0.0,0.0,0.0,0.0,0.0,0.0,0.0,0.0,0.0
B02012,99000000330,Synthetic Census Tract 99000000330,1.0,Total:,0.0,19.3623631823661,+/-20,11.61741790941966,0.0,0.0,0.0,0.0,0.0,0.0,0.0,0.0,0.0,0.0,0.0,0.0,0.0,0.0,0.0,0.0,0.0,0.0,0.0,0.0,0.0,0.0,0.0,0.0,0.0,0.0,0.0,0.0,0.0,0.0,0.0,0.0,0.0,0.0,0.0,0.0,0.0,0.0,0.0,0.0,0.0,0.0,0.0,0.0,0.0,0.0,0.0,0.0,0.0,0.0,0.0,0.0,0.0,0.0,0.0,0.0,0.0,0.0,0.0,0.0,0.0,0.0,0.0,0.0,0.0,0.0,0.0,0.0,0.0,0.0,0.0,0.0,0.0,0.0,0.0,0.0,0.0,0.0,0.0,0.0
B02012,99000000331,Synthetic Census Tract 99000000331,1.0,Total:,0.0,13.99668748388816,+/-14,8.997870525356674,0.0,0.0,0.0,0.0,0.0,0.0,0.0,0.0,0.0,0.0,0.0,0.0,0.0,0.0,0.0,0.0,0.0,0.0,0.0,0.0,0.0,0.0,0.0,0.0,0.0,0.0,0.0,0.0,0.0,0.0,0.0,0.0,0.0,0.0,0.0,0.0,0.0,0.0,0.0,0.0,0.0,0.0,0.0,0.0,0.0,0.0,0.0,0.0,0.0,0.0,0.0,0.0,0.0,0.0,0.0,0.0,0.0,0.0,0.0,0.0,0.0,0.0,0.0,0.0,0.0,0.0,0.0,0.0,0.0,0.0,0.0,0.0,0.0,0.0,0.0,0.0,0.0,0.0,0.0,0.0
B02012,99000000332,Synthetic Census Tract 99000000332,1.0,Total:,0.0,20.12564416401831,+/-20,12.075386498410985,0.0,0.0,0.0,0.0,0.0,0.0,0.0,0.0,0.0,0.0,0.0,0.0,0.0,0.0,0.0,0.0,0.0,0.0,0.0,0.0,0.0,0.0,0.0,0.0,0.0,0.0,0.0,0.0,0.0,0.0,0.0,0.0,0.0,0.0,0.0,0.0,0.0,0.0,0.0,0.0,0.0,0.0,0.0,0.0,0.0,0.0,0.0,0.0,0.0,0.0,0.0,0.0,0.0,0.0,0.0,0.0,0.0,0.0,0.0,0.0,0.0,0.0,0.0,0.0,0.0,0.0,0.0,0.0,0.0,0.0,0.0,0.0,0.0,0.0,0.0,0.0,0.0,0.0,0.0,0.0
B02012,99000000333,Synthetic Census Tract 99000000333,1.0,Total:,0.0,12.893943204508998,+/-14,8.288963488612927,0.0,0.0,0.0,0.0,0.0,0.0,0.0,0.0,0.0,0.0,0.0,0.0,0.0,0.0,0.0,0.0,0.0,0.0,0.0,0.0,0.0,0.0,0.0,0.0,0.0,0.0,0.0,0.0,0.0,0.0,0.0,0.0,0.0,0.0,0.0,0.0,0.0,0.0,0.0,0.0,0.0,0.0,0.0,0.0,0.0,0.0,0.0,0.0,0.0,0.0,0.0,0.0,0.0,0.0,0.0,0.0,0.0,0.0,0.0,0.0,0.0,0.0,0.0,0.0,0.0,0.0,0.0,0.0,0.0,0.0,0.0,0.0,0.0,0.0,0.0,0.0,0.0,0.0,0.0,0.0
B02012,99000000334,Synthetic Census Tract 99000000334,1.0,Total:,0.0,13.715947018764314,+/-14,8.817394512062775,0.0,0.0,0.0,0.0,0.0,0.0,0.0,0.0,0.0,0.0,0.0,0.0,0.0,0.0,0.0,0.0,0.0,0.0,0.0,0.0,0.0,0.0,0.0,0.0,0.0,0.0,0.0,0.0,0.0,0.0,0.0,0.0,0.0,0.0,0.0,0.0,0.0,0.0,0.0,0.0,0.0,0.0,0.0,0.0,0.0,0.0,0.0,0.0,0.0,0.0,0.0,0.0,0.0,0.0,0.0,0.0,0.0,0.0,0.0,0.0,0.0,0.0,0.0,0.0,0.0,0.0,0.0,0.0,0.0,0.0,0.0,0.0,0.0,0.0,0.0,0.0,0.0,0.0,0.0,0.0
B02012,99000000335,Synthetic Census Tract 99000000335,1.0,Total:,7.584272741572347,15.168545483144694,+/-14,9.751207810593018,3.250402603531006,6.500805207062012,8.667740276082682,8.667740276082682,13.001610414124023,11.918142879613688,7.584272741572347,11.918142879613688,2.1669350690206706,14.085077948634359,2.1669350690206706,6.500805207062012,1.0834675345103353,2.1669350690206706,6.500805207062012,7.584272741572347,7.584272741572347,6.500805207062012,13.001610414124023,7.584272741572347,5.417337672551676,15.168545483144694,2.1669350690206706,3.250402603531006,7.584272741572347,7.584272741572347,13.001610414124023,6.500805207062012,6.500805207062012,5.417337672551676,6.500805207062012,16.25201301765503,14.085077948634359,6.500805207062012,2.1669350690206706,3.250402603531006,10.834675345103353,15.168545483144694,2.1669350690206706,20.585883155696372,3.250402603531006,5.417337672551676,9.751207810593018,7.584272741572347,13.001610414124023,10.834675345103353,8.667740276082682,10.834675345103353,3.250402603531006,21.669350690206706,2.1669350690206706,6.500805207062012,2.1669350690206706,2.1669350690206706,7.584272741572347,6.500805207062012,7.584272741572347,7.584272741572347,9.751207810593018,6.500805207062012,6.500805207062012,15.168545483144694,2.1669350690206706,3.250402603531006,9.751207810593018,7.584272741572347,15.168545483144694,6.500805207062012,7.584272741572347,5.417337672551676,8.667740276082682,11.918142879613688,8.667740276082682,6.500805207062012,2.1669350690206706,3.250402603531006,11.918142879613688,13.001610414124023,2.1669350690206706,19.502415621186035
B02012,99000000336,Synthetic Census Tract 99000000336,1.0,Total:,5.130832240364742,9.235498032656537,+/-9,5.130832240364742,7.183165136510639,5.130832240364742,9.235498032656537,5.130832240364742,7.183165136510639,6.156998688437691,7.183165136510639,9.235498032656537,6.156998688437691,1.0261664480729484,10.261664480729484,11.287830928802432,2.052332896145897,5.130832240364742,7.183165136510639,3.0784993442188453,5.130832240364742,2.052332896145897,4.104665792291794,1.0261664480729484,6.156998688437691,4.104665792291794,9.235498032656537,4.104665792291794,9.235498032656537,3.0784993442188453,5.130832240364742,9.235498032656537,5.130832240364742,2.052332896145897,6.156998688437691,6.156998688437691,2.052332896145897,3.0784993442188453,4.104665792291794,2.052332896145897,5.130832240364742,2.052332896145897,4.104665792291794,10.261664480729484,5.130832240364742,5.130832240364742,2.052332896145897,6.156998688437691,1.0261664480729484,7.183165136510639,6.156998688437691,1.0261664480729484,7.183165136510639,8.209331584583587,1.0261664480729484,2.052332896145897,7.183165136510639,6.156998688437691,4.104665792291794,5.130832240364742,4.104665792291794,7.183165136510639,6.156998688437691,7.183165136510639,5.130832240364742,7.183165136510639,2.052332896145897,7.183165136510639,2.052332896145897,7.183165136510639,5.130832240364742,1.0261664480729484,5.130832240364742,11.287830928802432,3.0784993442188453,2.052332896145897,12.313997376875381,6.156998688437691,5.130832240364742,8.209331584583587,7.183165136510639,12.313997376875381,5.130832240364742,3.0784993442188453
B02012,99000000337,Synthetic Census Tract 99000000337,1.0,Total:,0.0,13.09701843082351,+/-14,8.419511848386541,0.0,0.0,0.0,0.0,0.0,0.0,0.0,0.0,0.0,0.0,0.0,0.0,0.0,0.0,0.0,0.0,0.0,0.0,0.0,0.0,0.0,0.0,0.0,0.0,0.0,0.0,0.0,0.0,0.0,0.0,0.0,0.0,0.0,0.0,0.0,0.0,0.0,0.0,0.0,0.0,0.0,0.0,0.0,0.0,0.0,0.0,0.0,0.0,0.0,0.0,0.0,0.0,0.0,0.0,0.0,0.0,0.0,0.0,0.0,0.0,0.0,0.0,0.0,0.0,0.0,0.0,0.0,0.0,0.0,0.0,0.0,0.0,0.0,0.0,0.0,0.0,0.0,0.0,0.0,0.0
B02012,99000000338,Synthetic Census Tract 99000000338,1.0,Total:,176.13434513618964,236.13615501774873,+/-244,143.23012681404433,161.61777822936082,197.4253099328719,259.36266206867487,282.58916911960097,213.87741909394455,141.29458455980048,154.84338033950738,234.2006127635049,50.324098610339895,211.9418768397007,180.00542964467732,59.034038754437184,72.58283453414408,88.06717256809482,157.74669372087314,233.23284163638297,72.58283453414408,136.45572892419088,160.6500071022389,270.008144467016,87.0994014409729,70.64729227990024,181.94097189892116,240.00723952623642,315.4933874417463,308.71898955189283,95.80934158507019,192.5864542972623,165.4888627378485,181.94097189892116,72.58283453414408,215.8129613481884,193.5542254243842,153.87560921238546,304.84790504340515,172.26326062770195,148.06898244965393,63.87289439004679,210.00633458545687,175.16657400906772,213.87741909394455,177.10211626331156,101.61596834780171,83.22831693248521,200.32862331423766,183.876514153165,165.4888627378485,70.64729227990024,335.8165811113066,85.16385918672906,234.2006127635049,309.68676067901475,234.2006127635049,209.03856345833495,171.29548950058003,53.22741199170566,229.3617571278953,180.00542964467732,182.90874302604308,96.7771127121921,262.2659754500406,269.0403733398941,181.94097189892116,167.42440499209235,49.356327483217974,69.67952115277832,273.8792289755037,183.876514153165,175.16657400906772,162.58554935648274,245.81386628896794,127.74578878009358,162.58554935648274,168.39217611921427,74.51837678838793,191.61868317014037,196.45753880574998,200.32862331423766,50.324098610339895,212.90964796682263
B02012,99000000339,Synthetic Census Tract 99000000339,1.0,Total:,33.77954166957144,45.97770949469446,+/-49,28.1496180579762,20.64305324251588,24.39633565024604,16.88977083478572,36.59450347536906,36.59450347536906,43.162747688896836,59.11419792175002,29.08793865990874,45.03938889276192,37.5328240773016,34.71786227150398,57.237556717884935,42.2244270869643,15.95145023285318,48.79267130049208,51.6076331062897,20.64305324251588,30.02625926184128,34.71786227150398,48.79267130049208,50.66931250435716,43.162747688896836,51.6076331062897,27.21129745604366,45.97770949469446,30.964579863773817,9.3832060193254,40.34778588309922,24.39633565024604,35.65618287343652,32.8412210676389,13.136488427055559,32.8412210676389,42.2244270869643,12.19816782512302,15.95145023285318,46.916030096627,37.5328240773016,48.79267130049208,61.929159727547635,62.86748032948018,22.51969444638096,49.73099190242462,52.545953708222235,25.33465625217858,36.59450347536906,23.4580150483135,32.8412210676389,10.32152662125794,36.59450347536906,28.1496180579762,20.64305324251588,42.2244270869643,51.6076331062897,24.39633565024604,17.82809143671826,59.11419792175002,35.65618287343652,31.90290046570636,11.25984722319048,18.7664120386508,34.71786227150398,15.01312963092064,36.59450347536906,44.10106829082938,27.21129745604366,40.34778588309922,44.10106829082938,65.6824421352778,32.8412210676389,28.1496180579762,48.79267130049208,26.272976854111118,15.01312963092064,44.10106829082938,53.48427431015478,19.70473264058334,35.65618287343652,49.73099190242462,28.1496180579762
B02012,99000000340,Synthetic Census Tract 99000000340,1.0,Total:,0.0,18.09929252719429,+/-20,10.859575516316575,0.0,0.0,0.0,0.0,0.0,0.0,0.0,0.0,0.0,0.0,0.0,0.0,0.0,0.0,0.0,0.0,0.0,0.0,0.0,0.0,0.0,0.0,0.0,0.0,0.0,0.0,0.0,0.0,0.0,0.0,0.0,0.0,0.0,0.0,0.0,0.0,0.0,0.0,0.0,0.0,0.0,0.0,0.0,0.0,0.0,0.0,0.0,0.0,0.0,0.0,0.0,0.0,0.0,0.0,0.0,0.0,0.0,0.0,0.0,0.0,0.0,0.0,0.0,0.0,0.0,0.0,0.0,0.0,0.0,0.0,0.0,0.0,0.0,0.0,0.0,0.0,0.0,0.0,0.0,0.0
B02012,99000000341,Synthetic Census Tract 99000000341,1.0,Total:,37.99222320952819,61.873049226945916,+/-57,37.99222320952819,44.50517575973303,13.025905100409666,16.28238137551208,59.7020650435443,15.196889283811277,65.12952550204832,44.50517575973303,41.248699484630606,68.38600177715075,71.64247805225317,32.56476275102416,29.308286475921747,15.196889283811277,53.18911249333947,44.50517575973303,14.111397192110472,36.90673111782739,42.33419157633141,27.13730229252014,11.94041300870886,13.025905100409666,26.051810200819332,40.163207392929806,37.99222320952819,32.56476275102416,67.30050968544994,13.025905100409666,37.99222320952819,60.78755713524511,64.04403341034752,58.616572951843494,10.854920917008055,33.65025484272497,36.90673111782739,40.163207392929806,34.73574693442578,78.155430602458,51.01812830993786,10.854920917008055,35.821239026126584,23.88082601741772,11.94041300870886,10.854920917008055,69.47149386885155,14.111397192110472,45.590667851433835,22.795333925716918,62.95854131864672,55.36009667674108,55.36009667674108,32.56476275102416,32.56476275102416,13.025905100409666,74.89895432735558,48.84714412653625,14.111397192110472,27.13730229252014,67.30050968544994,28.222794384220943,14.111397192110472,11.94041300870886,28.222794384220943,47.76165203483544,37.99222320952819,55.36009667674108,52.103620401638665,13.025905100409666,52.103620401638665,39.077715301229,52.103620401638665,52.103620401638665,21.70984183401611,62.95854131864672,49.93263621823705,48.84714412653625,39.077715301229,51.01812830993786,62.95854131864672,13.025905100409666,37.99222320952819
B02012,99000000342,Synthetic Census Tract 99000000342,1.0,Total:,0.0,13.854980519119241,+/-14,8.906773190862369,0.0,0.0,0.0,0.0,0.0,0.0,0.0,0.0,0.0,0.0,0.0,0.0,0.0,0.0,0.0,0.0,0.0,0.0,0.0,0.0,0.0,0.0,0.0,0.0,0.0,0.0,0.0,0.0,0.0,0.0,0.0,0.0,0.0,0.0,0.0,0.0,0.0,0.0,0.0,0.0,0.0,0.0,0.0,0.0,0.0,0.0,0.0,0.0,0.0,0.0,0.0,0.0,0.0,0.0,0.0,0.0,0.0,0.0,0.0,0.0,0.0,0.0,0.0,0.0,0.0,0.0,0.0,0.0,0.0,0.0,0.0,0.0,0.0,0.0,0.0,0.0,0.0,0.0,0.0,0.0
B02012,99000000343,Synthetic Census Tract 99000000343,1.0,Total:,0.0,19.230140289683145,+/-20,11.538084173809889,0.0,0.0,0.0,0.0,0.0,0.0,0.0,0.0,0.0,0.0,0.0,0.0,0.0,0.0,0.0,0.0,0.0,0.0,0.0,0.0,0.0,0.0,0.0,0.0,0.0,0.0,0.0,0.0,0.0,0.0,0.0,0.0,0.0,0.0,0.0,0.0,0.0,0.0,0.0,0.0,0.0,0.0,0.0,0.0,0.0,0.0,0.0,0.0,0.0,0.0,0.0,0.0,0.0,0.0,0.0,0.0,0.0,0.0,0.0,0.0,0.0,0.0,0.0,0.0,0.0,0.0,0.0,0.0,0.0,0.0,0.0,0.0,0.0,0.0,0.0,0.0,0.0,0.0,0.0,0.0
B02012,99000000344,Synthetic Census Tract 99000000344,1.0,Total:,38.7484266558388,67.29989892856211,+/-66,40.787817532461894,42.82720840908499,47.92568560064272,9.177258944803926,35.68934034090415,60.16203086038129,15.29543157467321,14.275736136361662,46.90599016233118,47.92568560064272,13.256040698050114,65.26050805193903,33.64994946428106,101.96954383115472,36.709035779215704,30.59086314934642,44.866599285708084,11.216649821427021,53.02416279220046,14.275736136361662,12.236345259738567,41.80751297077344,44.866599285708084,59.14233542206974,41.80751297077344,9.177258944803926,61.18172629869284,52.00446735388891,14.275736136361662,53.02416279220046,39.76812209415034,10.196954383115473,28.551472272723323,17.334822451296304,39.76812209415034,43.84690384739653,42.82720840908499,63.22111717531593,47.92568560064272,76.47715787336605,17.334822451296304,50.98477191557736,22.433299642854042,67.29989892856211,44.866599285708084,13.256040698050114,69.33928980518522,72.39837612011986,14.275736136361662,32.63025402596951,43.84690384739653,12.236345259738567,47.92568560064272,12.236345259738567,30.59086314934642,61.18172629869284,45.88629472401963,72.39837612011986,26.51208139610023,49.96507647726582,60.16203086038129,38.7484266558388,36.709035779215704,17.334822451296304,32.63025402596951,62.20142173700439,13.256040698050114,17.334822451296304,68.31959436687367,21.413604204542494,28.551472272723323,64.24081261362748,46.90599016233118,66.28020349025057,32.63025402596951,52.00446735388891,38.7484266558388,10.196954383115473,34.66964490259261,14.275736136361662,65.26050805193903
B02012,99000000345,Synthetic Census Tract 99000000345,1.0,Total:,0.0,12.620480477620443,+/-14,8.113166021327428,0.0,0.0,0.0,0.0,0.0,0.0,0.0,0.0,0.0,0.0,0.0,0.0,0.0,0.0,0.0,0.0,0.0,0.0,0.0,0.0,0.0,0.0,0.0,0.0,0.0,0.0,0.0,0.0,0.0,0.0,0.0,0.0,0.0,0.0,0.0,0.0,0.0,0.0,0.0,0.0,0.0,0.0,0.0,0.0,0.0,0.0,0.0,0.0,0.0,0.0,0.0,0.0,0.0,0.0,0.0,0.0,0.0,0.0,0.0,0.0,0.0,0.0,0.0,0.0,0.0,0.0,0.0,0.0,0.0,0.0,0.0,0.0,0.0,0.0,0.0,0.0,0.0,0.0,0.0,0.0
B02012,99000000346,Synthetic Census Tract 99000000346,1.0,Total:,11.467253055841953,11.467253055841953,+/-12,6.689230949241139,16.245275162442766,15.289670741122604,10.51164863452179,4.7780221066008135,12.422857477162117,15.289670741122604,11.467253055841953,11.467253055841953,14.334066319802442,18.156484005083094,7.644835370561302,5.733626527920976,12.422857477162117,13.378461898482279,17.20087958376293,13.378461898482279,9.556044213201627,12.422857477162117,10.51164863452179,12.422857477162117,17.20087958376293,15.289670741122604,9.556044213201627,4.7780221066008135,10.51164863452179,18.156484005083094,12.422857477162117,10.51164863452179,15.289670741122604,16.245275162442766,7.644835370561302,5.733626527920976,11.467253055841953,11.467253055841953,16.245275162442766,14.334066319802442,11.467253055841953,11.467253055841953,11.467253055841953,11.467253055841953,11.467253055841953,14.334066319802442,7.644835370561302,13.378461898482279,16.245275162442766,8.600439791881465,6.689230949241139,20.067692847723418,15.289670741122604,8.600439791881465,16.245275162442766,13.378461898482279,14.334066319802442,12.422857477162117,8.600439791881465,12.422857477162117,10.51164863452179,11.467253055841953,12.422857477162117,11.467253055841953,11.467253055841953,13.378461898482279,10.51164863452179,12.422857477162117,18.156484005083094,8.600439791881465,6.689230949241139,19.112088426403254,15.289670741122604,8.600439791881465,15.289670741122604,13.378461898482279,13.378461898482279,11.467253055841953,8.600439791881465,11.467253055841953,9.556044213201627,12.422857477162117,13.378461898482279,12.422857477162117
B02012,99000000347,Synthetic Census Tract 99000000347,1.0,Total:,0.0,14.5684937039569,+/-14,9.365460238258008,0.0,0.0,0.0,0.0,0.0,0.0,0.0,0.0,0.0,0.0,0.0,0.0,0.0,0.0,0.0,0.0,0.0,0.0,0.0,0.0,0.0,0.0,0.0,0.0,0.0,0.0,0.0,0.0,0.0,0.0,0.0,0.0,0.0,0.0,0.0,0.0,0.0,0.0,0.0,0.0,0.0,0.0,0.0,0.0,0.0,0.0,0.0,0.0,0.0,0.0,0.0,0.0,0.0,0.0,0.0,0.0,0.0,0.0,0.0,0.0,0.0,0.0,0.0,0.0,0.0,0.0,0.0,0.0,0.0,0.0,0.0,0.0,0.0,0.0,0.0,0.0,0.0,0.0,0.0,0.0
B02012,99000000348,Synthetic Census Tract 99000000348,1.0,Total:,0.0,20.53507909227705,+/-20,12.321047455366232,0.0,0.0,0.0,0.0,0.0,0.0,0.0,0.0,0.0,0.0,0.0,0.0,0.0,0.0,0.0,0.0,0.0,0.0,0.0,0.0,0.0,0.0,0.0,0.0,0.0,0.0,0.0,0.0,0.0,0.0,0.0,0.0,0.0,0.0,0.0,0.0,0.0,0.0,0.0,0.0,0.0,0.0,0.0,0.0,0.0,0.0,0.0,0.0,0.0,0.0,0.0,0.0,0.0,0.0,0.0,0.0,0.0,0.0,0.0,0.0,0.0,0.0,0.0,0.0,0.0,0.0,0.0,0.0,0.0,0.0,0.0,0.0,0.0,0.0,0.0,0.0,0.0,0.0,0.0,0.0
B02012,99000000349,Synthetic Census Tract 99000000349,1.0,Total:,0.0,21.927223790170146,+/-20,13.156334274102086,0.0,0.0,0.0,0.0,0.0,0.0,0.0,0.0,0.0,0.0,0.0,0.0,0.0,0.0,0.0,0.0,0.0,0.0,0.0,0.0,0.0,0.0,0.0,0.0,0.0,0.0,0.0,0.0,0.0,0.0,0.0,0.0,0.0,0.0,0.0,0.0,0.0,0.0,0.0,0.0,0.0,0.0,0.0,0.0,0.0,0.0,0.0,0.0,0.0,0.0,0.0,0.0,0.0,0.0,0.0,0.0,0.0,0.0,0.0,0.0,0.0,0.0,0.0,0.0,0.0,0.0,0.0,0.0,0.0,0.0,0.0,0.0,0.0,0.0,0.0,0.0,0.0,0.0,0.0,0.0
B02012,99000000350,Synthetic Census Tract 99000000350,1.0,Total:,0.0,14.337001587042524,+/-14,9.21664387738448,0.0,0.0,0.0,0.0,0.0,0.0,0.0,0.0,0.0,0.0,0.0,0.0,0.0,0.0,0.0,0.0,0.0,0.0,0.0,0.0,0.0,0.0,0.0,0.0,0.0,0.0,0.0,0.0,0.0,0.0,0.0,0.0,0.0,0.0,0.0,0.0,0.0,0.0,0.0,0.0,0.0,0.0,0.0,0.0,0.0,0.0,0.0,0.0,0.0,0.0,0.0,0.0,0.0,0.0,0.0,0.0,0.0,0.0,0.0,0.0,0.0,0.0,0.0,0.0,0.0,0.0,0.0,0.0,0.0,0.0,0.0,0.0,0.0,0.0,0.0,0.0,0.0,0.0,0.0,0.0
B02012,99000000351,Synthetic Census Tract 99000000351,1.0,Total:,5.97300704835328,10.950512921981014,+/-11,6.9685082230788264,1.9910023494510933,1.9910023494510933,5.97300704835328,1.9910023494510933,10.950512921981014,8.95951057252992,5.97300704835328,5.97300704835328,9.955011747255467,2.98650352417664,1.9910023494510933,8.95951057252992,10.950512921981014,9.955011747255467,7.964009397804373,9.955011747255467,8.95951057252992,1.9910023494510933,3.9820046989021867,6.9685082230788264,1.9910023494510933,0.9955011747255467,3.9820046989021867,0.9955011747255467,8.95951057252992,2.98650352417664,4.977505873627734,4.977505873627734,12.941515271432106,4.977505873627734,0.9955011747255467,3.9820046989021867,8.95951057252992,6.9685082230788264,4.977505873627734,7.964009397804373,10.950512921981014,2.98650352417664,3.9820046989021867,5.97300704835328,10.950512921981014,6.9685082230788264,4.977505873627734,10.950512921981014,1.9910023494510933,5.97300704835328,4.977505873627734,4.977505873627734,0.9955011747255467,5.97300704835328,8.95951057252992,5.97300704835328,1.9910023494510933,1.9910023494510933,4.977505873627734,3.9820046989021867,0.9955011747255467,6.9685082230788264,6.9685082230788264,4.977505873627734,7.964009397804373,10.950512921981014,6.9685082230788264,10.950512921981014,2.98650352417664,8.95951057252992,4.977505873627734,4.977505873627734,1.9910023494510933,5.97300704835328,12.941515271432106,3.9820046989021867,1.9910023494510933,1.9910023494510933,5.97300704835328,5.97300704835328,2.98650352417664,13.937016446157653,6.9685082230788264,6.9685082230788264
B02012,99000000352,Synthetic Census Tract 99000000352,1.0,Total:,0.0,21.04573025273603,+/-20,12.627438151641618,0.0,0.0,0.0,0.0,0.0,0.0,0.0,0.0,0.0,0.0,0.0,0.0,0.0,0.0,0.0,0.0,0.0,0.0,0.0,0.0,0.0,0.0,0.0,0.0,0.0,0.0,0.0,0.0,0.0,0.0,0.0,0.0,0.0,0.0,0.0,0.0,0.0,0.0,0.0,0.0,0.0,0.0,0.0,0.0,0.0,0.0,0.0,0.0,0.0,0.0,0.0,0.0,0.0,0.0,0.0,0.0,0.0,0.0,0.0,0.0,0.0,0.0,0.0,0.0,0.0,0.0,0.0,0.0,0.0,0.0,0.0,0.0,0.0,0.0,0.0,0.0,0.0,0.0,0.0,0.0
B02012,99000000353,Synthetic Census Tract 99000000353,1.0,Total:,2.1613311487856213,4.3226622975712425,+/-4,2.1613311487856213,3.241996723178432,3.241996723178432,1.0806655743928106,2.1613311487856213,0.0,2.1613311487856213,1.0806655743928106,2.1613311487856213,1.0806655743928106,0.0,1.0806655743928106,2.1613311487856213,3.241996723178432,3.241996723178432,0.0,0.0,4.3226622975712425,1.0806655743928106,1.0806655743928106,2.1613311487856213,3.241996723178432,3.241996723178432,2.1613311487856213,2.1613311487856213,0.0,2.1613311487856213,2.1613311487856213,1.0806655743928106,2.1613311487856213,0.0,2.1613311487856213,2.1613311487856213,3.241996723178432,3.241996723178432,0.0,0.0,3.241996723178432,2.1613311487856213,1.0806655743928106,2.1613311487856213,0.0,0.0,2.1613311487856213,2.1613311487856213,3.241996723178432,1.0806655743928106,2.1613311487856213,2.1613311487856213,2.1613311487856213,3.241996723178432,2.1613311487856213,1.0806655743928106,0.0,0.0,3.241996723178432,3.241996723178432,1.0806655743928106,2.1613311487856213,3.241996723178432,2.1613311487856213,1.0806655743928106,0.0,1.0806655743928106,2.1613311487856213,3.241996723178432,1.0806655743928106,2.1613311487856213,2.1613311487856213,2.1613311487856213,4.3226622975712425,2.1613311487856213,2.1613311487856213,0.0,0.0,3.241996723178432,3.241996723178432,0.0,2.1613311487856213,3.241996723178432,1.0806655743928106
B02012,99000000354,Synthetic Census Tract 99000000354,1.0,Total:,0.0,14.617948650811385,+/-14,9.397252704093034,0.0,0.0,0.0,0.0,0.0,0.0,0.0,0.0,0.0,0.0,0.0,0.0,0.0,0.0,0.0,0.0,0.0,0.0,0.0,0.0,0.0,0.0,0.0,0.0,0.0,0.0,0.0,0.0,0.0,0.0,0.0,0.0,0.0,0.0,0.0,0.0,0.0,0.0,0.0,0.0,0.0,0.0,0.0,0.0,0.0,0.0,0.0,0.0,0.0,0.0,0.0,0.0,0.0,0.0,0.0,0.0,0.0,0.0,0.0,0.0,0.0,0.0,0.0,0.0,0.0,0.0,0.0,0.0,0.0,0.0,0.0,0.0,0.0,0.0,0.0,0.0,0.0,0.0,0.0,0.0
B02012,99000000355,Synthetic Census Tract 99000000355,1.0,Total:,0.0,15.296991425938264,+/-14,9.833780202388883,0.0,0.0,0.0,0.0,0.0,0.0,0.0,0.0,0.0,0.0,0.0,0.0,0.0,0.0,0.0,0.0,0.0,0.0,0.0,0.0,0.0,0.0,0.0,0.0,0.0,0.0,0.0,0.0,0.0,0.0,0.0,0.0,0.0,0.0,0.0,0.0,0.0,0.0,0.0,0.0,0.0,0.0,0.0,0.0,0.0,0.0,0.0,0.0,0.0,0.0,0.0,0.0,0.0,0.0,0.0,0.0,0.0,0.0,0.0,0.0,0.0,0.0,0.0,0.0,0.0,0.0,0.0,0.0,0.0,0.0,0.0,0.0,0.0,0.0,0.0,0.0,0.0,0.0,0.0,0.0
B02012,99000000356,Synthetic Census Tract 99000000356,1.0,Total:,0.0,14.789614478066898,+/-14,9.50760930732872,0.0,0.0,0.0,0.0,0.0,0.0,0.0,0.0,0.0,0.0,0.0,0.0,0.0,0.0,0.0,0.0,0.0,0.0,0.0,0.0,0.0,0.0,0.0,0.0,0.0,0.0,0.0,0.0,0.0,0.0,0.0,0.0,0.0,0.0,0.0,0.0,0.0,0.0,0.0,0.0,0.0,0.0,0.0,0.0,0.0,0.0,0.0,0.0,0.0,0.0,0.0,0.0,0.0,0.0,0.0,0.0,0.0,0.0,0.0,0.0,0.0,0.0,0.0,0.0,0.0,0.0,0.0,0.0,0.0,0.0,0.0,0.0,0.0,0.0,0.0,0.0,0.0,0.0,0.0,0.0
B02012,99000000357,Synthetic Census Tract 99000000357,1.0,Total:,0.0,15.027044027133394,+/-14,9.660242588871467,0.0,0.0,0.0,0.0,0.0,0.0,0.0,0.0,0.0,0.0,0.0,0.0,0.0,0.0,0.0,0.0,0.0,0.0,0.0,0.0,0.0,0.0,0.0,0.0,0.0,0.0,0.0,0.0,0.0,0.0,0.0,0.0,0.0,0.0,0.0,0.0,0.0,0.0,0.0,0.0,0.0,0.0,0.0,0.0,0.0,0.0,0.0,0.0,0.0,0.0,0.0,0.0,0.0,0.0,0.0,0.0,0.0,0.0,0.0,0.0,0.0,0.0,0.0,0.0,0.0,0.0,0.0,0.0,0.0,0.0,0.0,0.0,0.0,0.0,0.0,0.0,0.0,0.0,0.0,0.0
B02012,99000000358,Synthetic Census Tract 99000000358,1.0,Total:,0.0,12.919491399314184,+/-14,8.305387328130546,0.0,0.0,0.0,0.0,0.0,0.0,0.0,0.0,0.0,0.0,0.0,0.0,0.0,0.0,0.0,0.0,0.0,0.0,0.0,0.0,0.0,0.0,0.0,0.0,0.0,0.0,0.0,0.0,0.0,0.0,0.0,0.0,0.0,0.0,0.0,0.0,0.0,0.0,0.0,0.0,0.0,0.0,0.0,0.0,0.0,0.0,0.0,0.0,0.0,0.0,0.0,0.0,0.0,0.0,0.0,0.0,0.0,0.0,0.0,0.0,0.0,0.0,0.0,0.0,0.0,0.0,0.0,0.0,0.0,0.0,0.0,0.0,0.0,0.0,0.0,0.0,0.0,0.0,0.0,0.0
B02012,99000000359,Synthetic Census Tract 99000000359,1.0,Total:,0.0,20.929654011975153,+/-20,12.55779240718509,0.0,0.0,0.0,0.0,0.0,0.0,0.0,0.0,0.0,0.0,0.0,0.0,0.0,0.0,0.0,0.0,0.0,0.0,0.0,0.0,0.0,0.0,0.0,0.0,0.0,0.0,0.0,0.0,0.0,0.0,0.0,0.0,0.0,0.0,0.0,0.0,0.0,0.0,0.0,0.0,0.0,0.0,0.0,0.0,0.0,0.0,0.0,0.0,0.0,0.0,0.0,0.0,0.0,0.0,0.0,0.0,0.0,0.0,0.0,0.0,0.0,0.0,0.0,0.0,0.0,0.0,0.0,0.0,0.0,0.0,0.0,0.0,0.0,0.0,0.0,0.0,0.0,0.0,0.0,0.0
B02012,99000000360,Synthetic Census Tract 99000000360,1.0,Total:,22.724408017825898,26.676478977447793,+/-27,16.796301578393056,32.60458541688064,32.60458541688064,23.71242575773137,19.760354798109475,19.760354798109475,24.700443497636844,29.640532197164216,20.74837253801495,18.772337058204002,43.47278055584085,24.700443497636844,15.808283838487581,11.856212878865685,18.772337058204002,16.796301578393056,13.832248358676633,35.56863863659706,26.676478977447793,33.59260315678611,17.78431931829853,11.856212878865685,19.760354798109475,13.832248358676633,37.544674116408004,19.760354798109475,17.78431931829853,21.736390277920425,23.71242575773137,22.724408017825898,20.74837253801495,25.68846123754232,23.71242575773137,31.616567676975162,18.772337058204002,18.772337058204002,35.56863863659706,8.892159659149264,15.808283838487581,14.820266098582108,21.736390277920425,33.59260315678611,15.808283838487581,34.580620896691585,18.772337058204002,16.796301578393056,12.84423061877116,17.78431931829853,11.856212878865685,27.664496717353266,24.700443497636844,21.736390277920425,12.84423061877116,9.880177399054737,17.78431931829853,25.68846123754232,21.736390277920425,31.616567676975162,20.74837253801495,33.59260315678611,24.700443497636844,13.832248358676633,27.664496717353266,14.820266098582108,28.65251445725874,24.700443497636844,25.68846123754232,20.74837253801495,41.4967450760299,23.71242575773137,19.760354798109475,17.78431931829853,33.59260315678611,24.700443497636844,15.808283838487581,23.71242575773137,45.448816035651795,24.700443497636844,42.484762815935376,8.892159659149264,26.676478977447793
B02012,99000000361,Synthetic Census Tract 99000000361,1.0,Total:,0.0,14.14869064675157,+/-14,9.095586844340295,0.0,0.0,0.0,0.0,0.0,0.0,0.0,0.0,0.0,0.0,0.0,0.0,0.0,0.0,0.0,0.0,0.0,0.0,0.0,0.0,0.0,0.0,0.0,0.0,0.0,0.0,0.0,0.0,0.0,0.0,0.0,0.0,0.0,0.0,0.0,0.0,0.0,0.0,0.0,0.0,0.0,0.0,0.0,0.0,0.0,0.0,0.0,0.0,0.0,0.0,0.0,0.0,0.0,0.0,0.0,0.0,0.0,0.0,0.0,0.0,0.0,0.0,0.0,0.0,0.0,0.0,0.0,0.0,0.0,0.0,0.0,0.0,0.0,0.0,0.0,0.0,0.0,0.0,0.0,0.0
B02012,99000000362,Synthetic Census Tract 99000000362,1.0,Total:,0.0,14.4314867465506,+/-14,9.277384337068243,0.0,0.0,0.0,0.0,0.0,0.0,0.0,0.0,0.0,0.0,0.0,0.0,0.0,0.0,0.0,0.0,0.0,0.0,0.0,0.0,0.0,0.0,0.0,0.0,0.0,0.0,0.0,0.0,0.0,0.0,0.0,0.0,0.0,0.0,0.0,0.0,0.0,0.0,0.0,0.0,0.0,0.0,0.0,0.0,0.0,0.0,0.0,0.0,0.0,0.0,0.0,0.0,0.0,0.0,0.0,0.0,0.0,0.0,0.0,0.0,0.0,0.0,0.0,0.0,0.0,0.0,0.0,0.0,0.0,0.0,0.0,0.0,0.0,0.0,0.0,0.0,0.0,0.0,0.0,0.0
B02012,99000000363,Synthetic Census Tract 99000000363,1.0,Total:,0.0,15.315482326775594,+/-14,9.845667210070026,0.0,0.0,0.0,0.0,0.0,0.0,0.0,0.0,0.0,0.0,0.0,0.0,0.0,0.0,0.0,0.0,0.0,0.0,0.0,0.0,0.0,0.0,0.0,0.0,0.0,0.0,0.0,0.0,0.0,0.0,0.0,0.0,0.0,0.0,0.0,0.0,0.0,0.0,0.0,0.0,0.0,0.0,0.0,0.0,0.0,0.0,0.0,0.0,0.0,0.0,0.0,0.0,0.0,0.0,0.0,0.0,0.0,0.0,0.0,0.0,0.0,0.0,0.0,0.0,0.0,0.0,0.0,0.0,0.0,0.0,0.0,0.0,0.0,0.0,0.0,0.0,0.0,0.0,0.0,0.0
B02012,99000000364,Synthetic Census Tract 99000000364,1.0,Total:,0.0,21.9383123257265,+/-20,13.162987395435898,0.0,0.0,0.0,0.0,0.0,0.0,0.0,0.0,0.0,0.0,0.0,0.0,0.0,0.0,0.0,0.0,0.0,0.0,0.0,0.0,0.0,0.0,0.0,0.0,0.0,0.0,0.0,0.0,0.0,0.0,0.0,0.0,0.0,0.0,0.0,0.0,0.0,0.0,0.0,0.0,0.0,0.0,0.0,0.0,0.0,0.0,0.0,0.0,0.0,0.0,0.0,0.0,0.0,0.0,0.0,0.0,0.0,0.0,0.0,0.0,0.0,0.0,0.0,0.0,0.0,0.0,0.0,0.0,0.0,0.0,0.0,0.0,0.0,0.0,0.0,0.0,0.0,0.0,0.0,0.0
B02012,99000000365,Synthetic Census Tract 99000000365,1.0,Total:,26.81407817473227,42.13640856029357,+/-44,24.89878687653711,34.47524336751292,27.771723823829852,11.491747789170972,9.576456490975811,27.771723823829852,27.771723823829852,26.81407817473227,24.89878687653711,28.729369472927434,46.924636805781475,23.941141227439527,10.534102140073392,39.263471613000824,27.771723823829852,59.374030244050026,28.729369472927434,9.576456490975811,22.983495578341945,9.576456490975811,36.39053466570808,37.34818031480566,27.771723823829852,9.576456490975811,11.491747789170972,27.771723823829852,29.687015122025013,28.729369472927434,29.687015122025013,35.4328890166105,52.67051070036696,25.85643252563469,12.449393438268554,38.305825963903246,38.305825963903246,42.13640856029357,28.729369472927434,13.407039087366135,24.89878687653711,10.534102140073392,11.491747789170972,8.61881084187823,41.17876291119599,58.41638459495245,26.81407817473227,30.644660771122595,25.85643252563469,32.55995206931776,32.55995206931776,25.85643252563469,9.576456490975811,26.81407817473227,34.47524336751292,12.449393438268554,45.00934550758631,9.576456490975811,27.771723823829852,34.47524336751292,33.51759771841534,64.16225848953793,8.61881084187823,9.576456490975811,23.941141227439527,35.4328890166105,26.81407817473227,25.85643252563469,24.89878687653711,26.81407817473227,28.729369472927434,24.89878687653711,14.364684736463717,23.941141227439527,34.47524336751292,13.407039087366135,32.55995206931776,8.61881084187823,20.1105586310492,37.34818031480566,32.55995206931776,46.924636805781475,48.83992810397664
B02012,99000000366,Synthetic Census Tract 99000000366,1.0,Total:,0.0,14.654509792826165,+/-14,9.42075629538825,0.0,0.0,0.0,0.0,0.0,0.0,0.0,0.0,0.0,0.0,0.0,0.0,0.0,0.0,0.0,0.0,0.0,0.0,0.0,0.0,0.0,0.0,0.0,0.0,0.0,0.0,0.0,0.0,0.0,0.0,0.0,0.0,0.0,0.0,0.0,0.0,0.0,0.0,0.0,0.0,0.0,0.0,0.0,0.0,0.0,0.0,0.0,0.0,0.0,0.0,0.0,0.0,0.0,0.0,0.0,0.0,0.0,0.0,0.0,0.0,0.0,0.0,0.0,0.0,0.0,0.0,0.0,0.0,0.0,0.0,0.0,0.0,0.0,0.0,0.0,0.0,0.0,0.0,0.0,0.0
B02012,99000000367,Synthetic Census Tract 99000000367,1.0,Total:,0.0,14.699953906218752,+/-14,9.449970368283484,0.0,0.0,0.0,0.0,0.0,0.0,0.0,0.0,0.0,0.0,0.0,0.0,0.0,0.0,0.0,0.0,0.0,0.0,0.0,0.0,0.0,0.0,0.0,0.0,0.0,0.0,0.0,0.0,0.0,0.0,0.0,0.0,0.0,0.0,0.0,0.0,0.0,0.0,0.0,0.0,0.0,0.0,0.0,0.0,0.0,0.0,0.0,0.0,0.0,0.0,0.0,0.0,0.0,0.0,0.0,0.0,0.0,0.0,0.0,0.0,0.0,0.0,0.0,0.0,0.0,0.0,0.0,0.0,0.0,0.0,0.0,0.0,0.0,0.0,0.0,0.0,0.0,0.0,0.0,0.0
B02012,99000000368,Synthetic Census Tract 99000000368,1.0,Total:,0.0,19.385971445252196,+/-20,11.631582867151318,0.0,0.0,0.0,0.0,0.0,0.0,0.0,0.0,0.0,0.0,0.0,0.0,0.0,0.0,0.0,0.0,0.0,0.0,0.0,0.0,0.0,0.0,0.0,0.0,0.0,0.0,0.0,0.0,0.0,0.0,0.0,0.0,0.0,0.0,0.0,0.0,0.0,0.0,0.0,0.0,0.0,0.0,0.0,0.0,0.0,0.0,0.0,0.0,0.0,0.0,0.0,0.0,0.0,0.0,0.0,0.0,0.0,0.0,0.0,0.0,0.0,0.0,0.0,0.0,0.0,0.0,0.0,0.0,0.0,0.0,0.0,0.0,0.0,0.0,0.0,0.0,0.0,0.0,0.0,0.0
B02012,99000000369,Synthetic Census Tract 99000000369,1.0,Total:,0.0,12.94683536961982,+/-14,8.322965594755598,0.0,0.0,0.0,0.0,0.0,0.0,0.0,0.0,0.0,0.0,0.0,0.0,0.0,0.0,0.0,0.0,0.0,0.0,0.0,0.0,0.0,0.0,0.0,0.0,0.0,0.0,0.0,0.0,0.0,0.0,0.0,0.0,0.0,0.0,0.0,0.0,0.0,0.0,0.0,0.0,0.0,0.0,0.0,0.0,0.0,0.0,0.0,0.0,0.0,0.0,0.0,0.0,0.0,0.0,0.0,0.0,0.0,0.0,0.0,0.0,0.0,0.0,0.0,0.0,0.0,0.0,0.0,0.0,0.0,0.0,0.0,0.0,0.0,0.0,0.0,0.0,0.0,0.0,0.0,0.0
B02012,99000000370,Synthetic Census Tract 99000000370,1.0,Total:,0.0,12.714651488800015,+/-14,8.173704528514296,0.0,0.0,0.0,0.0,0.0,0.0,0.0,0.0,0.0,0.0,0.0,0.0,0.0,0.0,0.0,0.0,0.0,0.0,0.0,0.0,0.0,0.0,0.0,0.0,0.0,0.0,0.0,0.0,0.0,0.0,0.0,0.0,0.0,0.0,0.0,0.0,0.0,0.0,0.0,0.0,0.0,0.0,0.0,0.0,0.0,0.0,0.0,0.0,0.0,0.0,0.0,0.0,0.0,0.0,0.0,0.0,0.0,0.0,0.0,0.0,0.0,0.0,0.0,0.0,0.0,0.0,0.0,0.0,0.0,0.0,0.0,0.0,0.0,0.0,0.0,0.0,0.0,0.0,0.0,0.0
B02012,99000000371,Synthetic Census Tract 99000000371,1.0,Total:,0.0,14.776560757081702,+/-14,9.499217629552522,0.0,0.0,0.0,0.0,0.0,0.0,0.0,0.0,0.0,0.0,0.0,0.0,0.0,0.0,0.0,0.0,0.0,0.0,0.0,0.0,0.0,0.0,0.0,0.0,0.0,0.0,0.0,0.0,0.0,0.0,0.0,0.0,0.0,0.0,0.0,0.0,0.0,0.0,0.0,0.0,0.0,0.0,0.0,0.0,0.0,0.0,0.0,0.0,0.0,0.0,0.0,0.0,0.0,0.0,0.0,0.0,0.0,0.0,0.0,0.0,0.0,0.0,0.0,0.0,0.0,0.0,0.0,0.0,0.0,0.0,0.0,0.0,0.0,0.0,0.0,0.0,0.0,0.0,0.0,0.0
B02012,99000000372,Synthetic Census Tract 99000000372,1.0,Total:,0.0,13.971159277087338,+/-14,8.981459535270432,0.0,0.0,0.0,0.0,0.0,0.0,0.0,0.0,0.0,0.0,0.0,0.0,0.0,0.0,0.0,0.0,0.0,0.0,0.0,0.0,0.0,0.0,0.0,0.0,0.0,0.0,0.0,0.0,0.0,0.0,0.0,0.0,0.0,0.0,0.0,0.0,0.0,0.0,0.0,0.0,0.0,0.0,0.0,0.0,0.0,0.0,0.0,0.0,0.0,0.0,0.0,0.0,0.0,0.0,0.0,0.0,0.0,0.0,0.0,0.0,0.0,0.0,0.0,0.0,0.0,0.0,0.0,0.0,0.0,0.0,0.0,0.0,0.0,0.0,0.0,0.0,0.0,0.0,0.0,0.0
B02012,99000000373,Synthetic Census Tract 99000000373,1.0,Total:,0.0,15.359512474585795,+/-14,9.873972305090868,0.0,0.0,0.0,0.0,0.0,0.0,0.0,0.0,0.0,0.0,0.0,0.0,0.0,0.0,0.0,0.0,0.0,0.0,0.0,0.0,0.0,0.0,0.0,0.0,0.0,0.0,0.0,0.0,0.0,0.0,0.0,0.0,0.0,0.0,0.0,0.0,0.0,0.0,0.0,0.0,0.0,0.0,0.0,0.0,0.0,0.0,0.0,0.0,0.0,0.0,0.0,0.0,0.0,0.0,0.0,0.0,0.0,0.0,0.0,0.0,0.0,0.0,0.0,0.0,0.0,0.0,0.0,0.0,0.0,0.0,0.0,0.0,0.0,0.0,0.0,0.0,0.0,0.0,0.0,0.0
B02012,99000000374,Synthetic Census Tract 99000000374,1.0,Total:,0.0,13.901925677342229,+/-14,8.936952221148577,0.0,0.0,0.0,0.0,0.0,0.0,0.0,0.0,0.0,0.0,0.0,0.0,0.0,0.0,0.0,0.0,0.0,0.0,0.0,0.0,0.0,0.0,0.0,0.0,0.0,0.0,0.0,0.0,0.0,0.0,0.0,0.0,0.0,0.0,0.0,0.0,0.0,0.0,0.0,0.0,0.0,0.0,0.0,0.0,0.0,0.0,0.0,0.0,0.0,0.0,0.0,0.0,0.0,0.0,0.0,0.0,0.0,0.0,0.0,0.0,0.0,0.0,0.0,0.0,0.0,0.0,0.0,0.0,0.0,0.0,0.0,0.0,0.0,0.0,0.0,0.0,0.0,0.0,0.0,0.0
B02012,99000000375,Synthetic Census Tract 99000000375,1.0,Total:,0.0,21.91166791629536,+/-20,13.147000749777217,0.0,0.0,0.0,0.0,0.0,0.0,0.0,0.0,0.0,0.0,0.0,0.0,0.0,0.0,0.0,0.0,0.0,0.0,0.0,0.0,0.0,0.0,0.0,0.0,0.0,0.0,0.0,0.0,0.0,0.0,0.0,0.0,0.0,0.0,0.0,0.0,0.0,0.0,0.0,0.0,0.0,0.0,0.0,0.0,0.0,0.0,0.0,0.0,0.0,0.0,0.0,0.0,0.0,0.0,0.0,0.0,0.0,0.0,0.0,0.0,0.0,0.0,0.0,0.0,0.0,0.0,0.0,0.0,0.0,0.0,0.0,0.0,0.0,0.0,0.0,0.0,0.0,0.0,0.0,0.0
B02012,99000000376,Synthetic Census Tract 99000000376,1.0,Total:,0.0,19.64630400877624,+/-20,11.787782405265745,0.0,0.0,0.0,0.0,0.0,0.0,0.0,0.0,0.0,0.0,0.0,0.0,0.0,0.0,0.0,0.0,0.0,0.0,0.0,0.0,0.0,0.0,0.0,0.0,0.0,0.0,0.0,0.0,0.0,0.0,0.0,0.0,0.0,0.0,0.0,0.0,0.0,0.0,0.0,0.0,0.0,0.0,0.0,0.0,0.0,0.0,0.0,0.0,0.0,0.0,0.0,0.0,0.0,0.0,0.0,0.0,0.0,0.0,0.0,0.0,0.0,0.0,0.0,0.0,0.0,0.0,0.0,0.0,0.0,0.0,0.0,0.0,0.0,0.0,0.0,0.0,0.0,0.0,0.0,0.0
B02012,99000000377,Synthetic Census Tract 99000000377,1.0,Total:,0.0,21.17472860223989,+/-20,12.704837161343935,0.0,0.0,0.0,0.0,0.0,0.0,0.0,0.0,0.0,0.0,0.0,0.0,0.0,0.0,0.0,0.0,0.0,0.0,0.0,0.0,0.0,0.0,0.0,0.0,0.0,0.0,0.0,0.0,0.0,0.0,0.0,0.0,0.0,0.0,0.0,0.0,0.0,0.0,0.0,0.0,0.0,0.0,0.0,0.0,0.0,0.0,0.0,0.0,0.0,0.0,0.0,0.0,0.0,0.0,0.0,0.0,0.0,0.0,0.0,0.0,0.0,0.0,0.0,0.0,0.0,0.0,0.0,0.0,0.0,0.0,0.0,0.0,0.0,0.0,0.0,0.0,0.0,0.0,0.0,0.0
B02012,99000000378,Synthetic Census Tract 99000000378,1.0,Total:,48.599084286505416,77.94192762930115,+/-85,47.68212043204305,84.36067461053771,62.353542103440915,44.01426501419358,69.68925293913985,37.595518032957024,55.01783126774198,43.097301159731224,46.76515657758068,44.93122886865595,11.920530108010762,56.851758976666716,26.591951779408625,63.27050595790328,55.01783126774198,15.588385525860229,44.93122886865595,76.10799992037641,28.425879488333358,15.588385525860229,70.60621679360221,90.77942159177427,47.68212043204305,53.18390355881725,96.28120471854847,50.43301199543015,77.94192762930115,44.93122886865595,38.51248188741939,57.76872283112908,13.754457816935496,41.26337345080649,22.00713250709679,40.346409596344124,40.346409596344124,22.924096361559158,52.26693970435488,66.02139752129038,17.422313234784962,15.588385525860229,83.44371075607535,73.35710835698931,39.42944574188176,47.68212043204305,93.53031315516137,62.353542103440915,75.19103606591405,52.26693970435488,48.599084286505416,52.26693970435488,12.837493962473129,57.76872283112908,13.754457816935496,45.848192723118316,48.599084286505416,14.671421671397862,67.85532523021512,70.60621679360221,11.920530108010762,16.505349380322595,80.69281919268825,77.94192762930115,37.595518032957024,55.93479512220435,102.69995169978503,61.43657824897855,99.03209628193557,48.599084286505416,46.76515657758068,50.43301199543015,22.00713250709679,44.01426501419358,11.003566253548396,50.43301199543015,40.346409596344124,11.003566253548396,47.68212043204305,75.19103606591405,13.754457816935496,16.505349380322595,58.68568668559145
B02012,99000000379,Synthetic Census Tract 99000000379,1.0,Total:,0.0,20.221846840551056,+/-20,12.133108104330635,0.0,0.0,0.0,0.0,0.0,0.0,0.0,0.0,0.0,0.0,0.0,0.0,0.0,0.0,0.0,0.0,0.0,0.0,0.0,0.0,0.0,0.0,0.0,0.0,0.0,0.0,0.0,0.0,0.0,0.0,0.0,0.0,0.0,0.0,0.0,0.0,0.0,0.0,0.0,0.0,0.0,0.0,0.0,0.0,0.0,0.0,0.0,0.0,0.0,0.0,0.0,0.0,0.0,0.0,0.0,0.0,0.0,0.0,0.0,0.0,0.0,0.0,0.0,0.0,0.0,0.0,0.0,0.0,0.0,0.0,0.0,0.0,0.0,0.0,0.0,0.0,0.0,0.0,0.0,0.0
B02012,99000000380,Synthetic Census Tract 99000000380,1.0,Total:,0.0,14.845767403560028,+/-14,9.543707616574304,0.0,0.0,0.0,0.0,0.0,0.0,0.0,0.0,0.0,0.0,0.0,0.0,0.0,0.0,0.0,0.0,0.0,0.0,0.0,0.0,0.0,0.0,0.0,0.0,0.0,0.0,0.0,0.0,0.0,0.0,0.0,0.0,0.0,0.0,0.0,0.0,0.0,0.0,0.0,0.0,0.0,0.0,0.0,0.0,0.0,0.0,0.0,0.0,0.0,0.0,0.0,0.0,0.0,0.0,0.0,0.0,0.0,0.0,0.0,0.0,0.0,0.0,0.0,0.0,0.0,0.0,0.0,0.0,0.0,0.0,0.0,0.0,0.0,0.0,0.0,0.0,0.0,0.0,0.0,0.0
B02012,99000000381,Synthetic Census Tract 99000000381,1.0,Total:,0.0,15.189164668215689,+/-14,9.7644630009958,0.0,0.0,0.0,0.0,0.0,0.0,0.0,0.0,0.0,0.0,0.0,0.0,0.0,0.0,0.0,0.0,0.0,0.0,0.0,0.0,0.0,0.0,0.0,0.0,0.0,0.0,0.0,0.0,0.0,0.0,0.0,0.0,0.0,0.0,0.0,0.0,0.0,0.0,0.0,0.0,0.0,0.0,0.0,0.0,0.0,0.0,0.0,0.0,0.0,0.0,0.0,0.0,0.0,0.0,0.0,0.0,0.0,0.0,0.0,0.0,0.0,0.0,0.0,0.0,0.0,0.0,0.0,0.0,0.0,0.0,0.0,0.0,0.0,0.0,0.0,0.0,0.0,0.0,0.0,0.0
B02012,99000000382,Synthetic Census Tract 99000000382,1.0,Total:,0.0,21.290332362469726,+/-20,12.774199417481837,0.0,0.0,0.0,0.0,0.0,0.0,0.0,0.0,0.0,0.0,0.0,0.0,0.0,0.0,0.0,0.0,0.0,0.0,0.0,0.0,0.0,0.0,0.0,0.0,0.0,0.0,0.0,0.0,0.0,0.0,0.0,0.0,0.0,0.0,0.0,0.0,0.0,0.0,0.0,0.0,0.0,0.0,0.0,0.0,0.0,0.0,0.0,0.0,0.0,0.0,0.0,0.0,0.0,0.0,0.0,0.0,0.0,0.0,0.0,0.0,0.0,0.0,0.0,0.0,0.0,0.0,0.0,0.0,0.0,0.0,0.0,0.0,0.0,0.0,0.0,0.0,0.0,0.0,0.0,0.0
B02012,99000000383,Synthetic Census Tract 99000000383,1.0,Total:,17.240488763364464,30.851400944967985,+/-34,19.055277054244932,27.22182436320705,17.240488763364464,22.684853636005872,18.147882908804696,5.444364872641409,17.240488763364464,4.536970727201174,5.444364872641409,24.49964192688634,14.518306327043758,40.83273654481057,19.055277054244932,38.110554108489865,29.944006799527752,13.610912181603524,39.0179482539301,4.536970727201174,6.351759018081644,18.147882908804696,24.49964192688634,20.870065345125404,25.407036072326576,8.166547308962114,11.796123890723054,34.48097752672893,17.240488763364464,36.29576581760939,29.944006799527752,4.536970727201174,25.407036072326576,5.444364872641409,22.684853636005872,16.33309461792423,3.6295765817609396,16.33309461792423,8.166547308962114,31.75879509040822,21.777459490565636,17.240488763364464,16.33309461792423,26.314430217766812,12.703518036163288,11.796123890723054,11.796123890723054,21.777459490565636,19.96267119968517,27.22182436320705,24.49964192688634,8.166547308962114,20.870065345125404,6.351759018081644,18.147882908804696,19.96267119968517,3.6295765817609396,19.055277054244932,10.888729745282818,35.388371672169164,23.59224778144611,17.240488763364464,19.055277054244932,19.96267119968517,20.870065345125404,23.59224778144611,19.055277054244932,8.166547308962114,23.59224778144611,7.259153163521879,4.536970727201174,21.777459490565636,17.240488763364464,31.75879509040822,26.314430217766812,22.684853636005872,27.22182436320705,13.610912181603524,32.66618923584846,3.6295765817609396,6.351759018081644,19.055277054244932,18.147882908804696
B02012,99000000384,Synthetic Census Tract 99000000384,1.0,Total:,197.83171505705343,259.2277645575183,+/-266,157.8755558583382,132.53750368354318,91.60680401656661,321.59835452624446,170.5445819457357,278.71857392274524,86.73410167525988,179.31544616008782,79.91231839743044,76.01415652438506,275.7949525179612,310.87840937536964,241.68603612881404,217.32252442228037,224.14430770010978,157.8755558583382,76.01415652438506,262.1513859623023,168.59550100921302,193.93355318400802,292.36214047840406,202.70441739836016,113.04669431831624,229.99155050967786,169.57004147747435,238.76241472402998,182.23906756487187,181.26452709661052,56.52334715915812,60.42150903220351,286.514897668836,328.4201378040739,178.3409056918265,253.38052174795018,191.009931779224,223.16976723184843,90.63226354830526,265.07500736708636,188.08631037443996,149.1046916439861,314.77657124841505,198.80625552531475,90.63226354830526,225.11884816837113,225.11884816837113,163.7227986679063,123.76663946919105,219.27160535880304,72.11599465133968,93.5558849530893,328.4201378040739,302.1075451610175,240.71149566055269,173.46820335051976,198.80625552531475,180.28998662834917,63.345130436987546,209.52620067618957,167.62096054095167,196.85717458879208,275.7949525179612,165.67187960442897,72.11599465133968,306.9802475023243,222.1952267635871,215.37344348575766,60.42150903220351,195.88263412053072,84.78502073873717,84.78502073873717,334.267380613642,267.02408830360906,242.66057659707536,189.06085084270129,301.1330046927562,131.56296321528183,64.3196709052489,278.71857392274524,172.4936628822584,245.58419800185942,295.2857618831881
B02012,99000000385,Synthetic Census Tract 99000000385,1.0,Total:,0.0,12.736355722478784,+/-14,8.187657250164932,0.0,0.0,0.0,0.0,0.0,0.0,0.0,0.0,0.0,0.0,0.0,0.0,0.0,0.0,0.0,0.0,0.0,0.0,0.0,0.0,0.0,0.0,0.0,0.0,0.0,0.0,0.0,0.0,0.0,0.0,0.0,0.0,0.0,0.0,0.0,0.0,0.0,0.0,0.0,0.0,0.0,0.0,0.0,0.0,0.0,0.0,0.0,0.0,0.0,0.0,0.0,0.0,0.0,0.0,0.0,0.0,0.0,0.0,0.0,0.0,0.0,0.0,0.0,0.0,0.0,0.0,0.0,0.0,0.0,0.0,0.0,0.0,0.0,0.0,0.0,0.0,0.0,0.0,0.0,0.0
B02012,99000000386,Synthetic Census Tract 99000000386,1.0,Total:,0.0,12.905990415120762,+/-14,8.296708124006205,0.0,0.0,0.0,0.0,0.0,0.0,0.0,0.0,0.0,0.0,0.0,0.0,0.0,0.0,0.0,0.0,0.0,0.0,0.0,0.0,0.0,0.0,0.0,0.0,0.0,0.0,0.0,0.0,0.0,0.0,0.0,0.0,0.0,0.0,0.0,0.0,0.0,0.0,0.0,0.0,0.0,0.0,0.0,0.0,0.0,0.0,0.0,0.0,0.0,0.0,0.0,0.0,0.0,0.0,0.0,0.0,0.0,0.0,0.0,0.0,0.0,0.0,0.0,0.0,0.0,0.0,0.0,0.0,0.0,0.0,0.0,0.0,0.0,0.0,0.0,0.0,0.0,0.0,0.0,0.0
B02012,99000000387,Synthetic Census Tract 99000000387,1.0,Total:,13.45579463453546,24.841467017603925,+/-24,14.490855760268957,14.490855760268957,6.210366754400981,13.45579463453546,6.210366754400981,5.175305628667485,30.016772646271413,18.631100263202946,10.35061125733497,13.45579463453546,14.490855760268957,13.45579463453546,4.140244502933988,26.91158926907092,13.45579463453546,11.385672383068467,14.490855760268957,5.175305628667485,18.631100263202946,10.35061125733497,25.876528143337424,11.385672383068467,4.140244502933988,12.420733508801963,4.140244502933988,5.175305628667485,18.631100263202946,26.91158926907092,19.66616138893644,14.490855760268957,13.45579463453546,21.736283640403435,4.140244502933988,23.80640589187043,13.45579463453546,18.631100263202946,18.631100263202946,3.1051833772004906,20.70122251466994,21.736283640403435,16.56097801173595,18.631100263202946,5.175305628667485,16.56097801173595,7.2454278801344785,6.210366754400981,31.05183377200491,15.525916886002454,11.385672383068467,18.631100263202946,13.45579463453546,12.420733508801963,4.140244502933988,32.086894897738404,15.525916886002454,14.490855760268957,16.56097801173595,6.210366754400981,22.771344766136934,10.35061125733497,21.736283640403435,12.420733508801963,4.140244502933988,11.385672383068467,4.140244502933988,4.140244502933988,15.525916886002454,36.22713940067239,14.490855760268957,14.490855760268957,16.56097801173595,16.56097801173595,4.140244502933988,16.56097801173595,17.596039137469447,15.525916886002454,16.56097801173595,5.175305628667485,19.66616138893644,20.70122251466994,23.80640589187043
B02012,99000000388,Synthetic Census Tract 99000000388,1.0,Total:,0.0,14.597122949672755,+/-14,9.383864753361058,0.0,0.0,0.0,0.0,0.0,0.0,0.0,0.0,0.0,0.0,0.0,0.0,0.0,0.0,0.0,0.0,0.0,0.0,0.0,0.0,0.0,0.0,0.0,0.0,0.0,0.0,0.0,0.0,0.0,0.0,0.0,0.0,0.0,0.0,0.0,0.0,0.0,0.0,0.0,0.0,0.0,0.0,0.0,0.0,0.0,0.0,0.0,0.0,0.0,0.0,0.0,0.0,0.0,0.0,0.0,0.0,0.0,0.0,0.0,0.0,0.0,0.0,0.0,0.0,0.0,0.0,0.0,0.0,0.0,0.0,0.0,0.0,0.0,0.0,0.0,0.0,0.0,0.0,0.0,0.0
B02012,99000000389,Synthetic Census Tract 99000000389,1.0,Total:,0.0,14.766417911704556,+/-14,9.49269722895293,0.0,0.0,0.0,0.0,0.0,0.0,0.0,0.0,0.0,0.0,0.0,0.0,0.0,0.0,0.0,0.0,0.0,0.0,0.0,0.0,0.0,0.0,0.0,0.0,0.0,0.0,0.0,0.0,0.0,0.0,0.0,0.0,0.0,0.0,0.0,0.0,0.0,0.0,0.0,0.0,0.0,0.0,0.0,0.0,0.0,0.0,0.0,0.0,0.0,0.0,0.0,0.0,0.0,0.0,0.0,0.0,0.0,0.0,0.0,0.0,0.0,0.0,0.0,0.0,0.0,0.0,0.0,0.0,0.0,0.0,0.0,0.0,0.0,0.0,0.0,0.0,0.0,0.0,0.0,0.0
B02012,99000000390,Synthetic Census Tract 99000000390,1.0,Total:,0.0,15.023278334555854,+/-14,9.657821786500193,0.0,0.0,0.0,0.0,0.0,0.0,0.0,0.0,0.0,0.0,0.0,0.0,0.0,0.0,0.0,0.0,0.0,0.0,0.0,0.0,0.0,0.0,0.0,0.0,0.0,0.0,0.0,0.0,0.0,0.0,0.0,0.0,0.0,0.0,0.0,0.0,0.0,0.0,0.0,0.0,0.0,0.0,0.0,0.0,0.0,0.0,0.0,0.0,0.0,0.0,0.0,0.0,0.0,0.0,0.0,0.0,0.0,0.0,0.0,0.0,0.0,0.0,0.0,0.0,0.0,0.0,0.0,0.0,0.0,0.0,0.0,0.0,0.0,0.0,0.0,0.0,0.0,0.0,0.0,0.0
B02012,99000000391,Synthetic Census Tract 99000000391,1.0,Total:,55.537973565851004,89.07033496410067,+/-85,54.490087272155705,96.40553901996778,71.25626797128054,50.298542097374494,79.63935832084294,42.96333804150738,62.87317762171811,49.250655803679194,53.4422009784604,51.34642839106979,13.622521818038926,64.96895020910873,30.388702517163757,72.30415426497584,62.87317762171811,17.814066992820134,51.34642839106979,86.97456237671007,32.48447510455436,17.814066992820134,80.68724461453824,103.7407430758349,54.490087272155705,60.777405034327515,110.02806083800671,57.63374615324161,89.07033496410067,51.34642839106979,44.011224335202684,66.01683650280403,15.718294405429528,47.15488321628859,25.149271048687247,46.10699692259328,46.10699692259328,26.19715734238255,59.72951874063221,75.44781314606175,19.909839580210736,17.814066992820134,95.35765272627248,83.83090349562416,45.05911062889798,54.490087272155705,106.8844019569208,71.25626797128054,85.92667608301475,59.72951874063221,55.537973565851004,59.72951874063221,14.670408111734227,66.01683650280403,15.718294405429528,52.3943146847651,55.537973565851004,16.76618069912483,77.54358573345235,80.68724461453824,13.622521818038926,18.861953286515437,92.21399384518656,89.07033496410067,42.96333804150738,63.92106391541342,117.36326489387382,70.20838167758524,113.17171971909261,55.537973565851004,53.4422009784604,57.63374615324161,25.149271048687247,50.298542097374494,12.574635524343623,57.63374615324161,46.10699692259328,12.574635524343623,54.490087272155705,85.92667608301475,15.718294405429528,18.861953286515437,67.06472279649932
B02012,99000000392,Synthetic Census Tract 99000000392,1.0,Total:,61.49011046843694,83.7537711552848,+/-79,50.888367284223676,76.33255092633551,18.02296341316255,29.684880915797144,15.902614776319899,22.263660686847857,63.610459105279595,22.263660686847857,75.27237660791418,24.384009323690513,82.69359683686348,58.309587513172964,73.15202797107153,79.5130738815995,36.0459268263251,32.865403871061126,76.33255092633551,87.99446842897011,22.263660686847857,53.008715921066326,46.64767001053837,60.429936150015614,65.73080774212225,68.91133069738623,54.06889023948766,53.008715921066326,87.99446842897011,75.27237660791418,77.39272524475685,74.21220228949286,95.41568865791939,63.610459105279595,87.99446842897011,127.22091821055919,51.948541602645,56.18923887633031,83.7537711552848,44.52732137369571,61.49011046843694,80.57324820002083,22.263660686847857,68.91133069738623,20.143312050005207,29.684880915797144,18.02296341316255,23.323835005269185,55.12906455790898,32.865403871061126,91.17499138423409,21.203486368426532,67.8511563789649,47.707844328959695,50.888367284223676,69.97150501580755,24.384009323690513,20.143312050005207,60.429936150015614,78.45289956317816,20.143312050005207,57.24941319475164,53.008715921066326,62.55028478685827,79.5130738815995,85.87411979212746,56.18923887633031,95.41568865791939,60.429936150015614,57.24941319475164,109.19795479739663,58.309587513172964,100.71656025002602,81.63342251844215,79.5130738815995,92.23516570265541,92.23516570265541,56.18923887633031,72.0918536526502,89.05464274739143,59.36976183159429,83.7537711552848,19.08313773158388
B02012,99000000393,Synthetic Census Tract 99000000393,1.0,Total:,0.0,12.737098387505181,+/-14,8.188134677681903,0.0,0.0,0.0,0.0,0.0,0.0,0.0,0.0,0.0,0.0,0.0,0.0,0.0,0.0,0.0,0.0,0.0,0.0,0.0,0.0,0.0,0.0,0.0,0.0,0.0,0.0,0.0,0.0,0.0,0.0,0.0,0.0,0.0,0.0,0.0,0.0,0.0,0.0,0.0,0.0,0.0,0.0,0.0,0.0,0.0,0.0,0.0,0.0,0.0,0.0,0.0,0.0,0.0,0.0,0.0,0.0,0.0,0.0,0.0,0.0,0.0,0.0,0.0,0.0,0.0,0.0,0.0,0.0,0.0,0.0,0.0,0.0,0.0,0.0,0.0,0.0,0.0,0.0,0.0,0.0
B02012,99000000394,Synthetic Census Tract 99000000394,1.0,Total:,0.0,18.938140601765195,+/-20,11.362884361059116,0.0,0.0,0.0,0.0,0.0,0.0,0.0,0.0,0.0,0.0,0.0,0.0,0.0,0.0,0.0,0.0,0.0,0.0,0.0,0.0,0.0,0.0,0.0,0.0,0.0,0.0,0.0,0.0,0.0,0.0,0.0,0.0,0.0,0.0,0.0,0.0,0.0,0.0,0.0,0.0,0.0,0.0,0.0,0.0,0.0,0.0,0.0,0.0,0.0,0.0,0.0,0.0,0.0,0.0,0.0,0.0,0.0,0.0,0.0,0.0,0.0,0.0,0.0,0.0,0.0,0.0,0.0,0.0,0.0,0.0,0.0,0.0,0.0,0.0,0.0,0.0,0.0,0.0,0.0,0.0
B02012,99000000395,Synthetic Census Tract 99000000395,1.0,Total:,0.0,14.341313765450689,+/-14,9.219415992075442,0.0,0.0,0.0,0.0,0.0,0.0,0.0,0.0,0.0,0.0,0.0,0.0,0.0,0.0,0.0,0.0,0.0,0.0,0.0,0.0,0.0,0.0,0.0,0.0,0.0,0.0,0.0,0.0,0.0,0.0,0.0,0.0,0.0,0.0,0.0,0.0,0.0,0.0,0.0,0.0,0.0,0.0,0.0,0.0,0.0,0.0,0.0,0.0,0.0,0.0,0.0,0.0,0.0,0.0,0.0,0.0,0.0,0.0,0.0,0.0,0.0,0.0,0.0,0.0,0.0,0.0,0.0,0.0,0.0,0.0,0.0,0.0,0.0,0.0,0.0,0.0,0.0,0.0,0.0,0.0
B02012,99000000396,Synthetic Census Tract 99000000396,1.0,Total:,0.0,15.002750852949506,+/-14,9.644625548324683,0.0,0.0,0.0,0.0,0.0,0.0,0.0,0.0,0.0,0.0,0.0,0.0,0.0,0.0,0.0,0.0,0.0,0.0,0.0,0.0,0.0,0.0,0.0,0.0,0.0,0.0,0.0,0.0,0.0,0.0,0.0,0.0,0.0,0.0,0.0,0.0,0.0,0.0,0.0,0.0,0.0,0.0,0.0,0.0,0.0,0.0,0.0,0.0,0.0,0.0,0.0,0.0,0.0,0.0,0.0,0.0,0.0,0.0,0.0,0.0,0.0,0.0,0.0,0.0,0.0,0.0,0.0,0.0,0.0,0.0,0.0,0.0,0.0,0.0,0.0,0.0,0.0,0.0,0.0,0.0
B02012,99000000397,Synthetic Census Tract 99000000397,1.0,Total:,0.0,18.01800049975864,+/-20,10.810800299855183,0.0,0.0,0.0,0.0,0.0,0.0,0.0,0.0,0.0,0.0,0.0,0.0,0.0,0.0,0.0,0.0,0.0,0.0,0.0,0.0,0.0,0.0,0.0,0.0,0.0,0.0,0.0,0.0,0.0,0.0,0.0,0.0,0.0,0.0,0.0,0.0,0.0,0.0,0.0,0.0,0.0,0.0,0.0,0.0,0.0,0.0,0.0,0.0,0.0,0.0,0.0,0.0,0.0,0.0,0.0,0.0,0.0,0.0,0.0,0.0,0.0,0.0,0.0,0.0,0.0,0.0,0.0,0.0,0.0,0.0,0.0,0.0,0.0,0.0,0.0,0.0,0.0,0.0,0.0,0.0
B02012,99000000398,Synthetic Census Tract 99000000398,1.0,Total:,0.0,14.04096215792578,+/-14,9.02633281580943,0.0,0.0,0.0,0.0,0.0,0.0,0.0,0.0,0.0,0.0,0.0,0.0,0.0,0.0,0.0,0.0,0.0,0.0,0.0,0.0,0.0,0.0,0.0,0.0,0.0,0.0,0.0,0.0,0.0,0.0,0.0,0.0,0.0,0.0,0.0,0.0,0.0,0.0,0.0,0.0,0.0,0.0,0.0,0.0,0.0,0.0,0.0,0.0,0.0,0.0,0.0,0.0,0.0,0.0,0.0,0.0,0.0,0.0,0.0,0.0,0.0,0.0,0.0,0.0,0.0,0.0,0.0,0.0,0.0,0.0,0.0,0.0,0.0,0.0,0.0,0.0,0.0,0.0,0.0,0.0
B02012,99000000399,Synthetic Census Tract 99000000399,1.0,Total:,0.0,14.496404718220314,+/-14,9.319117318855916,0.0,0.0,0.0,0.0,0.0,0.0,0.0,0.0,0.0,0.0,0.0,0.0,0.0,0.0,0.0,0.0,0.0,0.0,0.0,0.0,0.0,0.0,0.0,0.0,0.0,0.0,0.0,0.0,0.0,0.0,0.0,0.0,0.0,0.0,0.0,0.0,0.0,0.0,0.0,0.0,0.0,0.0,0.0,0.0,0.0,0.0,0.0,0.0,0.0,0.0,0.0,0.0,0.0,0.0,0.0,0.0,0.0,0.0,0.0,0.0,0.0,0.0,0.0,0.0,0.0,0.0,0.0,0.0,0.0,0.0,0.0,0.0,0.0,0.0,0.0,0.0,0.0,0.0,0.0,0.0
B02012,99000000400,Synthetic Census Tract 99000000400,1.0,Total:,0.0,12.682900409560117,+/-14,8.153293120431504,0.0,0.0,0.0,0.0,0.0,0.0,0.0,0.0,0.0,0.0,0.0,0.0,0.0,0.0,0.0,0.0,0.0,0.0,0.0,0.0,0.0,0.0,0.0,0.0,0.0,0.0,0.0,0.0,0.0,0.0,0.0,0.0,0.0,0.0,0.0,0.0,0.0,0.0,0.0,0.0,0.0,0.0,0.0,0.0,0.0,0.0,0.0,0.0,0.0,0.0,0.0,0.0,0.0,0.0,0.0,0.0,0.0,0.0,0.0,0.0,0.0,0.0,0.0,0.0,0.0,0.0,0.0,0.0,0.0,0.0,0.0,0.0,0.0,0.0,0.0,0.0,0.0,0.0,0.0,0.0
B02012,99000000401,Synthetic Census Tract 99000000401,1.0,Total:,0.0,13.723795561149487,+/-14,8.8224400035961,0.0,0.0,0.0,0.0,0.0,0.0,0.0,0.0,0.0,0.0,0.0,0.0,0.0,0.0,0.0,0.0,0.0,0.0,0.0,0.0,0.0,0.0,0.0,0.0,0.0,0.0,0.0,0.0,0.0,0.0,0.0,0.0,0.0,0.0,0.0,0.0,0.0,0.0,0.0,0.0,0.0,0.0,0.0,0.0,0.0,0.0,0.0,0.0,0.0,0.0,0.0,0.0,0.0,0.0,0.0,0.0,0.0,0.0,0.0,0.0,0.0,0.0,0.0,0.0,0.0,0.0,0.0,0.0,0.0,0.0,0.0,0.0,0.0,0.0,0.0,0.0,0.0,0.0,0.0,0.0
B02012,99000000402,Synthetic Census Tract 99000000402,1.0,Total:,41.0068250985161,55.035475790113715,+/-51,33.45293626457892,55.035475790113715,26.978174406918487,51.798094861283495,66.90587252915785,16.18690464415109,11.870396739044134,46.402459979899795,44.244206027346316,26.978174406918487,64.74761857660437,34.53206324085566,25.899047430641748,41.0068250985161,52.877221837560235,22.661666501811528,43.16507905106958,16.18690464415109,12.949523715320874,65.8267455528811,51.798094861283495,15.107777667874352,64.74761857660437,60.43111067149741,39.92769812223936,47.481586956176535,48.560713932453275,72.30150741054155,38.84857114596262,17.26603162042783,57.193729742667195,26.978174406918487,29.136428359471967,52.877221837560235,25.899047430641748,36.69031719340914,39.92769812223936,35.6111902171324,53.956348813836975,17.26603162042783,53.956348813836975,24.819920454365008,49.639840908730015,37.76944416968588,20.50341254925805,58.272856718943935,47.481586956176535,38.84857114596262,41.0068250985161,14.028650691597614,43.16507905106958,47.481586956176535,42.08595207479284,32.37380928830218,18.34515859670457,61.51023764777415,20.50341254925805,36.69031719340914,58.272856718943935,11.870396739044134,42.08595207479284,69.06412648171133,22.661666501811528,47.481586956176535,58.272856718943935,21.58253952553479,21.58253952553479,34.53206324085566,47.481586956176535,55.035475790113715,38.84857114596262,43.16507905106958,60.43111067149741,23.740793478088268,69.06412648171133,43.16507905106958,15.107777667874352,14.028650691597614,15.107777667874352,63.66849160032763,34.53206324085566
B02012,99000000403,Synthetic Census Tract 99000000403,1.0,Total:,8.274580494169374,13.446193303025233,+/-13,8.274580494169374,7.240257932398203,3.1029676853135153,17.58348355010992,13.446193303025233,8.274580494169374,8.274580494169374,7.240257932398203,3.1029676853135153,8.274580494169374,13.446193303025233,6.205935370627031,13.446193303025233,12.411870741254061,2.0686451235423435,8.274580494169374,3.1029676853135153,9.308903055940545,10.343225617711717,3.1029676853135153,8.274580494169374,9.308903055940545,3.1029676853135153,10.343225617711717,21.720773797194607,9.308903055940545,8.274580494169374,9.308903055940545,2.0686451235423435,9.308903055940545,16.54916098833875,7.240257932398203,15.514838426567577,12.411870741254061,3.1029676853135153,7.240257932398203,2.0686451235423435,8.274580494169374,9.308903055940545,3.1029676853135153,10.343225617711717,7.240257932398203,3.1029676853135153,13.446193303025233,10.343225617711717,8.274580494169374,7.240257932398203,9.308903055940545,4.137290247084687,9.308903055940545,9.308903055940545,10.343225617711717,15.514838426567577,13.446193303025233,4.137290247084687,8.274580494169374,3.1029676853135153,7.240257932398203,6.205935370627031,3.1029676853135153,9.308903055940545,7.240257932398203,3.1029676853135153,11.37754817948289,12.411870741254061,7.240257932398203,8.274580494169374,8.274580494169374,2.0686451235423435,7.240257932398203,11.37754817948289,13.446193303025233,10.343225617711717,11.37754817948289,3.1029676853135153,10.343225617711717,3.1029676853135153,9.308903055940545,8.274580494169374,3.1029676853135153,6.205935370627031
B02012,99000000404,Synthetic Census Tract 99000000404,1.0,Total:,0.0,13.265443417409672,+/-14,8.527785054049076,0.0,0.0,0.0,0.0,0.0,0.0,0.0,0.0,0.0,0.0,0.0,0.0,0.0,0.0,0.0,0.0,0.0,0.0,0.0,0.0,0.0,0.0,0.0,0.0,0.0,0.0,0.0,0.0,0.0,0.0,0.0,0.0,0.0,0.0,0.0,0.0,0.0,0.0,0.0,0.0,0.0,0.0,0.0,0.0,0.0,0.0,0.0,0.0,0.0,0.0,0.0,0.0,0.0,0.0,0.0,0.0,0.0,0.0,0.0,0.0,0.0,0.0,0.0,0.0,0.0,0.0,0.0,0.0,0.0,0.0,0.0,0.0,0.0,0.0,0.0,0.0,0.0,0.0,0.0,0.0
B02012,99000000405,Synthetic Census Tract 99000000405,1.0,Total:,11.776118485190208,19.270012066674887,+/-18,11.776118485190208,22.481680744454035,12.846674711116592,9.635006033337444,17.12889961482212,13.917230937042973,19.270012066674887,12.846674711116592,12.846674711116592,10.705562259263825,4.28222490370553,13.917230937042973,4.28222490370553,10.705562259263825,10.705562259263825,5.3527811296319125,11.776118485190208,18.199455840748502,4.28222490370553,3.211668677779148,3.211668677779148,2.141112451852765,11.776118485190208,11.776118485190208,4.28222490370553,14.987787162969356,3.211668677779148,13.917230937042973,13.917230937042973,11.776118485190208,20.34056829260127,10.705562259263825,14.987787162969356,12.846674711116592,13.917230937042973,14.987787162969356,14.987787162969356,4.28222490370553,16.05834338889574,20.34056829260127,4.28222490370553,5.3527811296319125,11.776118485190208,9.635006033337444,4.28222490370553,9.635006033337444,4.28222490370553,13.917230937042973,11.776118485190208,9.635006033337444,16.05834338889574,12.846674711116592,13.917230937042973,9.635006033337444,13.917230937042973,20.34056829260127,11.776118485190208,4.28222490370553,20.34056829260127,19.270012066674887,26.763905648159565,18.199455840748502,14.987787162969356,10.705562259263825,19.270012066674887,12.846674711116592,25.693349422233183,10.705562259263825,10.705562259263825,13.917230937042973,4.28222490370553,11.776118485190208,4.28222490370553,12.846674711116592,13.917230937042973,3.211668677779148,10.705562259263825,21.41112451852765,4.28222490370553,5.3527811296319125,25.693349422233183
B02012,99000000406,Synthetic Census Tract 99000000406,1.0,Total:,14.544094270228543,19.392125693638057,+/-20,11.635275416182836,4.848031423409514,4.848031423409514,5.817637708091418,13.574487985546641,4.848031423409514,15.513700554910447,7.756850277455223,16.48330683959235,14.544094270228543,12.604881700864738,12.604881700864738,6.787243992773321,4.848031423409514,13.574487985546641,17.452913124274254,5.817637708091418,15.513700554910447,16.48330683959235,3.8784251387276116,15.513700554910447,10.665669131500932,11.635275416182836,11.635275416182836,17.452913124274254,14.544094270228543,13.574487985546641,11.635275416182836,15.513700554910447,18.422519408956155,20.361731978319963,15.513700554910447,10.665669131500932,15.513700554910447,21.331338263001864,16.48330683959235,16.48330683959235,27.148975971093282,24.240157117047573,9.696062846819029,24.240157117047573,18.422519408956155,27.148975971093282,19.392125693638057,14.544094270228543,19.392125693638057,20.361731978319963,25.209763401729475,10.665669131500932,9.696062846819029,12.604881700864738,12.604881700864738,26.179369686411377,19.392125693638057,12.604881700864738,11.635275416182836,13.574487985546641,11.635275416182836,10.665669131500932,18.422519408956155,11.635275416182836,9.696062846819029,15.513700554910447,14.544094270228543,5.817637708091418,16.48330683959235,6.787243992773321,15.513700554910447,1.9392125693638058,4.848031423409514,8.726456562137127,5.817637708091418,9.696062846819029,13.574487985546641,6.787243992773321,5.817637708091418,13.574487985546641,5.817637708091418,6.787243992773321,17.452913124274254,6.787243992773321
B02012,99000000407,Synthetic Census Tract 99000000407,1.0,Total:,0.0,14.989365079203369,+/-14,9.63602040805931,0.0,0.0,0.0,0.0,0.0,0.0,0.0,0.0,0.0,0.0,0.0,0.0,0.0,0.0,0.0,0.0,0.0,0.0,0.0,0.0,0.0,0.0,0.0,0.0,0.0,0.0,0.0,0.0,0.0,0.0,0.0,0.0,0.0,0.0,0.0,0.0,0.0,0.0,0.0,0.0,0.0,0.0,0.0,0.0,0.0,0.0,0.0,0.0,0.0,0.0,0.0,0.0,0.0,0.0,0.0,0.0,0.0,0.0,0.0,0.0,0.0,0.0,0.0,0.0,0.0,0.0,0.0,0.0,0.0,0.0,0.0,0.0,0.0,0.0,0.0,0.0,0.0,0.0,0.0,0.0
B02012,99000000408,Synthetic Census Tract 99000000408,1.0,Total:,0.0,13.437042223132936,+/-14,8.63809857201403,0.0,0.0,0.0,0.0,0.0,0.0,0.0,0.0,0.0,0.0,0.0,0.0,0.0,0.0,0.0,0.0,0.0,0.0,0.0,0.0,0.0,0.0,0.0,0.0,0.0,0.0,0.0,0.0,0.0,0.0,0.0,0.0,0.0,0.0,0.0,0.0,0.0,0.0,0.0,0.0,0.0,0.0,0.0,0.0,0.0,0.0,0.0,0.0,0.0,0.0,0.0,0.0,0.0,0.0,0.0,0.0,0.0,0.0,0.0,0.0,0.0,0.0,0.0,0.0,0.0,0.0,0.0,0.0,0.0,0.0,0.0,0.0,0.0,0.0,0.0,0.0,0.0,0.0,0.0,0.0
B02012,99000000409,Synthetic Census Tract 99000000409,1.0,Total:,0.0,20.361281003532596,+/-20,12.216768602119558,0.0,0.0,0.0,0.0,0.0,0.0,0.0,0.0,0.0,0.0,0.0,0.0,0.0,0.0,0.0,0.0,0.0,0.0,0.0,0.0,0.0,0.0,0.0,0.0,0.0,0.0,0.0,0.0,0.0,0.0,0.0,0.0,0.0,0.0,0.0,0.0,0.0,0.0,0.0,0.0,0.0,0.0,0.0,0.0,0.0,0.0,0.0,0.0,0.0,0.0,0.0,0.0,0.0,0.0,0.0,0.0,0.0,0.0,0.0,0.0,0.0,0.0,0.0,0.0,0.0,0.0,0.0,0.0,0.0,0.0,0.0,0.0,0.0,0.0,0.0,0.0,0.0,0.0,0.0,0.0
B02012,99000000410,Synthetic Census Tract 99000000410,1.0,Total:,0.0,13.711432189693936,+/-14,8.8144921219461,0.0,0.0,0.0,0.0,0.0,0.0,0.0,0.0,0.0,0.0,0.0,0.0,0.0,0.0,0.0,0.0,0.0,0.0,0.0,0.0,0.0,0.0,0.0,0.0,0.0,0.0,0.0,0.0,0.0,0.0,0.0,0.0,0.0,0.0,0.0,0.0,0.0,0.0,0.0,0.0,0.0,0.0,0.0,0.0,0.0,0.0,0.0,0.0,0.0,0.0,0.0,0.0,0.0,0.0,0.0,0.0,0.0,0.0,0.0,0.0,0.0,0.0,0.0,0.0,0.0,0.0,0.0,0.0,0.0,0.0,0.0,0.0,0.0,0.0,0.0,0.0,0.0,0.0,0.0,0.0
B02012,99000000411,Synthetic Census Tract 99000000411,1.0,Total:,0.0,13.369510142114187,+/-14,8.594685091359121,0.0,0.0,0.0,0.0,0.0,0.0,0.0,0.0,0.0,0.0,0.0,0.0,0.0,0.0,0.0,0.0,0.0,0.0,0.0,0.0,0.0,0.0,0.0,0.0,0.0,0.0,0.0,0.0,0.0,0.0,0.0,0.0,0.0,0.0,0.0,0.0,0.0,0.0,0.0,0.0,0.0,0.0,0.0,0.0,0.0,0.0,0.0,0.0,0.0,0.0,0.0,0.0,0.0,0.0,0.0,0.0,0.0,0.0,0.0,0.0,0.0,0.0,0.0,0.0,0.0,0.0,0.0,0.0,0.0,0.0,0.0,0.0,0.0,0.0,0.0,0.0,0.0,0.0,0.0,0.0
B02012,99000000412,Synthetic Census Tract 99000000412,1.0,Total:,72.17987133310305,76.48911738284055,+/-71,46.324395034678076,46.324395034678076,58.17482167145619,90.49416704448741,76.48911738284055,107.7311512434374,65.71600225849681,60.32944469632494,73.25718284553743,45.247083522243706,72.17987133310305,58.17482167145619,75.41180587040617,100.18997065639678,51.71095259684995,75.41180587040617,93.72610158179053,39.86052596007184,61.40675620875932,74.3344943579718,74.3344943579718,105.57652821856865,102.34459368126552,122.81351241751864,53.8655756217187,70.02524830823431,87.2622325071843,78.6437404077093,52.78826410928433,59.252133183890564,99.1126591439624,34.47396839789997,45.247083522243706,38.78321444763746,23.700853273556227,99.1126591439624,65.71600225849681,59.252133183890564,36.628591422768714,114.19502031804365,89.41685553205303,23.700853273556227,24.7781647859906,67.87062528336556,84.03029796988116,94.80341309422491,71.10255982066869,25.855476298424975,96.95803611909366,33.39665688546559,77.56642889527492,75.41180587040617,79.72105192014368,67.87062528336556,109.88577426830614,84.03029796988116,71.10255982066869,50.63364108441557,95.88072460665929,72.17987133310305,65.71600225849681,54.94288713415307,53.8655756217187,89.41685553205303,108.80846275587177,61.40675620875932,61.40675620875932,72.17987133310305,112.04039729317489,84.03029796988116,99.1126591439624,66.79331377093118,36.628591422768714,45.247083522243706,66.79331377093118,89.41685553205303,68.94793679579993,66.79331377093118,56.020198646587446,76.48911738284055,86.18492099474992
B02012,99000000413,Synthetic Census Tract 99000000413,1.0,Total:,0.0,13.125262309430576,+/-14,8.437668627491085,0.0,0.0,0.0,0.0,0.0,0.0,0.0,0.0,0.0,0.0,0.0,0.0,0.0,0.0,0.0,0.0,0.0,0.0,0.0,0.0,0.0,0.0,0.0,0.0,0.0,0.0,0.0,0.0,0.0,0.0,0.0,0.0,0.0,0.0,0.0,0.0,0.0,0.0,0.0,0.0,0.0,0.0,0.0,0.0,0.0,0.0,0.0,0.0,0.0,0.0,0.0,0.0,0.0,0.0,0.0,0.0,0.0,0.0,0.0,0.0,0.0,0.0,0.0,0.0,0.0,0.0,0.0,0.0,0.0,0.0,0.0,0.0,0.0,0.0,0.0,0.0,0.0,0.0,0.0,0.0
B02012,99000000414,Synthetic Census Tract 99000000414,1.0,Total:,0.0,12.837472455460137,+/-14,8.252660864224374,0.0,0.0,0.0,0.0,0.0,0.0,0.0,0.0,0.0,0.0,0.0,0.0,0.0,0.0,0.0,0.0,0.0,0.0,0.0,0.0,0.0,0.0,0.0,0.0,0.0,0.0,0.0,0.0,0.0,0.0,0.0,0.0,0.0,0.0,0.0,0.0,0.0,0.0,0.0,0.0,0.0,0.0,0.0,0.0,0.0,0.0,0.0,0.0,0.0,0.0,0.0,0.0,0.0,0.0,0.0,0.0,0.0,0.0,0.0,0.0,0.0,0.0,0.0,0.0,0.0,0.0,0.0,0.0,0.0,0.0,0.0,0.0,0.0,0.0,0.0,0.0,0.0,0.0,0.0,0.0
B02012,99000000415,Synthetic Census Tract 99000000415,1.0,Total:,0.0,13.55739542792785,+/-14,8.71546848938219,0.0,0.0,0.0,0.0,0.0,0.0,0.0,0.0,0.0,0.0,0.0,0.0,0.0,0.0,0.0,0.0,0.0,0.0,0.0,0.0,0.0,0.0,0.0,0.0,0.0,0.0,0.0,0.0,0.0,0.0,0.0,0.0,0.0,0.0,0.0,0.0,0.0,0.0,0.0,0.0,0.0,0.0,0.0,0.0,0.0,0.0,0.0,0.0,0.0,0.0,0.0,0.0,0.0,0.0,0.0,0.0,0.0,0.0,0.0,0.0,0.0,0.0,0.0,0.0,0.0,0.0,0.0,0.0,0.0,0.0,0.0,0.0,0.0,0.0,0.0,0.0,0.0,0.0,0.0,0.0
B02012,99000000416,Synthetic Census Tract 99000000416,1.0,Total:,0.0,14.609389613396392,+/-14,9.391750465754823,0.0,0.0,0.0,0.0,0.0,0.0,0.0,0.0,0.0,0.0,0.0,0.0,0.0,0.0,0.0,0.0,0.0,0.0,0.0,0.0,0.0,0.0,0.0,0.0,0.0,0.0,0.0,0.0,0.0,0.0,0.0,0.0,0.0,0.0,0.0,0.0,0.0,0.0,0.0,0.0,0.0,0.0,0.0,0.0,0.0,0.0,0.0,0.0,0.0,0.0,0.0,0.0,0.0,0.0,0.0,0.0,0.0,0.0,0.0,0.0,0.0,0.0,0.0,0.0,0.0,0.0,0.0,0.0,0.0,0.0,0.0,0.0,0.0,0.0,0.0,0.0,0.0,0.0,0.0,0.0
B02012,99000000417,Synthetic Census Tract 99000000417,1.0,Total:,0.0,14.860808496733592,+/-14,9.55337689075731,0.0,0.0,0.0,0.0,0.0,0.0,0.0,0.0,0.0,0.0,0.0,0.0,0.0,0.0,0.0,0.0,0.0,0.0,0.0,0.0,0.0,0.0,0.0,0.0,0.0,0.0,0.0,0.0,0.0,0.0,0.0,0.0,0.0,0.0,0.0,0.0,0.0,0.0,0.0,0.0,0.0,0.0,0.0,0.0,0.0,0.0,0.0,0.0,0.0,0.0,0.0,0.0,0.0,0.0,0.0,0.0,0.0,0.0,0.0,0.0,0.0,0.0,0.0,0.0,0.0,0.0,0.0,0.0,0.0,0.0,0.0,0.0,0.0,0.0,0.0,0.0,0.0,0.0,0.0,0.0
B02012,99000000418,Synthetic Census Tract 99000000418,1.0,Total:,0.0,15.396481436186942,+/-14,9.897738066120178,0.0,0.0,0.0,0.0,0.0,0.0,0.0,0.0,0.0,0.0,0.0,0.0,0.0,0.0,0.0,0.0,0.0,0.0,0.0,0.0,0.0,0.0,0.0,0.0,0.0,0.0,0.0,0.0,0.0,0.0,0.0,0.0,0.0,0.0,0.0,0.0,0.0,0.0,0.0,0.0,0.0,0.0,0.0,0.0,0.0,0.0,0.0,0.0,0.0,0.0,0.0,0.0,0.0,0.0,0.0,0.0,0.0,0.0,0.0,0.0,0.0,0.0,0.0,0.0,0.0,0.0,0.0,0.0,0.0,0.0,0.0,0.0,0.0,0.0,0.0,0.0,0.0,0.0,0.0,0.0
B02012,99000000419,Synthetic Census Tract 99000000419,1.0,Total:,1.9185448228044661,3.8370896456089323,+/-4,1.9185448228044661,2.877817234206699,2.877817234206699,0.9592724114022331,1.9185448228044661,0.0,1.9185448228044661,0.9592724114022331,1.9185448228044661,0.9592724114022331,0.0,0.9592724114022331,1.9185448228044661,2.877817234206699,2.877817234206699,0.0,0.0,3.8370896456089323,0.9592724114022331,0.9592724114022331,1.9185448228044661,2.877817234206699,2.877817234206699,1.9185448228044661,1.9185448228044661,0.0,1.9185448228044661,1.9185448228044661,0.9592724114022331,1.9185448228044661,0.0,1.9185448228044661,1.9185448228044661,2.877817234206699,2.877817234206699,0.0,0.0,2.877817234206699,1.9185448228044661,0.9592724114022331,1.9185448228044661,0.0,0.0,1.9185448228044661,1.9185448228044661,2.877817234206699,0.9592724114022331,1.9185448228044661,1.9185448228044661,1.9185448228044661,2.877817234206699,1.9185448228044661,0.9592724114022331,0.0,0.0,2.877817234206699,2.877817234206699,0.9592724114022331,1.9185448228044661,2.877817234206699,1.9185448228044661,0.9592724114022331,0.0,0.9592724114022331,1.9185448228044661,2.877817234206699,0.9592724114022331,1.9185448228044661,1.9185448228044661,1.9185448228044661,3.8370896456089323,1.9185448228044661,1.9185448228044661,0.0,0.0,2.877817234206699,2.877817234206699,0.0,1.9185448228044661,2.877817234206699,0.9592724114022331
B02012,99000000420,Synthetic Census Tract 99000000420,1.0,Total:,16.68700263384636,30.429240097013952,+/-31,18.650179414298876,45.1530659504078,22.5765329752039,8.83429551203631,17.66859102407262,5.889530341357539,17.66859102407262,23.558121365430157,13.74223746316759,19.631767804525133,10.797472292488822,15.705414243620105,33.37400526769272,4.907941951131283,12.760649072941336,25.52129814588267,8.83429551203631,4.907941951131283,20.613356194751386,43.189889169955286,14.723825853393848,15.705414243620105,22.5765329752039,10.797472292488822,11.779060682715079,9.815883902262566,35.33718204814524,4.907941951131283,5.889530341357539,10.797472292488822,4.907941951131283,16.68700263384636,9.815883902262566,11.779060682715079,4.907941951131283,25.52129814588267,15.705414243620105,18.650179414298876,29.447651706787696,15.705414243620105,5.889530341357539,3.926353560905026,11.779060682715079,14.723825853393848,10.797472292488822,20.613356194751386,15.705414243620105,13.74223746316759,15.705414243620105,12.760649072941336,19.631767804525133,17.66859102407262,8.83429551203631,26.502886536108928,22.5765329752039,19.631767804525133,17.66859102407262,19.631767804525133,13.74223746316759,4.907941951131283,23.558121365430157,12.760649072941336,4.907941951131283,20.613356194751386,19.631767804525133,31.41082848724021,3.926353560905026,24.539709755656414,17.66859102407262,24.539709755656414,31.41082848724021,6.871118731583795,16.68700263384636,34.35559365791898,30.429240097013952,3.926353560905026,21.594944584977643,28.46606331656144,3.926353560905026,17.66859102407262,34.35559365791898
B02012,99000000421,Synthetic Census Tract 99000000421,1.0,Total:,0.0,18.547285112118505,+/-20,11.128371067271104,0.0,0.0,0.0,0.0,0.0,0.0,0.0,0.0,0.0,0.0,0.0,0.0,0.0,0.0,0.0,0.0,0.0,0.0,0.0,0.0,0.0,0.0,0.0,0.0,0.0,0.0,0.0,0.0,0.0,0.0,0.0,0.0,0.0,0.0,0.0,0.0,0.0,0.0,0.0,0.0,0.0,0.0,0.0,0.0,0.0,0.0,0.0,0.0,0.0,0.0,0.0,0.0,0.0,0.0,0.0,0.0,0.0,0.0,0.0,0.0,0.0,0.0,0.0,0.0,0.0,0.0,0.0,0.0,0.0,0.0,0.0,0.0,0.0,0.0,0.0,0.0,0.0,0.0,0.0,0.0
B02012,99000000422,Synthetic Census Tract 99000000422,1.0,Total:,0.0,20.299487718492134,+/-20,12.179692631095282,0.0,0.0,0.0,0.0,0.0,0.0,0.0,0.0,0.0,0.0,0.0,0.0,0.0,0.0,0.0,0.0,0.0,0.0,0.0,0.0,0.0,0.0,0.0,0.0,0.0,0.0,0.0,0.0,0.0,0.0,0.0,0.0,0.0,0.0,0.0,0.0,0.0,0.0,0.0,0.0,0.0,0.0,0.0,0.0,0.0,0.0,0.0,0.0,0.0,0.0,0.0,0.0,0.0,0.0,0.0,0.0,0.0,0.0,0.0,0.0,0.0,0.0,0.0,0.0,0.0,0.0,0.0,0.0,0.0,0.0,0.0,0.0,0.0,0.0,0.0,0.0,0.0,0.0,0.0,0.0
B02012,99000000423,Synthetic Census Tract 99000000423,1.0,Total:,0.0,15.39322410433617,+/-14,9.895644067073253,0.0,0.0,0.0,0.0,0.0,0.0,0.0,0.0,0.0,0.0,0.0,0.0,0.0,0.0,0.0,0.0,0.0,0.0,0.0,0.0,0.0,0.0,0.0,0.0,0.0,0.0,0.0,0.0,0.0,0.0,0.0,0.0,0.0,0.0,0.0,0.0,0.0,0.0,0.0,0.0,0.0,0.0,0.0,0.0,0.0,0.0,0.0,0.0,0.0,0.0,0.0,0.0,0.0,0.0,0.0,0.0,0.0,0.0,0.0,0.0,0.0,0.0,0.0,0.0,0.0,0.0,0.0,0.0,0.0,0.0,0.0,0.0,0.0,0.0,0.0,0.0,0.0,0.0,0.0,0.0
B02012,99000000424,Synthetic Census Tract 99000000424,1.0,Total:,0.0,14.562466828337847,+/-14,9.361585818217186,0.0,0.0,0.0,0.0,0.0,0.0,0.0,0.0,0.0,0.0,0.0,0.0,0.0,0.0,0.0,0.0,0.0,0.0,0.0,0.0,0.0,0.0,0.0,0.0,0.0,0.0,0.0,0.0,0.0,0.0,0.0,0.0,0.0,0.0,0.0,0.0,0.0,0.0,0.0,0.0,0.0,0.0,0.0,0.0,0.0,0.0,0.0,0.0,0.0,0.0,0.0,0.0,0.0,0.0,0.0,0.0,0.0,0.0,0.0,0.0,0.0,0.0,0.0,0.0,0.0,0.0,0.0,0.0,0.0,0.0,0.0,0.0,0.0,0.0,0.0,0.0,0.0,0.0,0.0,0.0
B02012,99000000425,Synthetic Census Tract 99000000425,1.0,Total:,21.399893929736162,32.60936217864558,+/-32,20.38085136165349,8.152340544661396,28.533191906314883,26.495106770149537,25.476064202066862,18.34276622548814,6.114255408496047,23.437979065901512,25.476064202066862,44.837872995637674,29.552234474397558,7.133297976578721,13.247553385074768,43.818830427555,28.533191906314883,11.209468248909419,46.875958131803024,37.70457501905896,28.533191906314883,17.323723657405466,24.457021633984187,32.60936217864558,18.34276622548814,26.495106770149537,18.34276622548814,18.34276622548814,21.399893929736162,17.323723657405466,17.323723657405466,8.152340544661396,7.133297976578721,25.476064202066862,26.495106770149537,6.114255408496047,16.30468108932279,30.571277042480233,10.190425680826745,9.17138311274407,27.51414933823221,20.38085136165349,17.323723657405466,7.133297976578721,18.34276622548814,16.30468108932279,27.51414933823221,19.361808793570816,11.209468248909419,25.476064202066862,21.399893929736162,31.590319610562908,29.552234474397558,10.190425680826745,10.190425680826745,31.590319610562908,20.38085136165349,7.133297976578721,25.476064202066862,24.457021633984187,17.323723657405466,22.418936497818837,22.418936497818837,32.60936217864558,22.418936497818837,23.437979065901512,27.51414933823221,28.533191906314883,47.8950006998857,21.399893929736162,18.34276622548814,8.152340544661396,11.209468248909419,46.875958131803024,22.418936497818837,12.228510816992094,28.533191906314883,35.66648988289361,8.152340544661396,12.228510816992094,25.476064202066862,23.437979065901512,27.51414933823221
B02012,99000000426,Synthetic Census Tract 99000000426,1.0,Total:,0.0,13.698633460181025,+/-14,8.80626436725923,0.0,0.0,0.0,0.0,0.0,0.0,0.0,0.0,0.0,0.0,0.0,0.0,0.0,0.0,0.0,0.0,0.0,0.0,0.0,0.0,0.0,0.0,0.0,0.0,0.0,0.0,0.0,0.0,0.0,0.0,0.0,0.0,0.0,0.0,0.0,0.0,0.0,0.0,0.0,0.0,0.0,0.0,0.0,0.0,0.0,0.0,0.0,0.0,0.0,0.0,0.0,0.0,0.0,0.0,0.0,0.0,0.0,0.0,0.0,0.0,0.0,0.0,0.0,0.0,0.0,0.0,0.0,0.0,0.0,0.0,0.0,0.0,0.0,0.0,0.0,0.0,0.0,0.0,0.0,0.0
B02012,99000000427,Synthetic Census Tract 99000000427,1.0,Total:,0.0,15.162836528799554,+/-14,9.747537768513999,0.0,0.0,0.0,0.0,0.0,0.0,0.0,0.0,0.0,0.0,0.0,0.0,0.0,0.0,0.0,0.0,0.0,0.0,0.0,0.0,0.0,0.0,0.0,0.0,0.0,0.0,0.0,0.0,0.0,0.0,0.0,0.0,0.0,0.0,0.0,0.0,0.0,0.0,0.0,0.0,0.0,0.0,0.0,0.0,0.0,0.0,0.0,0.0,0.0,0.0,0.0,0.0,0.0,0.0,0.0,0.0,0.0,0.0,0.0,0.0,0.0,0.0,0.0,0.0,0.0,0.0,0.0,0.0,0.0,0.0,0.0,0.0,0.0,0.0,0.0,0.0,0.0,0.0,0.0,0.0
B02012,99000000428,Synthetic Census Tract 99000000428,1.0,Total:,0.0,13.99136646916498,+/-14,8.994449873034629,0.0,0.0,0.0,0.0,0.0,0.0,0.0,0.0,0.0,0.0,0.0,0.0,0.0,0.0,0.0,0.0,0.0,0.0,0.0,0.0,0.0,0.0,0.0,0.0,0.0,0.0,0.0,0.0,0.0,0.0,0.0,0.0,0.0,0.0,0.0,0.0,0.0,0.0,0.0,0.0,0.0,0.0,0.0,0.0,0.0,0.0,0.0,0.0,0.0,0.0,0.0,0.0,0.0,0.0,0.0,0.0,0.0,0.0,0.0,0.0,0.0,0.0,0.0,0.0,0.0,0.0,0.0,0.0,0.0,0.0,0.0,0.0,0.0,0.0,0.0,0.0,0.0,0.0,0.0,0.0
B02012,99000000429,Synthetic Census Tract 99000000429,1.0,Total:,9.268733826626123,16.683720887927024,+/-18,10.195607209288735,8.341860443963512,9.268733826626123,17.610594270589633,10.195607209288735,16.683720887927024,17.610594270589633,4.634366913313062,2.780620147987837,12.049353974613961,9.268733826626123,9.268733826626123,8.341860443963512,13.903100739939184,4.634366913313062,10.195607209288735,7.414987061300899,10.195607209288735,14.829974122601797,3.7074935306504493,2.780620147987837,9.268733826626123,11.122480591951348,13.903100739939184,6.488113678638286,15.75684750526441,18.537467653252246,3.7074935306504493,3.7074935306504493,10.195607209288735,13.903100739939184,9.268733826626123,11.122480591951348,17.610594270589633,3.7074935306504493,10.195607209288735,9.268733826626123,9.268733826626123,13.903100739939184,4.634366913313062,2.780620147987837,9.268733826626123,11.122480591951348,14.829974122601797,8.341860443963512,12.049353974613961,25.025581331890532,2.780620147987837,3.7074935306504493,10.195607209288735,10.195607209288735,11.122480591951348,10.195607209288735,16.683720887927024,3.7074935306504493,9.268733826626123,15.75684750526441,8.341860443963512,14.829974122601797,3.7074935306504493,3.7074935306504493,9.268733826626123,12.049353974613961,19.46434103591486,11.122480591951348,19.46434103591486,17.610594270589633,3.7074935306504493,3.7074935306504493,11.122480591951348,5.561240295975674,6.488113678638286,9.268733826626123,12.049353974613961,4.634366913313062,12.049353974613961,8.341860443963512,7.414987061300899,21.318087801240083,2.780620147987837,2.780620147987837
B02012,99000000430,Synthetic Census Tract 99000000430,1.0,Total:,220.88818222924067,262.7304370127532,+/-270,159.58441359293158,202.39974406908397,92.44219080078354,237.43046900411773,241.32277177467702,163.47671636349088,231.59201484827875,191.69591145004586,207.2651225322831,72.00760125534718,324.0342056490623,84.65758525966493,138.1767483548554,287.0573293287489,195.58821422060518,240.3496960820372,342.522643809219,100.22679634190216,219.91510653660083,225.7535606924398,243.26892315995667,288.03040502138873,182.93823021628742,114.82293173149955,110.93062896094025,73.95375264062683,199.48051699116448,223.80740930716016,120.66138588733851,228.6727877703593,263.70351270539305,239.37662038939737,222.83433361452032,383.3918229000917,317.22267580058354,249.10737731579565,228.6727877703593,219.91510653660083,358.09185489145625,101.19987203454198,67.14222279214805,238.40354469675756,349.3341736576978,185.8574572942069,215.0497280734017,184.88438160156707,89.52296372286406,219.91510653660083,230.61893915563894,293.86885917722765,92.44219080078354,264.6765883980329,246.18815023787616,189.7497600647662,231.59201484827875,111.90370465358008,116.76908311677921,323.06112995642246,246.18815023787616,259.81120993483376,269.541966861232,94.3883421860632,277.3265724023506,257.8650585495541,284.13810225082943,332.79188688282073,162.50364067085107,116.76908311677921,284.13810225082943,277.3265724023506,248.1343016231558,223.80740930716016,175.1536246751688,93.41526649342336,90.49603941550389,223.80740930716016,290.9496320993082,216.02280376604153,107.03832619038094,338.6303410386597,328.89958411226144
B02012,99000000431,Synthetic Census Tract 99000000431,1.0,Total:,0.0,12.788066672773747,+/-14,8.22090000392598,0.0,0.0,0.0,0.0,0.0,0.0,0.0,0.0,0.0,0.0,0.0,0.0,0.0,0.0,0.0,0.0,0.0,0.0,0.0,0.0,0.0,0.0,0.0,0.0,0.0,0.0,0.0,0.0,0.0,0.0,0.0,0.0,0.0,0.0,0.0,0.0,0.0,0.0,0.0,0.0,0.0,0.0,0.0,0.0,0.0,0.0,0.0,0.0,0.0,0.0,0.0,0.0,0.0,0.0,0.0,0.0,0.0,0.0,0.0,0.0,0.0,0.0,0.0,0.0,0.0,0.0,0.0,0.0,0.0,0.0,0.0,0.0,0.0,0.0,0.0,0.0,0.0,0.0,0.0,0.0
B02012,99000000432,Synthetic Census Tract 99000000432,1.0,Total:,0.0,18.807916150755126,+/-20,11.284749690453076,0.0,0.0,0.0,0.0,0.0,0.0,0.0,0.0,0.0,0.0,0.0,0.0,0.0,0.0,0.0,0.0,0.0,0.0,0.0,0.0,0.0,0.0,0.0,0.0,0.0,0.0,0.0,0.0,0.0,0.0,0.0,0.0,0.0,0.0,0.0,0.0,0.0,0.0,0.0,0.0,0.0,0.0,0.0,0.0,0.0,0.0,0.0,0.0,0.0,0.0,0.0,0.0,0.0,0.0,0.0,0.0,0.0,0.0,0.0,0.0,0.0,0.0,0.0,0.0,0.0,0.0,0.0,0.0,0.0,0.0,0.0,0.0,0.0,0.0,0.0,0.0,0.0,0.0,0.0,0.0
B02012,99000000433,Synthetic Census Tract 99000000433,1.0,Total:,0.0,12.649472586799755,+/-14,8.131803805799843,0.0,0.0,0.0,0.0,0.0,0.0,0.0,0.0,0.0,0.0,0.0,0.0,0.0,0.0,0.0,0.0,0.0,0.0,0.0,0.0,0.0,0.0,0.0,0.0,0.0,0.0,0.0,0.0,0.0,0.0,0.0,0.0,0.0,0.0,0.0,0.0,0.0,0.0,0.0,0.0,0.0,0.0,0.0,0.0,0.0,0.0,0.0,0.0,0.0,0.0,0.0,0.0,0.0,0.0,0.0,0.0,0.0,0.0,0.0,0.0,0.0,0.0,0.0,0.0,0.0,0.0,0.0,0.0,0.0,0.0,0.0,0.0,0.0,0.0,0.0,0.0,0.0,0.0,0.0,0.0
B02012,99000000434,Synthetic Census Tract 99000000434,1.0,Total:,0.0,13.86918376620046,+/-14,8.915903849700296,0.0,0.0,0.0,0.0,0.0,0.0,0.0,0.0,0.0,0.0,0.0,0.0,0.0,0.0,0.0,0.0,0.0,0.0,0.0,0.0,0.0,0.0,0.0,0.0,0.0,0.0,0.0,0.0,0.0,0.0,0.0,0.0,0.0,0.0,0.0,0.0,0.0,0.0,0.0,0.0,0.0,0.0,0.0,0.0,0.0,0.0,0.0,0.0,0.0,0.0,0.0,0.0,0.0,0.0,0.0,0.0,0.0,0.0,0.0,0.0,0.0,0.0,0.0,0.0,0.0,0.0,0.0,0.0,0.0,0.0,0.0,0.0,0.0,0.0,0.0,0.0,0.0,0.0,0.0,0.0
B02012,99000000435,Synthetic Census Tract 99000000435,1.0,Total:,0.0,14.376712741865035,+/-14,9.242172476913236,0.0,0.0,0.0,0.0,0.0,0.0,0.0,0.0,0.0,0.0,0.0,0.0,0.0,0.0,0.0,0.0,0.0,0.0,0.0,0.0,0.0,0.0,0.0,0.0,0.0,0.0,0.0,0.0,0.0,0.0,0.0,0.0,0.0,0.0,0.0,0.0,0.0,0.0,0.0,0.0,0.0,0.0,0.0,0.0,0.0,0.0,0.0,0.0,0.0,0.0,0.0,0.0,0.0,0.0,0.0,0.0,0.0,0.0,0.0,0.0,0.0,0.0,0.0,0.0,0.0,0.0,0.0,0.0,0.0,0.0,0.0,0.0,0.0,0.0,0.0,0.0,0.0,0.0,0.0,0.0
B02012,99000000436,Synthetic Census Tract 99000000436,1.0,Total:,0.0,13.561218894660943,+/-14,8.717926432282034,0.0,0.0,0.0,0.0,0.0,0.0,0.0,0.0,0.0,0.0,0.0,0.0,0.0,0.0,0.0,0.0,0.0,0.0,0.0,0.0,0.0,0.0,0.0,0.0,0.0,0.0,0.0,0.0,0.0,0.0,0.0,0.0,0.0,0.0,0.0,0.0,0.0,0.0,0.0,0.0,0.0,0.0,0.0,0.0,0.0,0.0,0.0,0.0,0.0,0.0,0.0,0.0,0.0,0.0,0.0,0.0,0.0,0.0,0.0,0.0,0.0,0.0,0.0,0.0,0.0,0.0,0.0,0.0,0.0,0.0,0.0,0.0,0.0,0.0,0.0,0.0,0.0,0.0,0.0,0.0
B02012,99000000437,Synthetic Census Tract 99000000437,1.0,Total:,0.0,19.68152708602111,+/-20,11.808916251612665,0.0,0.0,0.0,0.0,0.0,0.0,0.0,0.0,0.0,0.0,0.0,0.0,0.0,0.0,0.0,0.0,0.0,0.0,0.0,0.0,0.0,0.0,0.0,0.0,0.0,0.0,0.0,0.0,0.0,0.0,0.0,0.0,0.0,0.0,0.0,0.0,0.0,0.0,0.0,0.0,0.0,0.0,0.0,0.0,0.0,0.0,0.0,0.0,0.0,0.0,0.0,0.0,0.0,0.0,0.0,0.0,0.0,0.0,0.0,0.0,0.0,0.0,0.0,0.0,0.0,0.0,0.0,0.0,0.0,0.0,0.0,0.0,0.0,0.0,0.0,0.0,0.0,0.0,0.0,0.0
B02012,99000000438,Synthetic Census Tract 99000000438,1.0,Total:,0.0,21.836837091378307,+/-20,13.102102254826983,0.0,0.0,0.0,0.0,0.0,0.0,0.0,0.0,0.0,0.0,0.0,0.0,0.0,0.0,0.0,0.0,0.0,0.0,0.0,0.0,0.0,0.0,0.0,0.0,0.0,0.0,0.0,0.0,0.0,0.0,0.0,0.0,0.0,0.0,0.0,0.0,0.0,0.0,0.0,0.0,0.0,0.0,0.0,0.0,0.0,0.0,0.0,0.0,0.0,0.0,0.0,0.0,0.0,0.0,0.0,0.0,0.0,0.0,0.0,0.0,0.0,0.0,0.0,0.0,0.0,0.0,0.0,0.0,0.0,0.0,0.0,0.0,0.0,0.0,0.0,0.0,0.0,0.0,0.0,0.0
B02012,99000000439,Synthetic Census Tract 99000000439,1.0,Total:,0.0,21.007852486299665,+/-20,12.604711491779799,0.0,0.0,0.0,0.0,0.0,0.0,0.0,0.0,0.0,0.0,0.0,0.0,0.0,0.0,0.0,0.0,0.0,0.0,0.0,0.0,0.0,0.0,0.0,0.0,0.0,0.0,0.0,0.0,0.0,0.0,0.0,0.0,0.0,0.0,0.0,0.0,0.0,0.0,0.0,0.0,0.0,0.0,0.0,0.0,0.0,0.0,0.0,0.0,0.0,0.0,0.0,0.0,0.0,0.0,0.0,0.0,0.0,0.0,0.0,0.0,0.0,0.0,0.0,0.0,0.0,0.0,0.0,0.0,0.0,0.0,0.0,0.0,0.0,0.0,0.0,0.0,0.0,0.0,0.0,0.0
B02012,99000000440,Synthetic Census Tract 99000000440,1.0,Total:,0.0,20.163426547779807,+/-20,12.098055928667883,0.0,0.0,0.0,0.0,0.0,0.0,0.0,0.0,0.0,0.0,0.0,0.0,0.0,0.0,0.0,0.0,0.0,0.0,0.0,0.0,0.0,0.0,0.0,0.0,0.0,0.0,0.0,0.0,0.0,0.0,0.0,0.0,0.0,0.0,0.0,0.0,0.0,0.0,0.0,0.0,0.0,0.0,0.0,0.0,0.0,0.0,0.0,0.0,0.0,0.0,0.0,0.0,0.0,0.0,0.0,0.0,0.0,0.0,0.0,0.0,0.0,0.0,0.0,0.0,0.0,0.0,0.0,0.0,0.0,0.0,0.0,0.0,0.0,0.0,0.0,0.0,0.0,0.0,0.0,0.0
B02012,99000000441,Synthetic Census Tract 99000000441,1.0,Total:,0.0,19.138163500447302,+/-20,11.482898100268383,0.0,0.0,0.0,0.0,0.0,0.0,0.0,0.0,0.0,0.0,0.0,0.0,0.0,0.0,0.0,0.0,0.0,0.0,0.0,0.0,0.0,0.0,0.0,0.0,0.0,0.0,0.0,0.0,0.0,0.0,0.0,0.0,0.0,0.0,0.0,0.0,0.0,0.0,0.0,0.0,0.0,0.0,0.0,0.0,0.0,0.0,0.0,0.0,0.0,0.0,0.0,0.0,0.0,0.0,0.0,0.0,0.0,0.0,0.0,0.0,0.0,0.0,0.0,0.0,0.0,0.0,0.0,0.0,0.0,0.0,0.0,0.0,0.0,0.0,0.0,0.0,0.0,0.0,0.0,0.0
B02012,99000000442,Synthetic Census Tract 99000000442,1.0,Total:,0.0,21.587987195091983,+/-20,12.952792317055192,0.0,0.0,0.0,0.0,0.0,0.0,0.0,0.0,0.0,0.0,0.0,0.0,0.0,0.0,0.0,0.0,0.0,0.0,0.0,0.0,0.0,0.0,0.0,0.0,0.0,0.0,0.0,0.0,0.0,0.0,0.0,0.0,0.0,0.0,0.0,0.0,0.0,0.0,0.0,0.0,0.0,0.0,0.0,0.0,0.0,0.0,0.0,0.0,0.0,0.0,0.0,0.0,0.0,0.0,0.0,0.0,0.0,0.0,0.0,0.0,0.0,0.0,0.0,0.0,0.0,0.0,0.0,0.0,0.0,0.0,0.0,0.0,0.0,0.0,0.0,0.0,0.0,0.0,0.0,0.0
B02012,99000000443,Synthetic Census Tract 99000000443,1.0,Total:,6.629135963632924,19.88740789089877,+/-21,12.311252503889715,6.629135963632924,11.364233080513584,8.523174810385187,13.258271927265849,7.576155387009056,8.523174810385187,13.258271927265849,9.470194233761319,4.7350971168806595,0.0,0.0,0.947019423376132,6.629135963632924,8.523174810385187,11.364233080513584,0.0,5.682116540256792,9.470194233761319,0.0,0.0,6.629135963632924,0.0,0.0,0.0,4.7350971168806595,8.523174810385187,13.258271927265849,9.470194233761319,4.7350971168806595,9.470194233761319,8.523174810385187,12.311252503889715,10.417213657137452,0.0,7.576155387009056,12.311252503889715,8.523174810385187,8.523174810385187,7.576155387009056,15.152310774018112,5.682116540256792,12.311252503889715,30.304621548036224,13.258271927265849,7.576155387009056,4.7350971168806595,3.788077693504528,5.682116540256792,8.523174810385187,0.0,0.947019423376132,0.0,3.788077693504528,14.20529135064198,4.7350971168806595,0.0,4.7350971168806595,4.7350971168806595,0.0,0.0,8.523174810385187,0.0,0.0,0.0,4.7350971168806595,4.7350971168806595,3.788077693504528,4.7350971168806595,8.523174810385187,10.417213657137452,31.251640971412357,12.311252503889715,4.7350971168806595,0.0,4.7350971168806595,13.258271927265849,7.576155387009056,4.7350971168806595,14.20529135064198,12.311252503889715
B02012,99000000444,Synthetic Census Tract 99000000444,1.0,Total:,23.16164510648005,31.84726202141007,+/-33,19.30137092206671,8.68561691493002,22.196576560376716,7.720548368826684,25.091782198686722,19.30137092206671,22.196576560376716,27.98698783699673,7.720548368826684,9.650685461033355,18.336302375963374,22.196576560376716,10.61575400713669,27.98698783699673,22.196576560376716,10.61575400713669,10.61575400713669,7.720548368826684,8.68561691493002,21.23150801427338,31.84726202141007,21.23150801427338,31.84726202141007,23.16164510648005,32.812330567513406,37.63767329803008,23.16164510648005,36.67260475192675,23.16164510648005,26.056850744790058,45.358221666856764,29.9171249292034,17.37123382986004,42.46301602854676,39.56781039023676,17.37123382986004,29.9171249292034,27.021919290893393,25.091782198686722,28.952056383100064,35.707536205823416,34.74246765972008,25.091782198686722,27.021919290893393,27.98698783699673,18.336302375963374,27.98698783699673,29.9171249292034,31.84726202141007,34.74246765972008,21.23150801427338,24.126713652583387,37.63767329803008,18.336302375963374,24.126713652583387,37.63767329803008,28.952056383100064,27.98698783699673,27.021919290893393,21.23150801427338,24.126713652583387,22.196576560376716,8.68561691493002,27.021919290893393,10.61575400713669,7.720548368826684,8.68561691493002,6.755479822723348,20.266439468170045,23.16164510648005,14.476028191550032,8.68561691493002,19.30137092206671,11.580822553240026,9.650685461033355,30.882193475306735,24.126713652583387,27.98698783699673,27.021919290893393,8.68561691493002,8.68561691493002
B02012,99000000445,Synthetic Census Tract 99000000445,1.0,Total:,54.09064814422949,68.15421666172917,+/-63,41.10889258961441,68.15421666172917,27.045324072114745,25.963511109230154,43.272518515383595,69.23602962461375,73.56328147615211,47.59977036692195,42.190705552499004,65.99059073595998,24.881698146345567,14.063568517499668,49.763396292691134,70.31784258749833,93.03591480807472,67.07240369884457,63.8269648101908,53.0088351813449,60.58152592153703,85.46322406788259,51.92702221846031,59.49971295865244,23.799885183460976,28.127137034999336,47.59977036692195,69.23602962461375,74.6450944390367,46.51795740403736,43.272518515383595,65.99059073595998,25.963511109230154,16.227194443268846,47.59977036692195,70.31784258749833,97.36316665961309,67.07240369884457,67.07240369884457,51.92702221846031,63.8269648101908,94.11772777095932,49.763396292691134,57.33608703288326,23.799885183460976,25.963511109230154,44.354331478268186,71.39965555038293,76.80872036480588,46.51795740403736,41.10889258961441,64.90877777307539,25.963511109230154,14.063568517499668,49.763396292691134,65.99059073595998,88.70866295653637,69.23602962461375,67.07240369884457,57.33608703288326,63.8269648101908,85.46322406788259,53.0088351813449,61.66333888442162,27.045324072114745,23.799885183460976,40.02707962672982,69.23602962461375,78.97234629057506,49.763396292691134,41.10889258961441,58.417899995767854,25.963511109230154,15.145381480384257,50.845209255575725,71.39965555038293,95.1995407338439,64.90877777307539,62.74515184730621,55.17246110711408,71.39965555038293,85.46322406788259,50.845209255575725
B02012,99000000446,Synthetic Census Tract 99000000446,1.0,Total:,0.0,14.082717754798203,+/-14,9.05317569951313,0.0,0.0,0.0,0.0,0.0,0.0,0.0,0.0,0.0,0.0,0.0,0.0,0.0,0.0,0.0,0.0,0.0,0.0,0.0,0.0,0.0,0.0,0.0,0.0,0.0,0.0,0.0,0.0,0.0,0.0,0.0,0.0,0.0,0.0,0.0,0.0,0.0,0.0,0.0,0.0,0.0,0.0,0.0,0.0,0.0,0.0,0.0,0.0,0.0,0.0,0.0,0.0,0.0,0.0,0.0,0.0,0.0,0.0,0.0,0.0,0.0,0.0,0.0,0.0,0.0,0.0,0.0,0.0,0.0,0.0,0.0,0.0,0.0,0.0,0.0,0.0,0.0,0.0,0.0,0.0
B02012,99000000447,Synthetic Census Tract 99000000447,1.0,Total:,0.0,20.969271797671908,+/-20,12.581563078603146,0.0,0.0,0.0,0.0,0.0,0.0,0.0,0.0,0.0,0.0,0.0,0.0,0.0,0.0,0.0,0.0,0.0,0.0,0.0,0.0,0.0,0.0,0.0,0.0,0.0,0.0,0.0,0.0,0.0,0.0,0.0,0.0,0.0,0.0,0.0,0.0,0.0,0.0,0.0,0.0,0.0,0.0,0.0,0.0,0.0,0.0,0.0,0.0,0.0,0.0,0.0,0.0,0.0,0.0,0.0,0.0,0.0,0.0,0.0,0.0,0.0,0.0,0.0,0.0,0.0,0.0,0.0,0.0,0.0,0.0,0.0,0.0,0.0,0.0,0.0,0.0,0.0,0.0,0.0,0.0
B02012,99000000448,Synthetic Census Tract 99000000448,1.0,Total:,0.0,20.362979176655067,+/-20,12.217787505993039,0.0,0.0,0.0,0.0,0.0,0.0,0.0,0.0,0.0,0.0,0.0,0.0,0.0,0.0,0.0,0.0,0.0,0.0,0.0,0.0,0.0,0.0,0.0,0.0,0.0,0.0,0.0,0.0,0.0,0.0,0.0,0.0,0.0,0.0,0.0,0.0,0.0,0.0,0.0,0.0,0.0,0.0,0.0,0.0,0.0,0.0,0.0,0.0,0.0,0.0,0.0,0.0,0.0,0.0,0.0,0.0,0.0,0.0,0.0,0.0,0.0,0.0,0.0,0.0,0.0,0.0,0.0,0.0,0.0,0.0,0.0,0.0,0.0,0.0,0.0,0.0,0.0,0.0,0.0,0.0
B02012,99000000449,Synthetic Census Tract 99000000449,1.0,Total:,0.0,20.613756836037986,+/-20,12.36825410162279,0.0,0.0,0.0,0.0,0.0,0.0,0.0,0.0,0.0,0.0,0.0,0.0,0.0,0.0,0.0,0.0,0.0,0.0,0.0,0.0,0.0,0.0,0.0,0.0,0.0,0.0,0.0,0.0,0.0,0.0,0.0,0.0,0.0,0.0,0.0,0.0,0.0,0.0,0.0,0.0,0.0,0.0,0.0,0.0,0.0,0.0,0.0,0.0,0.0,0.0,0.0,0.0,0.0,0.0,0.0,0.0,0.0,0.0,0.0,0.0,0.0,0.0,0.0,0.0,0.0,0.0,0.0,0.0,0.0,0.0,0.0,0.0,0.0,0.0,0.0,0.0,0.0,0.0,0.0,0.0
B02012,99000000450,Synthetic Census Tract 99000000450,1.0,Total:,23.037039799271163,25.91666977418006,+/-27,16.317903191150407,31.67592972399785,33.59568304060378,18.237656507756338,26.876546432483025,22.0771631409682,24.956793115877094,13.438273216241512,24.956793115877094,12.478396557938547,22.0771631409682,11.518519899635582,21.117286482665236,21.117286482665236,29.756176407391923,27.836423090785992,33.59568304060378,34.55555969890675,12.478396557938547,12.478396557938547,27.836423090785992,23.99691645757413,29.756176407391923,21.117286482665236,19.197533166059305,9.598766583029652,31.67592972399785,24.956793115877094,37.43518967381564,31.67592972399785,9.598766583029652,23.037039799271163,8.638889924726687,25.91666977418006,26.876546432483025,10.558643241332618,23.037039799271163,19.197533166059305,25.91666977418006,36.475313015512675,22.0771631409682,30.716053065694886,31.67592972399785,19.197533166059305,34.55555969890675,22.0771631409682,22.0771631409682,12.478396557938547,23.037039799271163,11.518519899635582,23.99691645757413,10.558643241332618,23.99691645757413,24.956793115877094,36.475313015512675,23.99691645757413,25.91666977418006,31.67592972399785,9.598766583029652,10.558643241332618,30.716053065694886,23.037039799271163,23.99691645757413,25.91666977418006,20.15740982436227,13.438273216241512,37.43518967381564,21.117286482665236,32.635806382300814,26.876546432483025,9.598766583029652,20.15740982436227,9.598766583029652,35.515436357209715,21.117286482665236,9.598766583029652,18.237656507756338,20.15740982436227,28.796299749088956,24.956793115877094,22.0771631409682
B02012,99000000451,Synthetic Census Tract 99000000451,1.0,Total:,0.0,13.275841772554656,+/-14,8.534469710927993,0.0,0.0,0.0,0.0,0.0,0.0,0.0,0.0,0.0,0.0,0.0,0.0,0.0,0.0,0.0,0.0,0.0,0.0,0.0,0.0,0.0,0.0,0.0,0.0,0.0,0.0,0.0,0.0,0.0,0.0,0.0,0.0,0.0,0.0,0.0,0.0,0.0,0.0,0.0,0.0,0.0,0.0,0.0,0.0,0.0,0.0,0.0,0.0,0.0,0.0,0.0,0.0,0.0,0.0,0.0,0.0,0.0,0.0,0.0,0.0,0.0,0.0,0.0,0.0,0.0,0.0,0.0,0.0,0.0,0.0,0.0,0.0,0.0,0.0,0.0,0.0,0.0,0.0,0.0,0.0
B02012,99000000452,Synthetic Census Tract 99000000452,1.0,Total:,0.0,19.289969388674663,+/-20,11.573981633204797,0.0,0.0,0.0,0.0,0.0,0.0,0.0,0.0,0.0,0.0,0.0,0.0,0.0,0.0,0.0,0.0,0.0,0.0,0.0,0.0,0.0,0.0,0.0,0.0,0.0,0.0,0.0,0.0,0.0,0.0,0.0,0.0,0.0,0.0,0.0,0.0,0.0,0.0,0.0,0.0,0.0,0.0,0.0,0.0,0.0,0.0,0.0,0.0,0.0,0.0,0.0,0.0,0.0,0.0,0.0,0.0,0.0,0.0,0.0,0.0,0.0,0.0,0.0,0.0,0.0,0.0,0.0,0.0,0.0,0.0,0.0,0.0,0.0,0.0,0.0,0.0,0.0,0.0,0.0,0.0
B02012,99000000453,Synthetic Census Tract 99000000453,1.0,Total:,10.24197144098353,16.75958963070032,+/-18,10.24197144098353,19.552854569150373,11.173059753800214,8.37979481535016,14.897413005066952,12.104148066616897,16.75958963070032,11.173059753800214,11.173059753800214,9.310883128166845,3.724353251266738,12.104148066616897,3.724353251266738,9.310883128166845,9.310883128166845,4.655441564083422,10.24197144098353,15.828501317883635,3.724353251266738,2.7932649384500534,2.7932649384500534,1.862176625633369,10.24197144098353,10.24197144098353,3.724353251266738,13.035236379433583,2.7932649384500534,12.104148066616897,12.104148066616897,10.24197144098353,17.690677943517006,9.310883128166845,13.035236379433583,11.173059753800214,12.104148066616897,13.035236379433583,13.035236379433583,3.724353251266738,13.966324692250268,17.690677943517006,3.724353251266738,4.655441564083422,10.24197144098353,8.37979481535016,3.724353251266738,8.37979481535016,3.724353251266738,12.104148066616897,10.24197144098353,8.37979481535016,13.966324692250268,11.173059753800214,12.104148066616897,8.37979481535016,12.104148066616897,17.690677943517006,10.24197144098353,3.724353251266738,17.690677943517006,16.75958963070032,23.27720782041711,15.828501317883635,13.035236379433583,9.310883128166845,16.75958963070032,11.173059753800214,22.346119507600427,9.310883128166845,9.310883128166845,12.104148066616897,3.724353251266738,10.24197144098353,3.724353251266738,11.173059753800214,12.104148066616897,2.7932649384500534,9.310883128166845,18.62176625633369,3.724353251266738,4.655441564083422,22.346119507600427
B02012,99000000454,Synthetic Census Tract 99000000454,1.0,Total:,10.748628730581615,19.34753171504691,+/-18,11.823491603639777,9.673765857523454,10.748628730581615,20.422394588105067,11.823491603639777,19.34753171504691,20.422394588105067,5.374314365290807,3.224588619174485,13.9732173497561,10.748628730581615,10.748628730581615,9.673765857523454,16.122943095872422,5.374314365290807,11.823491603639777,8.598902984465292,11.823491603639777,17.197805968930584,4.299451492232646,3.224588619174485,10.748628730581615,12.89835447669794,16.122943095872422,7.524040111407131,18.272668841988747,21.49725746116323,4.299451492232646,4.299451492232646,11.823491603639777,16.122943095872422,10.748628730581615,12.89835447669794,20.422394588105067,4.299451492232646,11.823491603639777,10.748628730581615,10.748628730581615,16.122943095872422,5.374314365290807,3.224588619174485,10.748628730581615,12.89835447669794,17.197805968930584,9.673765857523454,13.9732173497561,29.02129757257036,3.224588619174485,4.299451492232646,11.823491603639777,11.823491603639777,12.89835447669794,11.823491603639777,19.34753171504691,4.299451492232646,10.748628730581615,18.272668841988747,9.673765857523454,17.197805968930584,4.299451492232646,4.299451492232646,10.748628730581615,13.9732173497561,22.572120334221392,12.89835447669794,22.572120334221392,20.422394588105067,4.299451492232646,4.299451492232646,12.89835447669794,6.44917723834897,7.524040111407131,10.748628730581615,13.9732173497561,5.374314365290807,13.9732173497561,9.673765857523454,8.598902984465292,24.721846080337716,3.224588619174485,3.224588619174485
B02012,99000000455,Synthetic Census Tract 99000000455,1.0,Total:,0.0,19.13298773300046,+/-20,11.479792639800275,0.0,0.0,0.0,0.0,0.0,0.0,0.0,0.0,0.0,0.0,0.0,0.0,0.0,0.0,0.0,0.0,0.0,0.0,0.0,0.0,0.0,0.0,0.0,0.0,0.0,0.0,0.0,0.0,0.0,0.0,0.0,0.0,0.0,0.0,0.0,0.0,0.0,0.0,0.0,0.0,0.0,0.0,0.0,0.0,0.0,0.0,0.0,0.0,0.0,0.0,0.0,0.0,0.0,0.0,0.0,0.0,0.0,0.0,0.0,0.0,0.0,0.0,0.0,0.0,0.0,0.0,0.0,0.0,0.0,0.0,0.0,0.0,0.0,0.0,0.0,0.0,0.0,0.0,0.0,0.0
B02012,99000000456,Synthetic Census Tract 99000000456,1.0,Total:,0.0,20.24595757765754,+/-20,12.147574546594523,0.0,0.0,0.0,0.0,0.0,0.0,0.0,0.0,0.0,0.0,0.0,0.0,0.0,0.0,0.0,0.0,0.0,0.0,0.0,0.0,0.0,0.0,0.0,0.0,0.0,0.0,0.0,0.0,0.0,0.0,0.0,0.0,0.0,0.0,0.0,0.0,0.0,0.0,0.0,0.0,0.0,0.0,0.0,0.0,0.0,0.0,0.0,0.0,0.0,0.0,0.0,0.0,0.0,0.0,0.0,0.0,0.0,0.0,0.0,0.0,0.0,0.0,0.0,0.0,0.0,0.0,0.0,0.0,0.0,0.0,0.0,0.0,0.0,0.0,0.0,0.0,0.0,0.0,0.0,0.0
B02012,99000000457,Synthetic Census Tract 99000000457,1.0,Total:,0.0,14.81752839039585,+/-14,9.525553965254474,0.0,0.0,0.0,0.0,0.0,0.0,0.0,0.0,0.0,0.0,0.0,0.0,0.0,0.0,0.0,0.0,0.0,0.0,0.0,0.0,0.0,0.0,0.0,0.0,0.0,0.0,0.0,0.0,0.0,0.0,0.0,0.0,0.0,0.0,0.0,0.0,0.0,0.0,0.0,0.0,0.0,0.0,0.0,0.0,0.0,0.0,0.0,0.0,0.0,0.0,0.0,0.0,0.0,0.0,0.0,0.0,0.0,0.0,0.0,0.0,0.0,0.0,0.0,0.0,0.0,0.0,0.0,0.0,0.0,0.0,0.0,0.0,0.0,0.0,0.0,0.0,0.0,0.0,0.0,0.0
B02012,99000000458,Synthetic Census Tract 99000000458,1.0,Total:,36.98676876563,60.235594846883146,+/-57,36.98676876563,43.32735769688086,12.681177862501714,15.851472328127143,58.122065203132856,14.794707506252,63.40588931250857,43.32735769688086,40.15706323125543,66.576183778134,69.74647824375943,31.702944656254285,28.532650190628857,14.794707506252,51.781476271882,43.32735769688086,13.737942684376858,35.930003943754855,41.21382805313057,26.41912054687857,11.624413040626571,12.681177862501714,25.36235572500343,39.10029840938029,36.98676876563,31.702944656254285,65.51941895625886,12.681177862501714,36.98676876563,59.178830025008,62.34912449063343,57.065300381257714,10.56764821875143,32.75970947812943,35.930003943754855,39.10029840938029,33.81647430000457,76.08706717501029,49.667946628131716,10.56764821875143,34.87323912187971,23.248826081253142,11.624413040626571,10.56764821875143,67.63294860000914,13.737942684376858,44.384122518756,22.192061259378,61.29235966875829,53.89500591563229,53.89500591563229,31.702944656254285,31.702944656254285,12.681177862501714,72.91677270938486,47.554416984381426,13.737942684376858,26.41912054687857,65.51941895625886,27.475885368753715,13.737942684376858,11.624413040626571,27.475885368753715,46.497652162506284,36.98676876563,53.89500591563229,50.72471145000686,12.681177862501714,50.72471145000686,38.043533587505145,50.72471145000686,50.72471145000686,21.13529643750286,61.29235966875829,48.611181806256575,47.554416984381426,38.043533587505145,49.667946628131716,61.29235966875829,12.681177862501714,36.98676876563
B02012,99000000459,Synthetic Census Tract 99000000459,1.0,Total:,0.0,13.82748152403574,+/-14,8.889095265451548,0.0,0.0,0.0,0.0,0.0,0.0,0.0,0.0,0.0,0.0,0.0,0.0,0.0,0.0,0.0,0.0,0.0,0.0,0.0,0.0,0.0,0.0,0.0,0.0,0.0,0.0,0.0,0.0,0.0,0.0,0.0,0.0,0.0,0.0,0.0,0.0,0.0,0.0,0.0,0.0,0.0,0.0,0.0,0.0,0.0,0.0,0.0,0.0,0.0,0.0,0.0,0.0,0.0,0.0,0.0,0.0,0.0,0.0,0.0,0.0,0.0,0.0,0.0,0.0,0.0,0.0,0.0,0.0,0.0,0.0,0.0,0.0,0.0,0.0,0.0,0.0,0.0,0.0,0.0,0.0
B02012,99000000460,Synthetic Census Tract 99000000460,1.0,Total:,0.0,19.9050292343469,+/-20,11.943017540608142,0.0,0.0,0.0,0.0,0.0,0.0,0.0,0.0,0.0,0.0,0.0,0.0,0.0,0.0,0.0,0.0,0.0,0.0,0.0,0.0,0.0,0.0,0.0,0.0,0.0,0.0,0.0,0.0,0.0,0.0,0.0,0.0,0.0,0.0,0.0,0.0,0.0,0.0,0.0,0.0,0.0,0.0,0.0,0.0,0.0,0.0,0.0,0.0,0.0,0.0,0.0,0.0,0.0,0.0,0.0,0.0,0.0,0.0,0.0,0.0,0.0,0.0,0.0,0.0,0.0,0.0,0.0,0.0,0.0,0.0,0.0,0.0,0.0,0.0,0.0,0.0,0.0,0.0,0.0,0.0
B02012,99000000461,Synthetic Census Tract 99000000461,1.0,Total:,0.0,15.385164897018068,+/-14,9.890463148083045,0.0,0.0,0.0,0.0,0.0,0.0,0.0,0.0,0.0,0.0,0.0,0.0,0.0,0.0,0.0,0.0,0.0,0.0,0.0,0.0,0.0,0.0,0.0,0.0,0.0,0.0,0.0,0.0,0.0,0.0,0.0,0.0,0.0,0.0,0.0,0.0,0.0,0.0,0.0,0.0,0.0,0.0,0.0,0.0,0.0,0.0,0.0,0.0,0.0,0.0,0.0,0.0,0.0,0.0,0.0,0.0,0.0,0.0,0.0,0.0,0.0,0.0,0.0,0.0,0.0,0.0,0.0,0.0,0.0,0.0,0.0,0.0,0.0,0.0,0.0,0.0,0.0,0.0,0.0,0.0
B02012,99000000462,Synthetic Census Tract 99000000462,1.0,Total:,0.0,14.48887293554127,+/-14,9.314275458562244,0.0,0.0,0.0,0.0,0.0,0.0,0.0,0.0,0.0,0.0,0.0,0.0,0.0,0.0,0.0,0.0,0.0,0.0,0.0,0.0,0.0,0.0,0.0,0.0,0.0,0.0,0.0,0.0,0.0,0.0,0.0,0.0,0.0,0.0,0.0,0.0,0.0,0.0,0.0,0.0,0.0,0.0,0.0,0.0,0.0,0.0,0.0,0.0,0.0,0.0,0.0,0.0,0.0,0.0,0.0,0.0,0.0,0.0,0.0,0.0,0.0,0.0,0.0,0.0,0.0,0.0,0.0,0.0,0.0,0.0,0.0,0.0,0.0,0.0,0.0,0.0,0.0,0.0,0.0,0.0
B02012,99000000463,Synthetic Census Tract 99000000463,1.0,Total:,24.44733683834226,28.699047592836568,+/-27,18.069770706600803,35.076613724578024,35.076613724578024,25.510264526965837,21.25855377247153,21.25855377247153,26.573192215589415,31.887830658707298,22.321481461095107,20.195626083847955,46.76881829943737,26.573192215589415,17.006843017977225,12.755132263482919,20.195626083847955,18.069770706600803,14.880987640730073,38.265396790448754,28.699047592836568,36.139541413201606,19.132698395224377,12.755132263482919,21.25855377247153,14.880987640730073,40.39125216769591,21.25855377247153,19.132698395224377,23.384409149718685,25.510264526965837,24.44733683834226,22.321481461095107,27.63611990421299,25.510264526965837,34.01368603595445,20.195626083847955,20.195626083847955,38.265396790448754,9.566349197612189,17.006843017977225,15.943915329353649,23.384409149718685,36.139541413201606,17.006843017977225,37.20246910182518,20.195626083847955,18.069770706600803,13.818059952106495,19.132698395224377,12.755132263482919,29.761975281460145,26.573192215589415,23.384409149718685,13.818059952106495,10.629276886235765,19.132698395224377,27.63611990421299,23.384409149718685,34.01368603595445,22.321481461095107,36.139541413201606,26.573192215589415,14.880987640730073,29.761975281460145,15.943915329353649,30.82490297008372,26.573192215589415,27.63611990421299,22.321481461095107,44.642962922190215,25.510264526965837,21.25855377247153,19.132698395224377,36.139541413201606,26.573192215589415,17.006843017977225,25.510264526965837,48.89467367668452,26.573192215589415,45.70589061081379,9.566349197612189,28.699047592836568
B02012,99000000464,Synthetic Census Tract 99000000464,1.0,Total:,22.690726670720778,34.57634540300309,+/-32,21.61021587687693,8.644086350750772,30.254302227627704,28.09328063994001,27.012769846096162,19.449194289189236,6.483064763063079,24.85174825840847,27.012769846096162,47.54247492912925,31.33481302147155,7.563575556906926,14.046640319970004,46.4619641352854,30.254302227627704,11.885618732282312,49.70349651681694,39.97889937222232,30.254302227627704,18.36868349534539,25.932259052252316,34.57634540300309,19.449194289189236,28.09328063994001,19.449194289189236,19.449194289189236,22.690726670720778,18.36868349534539,18.36868349534539,8.644086350750772,7.563575556906926,27.012769846096162,28.09328063994001,6.483064763063079,17.288172701501544,32.415323815315396,10.805107938438464,9.724597144594618,29.173791433783855,21.61021587687693,18.36868349534539,7.563575556906926,19.449194289189236,17.288172701501544,29.173791433783855,20.529705083033083,11.885618732282312,27.012769846096162,22.690726670720778,33.49583460915924,31.33481302147155,10.805107938438464,10.805107938438464,33.49583460915924,21.61021587687693,7.563575556906926,27.012769846096162,25.932259052252316,18.36868349534539,23.771237464564624,23.771237464564624,34.57634540300309,23.771237464564624,24.85174825840847,29.173791433783855,30.254302227627704,50.78400731066078,22.690726670720778,19.449194289189236,8.644086350750772,11.885618732282312,49.70349651681694,23.771237464564624,12.966129526126158,30.254302227627704,37.81787778453463,8.644086350750772,12.966129526126158,27.012769846096162,24.85174825840847,29.173791433783855
B02012,99000000465,Synthetic Census Tract 99000000465,1.0,Total:,0.0,14.80525154144215,+/-14,9.517661705212811,0.0,0.0,0.0,0.0,0.0,0.0,0.0,0.0,0.0,0.0,0.0,0.0,0.0,0.0,0.0,0.0,0.0,0.0,0.0,0.0,0.0,0.0,0.0,0.0,0.0,0.0,0.0,0.0,0.0,0.0,0.0,0.0,0.0,0.0,0.0,0.0,0.0,0.0,0.0,0.0,0.0,0.0,0.0,0.0,0.0,0.0,0.0,0.0,0.0,0.0,0.0,0.0,0.0,0.0,0.0,0.0,0.0,0.0,0.0,0.0,0.0,0.0,0.0,0.0,0.0,0.0,0.0,0.0,0.0,0.0,0.0,0.0,0.0,0.0,0.0,0.0,0.0,0.0,0.0,0.0
B02012,99000000466,Synthetic Census Tract 99000000466,1.0,Total:,0.0,13.11850216586999,+/-14,8.433322820916421,0.0,0.0,0.0,0.0,0.0,0.0,0.0,0.0,0.0,0.0,0.0,0.0,0.0,0.0,0.0,0.0,0.0,0.0,0.0,0.0,0.0,0.0,0.0,0.0,0.0,0.0,0.0,0.0,0.0,0.0,0.0,0.0,0.0,0.0,0.0,0.0,0.0,0.0,0.0,0.0,0.0,0.0,0.0,0.0,0.0,0.0,0.0,0.0,0.0,0.0,0.0,0.0,0.0,0.0,0.0,0.0,0.0,0.0,0.0,0.0,0.0,0.0,0.0,0.0,0.0,0.0,0.0,0.0,0.0,0.0,0.0,0.0,0.0,0.0,0.0,0.0,0.0,0.0,0.0,0.0
B02012,99000000467,Synthetic Census Tract 99000000467,1.0,Total:,0.0,14.174078054465202,+/-14,9.11190732072763,0.0,0.0,0.0,0.0,0.0,0.0,0.0,0.0,0.0,0.0,0.0,0.0,0.0,0.0,0.0,0.0,0.0,0.0,0.0,0.0,0.0,0.0,0.0,0.0,0.0,0.0,0.0,0.0,0.0,0.0,0.0,0.0,0.0,0.0,0.0,0.0,0.0,0.0,0.0,0.0,0.0,0.0,0.0,0.0,0.0,0.0,0.0,0.0,0.0,0.0,0.0,0.0,0.0,0.0,0.0,0.0,0.0,0.0,0.0,0.0,0.0,0.0,0.0,0.0,0.0,0.0,0.0,0.0,0.0,0.0,0.0,0.0,0.0,0.0,0.0,0.0,0.0,0.0,0.0,0.0
B02012,99000000468,Synthetic Census Tract 99000000468,1.0,Total:,0.0,18.40757662925818,+/-20,11.044545977554908,0.0,0.0,0.0,0.0,0.0,0.0,0.0,0.0,0.0,0.0,0.0,0.0,0.0,0.0,0.0,0.0,0.0,0.0,0.0,0.0,0.0,0.0,0.0,0.0,0.0,0.0,0.0,0.0,0.0,0.0,0.0,0.0,0.0,0.0,0.0,0.0,0.0,0.0,0.0,0.0,0.0,0.0,0.0,0.0,0.0,0.0,0.0,0.0,0.0,0.0,0.0,0.0,0.0,0.0,0.0,0.0,0.0,0.0,0.0,0.0,0.0,0.0,0.0,0.0,0.0,0.0,0.0,0.0,0.0,0.0,0.0,0.0,0.0,0.0,0.0,0.0,0.0,0.0,0.0,0.0
B02012,99000000469,Synthetic Census Tract 99000000469,1.0,Total:,0.0,20.611688506255994,+/-20,12.367013103753598,0.0,0.0,0.0,0.0,0.0,0.0,0.0,0.0,0.0,0.0,0.0,0.0,0.0,0.0,0.0,0.0,0.0,0.0,0.0,0.0,0.0,0.0,0.0,0.0,0.0,0.0,0.0,0.0,0.0,0.0,0.0,0.0,0.0,0.0,0.0,0.0,0.0,0.0,0.0,0.0,0.0,0.0,0.0,0.0,0.0,0.0,0.0,0.0,0.0,0.0,0.0,0.0,0.0,0.0,0.0,0.0,0.0,0.0,0.0,0.0,0.0,0.0,0.0,0.0,0.0,0.0,0.0,0.0,0.0,0.0,0.0,0.0,0.0,0.0,0.0,0.0,0.0,0.0,0.0,0.0
B02012,99000000470,Synthetic Census Tract 99000000470,1.0,Total:,0.0,21.821397712751246,+/-20,13.092838627650746,0.0,0.0,0.0,0.0,0.0,0.0,0.0,0.0,0.0,0.0,0.0,0.0,0.0,0.0,0.0,0.0,0.0,0.0,0.0,0.0,0.0,0.0,0.0,0.0,0.0,0.0,0.0,0.0,0.0,0.0,0.0,0.0,0.0,0.0,0.0,0.0,0.0,0.0,0.0,0.0,0.0,0.0,0.0,0.0,0.0,0.0,0.0,0.0,0.0,0.0,0.0,0.0,0.0,0.0,0.0,0.0,0.0,0.0,0.0,0.0,0.0,0.0,0.0,0.0,0.0,0.0,0.0,0.0,0.0,0.0,0.0,0.0,0.0,0.0,0.0,0.0,0.0,0.0,0.0,0.0
B02012,99000000471,Synthetic Census Tract 99000000471,1.0,Total:,0.0,20.050928257200447,+/-20,12.030556954320268,0.0,0.0,0.0,0.0,0.0,0.0,0.0,0.0,0.0,0.0,0.0,0.0,0.0,0.0,0.0,0.0,0.0,0.0,0.0,0.0,0.0,0.0,0.0,0.0,0.0,0.0,0.0,0.0,0.0,0.0,0.0,0.0,0.0,0.0,0.0,0.0,0.0,0.0,0.0,0.0,0.0,0.0,0.0,0.0,0.0,0.0,0.0,0.0,0.0,0.0,0.0,0.0,0.0,0.0,0.0,0.0,0.0,0.0,0.0,0.0,0.0,0.0,0.0,0.0,0.0,0.0,0.0,0.0,0.0,0.0,0.0,0.0,0.0,0.0,0.0,0.0,0.0,0.0,0.0,0.0
B02012,99000000472,Synthetic Census Tract 99000000472,1.0,Total:,0.0,13.81232298002975,+/-14,8.879350487161982,0.0,0.0,0.0,0.0,0.0,0.0,0.0,0.0,0.0,0.0,0.0,0.0,0.0,0.0,0.0,0.0,0.0,0.0,0.0,0.0,0.0,0.0,0.0,0.0,0.0,0.0,0.0,0.0,0.0,0.0,0.0,0.0,0.0,0.0,0.0,0.0,0.0,0.0,0.0,0.0,0.0,0.0,0.0,0.0,0.0,0.0,0.0,0.0,0.0,0.0,0.0,0.0,0.0,0.0,0.0,0.0,0.0,0.0,0.0,0.0,0.0,0.0,0.0,0.0,0.0,0.0,0.0,0.0,0.0,0.0,0.0,0.0,0.0,0.0,0.0,0.0,0.0,0.0,0.0,0.0
B02012,99000000473,Synthetic Census Tract 99000000473,1.0,Total:,0.0,12.700359703970857,+/-14,8.164516952552693,0.0,0.0,0.0,0.0,0.0,0.0,0.0,0.0,0.0,0.0,0.0,0.0,0.0,0.0,0.0,0.0,0.0,0.0,0.0,0.0,0.0,0.0,0.0,0.0,0.0,0.0,0.0,0.0,0.0,0.0,0.0,0.0,0.0,0.0,0.0,0.0,0.0,0.0,0.0,0.0,0.0,0.0,0.0,0.0,0.0,0.0,0.0,0.0,0.0,0.0,0.0,0.0,0.0,0.0,0.0,0.0,0.0,0.0,0.0,0.0,0.0,0.0,0.0,0.0,0.0,0.0,0.0,0.0,0.0,0.0,0.0,0.0,0.0,0.0,0.0,0.0,0.0,0.0,0.0,0.0
B02012,99000000474,Synthetic Census Tract 99000000474,1.0,Total:,0.0,15.287368662521818,+/-14,9.827594140192597,0.0,0.0,0.0,0.0,0.0,0.0,0.0,0.0,0.0,0.0,0.0,0.0,0.0,0.0,0.0,0.0,0.0,0.0,0.0,0.0,0.0,0.0,0.0,0.0,0.0,0.0,0.0,0.0,0.0,0.0,0.0,0.0,0.0,0.0,0.0,0.0,0.0,0.0,0.0,0.0,0.0,0.0,0.0,0.0,0.0,0.0,0.0,0.0,0.0,0.0,0.0,0.0,0.0,0.0,0.0,0.0,0.0,0.0,0.0,0.0,0.0,0.0,0.0,0.0,0.0,0.0,0.0,0.0,0.0,0.0,0.0,0.0,0.0,0.0,0.0,0.0,0.0,0.0,0.0,0.0
B02012,99000000475,Synthetic Census Tract 99000000475,1.0,Total:,32.22101878891112,52.47423059908381,+/-57,32.22101878891112,37.74462200986731,11.047206441912381,13.809008052390478,50.63302952543175,12.888407515564445,55.23603220956191,37.74462200986731,34.98282039938921,57.99783382004001,60.7596354305181,27.618016104780956,24.856214494302858,12.888407515564445,45.10942630447556,37.74462200986731,11.967806978738414,31.30041825208508,35.90342093621524,23.015013420650796,10.12660590508635,11.047206441912381,22.094412883824763,34.062219862563175,32.22101878891112,27.618016104780956,57.07723328321397,11.047206441912381,32.22101878891112,51.55363006225778,54.315431672735876,49.712428988605716,9.206005368260318,28.538616641606986,31.30041825208508,34.062219862563175,29.45921717843302,66.28323865147429,43.2682252308235,9.206005368260318,30.37981771525905,20.2532118101727,10.12660590508635,9.206005368260318,58.91843435686604,11.967806978738414,38.665222546693336,19.332611273346668,53.39483113590985,46.95062737812762,46.95062737812762,27.618016104780956,27.618016104780956,11.047206441912381,63.5214370409962,41.42702415717143,11.967806978738414,23.015013420650796,57.07723328321397,23.93561395747683,11.967806978738414,10.12660590508635,23.93561395747683,40.5064236203454,32.22101878891112,46.95062737812762,44.188825767649526,11.047206441912381,44.188825767649526,33.141619325737146,44.188825767649526,44.188825767649526,18.412010736520635,53.39483113590985,42.34762469399747,41.42702415717143,33.141619325737146,43.2682252308235,53.39483113590985,11.047206441912381,32.22101878891112
B02012,99000000476,Synthetic Census Tract 99000000476,1.0,Total:,38.14506438376072,52.67651748233623,+/-58,31.78755365313393,19.980748010541326,14.531453098575511,14.531453098575511,64.48332312492883,35.42041692777781,69.93261803689465,15.439668917236482,61.758675668945926,49.04365420769235,33.60398529045587,56.309380756980104,22.705395466524237,35.42041692777781,58.125812394302045,38.14506438376072,38.14506438376072,39.05328020242169,72.65726549287756,9.082158186609695,55.401164938319134,29.062906197151023,21.797179647863267,42.68614347706556,33.60398529045587,75.38191294886046,19.07253219188036,29.062906197151023,31.78755365313393,19.07253219188036,22.705395466524237,37.23684856509975,63.57510730626786,51.76830166367526,29.062906197151023,11.806805642592604,44.502575114387504,17.25610055455842,39.05328020242169,32.695769471794904,34.51220110911684,40.86971183974362,48.13543838903138,55.401164938319134,24.521827103846174,33.60398529045587,50.86008584501429,39.05328020242169,12.715021461253572,39.05328020242169,36.32863274643878,14.531453098575511,48.13543838903138,39.96149602108265,15.439668917236482,49.95187002635332,36.32863274643878,26.338258741168115,26.338258741168115,39.05328020242169,10.898589823931633,39.05328020242169,32.695769471794904,51.76830166367526,35.42041692777781,19.07253219188036,49.04365420769235,31.78755365313393,44.502575114387504,54.492949119658164,59.034028212963015,34.51220110911684,18.16431637321939,14.531453098575511,40.86971183974362,51.76830166367526,14.531453098575511,69.02440221823367,36.32863274643878,46.319006751709445,46.319006751709445
B02012,99000000477,Synthetic Census Tract 99000000477,1.0,Total:,0.0,13.288986512213828,+/-14,8.54291990070889,0.0,0.0,0.0,0.0,0.0,0.0,0.0,0.0,0.0,0.0,0.0,0.0,0.0,0.0,0.0,0.0,0.0,0.0,0.0,0.0,0.0,0.0,0.0,0.0,0.0,0.0,0.0,0.0,0.0,0.0,0.0,0.0,0.0,0.0,0.0,0.0,0.0,0.0,0.0,0.0,0.0,0.0,0.0,0.0,0.0,0.0,0.0,0.0,0.0,0.0,0.0,0.0,0.0,0.0,0.0,0.0,0.0,0.0,0.0,0.0,0.0,0.0,0.0,0.0,0.0,0.0,0.0,0.0,0.0,0.0,0.0,0.0,0.0,0.0,0.0,0.0,0.0,0.0,0.0,0.0
B02012,99000000478,Synthetic Census Tract 99000000478,1.0,Total:,0.0,12.783485214971472,+/-14,8.21795478105309,0.0,0.0,0.0,0.0,0.0,0.0,0.0,0.0,0.0,0.0,0.0,0.0,0.0,0.0,0.0,0.0,0.0,0.0,0.0,0.0,0.0,0.0,0.0,0.0,0.0,0.0,0.0,0.0,0.0,0.0,0.0,0.0,0.0,0.0,0.0,0.0,0.0,0.0,0.0,0.0,0.0,0.0,0.0,0.0,0.0,0.0,0.0,0.0,0.0,0.0,0.0,0.0,0.0,0.0,0.0,0.0,0.0,0.0,0.0,0.0,0.0,0.0,0.0,0.0,0.0,0.0,0.0,0.0,0.0,0.0,0.0,0.0,0.0,0.0,0.0,0.0,0.0,0.0,0.0,0.0
B02012,99000000479,Synthetic Census Tract 99000000479,1.0,Total:,0.0,13.874329958752934,+/-14,8.919212116341173,0.0,0.0,0.0,0.0,0.0,0.0,0.0,0.0,0.0,0.0,0.0,0.0,0.0,0.0,0.0,0.0,0.0,0.0,0.0,0.0,0.0,0.0,0.0,0.0,0.0,0.0,0.0,0.0,0.0,0.0,0.0,0.0,0.0,0.0,0.0,0.0,0.0,0.0,0.0,0.0,0.0,0.0,0.0,0.0,0.0,0.0,0.0,0.0,0.0,0.0,0.0,0.0,0.0,0.0,0.0,0.0,0.0,0.0,0.0,0.0,0.0,0.0,0.0,0.0,0.0,0.0,0.0,0.0,0.0,0.0,0.0,0.0,0.0,0.0,0.0,0.0,0.0,0.0,0.0,0.0
B02012,99000000480,Synthetic Census Tract 99000000480,1.0,Total:,0.0,14.045045843519917,+/-14,9.028958042262804,0.0,0.0,0.0,0.0,0.0,0.0,0.0,0.0,0.0,0.0,0.0,0.0,0.0,0.0,0.0,0.0,0.0,0.0,0.0,0.0,0.0,0.0,0.0,0.0,0.0,0.0,0.0,0.0,0.0,0.0,0.0,0.0,0.0,0.0,0.0,0.0,0.0,0.0,0.0,0.0,0.0,0.0,0.0,0.0,0.0,0.0,0.0,0.0,0.0,0.0,0.0,0.0,0.0,0.0,0.0,0.0,0.0,0.0,0.0,0.0,0.0,0.0,0.0,0.0,0.0,0.0,0.0,0.0,0.0,0.0,0.0,0.0,0.0,0.0,0.0,0.0,0.0,0.0,0.0,0.0
B02012,99000000481,Synthetic Census Tract 99000000481,1.0,Total:,23.100335755337202,25.98787772475435,+/-27,16.362737826697185,31.762961663588655,33.68798964320009,18.28776580630862,26.95039171456007,22.137821765531488,25.025363734948638,13.475195857280035,25.025363734948638,12.512681867474319,22.137821765531488,11.550167877668601,21.17530777572577,21.17530777572577,29.83793368397722,27.912905704365787,33.68798964320009,34.650503633005805,12.512681867474319,12.512681867474319,27.912905704365787,24.06284974514292,29.83793368397722,21.17530777572577,19.250279796114334,9.625139898057167,31.762961663588655,25.025363734948638,37.538045602422955,31.762961663588655,9.625139898057167,23.100335755337202,8.662625908251451,25.98787772475435,26.95039171456007,10.587653887862885,23.100335755337202,19.250279796114334,25.98787772475435,36.57553161261724,22.137821765531488,30.800447673782937,31.762961663588655,19.250279796114334,34.650503633005805,22.137821765531488,22.137821765531488,12.512681867474319,23.100335755337202,11.550167877668601,24.06284974514292,10.587653887862885,24.06284974514292,25.025363734948638,36.57553161261724,24.06284974514292,25.98787772475435,31.762961663588655,9.625139898057167,10.587653887862885,30.800447673782937,23.100335755337202,24.06284974514292,25.98787772475435,20.212793785920052,13.475195857280035,37.538045602422955,21.17530777572577,32.72547565339437,26.95039171456007,9.625139898057167,20.212793785920052,9.625139898057167,35.61301762281152,21.17530777572577,9.625139898057167,18.28776580630862,20.212793785920052,28.875419694171505,25.025363734948638,22.137821765531488
B02012,99000000482,Synthetic Census Tract 99000000482,1.0,Total:,0.0,12.74268935120968,+/-14,8.191728868634796,0.0,0.0,0.0,0.0,0.0,0.0,0.0,0.0,0.0,0.0,0.0,0.0,0.0,0.0,0.0,0.0,0.0,0.0,0.0,0.0,0.0,0.0,0.0,0.0,0.0,0.0,0.0,0.0,0.0,0.0,0.0,0.0,0.0,0.0,0.0,0.0,0.0,0.0,0.0,0.0,0.0,0.0,0.0,0.0,0.0,0.0,0.0,0.0,0.0,0.0,0.0,0.0,0.0,0.0,0.0,0.0,0.0,0.0,0.0,0.0,0.0,0.0,0.0,0.0,0.0,0.0,0.0,0.0,0.0,0.0,0.0,0.0,0.0,0.0,0.0,0.0,0.0,0.0,0.0,0.0
B02012,99000000483,Synthetic Census Tract 99000000483,1.0,Total:,11.99016095744799,15.679441252047372,+/-17,10.145520810148298,17.52408139934706,13.83480110474768,18.446401472996907,13.83480110474768,14.757121178397526,1.8446401472996907,11.067840883798144,17.52408139934706,12.912481031097835,8.30088066284861,14.757121178397526,16.60176132569722,8.30088066284861,1.8446401472996907,14.757121178397526,12.912481031097835,23.058001841246135,14.757121178397526,11.99016095744799,14.757121178397526,9.223200736498454,11.067840883798144,19.368721546646753,9.223200736498454,10.145520810148298,10.145520810148298,2.766960220949536,12.912481031097835,23.058001841246135,9.223200736498454,16.60176132569722,17.52408139934706,8.30088066284861,10.145520810148298,11.067840883798144,12.912481031097835,13.83480110474768,7.378560589198763,13.83480110474768,7.378560589198763,14.757121178397526,11.067840883798144,18.446401472996907,17.52408139934706,15.679441252047372,2.766960220949536,9.223200736498454,23.058001841246135,12.912481031097835,8.30088066284861,9.223200736498454,11.99016095744799,8.30088066284861,2.766960220949536,14.757121178397526,11.067840883798144,17.52408139934706,17.52408139934706,16.60176132569722,15.679441252047372,10.145520810148298,13.83480110474768,19.368721546646753,8.30088066284861,12.912481031097835,11.067840883798144,2.766960220949536,10.145520810148298,23.058001841246135,8.30088066284861,15.679441252047372,17.52408139934706,8.30088066284861,9.223200736498454,8.30088066284861,14.757121178397526,17.52408139934706,8.30088066284861,11.99016095744799,8.30088066284861
B02012,99000000484,Synthetic Census Tract 99000000484,1.0,Total:,0.0,13.676612258371799,+/-14,8.79210788038187,0.0,0.0,0.0,0.0,0.0,0.0,0.0,0.0,0.0,0.0,0.0,0.0,0.0,0.0,0.0,0.0,0.0,0.0,0.0,0.0,0.0,0.0,0.0,0.0,0.0,0.0,0.0,0.0,0.0,0.0,0.0,0.0,0.0,0.0,0.0,0.0,0.0,0.0,0.0,0.0,0.0,0.0,0.0,0.0,0.0,0.0,0.0,0.0,0.0,0.0,0.0,0.0,0.0,0.0,0.0,0.0,0.0,0.0,0.0,0.0,0.0,0.0,0.0,0.0,0.0,0.0,0.0,0.0,0.0,0.0,0.0,0.0,0.0,0.0,0.0,0.0,0.0,0.0,0.0,0.0
B02012,99000000485,Synthetic Census Tract 99000000485,1.0,Total:,6.384739831157151,12.769479662314302,+/-14,8.208951211487765,2.7363170704959217,5.472634140991843,7.296845521322458,7.296845521322458,10.945268281983687,10.03316259181838,6.384739831157151,10.03316259181838,1.8242113803306146,11.857373972148995,1.8242113803306146,5.472634140991843,0.9121056901653073,1.8242113803306146,5.472634140991843,6.384739831157151,6.384739831157151,5.472634140991843,10.945268281983687,6.384739831157151,4.560528450826537,12.769479662314302,1.8242113803306146,2.7363170704959217,6.384739831157151,6.384739831157151,10.945268281983687,5.472634140991843,5.472634140991843,4.560528450826537,5.472634140991843,13.68158535247961,11.857373972148995,5.472634140991843,1.8242113803306146,2.7363170704959217,9.121056901653073,12.769479662314302,1.8242113803306146,17.33000811314084,2.7363170704959217,4.560528450826537,8.208951211487765,6.384739831157151,10.945268281983687,9.121056901653073,7.296845521322458,9.121056901653073,2.7363170704959217,18.242113803306147,1.8242113803306146,5.472634140991843,1.8242113803306146,1.8242113803306146,6.384739831157151,5.472634140991843,6.384739831157151,6.384739831157151,8.208951211487765,5.472634140991843,5.472634140991843,12.769479662314302,1.8242113803306146,2.7363170704959217,8.208951211487765,6.384739831157151,12.769479662314302,5.472634140991843,6.384739831157151,4.560528450826537,7.296845521322458,10.03316259181838,7.296845521322458,5.472634140991843,1.8242113803306146,2.7363170704959217,10.03316259181838,10.945268281983687,1.8242113803306146,16.41790242297553
B02012,99000000486,Synthetic Census Tract 99000000486,1.0,Total:,20.792758902439658,41.585517804879316,+/-40,24.951310682927588,23.911672737805606,33.26841424390345,34.30805218902543,25.99094862804957,20.792758902439658,19.753120957317673,13.515293286585777,20.792758902439658,13.515293286585777,5.1981897256099145,8.317103560975863,4.158551780487931,28.070224518293536,35.34769013414741,14.554931231707759,7.277465615853879,15.594569176829742,19.753120957317673,5.1981897256099145,49.902621365855175,36.3873280792694,28.070224518293536,32.22877629878147,55.10081109146509,21.83239684756164,15.594569176829742,17.673845067073707,38.466603969513365,30.149500408537502,9.356741506097846,5.1981897256099145,9.356741506097846,29.109862463415517,46.783707530489224,16.634207121951725,6.237827670731897,15.594569176829742,19.753120957317673,6.237827670731897,9.356741506097846,22.87203479268362,7.277465615853879,5.1981897256099145,10.396379451219829,22.87203479268362,18.71348301219569,38.466603969513365,24.951310682927588,23.911672737805606,38.466603969513365,29.109862463415517,54.06117314634311,34.30805218902543,10.396379451219829,20.792758902439658,34.30805218902543,14.554931231707759,15.594569176829742,34.30805218902543,5.1981897256099145,15.594569176829742,6.237827670731897,5.1981897256099145,7.277465615853879,21.83239684756164,19.753120957317673,13.515293286585777,17.673845067073707,24.951310682927588,25.99094862804957,29.109862463415517,42.6251557500013,22.87203479268362,6.237827670731897,24.951310682927588,42.6251557500013,20.792758902439658,20.792758902439658,20.792758902439658,45.74406958536724
B02012,99000000487,Synthetic Census Tract 99000000487,1.0,Total:,0.0,13.179657516269474,+/-14,8.472636974744661,0.0,0.0,0.0,0.0,0.0,0.0,0.0,0.0,0.0,0.0,0.0,0.0,0.0,0.0,0.0,0.0,0.0,0.0,0.0,0.0,0.0,0.0,0.0,0.0,0.0,0.0,0.0,0.0,0.0,0.0,0.0,0.0,0.0,0.0,0.0,0.0,0.0,0.0,0.0,0.0,0.0,0.0,0.0,0.0,0.0,0.0,0.0,0.0,0.0,0.0,0.0,0.0,0.0,0.0,0.0,0.0,0.0,0.0,0.0,0.0,0.0,0.0,0.0,0.0,0.0,0.0,0.0,0.0,0.0,0.0,0.0,0.0,0.0,0.0,0.0,0.0,0.0,0.0,0.0,0.0
B02012,99000000488,Synthetic Census Tract 99000000488,1.0,Total:,0.0,13.445800392594188,+/-14,8.64372882381055,0.0,0.0,0.0,0.0,0.0,0.0,0.0,0.0,0.0,0.0,0.0,0.0,0.0,0.0,0.0,0.0,0.0,0.0,0.0,0.0,0.0,0.0,0.0,0.0,0.0,0.0,0.0,0.0,0.0,0.0,0.0,0.0,0.0,0.0,0.0,0.0,0.0,0.0,0.0,0.0,0.0,0.0,0.0,0.0,0.0,0.0,0.0,0.0,0.0,0.0,0.0,0.0,0.0,0.0,0.0,0.0,0.0,0.0,0.0,0.0,0.0,0.0,0.0,0.0,0.0,0.0,0.0,0.0,0.0,0.0,0.0,0.0,0.0,0.0,0.0,0.0,0.0,0.0,0.0,0.0
B02012,99000000489,Synthetic Census Tract 99000000489,1.0,Total:,0.0,13.703552176098674,+/-14,8.809426398920575,0.0,0.0,0.0,0.0,0.0,0.0,0.0,0.0,0.0,0.0,0.0,0.0,0.0,0.0,0.0,0.0,0.0,0.0,0.0,0.0,0.0,0.0,0.0,0.0,0.0,0.0,0.0,0.0,0.0,0.0,0.0,0.0,0.0,0.0,0.0,0.0,0.0,0.0,0.0,0.0,0.0,0.0,0.0,0.0,0.0,0.0,0.0,0.0,0.0,0.0,0.0,0.0,0.0,0.0,0.0,0.0,0.0,0.0,0.0,0.0,0.0,0.0,0.0,0.0,0.0,0.0,0.0,0.0,0.0,0.0,0.0,0.0,0.0,0.0,0.0,0.0,0.0,0.0,0.0,0.0
B02012,99000000490,Synthetic Census Tract 99000000490,1.0,Total:,0.0,13.766506972593616,+/-14,8.849897339524468,0.0,0.0,0.0,0.0,0.0,0.0,0.0,0.0,0.0,0.0,0.0,0.0,0.0,0.0,0.0,0.0,0.0,0.0,0.0,0.0,0.0,0.0,0.0,0.0,0.0,0.0,0.0,0.0,0.0,0.0,0.0,0.0,0.0,0.0,0.0,0.0,0.0,0.0,0.0,0.0,0.0,0.0,0.0,0.0,0.0,0.0,0.0,0.0,0.0,0.0,0.0,0.0,0.0,0.0,0.0,0.0,0.0,0.0,0.0,0.0,0.0,0.0,0.0,0.0,0.0,0.0,0.0,0.0,0.0,0.0,0.0,0.0,0.0,0.0,0.0,0.0,0.0,0.0,0.0,0.0
B02012,99000000491,Synthetic Census Tract 99000000491,1.0,Total:,0.0,18.006642830699203,+/-20,10.80398569841952,0.0,0.0,0.0,0.0,0.0,0.0,0.0,0.0,0.0,0.0,0.0,0.0,0.0,0.0,0.0,0.0,0.0,0.0,0.0,0.0,0.0,0.0,0.0,0.0,0.0,0.0,0.0,0.0,0.0,0.0,0.0,0.0,0.0,0.0,0.0,0.0,0.0,0.0,0.0,0.0,0.0,0.0,0.0,0.0,0.0,0.0,0.0,0.0,0.0,0.0,0.0,0.0,0.0,0.0,0.0,0.0,0.0,0.0,0.0,0.0,0.0,0.0,0.0,0.0,0.0,0.0,0.0,0.0,0.0,0.0,0.0,0.0,0.0,0.0,0.0,0.0,0.0,0.0,0.0,0.0
B02012,99000000492,Synthetic Census Tract 99000000492,1.0,Total:,0.0,12.913797038796353,+/-14,8.301726667797656,0.0,0.0,0.0,0.0,0.0,0.0,0.0,0.0,0.0,0.0,0.0,0.0,0.0,0.0,0.0,0.0,0.0,0.0,0.0,0.0,0.0,0.0,0.0,0.0,0.0,0.0,0.0,0.0,0.0,0.0,0.0,0.0,0.0,0.0,0.0,0.0,0.0,0.0,0.0,0.0,0.0,0.0,0.0,0.0,0.0,0.0,0.0,0.0,0.0,0.0,0.0,0.0,0.0,0.0,0.0,0.0,0.0,0.0,0.0,0.0,0.0,0.0,0.0,0.0,0.0,0.0,0.0,0.0,0.0,0.0,0.0,0.0,0.0,0.0,0.0,0.0,0.0,0.0,0.0,0.0
B02012,99000000493,Synthetic Census Tract 99000000493,1.0,Total:,0.0,15.01574077847446,+/-14,9.652976214733581,0.0,0.0,0.0,0.0,0.0,0.0,0.0,0.0,0.0,0.0,0.0,0.0,0.0,0.0,0.0,0.0,0.0,0.0,0.0,0.0,0.0,0.0,0.0,0.0,0.0,0.0,0.0,0.0,0.0,0.0,0.0,0.0,0.0,0.0,0.0,0.0,0.0,0.0,0.0,0.0,0.0,0.0,0.0,0.0,0.0,0.0,0.0,0.0,0.0,0.0,0.0,0.0,0.0,0.0,0.0,0.0,0.0,0.0,0.0,0.0,0.0,0.0,0.0,0.0,0.0,0.0,0.0,0.0,0.0,0.0,0.0,0.0,0.0,0.0,0.0,0.0,0.0,0.0,0.0,0.0
B02012,99000000494,Synthetic Census Tract 99000000494,1.0,Total:,0.0,18.004932250047634,+/-20,10.80295935002858,0.0,0.0,0.0,0.0,0.0,0.0,0.0,0.0,0.0,0.0,0.0,0.0,0.0,0.0,0.0,0.0,0.0,0.0,0.0,0.0,0.0,0.0,0.0,0.0,0.0,0.0,0.0,0.0,0.0,0.0,0.0,0.0,0.0,0.0,0.0,0.0,0.0,0.0,0.0,0.0,0.0,0.0,0.0,0.0,0.0,0.0,0.0,0.0,0.0,0.0,0.0,0.0,0.0,0.0,0.0,0.0,0.0,0.0,0.0,0.0,0.0,0.0,0.0,0.0,0.0,0.0,0.0,0.0,0.0,0.0,0.0,0.0,0.0,0.0,0.0,0.0,0.0,0.0,0.0,0.0
B02012,99000000495,Synthetic Census Tract 99000000495,1.0,Total:,0.0,14.022868596276052,+/-14,9.014701240463177,0.0,0.0,0.0,0.0,0.0,0.0,0.0,0.0,0.0,0.0,0.0,0.0,0.0,0.0,0.0,0.0,0.0,0.0,0.0,0.0,0.0,0.0,0.0,0.0,0.0,0.0,0.0,0.0,0.0,0.0,0.0,0.0,0.0,0.0,0.0,0.0,0.0,0.0,0.0,0.0,0.0,0.0,0.0,0.0,0.0,0.0,0.0,0.0,0.0,0.0,0.0,0.0,0.0,0.0,0.0,0.0,0.0,0.0,0.0,0.0,0.0,0.0,0.0,0.0,0.0,0.0,0.0,0.0,0.0,0.0,0.0,0.0,0.0,0.0,0.0,0.0,0.0,0.0,0.0,0.0
B02012,99000000496,Synthetic Census Tract 99000000496,1.0,Total:,0.0,13.970605618220183,+/-14,8.981103611712975,0.0,0.0,0.0,0.0,0.0,0.0,0.0,0.0,0.0,0.0,0.0,0.0,0.0,0.0,0.0,0.0,0.0,0.0,0.0,0.0,0.0,0.0,0.0,0.0,0.0,0.0,0.0,0.0,0.0,0.0,0.0,0.0,0.0,0.0,0.0,0.0,0.0,0.0,0.0,0.0,0.0,0.0,0.0,0.0,0.0,0.0,0.0,0.0,0.0,0.0,0.0,0.0,0.0,0.0,0.0,0.0,0.0,0.0,0.0,0.0,0.0,0.0,0.0,0.0,0.0,0.0,0.0,0.0,0.0,0.0,0.0,0.0,0.0,0.0,0.0,0.0,0.0,0.0,0.0,0.0
B02012,99000000497,Synthetic Census Tract 99000000497,1.0,Total:,0.0,13.532663650829786,+/-14,8.69956948981915,0.0,0.0,0.0,0.0,0.0,0.0,0.0,0.0,0.0,0.0,0.0,0.0,0.0,0.0,0.0,0.0,0.0,0.0,0.0,0.0,0.0,0.0,0.0,0.0,0.0,0.0,0.0,0.0,0.0,0.0,0.0,0.0,0.0,0.0,0.0,0.0,0.0,0.0,0.0,0.0,0.0,0.0,0.0,0.0,0.0,0.0,0.0,0.0,0.0,0.0,0.0,0.0,0.0,0.0,0.0,0.0,0.0,0.0,0.0,0.0,0.0,0.0,0.0,0.0,0.0,0.0,0.0,0.0,0.0,0.0,0.0,0.0,0.0,0.0,0.0,0.0,0.0,0.0,0.0,0.0
B02012,99000000498,Synthetic Census Tract 99000000498,1.0,Total:,0.0,13.80771565641006,+/-14,8.87638863626361,0.0,0.0,0.0,0.0,0.0,0.0,0.0,0.0,0.0,0.0,0.0,0.0,0.0,0.0,0.0,0.0,0.0,0.0,0.0,0.0,0.0,0.0,0.0,0.0,0.0,0.0,0.0,0.0,0.0,0.0,0.0,0.0,0.0,0.0,0.0,0.0,0.0,0.0,0.0,0.0,0.0,0.0,0.0,0.0,0.0,0.0,0.0,0.0,0.0,0.0,0.0,0.0,0.0,0.0,0.0,0.0,0.0,0.0,0.0,0.0,0.0,0.0,0.0,0.0,0.0,0.0,0.0,0.0,0.0,0.0,0.0,0.0,0.0,0.0,0.0,0.0,0.0,0.0,0.0,0.0
B02012,99000000499,Synthetic Census Tract 99000000499,1.0,Total:,0.0,21.122324550106338,+/-20,12.673394730063801,0.0,0.0,0.0,0.0,0.0,0.0,0.0,0.0,0.0,0.0,0.0,0.0,0.0,0.0,0.0,0.0,0.0,0.0,0.0,0.0,0.0,0.0,0.0,0.0,0.0,0.0,0.0,0.0,0.0,0.0,0.0,0.0,0.0,0.0,0.0,0.0,0.0,0.0,0.0,0.0,0.0,0.0,0.0,0.0,0.0,0.0,0.0,0.0,0.0,0.0,0.0,0.0,0.0,0.0,0.0,0.0,0.0,0.0,0.0,0.0,0.0,0.0,0.0,0.0,0.0,0.0,0.0,0.0,0.0,0.0,0.0,0.0,0.0,0.0,0.0,0.0,0.0,0.0,0.0,0.0
B02012,99000000500,Synthetic Census Tract 99000000500,1.0,Total:,0.0,14.955370377401877,+/-14,9.614166671186922,0.0,0.0,0.0,0.0,0.0,0.0,0.0,0.0,0.0,0.0,0.0,0.0,0.0,0.0,0.0,0.0,0.0,0.0,0.0,0.0,0.0,0.0,0.0,0.0,0.0,0.0,0.0,0.0,0.0,0.0,0.0,0.0,0.0,0.0,0.0,0.0,0.0,0.0,0.0,0.0,0.0,0.0,0.0,0.0,0.0,0.0,0.0,0.0,0.0,0.0,0.0,0.0,0.0,0.0,0.0,0.0,0.0,0.0,0.0,0.0,0.0,0.0,0.0,0.0,0.0,0.0,0.0,0.0,0.0,0.0,0.0,0.0,0.0,0.0,0.0,0.0,0.0,0.0,0.0,0.0
