TBLID,GEOID,NAME,ORDER,TITLE,ESTIMATE,MOE,CME,SE,Var_Rep1,Var_Rep2,Var_Rep3,Var_Rep4,Var_Rep5,Var_Rep6,Var_Rep7,Var_Rep8,Var_Rep9,Var_Rep10,Var_Rep11,Var_Rep12,Var_Rep13,Var_Rep14,Var_Rep15,Var_Rep16,Var_Rep17,Var_Rep18,Var_Rep19,Var_Rep20,Var_Rep21,Var_Rep22,Var_Rep23,Var_Rep24,Var_Rep25,Var_Rep26,Var_Rep27,Var_Rep28,Var_Rep29,Var_Rep30,Var_Rep31,Var_Rep32,Var_Rep33,Var_Rep34,Var_Rep35,Var_Rep36,Var_Rep37,Var_Rep38,Var_Rep39,Var_Rep40,Var_Rep41,Var_Rep42,Var_Rep43,Var_Rep44,Var_Rep45,Var_Rep46,Var_Rep47,Var_Rep48,Var_Rep49,Var_Rep50,Var_Rep51,Var_Rep52,Var_Rep53,Var_Rep54,Var_Rep55,Var_Rep56,Var_Rep57,Var_Rep58,Var_Rep59,Var_Rep60,Var_Rep61,Var_Rep62,Var_Rep63,Var_Rep64,Var_Rep65,Var_Rep66,Var_Rep67,Var_Rep68,Var_Rep69,Var_Rep70,Var_Rep71,Var_Rep72,Var_Rep73,Var_Rep74,Var_Rep75,Var_Rep76,Var_Rep77,Var_Rep78,Var_Rep79,Var_Rep80
B02013,99000000001,Synthetic Census Tract 99000000001,1.0,Total:,117.46402738322341,90.67398605020755,+/-88,55.640855076263726,152.49715835716725,86.55244122974356,136.01097907531133,155.58831697251523,116.43364117810742,107.16016533206347,115.40325497299142,130.85904804973134,149.40599974181924,86.55244122974356,115.40325497299142,108.19055153717946,89.64359984509156,76.24857917858363,116.43364117810742,134.98059287019532,142.19329630600728,83.46128261439559,141.1629101008913,103.03862051159949,128.79827563949937,126.73750322926738,84.49166881951157,66.97510333253966,91.70437225532355,118.49441358833941,178.2568134850671,110.25132394741145,77.27896538369961,165.89217902367517,92.73475846043954,113.34248256275944,159.7098617929792,149.40599974181924,125.70711702415137,98.91707569113551,90.67398605020755,160.7402479980952,116.43364117810742,111.28171015252745,105.09939292183148,120.5551859985714,98.91707569113551,146.31484112647126,167.95295143390717,143.2236825111233,149.40599974181924,116.43364117810742,110.25132394741145,107.16016533206347,126.73750322926738,95.82591707578753,83.46128261439559,82.4308964092796,87.58282743485957,107.16016533206347,134.98059287019532,103.03862051159949,136.01097907531133,134.98059287019532,155.58831697251523,110.25132394741145,115.40325497299142,82.4308964092796,66.97510333253966,102.00823430648349,106.12977912694747,80.3701239990476,96.85630328090352,133.95020666507932,79.3397377939316,103.03862051159949,184.43913071576307,152.49715835716725,160.7402479980952,144.2540687162393,99.9474618962515,157.6490893827472,113.34248256275944,119.5247997934554
B02013,99000000002,Synthetic Census Tract 99000000002,1.0,Total:,808.3440891419002,371.4303517172609,+/-346,225.43460653359767,887.7829504918346,997.2797593795821,878.1214673546804,768.6246584669329,640.8783814312276,727.8317296656153,958.6338268309653,967.221811841769,776.1391453513862,740.7137071818208,626.9229057886716,599.0119545035595,877.04796922833,981.177287484325,775.0656472250357,687.0388008642976,907.105916766143,820.1525685317553,568.9540069657464,922.1348905350495,867.3864860911758,820.1525685317553,755.7426809507274,678.4508158534939,663.4218420845874,791.1681191202928,812.638081647302,895.2974373762878,821.2260666581058,739.6402090554705,775.0656472250357,786.8741266148909,947.8988455674606,999.426755632283,822.2995647844563,821.2260666581058,869.5334823438767,707.4352652649565,719.2437446548116,929.6493774195027,908.1794148924935,994.0592650005307,785.8006284885404,717.0967484021106,633.3638945467744,870.6069804702272,942.5313549357084,827.6670554162085,611.8939320197651,670.9363289690407,745.0076996872227,763.2571678351807,908.1794148924935,980.1037893579746,767.5511603405826,678.4508158534939,898.5179317553392,853.4310104486198,593.6444638718071,833.0345460479609,966.1483137154186,873.8274748492786,790.0946209939423,682.7448083588957,614.040928272466,771.8451528459843,796.535609752045,781.5066359831385,766.477662214232,697.7737821278023,810.4910853946011,790.0946209939423,1000.5002537586334,1021.9702162856427,808.3440891419002,751.4486884453255,927.5023811668018,760.0366734561293,791.1681191202928,1001.5737518849838
B02013,99000000003,Synthetic Census Tract 99000000003,1.0,Total:,37.64961630377988,61.42832133774612,+/-62,36.65883692736462,79.2623501132208,30.71416066887306,33.68649879811884,90.16092325378867,30.71416066887306,48.54818944434774,29.723381292457802,20.80636690472046,42.60351318585618,16.84324939905942,32.69571942170358,15.85247002264416,46.56663069151722,35.668057550949364,12.88013189339838,29.723381292457802,46.56663069151722,15.85247002264416,12.88013189339838,40.621954433025664,71.33611510189873,38.64039568019514,34.6772781745341,81.24390886605133,34.6772781745341,43.59429256227144,14.861690646228901,33.68649879811884,39.6311750566104,11.88935251698312,25.76026378679676,12.88013189339838,51.52052757359352,39.6311750566104,10.89857314056786,31.70494004528832,37.64961630377988,20.80636690472046,15.85247002264416,47.55741006793248,53.50208632642404,22.787925657550982,33.68649879811884,69.3545563490682,30.71416066887306,53.50208632642404,36.65883692736462,27.741822539627282,33.68649879811884,13.870911269813641,35.668057550949364,11.88935251698312,46.56663069151722,35.668057550949364,11.88935251698312,32.69571942170358,50.529748197178264,14.861690646228901,11.88935251698312,48.54818944434774,57.46520383208508,26.75104316321202,52.51130695000878,73.31767385472924,43.59429256227144,63.40988009057664,22.787925657550982,37.64961630377988,45.575851315101964,12.88013189339838,34.6772781745341,11.88935251698312,37.64961630377988,40.621954433025664,10.89857314056786,38.64039568019514,66.38221821982242,14.861690646228901,18.82480815188994,62.41910071416138
B02013,99000000004,Synthetic Census Tract 99000000004,1.0,Total:,282.97123795190095,231.6945706720263,+/-244,140.5360510633602,325.70179401846315,321.9035223681021,311.4582753296091,302.91216411629665,273.47555882599823,209.85450868245002,228.84586693425547,212.70321242022084,240.24068188533872,331.3992014940048,213.65278033281112,350.3905597458102,317.1556828051507,465.2882771692331,348.4914239206297,291.5173491652134,315.25654697997015,272.52599091340795,344.6931522702686,363.68451052207405,346.59228809544913,273.47555882599823,209.85450868245002,316.20611489256044,404.5159307634557,268.7277192630469,233.59370649720682,206.05623703208894,322.85309028069236,310.5087074170188,249.73636101124143,287.7190775148523,152.88043392703372,263.9798797000955,314.3069790673799,377.9280292109281,390.2724120746016,177.56919965438078,194.6614220810057,316.20611489256044,390.2724120746016,224.0980273713041,257.3329043119636,413.06204197676817,343.74358435767834,328.550497756234,277.2738304763593,220.299755720943,230.745002759436,238.34154606015818,282.97123795190095,268.7277192630469,160.4769772277559,328.550497756234,316.20611489256044,359.8862388717129,361.7853746968935,187.06487878028352,198.45969373136677,202.25796538172784,334.24790523177563,451.9943263929693,236.44241023497764,265.87901552527603,367.4827821724351,239.29111397274846,208.90494076985976,276.324262563769,151.93086601444347,366.53321425984484,230.745002759436,367.4827821724351,368.4323500850254,352.2896955709908,312.40784324219936,201.3083974691376,308.6095715918383,318.105250717741,267.7781513504566,160.4769772277559
B02013,99000000005,Synthetic Census Tract 99000000005,1.0,Total:,386.51164882060266,291.778401560651,+/-308,177.15117237610954,485.0342259709523,241.56978051287663,310.7250510126413,470.82423888195956,316.4090458482384,485.9815584435518,518.1908625119354,491.6655532791489,433.87827245057844,322.0930406838355,322.0930406838355,323.98770562903456,379.880321512406,424.4049477245833,406.40563074519247,293.67306650585004,267.1477572730636,437.6676023409765,413.9842905259886,326.8297030468331,474.61356877235767,348.618349916622,301.25172628664615,312.61971595784036,499.2442130599451,552.294831525518,361.8810045330152,359.9863395878162,244.41177793067519,365.6703344234133,277.5684144716583,383.6696514028041,521.9801924023335,353.3550122796196,522.9275248749329,516.2961975667364,395.03764107399826,343.8816875536244,327.7770355194326,306.93572112224325,268.0950897456631,457.56158426556635,539.9795093817243,459.4562492107654,411.1422931081901,322.0930406838355,238.7277830950781,257.6744325470684,434.82560492317793,525.7695222927315,490.7182208065494,368.51233184121185,330.61903293723117,433.87827245057844,370.40699678641084,378.9329890398065,493.560218224348,460.4035816833649,299.35706134144715,450.93025695736975,343.8816875536244,425.3522801971828,485.0342259709523,376.09099162200795,290.8310690880515,321.145708211236,328.7243679920321,431.0362750327799,467.0349089915615,529.5588521831296,521.032859929734,503.98087542294263,328.7243679920321,282.30507683465584,161.99385281451728,323.98770562903456,331.56636540983067,378.9329890398065,503.98087542294263,382.72231893020455
B02013,99000000006,Synthetic Census Tract 99000000006,1.0,Total:,1178.2548073426783,628.472510773165,+/-599,381.909839601723,1103.7614045632213,996.742713246255,1141.5327073809742,863.4939505280714,823.6242419982212,1455.2443613395324,1342.9796557423224,1195.0420530394572,1185.5992273350191,1188.7468359031652,1129.9914759644385,1046.0552474805434,1416.4238556657308,1162.5167645019478,1177.2056044866297,1131.0406788204873,1056.5472760410303,1358.7176985830529,984.1522789736707,791.0989534607119,1211.8292987362363,1361.865307151199,1286.3227015156933,1568.5582697927907,1226.518138720918,801.5909820211988,850.9035162554871,1220.2229215846257,1060.744087465225,1332.4876271818357,1181.4024159108244,1251.6990072660865,884.4780076490453,1073.3345217378094,1425.8666813701689,1076.4821303059555,1415.3746528096822,1112.1550274116107,1140.4835045249254,1468.8839984681651,1161.4675616458992,1122.6470559720976,1309.4051643487644,877.1335876567044,832.0178648466108,1176.1564016305808,1298.9131357882775,1039.7600303442512,1079.6297388741013,1211.8292987362363,1336.6844386060304,1131.0406788204873,1375.504944279832,1276.879875811255,1118.450244547903,1078.5805360180527,794.246562028858,1377.6033499919292,1283.1750929475472,779.5577220441762,1052.3504646168356,1325.143207189495,1356.6192928709554,1611.575586890787,1229.665747289064,924.3477161788954,1051.301261760787,1319.8971929092513,1153.0739387975098,1327.2416129015921,1156.2215473656559,1313.6019757729591,896.0192390655808,1122.6470559720976,1148.877127373315,1161.4675616458992,1368.160524287491,817.329024861929,1015.6283646551313,1326.1924100455435
B02013,99000000007,Synthetic Census Tract 99000000007,1.0,Total:,10.633137526847822,11.696451279532605,+/-11,7.443196268793476,6.379882516108694,13.823078784902169,6.379882516108694,9.56982377416304,8.506510021478258,14.886392537586952,11.696451279532605,10.633137526847822,12.759765032217388,10.633137526847822,7.443196268793476,11.696451279532605,14.886392537586952,7.443196268793476,8.506510021478258,14.886392537586952,11.696451279532605,10.633137526847822,7.443196268793476,12.759765032217388,10.633137526847822,18.076333795641297,14.886392537586952,10.633137526847822,12.759765032217388,9.56982377416304,11.696451279532605,12.759765032217388,9.56982377416304,17.013020042956516,10.633137526847822,11.696451279532605,11.696451279532605,10.633137526847822,11.696451279532605,8.506510021478258,17.013020042956516,14.886392537586952,19.13964754832608,9.56982377416304,12.759765032217388,6.379882516108694,13.823078784902169,10.633137526847822,8.506510021478258,6.379882516108694,6.379882516108694,5.316568763423911,12.759765032217388,13.823078784902169,11.696451279532605,7.443196268793476,14.886392537586952,12.759765032217388,8.506510021478258,13.823078784902169,10.633137526847822,11.696451279532605,13.823078784902169,8.506510021478258,9.56982377416304,13.823078784902169,14.886392537586952,20.202961301010863,6.379882516108694,8.506510021478258,9.56982377416304,13.823078784902169,14.886392537586952,14.886392537586952,12.759765032217388,11.696451279532605,21.266275053695644,10.633137526847822,14.886392537586952,17.013020042956516,11.696451279532605,13.823078784902169,14.886392537586952,10.633137526847822
B02013,99000000008,Synthetic Census Tract 99000000008,1.0,Total:,119.73723007620724,116.97406322829477,+/-127,70.92128242975352,70.0002268137827,87.50028351722837,86.57922790125755,58.9475594221328,113.28984076441147,148.2899541713028,169.4742333386318,46.97383641451207,71.84233804572435,148.2899541713028,154.73734348309858,93.94767282902414,121.5793413081489,86.57922790125755,181.4479563462525,117.8951188442656,146.44784293936118,168.55317772266096,81.0528942054326,118.81617446023643,97.63189529290744,112.36878514844065,110.52667391649899,170.39528895460262,132.6320086997988,42.36855833465795,163.02684402683602,128.02673061994466,143.6846760914487,161.18473279489436,135.39517554771126,163.02684402683602,78.28972735752012,80.13183858946178,128.02673061994466,96.71083967693662,135.39517554771126,91.18450598111167,149.21100978727364,136.3162311636821,140.9215092435362,140.9215092435362,102.23717337276157,156.57945471504024,116.97406322829477,91.18450598111167,75.52656050960765,161.18473279489436,147.368898555332,97.63189529290744,89.34239474917003,111.44772953246982,66.3160043498994,131.71095308382797,50.65805887839537,84.7371166693159,107.76350706858652,69.07917119781187,151.0531210192153,133.55306431576963,179.60584511431088,140.0004536275654,126.18461938800301,86.57922790125755,104.07928460470322,174.0795114184859,102.23717337276157,121.5793413081489,89.34239474917003,83.81606105334507,74.60550489363682,50.65805887839537,179.60584511431088,150.13206540324447,106.84245145261569,163.94789964280685,125.2635637720322,150.13206540324447,99.4740065248491,126.18461938800301
B02013,99000000009,Synthetic Census Tract 99000000009,1.0,Total:,299.5662610162597,279.47340204565694,+/-306,169.87598947873263,335.1854201005101,393.6373734695364,309.6126905015611,315.0925611299073,371.7178909561515,240.20099587584238,289.5198315309583,391.81074992675434,226.50131930497685,339.75197895746527,352.53834375693975,160.74287176482227,305.0461316446059,116.90390673805257,322.3990553010356,384.50425575562605,256.64060776088104,326.9656141579908,131.51689508030915,193.62209553489956,314.1792493585163,346.14516135720254,393.6373734695364,280.38671381704796,294.08639038791347,281.300025588439,352.53834375693975,367.15133209919634,229.24125461914997,406.42373826901087,393.6373734695364,114.16397142387946,300.47957278765074,140.6500127942195,271.2535961031376,354.36496729972185,240.20099587584238,402.7704911834467,147.04319519395673,187.22891313516232,350.7117202141577,358.931526156677,391.81074992675434,274.90684318870177,284.95327267400313,284.95327267400313,333.35879655772806,360.7581496994591,188.14222490655337,338.83866718607425,340.6652907288563,138.82338925143742,326.9656141579908,151.60975405091193,242.9409311900155,348.88509667137566,216.45488981967546,346.14516135720254,209.14839564854717,192.70878376350854,368.97795564197844,436.56302672491506,283.1266491312211,326.05230238659976,355.2782790711129,206.40846033437407,263.94710193200933,370.8045791847605,224.67469576219477,385.41756752701707,386.3308792984081,165.30943062177747,316.00587290129835,155.26300113647608,405.51042649761985,378.1110733558888,263.0337901606183,356.1915908425039,131.51689508030915,216.45488981967546
B02013,99000000010,Synthetic Census Tract 99000000010,1.0,Total:,123.28529466290615,104.94533347338292,+/-103,64.18986416333131,96.7942396113726,138.5685956541755,153.85189664544487,69.28429782708776,106.9831069388855,144.68191605068324,119.20974773190099,123.28529466290615,144.68191605068324,90.68091921486486,193.5884792227452,67.24652436158517,110.03976713713938,176.26740476597325,67.24652436158517,127.36084159391132,147.7385762489371,147.7385762489371,156.90855684369873,196.64513942099907,75.3976182235955,136.53082218867291,147.7385762489371,75.3976182235955,94.75646614587002,95.7753528786213,126.34195486116002,120.22863446465227,94.75646614587002,148.7574629816884,216.0039873432736,113.09642733539324,118.19086099914969,155.88967011094743,124.30418139565744,160.9841037747039,130.41750179216518,113.09642733539324,143.66302931793197,132.45527525766775,108.0019936716368,137.5497089214242,152.83300991269357,105.96422020613421,102.90756000788033,190.5318190244913,118.19086099914969,147.7385762489371,175.24851803322196,101.88867327512905,128.37972832666262,104.94533347338292,169.13519763671422,109.02088040438808,69.28429782708776,128.37972832666262,80.49205188735195,126.34195486116002,94.75646614587002,118.19086099914969,73.35984475809292,125.32306812840874,135.51193545592164,126.34195486116002,96.7942396113726,117.17197426639841,127.36084159391132,106.9831069388855,139.5874823869268,153.85189664544487,141.62525585242938,177.28629149872455,145.70080278343454,123.28529466290615,126.34195486116002,138.5685956541755,81.51093862010325,131.43638852491648,98.83201307687517,175.24851803322196
B02013,99000000011,Synthetic Census Tract 99000000011,1.0,Total:,183.98846047003084,199.78544950028603,+/-215,121.7297389978487,162.61606354674444,172.8376446839684,139.38519732578095,201.64391879796312,127.30514689087994,342.88758542142114,250.8933551864057,286.2042718422702,149.6067784630049,148.67754381416634,169.1207060886142,230.45019291195783,125.44667759320285,125.44667759320285,121.7297389978487,79.91417980011441,170.04994073745277,236.95483545382763,170.9791753862913,157.96989030255173,173.76687933280692,118.01280040249453,169.1207060886142,224.87478501892662,202.57315344680165,134.73902408158824,212.79473458402558,156.11142100487467,202.57315344680165,195.13927625609332,158.8991249513903,263.90264027014524,111.50815786062476,279.69962930040043,232.30866220963492,210.93626528634852,198.8562148514475,153.32371705835905,174.69611398164545,159.82835960022882,97.56963812804666,137.52672802810386,227.6624889654422,217.4409078282183,275.0534560562077,196.06851090493188,135.6682587304268,189.56386836306208,164.47453284442153,218.37014247705682,145.88983986765072,143.1021359211351,143.1021359211351,159.82835960022882,225.80401966776515,380.9862060238013,196.06851090493188,164.47453284442153,188.63463371422355,287.13350649110873,218.37014247705682,280.62886394923896,174.69611398164545,104.07428066991645,131.95132013507262,321.5151884981347,208.1485613398329,181.20075652351522,128.23438153971847,91.99423023501542,188.63463371422355,219.29937712589538,215.5824385305412,92.92346488385397,129.16361618855703,111.50815786062476,231.3794275607964,287.13350649110873,133.8097894327497,302.0012608725254
B02013,99000000012,Synthetic Census Tract 99000000012,1.0,Total:,133.11660476140855,155.48019436132518,+/-146,94.77902259012289,181.03858247551562,99.03875394248796,81.99982853302767,177.84378396124183,153.35032868514264,83.06476137111893,231.09042586580523,138.44126895186488,154.4152615232339,204.46710491352354,87.32449272348401,87.32449272348401,205.5320377516148,175.7139182850593,95.84395542821416,86.25955988539273,126.72700773286094,96.90888826630542,179.97364963742436,146.96073165659504,166.12952274223787,54.311574742654685,155.48019436132518,117.14261219003951,157.6100600375077,41.53238068555947,175.7139182850593,186.36324666597196,162.93472422796407,115.01274651385698,50.05184339028961,166.12952274223787,142.70100030422995,144.8308659804125,123.53220921858713,145.89579881850378,185.2983138278807,155.48019436132518,140.57113462804742,154.4152615232339,177.84378396124183,193.81777653261085,188.4931123421545,85.19462704730147,84.1296942092102,190.62297801833705,62.83103744738484,96.90888826630542,149.09059733277758,88.38942556157528,208.7268362658886,173.58405260887673,90.51929123775781,75.61023150448005,178.9087167993331,162.93472422796407,142.70100030422995,172.51911977078547,77.74009718066259,106.49328380912684,94.77902259012289,204.46710491352354,138.44126895186488,116.07767935194825,145.89579881850378,231.09042586580523,94.77902259012289,44.72717919983327,91.58422407584908,148.0256644946863,252.38908262763061,128.8568734090435,159.73992571369027,171.4541869326942,139.50620178995615,129.92180624713475,72.41543299020626,167.19445558032913,124.5971420566784,80.9348956949364
B02013,99000000013,Synthetic Census Tract 99000000013,1.0,Total:,1850.0547155911993,598.4056334361549,+/-622,363.66130134866006,1768.2790261344899,1961.6544800262377,2089.609382352618,2158.878201657125,1748.0756205040088,2012.6440275698328,1793.2927664388951,1584.5242415905902,2165.6126702006186,1683.6171358734262,1884.6891252434525,1443.1004021772223,1559.510501286185,2092.4955831569728,1893.3477276565159,1752.8859551779328,1648.982726221173,1859.6753849390473,1795.2169003084648,2028.9991654611747,1775.0134946779835,1887.575326047807,2158.878201657125,2039.5819017438077,2050.1646380264406,1595.1069778732233,1836.5857785042117,1730.758415677882,1702.8584745691226,1810.6099712650218,1710.555010047401,1916.4373340913514,1711.517076982186,2102.1162525048207,1869.2960542868955,1785.5962309606166,1817.3444398085155,2005.9095590263391,1671.1102657212236,2018.4164291785419,1974.1613501784404,1794.25483337368,1742.3032188953,2082.8749138091243,2064.595642048213,1696.124006025629,2072.2921775264913,1837.5478454389965,1881.8029244390982,1805.7996365910976,1699.972273764768,1895.2718615260856,1785.5962309606166,1613.3862496341346,2278.174501570442,1907.778731678288,1800.0272349823888,1943.3752082653264,1884.6891252434525,1630.7034544602614,1728.8342818083124,2162.7264693962643,1676.8826673299325,1706.7067423082617,1802.9134357867433,1901.0442631347944,2079.98871300477,2052.0887718960103,1994.3647558089215,1998.2130235480606,1468.1141424816276,1578.7518399818814,1692.2757382864895,1687.4654036125655,1890.4615268521613,1597.9931786775776,1585.486308525375,2028.9991654611747,1660.5275294385906,2064.595642048213
B02013,99000000014,Synthetic Census Tract 99000000014,1.0,Total:,858.1875332130672,360.3644619985607,+/-388,219.19075523623795,895.3385086768363,940.8484536199536,778.3129359659636,1055.0877031710438,943.6347767797363,771.811515259804,851.6861125069076,765.3100945536444,847.9710149605307,983.5720754032881,872.1191490119807,642.7118755232062,847.0422405739365,677.0765278271926,756.9511250742963,780.170484739152,840.5408198677769,955.7088438054612,821.9653321358924,833.1106247750231,795.9596493112539,995.646142429013,893.4809599036479,796.8884236978481,863.7601795326326,905.555026929373,870.2616002387922,753.2360275279194,795.0308749246597,1056.9452519442323,885.1219904242998,957.5663925786497,910.1988988623441,793.1733261514712,764.3813201670501,849.8285637337192,818.2502345895155,789.4582286050943,919.4866427282864,709.5836313579906,886.0507648108941,961.2814901250266,931.5607097540113,833.1106247750231,822.8941065224866,675.2189790540042,867.4752770790095,931.5607097540113,742.0907348887887,872.1191490119807,834.9681735482116,864.6889539192268,868.4040514656037,742.0907348887887,919.4866427282864,832.1818503884289,768.0964177134271,866.5465026924153,932.4894841406056,914.8427707953152,869.332825852198,632.4953572706697,796.8884236978481,670.575107121033,876.7630209449518,1114.5292639130744,625.9939365645101,856.3299844398788,1121.9594590058282,737.4468629558176,921.3441915014748,991.0022704960419,730.945442249658,1066.2329958101745,998.4324655887957,839.6120454811827,1125.674556552205,652.9283937757427,834.0393991616173,818.2502345895155
B02013,99000000015,Synthetic Census Tract 99000000015,1.0,Total:,163.713308269121,114.92457401673396,+/-106,69.38842204783937,190.81816063155827,104.08263307175906,99.7458566937691,171.30266693060344,120.34554448922141,188.6497724425633,178.89202559208587,203.82848976552816,168.05008464711096,184.31299606457333,172.38686102510093,168.05008464711096,169.13427874160845,191.90235472605576,190.81816063155827,111.67199173324148,132.2716795286938,148.53459094615616,150.70297913515114,85.65133346530172,163.713308269121,232.0175362224629,164.7975023636185,223.34398346648297,205.99687795452314,230.9333421279654,150.70297913515114,214.67043071050304,181.06041378108085,121.4297385837189,181.06041378108085,148.53459094615616,142.0294263791712,181.06041378108085,197.32332519854322,148.53459094615616,168.05008464711096,212.50204252150806,151.78717322964863,131.1874854341963,171.30266693060344,146.36620275716118,150.70297913515114,229.8491480334679,189.73396653706078,188.6497724425633,163.713308269121,189.73396653706078,212.50204252150806,168.05008464711096,199.4917133875382,162.6291141746235,106.25102126075403,224.42817756098046,163.713308269121,122.51393267821639,163.713308269121,165.88169645811598,209.2494602380156,142.0294263791712,166.96589055261347,109.5036035442465,149.61878504065365,156.1239496076386,134.44006771768878,208.16526614351812,159.37653189113107,136.60845590668376,116.00876811123145,212.50204252150806,225.51237165547795,124.68232086721137,189.73396653706078,183.22880197007584,192.98654882055325,138.77684409567874,216.83881889949802,172.38686102510093,114.92457401673396,149.61878504065365
B02013,99000000016,Synthetic Census Tract 99000000016,1.0,Total:,2079.894041995387,630.7798889138096,+/-676,383.50670760883986,2269.3146299384393,1795.296606908535,1853.1492002704526,2486.7284082179035,2119.0845084663633,2225.458631744728,2041.6366818689578,2265.5822045602513,2183.4688462401105,2178.803314517375,1891.4065603968818,2241.3214396020276,2100.422381575422,1973.5199187170226,1903.5369428759936,1825.1560099340409,1815.8249464885703,2288.9098631739275,2372.8894341831624,1994.0482582970578,2121.8838275000044,1724.3805247229589,2148.943911491869,2295.441607585757,2267.4484172493453,2241.3214396020276,1875.5437525395819,2242.2545459465746,2032.3056184234872,2331.832755023092,1846.617455858623,2245.986971324763,2144.278379769134,2018.3090232552813,1811.159414765835,1936.1956649351405,1982.8509821624932,2150.810124180963,2087.3588927517635,2264.6490982157043,2233.8565888456515,2148.010805147322,2255.3180347702337,1809.293202076741,2087.3588927517635,1809.293202076741,2256.2511411147807,1911.00179363237,1938.0618776242345,2048.168426280787,2151.74323052551,2311.3044154430568,1951.1253664478934,1716.9156739665825,2436.3406656123625,2086.4257864072165,1893.2727730859758,2104.1548069536107,2272.1139489720804,2206.7965048537867,1628.2705712346121,2392.4846674186506,2119.0845084663633,2006.1786407761697,1877.409965228676,2254.3849284256867,1890.4734540523348,2121.8838275000044,2105.0879132981577,2225.458631744728,2312.237521787604,1921.2659634223876,1897.938304808711,2350.494881914033,2159.2080812818867,2112.552764054534,2010.844172498905,1839.1526051022468,1764.5040975384823,1870.8782208168466
B02013,99000000017,Synthetic Census Tract 99000000017,1.0,Total:,3936.8676837476537,883.259327199583,+/-923,536.8455932383164,4235.434216885541,3554.090077160619,4288.066137791258,3734.952496272993,4845.964499391862,3795.2399693104508,3933.0399076817835,3932.0829636653157,4091.892614415403,3924.427411533575,4222.9939446714625,4296.678633939467,4226.821720737333,3677.5358552849375,3833.5177299691545,3714.8566719271735,4024.906533262672,3600.9803339675304,4154.093975485796,3957.9204521099405,3788.5413611951776,3754.0913766023446,4292.850857873596,3930.1690756323806,4200.02728827624,3762.703872750553,3643.0858706921044,3996.198212768644,3631.6025424944933,4106.246774662417,3966.5329482581487,3555.0470211770867,3760.7899847176177,3759.83304070115,3882.321874809001,3325.3804572248655,3906.245475220691,3392.3665383775965,4170.362023765745,3598.109501918128,4122.514822942366,4137.825927205847,3908.159363253626,3889.977426940742,3866.0538265290525,4155.050919502263,3905.2885312042235,4359.836939026327,3816.2927376727375,3723.4691680753817,4015.337093097996,3790.4552492281127,3635.430318560364,3803.852465458659,3701.459455696627,3866.0538265290525,4383.760539438017,4401.942475750901,3925.3843555500425,3963.6621162087463,4253.616153198425,4264.142537379568,3734.952496272993,3882.321874809001,3848.828834232636,3642.128926675637,3782.7996970963723,4016.2940371144637,3979.930164488695,3519.640092567786,3773.230256931696,3764.617760783488,3589.4970057699197,4136.86898318938,3470.8359477279387,3664.138639054391,4405.770251816772,3794.2830252939834,4203.85506434211,3949.307955961732
B02013,99000000018,Synthetic Census Tract 99000000018,1.0,Total:,55.843360742304704,65.15058753268882,+/-70,40.02107519865171,35.36746180345965,58.63552877941994,53.05119270518947,80.04215039730342,98.65660397807164,69.80420092788088,32.57529376634441,73.52709164403453,17.683730901729824,95.86443594095641,19.54517625980665,53.98191538422788,18.614453580768235,40.02107519865171,62.358419495573585,69.80420092788088,67.01203289076565,34.43673912442124,54.91263806326629,75.38853700211135,31.644571087306,51.18974734711265,68.87347824884247,38.15962984057488,61.427696816535175,68.87347824884247,71.6656462859577,83.76504111345706,57.70480610038153,60.496974137496764,62.358419495573585,53.05119270518947,61.427696816535175,36.29818448249806,32.57529376634441,46.53613395192059,54.91263806326629,71.6656462859577,62.358419495573585,69.80420092788088,34.43673912442124,60.496974137496764,53.98191538422788,72.59636896499612,108.89455344749418,71.6656462859577,37.22890716153647,77.24998236018817,18.614453580768235,90.28009986672595,18.614453580768235,51.18974734711265,20.47589893884506,39.0903525196133,74.45781432307294,84.69576379249547,58.63552877941994,30.713848408267587,49.32830198903582,75.38853700211135,35.36746180345965,51.18974734711265,65.15058753268882,45.60541127288218,53.98191538422788,74.45781432307294,79.111427718265,76.31925968114976,54.91263806326629,55.843360742304704,53.98191538422788,53.05119270518947,62.358419495573585,35.36746180345965,34.43673912442124,40.95179787769012,53.05119270518947,72.59636896499612,67.01203289076565,75.38853700211135
B02013,99000000019,Synthetic Census Tract 99000000019,1.0,Total:,541.8585334743127,225.23591510686933,+/-244,137.5416038972276,543.7047294997789,502.16531892679063,572.320767894504,582.4748460345678,504.93461296498987,389.54736137335595,519.704181168719,502.16531892679063,558.474297703508,468.93379046840005,588.0134341109663,535.3968473851812,550.1664155889104,411.70171367894966,547.3971215507111,674.7846473078749,510.4732010413883,456.01041829013707,588.9365321236993,516.0117891177867,581.5517480218348,474.4723785447985,549.2433175761772,522.4734752069182,483.7033586721292,571.397669881771,592.6289241746316,494.78053482492606,556.6281016780418,644.3224128876835,551.0895136016434,545.550925525245,600.0137082764961,748.6324883265206,593.5520221873646,484.62645668486226,501.24222091405755,538.1661414233804,510.4732010413883,608.3215903910938,542.7816314870457,558.474297703508,508.6270050159221,554.7819056525757,637.860726798552,732.9398221100583,601.8599043019623,424.62508585721264,563.0897877671733,655.3995890404805,432.9329679718103,464.3183004047347,605.5522963528946,526.1658672578504,517.8579851432528,562.1666897544402,493.857436812193,541.8585334743127,531.7044553342489,482.78026065939616,484.62645668486226,498.4729268758583,611.090884429293,503.0884169395237,515.0886911050536,492.9343387994599,444.93324213734024,599.0906102637631,437.5484580354757,431.0867719463442,657.2457850659466,620.3218645566237,459.7028103410694,504.0115149522568,632.3221387221537,518.7810831559859,601.8599043019623,583.3979440473008,471.7030845065993,590.7827281491655
B02013,99000000020,Synthetic Census Tract 99000000020,1.0,Total:,329.13957558929286,210.6854975612781,+/-233,128.4006036639549,342.7030196383022,309.24652431741254,260.41812574097895,364.40453011671707,379.776433372261,301.1084578880069,254.99274812137523,352.64954527424237,383.39335178533014,292.97039145860134,363.5003005134498,460.2528680630496,368.02144852978626,346.3199380513713,330.9480347958274,310.1507539206798,272.1731105834537,346.3199380513713,387.01027019839927,334.5649532088966,282.1196362193939,358.9791524971134,517.2193330688888,260.41812574097895,271.2688809801864,370.73413733958813,288.4492434422649,246.85468169196963,381.5848925787956,387.9144998016666,391.5314182147357,354.45800448077694,261.32235534424626,285.736554632463,241.4293040723659,310.1507539206798,352.64954527424237,282.1196362193939,299.29999868147235,264.03504415404814,339.9903308285003,247.75891129523694,280.3111770128593,456.6359496499805,346.3199380513713,219.727793593951,497.32628179700845,458.44440885651505,260.41812574097895,318.2888203500854,254.99274812137523,280.3111770128593,429.50906155196185,385.2018109918647,379.776433372261,375.25528535592457,381.5848925787956,321.0015091598873,284.8323250291957,413.23292869315065,377.06374456245914,368.02144852978626,283.02386582266115,238.71661526256406,251.37582970830607,387.9144998016666,289.35347304553216,235.0996968494949,275.79002899652284,281.2154066161266,395.1483366278049,285.736554632463,231.48277843642575,330.9480347958274,376.1595149591918,288.4492434422649,323.7141979696891,381.5848925787956,380.68066297552826,304.7253763010761
B02013,99000000021,Synthetic Census Tract 99000000021,1.0,Total:,169.46070922091047,126.63999237476644,+/-139,77.44172195579242,220.48113780355018,176.7493418755733,231.4140867855444,92.93006634695091,184.0379745302361,110.24056890177509,144.86157401142347,175.83826279374043,170.37178830274334,180.3936582029047,147.59481125692201,178.571500039239,193.14876534856464,101.12977808344658,206.8149515760574,199.5263189213946,181.30473728473754,163.99423472991336,168.54963013907764,135.75078319309495,102.04085716527942,161.26099748441482,174.9271837119076,163.08315564808052,161.26099748441482,146.68373217508918,227.769770458213,122.08459696560217,105.68517349261083,163.99423472991336,163.99423472991336,205.90387249422454,229.5919286218787,161.26099748441482,121.17351788376932,208.63710973972312,156.70560207525054,145.77265309325634,166.72747197541193,253.27998474953287,193.14876534856464,194.05984443039748,230.50300770371157,97.48546175611517,195.88200259406318,105.68517349261083,169.46070922091047,160.34991840258195,174.01610463007475,204.9927934123917,164.90531381174623,163.99423472991336,193.14876534856464,115.7070433927722,208.63710973972312,167.63855105724477,185.86013269390182,146.68373217508918,140.30617860225922,121.17351788376932,123.90675512926788,184.94905361206895,197.70416075772889,172.19394646640905,170.37178830274334,167.63855105724477,196.79308167589605,112.0627270654408,83.81927552862238,120.26243880193647,174.01610463007475,213.19250514888736,231.4140867855444,119.35135972010362,109.32948981994224,204.08171433055884,151.23912758425342,149.41696942058772,184.0379745302361,237.79164035837437
B02013,99000000022,Synthetic Census Tract 99000000022,1.0,Total:,2813.1992372091963,1012.5273426047057,"+/-1,083",615.1828175751583,3372.2863571331245,3003.9246092233793,2821.6135918568807,3001.1198243408176,2606.5800841938317,2181.187710338669,2393.416433119157,3350.7830063668193,2724.3810492614152,2566.378167543783,2712.226981436982,3570.4911555008043,3306.8413765400223,2914.1714929814107,2736.5351170858485,2945.0241266895873,2642.1073593729443,2739.33990196841,3010.4691072826895,2887.058572449983,3134.814570409583,2308.337958348124,3160.057634352637,3480.738039258836,2792.6308147370787,2807.5896674440733,2587.8815183100883,2358.8240862342313,2906.6920666279134,2247.567619225958,2821.6135918568807,2772.997320559148,2376.5877238237877,2432.683421475018,3117.985861114214,3163.797347529385,2871.1647914488008,2378.457580412162,2764.5829659114634,2745.88440002772,2001.6814778547323,2607.515012488019,2751.493969792843,2564.508310955409,2514.957111363489,2823.4834484452554,3087.1332274060373,3141.3590684688934,2770.1925356765864,2944.0891983954,2954.3734096314593,3038.5169561083044,2964.657620867518,2726.2509058497894,2795.43559961964,2340.125520350488,2650.5217140206287,2893.603070509293,2545.8097450716655,2996.4451828698816,2304.5982451713758,2895.4729270976673,2583.2068768391523,3157.252849470075,2744.0145434393457,3258.2251052422894,3052.540880521112,2845.921727505747,2766.452822499838,3033.8423146373684,3341.433723424948,2787.0212449719556,3025.427959989684,2685.114060905554,2492.518832302997,3047.8662390501763,3026.362888283871,2730.9255473207254,2380.3274370005365,2733.7303322032867
B02013,99000000023,Synthetic Census Tract 99000000023,1.0,Total:,197.61677587601943,158.45769125542571,+/-174,96.53169697169612,123.85198856745917,194.88474671644312,184.86730646466333,141.15483991144245,273.2029159576305,214.00895083347726,109.28116638305222,215.83030360652813,189.42068839729052,135.69078159228982,193.97407032991768,180.31392453203617,263.18547570585076,209.4555689008501,163.9217495745783,235.8651841100877,193.06339394339224,253.16803545407097,197.61677587601943,166.65377873415463,239.50788965618943,201.25948142212115,203.99151058169747,150.2616037766968,231.31180217746052,201.25948142212115,251.3466826810201,246.79330074839294,285.95238536898665,245.8826243618675,106.54913722347591,173.02851343983266,122.03063579440831,270.4708867980542,203.99151058169747,154.81498570932396,181.2246009185616,138.42281075186614,239.50788965618943,140.244163524917,255.9000646136473,202.1701578086466,151.17228016322224,157.54701486890028,149.35092739017136,234.95450772356227,182.13527730508702,229.49044940440965,283.22035620941034,254.98938822712185,102.90643167737417,200.34880503559575,161.18972041500203,237.6865368831386,148.44025100364593,178.4925717589853,241.3292424292403,137.5121343653407,280.488327049834,162.10039680152747,137.5121343653407,179.40324814551073,185.77798285118877,134.78010520576441,305.98726587254623,223.1157146987316,152.08295654974768,246.79330074839294,201.25948142212115,110.19184276957765,213.09827444695182,175.76054259940898,256.8107410001727,234.04383133703683,183.04595369161245,258.6320937732236,187.59933562423964,238.597213269664,152.99363293627312,183.9566300781379
B02013,99000000024,Synthetic Census Tract 99000000024,1.0,Total:,398.12744641987797,306.48685772988046,+/-301,186.33586366966153,299.3592563873251,399.14567518310014,432.74722436943256,495.8774076892086,403.2185902359889,207.71866769732762,366.56235475998994,374.70818486576746,451.07534210743205,235.21084430432688,459.2211722132096,356.380067127768,241.32021688366004,432.74722436943256,428.67430931654377,271.86707978032587,490.78626387309765,408.3097340520999,363.5076684703233,464.3123160293206,277.97645235965905,496.8956364524308,414.41910663143307,534.570100691652,492.822721399542,303.4321714402139,509.11438161109714,456.166485923543,543.7341595606517,214.846269039883,448.0206558177655,381.8357862083228,221.97387038243835,303.4321714402139,404.2368189992111,295.2863413344363,334.9972631001019,433.7654531326547,458.2029434499874,389.9816163141004,284.0858249389922,513.1872966639859,366.56235475998994,531.5154144019854,494.8591789259864,301.3957139137695,328.88789052076874,379.7993286818785,371.6534985761009,283.06759617577,468.3852310822094,465.33054479254275,268.8123934906593,476.5310611879869,403.2185902359889,225.02855667210494,327.86966175754657,506.0596953214305,461.25762973965396,309.5415440195471,171.06243222132863,385.9087012612116,447.00242705454326,515.2237541904303,501.98678026854174,254.55719080554857,402.2003614727667,388.9633875508782,570.2081074044288,325.8332042311022,415.43733539465524,443.9477407648767,329.90611928399096,375.7264136289897,429.692538079766,230.1197004882159,373.6899561025453,403.2185902359889,443.9477407648767,467.36700231898715
B02013,99000000025,Synthetic Census Tract 99000000025,1.0,Total:,495.27630876203284,329.49344390444867,+/-318,199.97558073446098,492.16788004595315,531.5413104496295,388.55358950996305,638.2640297016992,423.78244829219966,395.8065898474823,361.6138739706056,354.36087363308627,485.9510226137937,437.2523060618784,337.78258714732783,432.0715915350789,451.758306736917,632.0471722695398,580.2400270015448,532.5774533549893,500.4570232888324,275.61401282573377,450.7221638315571,396.8427327528422,596.8183134873032,603.0351709194626,597.8544563926631,616.5050286891413,469.37273612803534,517.0353097745908,395.8065898474823,454.8667354529967,558.4810259889869,484.91487970843383,589.565313149784,457.97516416907644,614.4327428784215,569.8785979479458,670.3844597678562,612.3604570677018,501.49316619419227,403.05959018500164,506.6738807209918,526.3605959228299,250.74658309709613,404.09573309036153,383.3728749831635,437.2523060618784,410.31259052252096,603.0351709194626,666.2398881464165,514.963023963871,528.4328817335497,390.62587532068284,418.6017337654002,510.8184523424314,536.7220249764289,314.98744322941,403.05959018500164,396.8427327528422,408.2403047118012,509.7823094370715,406.1680189010813,508.7461665317116,370.9391601188447,584.3845986229844,461.0835928851561,461.0835928851561,542.9388824085884,563.6617405157864,652.7700303767379,642.4086013231389,496.3124516673928,601.9990280141027,601.9990280141027,645.5170300392185,657.9507449035374,363.6861597813254,461.0835928851561,575.0593124747453,456.93902126371654,656.9146019981774,417.5655908600403,356.43315944380606
B02013,99000000026,Synthetic Census Tract 99000000026,1.0,Total:,573.5334895407137,639.1081376622628,+/-653,388.554258272463,829.959725478712,783.9595991844909,537.3206241601567,804.5128471031854,538.2993502515232,556.8951459874849,333.7455971559443,564.724954718416,371.91591471923414,545.1504328910879,306.341266597685,542.2142546169887,600.937820098973,722.2998554284073,547.1078850738207,479.57578476953876,849.5342473060401,310.25617096315057,263.2773185775631,331.7881449732115,526.5546371551262,612.68253319537,285.78801867899045,536.3418980687903,829.959725478712,334.72432324731074,560.8100503529504,252.51133157253267,454.12890639401223,803.534121011819,541.2355285256223,795.7043122808878,261.3198663948303,686.0869900478503,972.8537348182072,1017.8751350210619,501.1077587795997,592.1292852766754,548.0866111651872,521.6610066982942,864.2151386765362,806.4702992859183,524.5971849723934,806.4702992859183,552.9802416220192,585.2782026371106,290.68164913582245,487.40559350047,430.6394802012185,498.17158050550046,301.4476361408529,530.4695415205919,525.5759110637598,823.1086428391471,583.3207504543777,505.02266314506534,753.6190903521324,292.6391013185553,269.1496751257616,325.9157884250131,578.4271199975458,555.9164198961184,242.7240706588686,586.256928728477,757.5339947175979,338.6392276127764,622.469794109034,282.8518404048912,471.7459760386075,839.746986392376,478.59705867817235,745.7892816212011,281.8731143135248,584.2994765457441,841.7044385751088,948.3855825340471,524.5971849723934,654.7677551241254,608.7676288299043,516.7673762414622
B02013,99000000027,Synthetic Census Tract 99000000027,1.0,Total:,559.8505654658281,344.96816254176673,+/-358,210.06441182710935,393.14807351128724,602.2488871190062,670.6643606957253,460.5999488686159,513.5978509350884,625.3752443843761,645.6108069915747,669.7007624763348,617.6664586292527,431.69200228690363,497.2166812054515,629.2296372619377,455.7819577716639,523.2338331289926,572.3773423179035,758.3517986602526,771.8421737317184,572.3773423179035,532.8698153228967,478.90831503703373,596.4672978026638,552.1417797107049,468.3087346237392,586.8313156087596,619.5936550680335,655.2467891854787,687.0455304253622,505.8890651799652,527.0882260065542,602.2488871190062,548.2873868331433,549.2509850525337,592.612904925102,509.7434580575268,477.9447168176433,481.79910969520495,531.9062171035063,543.4693957361911,480.83551147581454,422.0560200929995,370.9853144653078,450.96396667471186,657.1739856242596,579.1225298536364,582.976922731198,817.1312900430676,476.9811185982529,399.89326104702013,442.29158270019815,592.612904925102,402.78405570519135,453.8547613328831,491.43509188910906,406.63844858275297,483.72630613398576,509.7434580575268,452.89116311349267,498.1802794248419,572.3773423179035,738.116236053054,532.8698153228967,579.1225298536364,762.2061915378142,648.5016016497459,568.5229494403418,511.67065449630763,629.2296372619377,883.6195671810059,625.3752443843761,555.0325743688761,502.0346723024036,607.0668782159582,478.90831503703373,551.1781814913145,784.3689505837937,744.8614235887868,642.7200123334034,519.379440251431,674.518753573287,639.8292176752321
B02013,99000000028,Synthetic Census Tract 99000000028,1.0,Total:,1277.155095688073,440.39830885795624,+/-440,268.24260630439153,1079.9767619493973,1384.2519571603489,1377.2456204285177,1408.2736830980555,1181.0681919372462,1200.0853916379308,1324.197642316082,992.8980054252104,1438.3008405201888,1183.0700024320552,1056.955941259095,1368.2374732018777,1168.0564237209885,1257.1369907399842,1086.9830986812283,1314.1885898420376,1250.130654008153,1266.1451379666241,1484.3424819007935,1445.30717725202,1232.114359554873,1341.2130315219576,1436.29903002538,1189.0754339164819,1239.120696286704,1164.0528027313708,1255.1351802451752,981.8880477037615,1315.189495089442,1226.1089280704464,1112.0057298663394,1447.308987746829,1270.1487589562419,1193.0790549060996,952.8617955290325,1436.29903002538,1409.27458834546,1248.1288435133442,1589.4375328782603,1421.2854513143134,1293.1695796465442,1357.2275154804288,1268.146948461433,1437.2999352727845,1291.1677691517352,1093.9894354130595,1286.163242914713,1086.9830986812283,1330.2030738005087,1236.1179805444908,1139.0301715462595,1212.096254606784,1322.195831821273,1156.045560752135,1146.0365082780907,1382.25014666554,1228.1107385652551,1367.2365679544732,1333.205789542722,1390.2573886447753,1405.2709673558422,1332.2048842953177,1292.1686743991397,1268.146948461433,1260.1397064821974,981.8880477037615,1279.156906182882,1014.9179208681082,1224.1071175756374,1245.1261277711308,1215.0989703489975,1292.1686743991397,1417.2818303246954,1091.9876249182505,1055.9550360116905,1440.3026510149978,1207.0917283697618,1353.223894490811,1449.3107982416377,1405.2709673558422
B02013,99000000029,Synthetic Census Tract 99000000029,1.0,Total:,224.67520658540667,138.67512750965292,+/-129,84.92507808730683,242.95022338900432,221.4502036200659,226.8252085623005,170.92515716306056,185.97517100131748,268.75024711173046,281.6502589730935,283.8002609499874,207.47519077025592,211.7751947240436,158.0251453016975,179.52516507063595,263.37524216949583,202.1001858280213,227.90020955074743,255.8502352503674,213.92519670093745,235.4252164698759,209.62519274714975,212.85019571249052,167.7001541977198,237.57521844676972,194.57517890889284,162.3251492554852,268.75024711173046,152.6501403594629,282.7252599615404,226.8252085623005,227.90020955074743,255.8502352503674,207.47519077025592,235.4252164698759,150.50013838256905,212.85019571249052,254.77523426192047,267.67524612328356,294.55027083445657,204.25018780491516,232.2002135045351,220.37520263161898,215.00019768938438,181.67516704752978,212.85019571249052,246.17522635434509,226.8252085623005,221.4502036200659,207.47519077025592,149.42513739412215,220.37520263161898,232.2002135045351,262.30024118104893,212.85019571249052,284.8752619384343,236.5002174583228,209.62519274714975,203.17518681646823,122.55011268294909,251.5502312965797,245.10022536589818,216.07519867783128,245.10022536589818,296.70027281135043,269.82524810017736,341.8503143261211,270.9002490886243,228.97521053919434,108.5750998331391,181.67516704752978,215.00019768938438,220.37520263161898,284.8752619384343,247.25022734279202,234.35021548142896,269.82524810017736,180.60016605908288,192.425176931999,209.62519274714975,158.0251453016975,283.8002609499874,277.35025501930585
B02013,99000000030,Synthetic Census Tract 99000000030,1.0,Total:,238.6604705562704,128.42715904373296,+/-120,78.12652175160422,279.3290709201192,223.67730200116824,240.8009232069993,172.30643838367504,312.50608700641686,248.29250748455038,264.345902365017,180.86824898659057,235.44979158017708,293.2420131498569,280.39929724548364,206.55368079533716,237.59024423090597,197.99187019242163,281.4695235708481,238.6604705562704,238.6604705562704,221.53684935043935,255.78409176210147,256.8543180874659,238.6604705562704,261.1352233889237,186.2193806134128,150.9019118763862,212.97503874752383,246.1520548338215,282.5397498962125,143.41032759883512,239.73069688163486,192.64073856559943,232.23911260408377,245.08182850845705,193.71096489096388,233.3093389294482,236.52001790554152,276.11839194402586,306.0847290542302,217.25594404898158,273.97793929329697,202.2727754938794,222.6070756758038,264.345902365017,286.82065519767025,187.2896069387772,273.97793929329697,246.1520548338215,301.8038237527724,291.101560499128,235.44979158017708,261.1352233889237,205.48345446997274,225.8177546518971,264.345902365017,205.48345446997274,281.4695235708481,296.45269212595025,192.64073856559943,218.32617037434602,226.88798097726155,177.65757001049727,236.52001790554152,294.31223947522136,267.5565813411103,176.58734368513282,191.570512240235,201.20254916851496,332.84038718834125,217.25594404898158,188.35983326414166,233.3093389294482,227.958207302626,220.4666230250749,217.25594404898158,180.86824898659057,269.6970339918392,258.9947707381948,219.39639669971046,225.8177546518971,251.5031864606437,280.39929724548364
B02013,99000000031,Synthetic Census Tract 99000000031,1.0,Total:,330.76498451453125,211.7259378897961,+/-233,129.0346917611633,344.39540970056964,310.773694241675,261.7041635719368,366.20408999823104,381.6519052090745,302.59543913005194,256.2519934975215,354.3910548369978,385.28668525868477,294.41718401842894,365.2953949858285,462.52576131290226,369.8388700478413,348.0301897501799,332.5823745393364,311.6823892540776,273.5171987331701,348.0301897501799,388.921465308295,336.21715458894664,283.5128438695982,360.7519199238157,519.7735470942634,261.7041635719368,272.60850372076754,372.56495508504895,289.8737089564161,248.07373838589845,383.4692952338797,389.8301603206976,393.46494037030783,356.2084448618029,262.6128585843394,287.14762391920846,242.62156831148312,311.6823892540776,354.3910548369978,283.5128438695982,300.77804910524685,265.33894362154706,341.669324663362,248.98243339830103,281.6954538447931,458.890981263292,348.0301897501799,220.8128880138217,499.78225682140715,460.7083712880971,261.7041635719368,319.8606443657006,256.2519934975215,281.6954538447931,431.6301308912153,387.1040752834899,381.6519052090745,377.10843014706177,383.4692952338797,322.58672940290825,286.23892890680594,415.2736206679692,378.92582017186686,369.8388700478413,284.4215388820008,239.89548327427542,252.61721344791124,389.8301603206976,290.7824039688187,236.2607032246652,277.1519787827803,282.6041488571957,397.09972041991807,287.14762391920846,232.62592317505496,332.5823745393364,378.01712515946434,289.8737089564161,325.3128144401159,383.4692952338797,382.5606002214771,306.2302191796622
B02013,99000000032,Synthetic Census Tract 99000000032,1.0,Total:,120.78265896759032,106.73816373880075,+/-114,65.54097773435133,162.91614465395904,47.751283777884545,102.99296501112353,169.47024242739417,140.44495228789572,79.5854729631409,56.17798091515829,161.04354529012042,128.27305642294476,59.92317964283551,157.29834656244321,142.31755165173433,178.83323924658723,153.55314783476598,114.22856119415519,168.53394274547486,67.41357709818995,102.05666532920422,122.65525833142893,119.84635928567101,131.08195546870266,100.18406596536562,121.71895864950962,114.22856119415519,124.52785769526754,122.65525833142893,108.61076310263935,136.6997535602185,112.35596183031657,92.69366851001118,112.35596183031657,155.4257471986046,149.80794910708877,146.99905006133085,101.12036564728491,115.16486087607448,132.95455483254128,115.16486087607448,113.29226151223588,146.99905006133085,146.99905006133085,160.1072456082011,120.78265896759032,141.38125196981503,118.9100596037517,167.59764306355555,125.46415737718684,132.95455483254128,150.74424878900808,161.04354529012042,96.4388672376884,126.40045705910615,109.54706278455866,122.65525833142893,114.22856119415519,99.24776628344631,120.78265896759032,119.84635928567101,103.92926469304284,146.06275037941154,121.71895864950962,176.9606398827486,129.20935610486407,70.22247614394786,128.27305642294476,143.25385133365364,168.53394274547486,123.59155801334823,130.14565578678338,174.15174083699068,42.133485686368715,108.61076310263935,60.85947932475481,52.43278218748107,94.56626787384978,48.68758345980385,178.83323924658723,115.16486087607448,133.89085451446059,135.7634538782992
B02013,99000000033,Synthetic Census Tract 99000000033,1.0,Total:,114.6292258807264,97.57694434475056,+/-103,59.68298537591539,89.99815255098353,128.83946049403957,143.04969510735276,64.41973024701979,99.47164229319232,134.52355433936486,110.83982998384288,114.6292258807264,134.52355433936486,84.31405870565825,179.99630510196707,62.52503229857803,102.31368921585496,163.8913725402121,62.52503229857803,118.41862177760991,137.3656012620275,137.3656012620275,145.8917420300154,182.8383520246297,70.10382409234506,126.94476254559783,137.3656012620275,70.10382409234506,88.10345460254177,89.05080357676265,117.47127280338903,111.78717895806375,88.10345460254177,138.31295023624838,200.8379825348264,105.1557361385176,109.89248100962199,144.94439305579454,115.57657485494727,149.6811379268989,121.26066870027255,105.1557361385176,133.57620536514398,123.1553666487143,100.4189912674132,127.8921115198187,142.1023461331319,98.52429331897144,95.68224639630881,177.15425817930443,109.89248100962199,137.3656012620275,162.94402356599124,94.73489742208793,119.36597075183079,97.57694434475056,157.25992972066595,101.36634024163408,64.41973024701979,119.36597075183079,74.84056896344946,117.47127280338903,88.10345460254177,109.89248100962199,68.2091261439033,116.52392382916815,125.99741357137694,117.47127280338903,89.99815255098353,108.94513203540112,118.41862177760991,99.47164229319232,129.78680946826046,143.04969510735276,131.68150741670223,164.838721514433,135.47090331358572,114.6292258807264,117.47127280338903,128.83946049403957,75.78791793767034,122.20801767449342,91.8928504994253,162.94402356599124
B02013,99000000034,Synthetic Census Tract 99000000034,1.0,Total:,190.9253805484549,153.88015745696367,+/-162,94.03787400147779,188.07574800295558,111.13566927447376,158.62954503279587,186.1759929726227,159.5794225479623,131.08309709296904,172.8777077602925,189.02562551812204,155.77991248729654,237.46937879161058,104.48652666830866,139.63199472946704,239.36913382194348,163.37893260862808,218.47182848828174,166.2285651541274,173.82758527545894,322.00847764142395,255.517051579773,193.77501309395424,118.73468939580529,256.4669290949394,217.5219509731153,144.38138230529924,129.18334206263617,192.8251355787878,164.32881012379454,294.46202970159715,280.2138669741005,206.12342079111798,219.42170600344818,272.61484685276895,246.968153943275,167.17844266929384,221.32146103378108,223.22121606411395,204.2236657607851,217.5219509731153,189.02562551812204,207.07329830628444,158.62954503279587,243.16864388260925,194.72489060912068,194.72489060912068,153.88015745696367,277.36423442860115,246.968153943275,254.56717406460655,240.3190113371099,212.77256339728308,157.67966751762944,265.0158267314374,193.77501309395424,222.2713385489475,232.71999121577838,198.52440066978644,110.18579175930732,190.9253805484549,151.98040242663077,117.78481188063886,158.62954503279587,152.9302799417972,237.46937879161058,159.5794225479623,175.72734030579184,139.63199472946704,178.57697285129117,248.8679089736079,181.42660539679048,141.5317497597999,218.47182848828174,189.97550303328848,171.92783024512607,168.1283201844603,204.2236657607851,114.93517933513952,231.77011370061194,249.81778648877435,205.17354327595154,220.37158351861464
B02013,99000000035,Synthetic Census Tract 99000000035,1.0,Total:,266.74683748166984,257.6186187085329,+/-254,156.1939656736774,373.24272316826807,177.49314281099706,261.67560482992707,209.9490317821508,266.74683748166984,175.46464975029994,177.49314281099706,330.6443688936288,238.34793463191033,166.33643097716296,418.88381703395305,224.14848320703058,301.2312195135207,356.00053215234266,267.76108401201844,323.5446431811889,154.1654726129803,244.43341381400165,361.07176480408543,368.1714905165253,176.4788962806485,168.36492403786008,339.7725876667658,321.51615012049183,245.44766034435023,124.75232323287221,153.15122608263175,269.78957707271553,241.390674222956,197.77807341796816,360.0575182737369,261.67560482992707,398.59888642698195,398.59888642698195,253.56163258713866,359.04327174338835,166.33643097716296,287.03176808864094,300.2169729831722,209.9490317821508,381.35669541105653,163.2936913861173,277.90354931550394,349.91505297025134,268.775330542367,214.00601790354503,212.99177137319646,263.7040978906242,328.6158758329317,161.2651983254202,388.4564211234964,269.78957707271553,314.4164244080519,357.0147786826912,288.0460146189895,379.32820235035945,182.56437546273983,196.7638268876196,302.24546604386927,286.0175215582924,215.02026443389357,192.70684076622538,184.59286852343695,393.5276537752392,286.0175215582924,119.68109058112944,186.62136158413404,294.13149380108086,261.67560482992707,171.40766362890574,261.67560482992707,217.0487574945907,370.19998357722244,283.9890284975953,242.40492075330454,452.35395253545533,183.57862199308838,250.518892996093,241.390674222956,193.72108729657393
B02013,99000000036,Synthetic Census Tract 99000000036,1.0,Total:,91.44248111807939,73.7439363855479,+/-75,44.246361831328734,72.76068390040726,113.07403579117343,63.91141153414151,74.72718887068854,88.49272366265747,96.35874354378258,78.66019881125109,113.07403579117343,95.37549105864194,68.8276739598447,104.22476342490769,108.15777336547025,92.42573360322002,64.89466401928215,112.09078330603279,126.83957058314238,73.7439363855479,107.17452088032961,76.69369384096981,116.02379324659535,91.44248111807939,58.01189662329767,139.62185288997068,119.9568031871579,71.77743141526662,91.44248111807939,69.81092644498534,70.79417893012598,69.81092644498534,96.35874354378258,78.66019881125109,91.44248111807939,90.45922863293875,122.90656064257982,80.62670378153236,49.16262425703193,100.29175348434514,79.64345129639172,77.67694632611045,88.49272366265747,114.05728827631407,91.44248111807939,116.02379324659535,57.028644138157034,113.07403579117343,117.00704573173599,32.44733200964107,99.3085009992045,68.8276739598447,74.72718887068854,116.02379324659535,76.69369384096981,61.94490656386023,120.94005567229854,68.8276739598447,95.37549105864194,105.20801591004833,95.37549105864194,114.05728827631407,73.7439363855479,57.028644138157034,90.45922863293875,66.86116898956342,114.05728827631407,71.77743141526662,79.64345129639172,89.47597614779811,84.55971372209491,103.24151093976705,84.55971372209491,66.86116898956342,160.27015507792407,101.27500596948578,85.54296620723555,103.24151093976705,92.42573360322002,71.77743141526662,78.66019881125109,101.27500596948578,46.21286680161001
B02013,99000000037,Synthetic Census Tract 99000000037,1.0,Total:,1021.7624753357377,545.0006435673258,+/-599,331.18569993072884,957.1630668327658,864.358282786243,989.9176964962445,748.807228140082,714.2328968286323,1261.9630928679146,1164.6090547014642,1036.320088519506,1028.1314311036363,1030.8609835755929,979.9093374324038,907.1212715135623,1228.2986123804505,1008.114712975955,1020.8526245117522,980.8191882563893,916.2197797534175,1178.256817061247,853.4400728984167,686.0275212850812,1050.8777017032744,1180.9863695332035,1115.4771102062462,1360.2269818583507,1063.6156132390715,695.1260295249364,737.8890182522558,1058.1565082951583,919.8591830493596,1155.510546461609,1024.4920278076943,1085.452033014724,767.0042446197924,930.7773929371858,1236.48726979632,933.5069454091423,1227.388761556465,964.44187342465,989.007845672259,1273.7911535797264,1007.2048621519693,973.5403816645052,1135.4938283339275,760.6352888518937,721.5117034205165,1019.9427736877667,1126.3953200940723,901.6621665696492,936.2364978810989,1050.8777017032744,1159.149949757551,980.8191882563893,1192.8144302450153,1107.2884527903764,969.9009783685631,935.3266470571134,688.7570737570378,1194.6341318929863,1112.7475577342896,676.0191622212405,912.5803764574754,1149.1415906937102,1176.437115413276,1397.530865641757,1066.3451657110281,801.5785759312421,911.6705256334899,1144.5923365737826,999.9260555600853,1150.9612923416814,1002.6556080320418,1139.1332316298697,777.0126036836331,973.5403816645052,996.2866522641432,1007.2048621519693,1186.4454744771167,708.7737918847192,880.7355976179823,1150.0514415176958
B02013,99000000038,Synthetic Census Tract 99000000038,1.0,Total:,770.0310338766124,637.468729310512,+/-654,387.9396854213819,854.8319198858088,682.30597938434,1165.7685019195296,1098.5126268087874,523.426158470558,540.9711693690125,843.1352459535059,736.8904577350872,528.2997726090175,871.4022079565714,1005.9139581780556,745.6629631843144,869.4527623011876,378.19245714446276,766.1321425658447,834.3627405042787,709.5982185597136,788.5507676027587,409.38358763060404,855.8066427135008,735.9157349073953,754.4354686335416,475.66473991365416,473.7152942582704,967.8997678980709,1004.9392353503637,585.8084194428405,708.6234957320218,984.4700559688334,474.69001708596227,460.06917467058355,792.4496589135264,629.6709466889766,1057.574268045727,765.1574197381527,917.2141808580914,899.6691699596369,698.8762674551026,1003.9645125226717,775.8793708427638,732.0168435966276,872.3769307842633,1078.0434474272572,1044.902871285732,436.67582680597764,550.7183976459316,869.4527623011876,845.0846916088897,370.39467452292746,861.6549796796522,886.0230503719501,816.8177296058242,642.3423434489715,545.844783507472,811.9441154673647,946.4558656888488,845.0846916088897,748.5871316673902,525.3756041259418,651.1148488981987,816.8177296058242,757.3596371166175,599.4545390305273,566.3139628890023,847.0341372642736,1087.7906757041765,437.6505496336695,717.396001181249,1202.8079693718223,518.5525443320984,478.58890839672995,923.0625178242428,823.6407893996676,811.9441154673647,795.3738273966021,702.7751587658702,671.584028279729,788.5507676027587,924.0372406519348,641.3676206212796
B02013,99000000039,Synthetic Census Tract 99000000039,1.0,Total:,0.0,14.066508256409387,+/-14,9.042755307691749,0.0,0.0,0.0,0.0,0.0,0.0,0.0,0.0,0.0,0.0,0.0,0.0,0.0,0.0,0.0,0.0,0.0,0.0,0.0,0.0,0.0,0.0,0.0,0.0,0.0,0.0,0.0,0.0,0.0,0.0,0.0,0.0,0.0,0.0,0.0,0.0,0.0,0.0,0.0,0.0,0.0,0.0,0.0,0.0,0.0,0.0,0.0,0.0,0.0,0.0,0.0,0.0,0.0,0.0,0.0,0.0,0.0,0.0,0.0,0.0,0.0,0.0,0.0,0.0,0.0,0.0,0.0,0.0,0.0,0.0,0.0,0.0,0.0,0.0,0.0,0.0,0.0,0.0,0.0,0.0
B02013,99000000040,Synthetic Census Tract 99000000040,1.0,Total:,0.9203343805807432,3.681337522322973,+/-4,1.8406687611614865,0.9203343805807432,0.9203343805807432,1.8406687611614865,0.9203343805807432,2.7610031417422296,1.8406687611614865,0.0,0.0,1.8406687611614865,0.9203343805807432,0.9203343805807432,0.9203343805807432,2.7610031417422296,0.0,0.9203343805807432,1.8406687611614865,1.8406687611614865,1.8406687611614865,0.0,0.0,0.9203343805807432,0.9203343805807432,3.681337522322973,0.9203343805807432,2.7610031417422296,1.8406687611614865,0.0,0.0,0.9203343805807432,0.9203343805807432,1.8406687611614865,0.9203343805807432,2.7610031417422296,0.0,0.9203343805807432,2.7610031417422296,1.8406687611614865,1.8406687611614865,0.0,1.8406687611614865,1.8406687611614865,0.9203343805807432,0.0,1.8406687611614865,0.0,0.0,1.8406687611614865,1.8406687611614865,0.9203343805807432,0.9203343805807432,1.8406687611614865,0.9203343805807432,0.0,1.8406687611614865,0.9203343805807432,0.9203343805807432,0.9203343805807432,0.0,2.7610031417422296,3.681337522322973,1.8406687611614865,0.9203343805807432,0.0,0.9203343805807432,0.0,0.0,1.8406687611614865,1.8406687611614865,1.8406687611614865,0.9203343805807432,1.8406687611614865,0.9203343805807432,0.0,2.7610031417422296,0.9203343805807432,1.8406687611614865,0.9203343805807432,0.0,2.7610031417422296,0.0
B02013,99000000041,Synthetic Census Tract 99000000041,1.0,Total:,16.00037566136568,26.6672927689428,+/-25,16.00037566136568,17.067067372123393,21.33383421515424,20.267142504396528,13.866992239850257,3.2000751322731364,23.467217636669666,2.133383421515424,17.067067372123393,18.133759082881106,16.00037566136568,17.067067372123393,14.93368395060797,19.20045079363882,20.267142504396528,4.266766843030848,20.267142504396528,17.067067372123393,4.266766843030848,5.33345855378856,23.467217636669666,20.267142504396528,32.00075132273136,19.20045079363882,21.33383421515424,35.200826455004496,25.60060105818509,22.400525925911953,33.06744303348908,3.2000751322731364,13.866992239850257,4.266766843030848,11.733608818334833,22.400525925911953,16.00037566136568,21.33383421515424,6.400150264546273,28.800676190458226,26.6672927689428,14.93368395060797,11.733608818334833,19.20045079363882,10.66691710757712,3.2000751322731364,18.133759082881106,25.60060105818509,12.800300529092546,35.200826455004496,23.467217636669666,20.267142504396528,23.467217636669666,18.133759082881106,32.00075132273136,19.20045079363882,5.33345855378856,20.267142504396528,18.133759082881106,32.00075132273136,29.86736790121594,23.467217636669666,16.00037566136568,4.266766843030848,14.93368395060797,20.267142504396528,7.466841975303985,13.866992239850257,14.93368395060797,16.00037566136568,1.066691710757712,20.267142504396528,19.20045079363882,21.33383421515424,21.33383421515424,6.400150264546273,20.267142504396528,21.33383421515424,24.53390934742738,5.33345855378856,16.00037566136568,18.133759082881106,18.133759082881106
B02013,99000000042,Synthetic Census Tract 99000000042,1.0,Total:,682.7942799697657,237.61240942947845,+/-261,144.75238735359034,587.2030807739985,651.8409392778029,663.6760401306123,782.937441031998,772.0127325524818,729.2242910077098,613.6044595994961,670.0487867436634,796.5933266313933,697.3605579424541,678.2423181033006,663.6760401306123,607.2317129864449,619.9772062125472,680.0631028498866,722.8515443946586,614.5148519727891,667.3176096237843,672.7799638635424,577.1887646677752,549.8769934689847,580.8303341609474,754.7152774599143,671.8695714902494,788.3997952717561,711.0164435418493,643.6474079181658,632.7226994386496,670.0487867436634,888.5429563339884,792.9517571382212,741.969784233812,609.962890106324,516.1924756571428,738.32821474064,708.2852664219703,696.450165569161,643.6474079181658,765.6399859394306,714.6580130350214,728.3138986344168,790.2205800183422,768.3711630593097,697.3605579424541,650.9305469045099,659.1240782641471,659.1240782641471,632.7226994386496,607.2317129864449,558.0705248286218,671.8695714902494,656.3929011442681,655.4825087709751,727.4035062611238,680.9734952231796,696.450165569161,843.9337300426304,653.6617240243891,586.2926884007055,676.4215333567146,803.8764656177375,778.3854791655328,608.142105359738,566.264056188259,618.1564214659612,687.3462418362308,627.2603451988914,723.7619367679516,724.6723291412446,556.2497400820358,669.1383943703704,714.6580130350214,647.2889774113379,665.4968248771983,634.5434841852356,812.0699969773747,742.8801766071051,729.2242910077098,647.2889774113379,641.8266231715797
B02013,99000000043,Synthetic Census Tract 99000000043,1.0,Total:,1607.9231299769535,630.3666251798988,+/-581,382.99383595267517,1424.5634748041432,1656.7467067981163,1478.8118934943238,1324.7463844142108,1509.191007960825,1722.9297776001365,1772.8383227951028,1329.0862579094253,1508.1060395870213,1618.7728137149898,1830.3416466066942,1122.942266886739,1703.4003468716714,1936.6685472394481,1694.7205998812426,1681.7009793955992,1997.4267761724504,1985.4921240606109,1363.8052458711409,1433.243221794572,1709.9101571144931,1489.6615772323598,1575.3740787628453,1549.3348377915586,1558.0145847819874,1808.642279130622,1563.4394266510055,1892.1848439135001,1595.988477865114,1235.7789777623145,1842.276298718534,1388.7595184686238,1639.3872128172584,1857.4658559517845,1584.0538257532742,1625.2826239578114,1994.1718710510397,1475.5569883729129,1686.0408528908138,1434.3281901683756,1805.387374009211,1750.0539869452268,1475.5569883729129,1606.83816160315,1474.4720199991093,1594.9035094913104,1612.263003472168,1372.4849928615697,1833.596551728105,1336.6810365260505,1411.5438543184998,1376.8248663567842,1732.6944929643691,1741.374239954798,1776.0932279165136,1469.0471781300912,1847.701140587552,1965.9626933321458,1398.5242338328565,1575.3740787628453,1655.6617384243125,1643.727086312473,1497.256355848985,1665.4264537885451,1514.615849829843,1731.6095245905653,1416.968696187518,1456.0275576444478,1620.942750462597,1684.9558845170102,1976.8123770701818,1402.864107328071,1780.433101411728,1640.472181191062,1580.7989206318634,1562.354458277202,1975.7274086963782,1797.7925953925858,1422.3935380565358,1576.459047136649
B02013,99000000044,Synthetic Census Tract 99000000044,1.0,Total:,663.1921150158181,383.5660360077616,+/-417,232.71512496394172,827.8403654843777,570.2900295559047,554.6530448745331,678.8290996971897,630.998323024759,562.0116259010608,662.2722923875021,789.2078150951066,599.7243536620158,711.9427143165648,532.5773017949497,791.9672829800546,773.5708304137352,756.0942004757316,791.0474603517387,522.4592528834739,582.2477237240123,511.4213813436822,645.7154850778146,770.8113625287872,720.2211179714086,745.9761515642558,661.3524697591862,962.13446921851,619.9604514849673,622.7199193699151,732.1788121395163,546.3746412196892,832.4394786259576,780.009588811947,536.2565923082135,596.0450631487519,585.9270142372761,682.5083902104536,568.4503842992726,715.6220048298287,625.4793872548631,608.9225799451756,623.6397419982312,727.5796989979364,708.2634238033008,470.9491856977793,592.365772635488,519.699784998526,635.5974361663389,685.2678580954015,635.5974361663389,624.5595646265472,737.6977479094121,642.0361945645507,656.7533566176063,716.5418274581447,661.3524697591862,917.0631604310272,769.8915399004712,498.5438645472585,661.3524697591862,415.75982799882075,704.584133290037,744.1365063076239,787.3681698384747,759.7734909889955,834.2791238825895,840.7178822808013,529.8178339100017,450.7130878748278,847.1566406790131,712.8625369448807,605.2432894319116,781.8492340685789,597.8847084053839,466.3500725561994,602.4838215469638,547.2944638480052,502.22315506052246,661.3524697591862,597.8847084053839,805.7646224047943,925.341564085871,490.26546089241475
B02013,99000000045,Synthetic Census Tract 99000000045,1.0,Total:,634.8167042498131,458.47873084708726,+/-429,278.93461247340275,755.5814981559224,739.5507733011291,828.2541174976518,669.0155839400388,584.5870997047942,615.5798344240612,671.1530139206778,608.0988294918244,524.7390602468994,631.6105592788545,818.6356825847759,458.47873084708726,548.2507900339295,333.43907697969985,670.0842989303583,794.0552378074262,621.9921243659785,858.1781372265992,508.70833539210616,774.8183679816743,670.0842989303583,510.84576537274523,341.98879690225624,832.5289774589301,768.406078039757,720.3139034753772,512.9831953533844,542.9072150823317,646.5725691433282,671.1530139206778,446.72286595357224,769.4747930300765,673.290443901317,738.4820583108095,547.18207504361,339.8513669216171,587.7932446757529,471.3033107309219,726.7261934172946,499.0899004792302,548.2507900339295,877.4150070523511,616.6485494143808,740.6194882914486,642.29770918205,631.6105592788545,695.7334586980276,681.8401638238734,399.69940637951197,621.9921243659785,914.8200317135354,440.3105760116549,612.3736894531025,542.9072150823317,531.1513501888168,868.8652871297948,629.4731292982154,818.6356825847759,450.99772591485043,734.2071983495314,751.3066381946442,493.74632552763245,502.29604545018884,605.9613995111853,582.4496697241551,592.0681046370311,519.3954852953017,563.2127998984032,743.8256332624073,666.8781539593997,292.8279073475569,718.176473494738,585.6558146951138,735.275913339851,734.2071983495314,430.69214109877896,772.6809380010352,394.3558314279142,712.8328985431403,474.50945570188054
B02013,99000000046,Synthetic Census Tract 99000000046,1.0,Total:,64.8318377271314,86.44245030284188,+/-80,52.946000810490645,31.33538823478018,75.63714401498665,22.69114320449599,71.31502149984455,43.22122515142094,108.05306287855234,98.32828721948263,78.8787359013432,62.67077646956036,78.8787359013432,21.61061257571047,76.71767464377216,85.36191967405635,24.85220446206704,56.18759269684722,76.71767464377216,64.8318377271314,75.63714401498665,29.174326977209134,38.89910263627884,71.31502149984455,88.60351156041293,72.39555212863007,95.08669533312606,36.7380413787078,66.99289898470245,70.23449087105902,69.1539602422735,114.53624665126549,43.22122515142094,63.75130709834588,76.71767464377216,106.97253224976681,57.26812332563274,91.84510344676949,104.81147099219577,32.4159188635657,33.496449492351225,83.2008584164853,81.03979715891425,28.09379634842361,97.24775659069711,25.93273509085256,61.590245840774834,48.623878295348554,115.61677728005101,100.48934847705368,97.24775659069711,71.31502149984455,77.79820527255768,21.61061257571047,88.60351156041293,90.76457281798396,18.3690206893539,57.26812332563274,85.36191967405635,72.39555212863007,61.590245840774834,24.85220446206704,36.7380413787078,79.95926653012873,68.07342961348797,59.429184583203785,94.00616470434053,31.33538823478018,74.55661338620112,65.91236835591693,70.23449087105902,108.05306287855234,35.657510749922274,74.55661338620112,64.8318377271314,102.65040973462473,57.26812332563274,101.5698791058392,122.09996105276414,39.979633265064365,43.22122515142094,78.8787359013432,65.91236835591693
B02013,99000000047,Synthetic Census Tract 99000000047,1.0,Total:,321.1028418823743,238.90928167357546,+/-218,144.66066596748604,329.8701549713129,380.28220523270954,401.1045738189386,398.91274554670395,340.8292963324861,332.06198324354756,415.35145758846375,415.35145758846375,253.1561654431006,486.58587643608945,433.98199790245815,250.96433717086595,341.9252104686034,268.4989633487431,202.74411518170393,400.0086596828213,337.5415539241341,358.3639225103632,276.1703623015643,265.2112209403911,165.4830345537151,338.6374680602514,312.3355287934358,318.9110136101397,264.11530680427376,372.6108062798883,330.9660691074302,263.01939266815646,304.6641298406146,201.64820104558663,231.23788272075421,310.14370052120114,366.0353214631844,366.0353214631844,231.23788272075421,261.92347853203916,286.0335895266202,302.4723015683799,347.40478114919,252.06025130698328,300.2804732961453,197.26454450111734,161.09937800924584,316.71918533790506,302.4723015683799,321.1028418823743,178.63400418712294,410.9678010439945,320.006927746257,309.04778638508384,321.1028418823743,336.4456397880168,324.3905842907263,304.6641298406146,301.3763874322626,390.1454324577654,328.7742408351956,260.8275643959218,233.42971099298884,302.4723015683799,395.625003138352,475.62673507491627,438.3656544469274,352.88435182977656,389.0495183216481,199.45637277335197,401.1045738189386,375.8985486882403,321.1028418823743,361.65166491871514,385.76177591329616,317.81509947402236,305.7600439767319,376.9944628243576,310.14370052120114,488.7777047083241,199.45637277335197,395.625003138352,230.1419685846369,288.2254177988548
B02013,99000000048,Synthetic Census Tract 99000000048,1.0,Total:,62.56390538722841,61.503500211173694,+/-58,37.11418116191516,85.89281926043223,64.68471573933785,32.87256045769628,56.2014743309001,64.68471573933785,75.28876749988504,60.44309503511897,96.49687102097941,71.04714679566617,21.208103521094376,31.812155281641566,55.14106915484538,64.68471573933785,73.1679571477756,61.503500211173694,80.59079338015863,68.92633644355672,97.55727619703413,85.89281926043223,38.17458633796988,83.77200890832279,49.839043274571786,49.839043274571786,60.44309503511897,77.40957785199447,74.22836232383032,76.34917267593976,59.38268985906426,55.14106915484538,38.17458633796988,31.812155281641566,34.993370809805725,56.2014743309001,66.80552609144729,53.020258802735945,61.503500211173694,55.14106915484538,69.98674161961145,84.8324140843775,28.63093975347741,79.53038820410391,51.95985362668122,41.35580186613404,63.62431056328313,63.62431056328313,73.1679571477756,69.98674161961145,93.31565549281525,50.89944845062651,34.993370809805725,27.57053457742269,45.59742257035291,80.59079338015863,38.17458633796988,56.2014743309001,80.59079338015863,59.38268985906426,81.65119855621334,63.62431056328313,33.932965633751,89.07403478859638,49.839043274571786,44.53701739429819,71.04714679566617,79.53038820410391,65.74512091539256,60.44309503511897,64.68471573933785,42.41620704218875,43.476612218243474,41.35580186613404,50.89944845062651,67.865931267502,51.95985362668122,40.295396690079315,77.40957785199447,93.31565549281525,73.1679571477756,89.07403478859638,20.147698345039657
B02013,99000000049,Synthetic Census Tract 99000000049,1.0,Total:,764.4683479036885,299.87432431581146,+/-284,182.66992291068797,784.5303625586195,874.281480751732,731.7355871509062,496.2708888325049,894.3434954066631,771.8596164607683,708.5058859715124,822.5426008521731,923.9085696349825,615.587081253937,758.1329748547629,845.7723020315669,880.6168538006577,735.9591691835233,808.8159592461676,835.2133469500243,658.8787970882619,658.8787970882619,818.319018819556,750.741706297683,652.5434240393363,712.7294680041294,941.8587932736051,817.2631233114017,771.8596164607683,767.6360344281512,763.4124523955342,841.5487199989499,827.8220783929444,900.6788684555887,890.1199133740461,728.5679006264434,633.5373048925595,692.6674533491984,808.8159592461676,731.7355871509062,841.5487199989499,899.6229729474345,819.3749143277103,595.5250665990059,821.4867053440188,898.5670774392802,740.1827512161403,707.4499904633581,723.2884230856721,881.672749308812,737.0150646916775,935.5234202246795,749.6858107895288,695.8351398736612,809.8718547543218,741.2386467242945,696.8910353818154,720.1207365612092,834.15745144187,784.5303625586195,615.587081253937,732.7914826590604,659.9346925964161,854.219466096801,671.549543186113,730.6796916427519,967.2002854693075,714.841259020438,811.9836457706305,742.2945422324489,825.7102873766358,692.6674533491984,819.3749143277103,827.8220783929444,719.064841053055,845.7723020315669,810.9277502624761,842.6046155071041,738.0709601998318,719.064841053055,899.6229729474345,811.9836457706305,921.796778618674,659.9346925964161
B02013,99000000050,Synthetic Census Tract 99000000050,1.0,Total:,488.5359112195771,249.92468721338366,+/-243,152.21750496946822,488.5359112195771,507.0488510131611,412.427158734843,544.0747306003291,442.25356173561715,467.9659781155949,569.7871469803068,528.6472807723424,445.3390517012145,535.8467573587361,388.77173566526346,545.1032272555282,570.8156436355059,492.64989784037357,517.3338175651522,572.8726369459041,503.96336104756375,408.31317211404655,415.5126487004403,427.85460856282964,411.3986620796439,510.1343409787584,563.6161670491122,449.45303832201097,310.6059898701311,565.6731603595103,471.05146808119224,610.9270131882712,672.6368125002177,284.8935734901534,466.9374814603958,530.7042740827407,573.9011336011032,442.25356173561715,485.4504212539798,494.70689115077175,357.9168360092902,579.0436168770988,529.6757774275414,547.1602205659264,534.818260703537,357.9168360092902,512.1913342891567,372.3157891820777,579.0436168770988,523.5047974963469,510.1343409787584,521.4478041859486,552.3027038419219,438.13957511482073,647.9528927754391,333.23291628451153,501.9063677371655,462.8234948395994,373.3442858372768,421.683628631635,437.11107845962164,522.4763008411477,572.8726369459041,493.67839449557266,561.5591737387139,488.5359112195771,443.2820583908163,475.16545470198866,498.82087777156823,392.8857222860599,389.80023232046256,387.74323901006437,436.0825818044225,578.0151202218997,500.8778710819664,512.1913342891567,329.1189296637151,518.3623142203513,489.56440787477624,489.56440787477624,476.1939513571878,524.533294151546,455.6240182532056,420.6551319764359
B02013,99000000051,Synthetic Census Tract 99000000051,1.0,Total:,791.8494531867194,275.56360970897833,+/-261,167.87208407558452,680.9905297405787,755.9522779755881,769.6776684974913,907.9873729874382,895.3177817364507,845.6952160034164,711.6087085971318,777.0682633939007,923.8243620511727,808.7422415213695,786.5704568321413,769.6776684974913,704.2181137007225,718.9993034935412,788.6820553739725,838.3046211070069,712.6645078680475,773.9008655811538,780.2356612066475,669.3767377605068,637.702759633038,673.5999348441693,875.2575955890538,779.1798619357319,914.322168612932,824.5792305851038,746.4500845373475,733.78049328636,777.0682633939007,1030.4600884136507,919.6011649675102,860.4764057962351,707.3855115134693,598.6381866091599,856.2532087125726,821.4118327723569,807.6864422504538,746.4500845373475,887.9271868400414,828.8024276687663,844.6394167325006,916.4337671547632,891.0945846527883,808.7422415213695,754.8964787046725,764.3986721429131,764.3986721429131,733.78049328636,704.2181137007225,647.2049530712786,779.1798619357319,761.2312743301662,760.1754750592506,843.583617461585,789.7378546448881,807.6864422504538,978.7259241387852,758.0638765174193,679.934730469663,784.45885829031,932.2707562184977,902.7083766328601,705.2739129716381,656.7071465095192,716.8877049517099,797.1284495412975,727.4456976608662,839.3604203779225,840.4162196488381,645.0933545294474,776.012464122985,828.8024276687663,750.67328162101,771.7892670393225,735.8920918281913,941.7729496567383,861.5322050671507,845.6952160034164,750.67328162101,744.3384859955162
B02013,99000000052,Synthetic Census Tract 99000000052,1.0,Total:,0.0,12.976746183556813,+/-14,8.342193975143665,0.0,0.0,0.0,0.0,0.0,0.0,0.0,0.0,0.0,0.0,0.0,0.0,0.0,0.0,0.0,0.0,0.0,0.0,0.0,0.0,0.0,0.0,0.0,0.0,0.0,0.0,0.0,0.0,0.0,0.0,0.0,0.0,0.0,0.0,0.0,0.0,0.0,0.0,0.0,0.0,0.0,0.0,0.0,0.0,0.0,0.0,0.0,0.0,0.0,0.0,0.0,0.0,0.0,0.0,0.0,0.0,0.0,0.0,0.0,0.0,0.0,0.0,0.0,0.0,0.0,0.0,0.0,0.0,0.0,0.0,0.0,0.0,0.0,0.0,0.0,0.0,0.0,0.0,0.0,0.0
B02013,99000000053,Synthetic Census Tract 99000000053,1.0,Total:,1343.6229519908297,520.7294349169857,+/-517,316.2650726575116,1544.0584598215455,1391.969205135927,1524.9214012849445,1333.5508159189344,1151.24515301763,1160.3100754823356,1369.8105057777573,1641.7581797189298,1156.2812210535776,1331.5363887045553,1241.8943776646875,1168.3677843398518,1398.0124867790641,1210.670755841812,1248.944872915014,1293.2622716313533,1425.2072541731814,1514.8492652130492,1210.670755841812,1010.235248011096,1280.1684947378894,1298.298339667301,1364.7744377418096,1544.0584598215455,1440.3154582810243,1348.6590200267772,1523.914187677755,1112.9710359444277,1282.1829219522685,1526.9358284993236,1709.241491400628,1276.1396403091312,1230.8150279856025,1362.7600105274307,1170.382211554231,1486.6472842117425,1107.9349679084803,1544.0584598215455,1370.817719384947,1443.337099102593,1569.2388000012838,1404.0557684222013,1886.5110862659849,1383.9114962784108,1271.1035722731835,1289.233417202595,1263.0458634156673,1547.0801006431143,1252.9737273437722,1372.8321465993258,1332.5436023117447,1204.627474198675,1318.4426118110914,1175.4182795901786,1277.1468539163209,1429.2361086019396,1371.8249329921364,1413.120690886907,1204.627474198675,1091.8195501934479,1229.807814378413,1310.3849029535752,1327.5075342757973,1625.6427620038974,1452.4020215672986,1335.5652431333135,1525.9286148921342,1189.519270090832,1271.1035722731835,1377.8682146352735,1549.0945278574932,1251.9665137365826,1126.0648128378916,1201.6058333771064,1198.5841925555376,1541.036818999977,1129.0864536594602,1554.1305958934408,1281.1757083450789,1403.0485548150118
B02013,99000000054,Synthetic Census Tract 99000000054,1.0,Total:,297.84483848931063,272.77372413835855,+/-272,165.46935471628368,319.9074191181484,318.90457454411035,281.7993253047013,238.67700862106372,216.6144279922259,436.2373897065661,414.17480907772824,378.0724044123573,462.3113486315562,158.4494426980171,316.8988853960342,340.9671551729482,379.07524898639537,311.8846625258438,315.8960408219961,287.8163927489298,251.7139880835588,291.8277710450821,204.58029310376892,228.6485628806829,283.80501445277747,464.3170377796324,156.44375354994094,364.0325803758241,213.60589427011166,271.77087956432047,323.9187974143008,224.6371845845306,419.18903194791864,298.8476830633487,248.70545436144457,396.12360674504276,324.9216419883389,319.9074191181484,280.79648073066323,336.9557768767959,333.9472431546816,277.78794700854894,182.5177124749311,217.617272566264,286.8135481748917,483.37108468635597,159.45228727205517,383.0866272825477,207.58882682588316,268.76234584220623,380.07809356043344,204.58029310376892,381.0809381344715,278.7907915825871,233.66278575087333,421.19472109599485,405.1492079113855,294.8363047671964,295.8391493412345,345.9813780431386,336.9557768767959,278.7907915825871,184.52340162300726,187.5319353451215,328.9330202844912,339.9643105989101,271.77087956432047,243.69123149125414,182.5177124749311,272.77372413835855,425.20609939214717,439.2459234286803,403.1435187633093,141.4010849393697,308.87612880372956,417.1833427998425,426.20894396618525,295.8391493412345,332.9443985806435,239.67985319510183,225.64002915856867,328.9330202844912,221.62865086241632,161.45797642013136
B02013,99000000055,Synthetic Census Tract 99000000055,1.0,Total:,189.65805390193853,166.08473646779927,+/-155,100.72235630950408,235.73317434139253,175.7283663272199,180.01442404251793,146.79747674895808,138.225361318362,157.5126210372032,142.51141903366005,168.2277653254483,117.86658717069626,204.6592559054817,212.15985690725327,180.01442404251793,150.01202003543162,265.73557834847884,107.15144288245115,142.51141903366005,243.23377534316413,108.22295731127566,222.87500119549838,98.57932745185506,198.23016933253464,223.9465156243229,178.94290961369342,189.65805390193853,182.15745290016696,204.6592559054817,143.58293346248453,157.5126210372032,195.0156260460611,222.87500119549838,184.300481757816,261.44952063318084,229.30408776844547,122.15264488599432,175.7283663272199,257.1634629178828,136.08233246071296,241.0907464855151,153.22656332190516,267.87860720612787,161.79867875250125,176.79988075604442,152.15504889308065,143.58293346248453,230.37560219726998,106.07992845362664,211.08834247842879,143.58293346248453,125.36718817246785,234.661659912568,276.450722636724,136.08233246071296,156.44110660837867,180.01442404251793,198.23016933253464,167.1562508966238,247.51983305846215,271.0931504926014,264.6640639196543,114.65204388422273,291.4519246402671,146.79747674895808,124.29567374364333,281.80829478084655,213.23137133607779,141.43990460483553,221.8034867666739,221.8034867666739,187.51502504428953,187.51502504428953,87.86418316360995,204.6592559054817,247.51983305846215,173.58533746957087,174.6568518983954,159.65564989485222,165.0132220389748,221.8034867666739,132.86778917423942,292.52343906909164
B02013,99000000056,Synthetic Census Tract 99000000056,1.0,Total:,208.43757335492768,163.77237906458603,+/-165,100.24854718498902,226.30365107106434,96.2783076925142,190.57149563879102,181.6384567807227,252.1102077721506,225.31109119794561,206.45245360869026,305.7084409205606,59.553592387122194,233.25157018289525,196.52685487750324,191.56405551190971,178.66077716136658,182.63101665384139,280.894444092593,198.51197462374063,216.37805233987729,237.22180967537005,238.21436954848878,187.5938160194349,279.9018842194743,160.79469944522992,163.77237906458603,204.46733386245285,257.0730071377441,165.75749881082342,275.9316447269995,277.91676447323687,173.69797779577306,180.64589690760397,231.26645043665783,216.37805233987729,240.19948929472616,232.25901030977656,214.3929325936399,89.33038858068329,267.9911657420499,344.41827597219003,153.84678033339898,134.98814274414363,227.29621094418303,219.3557319592334,173.69797779577306,216.37805233987729,160.79469944522992,206.45245360869026,183.62357652696008,247.1474084065571,237.22180967537005,142.92862172909327,248.1399682796758,241.19204916784489,250.12508802591321,270.96884536140595,248.1399682796758,199.50453449685935,137.96582236349974,206.45245360869026,150.86910071404287,176.67565741512917,235.23668992913267,155.8319000796364,210.42269310116507,253.10276764526932,202.48221411621546,235.23668992913267,233.25157018289525,270.96884536140595,190.57149563879102,153.84678033339898,178.66077716136658,203.47477398933415,254.09532751838802,260.0506867571002,283.8721237119491,293.79772244313614,146.89886122156807,184.6161364000788,202.48221411621546,251.1176478990319
B02013,99000000057,Synthetic Census Tract 99000000057,1.0,Total:,204.1967409369948,126.03530899938913,+/-129,77.1844140383856,220.806045223736,201.26568723933457,206.15077673543493,155.34584597599124,169.02409656507226,244.25447480501768,255.97868959565855,257.93272539409867,188.56445454947365,192.47252614635394,143.6216311853504,163.16198916975182,239.36938530891734,183.67936505337332,207.127794634655,232.53026001437684,194.4265619447941,213.96691992919548,190.5184903479138,193.44954404557402,152.41479227833105,215.92095572763563,176.8402397588328,147.5297027822307,244.25447480501768,138.73654168925006,256.9557074948786,206.15077673543493,207.127794634655,232.53026001437684,188.56445454947365,213.96691992919548,136.78250589080992,193.44954404557402,231.55324211515676,243.2774569057976,267.7029043862994,185.63340085181343,211.0358662315353,200.2886693401145,195.40357984401416,165.11602496819197,193.44954404557402,223.7370989213962,206.15077673543493,201.26568723933457,188.56445454947365,135.80548799158984,200.2886693401145,211.0358662315353,238.39236740969727,193.44954404557402,258.90974329331874,214.94393782841556,190.5184903479138,184.65638295259336,111.38004051108807,228.62218841749655,222.76008102217614,196.38059774323423,222.76008102217614,269.65694018473954,245.23149270423775,310.6916919519825,246.20851060345782,208.10481253387508,98.67880782122715,165.11602496819197,195.40357984401416,200.2886693401145,258.90974329331874,224.71411682061628,212.98990202997544,245.23149270423775,164.1390070689719,174.88620396039266,190.5184903479138,143.6216311853504,257.93272539409867,252.07061799877826
B02013,99000000058,Synthetic Census Tract 99000000058,1.0,Total:,484.1468601505359,274.4526786840617,+/-267,166.52184998808238,512.9284144694636,573.5752610700616,546.8495320596286,528.347104283175,286.7876305350308,497.50972465575234,382.38350738004107,484.1468601505359,372.10438083756685,598.2451647719997,556.1007459478554,616.7475925484533,438.9187033636493,553.0170079851131,473.8677336080616,464.6165197198348,317.62501016245346,528.347104283175,468.7281703368245,494.4259866930101,395.74637188525753,548.9053573681234,562.2682218733399,306.31797096573183,508.81676385247397,472.8398209538142,420.4162755871957,466.6723450283297,543.7657940968863,594.1335141550101,464.6165197198348,554.0449206393605,453.30948052311317,533.4866675544121,429.6674894754225,556.1007459478554,450.2257425603709,454.3373931773606,485.1747728047833,388.55098330552556,549.9332700223708,354.62986571536067,422.4721008956905,493.3980740387626,670.1990505693193,498.53763730999975,610.5801166229687,436.8628780551544,600.3009900804946,380.3276820715462,446.1140919433812,452.28156786886575,543.7657940968863,398.8301098479998,483.1189474962884,543.7657940968863,649.6407974843709,401.9138478107421,527.3191916289276,394.7184592310101,655.8082734098554,540.6820561341441,498.53763730999975,620.859243165443,425.55583885843276,422.4721008956905,566.3798724903296,551.9890953308657,404.99758577348433,486.2026854590307,481.06312218779357,295.01093176901014,426.5837515126802,340.2390885558967,462.56069441133997,500.5934626184946,547.877444713876,476.9514715708039,465.64443237408227,415.27671231595855
B02013,99000000059,Synthetic Census Tract 99000000059,1.0,Total:,725.4557169236289,282.1746283960501,+/-296,171.59267943003047,691.1371810376228,611.0605973036085,743.568277530132,836.0376658896485,754.0544968286339,540.5169402045959,524.3109649250931,795.9993740226414,747.3814481841328,716.8760829521273,865.5897384581538,736.8952288856309,822.6915686006461,816.0185199561449,614.8737679576092,719.7359609426278,673.0246204311195,844.61729986115,797.9059593496416,589.1348660431046,716.8760829521273,746.4281555206326,558.6295008110992,780.7466914066387,649.1923038436153,651.0988891706156,775.9802280891378,718.7826682791276,723.5491315966285,785.5131547241394,665.3982791231182,748.3347408476329,796.9526666861415,916.1142496236627,811.252056638644,861.776567804153,663.4916937961178,759.774252809635,649.1923038436153,734.0353508951304,645.3791331896145,572.9288907636018,842.7107145341496,817.9251052831453,819.8316906101455,702.5766929996248,750.2413261746332,698.7635223456241,832.2244952356477,775.9802280891378,782.653276733639,698.7635223456241,657.7719378151168,708.2964489806258,810.2987639751439,765.4940087906359,708.2964489806258,714.0162049616268,743.568277530132,734.0353508951304,702.5766929996248,612.0138899671086,609.1540119766082,829.3646172451473,719.7359609426278,750.2413261746332,689.2305957106224,710.2030343076261,736.8952288856309,661.5851084691175,867.496323785154,623.4534019291107,851.2903485056512,893.2352256996586,648.2390111801151,844.61729986115,596.761207351106,684.4641323931215,675.88449842162,772.1670574351372
B02013,99000000060,Synthetic Census Tract 99000000060,1.0,Total:,701.5329837362383,207.86162481073728,+/-224,126.20170077794764,755.3542973033042,712.6684279225278,775.7692783115017,708.0286595115739,740.5070383882515,742.3629457526331,783.192907769028,789.6885835443635,660.7030217198435,747.0027141635871,686.6857248211857,606.8817081527776,754.4263436211135,605.9537544705868,619.8730597034487,695.9652616430935,686.6857248211857,622.6569207500211,695.0373079609028,599.4580786952513,692.2534469143304,714.5243352869094,646.7837164869817,846.2937581580018,840.726036064857,716.380242651291,699.6770763718567,681.1180027280409,614.3053376103039,637.5041796650737,759.9940657142582,795.2563056375083,676.478234317087,604.0978471062052,699.6770763718567,626.3687354787842,726.5877331553897,742.3629457526331,778.553139358074,638.4321333472645,708.9566131937646,661.6309754020343,649.567577533554,614.3053376103039,660.7030217198435,687.6136785033765,719.1641036978633,695.0373079609028,618.9451060212579,772.9854172649293,610.5935228815408,742.3629457526331,803.6078887772254,781.3370004046463,738.65113102387,701.5329837362383,654.207345944508,823.094916103232,809.1756108703702,648.6396238513632,739.5790847060608,748.8586215279687,666.2707438129883,727.5156868375805,727.5156868375805,665.3427901307974,629.1525965253566,755.3542973033042,667.1986974951791,614.3053376103039,653.2793922623172,799.8960740484622,811.9594719169426,685.7577711389948,757.2102046676858,655.1352996266987,683.9018637746133,718.2361500156726,752.5704362567319,633.7923649363106
B02013,99000000061,Synthetic Census Tract 99000000061,1.0,Total:,69.69028183633245,60.7301027430897,+/-61,36.83629182777572,71.68143274594195,50.77434819504221,64.71240456230869,62.7212536526992,95.57524366125593,84.62391365840368,52.76549910465171,60.7301027430897,87.61064002281793,48.78319728543271,46.79204637582321,78.65046092957519,80.64161183918469,96.57081911606068,63.71682910750395,76.65931001996569,93.58409275164642,32.85399000855672,69.69028183633245,57.74337637867545,77.65488547477044,106.52657366410816,86.61506456801318,62.7212536526992,75.66373456516094,60.7301027430897,70.6858572911372,72.67700820074668,62.7212536526992,116.48232821215565,92.58851729684167,89.60179093242742,44.80089546621371,72.67700820074668,77.65488547477044,79.64603638437994,39.82301819218997,108.51772457371766,62.7212536526992,63.71682910750395,88.60621547762268,101.54869639008442,75.66373456516094,71.68143274594195,45.79647092101846,71.68143274594195,53.76107455945645,92.58851729684167,46.79204637582321,81.63718729398943,81.63718729398943,83.62833820359893,53.76107455945645,60.7301027430897,64.71240456230869,87.61064002281793,53.76107455945645,85.61948911320843,71.68143274594195,73.67258365555143,65.70798001711344,44.80089546621371,54.756650014261204,41.814169101799465,101.54869639008442,94.57966820645117,64.71240456230869,36.83629182777572,99.55754548047491,59.73452728828495,75.66373456516094,82.63276274879418,67.69913092672294,88.60621547762268,71.68143274594195,84.62391365840368,85.61948911320843,47.78762183062796,80.64161183918469,95.57524366125593
B02013,99000000062,Synthetic Census Tract 99000000062,1.0,Total:,1814.3321770115128,512.3398722075871,+/-521,311.73078596891577,1751.3959930934982,1831.0496008647353,1788.7643522948194,1845.80026897052,1989.3734385334908,1802.531642526885,1856.6174255814287,1585.2051324349911,1982.4897934174578,1916.6034758782864,1827.1160893698595,1912.6699643834104,1600.9391784144948,1801.5482646531661,2049.3594888303483,1959.8721023219214,1853.6672919602718,1816.2989327589507,2002.1573508918375,1997.2404615232426,1933.320899731509,1975.606148301425,1757.2962603358121,1913.6533422571295,1894.9691626564688,1633.390648247221,1746.4791037249033,2081.8109586630744,1484.9005893156555,1575.3713536978014,1906.7696971410967,1756.312882462093,1802.531642526885,1928.404010362914,1496.701123800283,1674.692518943418,1897.9192962776258,1754.3461267146552,1514.4019255272246,1535.0528608753232,1654.0415835953195,1711.0775002710202,1805.481776148042,1737.6287028614327,1891.035651161593,1872.3514715609324,1965.7723695642353,1833.9997344858923,1979.5396597963008,1930.3707661103522,1920.5369873731622,1767.1300390730019,1560.6206855920166,1671.742385322261,1881.2018724244033,1989.3734385334908,1755.3295045883742,1648.1413163530055,1988.3900606597717,1772.0469284415967,1856.6174255814287,1938.2377891001038,1634.37402612094,1954.9552129533265,2177.198612413815,1892.0190290353119,1883.1686281718412,2126.0629629804284,1691.4099427966407,1738.6120807351515,1782.8640850525055,1733.6951913665566,2073.943935673323,1978.556281922582,1561.6040634657356,1729.7616798716808,1774.9970620627537,1670.7590074485422,1534.0694830016043,1623.5568695100312
B02013,99000000063,Synthetic Census Tract 99000000063,1.0,Total:,1653.5599372207887,778.0344982229469,+/-822,473.2569940528874,1466.1501675758452,1430.1826360278258,1463.310625611528,2031.2190184749927,2109.7796794877722,1928.0489937714633,2091.7959137137623,1279.6869119190076,1918.5838538904056,1542.8178006124128,1325.1195833480847,1155.693579477151,1448.1664018018355,1593.9295559701247,1792.6974934723376,1572.159734243692,1839.0766788895205,1386.64299257496,1663.0250771018464,1847.5953047824723,1598.6621259106537,1599.6086398987595,1597.7156119225479,1445.3268598375182,1403.680244360864,1413.1453842419219,1465.2036535877394,1672.490216982904,1493.5990732309126,1496.4386151952299,1765.24858781727,1978.2142351410694,1861.793014604059,1658.2925071613174,1685.741412816385,1617.5924056727692,1625.1645175776152,1981.0537771053866,1623.2714896014038,1714.1368324595583,1725.4950003168274,1297.6706776930173,1598.6621259106537,2020.8073646058292,1623.2714896014038,1654.5064512088943,1368.6592268009504,2062.453980082483,1302.4032476335462,1751.9973919837892,1775.6602416864334,1724.5484863287218,1706.564720554712,1367.7127128128445,1326.0660973361905,2283.9382532992345,1761.4625318648468,1681.955356863962,1651.666909244577,1434.9152059683547,1769.034643769693,2035.9515884155217,1652.6134232326829,1488.8665032903837,1296.7241637049115,1479.401363409326,1824.878969067934,1222.8960726326611,1618.5389196608749,1777.553269662645,1649.7738812683656,1713.1903184714524,1826.7719970441453,1933.7280777000979,1629.8970875181442,1264.5426881093151,1590.1435000177016,1539.9782586480956,1752.943905971895,2122.084361333147
B02013,99000000064,Synthetic Census Tract 99000000064,1.0,Total:,30.178573222713794,39.91359684294405,+/-41,24.337559050575642,51.59562518722036,27.258066136644718,32.12557794675985,60.35714644542759,33.099080308782874,22.39055432652959,17.523042516414463,49.64862046317431,47.70161573912826,16.549540154391437,24.337559050575642,14.602535430345384,30.178573222713794,38.940094480921026,38.940094480921026,44.78110865305918,19.470047240460513,40.88709920496708,38.940094480921026,48.675118101151284,18.496544878437486,42.834103929013125,26.28456377462169,38.940094480921026,41.860601566990105,32.12557794675985,31.15207558473682,28.231568498667745,15.57603779236841,26.28456377462169,27.258066136644718,37.966592118898,25.31106141259867,23.364056688552616,30.178573222713794,11.682028344276308,40.88709920496708,34.0725826708059,17.523042516414463,34.0725826708059,17.523042516414463,28.231568498667745,35.04608503282893,19.470047240460513,28.231568498667745,35.04608503282893,27.258066136644718,37.966592118898,18.496544878437486,42.834103929013125,40.88709920496708,47.70161573912826,45.754611015082205,17.523042516414463,24.337559050575642,18.496544878437486,52.56912754924338,31.15207558473682,10.708525982253281,10.708525982253281,44.78110865305918,35.04608503282893,32.12557794675985,41.860601566990105,30.178573222713794,30.178573222713794,15.57603779236841,49.64862046317431,49.64862046317431,20.44354960248354,33.099080308782874,12.655530706299334,39.91359684294405,47.70161573912826,20.44354960248354,57.436639359358516,10.708525982253281,34.0725826708059,42.834103929013125,22.39055432652959
B02013,99000000065,Synthetic Census Tract 99000000065,1.0,Total:,455.4943333037368,356.21992732728137,+/-366,217.04110326225066,674.4819935459179,309.50255980894934,381.52516806637783,581.047258509254,419.4830291750226,654.0431452566477,472.04006763314607,538.223004950783,377.6320541065168,512.9177642116865,650.1500312967867,472.04006763314607,418.5097506850573,267.65158474044364,423.3761431348836,614.1387271680725,617.0585626379682,396.12434541585657,348.43369940755935,460.36072575356303,559.6351317300185,325.07501564839333,193.68241950308467,452.57449783384106,461.3340042435283,540.1695619307135,427.26925709474455,460.36072575356303,511.94448572172126,516.8108781715475,534.329890990922,428.2425355847098,395.1510669258913,334.80780054804586,245.26617947124288,566.4480811597753,585.9136509590802,396.12434541585657,533.3566125009568,489.55908045252056,409.75024427537005,515.8375996815822,588.833486428976,501.23842233210354,439.92187746429283,366.9259907168991,470.09351065321556,473.0133461231113,418.5097506850573,473.0133461231113,400.99073786568283,423.3761431348836,420.45630766498783,602.4593852884894,647.230195826891,279.3309266200266,305.6094458490884,638.4706894172037,444.78826991411904,428.2425355847098,356.21992732728137,598.5662713286284,488.5858019625553,546.009232870505,508.05137176186025,318.2620662186366,420.45630766498783,418.5097506850573,531.4100555210263,500.2651438421383,255.97224286086063,490.53235894248576,413.64335823523106,615.1120056580377,536.2764479708525,291.98354698957485,298.7964964193316,646.2569173369258,539.1962834407483,474.95990310304177
B02013,99000000066,Synthetic Census Tract 99000000066,1.0,Total:,1243.5628573926717,616.9539331319233,+/-639,375.57915491129603,1267.7003352147344,1032.1185516714022,1458.8691595654714,1256.1143458601443,934.6031412702688,798.467766353835,1023.4290596554597,1255.1488467472618,1268.665834327617,1144.1164487657734,1258.0453440859094,1137.3579549755957,1470.4551489200614,1004.1190773978095,1346.8712624711002,1448.2486693237636,1264.8038378760868,1320.8027864232724,982.8780969143943,1471.420648032944,1166.322928362071,1119.9789709437105,1459.834658678354,1021.4980614296946,1099.7034895731779,1496.5236249678892,1363.284747390103,1313.0787935202125,1166.322928362071,1331.42327666498,1037.9115463486974,1344.9402642453351,1004.1190773978095,812.9502530470727,1498.4546231936542,1139.2889532013608,1464.6621542427663,1339.1472695680402,973.2231057855691,1510.0406125482443,1160.5299336847759,897.9141749807335,1338.1817704551577,1407.6977065826984,1000.2570809462794,957.7751199794491,1192.3914044098988,1401.9047119054032,1259.010843198792,1188.5294079583687,1184.6674115068388,1267.7003352147344,1361.3537491643378,1226.1838733607865,1298.5963068269748,1230.0458698123166,1207.839390216019,1262.872839650322,1055.2905303805824,1282.182821907972,1572.7980548856074,1116.1169744921806,1239.7008609411416,1246.4593547313193,828.3982388531928,1110.3239798148854,1561.2120655310173,1175.977919490896,1259.9763423116744,1259.010843198792,1288.9413156981498,1479.144640936004,1080.3935073155276,889.2246829647909,1178.8744168295436,1082.3245055412926,1445.3521719851162,1210.7358875546665,836.1222317562529,1274.458829004912
B02013,99000000067,Synthetic Census Tract 99000000067,1.0,Total:,0.0,13.662499423235401,+/-14,8.783035343508471,0.0,0.0,0.0,0.0,0.0,0.0,0.0,0.0,0.0,0.0,0.0,0.0,0.0,0.0,0.0,0.0,0.0,0.0,0.0,0.0,0.0,0.0,0.0,0.0,0.0,0.0,0.0,0.0,0.0,0.0,0.0,0.0,0.0,0.0,0.0,0.0,0.0,0.0,0.0,0.0,0.0,0.0,0.0,0.0,0.0,0.0,0.0,0.0,0.0,0.0,0.0,0.0,0.0,0.0,0.0,0.0,0.0,0.0,0.0,0.0,0.0,0.0,0.0,0.0,0.0,0.0,0.0,0.0,0.0,0.0,0.0,0.0,0.0,0.0,0.0,0.0,0.0,0.0,0.0,0.0
B02013,99000000068,Synthetic Census Tract 99000000068,1.0,Total:,3120.780345295388,1123.2320086257578,"+/-1,083",682.4438242620024,3740.995249411919,3332.3586737899905,3130.114683317209,3329.247227782717,2891.5704894262353,2419.667844989744,2655.100592873444,3717.140830022822,3022.251221731725,2846.973096655314,3008.7682890335395,3960.870767259251,3668.3948425755357,3232.792401557236,3035.7341544299106,3267.0183076372455,2930.9821388517003,3038.845600437184,3339.6187144736286,3202.715090153592,3477.559487462757,2560.7200639861458,3505.562501528219,3861.304495026497,3097.9630745753816,3114.557453280841,2870.8275160444114,2616.72609211707,3224.495212204507,2493.3054004952187,3130.114683317209,3076.1829525244666,2636.4319168298025,2698.660836975274,3458.8908114191154,3509.711096204584,3185.0835627790416,2638.506214167985,3066.848614502646,3046.1056411208224,2220.535300524236,2892.6076380953264,3052.3285331353695,2844.8987993171318,2789.9299198552985,3132.188980655391,3424.6649053391066,3484.8195281463954,3073.071506517193,3265.9811589681544,3277.3897943281577,3370.7331745463644,3288.7984296881605,3024.3255190699074,3101.074520582655,2595.983118735246,2940.316476873521,3209.97513083723,2824.155825935308,3324.061484437261,2556.571469309781,3212.0494281754127,2865.6417726989553,3502.4510555209454,3044.03134378264,3614.463111782794,3386.290404582732,3157.0805487135794,3068.9229118408284,3365.5474312009087,3706.7693433319096,3091.7401825608345,3356.213093179088,2978.690977629895,2765.03835179711,3381.1046612372766,3357.250241848179,3029.5112624153635,2640.5805115061676,3032.622708422637
B02013,99000000069,Synthetic Census Tract 99000000069,1.0,Total:,324.2688496810189,272.462583755649,+/-284,165.97192602016648,291.6500896539342,208.1844389963938,319.4719732064476,434.59700859615845,362.6438614775892,426.9220062368444,284.93446258953435,307.9594696674765,370.31886383690323,279.17821082004883,410.612626223302,205.306313111651,128.55628951851045,246.55945079296407,464.33764273850045,323.3094743861046,293.5688402437627,247.51882608787832,296.44696612850544,447.0688874300438,418.2876285826161,206.2656884065653,337.70010380981853,329.0657261555902,395.2626215046739,470.09389450798596,290.6907143590199,319.4719732064476,288.7719637691914,321.3907237962761,326.18760027084744,280.1375861149631,206.2656884065653,131.4344154032532,308.9188449623908,500.7939039452422,318.51259791153336,199.55006134216546,358.80636029793214,420.2063791724446,383.7501179657028,258.07195433193516,319.4719732064476,302.203217897991,398.1407473894167,400.05949797924524,349.21260734878956,319.4719732064476,275.34070964039176,355.9282344131894,328.10635086067595,313.7157214369621,269.58445787090625,178.44380485405182,290.6907143590199,498.8751533554137,290.6907143590199,192.83443427776567,422.1251297622731,382.7907426707886,260.9500802166779,202.42818722690825,288.7719637691914,406.775125043645,390.46574503010265,396.22199679958817,296.44696612850544,329.0657261555902,377.9938661962173,313.7157214369621,345.37510616913255,167.89067660999498,135.27191658291025,255.1938284471924,382.7907426707886,274.3813343454775,353.05010852844663,319.4719732064476,251.35632726753536,401.97824856907374
B02013,99000000070,Synthetic Census Tract 99000000070,1.0,Total:,80.64309731538704,100.25898585156226,+/-92,61.02720877921181,76.28401097401476,63.20675194989795,125.32373231445283,73.01469621798556,27.244289633576702,77.37378255935783,107.88738694896374,113.33624487567909,98.07944268087613,90.45104158347465,103.52830060759146,58.84766560852567,100.25898585156226,38.14200548700738,46.860178169751926,96.98967109553305,50.12949292578113,115.51578804636522,76.28401097401476,96.98967109553305,77.37378255935783,66.47606670592715,143.84984926528497,68.65560987661328,30.513604389605906,68.65560987661328,113.33624487567909,140.58053450925578,73.01469621798556,86.09195524210237,119.87487438773749,57.75789402318261,91.54081316881772,38.14200548700738,44.68063499906579,95.89989951018998,50.12949292578113,111.15670170499294,80.64309731538704,80.64309731538704,88.27149841278852,66.47606670592715,42.50109182837966,83.91241207141624,122.05441755842362,58.84766560852567,54.488579267153405,47.94994975509499,64.29652353524102,89.36126999813158,34.87269073097818,127.50327548513896,105.7078437782776,120.96464597308055,130.77259024116816,114.42601646102214,134.04190499719738,49.039721340438064,87.18172682744544,70.83515304729943,91.54081316881772,67.56583829127023,44.68063499906579,82.82264048607317,120.96464597308055,61.02720877921181,47.94994975509499,49.039721340438064,69.74538146195636,90.45104158347465,33.78291914563511,138.40099133856964,86.09195524210237,105.7078437782776,125.32373231445283,71.92492463264249,154.74756511871567,50.12949292578113,64.29652353524102,86.09195524210237
B02013,99000000071,Synthetic Census Tract 99000000071,1.0,Total:,2166.5392078152713,978.1924523285951,+/-903,594.715012545292,2238.0350016731754,1826.3925521882738,2329.0296484014166,2340.945614044401,2374.5269717655374,2050.6293601971543,1785.2283072397836,1936.8860517868527,2452.5223832468873,2352.8615796873846,2188.204599893424,2582.5147357158035,2621.5124414564784,1707.2328957584339,2047.3795513854316,1732.1480966483095,2021.3810808916483,2278.115977017758,2008.3818456447566,2428.6904519609193,2381.026589388983,1659.569033186498,1794.9777336749523,1935.802782182945,1947.718747825929,2134.041119698042,2658.343607989338,2206.620183159854,1623.821136257546,2108.0426492042593,2129.7080412824116,2015.96473287211,2843.5827102575436,2300.8646386998184,2654.0105295737076,2093.96014435346,2106.9593796003514,2327.946378797509,2033.2970465346323,1742.980792687386,1948.8020174298367,2361.5277365186457,2547.850108390759,2126.458232470689,1965.0510614884513,2207.7034527637616,2110.2091884120746,2435.190069584365,2274.866168206035,2233.701923257545,2141.624006925396,2388.609476616337,1939.052590994668,2074.4612914831223,1976.967027131435,1995.382610397865,2285.6988642451115,2152.4567029644722,2255.3673153356976,2499.1029762149155,1970.4674095079893,2436.2733391882725,2119.958614847243,1569.657656062164,1146.0992409342787,2163.2893990035486,2501.269515422731,2071.2114826713996,1957.4681742610978,2160.0395901918255,2119.958614847243,1759.2298367460005,2226.119036030191,2885.8302248099417,2418.941025525751,2444.9394960195336,1910.8875812930694,2057.1289778206,2387.526207012429,1673.651538037297
B02013,99000000072,Synthetic Census Tract 99000000072,1.0,Total:,154.40822327730245,167.35859039088265,+/-168,101.6105727373216,153.41204119164243,190.270778361063,175.32804707616276,104.59911899430165,199.23641713200314,172.33950081918272,78.69838476714125,199.23641713200314,224.14096927350354,230.11806178746363,191.26696044672303,140.46167407806223,123.52657862184195,132.4922173927821,172.33950081918272,159.38913370560252,83.67929519544133,74.71365642450118,107.5876652512817,42.83582968338068,152.4158591059824,123.52657862184195,170.3471366478627,182.30132167578287,119.5418502792019,112.56857567958178,215.1753305025634,131.49603530712207,89.65638770940141,108.58384733694172,95.63348022336152,181.30513959012288,193.25932461804305,177.3204112474828,154.40822327730245,141.45785616372223,192.26314253238303,265.9806168712242,237.09133638708374,71.72511016752114,174.33186499050277,121.53421445052193,152.4158591059824,204.21732756030323,129.50367113580205,120.5380323648619,237.09133638708374,149.42731284900236,124.52276070750197,67.74038182488107,102.60675482298163,166.36240830522263,197.24405296068312,203.2211454746432,148.43113076334234,131.49603530712207,221.1524230165235,205.21350964596326,203.2211454746432,232.11042595878368,138.46930990674218,182.30132167578287,151.41967702032238,112.56857567958178,191.26696044672303,204.21732756030323,114.56093985090182,156.40058744862247,219.16005884520348,199.23641713200314,238.08751847274377,125.51894279316198,111.57239359392176,106.59148316562168,138.46930990674218,222.14860510218352,101.6105727373216,67.74038182488107,71.72511016752114,254.026431843304
B02013,99000000073,Synthetic Census Tract 99000000073,1.0,Total:,258.80016058825134,190.23743147718474,+/-197,115.88066892011254,286.80465557727854,178.64936458517352,232.727010081226,302.25541143329355,196.03146492319038,247.2120936962401,239.48671576823259,328.3285619403189,281.0106221312729,292.5986890232842,302.25541143329355,270.3882274802626,183.4777257901782,349.5733512423395,317.70616728930855,239.48671576823259,271.35389972126353,224.03595991221758,232.727010081226,331.2255786633217,375.6465017493648,228.86432111722226,234.6583545632279,260.7315050702532,241.41806025023448,140.98814718613693,374.6808295083639,281.97629437227386,260.7315050702532,232.727010081226,199.89415388719414,390.1315853643789,210.51654853820446,295.495705746287,213.41356526120725,281.97629437227386,190.23743147718474,142.9194916681388,319.6375117713104,216.31058198421007,300.3240669512917,349.5733512423395,361.16141813435075,151.61054183714725,291.6330167822832,233.69268232222697,268.4568829982607,161.26726424715662,187.34041475418195,150.6448695961463,274.25091644426635,256.8688161062495,289.70167230028136,216.31058198421007,301.2897391922926,327.3628896993179,286.80465557727854,229.82999335822322,272.3195719622645,201.825498369196,241.41806025023448,254.9374716242476,242.3837324912354,306.1181003972973,233.69268232222697,305.15242815629637,180.58070906717538,254.9374716242476,321.5688562533123,227.89864887622133,296.4613779872879,209.5508762972035,225.96730439421947,296.4613779872879,391.0972576053798,309.0151171203001,296.4613779872879,305.15242815629637,203.7568428511979,231.76133784022508
B02013,99000000074,Synthetic Census Tract 99000000074,1.0,Total:,60.42521747796004,70.49608705762004,+/-70,43.30473919253803,38.26930440270802,63.44647835185804,57.40395660406204,86.60947838507606,106.75121754439607,75.53152184745005,35.24804352881002,79.55986967931405,19.13465220135401,103.72995667049807,21.148826117286013,58.41104356202804,20.141739159320014,43.30473919253803,67.47482618372204,75.53152184745005,72.51026097355205,37.26221744474203,59.41813051999404,81.57404359524605,34.24095657084402,55.38978268813004,74.52443488948406,41.290565276606024,66.46773922575605,74.52443488948406,77.54569576338206,90.63782621694006,62.439391393892045,65.46065226779004,67.47482618372204,57.40395660406204,66.46773922575605,39.276391360674026,35.24804352881002,50.354347898300034,59.41813051999404,77.54569576338206,67.47482618372204,75.53152184745005,37.26221744474203,65.46065226779004,58.41104356202804,78.55278272134805,117.82917408202208,77.54569576338206,40.28347831864003,83.58821751117806,20.141739159320014,97.68743492270207,20.141739159320014,55.38978268813004,22.155913075252016,42.29765223457203,80.56695663728006,91.64491317490607,63.44647835185804,33.233869612878024,53.375608772198035,81.57404359524605,38.26930440270802,55.38978268813004,70.49608705762004,49.34726094033403,58.41104356202804,80.56695663728006,85.60239142711006,82.58113055321205,59.41813051999404,60.42521747796004,58.41104356202804,57.40395660406204,67.47482618372204,38.26930440270802,37.26221744474203,44.31182615050403,57.40395660406204,78.55278272134805,72.51026097355205,81.57404359524605
B02013,99000000075,Synthetic Census Tract 99000000075,1.0,Total:,800.1446491205343,519.8800795087964,+/-486,316.63478093539857,897.4884500162143,901.7672984072332,1071.8515219502344,527.3680641930794,805.4932096093079,938.1375097308938,877.1639201588745,520.9497916065511,713.4979692024016,1024.7841896490265,1071.8515219502344,833.3057241509308,617.2238804044763,871.8153596701009,904.9764347004973,605.4570473291743,835.4451483464402,766.9835740901378,835.4451483464402,734.892211157496,1000.1808114006678,796.9355128272701,896.4187379184596,630.060425577533,847.2119814217422,783.0292555564587,647.1758191416086,650.3849554348728,785.1686797519682,817.2600426846099,773.4018466766662,534.8560488773625,585.1325174718346,715.637393397911,783.0292555564587,786.2383918497228,953.1134790994599,947.7649186106863,1041.8995832131022,657.8729401191558,643.9666828483445,799.0749370227795,647.1758191416086,835.4451483464402,847.2119814217422,812.981194293591,624.7118650887594,976.6471452500639,848.2816935194969,555.1805787347023,788.3778160452323,854.6999661060253,954.1831911972147,768.0532861878926,831.1662999554213,1224.82035192916,648.2455312393633,879.303344354384,712.4282571046468,845.0725572262328,422.5362786131164,990.5534025208754,900.6975863094784,852.5605419105158,757.3561652103452,917.812979873554,856.8393903015348,824.748027368893,749.8681805260622,848.2816935194969,1082.5486429277817,1187.3804285077447,921.0221161668183,824.748027368893,831.1662999554213,922.0918282645729,579.783956983061,666.4306369011937,408.63002134230493,875.024495963365
B02013,99000000076,Synthetic Census Tract 99000000076,1.0,Total:,849.1463937243047,399.8407776274639,+/-388,243.2021224744368,1058.3414397510448,805.8646600635999,839.8717365112966,928.4962387689303,786.2848281694716,912.007959279138,763.6134438710071,873.8788129589933,956.320210407955,642.0123826337887,965.5948676209631,775.9796534883513,966.6253850890752,897.5807147255698,725.4842975508624,823.3834570215043,889.3365749806736,811.01724740416,708.99601806107,887.2755400444496,766.7049962753432,819.2613871490562,1066.5855794959411,785.2543107013595,839.8717365112966,940.8624483862747,744.0336119768788,1004.7545314092199,1091.3179987306296,663.6532494641411,932.6183086413785,767.7355137434552,657.470144655469,600.7916839093078,848.1158762561928,826.4750094258403,871.8177780227693,812.0477648722721,897.5807147255698,894.4891623212337,830.5970792982885,804.834142595488,869.7567430865452,884.1839876401135,1049.0667825380367,794.5289679143677,629.6461730164444,1042.8836777293645,1058.3414397510448,671.8973892090373,826.4750094258403,1029.4869506439084,630.6766904845565,680.1415289539334,852.2379461286408,931.5877911732664,969.7169374934111,718.2706752740783,916.1300291515861,901.7027845980178,978.9915947064194,919.2215815559222,917.1605466196982,715.1791228697422,696.6298084437258,1033.6090205163564,896.5501972574577,958.381245344179,855.3294985329769,624.4935856758843,814.1087998084961,711.057052997294,1057.310922282933,826.4750094258403,721.3622276784142,721.3622276784142,1004.7545314092199,887.2755400444496,770.8270661477912,954.2591754717308
B02013,99000000077,Synthetic Census Tract 99000000077,1.0,Total:,642.8922895471859,242.94114571997616,+/-229,147.46209281692876,696.9970861922461,693.8144510954778,593.0310063644833,524.0739126011713,616.3703304074505,625.9182356977552,648.1966813751329,728.8234371599285,770.1976934179157,537.8653313538338,571.813439052695,518.7695207732243,681.0839107084048,506.03898038615125,600.4571549236092,733.0669506222862,699.1188429234248,708.6667482137296,668.3533703213318,800.9631660200088,658.8054650310271,608.9441818483245,589.848371267715,574.9960741494633,583.4831010741785,524.0739126011713,591.9701279988939,572.8743174182845,631.2226275257023,661.9881001277953,689.5709376331201,611.0659385795034,599.3962765580198,631.2226275257023,730.9451938911074,670.4751270525106,838.0939088156383,667.2924919557424,607.8833034827352,530.4391827947078,665.1707352245636,752.1627612028957,646.0749246439541,553.778506837675,673.6577621492789,621.6747222353976,611.0659385795034,824.302490062976,757.4671530308427,622.7356006009869,663.0489784933848,674.7186405148683,615.309452041861,625.9182356977552,680.0230323428154,693.8144510954778,499.67371019261475,565.4481688591585,549.5349933753173,571.813439052695,684.2665458051731,645.0140462783647,745.7974910093592,649.2575597407224,634.4052626224706,660.9272217622059,547.4132366441385,667.2924919557424,647.1358030095436,721.3972886008027,671.5360054181001,767.0150583211475,656.6837082998483,567.5699255903373,667.2924919557424,559.082898665622,558.0220203000326,642.8922895471859,553.778506837675,696.9970861922461
B02013,99000000078,Synthetic Census Tract 99000000078,1.0,Total:,129.8442347224961,114.74606789429889,+/-114,70.45811186492037,175.1387352070878,51.33376721587056,110.7198900734463,182.1845463935798,150.98166828197222,85.55627869311759,60.39266731278889,173.12564629666147,137.8965903642013,64.41884513364148,169.0994684758089,152.9947571923985,192.2499909457113,165.0732906549563,122.79842353600408,181.17800193836666,72.47120077534667,109.71334561823315,131.8573236329224,128.83769026728297,140.91622372984074,107.70025670780686,130.85077917770926,122.79842353600408,133.87041254334872,131.8573236329224,116.7591568047252,146.95549046111964,120.78533462557778,99.64790106610167,120.78533462557778,167.0863795653826,161.0471128341037,158.02747946846426,108.70680116302,123.80496799121723,142.92931264026703,123.80496799121723,121.79187908079093,158.02747946846426,158.02747946846426,172.11910184144833,129.8442347224961,151.98821273718536,127.83114581206982,180.17145748315352,134.87695699856187,142.92931264026703,162.05365728931685,173.12564629666147,103.67407888695426,135.883501453775,117.76570125993834,131.8573236329224,122.79842353600408,106.69371225259371,129.8442347224961,128.83769026728297,111.72643452865945,157.02093501325112,130.85077917770926,190.236902035285,138.90313481941445,75.49083414098611,137.8965903642013,154.00130164761168,181.17800193836666,132.86386808813555,139.9096792746276,187.21726866964556,45.294500484591666,116.7591568047252,65.42538958885463,56.3664894919363,101.66098997652797,52.340311671083704,192.2499909457113,123.80496799121723,143.9358570954802,145.9489460059065
B02013,99000000079,Synthetic Census Tract 99000000079,1.0,Total:,873.6225805013491,465.0423372116465,+/-453,283.3370531355727,781.230063174532,837.6921570964759,887.9947498632985,837.6921570964759,845.904825303304,770.9642279159967,874.6491640272027,624.1627837189428,992.706269500358,979.3606836642622,912.6327544837831,831.5326559413547,966.0150978281664,824.34657126038,879.7820816564704,588.2323603140694,896.2074180701267,942.4036767335353,792.5224819589207,958.8290131471917,734.0072209852699,854.1174935101322,1041.9822787413273,851.0377429325716,811.0009854242842,572.8336074262666,1156.9596336369218,657.0134565462556,808.9478183725771,1058.4076151549837,984.4936012935298,745.2996397696586,702.1831316838106,1140.5342972232654,1009.1316059140144,697.050214054543,1052.2481139998624,838.7187406223294,961.9087637247522,982.4404342418228,1046.0886128447412,858.2238276135463,753.5123079764868,782.2566467003855,608.76403083114,611.8437814087005,1110.7633749735132,961.9087637247522,848.9845758808646,921.8720062164648,1102.5507067666852,956.7758460954847,648.8007883394274,976.2809330867016,938.2973426301212,847.9579923550111,1088.1785374047358,666.2527082789372,954.7226790437776,751.4591409247798,958.8290131471917,788.4161478555067,952.6695119920705,625.1893672447962,744.2730562438052,886.968166337445,739.1401386145375,663.1729577013767,844.8782417774505,862.3301617169604,1002.9721047588932,990.653102448651,991.6796859745044,567.700689796999,927.0049238457325,946.5100108369494,975.2543495608481,981.4138507159693,769.9376443901432,874.6491640272027
B02013,99000000080,Synthetic Census Tract 99000000080,1.0,Total:,60.33076073869902,72.77996533557342,+/-76,44.05103165047865,60.33076073869902,45.008662773315145,87.14443217812081,28.728933685094773,81.39864544110186,63.2036541072085,79.48338319542887,70.86470308990044,104.38179238917768,64.161285230045,45.008662773315145,27.77130256225828,85.22916993244783,59.37312961586253,45.008662773315145,54.58497400168007,66.07654747571797,38.305244913459696,56.50023624735305,105.33942351201416,43.09340052764216,52.66971175600708,36.38998266778671,69.90707196706394,53.62734287884358,59.37312961586253,28.728933685094773,59.37312961586253,59.37312961586253,23.940778070912312,90.01732554663029,73.73759645840991,75.6528587040829,65.11891635288148,49.79681838749761,56.50023624735305,18.194991333893356,86.18680105528432,53.62734287884358,15.322097965383879,75.6528587040829,52.66971175600708,90.01732554663029,36.38998266778671,75.6528587040829,59.37312961586253,76.61048982691939,40.22050715913268,108.21231688052364,108.21231688052364,17.237360211056863,31.60182705360425,55.54260512451656,59.37312961586253,76.61048982691939,61.288391861535516,103.42416126634119,20.11025357956634,58.415498493026035,64.161285230045,84.27153880961133,62.24602298437201,31.60182705360425,89.0596944237938,56.50023624735305,63.2036541072085,24.898409193748805,51.712080633170594,37.34761379062321,38.305244913459696,62.24602298437201,94.80548116081275,65.11891635288148,54.58497400168007,53.62734287884358,65.11891635288148,44.05103165047865,73.73759645840991,68.94944084422745,52.66971175600708
B02013,99000000081,Synthetic Census Tract 99000000081,1.0,Total:,0.0,14.657700854468816,+/-14,9.422807692158525,0.0,0.0,0.0,0.0,0.0,0.0,0.0,0.0,0.0,0.0,0.0,0.0,0.0,0.0,0.0,0.0,0.0,0.0,0.0,0.0,0.0,0.0,0.0,0.0,0.0,0.0,0.0,0.0,0.0,0.0,0.0,0.0,0.0,0.0,0.0,0.0,0.0,0.0,0.0,0.0,0.0,0.0,0.0,0.0,0.0,0.0,0.0,0.0,0.0,0.0,0.0,0.0,0.0,0.0,0.0,0.0,0.0,0.0,0.0,0.0,0.0,0.0,0.0,0.0,0.0,0.0,0.0,0.0,0.0,0.0,0.0,0.0,0.0,0.0,0.0,0.0,0.0,0.0,0.0,0.0
B02013,99000000082,Synthetic Census Tract 99000000082,1.0,Total:,280.2633137502928,229.47734414453507,+/-244,139.19117595652128,322.5849550884243,318.82303141392373,308.47774130904713,300.01341304142085,270.85850456404137,207.84628301615675,226.65590138865963,210.66772577203218,237.94167241216135,328.22784060017517,211.60820669065734,347.03745897267805,314.120626820798,460.83565012632044,345.15649713542774,288.7276420179191,312.2396649835477,269.91802364541627,341.3945734609272,360.20419183343006,343.27553529817743,270.85850456404137,207.84628301615675,313.18014590217285,400.64487133431123,266.15609997091565,231.35830598178535,204.08435934165618,319.7635123325489,307.537260390422,247.3464815984128,284.96571834341853,151.41742789864813,261.4536953777899,311.29918406492254,374.3114056128072,386.53765755493407,175.8699317829019,192.79858831815446,313.18014590217285,386.53765755493407,221.9534967955339,254.87032894741395,409.1091996019375,340.454092542302,325.4063978442997,274.620428238542,218.19157312103334,228.5368632259099,236.06071057491107,280.2633137502928,266.15609997091565,158.9412752476493,325.4063978442997,313.18014590217285,356.4422681589295,358.32322999617975,185.2747409691533,196.56051199265502,200.32243566715562,331.0492833560506,447.6689172655684,234.1797487376608,263.33465721504024,363.9661155079306,237.00119149353623,206.90580209753162,273.67994731991683,150.476946980023,363.02563458930547,228.5368632259099,363.9661155079306,364.9065964265558,348.9184208099283,309.4182222276723,199.38195474853046,305.6562985531717,315.06110773942316,265.21561905229055,158.9412752476493
B02013,99000000083,Synthetic Census Tract 99000000083,1.0,Total:,154.80498423879126,147.53226685844535,+/-142,89.35052781567818,191.16857114052075,128.83099359469875,64.41549679734938,123.63619546588026,97.66220482178777,87.27260856415077,139.22058985233576,204.67504627544884,188.05169226322965,222.33735991343173,142.33746872962686,154.80498423879126,188.05169226322965,158.96082274184604,76.88301230651378,158.96082274184604,172.46729787677415,96.62324519602407,199.48024814663034,159.99978236760975,152.72706498726384,143.37642835539057,212.98672328155845,214.02568290732214,222.33735991343173,120.51931658858916,242.07759280294204,189.09065188899334,126.75307434317136,168.31145937371934,112.20763958247957,164.15562087066456,62.337577545821986,235.84383504835984,177.66209600559264,169.35041899948305,93.50636631873297,141.29850910386315,206.75296552697625,197.40232889510295,195.32440964357554,87.27260856415077,121.55827621435287,151.68810536150016,129.86995322046246,187.01273263746594,162.07770161913714,198.44128852086664,119.48035696282547,200.51920777239405,130.90891284622617,187.01273263746594,145.45434760691796,158.96082274184604,130.90891284622617,145.45434760691796,116.36347808553437,45.71422353360279,144.41538798115425,206.75296552697625,149.61018610997274,197.40232889510295,201.55816739815774,231.68799654530503,126.75307434317136,70.64925455193158,252.46718906057902,118.44139733706177,202.59712702392144,174.54521712830154,108.05180107942476,141.29850910386315,139.22058985233576,214.02568290732214,152.72706498726384,161.03874199337346,135.06475134928095,182.85689413441116,170.38937862524676,161.03874199337346
B02013,99000000084,Synthetic Census Tract 99000000084,1.0,Total:,395.621067242451,205.85161222371434,+/-192,125.44082619882593,422.42466258408047,325.93171935421435,391.33249198779026,449.22825792570995,521.0618934412769,372.03390334181705,422.42466258408047,388.11606054679476,388.11606054679476,357.02388995050455,337.72530130453134,334.5088698635358,431.0018130934019,377.394622410143,479.24828470833495,466.3825589443528,418.13608732941975,287.33454206226793,353.80745850950905,355.9517461368394,468.52684657168317,322.71528791321884,397.76535486978133,427.7853816524064,531.7833315779287,330.22029460887507,380.6110538511385,390.2603481741251,393.4767796151206,370.9617595281519,301.2724116399153,310.92170596290185,368.81747190082154,434.21824453439746,454.5889769940358,551.081920223902,457.8054084350314,368.81747190082154,388.11606054679476,305.560986894576,369.8896157144867,375.2503347828126,439.5789636027233,400.9817863107769,348.4467394411831,424.5689502114108,465.3104151306876,307.70527452190635,361.31246520516527,437.43467597539296,436.3625321617278,571.4526526835404,481.3925723356653,427.7853816524064,470.6711341990135,332.3645822362054,362.3846090188305,299.1281240125849,275.540960111951,421.3525187704153,381.6831976648037,435.2903883480626,422.42466258408047,399.9096424971117,314.1381374038974,329.1481507952099,363.4567528324956,294.8395487579242,404.1982177517724,496.4025857269778,388.11606054679476,485.681147590326,467.45470275801796,418.13608732941975,408.4867930064331,349.51888325484833,382.75534147846884,370.9617595281519,343.0860203728572,325.93171935421435
B02013,99000000085,Synthetic Census Tract 99000000085,1.0,Total:,0.9264205674603088,3.705682269841235,+/-4,1.8528411349206175,0.9264205674603088,0.9264205674603088,1.8528411349206175,0.9264205674603088,2.7792617023809263,1.8528411349206175,0.0,0.0,1.8528411349206175,0.9264205674603088,0.9264205674603088,0.9264205674603088,2.7792617023809263,0.0,0.9264205674603088,1.8528411349206175,1.8528411349206175,1.8528411349206175,0.0,0.0,0.9264205674603088,0.9264205674603088,3.705682269841235,0.9264205674603088,2.7792617023809263,1.8528411349206175,0.0,0.0,0.9264205674603088,0.9264205674603088,1.8528411349206175,0.9264205674603088,2.7792617023809263,0.0,0.9264205674603088,2.7792617023809263,1.8528411349206175,1.8528411349206175,0.0,1.8528411349206175,1.8528411349206175,0.9264205674603088,0.0,1.8528411349206175,0.0,0.0,1.8528411349206175,1.8528411349206175,0.9264205674603088,0.9264205674603088,1.8528411349206175,0.9264205674603088,0.0,1.8528411349206175,0.9264205674603088,0.9264205674603088,0.9264205674603088,0.0,2.7792617023809263,3.705682269841235,1.8528411349206175,0.9264205674603088,0.0,0.9264205674603088,0.0,0.0,1.8528411349206175,1.8528411349206175,1.8528411349206175,0.9264205674603088,1.8528411349206175,0.9264205674603088,0.0,2.7792617023809263,0.9264205674603088,1.8528411349206175,0.9264205674603088,0.0,2.7792617023809263,0.0
B02013,99000000086,Synthetic Census Tract 99000000086,1.0,Total:,1515.9021550966252,594.2909258509711,+/-581,361.0752096822595,1343.0361198663081,1561.9315727615024,1394.1799172717274,1248.9315326403369,1422.8204438187622,1624.3270055961138,1671.3792992090994,1253.0230364327704,1421.7975678706537,1526.1309145777088,1725.5917244588438,1058.6766062921774,1605.915238530163,1825.8335673734655,1597.732230945296,1585.4577195679951,1883.114620467535,1871.8629850383427,1285.7550667722387,1351.2191274511754,1612.052494218813,1404.4086767528113,1485.2158766533735,1460.6668538987724,1468.8498614836394,1705.134205496676,1473.9642412241813,1783.8956535010218,1504.650519667433,1165.0557048954495,1736.843359888036,1309.2812135787315,1545.5655575917683,1751.1636231615535,1493.3988842382407,1532.2681702663592,1880.0459926232097,1391.1112894274022,1589.5492233604286,1352.2420033992837,1702.065577652351,1649.8989042988235,1391.1112894274022,1514.8792791485166,1390.0884134792939,1503.6276437193244,1519.9936588890587,1293.9380743571057,1728.660352303169,1260.183168069529,1330.7616084890076,1298.0295781495392,1633.5328891290892,1641.7158967139562,1674.4479270534246,1384.974033738752,1741.9577396285779,1853.4512179723918,1318.487097111707,1485.2158766533735,1560.908696813394,1549.6570613842018,1411.56880838957,1570.1145803463694,1427.934823559304,1632.5100131809809,1335.8759882295494,1372.6995223614513,1528.1766664739257,1588.5263474123203,1863.6799774534757,1322.5786009041406,1678.539430845858,1546.5884335398766,1490.3302563939155,1472.941365276073,1862.6571015053673,1694.9054460155924,1340.9903679700915,1486.238752601482
B02013,99000000087,Synthetic Census Tract 99000000087,1.0,Total:,183.8038299291974,213.21244271786898,+/-232,129.58170010008416,64.3313404752191,124.98660435185423,115.79641285539435,198.5081363235332,89.14485751566073,118.55347030433232,90.98289581495271,131.41973839937614,228.83576826185075,180.12775333061344,138.77189159654404,64.3313404752191,100.17308731141257,169.0995235348616,203.10323207176313,116.71543200504034,170.0185426845076,230.67380656114273,112.1203362568104,128.6626809504382,233.43086401008068,136.93385329725206,203.10323207176313,214.13146186751496,226.0787108129128,292.24808958742386,171.85658098379957,298.68122363494575,229.75478741149675,251.81124700300043,285.814955539902,244.45909380583254,185.64186822848936,287.6529938391939,293.16710873706984,183.8038299291974,232.5118448604347,237.10694060866464,192.99402142565725,59.736244726989156,117.63445115468633,74.44055112132494,92.82093411424468,113.95837455610238,91.9019149645987,196.6700980242412,111.20131710716443,231.5928257107887,156.23325543981778,215.05048101716096,200.34617462282515,149.80012139229586,93.73995326389067,174.61363843273753,190.2369639767193,98.3350490121206,187.47990652778134,148.8811022426499,98.3350490121206,212.29342356822298,125.90562350150022,223.32165336397483,192.07500227601128,312.46651087963556,222.40263421432886,207.69832781999307,183.8038299291974,246.29713210512452,250.89222785335446,278.46280234273405,233.43086401008068,165.42344693627766,221.48361506468285,255.48732360158436,245.3781129554785,176.4516767320295,247.2161512547705,300.51926193423776,158.99031288875574,121.31052775327028
B02013,99000000088,Synthetic Census Tract 99000000088,1.0,Total:,2699.6046935650193,1334.6477714605223,"+/-1,277",812.0762086333797,2934.761896837233,2266.915439544145,2862.6470211670876,2147.7691232195566,2852.1955899105446,2903.4076030676047,2272.1411551724163,1753.7501648478908,2504.162929067668,2687.062976057168,2775.9001417377817,2130.0016900834335,2924.3104655806906,2746.636134219462,2909.6784618215306,3015.2379175126134,3072.720789423599,3478.2363221774617,3094.668795062339,3344.4580020937133,2321.262882078168,2535.5172228372962,2531.3366503346792,1940.830784340008,2849.060160533582,2952.529329973356,2264.825153292836,2030.7130931462764,2400.6937596278935,2651.528109784922,2740.3652754655363,2504.162929067668,2586.7292359943563,3209.63453888431,2329.624027083402,3119.752230078042,3231.5825445230503,3181.4156744916445,2668.2503997953904,2925.355608706345,2861.6018780414333,2286.7731589315763,2489.530925308508,2555.374942224728,3207.5442526330016,3010.0122018843417,1919.927921826922,1776.7433136122852,1913.6570630729964,2840.6990155283474,2706.920695444599,2130.0016900834335,2799.9384336278304,3002.696200004762,2971.341906235133,3068.540216920982,3107.2105125701905,3012.10248813565,2764.403567355585,2894.001314936716,2613.9029572613676,2584.6389497430478,2587.7743791200105,2232.4257163975535,2966.116190606862,2939.9876124655048,2503.1177859420136,1729.7118729578422,2019.2165187640794,2773.809855486473,2526.1109347064075,2226.154857643628,2646.3023941566507,2941.032755591159,3041.3664956539706,3227.4019720204333,3414.4825915125502,2790.532145496942,2967.161333732516,2786.3515729943247
B02013,99000000089,Synthetic Census Tract 99000000089,1.0,Total:,410.7705924065874,258.5654175416466,+/-282,156.7896680837644,465.78451103246965,515.2970377957637,473.11970018258734,441.02824765082266,350.25528191811696,309.91174159247,409.85369376282273,273.23579584188184,517.1308350832932,452.03103137599913,361.25806564329343,298.9089578672935,458.449321882352,378.6791398748228,387.84812631246984,333.7511063303523,423.6071734192933,492.3745717016461,342.00319412423465,408.93679511905805,403.4354032564698,364.9256602183522,527.2167201647048,357.5904710682346,410.7705924065874,471.2859028950579,498.792862207999,362.1749642870581,221.88947179105838,408.93679511905805,386.9312276687051,361.25806564329343,312.6624375237641,596.9010170908224,485.9562811952932,315.4131334550582,510.71254457694016,401.6016059689404,584.0644360781165,500.62665949552843,378.6791398748228,429.1085652818815,315.4131334550582,457.53242323858734,394.26641681882273,364.9256602183522,305.32724837364646,437.3606530757639,471.2859028950579,387.84812631246984,380.5129371623522,494.2083689891755,516.2139364395284,425.4409707068227,425.4409707068227,470.3690042512932,353.00597784941107,451.1141327322344,375.01154529976395,391.51572088752863,353.00597784941107,384.180531737411,395.1833154625875,517.1308350832932,422.69027477552856,440.111349007058,551.0560849025871,617.9896858974106,271.4019985543524,342.92009276799934,413.5212883378816,430.0254639256462,420.8564774879992,438.27755171952856,510.71254457694016,448.3634368009403,277.82028906070536,356.6735724244699,347.50458598682286,521.7153283021166
B02013,99000000090,Synthetic Census Tract 99000000090,1.0,Total:,401.17235891530623,208.74008919170404,+/-192,127.20099185119466,428.3520580288093,330.5051412201981,396.8236070571457,455.5317571423125,528.3733507665008,377.25422369542343,428.3520580288093,393.56204316352535,393.56204316352535,362.0335921918617,342.46420883013946,339.20264493651905,437.04956174513035,382.6901635181241,485.97302014943597,472.92676457495446,424.00330617064884,291.36637449675356,358.7720282982413,360.9464042273216,475.10114050403473,327.2435773265777,403.34673484438645,433.78799785150994,539.2452304119021,334.85389307835857,385.95172741174446,395.73641909260556,398.99798298622596,376.16703573088336,305.4998180357752,315.2845097166363,373.9926598018031,440.3111256387507,460.9676969650131,558.8146137736244,464.2292608586335,373.9926598018031,393.56204316352535,309.8485698939357,375.0798477663432,380.51578758904384,445.74706546145137,406.60829873800685,353.3360884755407,430.5264339578896,471.8395766104143,312.02294582301596,366.3823440500222,443.5726895323711,442.48550156783097,579.4711850998867,488.14739607851624,433.78799785150994,477.275516433115,337.02826900743884,367.46953201456233,303.32544210669494,279.4073068868122,427.2648700642692,387.0389153762846,441.39831360329083,428.3520580288093,405.5211107734667,318.5460736102567,333.76670511381843,368.55671997910247,298.97669024853445,409.8698626316272,503.36802758207796,393.56204316352535,492.4961479366767,474.0139525394946,424.00330617064884,414.21861448978774,354.4232764400808,388.1261033408247,376.16703573088336,347.9001486528401,330.5051412201981
B02013,99000000091,Synthetic Census Tract 99000000091,1.0,Total:,378.4124870910847,285.6643284903286,+/-308,173.43905658341382,474.87057203587096,236.50780443192792,304.21396021047985,460.9583482457576,309.7788497265252,475.7980536218785,507.3324275461356,481.3629431379239,424.7865663914627,315.34373924257056,315.34373924257056,317.1987024145857,371.92011598903173,415.51175053138707,397.88960039724344,287.51929166234373,261.5498072541321,428.49649273549295,405.3094530853039,319.98114717260836,464.6682745897878,341.3132236507823,294.9391443504042,306.068923382495,488.78279582598435,540.7217646424077,354.2979658548881,352.443002682873,239.2902491899506,358.00789219891834,271.7521047002152,375.63004233306197,511.0423538901658,345.9506315808201,511.9698354761734,505.4774643741205,386.75982136515273,336.6758157207445,320.9086287586159,300.5040338664496,262.47728884013964,447.9736060416517,528.6645040243095,449.8285692136668,402.52700832728124,315.34373924257056,233.72535967390525,252.27499139405646,425.7140479774703,514.7522802341961,480.4354615519163,360.790336956941,323.6910735166386,424.7865663914627,362.64530012895614,370.99263440302417,483.217906309939,450.75605079967437,293.0841811783891,441.4812349395988,336.6758157207445,416.4392321173947,474.87057203587096,368.2101896450015,284.73684690432106,314.416257656563,321.8361103446235,422.00412163344004,457.24842190172734,518.4622065782263,510.11487230415827,493.42020375602215,321.8361103446235,276.389512630253,158.59935120729284,317.1987024145857,324.61855510264616,370.99263440302417,493.42020375602215,374.7025607470544
B02013,99000000092,Synthetic Census Tract 99000000092,1.0,Total:,1036.0954706735436,445.44462806618105,+/-408,270.7604601970904,884.3385998372712,977.1395640177255,1146.364851640907,1235.890487673816,1267.5519931000886,1043.7379030178163,1206.412534345907,965.1300274767256,1063.389871903089,1412.7582076412702,850.4935423126349,1210.7796385426343,1195.4947738540889,1087.408944985089,1008.8010694439982,1127.8046588048162,1127.8046588048162,995.6997568538164,1144.1812995425435,1107.0609138703617,1162.7414923786343,964.0382514275437,1089.5924970834526,878.8797195913621,888.7057040339985,1136.5388671982707,954.2122669849074,962.9464753783619,1016.443501788271,825.3826931814531,917.0918813127256,1095.0513773293617,881.0632716897258,895.2563603290894,1054.6556635096345,616.8534677877262,962.9464753783619,1193.3112217557252,964.0382514275437,916.0001052635438,685.6353588861806,945.4780585914529,885.430375886453,894.1645842799076,1073.2158563457253,948.7533867389983,1096.1431533785435,994.6079808046346,1111.428018067089,1001.1586370997255,1033.91191857518,910.5412250176347,1269.7355451984522,1098.3267054769071,840.6675578699985,1084.1336168375435,982.5984442636346,888.7057040339985,1055.7474395588163,1133.2635390507253,1227.1562792803616,1054.6556635096345,1135.447091149089,1031.7283664768163,1129.9882109031798,1164.925044476998,774.0692188699077,1117.9786743621798,964.0382514275437,1061.2063198047254,1115.7951222638162,1202.0454301491798,972.7724598209983,1013.1681736407255,1261.0013368049977,1116.886898312998,1016.443501788271,1040.4625748702708,1116.886898312998,988.0573245095437
B02013,99000000093,Synthetic Census Tract 99000000093,1.0,Total:,373.1822459963908,321.2335810707569,+/-303,195.07253767993154,449.5149781320162,428.3114414276758,354.0990629624845,242.78049526469744,314.87252005945476,534.3291249493777,447.39462446158217,446.33444762636515,480.26010635330977,197.19289135036558,407.1079047233354,262.9238551338208,339.2565872694462,389.0848985246461,260.80350146338674,282.00703816772716,284.1273918381612,548.111423807199,496.162758881565,378.4831301724759,424.07073408680776,501.46364305765013,333.9557030933611,276.70615399164205,311.6919895538037,396.5061363711652,404.9875510529014,447.39462446158217,423.01055725159074,172.80882414037416,412.40878889942053,337.13623359901214,356.2194166329185,366.8211849850887,230.05837324209318,357.2795934681355,308.51145904815263,555.5326616537182,435.73267927419494,373.1822459963908,315.9326968946718,358.3397703033525,403.92737421768436,522.6671797619905,471.7786916715736,283.0672150029442,327.59464208205895,338.19641043422916,255.50261728730166,556.5928384889352,249.14155627599953,430.43179509810983,329.714995752493,403.92737421768436,471.7786916715736,536.4494786198118,460.11674648418636,177.04953148124224,325.4742884116249,339.2565872694462,310.6318127185867,331.83534942292704,551.2919543128501,526.9078871028586,373.1822459963908,275.64597715642503,439.973386615063,341.3769409398802,272.46544665077397,485.56099052939487,228.99819640687616,410.2884352289865,336.0760567637951,362.5804776442206,503.5839967280842,491.922051540697,461.1769233194034,184.47076932776136,260.80350146338674,333.9557030933611
B02013,99000000094,Synthetic Census Tract 99000000094,1.0,Total:,1795.0135383739432,818.0453299172965,+/-803,497.1433636359162,2052.753847799941,1924.3930612873887,1758.3390279417856,1590.2475217943959,1590.2475217943959,2001.8170277552772,2226.95777235269,1571.910266578317,1804.1821659819827,2235.1076635598365,2043.5852201919015,1811.3133207882356,1997.7420821517042,1582.0976305872498,1679.8963250730037,1749.170400333746,1866.3250864364722,1696.196107487296,1614.6971954158344,1673.783906667644,1466.98041728631,1785.844910765904,1980.4235633365186,2265.6697555866344,2079.2409942231657,1648.3154966453124,1895.8684420623772,1896.8871784632704,1693.1398982846163,1908.0932788730963,1968.1987265257994,2038.491538187435,1553.573011362238,1707.402207897122,1659.5215970551383,1705.3647350953354,1472.0740992907765,1802.144693180196,1661.559069856925,1704.3459986944422,2089.4283582320986,1936.617898098108,1657.4841242533516,1027.9050285013104,1602.472358605115,2210.657989938398,1484.2989361014957,1901.9808604677366,2012.00439176421,1551.5355385604516,1650.3529694470988,1614.6971954158344,2121.00918665979,2123.0466594615764,2019.1355465704628,2004.873236957957,1783.8074379641173,1977.3673541338387,1711.477153500695,2060.903739007087,1261.1956643058693,1949.8614713097204,1727.7769359149875,1867.3438228373655,2230.01398155537,1833.7255216078877,1219.4274718692452,1849.0065676212866,2131.196550668723,1336.5821579719714,1400.7625512282475,1884.662341652551,1881.6061324498714,1993.667136548131,1754.2640823382126,2122.0279230606834,1897.9059148641636,1876.512450445405,1855.1189860266463,1428.2684340523658
B02013,99000000095,Synthetic Census Tract 99000000095,1.0,Total:,203.90929043870054,182.77879402018235,+/-173,110.93510619722049,155.3091486761087,254.6224818431442,211.3049641851819,152.13957421333097,231.3789357827742,251.45290738036647,215.53106346888555,216.58758828981144,158.47872313888644,131.00907779481278,116.21773030185004,281.0356023662919,182.77879402018235,105.65248209259094,250.39638255944055,219.75716275258918,115.16120548092414,179.6092195574046,234.5485102455519,165.8743968853678,225.03978685721873,144.7439004668496,305.33567324758786,229.26588614092236,156.3656734970346,180.66574437833052,97.20028352518368,189.1179429457378,175.38312027370097,286.31822647092145,220.8136875735151,139.46127636222005,188.0614181248119,296.88347468018054,210.248439364256,114.10468065999822,274.6964534407365,283.14865200814376,234.5485102455519,223.9832620362928,292.65737539647694,82.40893603222094,169.04397134814553,259.90510594777373,214.47453864795963,207.07886490147825,126.78297851110914,214.47453864795963,258.8485811268478,228.20936131999645,292.65737539647694,116.21773030185004,136.29170189944233,229.26588614092236,210.248439364256,161.64829760166415,216.58758828981144,237.71808470832963,202.85276561777462,235.60503506647783,229.26588614092236,227.15283649907053,164.81787206444187,197.57014151314507,208.13538972240417,190.1744677666637,263.0746804105515,172.21354581092325,221.87021239444098,163.76134724351598,126.78297851110914,233.491985424626,291.600850575551,94.03070906240595,172.21354581092325,277.8660279035142,128.89602815296095,111.9916310181464,148.96999975055323,206.02234008055234
B02013,99000000096,Synthetic Census Tract 99000000096,1.0,Total:,90.01695226271246,126.02373316779745,+/-119,76.24965368135643,103.78425084406848,145.08614658813656,34.947757937288365,96.37109006949217,116.49252645762789,133.43689394237376,91.07597523050907,103.78425084406848,40.242872776271454,92.1349981983057,98.4891360050854,144.02712362033995,37.0658038728816,41.30189574406807,110.13838865084819,32.829712001695135,109.07936568305158,159.9124681372892,87.89890632711922,91.07597523050907,133.43689394237376,67.7774699389835,110.13838865084819,159.9124681372892,47.65603355084777,92.1349981983057,39.18384980847484,48.71505651864439,86.83988335932261,33.88873496949175,134.4959169101704,91.07597523050907,76.24965368135643,95.31206710169555,146.14516955593317,83.66281445593276,44.47896464745792,101.66620490847525,127.08275613559407,150.38126142711965,79.42672258474629,135.554939877967,39.18384980847484,99.54815897288202,79.42672258474629,134.4959169101704,81.54476852033953,84.72183742372937,51.89212542203424,117.55154942542451,113.31545755423804,129.2008020711873,43.41994167966131,39.18384980847484,79.42672258474629,40.242872776271454,102.72522787627187,181.09292749322154,82.60379148813614,88.95792929491584,123.90568723220422,83.66281445593276,84.72183742372937,154.6173532983061,38.12482684067822,119.66959536101774,32.829712001695135,39.18384980847484,97.43011303728878,46.59701058305116,169.44367484745874,92.1349981983057,87.89890632711922,95.31206710169555,138.73200878135685,104.8432738118651,37.0658038728816,102.72522787627187,122.8466642644076,128.1417791033907
B02013,99000000097,Synthetic Census Tract 99000000097,1.0,Total:,299.5314884549532,249.42803947703376,+/-229,151.3995523463218,472.71514905254435,258.1416827775415,209.12743921218552,169.91604435990072,151.3995523463218,388.8463322851575,330.0292400067303,225.4655204006375,334.38606165698417,421.52249466206143,162.29160647195647,208.03823379962205,239.62519076396256,226.55472581320097,348.5457320203092,290.8178451544455,322.404802118786,255.96327195241457,301.70989928008015,330.0292400067303,249.42803947703376,285.37181809162814,275.568969378557,362.70540238363424,362.70540238363424,234.17916370114526,253.78486112728763,380.13268898464975,362.70540238363424,284.2826126790647,326.7616237690399,391.02474311028436,295.17466680469937,330.0292400067303,237.44677993883565,324.58321294391294,336.56447248211106,346.3673211951823,416.0764675992441,368.1514294464516,222.1979041629471,313.69115881827827,304.97751551777054,398.64918099822864,465.09071116460007,251.6064503021607,226.55472581320097,437.86057585051344,330.0292400067303,166.64842812221033,403.00600264848254,364.8838132087612,385.5787160474671,347.45652660774573,197.1461796739874,396.4707701731017,334.38606165698417,319.1371858810956,261.4092990152319,330.0292400067303,355.08096449569,264.6769152529223,242.89280700165298,198.23538508655085,260.3200936026684,356.17016990825346,373.5974565092689,139.41829280812368,287.5502289167551,302.7991046926436,155.75637399657566,154.66716858401222,277.7473802036839,246.16042323934337,336.56447248211106,334.38606165698417,239.62519076396256,292.9962559795724,273.39055855343,318.04798046853216
B02013,99000000098,Synthetic Census Tract 99000000098,1.0,Total:,718.7115631004851,212.9515742519956,+/-224,129.2920272244259,773.8508100050196,730.1196831496992,794.7656967619121,725.36629979586,758.6399832727343,760.54133661427,802.3711101280549,809.0258468234297,676.8817895867003,765.2947199681091,703.5007363681997,621.7425426821657,772.9001333342519,620.7918660113978,635.0520160729154,713.007503075878,703.5007363681997,637.904046085219,712.0568264051103,614.137129316023,709.2047963928068,732.0210364912349,662.6216395251827,867.0171237402677,861.3130637156607,733.9223898327705,716.8102097589494,697.7966763435927,629.3479560483084,653.1148728175043,778.6041933588589,814.7299068480366,693.0432929897535,618.8905126698622,716.8102097589494,641.7067527682902,744.3798332112167,760.54133661427,797.6177267742156,654.0655494882722,726.3169764666278,677.8324662574681,665.4736695374862,629.3479560483084,676.8817895867003,704.4514130389675,736.774419845074,712.0568264051103,634.1013394021476,791.9136667496086,625.545249365237,760.54133661427,823.2859968849473,800.4697567865192,756.7386299311986,718.7115631004851,670.2270528913255,843.2502069710719,828.9900569095543,664.5229928667184,757.6893066019665,767.1960733096448,682.5858496113073,745.3305098819845,745.3305098819845,681.6351729405394,644.5587827805938,773.8508100050196,683.5365262820751,629.3479560483084,669.2763762205576,819.4832902018759,831.8420869218578,702.5500596974318,775.7521633465553,671.1777295620933,700.6487063558963,735.8237431743062,770.9987799927162,649.312166134433
B02013,99000000099,Synthetic Census Tract 99000000099,1.0,Total:,135.396018816531,115.03571523509778,+/-113,70.24304735594467,131.32395810024437,141.504109890961,119.10777595138444,111.98166969788281,123.17983666767108,111.98166969788281,123.17983666767108,135.396018816531,118.08976077231277,103.83754826530951,211.74715724690566,122.16182148859941,171.0265500840392,114.01770005602613,109.94563933973947,159.8283831142509,87.54930540016292,173.0625804421825,143.54014024910433,157.7923527561076,107.90960898159615,162.8824286514659,229.0534152911239,74.31510807223131,109.94563933973947,204.62105099340403,140.48609471188934,145.57617060724763,211.74715724690566,184.26074741197078,163.90044383053757,104.85556344438118,92.63938129552123,189.3508233073291,126.23388220488607,116.05373041416945,133.3599884583877,92.63938129552123,97.72945719087954,137.43204917467435,111.98166969788281,126.23388220488607,129.28792774210106,155.75632239796425,140.48609471188934,75.33312325130298,146.59418578631931,168.99051972589587,151.6842616816776,93.65739647459289,111.98166969788281,100.78350272809452,215.8192179631923,102.81953308623784,85.5132750420196,155.75632239796425,96.71144201180788,168.99051972589587,161.86441347239423,135.396018816531,157.7923527561076,135.396018816531,135.396018816531,104.85556344438118,107.90960898159615,230.07143047019557,150.66624650260596,140.48609471188934,180.18868669568414,160.84639829332258,166.95448936775253,152.70227686074927,124.19785184674275,120.1257911304561,134.37800363745936,108.92762416066782,105.87357862345283,129.28792774210106,130.30594292117271,184.26074741197078
B02013,99000000100,Synthetic Census Tract 99000000100,1.0,Total:,287.6500797675315,157.15068255670252,+/-171,95.57702330933955,335.4385914222013,318.8964143109695,363.9278964471006,266.51285345873526,329.00552254561114,281.21701089094137,358.4138374100233,381.3890833978453,248.13265666847767,258.24176490311936,286.73106992801866,296.8401781626603,346.46670949635586,276.621961693377,313.3823552738922,306.949286397302,306.03027655778914,306.03027655778914,235.26651891529735,263.75582394019665,317.0583946319437,320.73443398999524,336.3576012617142,280.2980010514285,311.5443355948664,298.6781978416861,273.8649321748383,230.67146971773295,306.03027655778914,221.48137132260416,398.8502703485901,312.4633454343793,215.048302446014,264.6748337797095,236.18552875481024,274.7839420143512,266.51285345873526,329.924532385124,225.15741068065566,292.24512896509594,302.3542371997376,282.1360207304543,243.5376074709133,313.3823552738922,330.8435422246369,217.80533196455264,323.49146350853385,359.3328472495362,319.81542415048233,354.73779805197177,165.42177111231845,238.94255827334888,349.22373901489453,334.51958158268843,274.7839420143512,287.6500797675315,315.22037495291795,260.0797845821451,335.4385914222013,369.44195548417787,283.97404040948,263.75582394019665,226.07642052016854,303.2732470392505,248.13265666847767,309.70631591584066,208.61523356942382,257.3227550636065,319.81542415048233,292.24512896509594,256.4037452240936,290.4071092860702,283.97404040948,295.92116832314747,261.9178042611709,318.8964143109695,250.8896861870163,226.99543035968142,349.22373901489453,137.85147592693204
B02013,99000000101,Synthetic Census Tract 99000000101,1.0,Total:,377.57302866178014,196.46076288092627,+/-192,119.71827738056443,403.15385716190076,311.0628745614666,373.48009610176086,428.7346856620214,497.29130604234456,355.061899581674,403.15385716190076,370.41039668174636,370.41039668174636,340.73663562160647,322.31843910151963,319.2487396815052,411.3397222819393,360.17806528169814,457.38521358215644,445.10641590209855,399.0609246018814,274.2264815212929,337.666936201592,339.71340248160163,447.1528821821082,307.99317514145207,379.6194949417898,408.2700228619249,507.52363744239284,315.15580712148585,363.2477647017126,372.45686296175603,375.5265623817705,354.0386664416692,287.5285123413556,296.737610601399,351.9922001616595,414.4094217019538,433.8508513620455,525.9418339624797,436.92055078205993,351.9922001616595,370.41039668174636,291.6214449013749,353.01543330166436,358.13159900168847,419.52558740197793,382.68919436180425,332.55077050156785,405.20032344191037,444.0831827620937,293.66791118138457,344.82956818162575,417.47912112196826,416.4558879819635,545.3832636225713,459.4316798621661,408.2700228619249,449.1993484621178,317.2022734014955,345.8528013216306,285.48204606134595,262.97091698123984,402.1306240218959,364.2709978417174,415.43265484195865,403.15385716190076,381.6659612217994,299.8073100214135,314.132573981481,346.8760344616354,281.3891135013267,385.75889378181876,473.7569438222336,370.41039668174636,463.5246124221854,446.1296490421034,399.0609246018814,389.85182634183803,333.5740036415727,365.29423098172225,354.0386664416692,327.43460480154374,311.0628745614666
B02013,99000000102,Synthetic Census Tract 99000000102,1.0,Total:,0.0,13.07961565145981,+/-14,8.40832434736702,0.0,0.0,0.0,0.0,0.0,0.0,0.0,0.0,0.0,0.0,0.0,0.0,0.0,0.0,0.0,0.0,0.0,0.0,0.0,0.0,0.0,0.0,0.0,0.0,0.0,0.0,0.0,0.0,0.0,0.0,0.0,0.0,0.0,0.0,0.0,0.0,0.0,0.0,0.0,0.0,0.0,0.0,0.0,0.0,0.0,0.0,0.0,0.0,0.0,0.0,0.0,0.0,0.0,0.0,0.0,0.0,0.0,0.0,0.0,0.0,0.0,0.0,0.0,0.0,0.0,0.0,0.0,0.0,0.0,0.0,0.0,0.0,0.0,0.0,0.0,0.0,0.0,0.0,0.0,0.0
B02013,99000000103,Synthetic Census Tract 99000000103,1.0,Total:,961.3276260574695,413.29996989615125,+/-408,251.2215503290331,820.5219990585356,906.6261594535671,1063.6396284092127,1146.704818437361,1176.081531983901,968.4185569135309,1119.3540851354096,895.4832681083277,986.6523791148317,1310.809218249068,789.1193052674064,1123.4060456245877,1109.2241839124647,1008.9381618053104,936.0028730001072,1046.4187963302065,1046.4187963302065,923.8469915325734,1061.6136481646238,1027.1719840066112,1078.8344802436302,894.4702779860332,1010.9641420498994,815.4570484470631,824.5739595477136,1054.5227173085625,885.3533668853828,893.4572878637388,943.0938038561686,765.8205324546332,850.9117027273702,1016.0290926613718,817.4830286916521,830.6519002814805,978.5484581364758,572.3394190963859,893.4572878637388,1107.1982036678758,894.4702779860332,849.8987126050757,636.1577968009387,877.2494459070269,821.53498918083,829.638910159186,995.7692902154821,880.2884162739103,1017.0420827836663,922.8340014102789,1031.223944495789,928.9119421440458,959.3016458128805,844.8337619936033,1178.10751222849,1019.0680630282553,780.0023941667561,1005.8991914384269,911.6911100650395,824.5739595477136,979.5614482587703,1051.4837469416789,1138.600897459005,978.5484581364758,1053.5097271862678,957.2756655682915,1048.4447765747955,1080.8604604882191,718.2099967067923,1037.301885229556,894.4702779860332,984.6263988702427,1035.2759049849672,1115.3021246462317,902.5741989643891,940.0548334892852,1170.0035912501341,1036.2888951072616,943.0938038561686,965.3795865466474,1036.2888951072616,916.756060676512
B02013,99000000104,Synthetic Census Tract 99000000104,1.0,Total:,116.66590182277855,90.28926314980252,+/-89,54.78224955156558,127.82524895365302,82.17337432734837,110.57898520593793,65.94159668244005,159.2743181406629,112.60795741155147,86.23131873857545,109.56449910313115,117.68038792558532,129.85422115926656,145.0715127013681,108.55001300032438,122.75281843961916,117.68038792558532,114.63692961716501,90.28926314980252,123.76730454242593,120.72384623400563,138.98459608452748,86.23131873857545,102.46309638348377,145.0715127013681,133.91216557049364,175.5060957855712,61.883652271212966,114.63692961716501,152.1729154210155,117.68038792558532,119.70936013119886,90.28926314980252,130.86870726207331,142.0280543929478,138.98459608452748,105.50655469190409,116.66590182277855,150.14394321540195,93.33272145822284,108.55001300032438,132.89767946768686,151.15842931820873,99.41963807506346,97.39066586944992,116.66590182277855,101.448610280677,188.6944151220592,111.5934713087447,84.20234653296191,57.82570785998589,131.8831933648801,75.07197160770097,100.43412417787023,103.47758248629054,112.60795741155147,145.0715127013681,117.68038792558532,110.57898520593793,134.9266516733004,115.65141571997178,157.24534593504936,84.20234653296191,136.95562387891394,171.44815137434412,113.62244351435824,132.89767946768686,90.28926314980252,99.41963807506346,148.1149710097884,171.44815137434412,99.41963807506346,141.01356829014102,145.0715127013681,118.69487402839209,99.41963807506346,79.12991601892806,114.63692961716501,143.04254049575457,72.02851329928068,125.79627674803947,60.869166168406196,151.15842931820873
B02013,99000000105,Synthetic Census Tract 99000000105,1.0,Total:,188.70743581328665,146.99316052824435,+/-148,89.38773275366209,193.67342096626788,113.224461487972,189.7006328438829,203.60539127223032,212.54416454759655,174.80267738493922,157.91832786480305,209.56457345580782,134.08159913049315,189.7006328438829,197.64620908865285,170.82988926255422,202.61219424163409,175.79587441553545,145.99996349764808,166.85710114016925,214.53055860878902,232.40810515952145,214.53055860878902,259.2244249856201,125.14282585512694,236.38089328190642,186.72104175209415,189.7006328438829,154.9387367730143,255.2516368632351,169.83669223195798,221.48293782296275,269.15639529158256,199.63260314984535,228.43531703713649,199.63260314984535,273.1291834139675,192.68022393567162,191.68702690507538,211.5509675170003,59.59182183577473,150.96594865062931,118.19044664095321,165.863904109573,217.51014970057778,279.088365597545,155.93193380361055,131.1020080387044,136.06799319168564,244.3264695266764,202.61219424163409,174.80267738493922,287.03394184231496,244.3264695266764,176.78907144613171,225.45572594534772,229.42851406773272,191.68702690507538,203.60539127223032,193.67342096626788,148.97955458943682,108.25847633499076,104.28568821260578,148.97955458943682,280.0815626281412,197.64620908865285,181.75505659911292,195.65981502746038,193.67342096626788,132.09520506930065,200.6258001804416,153.94553974241805,174.80267738493922,187.71423878269042,180.76185956851668,172.81628332374672,155.93193380361055,243.33327249608016,215.52375563938529,117.19724961035698,264.1904101386013,239.3604843736952,173.80948035434298,215.52375563938529
B02013,99000000106,Synthetic Census Tract 99000000106,1.0,Total:,2239.0892455237504,679.0598160493743,+/-676,412.86033194717874,2443.008095609583,1932.70870721745,1994.9893412338126,2677.0627363484946,2281.2793524380604,2395.79535691976,2197.9036649645427,2438.9899901891727,2350.5916709401417,2345.5690391646285,2036.1749217930203,2412.8723049565046,2261.188825336008,2124.573241042051,2049.2337644093545,1964.8535505807338,1954.8082870297076,2464.1031490667383,2554.5105210259744,2146.672820854309,2284.2929315033684,1856.3647042296504,2313.4241958013445,2471.1348335524567,2440.999042899378,2412.8723049565046,2019.0979737562757,2413.876831311607,2187.8584014135167,2510.311361401459,1987.9576567480942,2417.8949367320174,2308.4015640258317,2172.790506086977,1949.7856552541946,2084.392186837946,2134.6185045930774,2315.4332485115497,2247.125456364571,2437.9854638340703,2404.8360941156834,2312.419669446242,2427.940200283044,1947.7766025439892,2247.125456364571,1947.7766025439892,2428.944726638146,2057.2699752501753,2086.4012395481514,2204.935349450261,2316.4377748666525,2488.211781589201,2100.464608519588,1848.3284933888294,2622.818313172953,2246.120930009469,2038.1839745032255,2265.206930756419,2446.021674674891,2375.7048298177074,1752.89848965408,2575.6055744831297,2281.2793524380604,2159.731663470643,2021.1070264664809,2426.935673927941,2035.1703954379175,2284.2929315033684,2266.211457111521,2395.79535691976,2489.216307944304,2068.319765156304,2043.2066062787385,2530.4018885035116,2324.4739857074733,2274.2476679523425,2164.7542952461563,1979.9214459072732,1899.5593374990633,2014.0753419807625
B02013,99000000107,Synthetic Census Tract 99000000107,1.0,Total:,503.2310760846299,334.78552760441903,+/-318,203.18744285425433,500.0727220506259,540.078539814676,394.79425425049413,648.5153616488117,430.5889333025389,402.16374699650333,367.4218526224599,360.0523598764507,493.756013982618,444.27513411655605,343.20780502842956,439.0112107265495,459.0141196085745,642.1986535808038,589.559419680738,541.1313244926773,508.4949994746365,280.0407243483505,457.9613349305732,403.21653167450467,606.403974528759,612.7206825967669,607.4567592067604,626.4068834107841,476.9114591345969,525.3395543226575,402.16374699650333,462.1724736425785,567.4509414427102,492.7032293046167,599.0344817827498,465.33082767658243,624.3013140547814,579.0315729007248,681.1516866668526,622.1957446987788,509.54778415263775,409.5332397425126,514.8117075426444,534.8146164246693,254.77389207631887,410.5860244205139,389.53033086048754,444.27513411655605,416.9027324885218,612.7206825967669,676.9405479548473,523.2339849666549,536.920185780672,396.8998236064968,425.3250099125323,519.0228462546496,545.3424632046825,320.0465421124006,409.5332397425126,403.21653167450467,414.7971631325192,517.9700615766483,412.6915937765165,516.917276898647,376.89691472447174,593.7705583927432,468.48918171058637,468.48918171058637,551.6591712726905,572.7148648327168,663.2543471408302,652.726500360817,504.28386076263115,611.6678979187656,611.6678979187656,655.8848543948209,668.5182705308367,369.5274219784625,468.48918171058637,584.2954962907313,464.2780429985811,667.4654858528354,424.27222523453105,362.1579292324533
B02013,99000000108,Synthetic Census Tract 99000000108,1.0,Total:,94.32655595391479,83.72806652089066,+/-79,50.87274927851584,152.61824783554752,57.231842938330324,136.72051368601134,87.96746229410032,132.48111791280166,114.46368587666065,126.1220242529872,108.10459221684617,66.77048342805205,80.54851969098343,125.06217530968479,78.42882180437859,94.32655595391479,89.02731123740273,100.68564961372927,46.63335350530619,66.77048342805205,93.26670701061238,107.04474327354376,79.48867074768101,107.04474327354376,62.531087654842395,117.64323270656789,68.89018131465687,119.76293059317271,84.78791546419308,107.04474327354376,107.04474327354376,54.052296108423086,97.50610278382203,108.10459221684617,85.84776440749549,96.44625384051962,72.06972814456411,133.5409668561041,44.513655618701364,105.98489433024135,129.30157108289444,85.84776440749549,130.36142002619684,65.71063448474963,81.60836863428584,86.9076133507979,140.959909459221,71.0098792012617,117.64323270656789,115.52353481996306,85.84776440749549,129.30157108289444,79.48867074768101,119.76293059317271,148.37885206233787,97.50610278382203,89.02731123740273,69.95003025795928,102.80534750033411,47.6932024486086,55.1121450517255,81.60836863428584,90.08716018070514,80.54851969098343,89.02731123740273,110.224290103451,80.54851969098343,52.99244716512067,103.86519644363652,86.9076133507979,131.42126896949927,104.92504538693893,78.42882180437859,93.26670701061238,139.90006051591857,118.7030816498703,87.96746229410032,114.46368587666065,84.78791546419308,65.71063448474963,107.04474327354376,74.18942603116894,99.62580067042686
B02013,99000000109,Synthetic Census Tract 99000000109,1.0,Total:,73.88386759051636,91.8556191665879,+/-92,55.91211601444481,69.89014501805602,57.908977300674984,114.81952395823488,66.89485308871076,24.960766077877146,70.8885756611711,98.8446336683935,103.83678688396893,89.85875788035773,82.86974337855213,94.85091109593316,53.91525472821464,91.8556191665879,34.94507250902801,42.93251765394869,88.86032723724264,45.92780958329395,105.8336481701991,69.89014501805602,88.86032723724264,70.8885756611711,60.90426923002024,131.79284489119135,62.90113051625041,27.956058007222406,62.90113051625041,103.83678688396893,128.7975529618461,66.89485308871076,78.87602080609179,109.82737074265945,52.91682408509955,83.86817402166722,34.94507250902801,40.93565636771852,87.86189659412756,45.92780958329395,101.83992559773876,73.88386759051636,73.88386759051636,80.87288209232196,60.90426923002024,38.93879508148835,76.87915951986162,111.82423202888963,53.91525472821464,49.92153215575429,43.93094829706378,58.90740794379007,81.87131273543704,31.94978057968275,116.81638524446505,96.84777238216333,110.82580138577454,119.81167717381031,104.83521752708401,122.80696910315557,44.929378940178864,79.87445144920687,64.89799180248059,83.86817402166722,61.902699873135326,40.93565636771852,75.88072887674653,110.82580138577454,55.91211601444481,43.93094829706378,44.929378940178864,63.8995611593655,82.86974337855213,30.951349936567663,126.80069167561591,78.87602080609179,96.84777238216333,114.81952395823488,65.89642244559568,141.7771513223422,45.92780958329395,58.90740794379007,78.87602080609179
B02013,99000000110,Synthetic Census Tract 99000000110,1.0,Total:,913.8471447208523,478.3418648148211,+/-469,290.67682616678894,959.7434856945557,836.3333244097086,813.895113267009,947.5044614349015,652.7479605148944,843.4727552278401,736.3812929558653,980.1418594606462,795.5365768775276,868.9707224354532,855.7117794874945,1113.7512076285386,1125.990231888193,960.7634043828602,866.9308850588442,745.560561150606,793.4967395009186,702.7239762418161,718.0227565663839,1105.5918581221024,1149.448361719197,985.2414529021688,1108.651614187016,1180.0459223683326,785.3373899944824,843.4727552278401,860.811372929017,769.01869098161,997.480477161823,834.2934870330995,1110.6914515636252,1035.2174686290905,851.6321047342764,1151.488199095806,844.4926739161447,1001.5601519150412,1030.1178751875677,882.229665383412,918.9467381623748,969.942672577601,917.9268194740704,857.7516168641035,1103.5520207454933,958.7235670062512,1132.1097440180201,891.4089335781528,830.2138122798814,710.8833257482522,1084.1735656677074,1042.356899447222,973.0024286425146,817.9747880202272,821.0345440851407,1071.9345414080533,1175.9662476151145,1206.5638082642502,915.8869820974613,903.647957837807,900.5882017728934,639.4890175669357,710.8833257482522,796.5564955658322,823.0743814617497,925.066250292202,880.1898280068029,900.5882017728934,816.9548693319226,945.4646240582924,806.7556824488773,1003.5999892916502,1065.8150292782261,839.3930804746221,1086.2134030443165,979.1219407723416,858.7715355524081,1187.1853531864642,467.12275924347136,782.2776339295689,862.8512103056261,862.8512103056261
B02013,99000000111,Synthetic Census Tract 99000000111,1.0,Total:,0.0,15.207461459932286,+/-14,9.776225224242184,0.0,0.0,0.0,0.0,0.0,0.0,0.0,0.0,0.0,0.0,0.0,0.0,0.0,0.0,0.0,0.0,0.0,0.0,0.0,0.0,0.0,0.0,0.0,0.0,0.0,0.0,0.0,0.0,0.0,0.0,0.0,0.0,0.0,0.0,0.0,0.0,0.0,0.0,0.0,0.0,0.0,0.0,0.0,0.0,0.0,0.0,0.0,0.0,0.0,0.0,0.0,0.0,0.0,0.0,0.0,0.0,0.0,0.0,0.0,0.0,0.0,0.0,0.0,0.0,0.0,0.0,0.0,0.0,0.0,0.0,0.0,0.0,0.0,0.0,0.0,0.0,0.0,0.0,0.0,0.0
B02013,99000000112,Synthetic Census Tract 99000000112,1.0,Total:,441.6465310607074,293.81505622867144,+/-318,178.32171651614334,438.8746909076067,473.98466618021524,346.48001913758424,569.1511781033383,377.89420753939186,352.9476461614858,322.4574044773784,315.98977745347685,433.33101060140535,389.90551486949477,301.20662997027324,385.28578128099366,402.84076891729796,563.6074977971371,517.4101619121258,474.9086128979155,446.2662646492085,245.76982690825974,401.91682219959773,353.87159287918604,532.1933093953294,537.7369897015308,533.1172561130296,549.7482970316337,418.54786311820175,461.0494121324121,352.9476461614858,405.6126090703986,498.00728084042106,432.4070638837051,525.7256823714279,408.3844492234993,547.9004035962332,508.17069473512356,597.7935263520453,546.0525101608328,447.1902113669087,359.4152731853874,451.80994495540983,469.36493259171414,223.59510568345436,360.3392199030876,341.86028554908313,389.90551486949477,365.88290020928895,537.7369897015308,594.0977394812444,459.20151869701164,471.21282602711455,348.3279125729847,373.27447395089075,455.50573182621076,478.60439976871635,280.8798021808683,359.4152731853874,353.87159287918604,364.0350067738885,454.58178510851053,362.1871133384881,453.6578383908103,330.7729249366804,521.1059487829267,411.15628937659994,411.15628937659994,484.1480800749177,502.6270144289222,582.0864321511415,572.8469649741393,442.5704777784076,536.8130429838305,536.8130429838305,575.61880512724,586.7061657396426,324.3052979127788,411.15628937659994,512.7904283236247,407.46050250579907,585.7822190219424,372.3505272331905,317.83767088887726
B02013,99000000113,Synthetic Census Tract 99000000113,1.0,Total:,185.60756334918446,149.5941555351636,+/-162,91.41865060482219,182.83730120964438,108.0402234420626,154.2112591010637,180.99045978328434,155.13467981424373,127.43205841884306,168.06256979876403,183.76072192282442,151.44099696152364,230.85517829500554,101.57627844980244,135.74284483746325,232.7020197213656,158.8283626669638,212.3867640314051,161.5986248065039,168.98599051194407,313.03962176802753,248.40017184542597,188.3778254887245,115.42758914750277,249.32359255860598,211.46334331822507,140.35994840336338,125.58521699248301,187.4544047755445,159.75178338014385,286.26042108580685,272.4091103881065,200.3822947600648,213.31018474458511,265.02174468266634,240.08938542680576,162.5220455196839,215.15702617094516,217.0038675973052,198.53545333370477,211.46334331822507,183.76072192282442,201.30571547324485,154.2112591010637,236.39570257408567,189.30124620190455,189.30124620190455,149.5941555351636,269.6388482485665,240.08938542680576,247.47675113224594,233.6254404345456,206.84623975232498,153.28783838788368,257.63437897722616,188.3778254887245,216.0804468841252,226.23807472910542,192.99492905462463,107.11680272888258,185.60756334918446,147.74731410880355,114.50416843432275,154.2112591010637,148.67073482198356,230.85517829500554,155.13467981424373,170.8328319383041,135.74284483746325,173.60309407784416,241.9362268531658,176.37335621738424,137.5896862638233,212.3867640314051,184.68414263600442,167.13914908558402,163.44546623286394,198.53545333370477,111.73390629478268,225.3146540159254,242.85964756634584,199.4588740468848,214.23360545776515
B02013,99000000114,Synthetic Census Tract 99000000114,1.0,Total:,193.60132030263443,72.48580238819014,+/-79,44.04200651434338,200.94165472169166,177.08556785975566,142.2189793692338,192.68377850025226,143.13652117161598,200.94165472169166,174.3329424526092,209.19953094313104,209.19953094313104,210.11707274551318,208.2819891407489,198.1890293145452,194.51886210501658,230.30299239792058,162.4048990216412,181.67327687166642,155.06456460258397,224.79774158362764,243.1485776312707,178.0031096621378,193.60132030263443,217.4574071645704,214.70478175742394,202.77673832645596,162.4048990216412,178.0031096621378,200.0241129193095,212.86969815265965,242.23103582888857,189.93115309310582,176.1680260573735,175.25048425499133,174.3329424526092,210.11707274551318,170.66277524308057,181.67327687166642,188.0960694883415,213.7872399550418,204.61182193122028,169.74523344069843,177.08556785975566,185.34344408119503,214.70478175742394,204.61182193122028,192.68377850025226,196.35394570978087,163.32244082402335,197.27148751216305,142.2189793692338,168.82769163831628,157.81719000973044,234.89070140983134,191.7662366978701,195.43640390739873,211.9521563502775,195.43640390739873,200.94165472169166,185.34344408119503,201.8591965240738,177.08556785975566,216.53986536218827,179.83819326690212,178.92065146451998,186.2609858835772,199.10657111692734,220.21003257171688,204.61182193122028,196.35394570978087,185.34344408119503,218.37494896695256,229.3854505955384,186.2609858835772,187.17852768595935,178.92065146451998,241.31349402650642,200.0241129193095,204.61182193122028,172.4978588478449,189.01361129072365,200.0241129193095
B02013,99000000115,Synthetic Census Tract 99000000115,1.0,Total:,2400.4695728578617,744.7954583598523,+/-722,452.8603964265584,2361.2698118915537,2565.521197979159,2065.2084593302275,2420.069453341016,2124.0081007796894,2266.365127446808,2721.2886691873828,2442.764051795194,2978.150260782401,2561.394907351126,2223.0390758524677,2779.0567379798367,2129.16596406473,2403.564290828886,2260.1756915047595,2080.682049185349,2128.134391407722,2219.9443578814435,2992.5922779805146,1988.8720827116276,2468.553368220397,2474.7428041624453,2407.6905814569186,2120.913382808665,2403.564290828886,2401.50114551487,2345.796222036432,2381.901265031716,2457.206068993308,2365.3961025195863,2662.4890277379204,2731.604395757464,2377.7749744036837,2166.3025797170217,2745.014840298569,2492.2795393315832,2582.0263604912884,2516.0057104427697,2115.7555195236246,2630.510275370669,2372.617111118643,2409.753726770935,2353.017230635489,2355.080375949505,2354.0488032924973,2288.028153243978,2361.2698118915537,2484.0269580755185,2413.880017398967,1979.5879287985547,2402.532718171878,2674.867899622018,2833.730088801266,2190.028750828208,2154.9552804899326,2587.184223776329,2712.0045152743096,2270.4914180748406,2211.6917766253787,2368.4908204906105,2173.5235883160785,2820.3196442601607,2506.7215565296965,2501.563693244656,2493.311111988591,2762.5515754677067,2414.9115900559755,2295.249161843035,2059.019023388179,2016.7245444508465,2351.985657978481,2455.1429236792915,2689.3099168201315,2425.2273166260566,2154.9552804899326,2543.8581721819883,2498.4689752736317,2556.2370440660857,2176.6183062871028,2096.1556390404708
B02013,99000000116,Synthetic Census Tract 99000000116,1.0,Total:,405.2933239851273,239.04436341841244,+/-243,145.59080570339523,340.36769441469426,522.3562015439384,377.7491175007012,481.0398918172991,420.0491488874984,400.37471568433693,578.4283361729487,355.1235193170654,251.83274500046744,364.96073591864615,315.77465291074236,421.0328705476565,374.79795252022694,400.37471568433693,427.91892216876306,451.52824201255686,294.1327763872647,268.5560132231547,473.1701185360345,424.96775718828883,402.34215900465307,467.26778857508606,475.13756185635066,389.55377742259805,331.5141994732716,408.24448896560153,489.8933867587218,436.7724171101857,432.8375304695534,316.75837457090046,264.62112658252244,546.9492430478903,478.0887268368249,298.067663027897,378.7328391608592,500.71432502046065,284.29555978568396,424.96775718828883,397.4235507038627,378.7328391608592,443.65846873129226,488.9096650985637,396.4398290437046,380.7002824811754,397.4235507038627,454.4794069930311,458.41429363366336,362.0095709381719,467.26778857508606,291.18161140679047,303.9699929888455,425.95147884844687,438.7398604305019,231.17459013714785,417.0979839070242,490.8771084188799,299.05138468805507,349.22118935611695,396.4398290437046,396.4398290437046,500.71432502046065,497.7631600399864,362.0095709381719,526.2910881845706,459.39801529382146,437.7561387703438,446.6096337117665,436.7724171101857,411.19565394607577,401.358437344495,308.88860128963586,447.59335537192453,417.0979839070242,369.8793442194366,378.7328391608592,465.3003452547699,314.7909312505843,298.067663027897,412.1793756062338,473.1701185360345
B02013,99000000117,Synthetic Census Tract 99000000117,1.0,Total:,34.81052134653617,3.164592849685106,+/-3,2.1097285664567376,34.81052134653617,33.7556570633078,35.86538562976454,35.86538562976454,36.92024991299291,33.7556570633078,32.70079278007943,33.7556570633078,33.7556570633078,35.86538562976454,33.7556570633078,33.7556570633078,34.81052134653617,34.81052134653617,34.81052134653617,35.86538562976454,34.81052134653617,33.7556570633078,34.81052134653617,34.81052134653617,33.7556570633078,34.81052134653617,32.70079278007943,34.81052134653617,35.86538562976454,34.81052134653617,33.7556570633078,34.81052134653617,33.7556570633078,34.81052134653617,33.7556570633078,34.81052134653617,34.81052134653617,32.70079278007943,34.81052134653617,32.70079278007943,33.7556570633078,34.81052134653617,34.81052134653617,34.81052134653617,33.7556570633078,33.7556570633078,33.7556570633078,34.81052134653617,34.81052134653617,32.70079278007943,35.86538562976454,33.7556570633078,33.7556570633078,35.86538562976454,34.81052134653617,32.70079278007943,34.81052134653617,35.86538562976454,34.81052134653617,34.81052134653617,34.81052134653617,33.7556570633078,34.81052134653617,34.81052134653617,33.7556570633078,32.70079278007943,32.70079278007943,33.7556570633078,33.7556570633078,35.86538562976454,35.86538562976454,33.7556570633078,32.70079278007943,32.70079278007943,34.81052134653617,34.81052134653617,34.81052134653617,35.86538562976454,35.86538562976454,34.81052134653617,35.86538562976454,34.81052134653617,33.7556570633078,33.7556570633078
B02013,99000000118,Synthetic Census Tract 99000000118,1.0,Total:,323.7190864731179,176.85611433515385,+/-171,107.56161339681873,377.4998931715272,358.8834600836163,409.5615279340405,299.9314219718984,370.2601691928952,316.4793624944858,403.3560502380702,429.2122073046132,279.246496318664,290.6232054279429,322.68484019045616,334.0615492997351,389.9108485634679,311.30813108117724,352.677982387646,345.438258409014,344.40401212635226,344.40401212635226,264.76704836139993,296.8286831239132,356.81496751829286,360.95195264893977,378.53413945418896,315.44511621182414,350.6094898223226,336.1300418650585,308.20539223319213,259.59581694809134,344.40401212635226,249.25335412147416,448.8628866751858,351.64373610498427,242.01363014284212,297.86292940657495,265.80129464406167,309.2396385158538,299.9314219718984,371.29441547555695,253.39033925212104,328.8903178864265,340.26702699570535,317.51360877714757,274.07526490535537,352.677982387646,372.32866175821863,245.11636899082728,364.0546914969249,404.3902965207319,359.917706366278,399.2190651074233,186.16433087910931,268.9040334920468,393.01358741145305,376.46564688886554,309.2396385158538,323.7190864731179,354.74647495296944,292.6916979932663,377.4998931715272,415.76700563001083,319.582101342471,296.8286831239132,254.42458553478275,341.3012732783671,279.246496318664,348.5409972569991,234.7739061642101,289.5889591452812,359.917706366278,328.8903178864265,288.55471286261945,326.82182532110306,319.582101342471,333.02730301707334,294.7601905585898,358.8834600836163,282.3492351666491,255.45883181744446,393.01358741145305,155.13694239925778
B02013,99000000119,Synthetic Census Tract 99000000119,1.0,Total:,189.47860012646694,108.27348578655254,+/-112,65.73747351326405,158.54331847316624,168.2105939898227,173.04423174815093,182.7115072648074,206.8796960564486,221.38060933143333,201.07933074645473,209.77987871144555,144.0424051981815,173.04423174815093,222.347336883099,207.84642360811426,196.24569298812648,194.3122378847952,168.2105939898227,135.3418572331907,127.6080368198655,149.8427705081754,163.37695623149446,178.84459705814484,197.21242053979213,196.24569298812648,197.21242053979213,182.7115072648074,259.0829838463936,258.1162562947279,184.64496236813872,221.38060933143333,218.4804266764364,208.81315115977992,195.27896543646085,205.91296850478295,243.61534301974322,244.58207057140888,233.94806750308675,154.67640826650364,182.7115072648074,181.74477971314178,228.14770219309287,204.94624095311733,196.24569298812648,189.47860012646694,126.64130926819985,147.9093154048441,223.31406443476462,218.4804266764364,184.64496236813872,142.10895009485023,161.44350112816318,186.57841747147,178.84459705814484,175.94441440314787,209.77987871144555,200.11260319478907,208.81315115977992,169.17732154148834,174.0109592998166,102.47312047655866,192.37878278146388,169.17732154148834,199.14587564312342,198.1791480914578,221.38060933143333,228.14770219309287,246.51552567474016,205.91296850478295,243.61534301974322,196.24569298812648,181.74477971314178,162.4102286798288,232.9813399514211,193.34551033312954,189.47860012646694,200.11260319478907,133.40840212985938,220.41388177976768,220.41388177976768,190.4453276781326,212.6800613664425,102.47312047655866
B02013,99000000120,Synthetic Census Tract 99000000120,1.0,Total:,132.79981706509378,84.21451813883996,+/-78,51.82431885467075,110.12667756617533,171.66805620609685,164.1103430397907,157.63230318295686,153.3136099450676,106.88765763775841,151.15426332612302,136.0388369935107,147.9152433977061,148.9949167071784,112.28602418511996,92.85190461461842,133.8794903745661,151.15426332612302,138.19818361245532,128.48112382720456,117.68439073248149,158.71197649242916,140.35753023139995,174.90707613451377,114.44537080406457,188.94282915765376,136.0388369935107,166.2696896587353,144.67622346928917,59.382032020976894,137.11851030298303,111.20635087564764,152.2339366355953,163.03066973031838,113.36569749459225,62.62105194939382,139.27785692192762,93.93157792409073,106.88765763775841,143.59655015981687,114.44537080406457,185.70380922923684,123.08275727984302,145.75589677876147,137.11851030298303,165.190016349263,150.07459001665072,142.51687685034454,139.27785692192762,139.27785692192762,160.87132311137378,115.52504411353688,171.66805620609685,138.19818361245532,124.16243058931533,111.20635087564764,126.32177720825995,126.32177720825995,137.11851030298303,130.64047044614918,123.08275727984302,99.32994447145227,105.80798432828611,129.56079713667685,113.36569749459225,180.3054426818753,138.19818361245532,137.11851030298303,131.72014375562148,97.17059785250765,151.15426332612302,151.15426332612302,128.48112382720456,141.43720354087225,147.9152433977061,85.29419144831228,129.56079713667685,101.48929109039688,128.48112382720456,175.98674944398607,142.51687685034454,160.87132311137378,119.8437373514261,167.34936296820763
B02013,99000000121,Synthetic Census Tract 99000000121,1.0,Total:,313.6469159654109,256.81156877704785,+/-244,155.77095155329133,361.0097052890468,356.7996795713903,345.2221088478349,335.74955098310767,303.1218516712696,232.60392090052287,253.6540494888055,235.76144018876528,266.28412664177506,367.3247438655316,236.8139466181794,388.3748724538142,351.53714742431964,515.728150412924,386.2698595949859,323.11947383013813,349.43213456549137,302.0693452418555,382.0598338773294,403.10996246561206,384.1648467361577,303.1218516712696,232.60392090052287,350.4846409949055,448.36773893041965,297.85931952419895,258.9165816358761,228.39389518286634,357.8521860008044,344.1696024184207,276.8091909359164,318.9094481124816,169.45353513567503,292.5967873771283,348.37962813607726,418.897558906824,432.5801424892077,196.81870230044242,215.76381802989678,350.4846409949055,432.5801424892077,248.39151734173484,285.2292423712294,457.84029679514686,381.0073274479153,364.1672245772892,307.33187738892616,244.18149162407832,255.75906234763374,264.1791137829468,313.6469159654109,297.85931952419895,177.87358657098807,364.1672245772892,350.4846409949055,398.8999367479555,401.0049496067838,207.34376659458374,219.9738437475533,224.18386946520982,370.482263153774,500.9930604011262,262.0741009241185,294.70180023595657,407.31998818326855,265.2316202123609,231.55141447110873,306.279370959512,168.4010287062609,406.26748175385444,255.75906234763374,407.31998818326855,408.3724946126827,390.47988531264247,346.274615277249,223.1313630357957,342.06458955959243,352.58965385373375,296.80681309478484,177.87358657098807
B02013,99000000122,Synthetic Census Tract 99000000122,1.0,Total:,60.10874025546822,72.51213110183468,+/-76,43.88892145637362,60.10874025546822,44.84302844455566,86.8237359245652,28.623209645461056,81.099093995473,62.97106122001432,79.19088001910892,70.6039171254706,103.99766171184184,63.92516820819636,44.84302844455566,27.66910265727902,84.91552194820113,59.15463326728619,44.84302844455566,54.384098326376005,65.83338218456043,38.16427952728141,56.29231230274008,104.95176870002388,42.93481446819158,52.47588435001194,36.25606555091734,69.64981013728857,53.42999133819397,59.15463326728619,28.623209645461056,59.15463326728619,59.15463326728619,23.85267470455088,89.68605688911131,73.46623809001672,75.37445206638078,64.87927519637839,49.61356338546583,56.29231230274008,18.12803277545867,85.86962893638317,53.42999133819397,15.265711810912563,75.37445206638078,52.47588435001194,89.68605688911131,36.25606555091734,75.37445206638078,59.15463326728619,76.32855905456282,40.072493503645475,107.81408966456998,107.81408966456998,17.173925787276634,31.48553061000716,55.33820531455804,59.15463326728619,76.32855905456282,61.06284724365025,103.04355472365981,20.036246751822738,58.200526279104146,63.92516820819636,83.9614149600191,62.01695423183229,31.48553061000716,88.73194990092928,56.29231230274008,62.97106122001432,24.806781692732915,51.521777361829905,37.210172539099375,38.16427952728141,62.01695423183229,94.45659183002148,64.87927519637839,54.384098326376005,53.42999133819397,64.87927519637839,43.88892145637362,73.46623809001672,68.69570314910654,52.47588435001194
B02013,99000000123,Synthetic Census Tract 99000000123,1.0,Total:,36.967859335067615,60.31598102037347,+/-62,35.9950209315132,77.82707228435287,30.157990510186735,33.07650572084997,88.5282947234514,30.157990510186735,47.66908177416613,29.185152106632327,20.42960647464263,41.83205135283967,16.538252860424986,32.10366731729556,15.565414456870574,45.72340496705731,35.02218252795879,12.646899246207342,29.185152106632327,45.72340496705731,15.565414456870574,12.646899246207342,39.886374545730845,70.04436505591758,37.94069773862202,34.04934412440438,79.77274909146169,34.04934412440438,42.804889756394076,14.592576053316163,33.07650572084997,38.91353614217643,11.674060842652931,25.293798492414684,12.646899246207342,50.58759698482937,38.91353614217643,10.701222439098519,31.130828913741148,36.967859335067615,20.42960647464263,15.565414456870574,46.696243370611725,52.533273791938186,22.37528328175145,33.07650572084997,68.09868824880876,30.157990510186735,52.533273791938186,35.9950209315132,27.239475299523505,33.07650572084997,13.619737649761753,35.02218252795879,11.674060842652931,45.72340496705731,35.02218252795879,11.674060842652931,32.10366731729556,49.614758581274955,14.592576053316163,11.674060842652931,47.66908177416613,56.42462740615583,26.266636895969093,51.56043538838377,71.9900418630264,42.804889756394076,62.261657827482296,22.37528328175145,36.967859335067615,44.7505665635029,12.646899246207342,34.04934412440438,11.674060842652931,36.967859335067615,39.886374545730845,10.701222439098519,37.94069773862202,65.18017303814553,14.592576053316163,18.483929667533808,61.28881942392788
B02013,99000000124,Synthetic Census Tract 99000000124,1.0,Total:,71.2537117070231,88.58569563575844,+/-92,53.921727778287746,67.40215972285968,55.84750377036945,110.73211954469805,64.51349573473712,24.072199901021314,68.36504771890054,95.32591160804441,100.14035158824868,86.65991964367673,79.91970367139076,91.474359623881,51.99595178620604,88.58569563575844,33.70107986142984,41.40418382975666,85.69703164763588,44.29284781787922,102.06612758033037,67.40215972285968,85.69703164763588,68.36504771890054,58.73616775849201,127.10121547739254,60.66194375057371,26.960863889143873,60.66194375057371,100.14035158824868,124.21255148926998,64.51349573473712,76.06815168722736,105.9176795644938,51.03306379016519,80.88259166743163,33.70107986142984,39.47840783767496,84.73414365159503,44.29284781787922,98.21457559616697,71.2537117070231,71.2537117070231,77.99392767930907,58.73616775849201,37.552631845593254,74.14237569514565,107.84345555657549,51.99595178620604,48.14439980204263,42.36707182579752,56.810391766410305,78.95681567534992,30.812415873307284,112.65789553677976,93.40013561596271,106.88056756053464,115.54655952490232,101.10323958428953,118.43522351302487,43.329959821838365,77.0310396832682,62.58771974265542,80.88259166743163,59.699055754532864,39.47840783767496,73.1794876991048,106.88056756053464,53.921727778287746,42.36707182579752,43.329959821838365,61.62483174661457,79.91970367139076,29.849527877266432,122.28677549718829,76.06815168722736,93.40013561596271,110.73211954469805,63.55060773869627,136.73009543780108,44.29284781787922,56.810391766410305,76.06815168722736
B02013,99000000125,Synthetic Census Tract 99000000125,1.0,Total:,411.73286973844995,281.31974357695,+/-302,171.4001086694,415.45895905734994,388.444811495325,444.33615127882496,582.2014560781249,653.9286754669499,484.39161145699995,440.61006195992496,346.5263066577,344.66326199825,461.103553213875,560.77644249445,408.00678041954995,436.88397264102497,504.88510271095,428.5002716735,260.826252323,349.320873646875,373.54045421972495,350.2523959766,387.5132891656,376.33502120889995,544.940562889125,471.35029884085,334.41651637127495,472.281821170575,470.418776511125,536.5568619216,430.36331633295,296.22410085254995,342.8002173388,464.829642532775,408.93830274927495,351.183918306325,503.953580381225,430.36331633295,337.21108336044995,310.196935798425,419.18504837625,479.73399980837496,364.22523092247496,496.50140174342494,516.994892997375,360.49914160357497,363.29370859274997,444.33615127882496,558.913397835,444.33615127882496,497.43292407315,254.305596014925,381.92415518725,403.34916877092496,508.61119202985,326.96433773347496,528.173160954075,474.14486583002497,387.5132891656,423.842660024875,314.85454744705,492.77531242452494,318.58063676595,467.62420952195,340.93717267935,380.992632857525,474.14486583002497,409.86982507899995,523.51554930545,507.679669700125,368.88284257109996,295.29257852282495,434.08940565185,650.2025861480499,403.34916877092496,541.214473570225,439.67853963019996,410.80134740872495,258.03168533382495,327.89586006319996,368.88284257109996,394.033945473675,318.58063676595
B02013,99000000126,Synthetic Census Tract 99000000126,1.0,Total:,791.052730006681,421.08917355232256,+/-453,256.55764216432897,707.3926293009216,758.5182463988857,804.0665234497992,758.5182463988857,765.9546997949532,698.0970625558372,791.9822866811895,565.1704581011305,898.8813042496599,886.7970674810502,826.3758836380017,752.9409063518351,874.7128307124406,746.434009630276,796.6300700537317,532.6359744933352,811.5029768458667,853.3330271987464,717.6177527205144,868.2059339908815,664.6330222735335,773.3911531910207,943.5000246260649,770.6024831674954,734.3497728616663,518.6926243757086,1047.61037217101,594.9162716854006,732.4906595126495,958.3729314182,891.4448508535924,674.8581456931263,635.8167653637719,1032.737465378875,913.754211041795,631.1689819912297,952.7955913711494,759.4478030733942,870.9946040144067,889.5857375045755,947.2182513240987,777.1093798890545,682.2945990891938,708.32218597543,551.227107983504,554.0157780070293,1005.7803218181303,870.9946040144067,768.7433698184785,834.7418937085777,998.3438684220628,866.3468206418646,587.479818289333,884.0083974575249,849.6148005007127,767.8138131439702,985.3300749789447,603.2822817559766,864.4877072928477,680.4354857401769,868.2059339908815,713.8995260224807,862.6285939438308,566.100014775639,673.9285890186178,803.1369667752907,669.2808056460756,600.4936117324512,765.0251431204448,780.8276065870882,908.1768709947443,897.0221909006431,897.9517475751514,514.0448410031664,839.3896770811199,857.0512538967802,883.0788407830164,888.6561808300671,697.1675058813288,791.9822866811895
B02013,99000000127,Synthetic Census Tract 99000000127,1.0,Total:,367.4822165242003,308.77203991974227,+/-284,188.09001023280075,330.51654977324523,235.92793191050728,362.04608906082456,492.5131481818424,410.97123623120626,483.8153442404412,322.9059713245192,348.99938314872276,419.6690401726074,316.3826183684683,465.3325108649637,232.66625543248185,145.68821601846994,279.41695161751323,526.217138454772,366.39499103152514,332.6910007585955,280.5041771101884,335.95267723662096,506.6470795866193,474.03031480636486,233.753480925157,382.7033734216524,372.918343987576,447.9369029821613,532.7404914108229,329.4293242805701,362.04608906082456,327.2548732952198,364.22054004617485,369.6566675095506,317.46984386114343,233.753480925157,148.94989249649538,350.0866086413979,567.5317071764276,360.9588635681494,226.14290247643095,406.6223342605056,476.20476579171515,434.8901970700595,292.46365752961503,362.04608906082456,342.4760301926719,451.19857946018675,453.37303044553704,395.7500793337542,362.04608906082456,312.0337163977677,403.3606577824802,371.83111849490086,355.5227361047736,305.51036344171683,202.22394163757767,329.4293242805701,565.3572561910773,329.4293242805701,218.5323240277049,478.3792167770655,433.80297157738437,295.72533400764047,229.40457895445638,327.2548732952198,460.98360889426306,442.50077551878553,449.02412847483646,335.95267723662096,372.918343987576,428.36684411400864,355.5227361047736,391.40117736305353,190.26446121815104,153.298794467196,289.2019810515896,433.80297157738437,310.94649090509256,400.09898130445475,362.04608906082456,284.85307908088896,455.54748143088733
B02013,99000000128,Synthetic Census Tract 99000000128,1.0,Total:,442.4362017330083,278.4977876980097,+/-282,168.87631807219736,501.69105017939336,555.02041378114,509.5916966389114,475.0263683785201,377.2558684419848,333.80231291463576,441.4486209255686,294.2990806170457,556.9955753960194,486.8773380677971,389.1068381312618,321.95134322535876,493.79040371987537,407.87087347261706,417.7466815470146,359.47941390806926,456.26233303716486,530.3308935951461,368.367641175027,440.46104011812884,434.53555527349033,393.0571613610208,567.8589642778567,385.1565149015028,442.4362017330083,507.61653502403186,537.2439592472244,390.09441893870155,238.99455540041967,440.46104011812884,416.7591007395748,389.1068381312618,336.765055336955,642.9151056432777,523.4178279430679,339.72779775927427,550.0825097439412,432.56039365861085,629.0889743391213,539.2191208621039,407.87087347261706,462.18781788180337,339.72779775927427,492.8028229124356,424.6597471990928,393.0571613610208,328.864408877437,471.0760451487611,507.61653502403186,417.7466815470146,409.84603508749655,532.3060552100256,556.0079945885797,458.23749465204435,458.23749465204435,506.62895421659215,380.218610864304,485.8897572603574,403.92055024285804,421.69700477677355,380.218610864304,413.79635831725557,425.6473280065326,556.9955753960194,455.2747522297251,474.0387875710804,593.5360652712902,665.629464214392,292.32391900216624,369.3552219824668,445.39894415532757,463.1753986892431,453.2995906148456,472.06362595620084,550.0825097439412,482.92701483803813,299.23698465424445,384.16893409406305,374.2931260196655,561.9334794332182
B02013,99000000129,Synthetic Census Tract 99000000129,1.0,Total:,502.98194174607323,401.4088894323031,+/-411,244.1659911388705,696.3614067280587,581.1150589105118,296.90584522486654,360.38900292097287,617.2516255990646,555.7217958320692,329.1357560551974,688.5480950116148,488.331982277741,466.8453750575204,548.8851480801809,630.9249211028414,596.7416823433995,435.59212819174496,405.31554529052505,811.6077545456055,473.68202280940875,569.395091335846,701.244726550836,560.6051156548467,612.3683057762872,626.0416012800639,545.9551561865144,406.2922092550805,583.0683868396228,544.978492221959,437.54545612085593,470.7520309157423,628.9715931737304,323.2757722678645,354.52901913363996,388.7122578930818,326.20576416153096,430.70880836896754,393.59557771585924,460.008727305632,376.99229031841605,687.5714310470594,518.6085651789609,611.3916418117317,397.5022335740812,513.7252453561836,531.3051967181822,832.1176978012707,605.5316580243988,398.47889753863666,654.3648562521729,306.67248487042133,533.2585246472931,608.4616499180653,547.9084841156254,522.5152210371829,584.0450508041782,635.8082409256187,686.5947670825038,421.91883268796823,480.51867056129714,479.54200659674166,337.9257317361968,497.1219579587403,467.8220390220759,356.48234706275093,576.2317390877344,472.70535884485327,298.8591731539775,577.2084030522899,513.7252453561836,450.2420876600772,327.18242812608645,663.1548319331723,644.5982166066182,501.02861381696226,634.8315769610633,327.18242812608645,419.96550475885726,425.8254885461902,631.9015850673968,356.48234706275093,462.9387191992985,435.59212819174496
B02013,99000000130,Synthetic Census Tract 99000000130,1.0,Total:,6.275622850412854,14.64311998429666,+/-14,8.367497133883806,7.32155999214833,1.0459371417354757,0.0,5.229685708677378,8.367497133883806,4.183748566941903,9.41343427561928,4.183748566941903,11.505308559090233,5.229685708677378,8.367497133883806,9.41343427561928,12.551245700825708,5.229685708677378,7.32155999214833,3.137811425206427,8.367497133883806,6.275622850412854,9.41343427561928,9.41343427561928,9.41343427561928,2.0918742834709514,15.689057126032136,9.41343427561928,5.229685708677378,9.41343427561928,2.0918742834709514,5.229685708677378,5.229685708677378,9.41343427561928,4.183748566941903,5.229685708677378,0.0,2.0918742834709514,11.505308559090233,8.367497133883806,3.137811425206427,3.137811425206427,7.32155999214833,10.459371417354756,9.41343427561928,0.0,9.41343427561928,13.597182842561184,5.229685708677378,7.32155999214833,1.0459371417354757,25.102491401651417,3.137811425206427,5.229685708677378,3.137811425206427,5.229685708677378,7.32155999214833,9.41343427561928,6.275622850412854,12.551245700825708,3.137811425206427,7.32155999214833,7.32155999214833,4.183748566941903,5.229685708677378,17.780931409503086,4.183748566941903,5.229685708677378,5.229685708677378,5.229685708677378,7.32155999214833,0.0,6.275622850412854,5.229685708677378,8.367497133883806,8.367497133883806,1.0459371417354757,11.505308559090233,3.137811425206427,3.137811425206427,2.0918742834709514,9.41343427561928,5.229685708677378,1.0459371417354757
B02013,99000000131,Synthetic Census Tract 99000000131,1.0,Total:,860.0194197060435,457.80117171191273,+/-453,278.9252172019601,769.0655445314914,824.6484682492733,874.1678002887517,824.6484682492733,832.7332571536779,758.9595584009855,861.0300183190941,614.4439567347526,977.2488588199109,964.1110768502533,898.4221670019656,818.5848765709698,950.9732948805957,811.5106862796157,866.0830113843471,579.0730052779824,882.2525891931563,927.7295267804324,780.1821292750477,943.8991045892417,722.5780083311647,840.8180460580825,1025.7575922463386,837.7862502189308,798.3729043099581,563.9140260822236,1138.9446369080035,646.7831123523712,796.351707083857,1041.927170055148,969.1640699155062,733.6945930747211,691.2494513265967,1122.7750590991943,993.4184366287201,686.1964582613438,1035.8635783768445,825.6590668623238,946.9309004283934,967.1428726894051,1029.799986698541,844.8604405102849,741.7793819791257,770.0761431445419,599.2849775389939,602.3167733781456,1093.4676993207274,946.9309004283934,835.7650529928296,907.5175545194209,1085.3829104163228,941.8779073631405,638.6983234479666,961.0792810111016,923.6871323282301,834.7544543797791,1071.2345298336147,655.8784998698264,939.8567101370394,739.7581847530246,943.8991045892417,776.1397348228454,937.8355129109382,615.4545553478032,732.6839944616705,873.1572016757011,727.6310013964176,652.8467040306747,831.7226585406273,848.9028349624872,987.3548449504166,975.2276615938097,976.2382602068602,558.8610330169707,912.5705475846737,931.7719212326348,960.068682398051,966.1322740763544,757.948959787935,861.0300183190941
B02013,99000000132,Synthetic Census Tract 99000000132,1.0,Total:,218.5328274709062,176.1309355735662,+/-162,107.63557173940157,215.27114347880314,127.20567569202004,181.56707556040467,213.09668748406776,182.65430355777235,150.0374636367416,197.87549552092005,216.35837147617082,178.3053915683016,271.80699934192313,119.59507971044619,159.82251561305083,273.98145533665854,187.00321554724312,250.0624393945693,190.2648995393462,198.96272351828776,368.5702911076478,292.46433129190933,221.7945114630093,135.90349967096157,293.551559289277,248.9752113972016,165.25865559988927,147.86300764200618,220.7072834656416,188.09044354461082,337.0406791839847,320.7322592234693,235.92847542878928,251.149667391937,312.0344352445278,282.67927931560007,191.3521275367139,253.32412338667237,255.49857938140775,233.7540194340539,248.9752113972016,216.35837147617082,237.015703426157,181.56707556040467,278.3303673261293,222.881739460377,222.881739460377,176.1309355735662,317.47057523136624,282.67927931560007,291.3771032945416,275.0686833340262,243.53907141036314,180.47984756303697,303.3366112655862,221.7945114630093,254.41135138404007,266.3708593550847,227.23065144984776,126.11844769465235,218.5328274709062,173.95647957883082,134.8162716735939,181.56707556040467,175.0437075761985,271.80699934192313,182.65430355777235,201.13717951302314,159.82251561305083,204.3988635051262,284.8537353103355,207.6605474972293,161.9969716077862,250.0624393945693,217.44559947353852,196.78826752355235,192.43935553408159,233.7540194340539,131.5545876814908,265.283631357717,285.94096330770316,234.8412474314216,252.2368953893047
B02013,99000000133,Synthetic Census Tract 99000000133,1.0,Total:,120.39087406113416,92.93330629280531,+/-88,57.027256134221446,156.29692421971802,88.7090650976778,139.39995943920798,159.46510511606365,119.33481376235228,109.83027107331537,118.2787534635704,134.11965794529857,153.1287433233724,88.7090650976778,118.2787534635704,110.88633137209725,91.87724599402344,78.14846210985901,119.33481376235228,138.3438991404261,145.73632123189924,85.54088420133216,144.68026093311735,105.60602987818785,132.00753734773483,129.89541675017105,86.59694450011405,68.6439194208221,93.9893665915872,121.44693435991604,182.698431689265,112.998451969661,79.2045224086409,170.02570810388244,95.04542689036907,116.16663286600664,163.68934631119117,153.1287433233724,128.8393564513892,101.38178868306034,92.93330629280531,164.74540660997306,119.33481376235228,114.05451226844289,107.71815047575161,123.55905495747979,101.38178868306034,149.96056242702676,172.1378287014462,146.79238153068113,153.1287433233724,119.33481376235228,112.998451969661,109.83027107331537,129.89541675017105,98.2136077867147,85.54088420133216,84.48482390255029,89.76512539645968,109.83027107331537,138.3438991404261,105.60602987818785,139.39995943920798,138.3438991404261,159.46510511606365,112.998451969661,118.2787534635704,84.48482390255029,68.6439194208221,104.54996957940598,108.77421077453349,82.37270330498653,99.26966808549659,137.2878388416442,81.31664300620464,105.60602987818785,189.03479348195626,156.29692421971802,164.74540660997306,147.848441829463,102.43784898184222,161.57722571362743,116.16663286600664,122.50299465869792
B02013,99000000134,Synthetic Census Tract 99000000134,1.0,Total:,402.3330607812629,266.8942086370754,+/-268,162.32744779046,412.29179990951195,361.50223035544167,381.4197086119398,515.8626868433024,593.5408520436453,368.473347745216,433.20515207883506,459.0978738122826,341.5847520989435,186.22842169825782,396.3578173043134,433.20515207883506,485.9864694585552,272.8694521140248,343.5764999245933,399.34543904278814,290.79518254487317,466.068991202057,501.9204520637537,336.60538253481894,337.60125644764383,315.6920303654959,304.73741732442187,406.3165564325625,411.29592599668706,483.99472163290534,432.2092781660101,469.05661294053175,480.0112259816057,428.2257825147105,399.34543904278814,236.0221173395032,422.25053903776103,496.94108249962915,351.5434912271926,417.2711694736365,377.43621296064015,505.90394771505333,371.46096948369075,433.20515207883506,269.8818303755501,244.9849825549274,395.3619433914885,429.2216564275354,356.5228607913171,437.1886477301347,349.55174340154275,466.068991202057,475.03185641748115,442.1680172942592,441.1721433814343,310.7126608013713,453.1226303353332,389.38669991453907,384.40733035041455,521.8379303202519,415.2794216479867,471.04836076618153,286.81168689357355,591.5491042179954,379.42796078629,416.27529556081157,538.7677868382752,389.38669991453907,317.6837781911457,344.5723738374182,400.34131295561303,357.518734704142,320.6713999296204,345.56824775024313,544.7430303152247,595.532599869295,431.2134042531852,327.64251731939476,338.5971303604688,414.2835477351618,312.70440862702117,353.53523905284237,413.28767382233684,462.08549555075734
B02013,99000000135,Synthetic Census Tract 99000000135,1.0,Total:,1950.5437893923306,880.6705209106373,+/-903,535.4242701881948,2014.9117344422775,1644.3084144577347,2096.8345735967555,2107.562564438413,2137.7959931739942,1846.1896966598408,1607.2480824592803,1743.7861477167435,2208.015569592118,2118.2905552800707,1970.0492272862539,2325.048196955658,2360.15798516472,1537.0285060411566,1843.2638809757523,1559.4597596191682,1819.8573555030443,2050.9967945460357,1808.1540927666904,2186.5595879088023,2143.6476245421713,1494.1165426745251,1616.0255295115458,1742.8108758220474,1753.5388666637052,1921.2856325514456,2393.3172295843897,1986.6288494960886,1461.9325701495518,1897.8791070787377,1917.384544972661,1814.9809960295636,2560.088723577434,2071.477504334655,2389.416142005605,1885.2005724476874,1896.9038351840413,2095.859301702059,1830.5853463447022,1569.21247856613,1754.5141385584013,2126.09273043764,2293.839496325381,1914.4587292885724,1769.1432169788438,1987.6041213907847,1899.8296508681299,2192.4112192769794,2048.070978861947,2011.0106468634929,1928.1125358143188,2150.4745278050445,1745.736691506136,1867.6456783431565,1779.8712078205017,1796.4508300303364,2057.8236978089085,1937.8652547612803,2030.5160847574161,2249.9522610640533,1774.0195764523246,2193.3864911716755,1908.6070979203955,1413.1689754147435,1031.8376645885428,1947.617973708242,2251.9028048534456,1864.719862659068,1762.3163137159706,1944.6921580241535,1908.6070979203955,1583.8415569865724,2004.1837436006197,2598.1243274705844,2177.782140856537,2201.188666329245,1720.3796222440355,1852.041328028018,2149.4992559103484,1506.7950773055754
B02013,99000000136,Synthetic Census Tract 99000000136,1.0,Total:,2741.121119844192,1442.9840963150968,"+/-1,315",876.7637208789068,2289.0226805424277,3413.782147251914,3388.543642145262,2147.46758668338,2092.6012712341367,2510.6825949573704,2028.9563453130147,2850.853750742678,3307.341495280382,3661.7778930824934,2118.9371026497734,2923.277287135679,2822.323266709072,2940.834508079437,2643.4590783445387,2768.554277568813,2265.9788280537455,3136.158591078743,2697.228067484797,2099.185229088046,2636.87512049063,2791.5981300574954,2922.1799608266942,2832.1992034899354,2668.697583451191,2665.405604524236,2816.8366351641475,2794.8901089844503,2090.406618616167,2911.206697736846,1752.4301154488287,2679.6708465410393,3597.035640852386,2701.6173727207365,3300.757537426473,2379.0034378791865,2640.1670994175843,3208.582127471744,3063.735054685742,3256.864485067078,1795.2258414992384,3602.5222723973106,3313.9254531342913,2259.394870199836,2888.1628452481636,2290.1200068514127,2088.2119659981972,3098.8494965732575,2775.1382354227226,3432.4366945046563,2679.6708465410393,2890.3574978661336,2501.9039844854915,3239.3072641233202,2622.6098784738265,2984.727560438832,2056.389503037636,2781.722193276632,2893.649476793088,2385.5873957330955,2442.6483638003087,2383.392743115126,2711.4933095016004,3065.929707303712,2890.3574978661336,2364.7381958623832,2747.705077698101,3281.005663864745,1883.0119462180276,2554.575647316765,2171.608765481047,2888.1628452481636,3311.7308005163213,2835.4911824168903,3243.6965693592597,2797.08476160242,2545.797036844886,2795.987435293435,3206.387474853774,2851.951077051663
B02013,99000000137,Synthetic Census Tract 99000000137,1.0,Total:,1081.1199208999549,489.4259101371418,+/-469,297.4123334522077,1061.2924320031411,1409.8388157681845,1352.4434531721445,1112.4264823159767,938.1532904334551,1328.4417560865277,893.2805524038238,1357.6612134081481,1097.8167536551666,1130.166867118389,1156.2556682984075,1218.8687911304512,1051.9004635783344,1217.8252390832504,943.3710506694588,1192.779989950433,1117.6442425519804,1113.4700343631775,829.6238775245793,1033.1165267287215,1169.8218449120168,1040.4213910591266,898.4983126398274,1021.6374542095134,1306.5271630953123,1071.7279524751484,1011.2019337375061,989.2873407462909,856.7562307517983,943.3710506694588,1141.6459396375972,840.0593979965867,1004.9406214543018,992.417996887893,1103.0345138911703,974.6776120854806,977.8082682270827,1116.6006905047798,1119.7313466463818,799.3608681557582,1022.6810062567141,834.8416377605829,787.8817956365501,1082.1634729471557,969.459851849477,836.9287418549844,1323.223995850524,953.8065711414661,1409.8388157681845,1123.9055548351848,1146.8636998736008,1101.9909618439694,1038.3342869647252,1076.945712711152,1314.8755794729182,1145.8201478264002,890.1498962622215,1059.2053279087397,1344.0950367945386,1219.9123431776518,965.285643660674,999.7228612182981,1187.5622297144293,991.3744448406923,1026.855214445517,1136.4281794015935,1123.9055548351848,930.84842610305,1295.0480905761044,1077.9892647583526,1099.903857749568,1003.897069407101,1021.6374542095134,1218.8687911304512,1209.4768227056445,1257.480216876878,1039.3778390119257,1116.6006905047798,1023.7245583039148,1386.8806707297683
B02013,99000000138,Synthetic Census Tract 99000000138,1.0,Total:,104.66293747207376,85.03863669605994,+/-78,51.24122980403612,109.02389320007684,102.48245960807223,126.46771611208914,129.73843290809143,135.1896275680953,163.53583980011527,71.95576951205071,69.77529164804918,131.91891077209297,131.91891077209297,98.12150388006916,145.0017779561022,104.66293747207376,109.02389320007684,75.22648630805301,39.248601552027665,94.85078708406685,88.30935349206224,117.74580465608298,82.8581588320584,102.48245960807223,148.2724947521045,113.38484892807992,113.38484892807992,113.38484892807992,87.21911456006147,104.66293747207376,119.92628252008453,88.30935349206224,103.57269854007299,138.46034436409758,104.66293747207376,73.04600844405148,106.8434153360753,88.30935349206224,90.48983135606377,88.30935349206224,92.6703092200653,88.30935349206224,165.7163176641168,109.02389320007684,81.76791990005763,86.1288756280607,83.94839776405917,73.04600844405148,113.38484892807992,81.76791990005763,86.1288756280607,121.01652145208529,97.03126494806838,99.21174281206993,101.39222067607146,126.46771611208914,110.1141321320776,119.92628252008453,126.46771611208914,112.29460999607915,129.73843290809143,93.76054815206608,141.7310611600999,97.03126494806838,143.91153902410142,79.58744203605609,74.13624737605225,44.6997962120315,65.4143359200461,134.09938863609452,122.10676038408606,71.95576951205071,111.20437106407837,116.65556572408222,49.06075194003458,78.49720310405533,109.02389320007684,101.39222067607146,153.72368941210834,124.28723824808759,129.73843290809143,114.47508786008068,68.6850527160484
B02013,99000000139,Synthetic Census Tract 99000000139,1.0,Total:,291.887846080117,157.95196734082282,+/-171,96.06435440611446,335.3015447059572,196.74718738944597,314.0565432507588,237.38979886895595,404.57872336421286,200.4419702512196,235.54240743806912,336.22524042140066,264.1769746168148,266.948061763145,272.49023605580544,251.24523460060706,267.8717574785884,281.72719321023953,375.0204604700238,233.69501600718232,275.26132320213566,248.47414745427685,320.5224132588627,303.8958903808813,259.55849603959774,305.74328181176816,303.8958903808813,311.2854561044286,269.7191489094752,302.04849894999455,258.63480032415436,407.3498105105431,365.7835033155897,338.9963275677309,237.38979886895595,305.74328181176816,310.3617603889852,253.0926260314939,316.8276303970891,317.75132611253247,226.30545028363505,245.70306030794663,219.83958027553118,295.5826289418907,328.8356746978534,318.67502182797585,278.03241034846593,276.1850189175791,301.1248032345511,248.47414745427685,277.1087146330225,299.2774118036643,366.7071990310331,254.01632174693728,300.2011075191077,342.6911104295045,343.6148061449479,272.49023605580544,370.40198189280676,269.7191489094752,222.61066742186142,252.16893031605048,195.82349167400255,314.0565432507588,372.24937332369353,281.72719321023953,283.57458464112636,270.64284462491867,293.73523751100385,183.81544737323827,272.49023605580544,274.33762748669227,276.1850189175791,277.1087146330225,346.38589329127814,242.93197316161638,260.48219175504113,257.7111046087109,315.90393468164564,211.5263188365405,307.590673242655,344.5385018603913,280.80349749479615,364.85980760014627
B02013,99000000140,Synthetic Census Tract 99000000140,1.0,Total:,318.89180727977066,261.1060435445102,+/-244,158.37579690404718,367.0466103924877,362.7661834491351,350.9950093549154,341.36404873237194,308.1907399213891,236.49358862023263,257.89572333699573,239.70390882774709,270.7370041670536,373.4672508075167,240.77401556358524,394.8693855242798,357.4156497699443,524.3523005606968,392.7291720526035,328.52276790231406,355.275436298268,307.12063318555096,388.44874510925086,409.85087982601397,390.58895858092717,308.1907399213891,236.49358862023263,356.3455430341062,455.8654694670547,302.84020624219835,263.2462570161865,232.21316167688,363.8362901849733,349.9249026190772,281.4380715254352,324.24234095896145,172.2871844699432,297.48967256300756,354.2053295624298,425.90248086358633,439.8138684294824,200.10995960173528,219.3718808468221,356.3455430341062,439.8138684294824,252.54518965780497,289.99892541214047,465.4964300895981,387.3786383734127,370.2569306000022,312.47116686474175,248.26476271445233,260.03593680867203,268.5967906953773,318.89180727977066,302.84020624219835,180.84803835664846,370.2569306000022,356.3455430341062,405.57045288266136,407.71066635433766,210.81102696011686,223.65230779017475,227.93273473352735,376.67757101503116,509.37080625896255,266.456577223701,299.62988603468386,414.13130676936663,269.6668974312155,235.42348188439445,311.40106012890357,171.21707773410506,413.06120003352845,260.03593680867203,414.13130676936663,415.20141350520475,397.0095989959561,352.0651160907535,226.8626279976892,347.7846891474009,358.4857565057825,301.77009950636017,180.84803835664846
B02013,99000000141,Synthetic Census Tract 99000000141,1.0,Total:,200.3458814756571,170.5508529485081,+/-166,103.7688924566224,272.264915851534,199.31846669885886,158.2218756269292,142.81065397495558,171.57826772530635,335.964632013025,205.48295535964832,209.59261446684127,134.59133576056965,245.55213165477974,135.61875053736787,251.71662031556917,191.09914848447292,116.0978697782013,211.64744402043777,195.2088075916659,214.72968835083248,214.72968835083248,191.09914848447292,160.27670518052568,156.16704607333273,161.30411995732393,154.11221651973622,140.75582442135908,153.084801742938,246.57954643157797,179.79758593969228,254.7988646459639,159.24929040372743,141.78323919815733,296.92287049469184,263.01818286034984,230.1409100028061,245.55213165477974,221.9215917884202,281.51164884271816,169.52343817170987,150.00255741254327,281.51164884271816,165.4137790645169,254.7988646459639,182.87983027008698,314.3889217002619,212.674858797236,208.56519969004304,191.09914848447292,206.51037013644654,96.57698901903471,329.8001433522355,196.23622236846413,147.9477278589468,131.50909143017492,233.22315433320082,174.66051205570108,216.78451790442898,123.28977321578898,192.12656326127117,195.2088075916659,199.31846669885886,238.36022821719203,102.74147767982416,228.08608044920962,164.38636428771866,176.71534160929755,307.19701826267425,148.97514263574502,223.97642134201666,238.36022821719203,161.30411995732393,228.08608044920962,173.63309727890282,200.3458814756571,157.19446085013095,252.74403509236743,175.6879268324993,148.97514263574502,226.03125089561314,252.74403509236743,154.11221651973622,164.38636428771866
B02013,99000000142,Synthetic Census Tract 99000000142,1.0,Total:,25.882761398676628,29.58029874134472,+/-32,17.563302377673427,20.336455384674494,43.44606377635006,36.050989091013875,19.412071049007473,26.807145734343653,27.731530070010674,43.44606377635006,22.18522405600854,28.6559144056777,35.126604755346854,9.243843356670226,24.033992727342586,14.79014937067236,24.958377063009607,39.74852643368197,9.243843356670226,24.958377063009607,33.27783608401281,28.6559144056777,41.59729510501601,30.50468307701174,39.74852643368197,26.807145734343653,24.033992727342586,38.824142098014946,33.27783608401281,44.37044811201708,15.714533706339383,39.74852643368197,30.50468307701174,16.638918042006406,12.016996363671293,8.319459021003203,17.563302377673427,32.35345174834579,16.638918042006406,31.429067412678766,27.731530070010674,20.336455384674494,29.58029874134472,27.731530070010674,36.9753734266809,36.050989091013875,29.58029874134472,28.6559144056777,27.731530070010674,34.20222041967983,20.336455384674494,38.824142098014946,29.58029874134472,17.563302377673427,16.638918042006406,14.79014937067236,27.731530070010674,38.824142098014946,14.79014937067236,26.807145734343653,24.958377063009607,24.958377063009607,25.882761398676628,27.731530070010674,36.050989091013875,34.20222041967983,33.27783608401281,25.882761398676628,29.58029874134472,37.899757762347924,16.638918042006406,34.20222041967983,32.35345174834579,15.714533706339383,20.336455384674494,15.714533706339383,26.807145734343653,40.67291076934899,16.638918042006406,27.731530070010674,27.731530070010674,28.6559144056777,27.731530070010674
B02013,99000000143,Synthetic Census Tract 99000000143,1.0,Total:,0.0,14.24712239991382,+/-14,9.158864399944598,0.0,0.0,0.0,0.0,0.0,0.0,0.0,0.0,0.0,0.0,0.0,0.0,0.0,0.0,0.0,0.0,0.0,0.0,0.0,0.0,0.0,0.0,0.0,0.0,0.0,0.0,0.0,0.0,0.0,0.0,0.0,0.0,0.0,0.0,0.0,0.0,0.0,0.0,0.0,0.0,0.0,0.0,0.0,0.0,0.0,0.0,0.0,0.0,0.0,0.0,0.0,0.0,0.0,0.0,0.0,0.0,0.0,0.0,0.0,0.0,0.0,0.0,0.0,0.0,0.0,0.0,0.0,0.0,0.0,0.0,0.0,0.0,0.0,0.0,0.0,0.0,0.0,0.0,0.0,0.0
B02013,99000000144,Synthetic Census Tract 99000000144,1.0,Total:,485.41861977387003,379.6222539257189,+/-366,231.29989788370304,718.7929562036153,329.83572882070655,406.5899550242672,619.2199059935906,447.0415066720897,697.0113514701724,503.0513474152286,573.5822579806627,402.44107793218285,546.6145568821144,692.862474378088,503.0513474152286,446.00428739906863,285.23530008079973,451.1903837641741,654.4853612763077,657.5970190953709,422.1482441195836,371.32449974155014,490.6047161389755,596.4010819871266,346.431237189044,206.40663533119687,482.30696195480675,491.6419354119966,575.6566965267049,455.3392608562584,490.6047161389755,545.5773376090932,550.7634339741987,569.4333808885783,456.3764801292795,421.1110248465625,356.8034299192549,261.3792568013146,603.6616168982742,624.4060023586961,422.1482441195836,568.3961616155573,521.7212943296082,436.66931394187884,549.7262147011776,627.5176601777594,534.1679256058612,468.8231114055326,391.0316659289509,500.9769088691864,504.08856668824967,446.00428739906863,504.08856668824967,427.334340484689,451.1903837641741,448.0787259451108,642.0387300000547,689.7508165590248,297.6819313570528,325.68685172862223,680.415843101835,474.00920777063806,456.3764801292795,379.6222539257189,637.8898529079703,520.6840750565871,581.8800121648314,541.428460517009,339.1707022778964,448.0787259451108,446.00428739906863,566.3217230695151,533.1307063328402,272.7886688045466,522.7585136026293,440.81819103396316,655.5225805493288,571.5078194346205,311.16578190632697,318.42631681747457,688.7135972860036,574.6194772536837,506.16300523429186
B02013,99000000145,Synthetic Census Tract 99000000145,1.0,Total:,0.0,12.634447520488088,+/-14,8.122144834599485,0.0,0.0,0.0,0.0,0.0,0.0,0.0,0.0,0.0,0.0,0.0,0.0,0.0,0.0,0.0,0.0,0.0,0.0,0.0,0.0,0.0,0.0,0.0,0.0,0.0,0.0,0.0,0.0,0.0,0.0,0.0,0.0,0.0,0.0,0.0,0.0,0.0,0.0,0.0,0.0,0.0,0.0,0.0,0.0,0.0,0.0,0.0,0.0,0.0,0.0,0.0,0.0,0.0,0.0,0.0,0.0,0.0,0.0,0.0,0.0,0.0,0.0,0.0,0.0,0.0,0.0,0.0,0.0,0.0,0.0,0.0,0.0,0.0,0.0,0.0,0.0,0.0,0.0,0.0,0.0
B02013,99000000146,Synthetic Census Tract 99000000146,1.0,Total:,437.96170782681037,299.24080489524147,+/-302,182.31890099577626,441.9251621962838,413.19011801760166,472.64193355970264,619.2897452302183,695.5862418425812,515.2490680315417,468.6784791902292,368.60125636102595,366.61952917628923,490.47747822233293,596.4998826057463,433.998253457337,464.71502482075584,537.0480670636454,455.79725248944067,277.4418058631378,371.573847138131,397.3363005397081,372.5647107304993,412.19925442523333,400.3088913168131,579.6552015354844,501.37697773838477,355.7200296602374,502.3678413307531,500.3861141460164,570.7374292041692,457.7789796741774,315.09462237313505,364.6378019915525,494.4409325918063,434.9891170497053,373.5555743228677,536.0572034712769,457.7789796741774,358.69262043734244,329.9575762586603,445.8886165657572,510.2947500696999,387.4276646160246,528.1302947323302,549.9292937644339,383.4642102465512,386.43680102365624,472.64193355970264,594.5181554210096,472.64193355970264,529.1211583246985,270.50576071655934,406.2540728710232,429.04393549549525,541.0115214331187,347.7931209212906,561.819656872854,504.3495685154898,412.19925442523333,450.8429345275989,334.91189422050206,524.1668403628568,338.8753485899755,497.41352336891134,362.65607480681587,405.26320927865487,504.3495685154898,435.9799806420737,556.8653389110123,540.0206578407503,392.3819825778663,314.1037587807667,461.7424340436508,691.6227874731078,429.04393549549525,575.6917471660109,467.6876155978609,436.97084423444204,274.46921508603276,348.78398451365894,392.3819825778663,419.13529957181174,338.8753485899755
B02013,99000000147,Synthetic Census Tract 99000000147,1.0,Total:,172.54294416276082,90.53179169033747,+/-85,55.384154916441744,182.1286632829142,148.04610641125774,152.3064260202148,209.82074074113507,121.41910885527614,115.02862944184055,215.14614025233138,166.15246474932522,184.25882308739273,230.0572588836811,182.1286632829142,181.06358338067494,173.60802406500008,172.54294416276082,186.38898289187125,177.86834367395713,148.04610641125774,143.7857868023007,186.38898289187125,194.90962210978537,168.28262455380377,193.8445422075461,195.97470201202464,161.89214514036817,198.10486181650316,145.91594660677922,177.86834367395713,182.1286632829142,146.98102650901848,220.47153976352772,192.77946230530685,183.19374318515347,170.4127843582823,138.46038729110435,176.80326377171787,146.98102650901848,189.58422259858904,158.6969054336504,108.63815002840497,190.6493025008283,169.34770445604303,164.0223049448467,133.13498777990804,139.52546719334362,216.21122015457064,221.53661966576698,162.95722504260743,166.15246474932522,191.71438240306756,202.3651814254602,165.08738484708596,178.9334235761964,191.71438240306756,160.8270652381289,148.04610641125774,165.08738484708596,217.27630005680993,170.4127843582823,188.51914269634977,175.7381838694786,176.80326377171787,133.13498777990804,151.24134611797552,176.80326377171787,154.4365858246933,131.00482797542952,176.80326377171787,174.67310396723934,256.6842564396627,172.54294416276082,152.3064260202148,179.99850347843568,153.37150592245405,203.43026132769947,194.90962210978537,153.37150592245405,110.76830983288349,150.17626621573626,207.69058093665654,168.28262455380377
B02013,99000000148,Synthetic Census Tract 99000000148,1.0,Total:,73.84852899029899,70.97131357509254,+/-74,43.15823122809681,96.86625231195062,52.74894927878499,68.09409815988609,65.21688274467962,119.88397563360226,120.84304743867108,43.15823122809681,59.46245191426672,99.74346772715708,58.5033801091979,23.017723321651633,70.01224177002372,104.53882675250117,82.48017523591835,75.76667260043662,57.54430830412908,70.97131357509254,90.1527496764689,82.48017523591835,87.27553426126245,75.76667260043662,91.11182148153772,70.97131357509254,70.01224177002372,24.93586693178927,54.66709288892263,110.29325758291408,77.68481621057427,41.240087617959176,73.84852899029899,99.74346772715708,74.8076007953678,86.31646245619362,87.27553426126245,74.8076007953678,80.56203162578072,107.41604216770762,64.2578109396108,54.66709288892263,79.6029598207119,56.585236499060265,52.74894927878499,80.56203162578072,87.27553426126245,102.62068314236353,75.76667260043662,60.42152371933554,36.444728592615085,116.04768841332698,86.31646245619362,66.17595454974844,106.4569703626388,98.78439592208827,65.21688274467962,75.76667260043662,44.11730303316563,86.31646245619362,64.2578109396108,64.2578109396108,59.46245191426672,75.76667260043662,87.27553426126245,61.380595524404356,77.68481621057427,67.13502635481727,57.54430830412908,101.66161133729472,116.04768841332698,69.0531699649549,69.0531699649549,94.94810870181298,35.48565678754627,30.690297762202178,70.01224177002372,72.88945718523017,96.86625231195062,66.17595454974844,71.93038538016135,108.37511397277645,79.6029598207119
B02013,99000000149,Synthetic Census Tract 99000000149,1.0,Total:,1265.4214704749904,436.35223119827253,+/-440,265.77817718440235,1070.0546760521274,1371.5343994254795,1364.5924321109615,1395.3354302181124,1170.2173473044581,1189.0598300152926,1312.0318224438968,983.7759394288327,1425.0867187089038,1172.2007665371775,1047.2453548758542,1355.667045563724,1157.325122291782,1245.5872781477963,1076.9966433666455,1302.1147262802997,1238.6453108332782,1254.5126646950337,1470.7053610614505,1432.0286860234216,1220.7945377388035,1328.8908859220119,1423.1032994761842,1178.1510242353359,1227.7365050533215,1153.358283826343,1243.6038589150767,972.8671336488759,1303.1064358966594,1214.8442800406451,1101.7893837756383,1434.0121052561412,1258.4795031604724,1182.1178627007748,944.1075547744442,1423.1032994761842,1396.327139834472,1236.6618916005589,1574.83487077922,1408.2276552307887,1281.2888243367458,1344.7582397837673,1256.496083927753,1424.095009092544,1279.3054051040262,1083.9386106811635,1274.3468570222278,1076.9966433666455,1317.982080142055,1224.7613762042422,1128.5655434173505,1200.9603454116093,1310.0484032111774,1145.4246068954653,1135.5075107318683,1369.5509801927599,1216.8276992733645,1354.6753359473644,1320.9572089911342,1377.4846571236376,1392.3603013690333,1319.9654993747745,1280.297114720386,1256.496083927753,1248.5624069968753,972.8671336488759,1267.4048897077098,1005.5935509887463,1212.8608608079257,1233.6867627514796,1203.9354742606884,1280.297114720386,1404.2608167653498,1081.9551914484439,1046.2536452594943,1427.0701379416232,1196.0017973298106,1340.7914013183283,1435.9955244888606,1392.3603013690333
B02013,99000000150,Synthetic Census Tract 99000000150,1.0,Total:,141.35018403414176,89.95011711263565,+/-91,55.353918223160406,162.1079033678269,117.62707622421586,174.95792009820343,136.40786990707386,92.9155055888764,140.36172120872817,159.14251489158616,121.58092752587018,134.4309442562467,149.25788663745038,171.99253162196268,149.25788663745038,177.92330857444415,129.4886301291788,124.54631600211091,171.00406879654912,171.99253162196268,142.33864685955533,129.4886301291788,150.24634946286395,111.69629927173439,147.28096098662323,144.31557251038248,132.45401860541955,133.4424814308331,174.95792009820343,197.69256508271573,126.52324165293807,110.70783644632081,139.37325838331458,171.99253162196268,165.07329184406763,166.06175466948122,139.37325838331458,113.67322492256154,137.39633273248742,146.29249816120964,124.54631600211091,142.33864685955533,162.1079033678269,148.2694238120368,129.4886301291788,137.39633273248742,192.75025095564783,103.78859666842575,93.90396841428998,106.7539851446665,181.87715987609846,219.43874724181447,145.30403533579607,120.5924647004566,134.4309442562467,125.53477882752449,171.00406879654912,147.28096098662323,149.25788663745038,118.61553904962943,157.165589240759,149.25788663745038,162.1079033678269,150.24634946286395,153.2117379391047,109.71937362090723,153.2117379391047,157.165589240759,138.38479555790101,194.72717660647498,194.72717660647498,139.37325838331458,196.70410225730214,150.24634946286395,146.29249816120964,90.93857993804923,169.02714314572196,115.6501505733887,95.88089406511713,92.9155055888764,96.86935689053071,146.29249816120964,114.66168774797512
B02013,99000000151,Synthetic Census Tract 99000000151,1.0,Total:,424.4903814035163,290.03641444312655,+/-302,176.7109280050837,428.33192331667027,400.48074444630385,458.1038731436137,600.2409239303115,674.1906057585259,499.4004487100192,454.2623312304597,357.2633979233214,355.34262696674443,475.3908117528067,578.1520579296761,420.6488394903623,450.4207893173058,520.5289292323662,441.77732001270925,268.90793392077956,360.1445543581869,385.1145767936879,361.1049398364754,399.52035896801533,387.9957332285534,561.8255047987716,485.9550520139802,344.77838670557094,486.91543749226867,484.9946665356917,553.1820354941751,443.6980909692863,305.4025820957425,353.4218560101674,479.2323536659607,421.6092249686508,362.0653253147639,519.5685437540776,443.6980909692863,347.6595431404364,319.80836427006994,432.1734652298243,494.5985213185767,375.51072201080285,511.88545992776966,533.0139404501166,371.6691800976489,374.5503365325144,458.1038731436137,576.231286973099,458.1038731436137,512.8458454060582,262.18523557276006,393.75804609828435,415.8469120989198,524.3704711455201,337.09530287926293,544.5385661895785,488.8362084488457,399.52035896801533,436.9753926212668,324.61029166151246,508.04391801461566,328.45183357466647,482.1135101008262,351.50108505359043,392.79766061999584,488.8362084488457,422.5696104469393,539.7366387981361,523.4100856672317,380.31264940224537,304.442196617454,447.53963288244023,670.3490638453719,415.8469120989198,557.9839628856175,453.30194575217126,423.5299959252278,266.02677748591407,338.05568835755145,380.31264940224537,406.2430573160348,328.45183357466647
B02013,99000000152,Synthetic Census Tract 99000000152,1.0,Total:,241.66250853999372,227.57455961165329,+/-210,138.7121125251982,248.1646388146124,127.87522873416708,225.40718285344707,261.16889936384973,137.62842414609509,261.16889936384973,274.17315991308703,315.35331831900527,334.8597091428613,276.34053667129325,210.23554554600352,235.16037826537507,248.1646388146124,252.49939233102484,139.7958009043013,153.88374983264174,145.21424279981687,266.5873412593653,292.59586235783996,300.1816810115617,231.90931312806572,121.37309845954842,251.41570395192173,235.16037826537507,120.28941008044531,251.41570395192173,272.0057831548808,282.84266694591196,279.5916018086026,273.08947153398395,254.66676908923105,197.2312849967662,235.16037826537507,281.7589785668088,133.29367062968265,120.28941008044531,169.0553871400853,303.43274614887105,267.6710296384684,122.45678683865152,279.5916018086026,279.5916018086026,205.90079202959106,245.99726205640619,312.1022531816959,236.24406664447818,115.95465656403286,153.88374983264174,119.2057217013422,321.8554485936239,279.5916018086026,230.8256247489626,232.99300150716883,245.99726205640619,314.26962993990213,304.5164345279742,329.4412672473457,268.7547180175715,123.54047521775465,133.29367062968265,307.7674996652835,274.17315991308703,227.57455961165329,251.41570395192173,275.25684829219017,198.3149733758693,115.95465656403286,127.87522873416708,107.28514953120798,288.2611088414275,332.69233238465506,211.31923392510663,223.23980609524085,229.7419363698595,324.02282535183014,319.6880718354177,318.6043834563146,311.01856480259283,128.9589171132702,363.03560699954215
B02013,99000000153,Synthetic Census Tract 99000000153,1.0,Total:,162.6638562912907,145.76371537790985,+/-138,88.72573979524947,212.30802022434696,182.73277362593046,180.62025601175785,154.2137858346003,177.45147959049893,155.27004464168658,197.5203969251387,92.95077502359469,132.0323508857879,248.22081966528125,151.04500941334138,209.13924380308805,217.58931425977846,155.27004464168658,160.5513386771181,135.20112730704682,125.69479804327008,113.01969235823445,171.11392674798114,164.77637390546332,126.75105685035639,113.01969235823445,216.53305545269217,174.28270316924005,102.45710428737142,148.93249179916876,138.36990372830573,139.42616253539202,221.8143494881237,231.3206787519004,161.6075974842044,222.87060829521,83.44444575981795,137.31364492121943,216.53305545269217,188.014067661362,252.4458548936265,186.95780885427567,146.81997418499614,170.05766794089482,205.97046738182914,179.56399720467155,174.28270316924005,152.10126822042767,195.4078793109661,198.57665573222502,166.8888915196359,124.63853923618379,86.61322218107686,147.87623299208246,151.04500941334138,176.39522078341264,218.64557306686478,207.02672618891543,88.72573979524947,219.70183187395108,126.75105685035639,86.61322218107686,260.89592535031693,157.3825622558592,240.82700801567714,72.88185768895492,128.863574464529,138.36990372830573,97.17581025193991,186.95780885427567,88.72573979524947,241.88326682276346,209.13924380308805,184.84529124010308,178.50773839758526,149.98875060625505,190.12658527553458,156.32630344877288,176.39522078341264,191.1828440826209,177.45147959049893,233.43319636607302,132.0323508857879,165.8326327125496
B02013,99000000154,Synthetic Census Tract 99000000154,1.0,Total:,0.0,12.90964755078911,+/-14,8.299059139792998,0.0,0.0,0.0,0.0,0.0,0.0,0.0,0.0,0.0,0.0,0.0,0.0,0.0,0.0,0.0,0.0,0.0,0.0,0.0,0.0,0.0,0.0,0.0,0.0,0.0,0.0,0.0,0.0,0.0,0.0,0.0,0.0,0.0,0.0,0.0,0.0,0.0,0.0,0.0,0.0,0.0,0.0,0.0,0.0,0.0,0.0,0.0,0.0,0.0,0.0,0.0,0.0,0.0,0.0,0.0,0.0,0.0,0.0,0.0,0.0,0.0,0.0,0.0,0.0,0.0,0.0,0.0,0.0,0.0,0.0,0.0,0.0,0.0,0.0,0.0,0.0,0.0,0.0,0.0,0.0
B02013,99000000155,Synthetic Census Tract 99000000155,1.0,Total:,448.55802807954603,338.61733492279456,+/-308,205.58909620312528,562.8963489625676,280.3487675497163,360.60547355414485,546.4052449890548,367.20191514354997,563.9957558941351,601.3755915674305,570.5921974835402,503.52837465792174,373.798356732955,373.798356732955,375.9971705960901,440.8621795585734,492.5343053422466,471.64557364246383,340.8161487859296,310.03275470203914,507.92600238419186,480.44082909500395,379.2953913907926,550.802872715325,404.58175081684544,349.61140423846973,362.80428741727985,579.3874529360803,640.9542411038611,419.9734478587907,417.7746339956556,283.6469883444188,424.3710755850607,322.1262309492818,445.2598072848435,605.7732192937007,410.078785474683,606.8726262252682,599.1767777042955,458.45269046365365,399.0847161590079,380.3947983223601,356.2078458278748,311.1321616336067,531.0135479471096,626.6619509934834,533.2123618102447,477.1426083003014,373.798356732955,277.0505467550137,299.038685386364,504.6277815894893,610.1708470199707,569.4927905519727,427.66929637976324,383.69301911706265,503.52837465792174,429.8681102428983,439.7627726270059,572.7910113466752,534.3117687418122,347.4125903753347,523.3176994261371,399.0847161590079,493.6337122738141,562.8963489625676,436.46455183230336,337.51792799122705,372.6989498013875,381.49420525392765,500.23015386321924,542.0076172627848,614.5684747462408,604.6738123621332,584.8844875939178,381.49420525392765,327.6232656071194,187.99858529804504,375.9971705960901,384.7924260486302,439.7627726270059,584.8844875939178,444.160400353276
B02013,99000000156,Synthetic Census Tract 99000000156,1.0,Total:,130.17664058824744,135.5558406125552,+/-126,81.76384036947773,75.30880034030844,168.90688076326322,188.2720008507711,138.78336062713984,190.4236808604942,84.99136038406238,128.02496057852434,181.81696082160178,217.3196809820329,121.56992054935505,98.97728044726252,105.43232047643181,116.1907205250473,123.72160055907814,88.21888039864703,111.88736050560111,177.5136008021556,84.99136038406238,120.4940805444935,153.84512069520153,171.0585607729863,149.5417606757553,104.35648047157026,144.16256065144756,94.67392042781631,209.78880094800206,139.85920063200138,35.50272016043112,78.53632035489308,120.4940805444935,120.4940805444935,124.79744056393969,144.16256065144756,138.78336062713984,192.57536087021728,114.0390405153242,77.46048035003153,195.80288088480194,104.35648047157026,84.99136038406238,75.30880034030844,115.11488052018575,154.92096070006306,133.4041606028321,154.92096070006306,55.943680252800554,147.39008066603222,186.120320841048,163.52768073895547,140.93504063686294,173.2102407827094,147.39008066603222,123.72160055907814,150.61760068061687,63.4745602868314,144.16256065144756,181.81696082160178,50.564480228492805,123.72160055907814,193.65120087507884,165.67936074867856,134.48000060769363,41.957760189600414,136.63168061741672,58.09536026252365,143.08672064658603,131.252480593109,98.97728044726252,69.92960031600069,125.87328056880123,130.17664058824744,145.23840065630912,115.11488052018575,155.99680070492462,159.22432071950925,155.99680070492462,87.14304039378547,165.67936074867856,168.90688076326322,63.4745602868314
B02013,99000000157,Synthetic Census Tract 99000000157,1.0,Total:,178.91817557611506,132.03587288504747,+/-138,80.36966175611586,221.0165698293186,221.0165698293186,144.47403482349398,162.65288688737732,138.73334469805712,215.27587970388174,162.65288688737732,124.38161938446501,142.56047144834835,134.9062179477659,263.11496408252214,258.3310556446581,191.35633751456155,159.7825418246589,167.43679532524138,182.7453023264063,190.39955582698875,220.0597881417458,181.7885206388335,188.48599245184315,246.84967539378442,232.49795008019228,172.2207037631054,167.43679532524138,118.64092925902817,152.12828832407644,203.79449945300806,236.32507683048354,176.04783051339663,149.257943261358,154.99863338679486,183.7020840139791,241.10898526834757,277.46668939611425,112.90023913359131,146.38759819863958,240.15220358077477,149.257943261358,120.55449263417378,214.31909801630894,177.96139388854226,230.58438670504668,159.7825418246589,222.93013320446423,193.26990088970717,199.01059101514403,194.22668257727997,171.2639220755326,170.30714038795978,159.7825418246589,195.1834642648528,183.7020840139791,122.4680560093194,159.7825418246589,230.58438670504668,167.43679532524138,168.39357701281418,240.15220358077477,185.61564738912472,198.0538093275712,170.30714038795978,254.50392889436688,236.32507683048354,197.0970276399984,176.04783051339663,184.65886570155192,162.65288688737732,198.0538093275712,183.7020840139791,177.96139388854226,123.42483769689221,128.20874613475624,203.79449945300806,250.67680214407565,141.60368976077555,132.03587288504747,205.7080628281537,150.21472494893084,88.02391525669832,158.8257601370861
B02013,99000000158,Synthetic Census Tract 99000000158,1.0,Total:,431.2212436366039,286.0576566698263,+/-268,173.9828284969466,441.89503679592576,387.4586916833842,408.8062780020279,552.9024856528733,636.1580722955839,394.9303468949095,464.3100024305017,492.0618646447386,366.1111053647404,199.59993207931913,424.8169677410107,464.3100024305017,520.8811061749077,292.4619325654195,368.2458639966048,428.0191056888073,311.67476025219884,499.5335198562639,537.9591752298227,360.7742087850795,361.84158810101167,338.3592431505035,326.6180706752495,435.49076090033265,440.82765747999355,518.7463475430433,463.24262311456954,502.73565780406045,514.4768302793145,458.97310585084074,428.0191056888073,252.96889787592852,452.5688299552476,532.6222786501618,376.7848985240623,447.2319333755867,404.53676073829917,542.2286924935514,398.13248484270605,464.3100024305017,289.2597946176229,262.5753117193182,423.74958842507857,460.04048516677295,382.12179510372323,468.57951969423044,374.6501398921979,499.5335198562639,509.13993369965357,473.9164162738914,472.8490369579592,333.0223465708426,485.6575887491455,417.34531252948545,412.0084159498245,559.3067615484664,445.09717474372235,504.8704164359248,307.4052429884701,634.0233136637196,406.67151937016354,446.1645540596545,577.4522099193136,417.34531252948545,340.4940017823679,369.313243312537,429.08648500473953,383.18917441965544,343.6961397301645,370.38062262846915,583.8564858149067,638.2928309274483,462.1752437986373,351.1677949416898,362.9089674169439,444.02979542779013,335.157105202707,378.9196571559267,442.9624161118579,495.2640025925351
B02013,99000000159,Synthetic Census Tract 99000000159,1.0,Total:,2143.8276501329415,665.1669804022278,+/-722,404.44363489830744,2108.818861690719,2291.2330751528257,1844.4103805613017,2161.332044354053,1896.9235632246355,2024.0607423042857,2430.3469450153416,2181.600290294287,2659.7466377025366,2287.5479395273287,1985.3668182365661,2481.938843772301,1901.5299827565068,2146.5915018520645,2018.53303886604,1858.229639156916,1900.6086988501327,1982.6029665174433,2672.6446123917763,1776.2353714896053,2204.632387953644,2210.1600913918896,2150.2766374775615,1894.1597115055126,2146.5915018520645,2144.748934039316,2094.999603095105,2127.244539818205,2194.498264983527,2112.503997316216,2377.833762352008,2439.5597840790842,2123.5594041927075,1934.6962033859809,2451.53647486195,2225.8219178002523,2305.9736176548145,2247.0114476468607,1889.5532919736413,2349.273961254405,2118.952984660836,2152.11920529031,2101.4485904397247,2103.2911582524735,2102.369874346099,2043.4077043381455,2108.818861690719,2218.451646549258,2155.804340915807,1767.9438163322368,2145.67021794569,2388.889169228499,2530.7668908101377,1955.8857332325892,1924.5620804158639,2310.580037186686,2422.0553898579733,2027.7458779297829,1975.2326952664491,2115.267849035339,1941.1451907306007,2518.790200027272,2238.719892489492,2234.1134729576206,2226.7432017066267,2467.1983012703126,2156.7256248221815,2049.8566916827654,1838.882677123056,1801.1100369617106,2100.527306533351,2192.6556971707782,2401.7871439177393,2165.938463885924,1924.5620804158639,2271.886113118966,2231.349621238498,2282.9415199954574,1943.9090424497235,1872.0488977525301
B02013,99000000160,Synthetic Census Tract 99000000160,1.0,Total:,525.7144122333373,349.7430608581616,+/-318,212.26544259630563,522.4149493950528,564.2081453466569,412.43285478556794,677.4897027944263,449.82676695279275,420.13160140823186,383.8375101871019,376.13876356443797,515.8160237184836,464.12443925202575,358.5416284269204,458.62533452155157,479.52193249735365,670.8907771178572,615.8997298131147,565.3079662927518,531.2135169638115,292.55237166122953,478.4221115512588,421.2314223543267,633.4968649506324,640.0957906272014,634.5966858967272,654.3934629264345,498.21888858096605,548.8106521013291,420.13160140823186,482.8213953356382,592.8034899451229,514.7162027723888,625.7981183279684,486.1208581739227,652.1938210342447,604.9015203521662,711.5841521233665,649.994179142055,532.3133379099063,427.8303480308958,537.8124426403806,558.7090406161827,266.15666895495315,428.9301689769907,406.9337500550937,464.12443925202575,435.52909465355975,640.0957906272014,707.1848683389871,546.6110102091394,560.9086825083724,414.6324966777576,444.3276622223185,542.21172642476,569.7072500771312,334.34556761283375,427.8303480308958,421.2314223543267,433.32945276137,541.1119054786651,431.12981086918035,540.0120845325703,393.73589870195553,620.2990135974942,489.4203210122073,489.4203210122073,576.3061757537002,598.3025946755972,692.8871960397541,681.8889865788057,526.8142331794321,638.9959696811065,638.9959696811065,685.1884494170902,698.3863007702283,386.03715207929156,489.4203210122073,610.4006250826405,485.0210372278279,697.2864798241335,443.22784127622367,378.33840545662764
B02013,99000000161,Synthetic Census Tract 99000000161,1.0,Total:,0.0,14.463917261098304,+/-14,9.298232524991768,0.0,0.0,0.0,0.0,0.0,0.0,0.0,0.0,0.0,0.0,0.0,0.0,0.0,0.0,0.0,0.0,0.0,0.0,0.0,0.0,0.0,0.0,0.0,0.0,0.0,0.0,0.0,0.0,0.0,0.0,0.0,0.0,0.0,0.0,0.0,0.0,0.0,0.0,0.0,0.0,0.0,0.0,0.0,0.0,0.0,0.0,0.0,0.0,0.0,0.0,0.0,0.0,0.0,0.0,0.0,0.0,0.0,0.0,0.0,0.0,0.0,0.0,0.0,0.0,0.0,0.0,0.0,0.0,0.0,0.0,0.0,0.0,0.0,0.0,0.0,0.0,0.0,0.0,0.0,0.0
B02013,99000000162,Synthetic Census Tract 99000000162,1.0,Total:,91.67222527694659,81.371975245829,+/-79,49.441200149364455,148.32360044809337,55.621350168035015,132.87322540141696,85.49207525827603,128.75312538896995,111.24270033607003,122.57297537029937,105.06255031739947,64.89157519604085,78.28190023649373,121.54295036718761,76.2218502302702,91.67222527694659,86.52210026138779,97.85237529561715,45.321100136917416,64.89157519604085,90.64220027383483,104.03252531428771,77.25187523338197,104.03252531428771,60.77147518359381,114.33277534540531,66.95162520226437,116.39282535162882,82.40200024894077,104.03252531428771,104.03252531428771,52.531275158699735,94.76230028628187,105.06255031739947,83.43202525205251,93.73227528317011,70.04170021159965,129.7831503920817,43.261050130693896,103.00250031117595,125.66305037963465,83.43202525205251,126.69307538274641,63.86155019292909,79.31192523960549,84.46205025516427,136.993325413864,69.01167520848789,114.33277534540531,112.27272533918179,83.43202525205251,125.66305037963465,77.25187523338197,116.39282535162882,144.20350043564633,94.76230028628187,86.52210026138779,67.98165020537613,99.91242530184067,46.351125140029175,53.561300161811495,79.31192523960549,87.55212526449955,78.28190023649373,86.52210026138779,107.12260032362299,78.28190023649373,51.501250155587975,100.94245030495243,84.46205025516427,127.72310038585817,101.97247530806419,76.2218502302702,90.64220027383483,135.96330041075225,115.36280034851706,85.49207525827603,111.24270033607003,82.40200024894077,63.86155019292909,104.03252531428771,72.10175021782317,96.82235029250539
B02013,99000000163,Synthetic Census Tract 99000000163,1.0,Total:,429.66525204571485,336.0202612152385,+/-366,204.73365642349233,636.2350847600009,291.95203023619086,359.89055299555605,548.0986228019054,395.6959906660323,616.9552337066675,445.2727505174609,507.7027444044451,356.2182004139687,483.8324526241276,613.2828811250802,445.2727505174609,394.77790252063545,252.4742399841273,399.3683432476196,579.3136197453975,582.067884181588,373.66187517650843,328.67555605206394,434.255692772699,527.9006836031753,306.6414405625401,182.69954093396848,426.91098760952434,435.1737809180958,509.53892069523874,403.04069582920687,434.255692772699,482.91436447873076,487.50480520571494,504.0303918228578,403.9587839746037,372.7437870311116,315.82232201650834,231.3582126400003,534.3273006209531,552.6890635288896,373.66187517650843,503.112303677461,461.7983371346038,386.515109212064,486.5867170603181,555.4433279650801,472.81539487936567,414.97584171936563,346.1192308146036,443.43657422666723,446.19083866285774,394.77790252063545,446.19083866285774,378.25231590349256,399.3683432476196,396.61407881142907,568.2965620006356,610.5286166888897,263.4912977288892,288.2796776546036,602.2658233803182,419.56628244634976,403.9587839746037,336.0202612152385,564.6242094190484,460.88024898920696,515.0474495676198,479.24201189714347,300.2148235447623,396.61407881142907,394.77790252063545,501.2761273866673,471.8973067339689,241.45718223936538,462.7164252800006,390.1874617936513,580.2317078907944,505.86656811365145,275.426443619048,281.8530606368258,609.6105285434928,508.6208325498419,448.02701495365136
B02013,99000000164,Synthetic Census Tract 99000000164,1.0,Total:,986.5777053183032,593.6736738786288,+/-550,360.5218310462946,1000.6099921554344,1088.0419332175597,931.5279646495576,970.3866051216133,1090.2007465771185,669.2321414631816,1065.374392942194,783.64924951979,983.3394852789652,864.6047505032394,699.4555284970027,989.8159253576412,1220.8089548304167,659.5174813451677,762.0611159242036,1079.406679779325,934.7661846888956,976.8630452002892,1091.2801532568976,1251.0323418642379,1042.7068526668281,1021.1187190712416,1185.188534397699,1017.8804990319036,1079.406679779325,712.4084086543546,1012.483465633007,733.9965422499411,922.892711211323,941.2426247675716,656.2792613058297,1020.0393123914622,1134.4564204480707,592.5942671988495,771.7757760422174,1257.5087819429139,1069.6920196613112,1120.4241336109394,1173.3150609201264,1091.2801532568976,998.4511787958758,1131.2182004087329,972.545418481172,1077.2478664197665,963.9101650429374,906.7016110146332,1142.012267206526,650.882227906933,1122.5829469704981,1026.5157524701383,697.296715137444,1016.8010923521243,1052.421512784842,801.9991630760386,659.5174813451677,1103.1536267344702,1222.9677681899755,1164.6798074818919,1296.3674224149695,1090.2007465771185,952.0366915653648,1246.7147151451206,786.887469559128,1031.912785869035,1013.5628723127863,650.882227906933,981.1806719194066,648.7234145473744,1025.436345790359,999.5305854756551,772.8551827219968,903.4633909752952,1191.664974476375,657.358667985609,650.882227906933,1041.6274459870488,909.9398310539711,972.545418481172,1001.6893988352138,1221.888361510196
B02013,99000000165,Synthetic Census Tract 99000000165,1.0,Total:,1303.4460570222464,496.37834555120986,+/-548,301.63136691341765,1488.2292367529888,1518.1206334741382,1410.3304452978718,1416.671044602358,1425.729043608767,1154.8948733171396,1302.5402571216055,1245.4748633812292,1354.1708514581364,1483.700237249784,1028.0828872274146,1129.5324760991946,1380.4390485767224,1280.801059506224,1403.0840460927445,1207.4312675543115,1272.648860400456,1422.1058440062034,1323.373654836346,1232.7936647722565,1254.532862387638,1245.4748633812292,1066.126483054332,1172.1050714293167,1337.8664532466003,1226.4530654677703,1430.2580431119713,1361.4172506632635,1058.880083849205,1230.0762650703339,1290.7648584132737,1384.9680480799268,1190.2210694421346,1559.7874289036192,1576.0918271151554,1343.3012526504456,1253.6270624869971,1326.0910545382687,1336.0548534453185,1320.6562551344232,1398.55504658954,1384.062248179286,1286.2358589100693,1820.6578002881968,1557.0700292016966,1517.2148335734973,1385.8738479805677,1122.2860768940675,1473.7364383427343,1237.322664275461,1191.1268693427755,1346.9244522530091,1149.4600739132943,1236.41686437482,1272.648860400456,1014.4958887178011,1349.6418519549318,1139.4962750062446,1115.0396776889404,1300.7286573203237,1235.5110644741792,1385.8738479805677,1358.6998509613409,1206.5254676536706,1250.0038628844336,1108.6990783844542,1085.148280967791,1349.6418519549318,1093.300480073559,1327.9026543395505,1482.7944373491432,1577.9034269164372,1368.6636498683906,1170.293471628035,1196.5616687466209,1645.838419464504,1491.8524363555523,1117.757077390863,1332.431653842755,1226.4530654677703
B02013,99000000166,Synthetic Census Tract 99000000166,1.0,Total:,204.80377210737757,147.9138354108838,+/-156,90.0757331027818,231.35240923240798,230.40424362079975,205.7519377189858,137.48401368319327,167.8253132546566,289.19051154051,233.24874045562444,260.7455431922631,292.9831739869429,172.56614131269777,216.18175944667632,200.0629440493364,206.700103330594,231.35240923240798,164.9808164198319,234.19690606723267,189.63312232164589,265.4863712503042,279.70885542442767,208.59643455381047,237.04140290205737,155.49916030374962,206.700103330594,119.4688670626369,184.89229426360473,242.73039657170673,161.188153973399,218.07809066989276,227.55974678597505,183.94412865199652,231.35240923240798,142.22484174123443,181.09963181717183,148.86200102249202,196.27028160290348,216.18175944667632,177.3069693707389,230.40424362079975,277.8125242012112,252.21205268778903,207.64826894220224,161.188153973399,247.4712246297479,147.9138354108838,184.89229426360473,198.16661282611994,182.04779742878006,209.5446001654187,240.83406534849027,187.73679109842942,209.5446001654187,128.00235756711098,164.9808164198319,163.08448519661547,201.01110966094464,171.61797570108953,162.13631958500724,208.59643455381047,230.40424362079975,164.03265080822368,249.36755585296433,243.67856218331497,200.0629440493364,151.70649785731672,216.18175944667632,310.99832060749924,269.27903369673714,296.7758364333758,316.68731427714863,128.9505231787192,167.8253132546566,178.25513498234713,220.92258750471746,223.76708433954215,201.01110966094464,233.24874045562444,198.16661282611994,303.41299571463344,245.57489340653143,203.85560649576934
B02013,99000000167,Synthetic Census Tract 99000000167,1.0,Total:,1931.4971000693204,824.6006850295944,+/-888,501.4463625179966,2054.0728775737193,2003.9282413219198,2212.8642257044185,1905.496177568387,2353.0834863344508,2383.7274307105504,1861.8517719418207,1792.2064438143211,2255.5800269559513,1841.4224756910876,2011.3570763221865,2104.2175138255193,1504.3390875539899,1803.349696314721,2192.434929453685,1454.1944513021901,1963.9982531954868,1789.4206306892213,1783.8490044390212,2711.524775097315,1946.3547700698534,2196.1493469538186,1428.193528801257,1735.5615769372882,1816.3501575651876,1520.1253619295564,1863.7089806918873,1840.4938713160543,1838.6366625659875,2184.0774900783854,1487.6242088033898,1842.3510800661209,2283.4381582069514,2001.1424281968198,1994.6421975715864,2032.714976947953,1975.1415056958867,2160.862380702552,1994.6421975715864,2064.287525699086,1873.923628817254,1839.5652669410208,1696.5601931858885,2259.294444456085,1775.4915650637213,2263.9374663312515,2136.7186669516855,1541.4832625553229,2087.502635074919,2132.075645076519,1534.9830319300895,1758.7766863131214,2243.508170080518,1706.7748413112552,1805.2069050647879,2176.6486550781187,1919.425243193887,2123.718205701219,1935.2115175694535,1491.3386263035231,1922.211056318987,2010.428471947153,2307.581871957818,1875.7808375673205,2137.647271326719,2070.787756324319,2002.071032571853,2125.5754144512857,1707.7034456862884,1643.629743808989,2322.439541958351,1953.78360507012,1768.991334438488,1949.1405831949535,1829.3506188156543,1766.205521313388,1930.5684956942869,1714.2036763115218,1928.7112869442203,1378.0488925494574
B02013,99000000168,Synthetic Census Tract 99000000168,1.0,Total:,15.830303822076656,26.383839703461092,+/-25,15.830303822076656,16.8856574102151,21.107071762768875,20.05171817463043,13.719596645799768,3.166060764415331,23.21777893904576,2.1107071762768874,16.8856574102151,17.941010998353544,15.830303822076656,16.8856574102151,14.774950233938211,18.996364586491985,20.05171817463043,4.221414352553775,20.05171817463043,16.8856574102151,4.221414352553775,5.276767940692219,23.21777893904576,20.05171817463043,31.660607644153313,18.996364586491985,21.107071762768875,34.82666840856864,25.328486115322647,22.162425350907316,32.715961232291754,3.166060764415331,13.719596645799768,4.221414352553775,11.60888946952288,22.162425350907316,15.830303822076656,21.107071762768875,6.332121528830662,28.49454687973798,26.383839703461092,14.774950233938211,11.60888946952288,18.996364586491985,10.553535881384438,3.166060764415331,17.941010998353544,25.328486115322647,12.664243057661324,34.82666840856864,23.21777893904576,20.05171817463043,23.21777893904576,17.941010998353544,31.660607644153313,18.996364586491985,5.276767940692219,20.05171817463043,17.941010998353544,31.660607644153313,29.549900467876423,23.21777893904576,15.830303822076656,4.221414352553775,14.774950233938211,20.05171817463043,7.387475116969106,13.719596645799768,14.774950233938211,15.830303822076656,1.0553535881384437,20.05171817463043,18.996364586491985,21.107071762768875,21.107071762768875,6.332121528830662,20.05171817463043,21.107071762768875,24.273132527184206,5.276767940692219,15.830303822076656,17.941010998353544,17.941010998353544
B02013,99000000169,Synthetic Census Tract 99000000169,1.0,Total:,615.4647537648897,217.0570352972359,+/-231,131.54971836196114,682.1792537913128,619.22331714666,626.7404439102006,672.782845336887,662.4467960370187,635.1972115191838,747.9541129722934,641.7746974372819,688.7567397094109,705.6702749273774,586.3358875561697,694.3945847820663,591.9737326288251,610.7665495376767,648.3521833553799,545.9313312021387,615.4647537648897,633.3179298282987,720.7045284544586,563.7845072655477,498.9492889300098,641.7746974372819,651.1711058917077,542.1727678203684,580.6980424835142,580.6980424835142,523.3799509115169,540.2934861294833,478.277190330273,499.88892977545237,612.645831228562,566.6034298018756,634.2575706737413,552.5088171202368,616.4043946103322,634.2575706737413,591.0340917833826,652.1107467371503,515.8628241479762,507.406056538993,587.2755284016123,591.0340917833826,584.4566058652846,569.4223523382033,658.6882326552484,667.1450002642315,553.4484579656794,556.2673805020072,531.8367185205001,544.0520495112536,659.627873500691,530.8970776750575,608.8872678467916,552.5088171202368,610.7665495376767,559.0863030383349,563.7845072655477,585.3962467107272,520.5610283751892,800.5740003170779,669.9639228005593,576.9394791017439,553.4484579656794,731.0405777543269,572.241274874531,588.2151692470549,653.0503875825929,729.1612960634418,686.8774580185258,658.6882326552484,677.4810495641,657.7485918098057,655.8693101189206,685.9378171730831,550.6295354293517,699.0927890092793,655.8693101189206,680.2999721004277,622.0422396829878,716.9459650726883
B02013,99000000170,Synthetic Census Tract 99000000170,1.0,Total:,126.60893451486274,75.7489351798324,+/-70,46.53148875332562,101.71999867006066,179.63318914074543,123.3625515785842,141.75872155082922,132.0195727419936,163.40127445935275,160.15489152307424,78.99531811611094,152.579998005091,116.86978570602714,114.70553041517479,107.13063689719155,149.33361506881246,140.67659390540305,117.95191335145331,112.54127512432242,88.73446692494653,122.28042393315803,113.62340276974861,130.93744509656744,135.26595567827215,135.26595567827215,117.95191335145331,101.71999867006066,104.9663816063392,134.18382803284598,107.13063689719155,110.37701983347007,129.85531745114127,116.86978570602714,136.34808332369832,137.43021096912452,117.95191335145331,112.54127512432242,104.9663816063392,157.99063623222187,160.15489152307424,101.71999867006066,150.41574271423863,125.52680686943656,100.63787102463448,113.62340276974861,123.3625515785842,176.3868062044669,141.75872155082922,117.95191335145331,138.51233861455069,95.2272327975036,124.44467922401039,149.33361506881246,98.47361573378213,97.39148808835596,127.69106216028891,132.0195727419936,142.8408491962554,113.62340276974861,103.88425396091301,136.34808332369832,122.28042393315803,114.70553041517479,155.8263809413695,94.14510515207742,167.72978504105748,106.04850925176537,89.81659457037271,122.28042393315803,71.4204245981277,164.48340210477895,120.11616864230567,149.33361506881246,130.93744509656744,135.26595567827215,94.14510515207742,93.06297750665124,142.8408491962554,143.92297684168156,141.75872155082922,166.64765739563128,137.43021096912452,140.67659390540305
B02013,99000000171,Synthetic Census Tract 99000000171,1.0,Total:,157.7818326034212,151.5943097562282,+/-147,92.81284270789482,212.4382844202926,78.37528939777785,195.93822349444463,156.7505787955557,123.75045694385976,165.0006092584797,158.8130864112867,156.7505787955557,154.6880711798247,126.84421836745626,175.31314733713467,201.09449253377213,179.43816256859665,170.15687829780717,246.46966007985404,207.2820153809651,96.93785793935682,144.37553310116974,179.43816256859665,126.84421836745626,132.00048740678375,203.15700014950312,89.71908128429833,140.25051786970772,188.71944683938614,229.96959915400606,211.4070306124271,135.09424883038025,74.25027416631586,246.46966007985404,202.1257463416376,162.93810164274868,183.56317780005864,209.3445229966961,109.31290363374279,68.06275131912287,126.84421836745626,163.9693554506142,193.87571587871363,124.78171075172526,110.34415744160829,248.53216769558503,114.46917267307028,175.31314733713467,267.094736237164,215.53204584388908,233.06336057760257,165.0006092584797,117.56293409666678,221.7195686910821,200.06323872590661,163.9693554506142,168.09437068207617,205.2195077652341,84.56281224497084,63.93773608766088,157.7818326034212,110.34415744160829,149.5318021404972,128.90672598318724,191.81320826298264,95.90660413149132,244.40715246412304,173.25063972140367,139.21926406184224,137.15675644611125,135.09424883038025,173.25063972140367,166.03186306634518,106.2191422101463,182.53192399219316,144.37553310116974,144.37553310116974,175.31314733713467,207.2820153809651,202.1257463416376,145.40678690903522,102.0941269786843,162.93810164274868,123.75045694385976
B02013,99000000172,Synthetic Census Tract 99000000172,1.0,Total:,103.42450979927906,79.83646370470665,+/-88,48.990557273342716,134.270416230643,76.20753353631089,119.75469555705997,136.99211385693982,102.51727725718013,94.35218437828968,101.61004471508119,115.21853284656528,131.5487186043462,76.20753353631089,101.61004471508119,95.25941692038862,78.9292311626077,67.1352081153215,102.51727725718013,118.84746301496104,125.1980908096536,73.48583591001407,124.29085826755467,90.72325420989392,113.4040677623674,111.58960267816953,74.39306845211301,58.97011523643105,80.74369624680558,104.331742341378,156.95122978311647,97.0738820045865,68.04244065742044,146.0644392779292,81.65092878890454,99.79557963088331,140.62104402533558,131.5487186043462,110.68237013607059,87.09432404149817,79.83646370470665,141.52827656743452,102.51727725718013,97.98111454668543,92.5377192940918,106.1462074255759,87.09432404149817,128.82702097804938,147.8789043621271,126.10532335175255,131.5487186043462,102.51727725718013,97.0738820045865,94.35218437828968,111.58960267816953,84.37262641520135,73.48583591001407,72.57860336791514,77.11476607840983,94.35218437828968,118.84746301496104,90.72325420989392,119.75469555705997,118.84746301496104,136.99211385693982,97.0738820045865,101.61004471508119,72.57860336791514,58.97011523643105,89.81602166779498,93.44495183619074,70.76413828371726,85.27985895730029,117.9402304728621,69.85690574161832,90.72325420989392,162.3946250357101,134.270416230643,141.52827656743452,127.01255589385148,88.00155658359711,138.8065789411377,99.79557963088331,105.23897488347696
B02013,99000000173,Synthetic Census Tract 99000000173,1.0,Total:,293.75402518519127,183.821537232451,+/-204,111.73465988639178,165.7998178959362,346.01701126108424,291.0507672847141,389.26913766871974,331.5996357918724,311.7757445217061,314.4790024221833,287.4464234174111,250.50189877755577,285.6442514837596,198.23891270166283,210.8541162372232,221.66714783913207,209.95303027039745,255.00732861168447,320.7866041899635,309.9735725880546,263.1171023131161,237.8866952419954,232.48017944104097,318.984432256312,255.90841457851022,297.35836905249425,317.1822603226605,419.9060605407949,409.09302893888605,303.6659708202744,304.56705678710017,283.84207955010817,383.8626218677653,317.1822603226605,391.07130960237123,273.930133915025,238.78778120882114,261.31493037946467,327.09420595774367,286.54533745058535,317.1822603226605,273.930133915025,235.1834373415182,348.7202691615614,191.0302249670569,399.1810833038029,370.3463323653792,412.697372806189,424.41149037492363,223.46931977278356,261.31493037946467,306.36922872075166,337.0061515928268,302.7648848534487,341.5115814269555,279.33664971597943,264.9192742467676,275.7323058486765,274.83121988185076,243.29321104294985,286.54533745058535,345.1159252942585,307.2703146875774,261.31493037946467,274.83121988185076,339.70940949330407,364.93981656442475,292.8529392183656,261.31493037946467,266.7214461804191,190.12913900023116,295.55619711884276,311.7757445217061,267.62253214724484,197.3378267348371,315.3800883890091,318.984432256312,241.49103910929836,273.02904794819926,280.2377356828052,296.4572830856685,318.984432256312,350.5224410952129
B02013,99000000174,Synthetic Census Tract 99000000174,1.0,Total:,129.26708484320892,103.77780050792829,+/-114,62.8128792547987,170.23200609633852,155.66670076189246,176.6043271801587,146.56338492786364,130.1774164266118,156.57703234529532,135.6394059270291,152.0253744282809,135.6394059270291,171.1423376797414,100.13647417431677,85.5711688398707,68.27486875521599,109.23979000834558,127.44642167640318,158.39769551210108,129.26708484320892,133.81874276022333,194.81095884821627,111.97078475855422,106.50879525813693,129.26708484320892,70.09553192202175,90.1228267568851,164.77001659592125,119.25343742577725,89.21249517348222,148.3840480946694,161.12869026230973,63.72321083820159,142.01172701084926,162.0390218457126,168.41134292953276,175.6939955967558,107.41912684153982,119.25343742577725,104.68813209133117,130.1774164266118,112.8811163419571,99.2261425909139,174.7836640133529,160.21835867890684,144.74272176105788,109.23979000834558,111.97078475855422,133.81874276022333,113.79144792535998,153.84603759508667,126.5360900930003,151.11504284487805,100.13647417431677,73.73685825563327,71.91619508882751,93.76415309049662,148.3840480946694,142.01172701084926,93.76415309049662,129.26708484320892,181.15598509717307,150.20471126147515,106.50879525813693,122.89476375938877,69.18520033861887,122.89476375938877,149.2943796780723,139.2807322606406,124.71542692619452,131.99807959341757,182.06631668057597,71.91619508882751,124.71542692619452,170.23200609633852,156.57703234529532,185.70764301418748,108.3294584249427,153.84603759508667,124.71542692619452,160.21835867890684,144.74272176105788,111.06045317515134
B02013,99000000175,Synthetic Census Tract 99000000175,1.0,Total:,132.7540546188409,129.69049951225227,+/-127,78.631247735775,77.61006270024546,97.01257837530683,95.99139333977728,65.35584227389091,125.6057593701341,164.41079072025684,187.8980465374364,52.08043681200682,79.65243277130455,164.41079072025684,171.55908596896364,104.16087362401365,134.79642468990002,95.99139333977728,201.17345199932046,130.71168454778183,162.36842064919773,186.87686150190683,89.86428312660001,131.73286958331138,108.24561376613183,124.58457433460455,122.54220426354547,188.9192315729659,147.05064511625454,46.9745116343591,180.74975128872956,141.94471993860682,159.3048655426091,178.70738121767047,150.11420022284318,180.74975128872956,86.80072802001138,88.84309809107046,141.94471993860682,107.22442873060228,150.11420022284318,101.09731851742501,165.43197575578637,151.13538525837274,156.24131043602046,156.24131043602046,113.35153894377956,173.60145604002275,129.69049951225227,101.09731851742501,83.73717291342274,178.70738121767047,163.3896056847273,108.24561376613183,99.05494844636591,123.56338929907501,73.52532255812727,146.02946008072502,56.165176954125,93.9490232687182,119.47864915695683,76.58887766471591,167.47434582684548,148.0718301517841,199.13108192826138,155.22012540049093,139.90234986754774,95.99139333977728,115.39390901483864,193.0039717150841,113.35153894377956,134.79642468990002,99.05494844636591,92.92783823318864,82.71598787789318,56.165176954125,199.13108192826138,166.45316079131592,118.45746412142728,181.7709363242591,138.8811648320182,166.45316079131592,110.28798383719092,139.90234986754774
B02013,99000000176,Synthetic Census Tract 99000000176,1.0,Total:,284.15942506206466,208.87838334786096,+/-197,127.23556346062597,314.90801956504924,196.15482700179837,255.5314232834238,331.87276135979937,215.24016152089226,271.43586871600206,262.953497818627,360.5007631384402,308.546241392018,321.26979773808057,331.87276135979937,296.88298140812725,201.45630881265777,383.82728310622167,348.83750315454955,262.953497818627,297.9432777702991,245.98875602387687,255.5314232834238,363.6816522249559,412.4552848848625,251.29023783473627,257.6520160077676,286.28001778640845,265.07409054297074,154.80326887709492,411.39498852269065,309.60653775418984,286.28001778640845,255.5314232834238,219.4813469695798,428.3597303174408,231.14460695347051,324.45068682459623,234.32549603998615,309.60653775418984,208.87838334786096,156.9238616014387,350.9580958788933,237.5063851265018,329.75216863545563,383.82728310622167,396.55083945228427,166.46652886098565,320.2095013759087,256.5917196455957,294.7623886837835,177.06949248270448,205.69749426134533,165.40623249881375,301.1241668568148,282.0388323377209,318.0889086515649,237.5063851265018,330.8124649976275,359.44046677626835,314.90801956504924,252.35053419690817,299.00357413247104,221.60193969392355,265.07409054297074,279.9182396133771,266.13438690514266,336.1139468084869,256.5917196455957,335.05365044631503,198.27541972614213,279.9182396133771,353.0786886032371,250.2299414725644,325.5109831867681,230.08431059129862,248.10934874822064,325.5109831867681,429.42002667961265,339.29483589500256,325.5109831867681,335.05365044631503,223.72253241826732,254.47112692125194
B02013,99000000177,Synthetic Census Tract 99000000177,1.0,Total:,143.10429518294714,100.45731979730064,+/-106,60.653476104030574,166.79705928608408,90.98021415604586,87.18937189954394,149.7382691318255,105.19587261792803,164.90163815783313,156.3722430807038,178.1695860555898,146.89513743944906,161.11079590133122,150.68597969595095,146.89513743944906,147.84284800357452,167.74476985020956,166.79705928608408,97.61418810492421,115.62068882330829,129.83634728519044,131.73176841344142,74.86913456591274,143.10429518294714,202.81006072285223,144.0520057470726,195.22837620984842,180.06500718384078,201.86235015872674,131.73176841344142,187.64669169684458,158.26766420895478,106.1435831820535,158.26766420895478,129.83634728519044,124.15008390043758,158.26766420895478,172.48332267083694,129.83634728519044,146.89513743944906,185.75127056859364,132.67947897756687,114.6729782591828,149.7382691318255,127.9409261569395,131.73176841344142,200.91463959460128,165.8493487219586,164.90163815783313,143.10429518294714,165.8493487219586,185.75127056859364,146.89513743944906,174.37874379908789,142.15658461882165,92.87563528429682,196.17608677397388,143.10429518294714,107.09129374617898,143.10429518294714,144.99971631119809,182.9081388762172,124.15008390043758,145.94742687532357,95.71876697667325,130.78405784931593,136.4703212340688,117.51610995155923,181.96042831209172,139.31345292644522,119.41153107981019,101.40503036142611,185.75127056859364,197.12379733809937,108.98671487442994,165.8493487219586,160.16308533720573,168.69248041433502,121.30695220806115,189.54211282509556,150.68597969595095,100.45731979730064,130.78405784931593
B02013,99000000178,Synthetic Census Tract 99000000178,1.0,Total:,159.41238351910758,151.92321113901528,+/-142,92.00983209827686,196.8582454195691,132.66533930449222,66.33266965224611,127.31593046156915,100.56888624695378,89.87006856110763,143.36415699033836,210.7667084111691,193.64860011381526,228.95469847710754,146.57380229609223,159.41238351910758,193.64860011381526,163.69191059344604,79.17125087526149,163.69191059344604,177.60037358504604,99.49900447836917,205.41729956824602,164.76179236203066,157.27261998193836,147.64368406467682,219.32576255984603,220.39564432843062,228.95469847710754,124.1062851558153,249.28245208021522,194.71848188239989,130.525575767323,173.32084651070758,115.5472310071384,169.04131943636912,64.19290611507688,242.86316146870755,182.94978242796913,174.3907282792922,96.28935917261532,145.5039205275076,212.90647194833832,203.2775360310768,201.13777249390756,89.87006856110763,125.17616692439992,156.20273821335374,133.73522107307684,192.57871834523064,166.9015558991999,204.3474177996614,123.03640338723069,206.48718133683064,134.80510284166147,192.57871834523064,149.78344760184606,163.69191059344604,134.80510284166147,149.78344760184606,119.82675808147684,47.074797817723045,148.71356583326144,212.90647194833832,154.06297467618452,203.2775360310768,207.55706310541524,238.58363439436908,130.525575767323,72.7519602637538,259.98126976606136,121.96652161864607,208.62694487399986,179.74013712221526,111.26770393279993,145.5039205275076,143.36415699033836,220.39564432843062,157.27261998193836,165.83167413061528,139.0846299159999,188.29919127089218,175.4606100478768,165.83167413061528
B02013,99000000179,Synthetic Census Tract 99000000179,1.0,Total:,151.30010041308824,105.72778101155565,+/-116,63.80124716214565,121.22236960807673,188.669402322345,211.4555620231113,130.33683348838326,148.5657612489963,197.78386620265152,152.2115468011189,154.94588596521086,194.1380806505289,180.46638483006913,108.4621201756476,180.46638483006913,167.70613539764,176.8205992779465,162.23745706945607,190.4922950984063,154.94588596521086,176.8205992779465,172.26336733779326,100.25910268337174,140.36274375672042,192.3151878744676,123.9567087721687,132.15972626444457,226.03870423160174,104.816334623525,135.80551181656716,154.03443957718022,93.87897796715717,161.32601068142543,144.91997569687368,122.13381599610739,152.2115468011189,106.6392273995863,174.08626011385456,87.4988532509426,149.47720763702696,174.9977065018852,138.53985098065914,149.47720763702696,169.5290281737013,150.3886540250576,109.37356656367825,150.3886540250576,183.20072399416108,150.3886540250576,153.12299318914955,165.8832426215787,83.85306769882,155.8573323532415,141.2741901447511,115.75369127989282,164.06034984551738,79.29583575866674,114.84224489186217,112.10790572777022,158.59167151733348,150.3886540250576,137.62840459262847,206.89833008295804,141.2741901447511,198.69531259068216,196.87241981462086,138.53985098065914,116.66513766792347,226.95015061963238,154.94588596521086,124.86815516019935,182.28927760613044,126.69104793626065,168.61758178567064,174.08626011385456,157.6802251293028,157.6802251293028,155.8573323532415,198.69531259068216,164.97179623354805,177.73204566597718,118.48803044398478,145.83142208490435
B02013,99000000180,Synthetic Census Tract 99000000180,1.0,Total:,197.19585535547037,147.36679513123863,+/-139,90.1163855119085,256.56665051625714,205.67739752129708,269.28896376499716,108.13966261429022,214.15893968712376,128.28332525812857,168.57065054580534,204.61720475056873,198.25604812619872,209.91816860421042,171.75122885799033,207.79778306275375,224.76086739440711,117.68139755084523,240.66375895533213,232.18221678950545,210.97836137493874,190.83469873110036,196.13566258474205,157.96872283852198,118.74159032157357,187.65412041891537,203.5570119798404,189.77450596037204,187.65412041891537,170.691036087262,265.0481926820838,142.06583127759694,122.98236140448691,190.83469873110036,190.83469873110036,239.6035661846038,267.1685782235405,187.65412041891537,141.00563850686862,242.7841444967888,182.35315656527368,169.63084331653366,194.01527704328538,294.73359026247726,224.76086739440711,225.82106016513544,268.22877099426887,113.44062646793189,227.9414457065921,122.98236140448691,197.19585535547037,186.59392764818702,202.49681920911206,238.54337341387546,191.8948915018287,190.83469873110036,224.76086739440711,134.64448188249858,242.7841444967888,195.0754698140137,216.27932522858043,170.691036087262,163.26968669216365,141.00563850686862,144.1862168190536,215.21913245785208,230.06183124804878,200.3764336676554,198.25604812619872,195.0754698140137,229.00163847732045,130.40371079958524,97.53773490700685,139.94544573614027,202.49681920911206,248.0851083504305,269.28896376499716,138.88525296541195,127.22313248740025,237.48318064314714,175.99199994090367,173.871614399447,214.15893968712376,276.71031316009555
B02013,99000000181,Synthetic Census Tract 99000000181,1.0,Total:,40.16568618327488,43.422363441378245,+/-40,26.05341806482695,23.882299892758034,42.33680435534379,26.05341806482695,37.99456801120596,33.65233166706814,16.28338629051684,31.481213494999228,34.7378907531026,56.44907247379172,40.16568618327488,62.962426989998455,54.27795430172281,40.16568618327488,34.7378907531026,29.310095322930316,48.850158871550526,47.76459978551607,59.70574973189509,55.363513387757266,56.44907247379172,58.62019064586063,55.363513387757266,32.56677258103368,39.08012709724042,18.454504462585756,41.25124526930934,43.422363441378245,24.967858978792492,33.65233166706814,49.935717957584984,28.22453623689586,30.395654408964774,68.39022242017074,52.1068361296539,26.05341806482695,52.1068361296539,40.16568618327488,43.422363441378245,26.05341806482695,30.395654408964774,21.711181720689122,22.79674080672358,52.1068361296539,35.823449839137055,59.70574973189509,37.99456801120596,34.7378907531026,51.02127704361944,40.16568618327488,49.935717957584984,55.363513387757266,59.70574973189509,20.62562263465467,33.65233166706814,56.44907247379172,43.422363441378245,30.395654408964774,33.65233166706814,41.25124526930934,60.79130881792955,55.363513387757266,29.310095322930316,49.935717957584984,42.33680435534379,39.08012709724042,65.13354516206736,35.823449839137055,49.935717957584984,10.855590860344561,36.90900892517151,29.310095322930316,30.395654408964774,54.27795430172281,48.850158871550526,52.1068361296539,49.935717957584984,23.882299892758034,24.967858978792492,24.967858978792492,27.138977150861404
B02013,99000000182,Synthetic Census Tract 99000000182,1.0,Total:,496.63261119563265,281.5305885121739,+/-267,170.8163121309819,526.1564182306172,588.3672973400488,560.9523336647061,541.9727434279303,294.1836486700244,510.340093033304,392.2448648933659,496.63261119563265,381.70064809515713,613.6734176557499,570.442128783094,632.6530078925257,450.2380572835141,567.2788637436313,486.0883943974239,476.59859927903597,325.8162990646507,541.9727434279303,480.8162859983195,507.1768279938414,405.95234673103727,563.0611770243478,576.7686588620193,314.2176605866211,521.9387315113337,485.033972717603,431.2584670467383,478.7074426386777,557.7890686252434,609.4557309364664,476.59859927903597,568.3332854234523,464.99996080100635,547.2448518270347,440.7482621651262,570.442128783094,461.83669576154375,466.05438248082726,497.6870328754535,398.57139497229116,564.1155987041687,363.77547953820226,433.36731040638006,506.1224063140205,687.4829352432112,511.3945147131249,626.3264778136004,448.1292139238723,615.7822610153917,390.13602153372415,457.61900904226025,463.9455391211855,557.7890686252434,409.1156117704999,495.57818951581174,557.7890686252434,666.3945016467937,412.2788768099625,540.9183217481094,404.8979250512164,672.721031725719,554.6258035857808,511.3945147131249,636.8706946118092,436.5305754458427,433.36731040638006,580.9863455813028,566.2244420638104,415.4421418494252,498.7414545552744,493.46934615617,302.6190221085914,437.58499712566356,349.01357602071,474.4897559193942,513.5033580727667,562.0067553445269,489.2516594368865,477.65302095885687,425.98635864763395
B02013,99000000183,Synthetic Census Tract 99000000183,1.0,Total:,184.01347575284376,161.14174430333776,+/-155,97.72467073879838,228.71731449506004,170.49836171449928,174.6568583416822,142.42850948101466,134.11151622664883,152.82475104897193,138.27001285383173,163.2209926169292,114.35865724753002,198.56821394798393,205.84558304555404,174.6568583416822,145.54738195140183,257.8267908853404,103.96241567957274,138.27001285383173,235.9946835926301,105.00203983636847,216.2418246135113,95.64542242520692,192.33046900720956,217.28144877030704,173.61723418488648,184.01347575284376,176.73610665527366,198.56821394798393,139.30963701062748,152.82475104897193,189.21159653682238,216.2418246135113,178.8153549688651,253.6682942581575,222.47956955428566,118.51715387471292,170.49836171449928,249.50979763097456,132.03226791305738,233.91543527903866,148.666254421789,259.90603919893186,156.98324767615483,171.537985871295,147.62663026499328,139.30963701062748,223.51919371108139,102.92279152277702,204.80595888875828,139.30963701062748,121.6360263451001,227.6776903382643,268.22303245329766,132.03226791305738,151.7851268921762,174.6568583416822,192.33046900720956,162.18136846013348,240.15318021981304,263.024911669319,256.78716672854466,111.23978477714283,282.77777064843787,142.42850948101466,120.59640218830438,273.4211532372763,206.88520720234976,137.230388697036,215.20220045671556,215.20220045671556,181.93422743925228,181.93422743925228,85.24918085724964,198.56821394798393,240.15318021981304,168.41911340090783,169.45873755770356,154.90399936256338,160.102120146542,215.20220045671556,128.9133954426702,283.81739480523356
B02013,99000000184,Synthetic Census Tract 99000000184,1.0,Total:,138.78748568503997,135.58469755384675,+/-127,82.2048953672929,81.13729932356183,101.42162415445229,100.35402811072122,68.32614679878891,131.31431337892244,171.88296304070334,196.43767204651812,54.44739823028491,83.27249141102399,171.88296304070334,179.3561353468209,108.89479646056982,140.92267777250214,100.35402811072122,210.3164206150221,136.65229359757782,169.7477709532412,195.37007600278704,93.94845184833476,137.7198896413089,113.16518063549414,130.24671733519136,128.11152524772922,197.5052680902492,153.73383029727506,49.10941801162953,188.96449974040058,148.39585007861967,166.54498282204798,186.82930765293844,156.93661842846828,188.96449974040058,90.74566371714153,92.88085580460368,148.39585007861967,112.09758459176305,156.93661842846828,105.69200832937659,172.95055908443445,158.00421447219935,163.34219469085474,163.34219469085474,118.50316085414951,181.49132743428305,135.58469755384675,105.69200832937659,87.5428755859483,186.82930765293844,170.81536699697227,113.16518063549414,103.55681624191445,129.1791212914603,76.86691514863753,152.66623425354396,58.71778240520922,98.21883602325906,124.90873711653597,80.06970327983076,175.0857511718966,154.80142634100613,208.18122852755997,162.27459864712367,146.2606579911575,100.35402811072122,120.63835294161167,201.7756522651735,118.50316085414951,140.92267777250214,103.55681624191445,97.15123997952799,86.47527954221722,58.71778240520922,208.18122852755997,174.01815512816552,123.8411410728049,190.03209578413166,145.19306194742643,174.01815512816552,115.30037272295628,146.2606579911575
B02013,99000000185,Synthetic Census Tract 99000000185,1.0,Total:,544.818155945648,345.05149876557704,+/-380,209.75499003907447,443.1187668357937,447.6589181353408,362.3040737038559,577.5072453023869,541.1860349060104,608.380274139307,552.0823980249234,637.4372424564082,694.6431488307012,658.3219384343247,628.356939857314,556.6225493244704,379.55664864213475,517.5772481483656,713.7117842887989,590.2196689411187,399.53331436014184,604.7481530996693,542.0940651659198,694.6431488307012,686.4708764915165,694.6431488307012,632.897091156861,469.4516443731667,665.5861805136,595.6678505005751,544.818155945648,580.2313360821151,384.09679994168187,368.66028552322183,442.2107365758843,604.7481530996693,646.5175450555023,421.3260405979678,458.5552812542537,603.8401228397598,458.5552812542537,448.56694839525017,594.7598202406657,726.4242079275307,645.6095147955929,543.9101256857385,741.8607223459907,611.1043649190352,554.8064888046515,501.2327034699962,533.921792826735,539.3699743861915,363.21210396376534,582.9554268618433,365.93619474349356,517.5772481483656,618.3686069983105,563.8867914037456,391.36104202095714,493.96846139072085,649.2416358352306,382.280739421863,570.2430032231116,428.59028267724307,332.3390751268453,382.280739421863,497.6005824303585,598.3919412803034,506.6808850294526,599.2999715402128,513.0370968488186,543.9101256857385,607.4722438793975,765.4695091036355,588.4036084212999,504.8648245096338,467.63558385334784,512.1290665889092,659.2299686942341,522.1173994479127,668.3102712933282,693.7351185707918,495.7845219105397,385.91286046150066
B02013,99000000186,Synthetic Census Tract 99000000186,1.0,Total:,275.52443168813664,204.99770002735082,+/-218,124.12704772298306,283.04728306528716,326.30367848390244,344.17045050463486,342.2897376603472,292.45084728672526,284.92799590957475,356.3950839925044,356.3950839925044,217.22233351522036,417.51825143185215,372.3811431689492,215.34162067093274,293.39120370886906,230.38732342523372,173.96593809660504,343.23009408249106,289.6297780202938,307.49655004102624,236.96981838024038,227.56625415880228,141.99381974371548,290.5701344424376,268.0015803109862,273.64371884384906,226.6258977366585,319.7211835288958,283.98763948743095,225.68554131451467,261.41908535597946,173.02558167446125,198.41520507234415,266.12086746669854,314.0790449960329,314.0790449960329,198.41520507234415,224.74518489237084,245.4330261795347,259.5383725116919,298.09298581958814,216.28197709307656,257.65765966740423,169.264155985886,138.23239405514022,271.7630059995614,259.5383725116919,275.52443168813664,153.27809680944122,352.63365830392917,274.58407526599285,265.18051104455475,275.52443168813664,288.68942159815003,278.3455009545681,261.41908535597946,258.598016089548,334.76688628319675,282.1069266431433,223.80482847022705,200.29591791663177,259.5383725116919,339.46866839391583,408.114687210414,376.14256885752445,302.79476793030716,333.82652986105296,171.1448688301736,344.17045050463486,322.5422527953272,275.52443168813664,310.3176193074577,331.0054605946215,272.7033624217052,262.3594417781233,323.482609217471,266.12086746669854,419.39896427613974,171.1448688301736,339.46866839391583,197.47484865020033,247.3137390238223
B02013,99000000187,Synthetic Census Tract 99000000187,1.0,Total:,13.87477103791693,23.124618396528216,+/-25,13.87477103791693,14.799755773778058,18.49969471722257,17.574709981361444,12.024801566194672,2.7749542075833857,20.34966418894483,1.8499694717222572,14.799755773778058,15.724740509639187,13.87477103791693,14.799755773778058,12.9497863020558,16.649725245500314,17.574709981361444,3.6999389434445145,17.574709981361444,14.799755773778058,3.6999389434445145,4.624923679305643,20.34966418894483,17.574709981361444,27.74954207583386,16.649725245500314,18.49969471722257,30.524496283417243,22.199633660667086,19.4246794530837,28.67452681169499,2.7749542075833857,12.024801566194672,3.6999389434445145,10.174832094472414,19.4246794530837,13.87477103791693,18.49969471722257,5.5499084151667715,24.974587868250474,23.124618396528216,12.9497863020558,10.174832094472414,16.649725245500314,9.249847358611285,2.7749542075833857,15.724740509639187,22.199633660667086,11.099816830333543,30.524496283417243,20.34966418894483,17.574709981361444,20.34966418894483,15.724740509639187,27.74954207583386,16.649725245500314,4.624923679305643,17.574709981361444,15.724740509639187,27.74954207583386,25.8995726041116,20.34966418894483,13.87477103791693,3.6999389434445145,12.9497863020558,17.574709981361444,6.4748931510279,12.024801566194672,12.9497863020558,13.87477103791693,0.9249847358611286,17.574709981361444,16.649725245500314,18.49969471722257,18.49969471722257,5.5499084151667715,17.574709981361444,18.49969471722257,21.27464892480596,4.624923679305643,13.87477103791693,15.724740509639187,15.724740509639187
B02013,99000000188,Synthetic Census Tract 99000000188,1.0,Total:,927.8400455817798,579.5246886643479,+/-579,352.3189817095863,954.8645129288219,1106.0013488326501,1118.0122232091132,963.8726687111692,1099.9959116444186,911.8255464131622,904.8192030268921,864.7829551053482,1149.0403153483098,1075.9741628914921,793.7186150446078,1071.9705380993378,620.5618427839304,707.6406820132884,1120.0140356051904,737.6678679544463,945.8563571464745,821.7439885896885,903.8182968288535,675.6116836760532,954.8645129288219,997.9034794444816,1256.1372785384397,961.870856315092,1050.9515079405273,936.8482013641271,941.8527323543201,819.7421761936113,1353.2251797481836,1050.9515079405273,976.884449285671,1032.9351963758324,583.5283134565022,556.5038461094601,862.781142709271,605.5482498133514,1072.9714442973764,1006.9116352268289,1050.9515079405273,610.5527808035444,953.8636067307833,978.8862616817482,1083.9814124758009,919.832795997471,1088.9859434659938,1240.1227793698222,967.8762935033236,823.7458009857656,1165.0548145169273,881.7983604720043,943.8545447503973,1169.0584393090817,926.8391393837412,642.5817791407795,1025.9288529895623,920.8337021955095,737.6678679544463,983.8907926719412,952.8627005327447,671.6080588838988,980.8880740778254,904.8192030268921,985.8926050680184,901.8164844327762,1032.9351963758324,956.8663253248991,680.6162146662463,598.5419064270812,930.8427641758956,1261.1418095286326,937.8491075621657,1101.9977240404958,737.6678679544463,692.6270890427094,796.7213336387235,906.8210154229693,957.8672315229377,1028.931571583678,1046.9478831483727,507.4594424055689
B02013,99000000189,Synthetic Census Tract 99000000189,1.0,Total:,288.48534705808646,240.2296162774611,+/-229,145.8162299675419,455.2823295389437,248.62191728278725,201.41522412782763,163.64986960385997,145.8162299675419,374.5064323626795,317.858400576728,217.1507885128142,322.05455107939105,405.97756113265257,156.30660622419958,200.36618650216187,230.78827764646917,218.19982613847995,335.6920402130461,280.0930460527603,310.5151371970676,246.5238420314557,290.583422309418,317.858400576728,240.2296162774611,274.8478579244315,265.40651929343954,349.32952934670107,349.32952934670107,225.54308951814033,244.42576678012418,366.11413135735336,349.32952934670107,273.7988202987657,314.7112876997307,376.6045076140111,284.2891965554234,317.858400576728,228.69020239513765,312.61321244839917,324.1526263307226,333.5939649617145,400.73237300432373,354.5747174750299,214.00367563581688,302.12283619174144,293.7305351864153,383.94777099367144,447.93906615928336,242.32769152879263,218.19982613847995,421.7131255176391,317.858400576728,160.50275672686266,388.14392149633454,351.4276045980326,371.3593194856822,334.6430025873803,189.87581024550417,381.8496957423399,322.05455107939105,307.36802432007033,251.76903015978456,317.858400576728,341.9862659670407,254.91614303678185,233.93539052346648,190.92484787116996,250.71999253411877,343.03530359270644,359.81990560335873,134.27681608521843,276.945933175763,291.6324599350838,150.01238047020496,148.9633428445392,267.50459454477107,237.0825034004638,324.1526263307226,322.05455107939105,230.78827764646917,282.19112130409184,263.308444042108,306.31898669440454
B02013,99000000190,Synthetic Census Tract 99000000190,1.0,Total:,2562.9539175503687,1349.1931151235929,"+/-1,315",819.7758927633085,2140.2409415572733,3191.8933696954355,3168.2953152103837,2007.8866359672024,1956.5865175214385,2347.49342007816,1897.0783801243522,2665.5541544418966,3092.3711399106533,3423.7699050702886,1981.2105743754053,2733.2703107903053,2638.8780928500996,2749.6863486929497,2471.6397067169087,2588.603976773251,2118.6948918100525,2932.3147703598693,2521.9138227937574,1962.7425317349303,2465.4836925034174,2610.150026520472,2732.24430842139,2648.112114170337,2495.2377612019604,2492.1597540952143,2633.748081005523,2613.2280336272174,1954.5345127836079,2721.984284732237,1638.5257831577017,2505.497784891113,3363.235765304287,2526.0178322694187,3086.2151256971615,2224.3731358083264,2468.561699610163,3000.030926708278,2864.598614011461,3045.17503094055,1678.5398755453978,3368.3657771488633,3098.527154124145,2112.538877596561,2700.438234985016,2141.266943926189,1952.4825080457774,2897.43068981675,2594.7599909867427,3209.335409966995,2505.497784891113,2702.490239722847,2339.2854011268378,3028.758993037906,2452.1456617075187,2790.726443449561,1922.7284393472341,2600.916005200234,2705.5682468295927,2230.529150021818,2283.8812732054125,2228.4771452839877,2535.251853589656,2866.6506187492914,2702.490239722847,2211.0351050124277,2569.1099317638605,3067.7470830566863,1760.62006505862,2388.5335148347713,2030.4586880833385,2700.438234985016,3096.475149386314,2651.1901212770827,3032.8630025135667,2615.280038365048,2380.325495883449,2614.2540359961326,2997.9789219704476,2666.5801568108122
B02013,99000000191,Synthetic Census Tract 99000000191,1.0,Total:,809.0910222840047,239.73067326933472,+/-224,145.55076591352466,871.164143041243,821.9337369234333,894.7091198801957,816.5826058236713,854.040523522005,856.1809759619097,903.2709296398147,910.7625131794814,762.0010686060996,861.5321070616716,791.9674027647665,699.9279478488612,870.0939168212907,698.8577216289087,714.9111149281946,802.6696649642903,791.9674027647665,718.1217935880518,801.5994387443379,691.3661380892421,798.3887600844807,824.0741893633381,745.9476753068138,976.0463125965771,969.6249552768627,826.2146418032428,806.9505698440998,785.5460454450521,708.4897576084802,735.2454131072899,876.5152741410051,917.1838704991958,780.1949143452902,696.717269189004,806.9505698440998,722.4026984678613,837.9871302227191,856.1809759619097,897.9197985400527,736.3156393272424,817.6528320436238,763.071294826052,749.1583539666709,708.4897576084802,762.0010686060996,793.0376289847188,829.4253204631,801.5994387443379,713.8408887082422,891.4984412203385,704.2088527286708,856.1809759619097,926.8159064787673,901.1304771999099,851.9000710821001,809.0910222840047,754.509485066433,949.2906570977674,933.2372637984815,748.0881277467186,852.9702973020525,863.6725595015764,768.422425925814,839.0573564426714,839.0573564426714,767.3521997058615,725.6133771277184,871.164143041243,769.4926521457663,708.4897576084802,753.4392588464805,922.5350015989577,936.4479424583387,790.8971765448141,873.3045954811479,755.5797112863853,788.7567241049093,828.3550942431476,867.953464381386,730.9645082274803
B02013,99000000192,Synthetic Census Tract 99000000192,1.0,Total:,0.9310425984882182,3.724170393952873,+/-4,1.8620851969764365,0.9310425984882182,0.9310425984882182,1.8620851969764365,0.9310425984882182,2.7931277954646547,1.8620851969764365,0.0,0.0,1.8620851969764365,0.9310425984882182,0.9310425984882182,0.9310425984882182,2.7931277954646547,0.0,0.9310425984882182,1.8620851969764365,1.8620851969764365,1.8620851969764365,0.0,0.0,0.9310425984882182,0.9310425984882182,3.724170393952873,0.9310425984882182,2.7931277954646547,1.8620851969764365,0.0,0.0,0.9310425984882182,0.9310425984882182,1.8620851969764365,0.9310425984882182,2.7931277954646547,0.0,0.9310425984882182,2.7931277954646547,1.8620851969764365,1.8620851969764365,0.0,1.8620851969764365,1.8620851969764365,0.9310425984882182,0.0,1.8620851969764365,0.0,0.0,1.8620851969764365,1.8620851969764365,0.9310425984882182,0.9310425984882182,1.8620851969764365,0.9310425984882182,0.0,1.8620851969764365,0.9310425984882182,0.9310425984882182,0.9310425984882182,0.0,2.7931277954646547,3.724170393952873,1.8620851969764365,0.9310425984882182,0.0,0.9310425984882182,0.0,0.0,1.8620851969764365,1.8620851969764365,1.8620851969764365,0.9310425984882182,1.8620851969764365,0.9310425984882182,0.0,2.7931277954646547,0.9310425984882182,1.8620851969764365,0.9310425984882182,0.0,2.7931277954646547,0.0
B02013,99000000193,Synthetic Census Tract 99000000193,1.0,Total:,628.1545310322194,743.3161950547931,+/-710,452.27126234319803,807.178572376402,369.56424909062247,588.3714107335122,613.497591974801,293.1387811483691,978.8741441918753,707.7207716296339,690.9699841354415,297.3264780219172,676.3130450780229,558.0106084002883,784.1462395718872,729.7061802157616,621.8729857218973,323.499583481593,1161.0389581912189,931.7625543644589,654.3276364918953,875.2286465715591,649.0930153999601,747.5038919283412,579.996016986416,247.07411553933966,222.99485851643792,612.450667756414,640.7176216528638,247.07411553933966,718.1900138135043,563.2452294922234,912.9179184334922,843.8209200199482,581.042941204803,880.4632676634943,326.6403561367541,714.0023169399561,609.3098951012529,658.5153333654434,261.7310545967581,534.9782755957735,347.5788405044948,585.2306380783511,236.60487335546932,577.9021685496419,595.6998802622214,302.5610991138524,777.8646942615651,747.5038919283412,604.0752740093177,229.2764038267601,675.2661208596359,572.6675474577067,829.1639809625296,608.2629708828658,598.8406529173825,322.452659263206,789.3808606638224,899.3079035944609,517.180563883194,837.5393747096259,623.9668341586713,1079.3788691570305,721.3307864686653,288.95108427482097,326.6403561367541,641.7645458712509,681.5476661699581,300.4672506770783,1073.0973238467082,798.8031786293058,972.5925988815532,843.8209200199482,584.1837138599641,819.7416629970464,338.15652253901146,521.3682607567422,677.35996929641,651.1868638367341,314.0772655161097,788.3339364454354,288.95108427482097
B02013,99000000194,Synthetic Census Tract 99000000194,1.0,Total:,1252.1034697638238,485.2604901558447,+/-517,294.7230056265672,1438.886521100406,1297.1566680761653,1421.0529634351042,1242.717386782086,1072.8292848126316,1081.2767594961956,1276.507285516342,1529.931526023263,1077.5223263035004,1240.8401701857383,1157.3040316482718,1088.785625881586,1302.7883178652078,1128.2071744048847,1163.8742897354882,1205.1730548551348,1328.1307419159,1411.6668804533665,1128.2071744048847,941.4241230683023,1192.9711469788756,1209.8660963460036,1271.814244025473,1438.886521100406,1342.2098663885067,1256.7965112546926,1420.1143551369305,1037.1621694820278,1194.8483635752232,1422.9301800314518,1592.8182820009063,1189.2167137861804,1146.9793403683602,1269.9370274291255,1090.6628424779333,1385.3858481045006,1032.469127991159,1438.886521100406,1277.4458938145158,1345.025691283028,1462.3517285547507,1308.4199676542505,1758.0133424794917,1289.647801690775,1184.5236722953114,1201.4186216624396,1177.0148059099213,1441.7023459949273,1167.6287229281834,1279.3231104108634,1241.7787784839122,1122.575524615842,1228.6382623094792,1095.3558839688023,1190.155322084354,1331.8851751085951,1278.3845021126895,1316.8674423378145,1122.575524615842,1017.4513952203785,1146.0407320701866,1221.1293959240888,1237.0857369930432,1514.9137932524823,1353.473165966592,1244.5946033784335,1421.991571733278,1108.4964001432352,1184.5236722953114,1284.0161519017322,1443.579562591275,1166.6901146300097,1049.364077358287,1119.7596997213207,1116.9438748267992,1436.0706962058848,1052.1799022528085,1448.272604082144,1193.9097552770493,1307.4813593560768
B02013,99000000195,Synthetic Census Tract 99000000195,1.0,Total:,162.20579754480522,201.3260193056112,+/-211,122.1314240337357,215.6382955595646,171.74731504744082,80.14874702213905,79.19459527187549,188.9220465521849,228.99642006325445,87.78196102424754,231.85887531404512,186.05959130139422,123.08557578399926,160.2974940442781,167.9307080463866,141.2144590390069,118.31481703268146,76.33214002108481,230.90472356378154,158.38919054375097,166.02240454585947,240.44624106641714,185.10543955113067,166.97655629612302,208.00508155745612,156.48088704322387,146.93936954058827,235.67548231509934,178.42637729928575,200.37186755534762,163.15994929506877,274.7957040759053,83.01120227292974,100.18593377767381,87.78196102424754,55.340801515286486,218.50075081035527,174.6097702982315,145.03106604006115,62.01986376713141,188.9220465521849,163.15994929506877,248.07945506852565,44.845132262387324,179.3805290495493,279.5664628272231,191.7845018029756,192.73865355323915,68.69892601897632,208.95923330771967,75.37798827082125,118.31481703268146,183.19713605060355,170.79316329717727,171.74731504744082,139.30615553847977,137.39785203795265,279.5664628272231,78.24044352161194,107.8191477797823,136.4437002876891,78.24044352161194,167.9307080463866,181.28883255007642,67.74477426871277,147.89352129085182,216.59244730982815,75.37798827082125,142.16861078927047,205.14262630666542,183.19713605060355,83.9653540231933,217.54659906009172,227.08811656272732,259.52927607168834,216.59244730982815,44.845132262387324,154.57258354269675,175.56392204849507,249.98775856905274,88.7361127745111,213.72999205903747,56.29495326555005
B02013,99000000196,Synthetic Census Tract 99000000196,1.0,Total:,10.41980939456261,11.46179033401887,+/-11,7.293866576193826,6.2518856367375655,13.545752212931392,6.2518856367375655,9.377828455106348,8.335847515650087,14.587733152387653,11.46179033401887,10.41980939456261,12.503771273475131,10.41980939456261,7.293866576193826,11.46179033401887,14.587733152387653,7.293866576193826,8.335847515650087,14.587733152387653,11.46179033401887,10.41980939456261,7.293866576193826,12.503771273475131,10.41980939456261,17.713675970756434,14.587733152387653,10.41980939456261,12.503771273475131,9.377828455106348,11.46179033401887,12.503771273475131,9.377828455106348,16.671695031300175,10.41980939456261,11.46179033401887,11.46179033401887,10.41980939456261,11.46179033401887,8.335847515650087,16.671695031300175,14.587733152387653,18.755656910212696,9.377828455106348,12.503771273475131,6.2518856367375655,13.545752212931392,10.41980939456261,8.335847515650087,6.2518856367375655,6.2518856367375655,5.209904697281305,12.503771273475131,13.545752212931392,11.46179033401887,7.293866576193826,14.587733152387653,12.503771273475131,8.335847515650087,13.545752212931392,10.41980939456261,11.46179033401887,13.545752212931392,8.335847515650087,9.377828455106348,13.545752212931392,14.587733152387653,19.79763784966896,6.2518856367375655,8.335847515650087,9.377828455106348,13.545752212931392,14.587733152387653,14.587733152387653,12.503771273475131,11.46179033401887,20.83961878912522,10.41980939456261,14.587733152387653,16.671695031300175,11.46179033401887,13.545752212931392,14.587733152387653,10.41980939456261
B02013,99000000197,Synthetic Census Tract 99000000197,1.0,Total:,531.5798641351722,311.27563178224517,+/-284,189.6150855574944,567.7492157155035,622.5512635644903,468.00948863034745,394.57474451270514,483.35406202806377,380.32621207196854,682.8335161983758,565.5571338015441,496.50655351182064,423.0718093941783,596.2462805969766,545.8283965759088,575.4215024143616,585.2858710271793,554.5967242317466,432.93617800699593,690.5058028972339,574.325461457382,427.4559732220972,473.48969341524617,592.9581577260375,426.3599322651175,705.8503762949503,735.4434821334032,573.2294205004022,580.9017071992603,355.1172700614346,550.2125604038278,484.45010298504354,591.8621167690577,360.5974748463333,463.6253248024285,666.3929018436797,527.1957003072532,511.85112690953696,489.9303077699422,485.54614394202326,383.61433494290776,533.7719460491317,466.9134476733677,496.50655351182064,655.4324922738824,523.907577436314,348.5410243195562,473.48969341524617,355.1172700614346,747.4999326601803,527.1957003072532,523.907577436314,522.8115364793343,733.2514002194437,501.9867582967193,560.0769290166453,671.8731066285785,562.2690109306048,551.3086013608074,542.5402737049695,471.29761150128667,572.1333795434224,571.0373385864427,534.8679870061114,397.86286738364436,546.9244375328885,591.8621167690577,636.7997960052269,599.5344034679158,439.5124237488743,565.5571338015441,592.9581577260375,575.4215024143616,443.89658757679325,594.0541986830171,401.1509902545836,302.5073041264073,540.3481917910101,530.4838231781924,483.35406202806377,518.4273726514153,470.20157054430695,630.2235502633484
B02013,99000000198,Synthetic Census Tract 99000000198,1.0,Total:,270.91181111678475,180.9486436515883,+/-177,110.40934188910472,328.1610995037279,189.1271134211516,315.89339484938296,308.73723380101507,186.06018725756536,277.0456634439572,198.3278919119103,376.2096093999124,311.8041599646013,286.24644193471596,276.0233547227618,312.8264686857967,158.45785178528917,259.6664151836352,348.6072739276362,177.88171748800204,238.19793203853146,347.58496520644076,276.0233547227618,241.26485820211772,224.90791866299108,285.22413321352053,248.4210192504856,287.26875065591133,279.090280886348,325.09417334014165,247.3987105292902,262.7333413472214,288.29105937710676,237.17562331733606,321.00493845536,203.4394355178874,268.8671936743939,220.81868377820945,291.357985540693,237.17562331733606,316.91570357057833,348.6072739276362,286.24644193471596,319.9826297341646,323.04955589775085,199.35020063310574,241.26485820211772,256.5994890200489,158.45785178528917,260.68872390483057,249.44332797168101,381.3211530058894,346.5626564852454,215.70714017223236,270.91181111678475,332.25033438850954,266.8225762320031,252.51025413526727,310.78185124340587,217.7517576146232,303.625690195038,398.7004012662115,252.51025413526727,234.10869715374983,179.92633493039287,346.5626564852454,284.2018244923251,259.6664151836352,206.50636168147363,334.2949518309004,290.33567681949756,305.6703076374288,347.58496520644076,236.15331459614063,406.8788710357748,265.80026751080766,220.81868377820945,287.26875065591133,263.7556500684168,300.55876403145174,266.8225762320031,275.00104600156635,204.4617442390828,363.9419047455674
B02013,99000000199,Synthetic Census Tract 99000000199,1.0,Total:,189.4672131036379,131.1696090717493,+/-144,79.24830548084854,112.04070774878586,131.1696090717493,187.64541297764137,224.99231556057,206.77431430060483,198.57621373362048,201.30891392261526,204.9525141746083,219.52691518258044,148.47671026871623,193.11081335563094,164.8729114026849,259.60651795450383,213.15061474159262,204.04161411161004,186.73451291464312,160.3184110876936,303.32972097842026,167.60561159167966,211.32881461559612,138.45680957573538,151.20941045771102,211.32881461559612,242.29941675753693,177.62551228466052,200.398013859617,168.51651165467794,196.75441360762397,231.3686160015578,141.18950976473016,231.3686160015578,175.803712158664,204.04161411161004,220.4378152455787,154.85301070970405,166.6947115286814,186.73451291464312,236.83401637954736,159.40751102469534,219.52691518258044,145.74401007972145,126.61510875675802,173.07101196966923,163.05111127668837,233.19041612755433,196.75441360762397,210.41791455259786,228.63591581256304,132.99140919774584,125.70420869375975,228.63591581256304,236.83401637954736,265.0719183324934,168.51651165467794,154.85301070970405,241.38851669453865,151.20941045771102,194.93261348162744,219.52691518258044,275.09181902547425,159.40751102469534,189.4672131036379,204.04161411161004,168.51651165467794,186.73451291464312,162.14021121369012,169.4274117176762,245.0321169465317,133.9023092607441,153.03121058370752,243.21031682053518,233.19041612755433,257.7847178285073,191.2890132296344,106.57530737079631,214.0615148045909,180.3582124736553,214.0615148045909,227.72501574956476,191.2890132296344
B02013,99000000200,Synthetic Census Tract 99000000200,1.0,Total:,89.02377607673908,127.90772424818833,+/-125,77.76789634289851,153.489269097826,111.53553554442023,118.69836810231877,90.04703787072458,30.6978538195652,95.16334684065212,122.7914152782608,86.97725248876806,61.3957076391304,146.32643653992744,76.744634548913,35.814162789492734,51.16308969927533,37.86068637746374,86.97725248876806,98.23313222260865,79.81441993086952,90.04703787072458,81.86094351884053,33.76763920152172,138.1403421880434,152.46600730384048,158.60557806775353,80.83768172485503,32.74437740753621,127.90772424818833,143.25665115797094,82.88420531282604,90.04703787072458,140.1868657760144,88.00051428275357,37.86068637746374,47.070042523333306,44.000257141376785,71.62832557898547,89.02377607673908,80.83768172485503,89.02377607673908,97.20987042862313,153.489269097826,41.953733553405776,33.76763920152172,38.883948171449255,89.02377607673908,125.86120066021732,84.93072890079705,31.721115613550705,73.67484916695648,81.86094351884053,34.79090099550723,68.55854019702895,190.32669368130425,172.93124318355063,157.58231627376801,97.20987042862313,93.1168232526811,106.4192265744927,77.76789634289851,91.07029966471009,146.32643653992744,35.814162789492734,31.721115613550705,48.09330431731881,70.60506378499996,110.51227375043472,115.62858272036225,37.86068637746374,103.34944119253618,66.51201660905794,38.883948171449255,90.04703787072458,104.37270298652167,138.1403421880434,139.16360398202892,94.14008504666661,96.18660863463762,86.97725248876806,84.93072890079705,100.27965581057965,45.02351893536229
B02013,99000000201,Synthetic Census Tract 99000000201,1.0,Total:,1587.0972827221103,746.7624306797795,+/-822,454.23505515801673,1407.2202008795357,1372.6983366875265,1404.4947905485876,1949.5768567382077,2024.9798758944385,1850.55361471376,2007.7189437984339,1228.2515891472772,1841.4689136105997,1480.8062798151345,1271.8581544424467,1109.2420046958769,1389.9592687835311,1529.8636657722002,1720.6423889385674,1508.9688532349314,1765.157424344053,1330.908711612989,1596.1819838252707,1773.3336553368972,1534.4060163237805,1535.3144864340966,1533.4975462134644,1387.233858452583,1347.2611735986775,1356.3458747018378,1406.3117307692198,1605.266684928431,1433.5658340787008,1436.291244409649,1694.2967557394022,1898.7025305605098,1786.9607069916378,1591.6396332736906,1617.9852664728555,1552.5754185301012,1559.8431794126293,1901.4279408914579,1558.0262391919973,1645.2393697823366,1656.1410111061289,1245.5125212432818,1534.4060163237805,1939.5836855247314,1558.0262391919973,1588.0057528324264,1313.6477795169844,1979.5563703786368,1250.054871794862,1681.578174194978,1704.2899269528787,1655.232540995813,1637.9716088998082,1312.7393094066683,1272.7666245527628,2192.1383761925886,1690.6628752981383,1614.3513860315913,1585.2803425014783,1377.2406872391066,1697.9306361806664,1954.119207289788,1586.1888126117944,1429.0234835271206,1244.6040511329659,1419.9387824239602,1751.5303726893123,1173.7433825283151,1553.483888640417,1706.1068671735109,1583.4634022808461,1644.3308996720205,1753.3473129099445,1856.0044353756564,1564.3855299642096,1213.7160673822207,1526.2297853309362,1478.0808694841865,1682.4866443052938,2036.7899873285469
B02013,99000000202,Synthetic Census Tract 99000000202,1.0,Total:,387.65849121841086,263.8231398569741,+/-245,160.44754219873118,320.89508439746237,426.424340340252,442.5767774743524,381.1975163647707,450.114581470266,304.7426472633619,354.2767878079366,399.5036117834179,450.114581470266,239.05606958468672,390.88897864523096,316.5877678283689,243.36338615378017,349.96947123884314,400.5804409256912,283.2060644178946,421.04019462888516,376.89019979567723,339.2011798161095,450.114581470266,553.4901791285089,380.12068722249734,399.5036117834179,237.97924044241336,288.59021012926144,425.34751119797863,396.2731243565978,313.3572804015488,245.5170444383269,449.0377523279926,332.74020496246936,398.42678264114454,524.415792287128,394.11946607205107,417.80970720206506,453.34506889708604,404.8877574947847,422.11702377115853,396.2731243565978,483.49628488074023,445.8072649011725,339.2011798161095,355.35361695021,222.90363245058626,217.51948673921945,503.9560385839342,436.11580262071226,382.2743455070441,244.44021529605354,529.7999379984949,321.9719135397357,422.11702377115853,465.1901894620931,506.10969686848085,380.12068722249734,384.4280037915908,380.12068722249734,469.4975060311865,396.2731243565978,292.8975266983549,316.5877678283689,385.5048329338642,370.4292249420371,505.03286772620754,403.8109283525113,329.50971753564926,365.04507923067024,405.96458663705806,519.0316465757612,259.5158232878806,488.8804305921071,323.04874268200905,244.44021529605354,369.3523957997637,318.74142611291563,256.2853358610605,371.50605408431045,270.28411471061423,411.3487323484249,345.6621546697497
B02013,99000000203,Synthetic Census Tract 99000000203,1.0,Total:,625.1493942120745,395.9279496676472,+/-380,240.6825167716487,508.4548406258206,513.6644189109212,415.7243471510296,662.658357864799,620.981731583994,698.0834902034833,633.4847194682355,731.4247912281272,797.0654776203951,755.38885133959,721.005634657926,638.6942977533362,435.5207446344119,593.8919245014708,818.9457064178176,677.2451770630807,458.44288908885466,693.9158275754028,622.0236472410141,797.0654776203951,787.688236707214,797.0654776203951,726.2152129430266,538.6703946794042,763.724176595751,683.4966710052015,625.1493942120745,665.7841048358594,440.73032291951256,423.01775675017046,507.4129249688005,693.9158275754028,741.8439477983285,483.44886485733764,526.1674067951627,692.8739119183826,526.1674067951627,514.7063345679413,682.4547553481814,833.5325256160994,740.8020321413084,624.1074785550544,851.2450917854414,701.2092371745437,636.6104664392959,575.1374426751086,612.646406327833,618.8979002699538,416.7662628080497,668.9098518069197,419.8920097791101,593.8919245014708,709.5445624307046,647.0296230094972,449.0656481756735,566.8021174189475,744.9696947693889,438.6464916054723,654.3230326086381,491.78419011349865,381.34113046936545,438.6464916054723,570.969780047028,686.6224179762619,581.3889366172293,687.664333633282,588.6823462163702,624.1074785550544,697.0415745464632,878.3348988679647,675.1613457490405,579.3051053031891,536.586563365364,587.6404305593501,756.4307669966101,599.1015027865715,766.8499235668114,796.023561963375,568.8859487329878,442.8141542335528
B02013,99000000204,Synthetic Census Tract 99000000204,1.0,Total:,121.50132400698509,118.69744729913158,+/-127,71.96616883490655,71.03154326562205,88.78942908202757,87.85480351274306,59.816036434208044,114.95894502199359,150.4747166548046,171.97110474834813,47.665904033509534,72.90079440419106,150.4747166548046,157.0170956397961,95.33180806701907,123.37057514555408,87.85480351274306,184.12123714904664,119.63207286841609,148.6054655162356,171.03647917906363,82.24705009703607,120.5666984377006,99.07031034415708,114.02431945270908,112.15506831414008,172.90573031763262,134.5860819769681,42.99277618708703,165.42872576335662,129.9129541305456,145.80158880838212,163.5594746247876,137.3899586848216,165.42872576335662,79.44317338918256,81.31242452775156,129.9129541305456,98.13568477487257,137.3899586848216,92.52793135916556,151.4093422240891,138.3245842541061,142.99771210052862,142.99771210052862,103.74343819057958,158.88634677836512,118.69744729913158,92.52793135916556,76.63929668132906,163.5594746247876,149.54009108552012,99.07031034415708,90.65868022059657,113.08969388342459,67.29304098848405,133.6514564076836,51.40440631064754,85.98555237417406,109.35119160628658,70.09691769633756,153.2785933626581,135.5207075462526,182.25198601047762,142.0630865312441,128.0437029919766,87.85480351274306,105.61268932914858,176.64423259477064,103.74343819057958,123.37057514555408,90.65868022059657,85.05092680488956,75.70467111204455,51.40440631064754,182.25198601047762,152.34396779337362,108.41656603700208,166.36335133264112,127.1090774226921,152.34396779337362,100.93956148272608,128.0437029919766
B02013,99000000205,Synthetic Census Tract 99000000205,1.0,Total:,193.77062644578115,72.54919189202234,+/-79,44.0805216559123,201.1173800550999,177.24043082481404,142.34335118055014,192.8522822446163,143.261695381715,201.1173800550999,174.4853982213195,209.38247786558344,209.38247786558344,210.30082206674828,208.4641336644186,198.36234745160536,194.688970646946,230.50439449237473,162.54692360617662,181.83215183063825,155.20016999685788,224.9943292853857,243.3612133086825,178.15877502597888,193.77062644578115,217.647575676067,214.89254307257247,202.95406845742954,162.54692360617662,178.15877502597888,200.19903585393504,213.05585467024278,242.44286910751765,190.0972496411218,176.3220866236492,175.40374242248436,174.4853982213195,210.30082206674828,170.81202141666017,181.83215183063825,188.26056123879212,213.97419887140762,204.79075685975923,169.89367721549533,177.24043082481404,185.5055286352976,214.89254307257247,204.79075685975923,192.8522822446163,196.52565904927567,163.46526780734146,197.44400325044052,142.34335118055014,168.9753330143305,157.9552026003524,235.09611549819894,191.9339380434515,195.60731484811083,212.13751046907794,195.60731484811083,201.1173800550999,185.5055286352976,202.03572425626473,177.24043082481404,216.72923147490215,179.99546342830857,179.07711922714373,186.42387283646244,199.2806916527702,220.40260827956152,204.79075685975923,196.52565904927567,185.5055286352976,218.56591987723183,229.58605029120992,186.42387283646244,187.34221703762728,179.07711922714373,241.5245249063528,200.19903585393504,204.79075685975923,172.64870981898986,189.17890543995696,200.19903585393504
B02013,99000000206,Synthetic Census Tract 99000000206,1.0,Total:,274.45504721238666,172.35402282279574,+/-184,104.91114432691914,296.9360067110122,240.7336079644484,281.0119937328191,307.2397798145489,211.69570194539043,341.8979257082633,331.59415260472656,263.21456746307393,388.73325799706646,248.2272611306569,238.86019467289626,378.4294848935298,279.138580441267,344.7080456455915,295.9993000652361,248.2272611306569,300.68283329411645,298.80942000256437,341.8979257082633,321.2903795011899,246.35384783910476,234.17666144401593,181.72108928055638,247.29055448488083,308.176486460325,213.56911523694254,272.5816339208346,298.80942000256437,319.41696620963774,269.77151398350634,297.87271335678827,319.41696620963774,269.77151398350634,280.0752870870431,241.67031461022447,252.91079435953722,260.40444752574575,205.13875542495796,250.10067442220904,303.4929532314447,340.02451241671116,310.0498997518771,196.7083956129734,276.3284605039388,327.84732602162234,265.0879807546261,283.8221136701473,261.3411541715218,295.9993000652361,369.9991250815452,241.67031461022447,325.03720608429416,280.0752870870431,368.1257117899931,401.8471510379314,297.87271335678827,297.87271335678827,251.97408771376115,250.10067442220904,329.7207393131745,189.2147424467649,185.46791586366064,314.7334329807574,284.7588203159234,225.74630163203136,310.0498997518771,270.70822062928244,271.6449272750585,312.8600196892053,194.83498232142125,261.3411541715218,350.32828552024785,282.88540702437126,296.9360067110122,180.78438263478031,218.25264846582286,232.30324815246382,276.3284605039388,408.4040975583638,378.4294848935298
B02013,99000000207,Synthetic Census Tract 99000000207,1.0,Total:,491.0104352880557,309.0735329268565,+/-282,187.41692954075342,556.7707614427061,615.9550549818913,565.5388049299927,527.1786146731134,418.67407651794036,370.44983733786347,489.9144298521449,326.60961990142994,618.147065853713,540.3306799040434,431.82614174887044,357.2977721069334,548.0027179554194,452.6502450311764,463.61029939028475,398.9459786715453,506.35451139080743,588.5549190841203,408.8100275947428,488.81842441623405,482.242391800769,436.2101634925138,630.2031256487322,427.4421200052271,491.0104352880557,563.3467940581711,596.2269571354963,432.9221471847813,265.23331549042297,488.81842441623405,462.5142939543739,431.82614174887044,373.737853645596,713.499538777956,580.8828810327445,377.0258699533285,610.4750278023371,480.05038092894733,698.1554626752043,598.4189680073179,452.6502450311764,512.9305440062725,377.0258699533285,546.9067125195085,471.2823374416606,436.2101634925138,364.96981015830926,522.79459292947,563.3467940581711,463.61029939028475,454.84225590299803,590.746929955942,617.0510604178022,508.54652226262914,508.54652226262914,562.2507886222602,421.96209282567287,539.2346744681327,448.266223287533,467.9943211339281,421.96209282567287,459.2262776466414,472.37834287757147,618.147065853713,505.25850595489663,526.0826092372025,658.6992669824141,738.7076638039052,324.41760902960823,409.90603303065365,494.2984515957882,514.0265494421833,503.0664950830749,523.8905983653809,610.4750278023371,535.9466581604001,332.0896470809841,426.3461145693162,415.38606021020786,623.6270930332672
B02013,99000000208,Synthetic Census Tract 99000000208,1.0,Total:,59.502727709501876,79.33697027933584,+/-80,48.593894296093204,28.759651726259243,69.41984899441886,20.825954698325656,65.45300048045206,39.66848513966792,99.1712128491698,90.24580369274452,72.39498537989395,57.519303452518486,72.39498537989395,19.83424256983396,70.41156112291056,78.34525815084415,22.809378955309054,51.56903068156829,70.41156112291056,59.502727709501876,69.41984899441886,26.776227469275845,35.70163662570113,65.45300048045206,81.32039453631924,66.44471260894376,87.27066730726942,33.71821236871773,61.486151966485274,64.46128835196036,63.46957622346867,105.12148562011998,39.66848513966792,58.511015581010184,70.41156112291056,98.1795007206781,52.56074281005999,84.29553092179432,96.19607646369471,29.751363854750938,30.743075983242637,76.36183389386075,74.37840963687735,25.784515340784147,89.25409156425282,23.801091083800753,56.52759132402679,44.62704578212641,106.11319774861168,92.22922794972791,89.25409156425282,65.45300048045206,71.40327325140225,19.83424256983396,81.32039453631924,83.30381879330263,16.859106184358865,52.56074281005999,78.34525815084415,66.44471260894376,56.52759132402679,22.809378955309054,33.71821236871773,73.38669750838565,62.47786409497697,54.54416706704339,86.27895517877772,28.759651726259243,68.42813686592716,60.494439837993575,64.46128835196036,99.1712128491698,32.72650024022603,68.42813686592716,59.502727709501876,94.21265220671131,52.56074281005999,93.22094007821961,112.06347051956187,36.693348754192826,39.66848513966792,72.39498537989395,60.494439837993575
B02013,99000000209,Synthetic Census Tract 99000000209,1.0,Total:,445.9764320400149,264.20404741707046,+/-250,160.6360608295788,420.61284348797614,339.2379968835184,445.9764320400149,485.0786310577413,335.01073212484533,677.4191775773686,335.01073212484533,331.8402835558405,476.62410154039503,505.15813866143867,380.45382828058143,457.601410126366,490.36271200608275,424.84010824664927,466.05593964371224,639.3737947493105,368.8288501942303,489.3058958164144,398.4197035049422,377.2833797115766,366.7152178148938,434.3514539536638,369.8856663838986,313.8744083314797,405.8174168326202,536.8626243514872,538.9762567308237,471.34002059205363,348.749342590533,354.0334235388744,447.0332482296832,482.96499867840475,325.49938641783075,552.7148671965114,469.2263882127171,512.5558519891166,548.4876024378382,543.2035214894968,378.34019590124484,423.783292056981,445.9764320400149,367.77203400456204,496.7036091440924,582.3057205072232,373.05611495290344,554.8284995758479,360.37432067688405,305.4198788141334,561.1693967138576,550.6012348171748,377.2833797115766,406.8742330222885,462.8854910747074,481.9081824887365,414.2719463499664,521.0103815064629,369.8856663838986,471.34002059205363,394.1924387462691,448.09006441935145,383.62427684958624,493.53316057508755,383.62427684958624,340.29481307318673,357.20387210787925,499.8740577130973,560.1125805241893,448.09006441935145,366.7152178148938,457.601410126366,461.8286748850391,464.99912345404397,289.5676359691092,603.4420443005889,436.46508633300033,454.4309615573611,482.96499867840475,466.05593964371224,398.4197035049422,424.84010824664927
B02013,99000000210,Synthetic Census Tract 99000000210,1.0,Total:,487.95879250023876,249.62944542643794,+/-243,152.0376869263902,487.95879250023876,506.4498625318268,411.9399490370437,543.4320025950028,441.7311174212688,467.4131591318077,569.1140443055416,528.0227775686794,444.81296242653343,535.2137492476303,388.31247066334794,544.4592842634244,570.1413259739633,492.067919173925,516.7226792160424,572.1958893108064,503.3680175265621,407.83082236335747,415.02179404230833,427.349174063367,410.9126673686221,509.53170753709145,562.9503542950123,448.9220891002197,310.2390638633097,565.0049176318554,470.4950041370723,610.2053110424039,671.8422111476972,284.5570221527708,466.3858774633861,530.0773409055225,573.2231709792279,441.7311174212688,484.8769474949741,494.1224825107681,357.4940206107012,578.3595793213357,529.050059237101,546.5138476002675,534.1864675792087,357.4940206107012,511.58627087393455,371.875963968603,578.3595793213357,522.8863692265717,509.53170753709145,520.8318058897286,551.6502559423752,437.6219907475826,647.1874511055798,332.83926056858394,501.313454189719,462.2767507896999,372.9032456370246,421.1854840528377,436.594709079161,521.8590875581501,572.1958893108064,493.09520084234657,560.8957909581692,487.95879250023876,442.75839908969033,474.60413081075853,498.2316091844543,392.42159733703414,389.3397523317695,387.2851889949264,435.56742741073947,577.3322976529141,500.28617252129743,511.58627087393455,328.7301338948977,517.7499608844639,488.9860741686603,488.9860741686603,475.63141247918014,523.9136508949932,455.085779110749,420.15820238441614
B02013,99000000211,Synthetic Census Tract 99000000211,1.0,Total:,428.111669856509,253.6206574979319,+/-250,154.2013597587426,403.76408673670755,325.64892422734454,428.111669856509,465.64752716620296,321.59099370737766,650.2833658246974,321.59099370737766,318.54754581740247,457.5316661262691,484.92269713604577,365.21374679702194,439.270978786418,470.71994031616157,407.8220172566745,447.38683982635183,613.7619911449951,354.05443786711294,469.70545768616984,382.4599515068813,362.17029890704674,352.0254726071295,416.9523609266,355.06892049710467,301.30134110754307,389.5613299168234,515.3571760357976,517.386141295781,452.4592529763105,334.7792678972701,339.85168104722874,429.12615248650076,463.6185619062195,312.46065003745207,530.5744154856735,450.43028771632703,492.02407554598784,526.5164849657066,521.444071815748,363.1847815370385,406.80753462668275,428.111669856509,353.0399552371212,476.80683609611197,558.9799291254419,358.1123683870798,532.603380745657,345.9385768271791,293.18548006760926,538.6902765256074,528.54545022569,362.17029890704674,390.5758125468151,444.3433919363767,462.60407927622776,397.6771909567572,500.1399365859217,355.06892049710467,452.4592529763105,378.40202098691435,430.1406351164925,368.2571946869971,473.76338820613677,368.2571946869971,326.66340685733627,342.89512893720394,479.85028398608716,537.6757938956156,430.1406351164925,352.0254726071295,439.270978786418,443.32890930638496,446.3723571963601,277.96824061773333,579.2695817252765,418.9813261865835,436.22753089644283,463.6185619062195,447.38683982635183,382.4599515068813,407.8220172566745
B02013,99000000212,Synthetic Census Tract 99000000212,1.0,Total:,140.2829336908845,98.47676139889906,+/-106,59.457667259712636,163.50858496420975,89.18650088956895,85.47039668583692,146.78611604741556,103.1218916535641,161.65053286234374,153.28929840394665,174.65689757540588,143.99903789461655,157.9344286586117,147.7151420983486,143.99903789461655,144.92806394554955,164.43761101514275,163.50858496420975,95.68968324610002,113.3411782138272,127.27656897782236,129.13462107968837,73.39305802370778,140.2829336908845,198.81157489966412,141.2119597418175,191.37936649220003,176.5149496772719,197.88254884873112,129.13462107968837,183.94715808473597,155.14735050581265,104.05091770449711,155.14735050581265,127.27656897782236,121.7024126722243,155.14735050581265,169.0827412698078,127.27656897782236,143.99903789461655,182.08910598286994,130.0636471306214,112.4121521628942,146.78611604741556,125.41851687595634,129.13462107968837,196.95352279779812,162.57955891327674,161.65053286234374,140.2829336908845,162.57955891327674,182.08910598286994,143.99903789461655,170.94079337167383,139.3539076399515,91.04455299143497,192.30839254313307,140.2829336908845,104.97994375543013,140.2829336908845,142.1409857927505,179.30202783007093,121.7024126722243,143.07001184368352,93.83163114423401,128.20559502875537,133.77975133435342,115.19923031569323,178.3730017791379,136.56682948715246,117.05728241755925,99.40578744983206,182.08910598286994,193.23741859406607,106.83799585729615,162.57955891327674,157.0054026076787,165.36663706607578,118.91533451942527,185.80521018660198,147.7151420983486,98.47676139889906,128.20559502875537
B02013,99000000213,Synthetic Census Tract 99000000213,1.0,Total:,509.7478888530378,277.74724713146287,+/-255,168.82675806030096,578.3677969678698,750.4621697003056,465.0904883338614,370.32966284195055,472.7149225688427,575.100182295735,554.4052893722142,510.8370937437494,578.3677969678698,502.1234546180564,522.8183475415772,458.55525898959166,475.9825372409776,446.5740051917639,474.89333235026595,382.3109166397783,472.7149225688427,632.8280415034508,465.0904883338614,508.65868396232617,365.97284327910404,408.4518340168572,462.9120785524382,509.7478888530378,448.7524149731871,519.5507328694423,496.67743016449833,449.8416198638987,426.96831715895473,441.1279807382058,566.3865431700419,652.4337295362599,535.8888062301166,442.2171856289174,516.2831181973075,574.0109774050234,542.4240355743864,560.9405187164839,529.3535768858469,412.8086535797037,454.1984394267452,482.5177665852473,632.8280415034508,706.8939740718408,431.3251367218012,464.00128344314976,612.13314857993,467.2688981152846,450.93082475461034,667.6825980062225,486.8745861480938,446.5740051917639,434.59275139393606,522.8183475415772,566.3865431700419,571.8325676236001,593.6166654378325,407.3626291261456,462.9120785524382,593.6166654378325,548.9592649186561,435.6819562846477,348.5455650277181,565.2973382793303,748.2837599188824,617.5791730334881,396.4705802190294,544.6024453558096,629.5604268313159,454.1984394267452,430.2359318310896,385.5785313119132,541.3348306836747,574.0109774050234,464.00128344314976,523.9075524322889,437.8603660660709,429.14672694037796,542.4240355743864,516.2831181973075
B02013,99000000214,Synthetic Census Tract 99000000214,1.0,Total:,349.53774364707147,223.74256667518586,+/-233,136.358130763418,363.9417715446156,328.4118360640067,276.55733563284775,386.98821618068627,403.3127811312363,319.7694193254802,270.7957244738301,374.504725336148,407.1538552372481,311.1270025869537,386.0279476541833,488.7766799899983,390.82929028669804,367.7828456506274,351.45828070007735,329.37210459050965,289.040826477386,367.7828456506274,410.99492934325986,355.2993548060891,299.6037802689184,381.2266050216686,549.2735971596837,276.55733563284775,288.0805579508831,393.71009586620687,306.325659954439,262.1533077353036,405.2333181842422,411.9551978697628,415.7962719757746,376.4252623891539,277.5176041593507,303.4448543749302,256.39169657628594,329.37210459050965,374.504725336148,299.6037802689184,317.8488822724743,280.3984097388595,361.0609659651068,263.11357626180654,297.6832432159125,484.9356058839865,367.7828456506274,233.3452519402153,528.147689576619,486.8561429369924,276.55733563284775,338.01452132903614,270.7957244738301,297.6832432159125,456.1275500888982,409.07439229025397,403.3127811312363,398.5114384987216,405.2333181842422,340.895326908545,302.48458584842723,438.8427166118452,400.4319755517275,390.82929028669804,300.56404879542134,253.5108909967771,266.9546503678183,411.9551978697628,307.28592848094195,249.66981689076533,292.8819005833978,298.64351174241546,419.63734608178635,303.4448543749302,245.82874278475356,351.45828070007735,399.47170702522453,306.325659954439,343.7761324880538,405.2333181842422,404.27304965773925,323.610493431492
B02013,99000000215,Synthetic Census Tract 99000000215,1.0,Total:,343.27396378858987,242.7292229156005,+/-239,147.26249925841873,341.2427569022668,282.33775719889934,369.67965331078904,398.1165497193113,355.4612051065279,227.4951712681779,429.60025645731804,288.43137785786837,251.86965390405408,338.1959465727823,339.2115500159438,340.2271534591053,306.7122398347755,479.364825172232,564.6755143977987,329.0555155843287,402.17896349195735,264.0568952219922,315.8526708232291,284.36896408522233,428.5846530141566,294.52499851683746,303.665429505291,376.78887741291965,421.475428912026,414.3662048098954,257.96327456302316,328.03991214116724,357.492411992851,379.83568774240416,287.4157744147069,425.537842684672,429.60025645731804,441.78749777525616,384.91370495821167,484.44284238803954,386.9449118445347,340.2271534591053,321.94629148219815,338.1959465727823,335.1491362432978,407.25698070776485,376.78887741291965,331.08672247065175,337.1803431296208,288.43137785786837,470.2243941837784,414.3662048098954,435.6938771162871,204.1362920754632,403.1945669351188,193.98025764384812,343.27396378858987,370.69525675395056,320.9306880390367,384.91370495821167,256.94767111986164,509.83292846707724,380.85129118556563,283.35336064206086,449.91232532054823,174.68379222377945,434.6782736731256,328.03991214116724,261.0100848925077,444.83430810474067,391.00732561718075,347.33637756123585,357.492411992851,352.4143947770434,473.27120451326294,329.0555155843287,410.3037910372494,326.0087052548442,324.99310181168266,348.3519810043974,278.2753434262533,394.05413594666527,313.8214639369061,416.39741169621846
B02013,99000000216,Synthetic Census Tract 99000000216,1.0,Total:,0.0,14.559372644849386,+/-14,9.35959670026032,0.0,0.0,0.0,0.0,0.0,0.0,0.0,0.0,0.0,0.0,0.0,0.0,0.0,0.0,0.0,0.0,0.0,0.0,0.0,0.0,0.0,0.0,0.0,0.0,0.0,0.0,0.0,0.0,0.0,0.0,0.0,0.0,0.0,0.0,0.0,0.0,0.0,0.0,0.0,0.0,0.0,0.0,0.0,0.0,0.0,0.0,0.0,0.0,0.0,0.0,0.0,0.0,0.0,0.0,0.0,0.0,0.0,0.0,0.0,0.0,0.0,0.0,0.0,0.0,0.0,0.0,0.0,0.0,0.0,0.0,0.0,0.0,0.0,0.0,0.0,0.0,0.0,0.0,0.0,0.0
B02013,99000000217,Synthetic Census Tract 99000000217,1.0,Total:,348.08816129458296,292.4764432179336,+/-284,178.16346717148772,313.07337583891484,223.47671893764644,342.93892813933763,466.5205238652251,389.2820265365454,458.2817508168326,305.8644494215714,330.5807685667489,397.5207995849379,299.685369635277,440.7743580889985,220.38717904449925,137.9994485605743,264.6705841796089,498.445769427746,347.05831466353385,315.13306910101295,265.70043081065796,318.2226089941601,479.9085300688629,449.013131137391,221.4170256755483,362.50601412926983,353.23739444982823,424.2968119922135,504.62484921404035,312.0435292078658,342.93892813933763,309.9838359457676,344.99862140143574,350.14785455668107,300.7152162663261,221.4170256755483,141.0889884537215,331.6106151977979,537.5799414076104,341.9090815082886,214.20809925820487,385.1626400123492,451.07282439948915,411.93865241962476,277.02874375219767,342.93892813933763,324.4016887804545,427.3863518853607,429.44604514745885,374.86417370185853,342.93892813933763,295.56598311108075,382.07310011920197,352.2075478187792,336.75984835304325,289.38690332478643,191.5514733751255,312.0435292078658,535.5202481455123,312.0435292078658,206.99917284086146,453.13251766158726,410.9088057885757,280.11828364534483,217.29763915135206,309.9838359457676,436.6549715648023,419.1475788369682,425.3266586232626,318.2226089941601,353.23739444982823,405.7595726333304,336.75984835304325,370.7447871776623,180.22316043358583,145.20837497791774,273.93920385905045,410.9088057885757,294.5361364800317,378.9835602260548,342.93892813933763,269.81981733485424,431.50573840955695
B02013,99000000218,Synthetic Census Tract 99000000218,1.0,Total:,217.62377638782073,252.44358060987204,+/-232,153.42476235341363,76.16832173573725,147.9841679437181,137.10297912432705,235.0336784988464,105.54753154809306,140.36733577014436,107.72376931197127,155.60100011729182,270.94160160283684,213.27130086006431,164.30595117280464,76.16832173573725,118.6049581313623,200.21387427679508,240.4742729085419,138.19109800626617,201.30199315873418,273.11783936671503,132.75050359657064,152.3366434714745,276.38219601253235,162.12971340892645,240.4742729085419,253.53169949181117,267.6772449570195,346.021804456635,203.4782309226124,353.6386366302087,272.0297204847759,298.14457365131443,338.4049722830612,289.43962259580155,219.80001415169895,340.5812100469395,347.10992333857405,217.62377638782073,275.2940771305932,280.73467154028873,228.50496520721177,70.72772732604174,139.27921688820527,88.1376294370674,109.90000707584947,134.92674136044886,108.81188819391036,232.85744073496818,131.66238471463154,274.2059582486541,184.98020992964763,254.61981837375026,237.2099162627246,177.3633777560739,110.98812595778857,206.74258756842968,225.24060856139445,116.42872036748409,221.97625191557714,176.2752588741348,116.42872036748409,251.35546172793295,149.07228682565722,264.4128883112022,227.41684632527267,369.96041985929526,263.3247694292631,245.91486731823744,217.62377638782073,291.6158603596798,297.0564547693753,329.7000212275484,276.38219601253235,195.86139874903867,262.23665054732396,302.4970491790708,290.5277414777407,208.9188253323079,292.70397924161887,355.81487439408687,188.24456657546494,143.63169241596168
B02013,99000000219,Synthetic Census Tract 99000000219,1.0,Total:,272.3985248093154,202.67193996051455,+/-218,122.71878933388955,279.83602719318753,322.6016659004521,340.2657340621483,338.4063584661803,289.1329051730276,281.69540278915554,352.3516754359404,352.3516754359404,214.7578813343067,412.7813823049012,368.1563680016686,212.89850573833868,290.06259297101167,227.77351050608286,171.99224262704217,339.3360462641643,286.3438417790756,304.0079099407718,234.28132509197096,224.98444711213082,140.38285749558577,287.2735295770596,264.96102242544333,270.5391492133474,224.05475931414682,316.09385131456395,280.76571499117154,223.1250715161628,258.45320783955526,171.06255482905814,196.16412537462648,263.1016468294753,310.5157245266599,310.5157245266599,196.16412537462648,222.1953837181788,242.64851527382706,256.5938322435872,294.7110319609317,213.8281935363227,254.7344566476192,167.3438036371221,136.66410630364973,268.6797736173794,256.5938322435872,272.3985248093154,151.5391110713939,348.63292424400436,271.4688370113314,262.17195903149127,272.3985248093154,285.4141539810916,275.18758820326747,258.45320783955526,255.66414444560323,330.96885608230815,278.90633939520353,221.2656959201948,198.02350097059448,256.5938322435872,335.6172950722282,403.4845043250611,371.8751191936047,299.35947095085174,330.03916828432415,169.20317923309014,340.2657340621483,318.882914708516,272.3985248093154,306.7969733347239,327.2501048903721,269.6094614153634,259.38289563753926,319.8126025065,263.1016468294753,414.64075790086923,169.20317923309014,335.6172950722282,195.23443757664245,244.50789086979506
B02013,99000000220,Synthetic Census Tract 99000000220,1.0,Total:,166.2773109164385,116.19378353196907,+/-116,70.1169383382572,133.22218284268868,207.34580337170343,232.38756706393815,143.23888831958257,163.27229927337035,217.36250884859732,167.2789814641279,170.28399310719607,213.35582665783977,198.33076844249894,119.19879517503723,198.33076844249894,184.3073807748475,194.3240862517414,178.29735748871116,209.3491444670822,170.28399310719607,194.3240862517414,189.31573351329445,110.18376024583274,154.25726434416583,211.352485562461,136.22719448575685,145.24222941496134,248.41429582696836,115.19211298427969,149.2489116057189,169.28232255950667,103.17206641200703,177.29568694102178,159.26561708261278,134.22385339037808,167.2789814641279,117.19545407965846,191.31907460867322,96.1603725781813,164.27396982105972,192.3207451563626,152.25392324878706,164.27396982105972,186.31072187022627,165.27564036874912,120.20046572272663,165.27564036874912,201.3357800855671,165.27564036874912,168.28065201181727,182.30403967946873,92.15369038742375,171.28566365488544,155.25893489185523,127.21215955655235,180.30069858408993,87.1453376489768,126.21048900886296,123.20547736579479,174.2906752979536,165.27564036874912,151.25225270109766,227.3792143254912,155.25893489185523,218.36417939628672,216.36083830090794,152.25392324878706,128.21383010424174,249.41596637465776,170.28399310719607,137.22886503344623,200.3341095378777,139.232206128825,185.30905132253687,191.31907460867322,173.2890047502642,173.2890047502642,171.28566365488544,218.36417939628672,181.30236913177933,195.32575679943076,130.2171711996205,160.26728763030218
B02013,99000000221,Synthetic Census Tract 99000000221,1.0,Total:,183.41088621370466,135.35134918444516,+/-138,82.38777776444488,226.5663888522234,226.5663888522234,148.10183860037114,166.73716928518604,142.21699733148222,220.6815475833345,166.73716928518604,127.50489415925992,146.14022484407482,138.29376981888961,269.72189149074217,264.8178571000014,196.16137562963064,163.79474865074158,171.64120367592682,187.33411372629726,195.1805687514825,225.58558197407524,186.35330684814912,193.21895499518618,253.04817456222355,238.33607139000125,176.5452380666676,171.64120367592682,121.620052890371,155.94829362555637,208.91186504555665,242.25929890259386,180.4684655792602,153.00587299111191,158.89071426000083,188.31492060444543,247.16333329333463,284.43399466296444,115.73521162148208,150.06345235666745,246.18252641518646,153.00587299111191,123.58166664666732,219.70074070518632,182.4300793355565,236.37445763370494,163.79474865074158,228.5280026085197,198.12298938592696,204.00783065481588,199.1037962640751,175.56443118851942,174.58362431037128,163.79474865074158,200.08460314222327,188.31492060444543,125.54328040296362,163.79474865074158,236.37445763370494,171.64120367592682,172.62201055407496,246.18252641518646,190.27653436074172,203.02702377666773,174.58362431037128,260.89462958740876,242.25929890259386,202.04621689851956,180.4684655792602,189.29572748259358,166.73716928518604,203.02702377666773,188.31492060444543,182.4300793355565,126.52408728111178,131.42812167185252,208.91186504555665,256.9714020748161,145.15941796592668,135.35134918444516,210.87347880185294,153.98667986926006,90.2342327896301,162.81394177259344
B02013,99000000222,Synthetic Census Tract 99000000222,1.0,Total:,144.25089315499594,133.30772195013418,+/-134,81.57636716351494,146.240560646789,158.17856559754728,122.36455074527242,166.13723556471948,148.23022813858205,183.04940924496037,222.8427590808213,156.18889810575422,177.08040676958123,96.4988733519628,160.16823308934033,111.42137954041065,139.27672442551332,109.43171204861761,136.29222318782377,173.10107178599512,145.24572690089246,100.4782083355489,98.48854084375586,154.1992306139612,187.02874422854646,178.07524051547776,221.84792533492478,116.39554826989328,128.33355322065157,123.35938449116894,102.46787582734194,158.17856559754728,111.42137954041065,164.14756807292642,128.33355322065157,181.05974175316732,145.24572690089246,223.83759282671784,140.27155817140985,85.55570214710104,175.09073927778817,166.13723556471948,198.96674917930474,164.14756807292642,159.1733993434438,170.11657054830556,110.42654579451414,175.09073927778817,135.29738944192724,212.89442162185608,133.30772195013418,157.18373185165075,214.88408911364914,95.50403960606627,128.33355322065157,115.40071452399675,143.2560594090994,90.52987087658366,125.349051982962,190.01324546623604,126.34388572885851,111.42137954041065,81.57636716351494,141.26639191730638,165.14240181882295,183.04940924496037,203.94091790878736,101.47304208144543,156.18889810575422,106.44721081092804,120.37488325347937,157.18373185165075,94.50920586016976,197.9719154334082,147.23539439268552,138.2818906796168,122.36455074527242,233.78593028568307,166.13723556471948,120.37488325347937,196.9770816875117,190.01324546623604,303.42429249843974,150.21989563037508
B02013,99000000223,Synthetic Census Tract 99000000223,1.0,Total:,827.7637806946359,433.28260395734844,+/-469,263.2953989932715,869.3367384304156,757.5516742964302,737.2271171811601,858.2506163675409,591.2598433533113,764.018578833107,667.0150107829544,887.8136085352065,720.5979340868482,787.1146664640956,775.1047008959815,1008.8371077215875,1019.923229784462,870.2605819356551,785.2669794536166,675.3296023301103,718.7502470763691,636.5281751100492,650.3858276886425,1001.4463596796711,1041.1716304049717,892.4328260614043,1004.2178901953897,1068.8869355621582,711.3594990344527,764.018578833107,779.7239184221793,696.5780029506199,903.5189481242788,755.703987285951,1006.0655772058687,937.7011578181422,771.4093268750233,1043.0193174154508,764.9424223383465,907.214322145237,933.0819402919444,799.1246320322099,832.3829982208337,878.575173482811,831.4591547155941,776.9523879064607,999.598672669192,868.412894925176,1025.4662908158994,807.4392235793658,752.0086132649928,643.9189231519656,982.0456460696405,944.168062354819,881.3467039985297,740.9224912021183,743.6940217178369,970.959524006766,1065.1915615412,1092.9068666983865,829.6114677051149,818.5253456422404,815.7538151265218,579.2498777851972,643.9189231519656,721.5217775920877,745.541708728316,837.9260592522709,797.2769450217307,815.7538151265218,739.9986476968787,856.4029293570619,730.7602126444832,909.0620091557162,965.4164629753286,760.3232048121488,983.8933330801196,886.889765029967,777.8762314117002,1075.353840098835,423.1203253997134,708.587968518734,781.5716054326584,781.5716054326584
B02013,99000000224,Synthetic Census Tract 99000000224,1.0,Total:,303.9966064076534,283.60659012421326,+/-306,172.38831948726687,340.142544364661,399.45895537103235,314.19161454937347,319.7525280812208,377.2153012436431,243.75337647930746,293.8015982659333,397.6053175270833,229.85109264968915,344.77663897453374,357.7521038821775,163.12013026752135,309.5575199395007,118.63282201274279,327.1670794570172,390.1907661512868,260.4361170748494,331.80117406689,133.46192476433563,196.48561145860526,318.82570915924623,351.2643714283556,399.45895537103235,284.5334090461878,298.43569287580607,285.46022796816237,357.7521038821775,372.5812066337703,232.63154941561282,412.4344202786761,399.45895537103235,115.85236524681913,304.92342532962795,142.73011398408119,275.26521982644226,359.6057417261266,243.75337647930746,408.7271445907779,149.21784643790303,189.99787900478339,355.8984660382284,364.23983633599937,397.6053175270833,278.9724955143405,289.16750365606055,289.16750365606055,338.28890652071186,366.0934741799485,190.92469792675794,343.8498200525592,345.70345789650827,140.87647614013207,331.80117406689,153.8519410477758,246.5338332452311,354.04482819427926,219.65608450796907,351.2643714283556,212.24153313217266,195.5587925366307,374.4348444777194,443.01944470383637,287.31386581211143,330.87435514491546,360.53256064810114,209.461076366249,267.85066845064586,376.28848232166854,227.99745480574006,391.1175850732614,392.04440399523594,167.7542248773941,320.67934700319535,157.55921673567403,411.50760135670157,383.70303369746495,266.92384952867127,361.45937957007567,133.46192476433563,219.65608450796907
B02013,99000000225,Synthetic Census Tract 99000000225,1.0,Total:,135.6973455001877,108.94012244381267,+/-114,65.93744253178136,178.70002541221902,163.410183665719,185.3893311763128,153.8540325741565,136.65296060934395,164.36579877487526,142.38665126428148,159.587723229094,142.38665126428148,179.6556405213753,105.11766200718766,89.82782026068764,71.67113318671886,114.67381309875017,133.7861152818752,166.27702899318777,135.6973455001877,140.47542104596897,204.50163335943782,117.54065842621893,111.80696777128142,135.6973455001877,73.58236340503136,94.6058958064689,172.96633475728152,125.18557929946894,93.65028069731264,155.765262792469,169.14387432065652,66.8930576409376,149.07595702837523,170.09948942981276,176.7887951939065,184.43371606715652,112.76258288043768,125.18557929946894,109.89573755296892,136.65296060934395,118.49627353537518,104.1620468980314,183.47810095800028,168.18825921150025,151.94280235584398,114.67381309875017,117.54065842621893,140.47542104596897,119.45188864453144,161.4989534474065,132.83050017271896,158.63210811993775,105.11766200718766,77.40482384165637,75.49359362334387,98.4283562430939,155.765262792469,149.07595702837523,98.4283562430939,135.6973455001877,190.16740672209406,157.67649301078148,111.80696777128142,129.00803973609396,72.62674829587512,129.00803973609396,156.72087790162524,146.20911170090648,130.91926995440645,138.56419082765646,191.1230218312503,75.49359362334387,130.91926995440645,178.70002541221902,164.36579877487526,194.9454822678753,113.71819798959393,161.4989534474065,130.91926995440645,168.18825921150025,151.94280235584398,116.58504331706268
B02013,99000000226,Synthetic Census Tract 99000000226,1.0,Total:,3310.441471991213,938.8392795748665,+/-977,570.7989069267868,3270.081953319622,3181.6753886104225,3591.997161771598,2827.0881888528734,3073.0890645654276,2862.6430029207036,3626.5910349186756,3472.840487598329,3374.824513681608,3171.1050384821488,3596.8018663753583,2941.440158422381,3590.0752799300935,2755.0176197964606,2939.518276580877,3150.925279146353,3520.8875336359374,3382.512041047625,2965.463681441185,3144.198692701088,3262.3944259536047,3835.115214721896,3427.676264322977,3361.3713407910777,3291.2226535761697,3537.223529288724,3509.3562425869113,3658.3020853034973,3278.7304216063912,3048.1046006258716,3645.809853333719,3094.2297648219756,3490.137424171868,3488.215542330364,3218.191143599005,2924.143221848842,2853.994534633934,3577.583047960315,3544.9110566547415,2740.6035059851783,2848.228889109421,3656.380203461993,3303.7148855459477,3066.362478120163,3216.2692617575008,3490.137424171868,3771.6931139522526,3235.488080172544,3715.9585405486273,3422.8715597192163,3401.730859462669,3086.542237455958,3696.7397221335837,3314.2852356742214,3079.815651010693,3259.511603191348,2886.6665259395077,3899.498256412291,3535.3016474472197,3360.4103998703254,3059.6358916748977,3461.309196549303,3135.5502244143186,3317.168058436478,2697.3611645513306,3408.457445907934,3956.1937707366687,3181.6753886104225,3488.215542330364,2935.674512897868,3494.942128775629,3426.715323402225,3465.1529602323117,3013.5107274787933,3401.730859462669,3171.1050384821488,3072.1281236446757,3438.246614451251,2918.377576324329,3308.5195901497086
B02013,99000000227,Synthetic Census Tract 99000000227,1.0,Total:,306.51557989098,152.76499962412186,+/-155,92.6445804172094,264.1356122533204,301.58767667729865,174.4477737643198,271.0346767524743,295.67419282088105,391.2755151662992,385.3620313098816,284.8328057507821,319.3281282465515,358.75135395600233,266.10677353879294,285.8183863935183,361.7080958842111,286.8039670362546,361.7080958842111,376.4918055252552,234.5681929712323,319.3281282465515,308.48674117645254,289.7607089644634,293.7030315354085,266.10677353879294,220.7700639729245,312.4290637473976,297.6453541063536,383.3908700244091,373.53506359704636,268.07793482426547,308.48674117645254,355.7946120277935,311.44348310466137,284.8328057507821,392.2610958090355,271.0346767524743,362.6936765269474,373.53506359704636,234.5681929712323,303.5588379627712,300.6020960345624,346.9243862431671,334.1118378875956,332.14067660212305,365.6504184551562,272.02025739521054,351.85228945684844,266.10677353879294,223.7268059011333,320.3137088892878,265.12119289605664,299.6165153918261,336.0829991730681,299.6165153918261,298.6309347490898,294.68861217814475,253.2942251832214,289.7607089644634,387.33319259535415,312.4290637473976,344.95322495769454,327.2127733884417,342.982063672222,263.1500316105841,395.21783773724434,311.44348310466137,300.6020960345624,268.07793482426547,229.64028975755093,319.3281282465515,296.6597734636173,298.6309347490898,365.6504184551562,299.6165153918261,347.9099668859034,277.9337412516282,291.7318702499359,278.91932189436443,389.3043538808267,267.0923541815292,355.7946120277935,288.77512832172715
B02013,99000000228,Synthetic Census Tract 99000000228,1.0,Total:,434.4339414981134,321.9922154633076,+/-315,196.26192180620654,433.41174398870606,448.744706629816,569.3640127398804,320.97001795390025,387.41285606537645,286.21530263405117,504.9655696472189,446.7003116110013,288.25969765286584,329.14759802915887,411.94559629115224,413.9899913099669,553.0088525893632,511.09875470366285,451.81129915803797,545.8534700235119,405.8124112347083,393.5460411218204,625.5848757572833,437.5005340263354,534.6092974200313,311.77024036923433,383.3240660277471,500.87677960958956,425.2341639134475,400.70142368767165,284.17090761523656,383.3240660277471,627.629270776098,453.8556941768526,459.98887923329653,459.98887923329653,491.67700202492364,541.7646799858826,619.4516907008393,271.9045375023486,310.748042859827,382.3018685183398,513.1431497224775,387.41285606537645,348.5693507078981,560.1642351552144,387.41285606537645,315.8590304068636,528.4761123635874,446.7003116110013,481.4550269308504,568.3418152304731,351.63594323612006,562.2086301740292,568.3418152304731,205.46169939087247,468.16645930855515,363.90231334900795,403.7680162158936,461.0110767427039,605.1409255691368,416.0343863287815,280.0821175776072,643.9844309266152,518.2541372695141,492.699199534331,366.96890587722993,472.2552493461845,611.2741106255808,492.699199534331,550.9644575705486,320.97001795390025,366.96890587722993,340.39177063263946,365.94670836782257,569.3640127398804,330.1697955385662,381.2796710089325,391.5016461030057,388.43505357478375,393.5460411218204,413.9899913099669,408.87900376293027,399.67922617826434
B02013,99000000229,Synthetic Census Tract 99000000229,1.0,Total:,214.62749710808342,132.4734312293912,+/-129,81.12714005520856,232.08523610730552,211.54671963763246,216.68134875505072,163.28120593390076,177.6581674626719,256.7314558709132,269.054565752717,271.1084173996843,198.19668393234497,202.30438722627957,150.95809605209695,171.49661252177,251.5968267534949,193.0620548149267,217.70827457853437,244.40834598910934,204.35823887324688,224.89675534291993,200.25053557931227,203.33131304976322,160.2004284634498,226.95060698988723,185.87357405054112,155.06579934603155,256.7314558709132,145.8234669346787,270.0814915762007,216.68134875505072,217.70827457853437,244.40834598910934,198.19668393234497,224.89675534291993,143.7696152877114,203.33131304976322,243.38142016562568,255.70453004742953,281.3776756345208,195.115906461894,221.81597787246898,210.5197938141488,205.38516469673053,173.5504641687373,203.33131304976322,235.16601357775647,216.68134875505072,211.54671963763246,198.19668393234497,142.74268946422774,210.5197938141488,221.81597787246898,250.56990093001124,203.33131304976322,272.135343223168,225.92368116640358,200.25053557931227,194.08898063841036,117.06954387713641,240.30064269517473,234.13908775427282,206.41209052021418,234.13908775427282,283.4315272814881,257.7583816943968,326.56241186780153,258.7853075178805,218.73520040201802,103.71950817184891,173.5504641687373,205.38516469673053,210.5197938141488,272.135343223168,236.19293940124012,223.86982951943628,257.7583816943968,172.52353834525366,183.81972240357382,200.25053557931227,150.95809605209695,271.1084173996843,264.9468624587824
B02013,99000000230,Synthetic Census Tract 99000000230,1.0,Total:,340.8796762230386,257.3788909810839,+/-262,157.17794869073825,358.56219545074663,383.1212499336745,403.7508556993339,239.69637175337584,358.56219545074663,488.23400312060573,420.45101274772486,387.05069865094293,209.2431441945453,405.7155800579681,206.29605765659397,353.65038455416106,322.2147948160134,332.0384166091846,312.3911730228423,222.0138525256678,331.05605442986746,262.29070187766945,264.2554262363037,312.3911730228423,432.2393588995302,372.31526596118624,407.6803044166024,514.7577819621678,222.9962147049849,228.89038778088758,188.6135384288859,403.7508556993339,361.509281988698,189.595900608203,423.3980992856762,253.44944226381543,418.4862883890906,360.5269198093809,252.46708008449832,327.126605712599,392.94487172684563,302.56755122967115,325.16188135396476,235.76692303610739,357.57983327142955,292.7439294365,332.0384166091846,276.04377238810906,241.66109611201009,225.94330124293626,367.4034550646007,193.52534932547147,463.67494863767786,422.4157371063591,352.668022374844,264.2554262363037,346.7738492989413,323.19715699533054,398.83904480274833,446.9747915892869,266.22015059493793,341.8620384023557,434.2040832581644,306.4969999469396,218.08440380839934,307.4793621262567,286.8497563605973,259.3436153397181,482.33983004470304,316.32062174011077,380.17416339572316,434.2040832581644,303.5499134089883,329.09133007123324,446.9747915892869,446.9747915892869,241.66109611201009,279.97322110537755,345.79148711962415,355.61510891279534,367.4034550646007,335.967865326453,316.32062174011077,408.66266659591946
B02013,99000000231,Synthetic Census Tract 99000000231,1.0,Total:,263.1107746653782,193.40605451149068,+/-197,117.81079462628873,291.5817167000646,181.62497504886178,236.6033458744632,307.28982265023643,199.2965942428051,251.3296952027493,243.47564222766337,333.7972514411514,285.6911769687502,297.47225643137904,307.28982265023643,274.891854128007,186.53375815829048,355.3958971226377,322.9979286004083,243.47564222766337,275.8736107498928,227.76753627749156,236.6033458744632,336.7425213068086,381.90332591355264,232.67631938692026,238.56685911823467,265.07428790914963,245.43915547143484,143.33646679531796,380.9215692916669,286.6729335906359,265.07428790914963,236.6033458744632,203.22362073034807,396.62967524183875,214.0229435710912,300.41752629703626,216.9682134367484,286.6729335906359,193.40605451149068,145.29998003908943,324.9614418441798,219.91348330240564,305.326309406465,355.3958971226377,367.1769765852665,154.13578963606108,296.4904998094933,237.58510249634895,272.9283408842356,163.95335585491847,190.46078464583346,153.15403301417535,278.81888061555,261.1472614216067,294.5269865657218,219.91348330240564,306.3080660283507,332.81549481926567,291.5817167000646,233.65807600880598,276.8553673717785,205.18713397411955,245.43915547143484,259.1837481778352,246.4209120933206,311.2168491377794,237.58510249634895,310.23509251589365,183.58848829263326,259.1837481778352,326.9249550879512,231.6945627650345,301.399282918922,213.04118694920547,229.73104952126303,301.399282918922,397.6114318637245,314.1621190034366,301.399282918922,310.23509251589365,207.15064721789102,235.62158925257745
B02013,99000000232,Synthetic Census Tract 99000000232,1.0,Total:,1059.5793670961377,565.1718974982961,+/-599,343.44335674353886,992.5890420170408,896.3494200724227,1026.555967409259,776.5216554943199,740.667678691423,1308.6701533057374,1207.7129028344223,1074.6757783815679,1066.1840470335135,1069.0146241495315,1016.1771846505256,940.6951282233742,1273.7597022081798,1045.4264815160468,1058.6358413907983,1017.120710355865,950.1303852767682,1221.8657884145132,885.0271116083501,711.4183818259019,1089.7721896669982,1224.6963655305312,1156.7625147460951,1410.5709294823916,1102.9815495417497,720.8536388792958,765.1993470302473,1097.3203953097134,953.9044880981257,1198.2776457810282,1062.4099442121558,1125.6261664698952,795.3921696011078,965.2267965621984,1282.2514335562344,968.0573736782165,1272.8161765028403,1000.137247659756,1025.6124417039196,1320.9359874751494,1044.4829558107074,1009.5725047131499,1177.5200802635618,788.787489663732,748.2158843341382,1057.6923156854589,1168.0848232101678,935.0339739913379,970.8879507942348,1089.7721896669982,1202.051748602386,1017.120710355865,1236.9621996999435,1148.2707833980405,1005.7984018917923,969.9444250888954,714.24895894192,1238.8492511106222,1153.9319376300768,701.0395990671685,946.3562824554106,1191.6729658436525,1219.9787370038343,1449.2554834013067,1105.812126657768,831.2461464040047,945.4127567500711,1186.9553373169556,1036.9347501679922,1193.5600172543313,1039.7653272840105,1181.2941830849193,805.7709523598411,1009.5725047131499,1033.1606473466347,1044.4829558107074,1230.3575197625678,735.0065244593867,913.3328827685318,1192.616491548992
B02013,99000000233,Synthetic Census Tract 99000000233,1.0,Total:,159.77281620004288,148.57854245354306,+/-146,90.57185122168036,193.35563743954233,134.33128495799784,186.23200869176972,224.9031361796782,155.70217120131568,133.31362370831604,193.35563743954233,232.0267649274508,117.03104371340721,118.04870496308901,146.54321995417945,91.58951247136217,158.7551549503611,119.06636621277082,184.19668619240613,175.0377349452699,188.26733119113334,225.92079742936,106.85443121658919,111.9427374649982,208.62055618476938,165.8787836981337,165.8787836981337,224.9031361796782,181.14370244336072,110.9250762153164,222.8678136803146,206.58523368540577,90.57185122168036,163.8434611987701,190.30265369049695,86.50120622295316,195.39095993890595,84.46588372358956,108.88975371595279,140.43725245608866,151.63152620258847,168.9317674471791,173.00241244590632,191.32031494017875,125.17233371086162,156.71983245099747,136.36660745736145,106.85443121658919,136.36660745736145,253.39765117076865,97.69547996945298,105.83676996690738,188.26733119113334,126.18999496054343,147.56088120386127,200.47926618731495,163.8434611987701,178.0907186943153,104.81910871722559,206.58523368540577,199.46160493763315,49.86540123440829,135.34894620767963,204.54991118604218,107.872092466271,219.8148299312692,156.71983245099747,120.08402746245261,202.51458868667856,198.44394368795136,87.51886747263495,98.71314121913478,207.60289493508756,186.23200869176972,173.00241244590632,166.8964449478155,129.24297870958884,262.55660241790486,210.65587868413297,146.54321995417945,177.07305744463352,125.17233371086162,117.03104371340721,111.9427374649982
B02013,99000000234,Synthetic Census Tract 99000000234,1.0,Total:,722.5561366975857,251.44953557075982,+/-261,153.18190097988816,621.3982775599237,689.8002585006285,702.3245648700533,828.531036746565,816.9701385594036,771.6899539930215,649.3371148455636,709.0684221458974,842.9821594805167,737.9706676138009,717.7390957862684,702.3245648700533,642.5932575697195,656.0809721214079,719.6659121507954,764.9460967171774,650.3005230278271,706.1781975991071,711.9586466926878,610.8007875550257,581.8985420871223,614.6544202840796,798.665383096398,710.9952385104243,834.3114858401456,752.4217903477526,681.1295848602574,669.5686866730961,709.0684221458974,940.2863858891249,839.1285267514629,785.1776685447098,645.4834821165099,546.2524393433748,781.324035815656,749.5315658009622,737.0072594315374,681.1295848602574,810.2262812835594,756.2754230768064,770.7265458107581,836.2383022046726,813.1165058303498,737.9706676138009,688.836850318365,697.5075239587361,697.5075239587361,669.5686866730961,642.5932575697195,590.5692157274934,710.9952385104243,694.6172994119457,693.6538912296822,769.7631376284946,720.6293203330588,737.0072594315374,893.0793849582159,691.7270748651554,620.4348693776602,715.8122794217416,850.6894249386243,823.7139958352477,643.556665751983,599.2398893678644,654.1541557568809,727.3731776089029,663.7882375795153,765.9095048994409,766.8729130817043,588.6423993629664,708.105013963634,756.2754230768064,684.9832175893113,704.2513812345802,671.4955030376229,859.3600985789952,786.1410767269732,771.6899539930215,684.9832175893113,679.2027684957305
B02013,99000000235,Synthetic Census Tract 99000000235,1.0,Total:,544.3271801132837,344.74054740507967,+/-380,209.5659643436142,442.7194398254707,447.25549965974807,361.97757477533366,576.9868109200806,540.6983322458618,607.8320177931668,551.5848758481275,636.8628007325419,694.0171546444367,657.7286759702178,627.7906810639872,556.1209356824048,379.2146021455876,517.1108211076195,713.0686059484016,589.6877784560573,399.173265416408,604.2031699257449,541.6055442127173,694.0171546444367,685.8522469427375,694.0171546444367,632.3267408982646,469.0285868642794,664.9863717050615,595.1310502571902,544.3271801132837,579.708446820647,383.750661979865,368.32805854332196,441.81222785861524,604.2031699257449,645.9349204010966,420.94635262093936,458.1420432620138,603.2959579588894,458.1420432620138,448.16271162660354,594.2238382903347,725.7695734843783,645.0277084342412,543.4199681464282,741.1921769209213,610.5536536937332,554.3065117486939,500.781005704221,533.4406365110179,538.8839083121509,362.88478674218914,582.4300827212136,365.60642264275555,517.1108211076195,617.8113494285769,563.3786314172486,391.0083577147088,493.5233099693772,648.656556301663,381.936238046154,569.7291151852369,428.20404835578313,332.039579869103,381.936238046154,497.15215783679906,597.8526861577566,506.2242775053538,598.759898124612,512.5747612733421,543.4199681464282,606.9248058263113,764.7796880591635,587.8733545223464,504.4098535716429,467.2141629305685,511.66754930648665,658.6358879370732,521.6468809418968,667.7080076056279,693.1099426775812,495.3377339030881,385.56508591357596
B02013,99000000236,Synthetic Census Tract 99000000236,1.0,Total:,148.5356813335372,104.27008093612545,+/-106,62.95552056520782,173.1276815543215,94.43328084781173,90.49856081248625,155.4214413953568,109.1884809802823,171.16032153665876,162.3072014571764,184.93184166029798,152.4704013688627,167.22560150133327,156.40512140418818,152.4704013688627,153.45408137769405,174.11136156315288,173.1276815543215,101.31904090963134,120.0089610774274,134.764161209898,136.73152122756073,77.7107206976784,148.5356813335372,210.50752188991365,149.51936134236857,202.63808181926268,186.89920167796072,209.52384188108226,136.73152122756073,194.76864174861169,164.27456147483915,110.17216098911368,164.27456147483915,134.764161209898,128.86208115690977,164.27456147483915,179.02976160730975,134.764161209898,152.4704013688627,192.80128173094894,137.71520123639212,119.02528106859603,155.4214413953568,132.79680119223525,136.73152122756073,208.5401618722509,172.14400154549014,171.16032153665876,148.5356813335372,172.14400154549014,192.80128173094894,152.4704013688627,180.9971216249725,147.55200132470583,96.40064086547447,203.62176182809404,148.5356813335372,111.15584099794506,148.5356813335372,150.50304135119995,189.85024170445485,128.86208115690977,151.4867213600313,99.35168089196858,135.74784121872935,141.6499212717176,121.97632109509016,188.86656169562346,144.6009612982117,123.9436811127529,105.25376094495682,192.80128173094894,204.60544183692542,113.1232010156078,172.14400154549014,166.2419214925019,175.09504157198424,125.91104113041564,196.73600176627443,156.40512140418818,104.27008093612545,135.74784121872935
B02013,99000000237,Synthetic Census Tract 99000000237,1.0,Total:,120.37401073718212,125.3481434122723,+/-126,75.60681666137059,69.63785745126239,156.18776599783135,174.09464362815598,128.3326230173264,176.08429669819202,78.59129626642469,118.38435766714606,168.12568441804777,200.9549600736429,112.41539845703785,91.52404122165913,97.49300043176734,107.44126578194768,114.40505152707392,81.5757758714788,103.46195964187555,164.14637827797563,78.59129626642469,111.42057192201982,142.2601945075789,158.17741906786742,138.28088836750675,96.49817389674931,133.30675569241657,87.54473508158699,193.99117432851665,129.32744955234443,32.829275655595126,72.62233705631648,111.42057192201982,111.42057192201982,115.39987806209196,133.30675569241657,128.3326230173264,178.0739497682281,105.45161271191161,71.62751052129846,181.0584293732822,96.49817389674931,78.59129626642469,69.63785745126239,106.44643924692964,143.25502104259692,123.35849034223622,143.25502104259692,51.730979820937776,136.29123529747068,172.1049905581199,151.21363332274117,130.32227608736247,160.1670721379035,136.29123529747068,114.40505152707392,139.27571490252478,58.694765566064014,133.30675569241657,168.12568441804777,46.7568471458476,114.40505152707392,179.06877630324612,153.20328639277724,124.35331687725426,38.79823486570333,126.34296994729033,53.72063289097384,132.31192915739854,121.36883727220015,91.52404122165913,64.66372477617222,116.39470459710999,120.37401073718212,134.3015822274346,106.44643924692964,144.24984757761493,147.23432718266903,144.24984757761493,80.58094933646076,153.20328639277724,156.18776599783135,58.694765566064014
B02013,99000000238,Synthetic Census Tract 99000000238,1.0,Total:,385.60837804546367,291.09652068137945,+/-308,176.7371732708375,483.90070970411125,241.00523627841477,309.99889215419626,469.7239310994986,315.6696035960413,484.8458282777521,516.9798597815408,490.5165397195971,432.8643067275058,321.3403150378864,321.3403150378864,323.23055218516805,378.99254802997774,423.41312099109734,405.45586809192133,292.9867578286611,266.5234377667175,436.64478102206914,413.01681668104806,326.0659079060906,473.50440539406196,347.80363509983,300.5477064177878,311.88912930147796,498.0774883087239,551.0041284326111,361.0352951308017,359.1450579835201,243.8405919993373,364.81576942536515,276.9197420767668,382.7730223245411,520.7603340761041,352.52922796803415,521.705452649745,515.0896226342591,394.11444520823125,343.0780422316258,327.0110264797314,306.2184178596329,267.46855634035836,456.4922710685268,538.7175869752801,458.3825082158085,410.18146096012555,321.3403150378864,238.16988055749226,257.0722520303091,433.80942530114663,524.5408083706675,489.5714211459563,367.65112514628765,329.846382200654,432.8643067275058,369.5413622935693,378.0474294563369,492.40677686687883,459.32762678944937,298.65746927050617,449.87644105304094,343.0780422316258,424.3582395647382,483.90070970411125,375.2120737354144,290.1514021077386,320.39519646424554,327.95614505337227,430.0289510065832,465.94345680493524,528.3212826652308,519.8152155024633,502.8030811769281,327.95614505337227,281.645334944971,161.61527609258403,323.23055218516805,330.7915007742948,378.0474294563369,502.8030811769281,381.8279037509003
B02013,99000000239,Synthetic Census Tract 99000000239,1.0,Total:,1601.8822152799644,728.4049591963359,+/-718,443.33282335487297,1674.9256095169228,1592.7517910003446,1767.2443438997454,1933.6209641061507,1283.3318570798954,1419.2737296875682,1693.1864580761626,1623.1865385990773,1640.4328955716924,1859.5630782825679,1884.9253679481785,1501.4475482041464,1595.795265760218,1779.4182429392386,1489.2736491646533,2054.345462914457,1514.635938830264,1703.3313739424068,1844.3457044832016,1577.5344172009782,1751.0124785137546,1622.1720470124528,1725.6501888481441,1676.9545926901717,1301.5927056391351,1228.5493114021765,1454.780935219423,1929.5629977596532,1895.0702838144227,1828.1138390972108,1797.679091498478,1274.2014328002756,1568.4039929213584,1404.0563558882018,1396.954914781831,1754.055953273628,1448.6939856996764,1496.3750902710244,1394.925931608582,1629.2734881188237,1357.3897429034785,1469.9983090187893,1475.0707669519115,1559.2735686417386,2055.3599545010816,1794.6356167386048,1730.7226467812661,1591.7372994137202,1359.4187260767271,1518.6939051767617,1368.5491503563471,1945.7948631456438,1824.055872750713,1948.8383379055172,1612.0271311462086,1637.3894208118193,1982.3165602641232,1531.882295802879,1679.998067450045,1859.5630782825679,1747.9690037538812,1481.157716471658,1310.723129918755,1055.0712500894,1722.6067140882708,1791.5921419787314,1617.0995890793308,1995.5049508902407,1670.8676431704253,1587.6793330672224,1288.4043150130176,1747.9690037538812,1717.5342561551486,1249.8536347212894,1880.8674016016807,1188.984139523824,1751.0124785137546,1534.9257705627524,1635.3604376385704,1234.6362609219232
B02013,99000000240,Synthetic Census Tract 99000000240,1.0,Total:,128.6706062709708,134.7495325514891,+/-133,82.06550478699712,132.72322379131634,198.5782584969313,148.93369387269848,103.34174676881119,125.63114313071165,90.1707398276882,140.8284588320074,189.45986907615386,149.94684825278486,137.78899569174826,226.9465811393501,94.22335734803373,125.63114313071165,91.18389420777459,138.80215007183463,136.77584131166188,65.85503470561498,110.43382742941589,62.815571565355825,111.44698180950226,69.90765222596052,95.23651172812012,127.65745189088442,138.80215007183463,136.77584131166188,201.61772163719047,159.06523767356234,92.19704858786096,124.61798875062526,83.07865916708352,60.78926280518306,177.30201651511723,149.94684825278486,189.45986907615386,145.89423073243933,127.65745189088442,166.15731833416703,131.71006941122997,172.23624461468532,114.48644494976142,74.97342412639243,98.27597486837928,126.64429751079803,161.0915464337351,157.03892891338955,204.65718477744963,103.34174676881119,73.96026974630605,117.52590809002058,59.77610842509667,87.13127668742905,233.02550741986838,106.38120990907035,182.36778841554917,179.32832527529,117.52590809002058,152.98631139304402,124.61798875062526,146.90738511252573,127.65745189088442,140.8284588320074,164.13100957399425,144.88107635235295,142.85476759218017,114.48644494976142,103.34174676881119,143.86792197226657,191.48617783632662,129.68376065105718,175.27570775494448,163.11785519390787,62.815571565355825,129.68376065105718,74.97342412639243,185.40725155580833,139.81530445192104,45.59194710388729,151.97315701295764,72.94711536621966,113.47329056967504
B02013,99000000241,Synthetic Census Tract 99000000241,1.0,Total:,130.0500545277593,130.0500545277593,+/-125,79.07043315287765,168.54487066797606,106.12084449465159,66.58562791821277,120.68645060176064,54.100822683547875,99.87844187731915,156.06006543331117,193.51448113730584,193.51448113730584,202.87808506330452,129.00965409153724,140.45405888998005,172.70647241286437,183.1104767750851,59.30282486465824,112.36324711198404,108.20164536709575,119.64605016553857,148.77726237975665,131.0904549639814,160.22166717819945,79.07043315287765,101.95924274976329,105.08044405842952,89.4744375150984,132.13085540020344,150.8580632522008,173.74687284908643,188.31247895619546,132.13085540020344,138.3732580175359,194.55488157352792,94.67643969620877,134.21165627264762,72.82803053554521,86.35323620643219,134.21165627264762,112.36324711198404,157.10046586953325,37.454415703994684,126.92885321909309,182.07007633886303,129.00965409153724,67.62602835443484,117.56524929309441,143.57526019864628,123.80765191042686,142.5348597624242,95.71684013243085,108.20164536709575,183.1104767750851,186.23167808375132,174.78727328530852,152.93886412464494,126.92885321909309,151.89846368842288,181.02967590264095,157.10046586953325,85.3128357702101,73.86843097176728,153.97926456086702,188.31247895619546,92.59563882376463,92.59563882376463,99.87844187731915,90.51483795132047,73.86843097176728,108.20164536709575,129.00965409153724,135.25205670886967,195.59528200975,162.30246805064363,184.15087721130718,107.16124493087366,112.36324711198404,140.45405888998005,193.51448113730584,161.26206761442154,115.48444842065027,137.33285758131382
B02013,99000000242,Synthetic Census Tract 99000000242,1.0,Total:,287.2555253068275,218.2730156453313,+/-212,132.81707084079122,341.8237792181603,322.26157498579573,304.7585501463116,146.20173689451437,213.1250671631301,261.5157828958215,316.0840368071543,224.45055382397277,396.3920331294932,239.8943992705764,196.65163202008623,348.0013173968018,226.50973321685325,194.59245262720574,408.7471094867761,228.56891260973373,368.5931113256066,301.6697810569909,266.6637313780227,350.0604967896823,223.42096412753253,318.1432162000348,181.2077865734826,362.4155731469652,348.0013173968018,354.17885557544327,270.78209016378366,290.34429439614826,161.645582341118,282.10757682462634,339.76459982527984,241.95357866345688,306.8177295391921,319.17280589647504,198.7108114129667,315.0544471107141,185.32614535924355,259.456603502941,299.61060166411045,338.73501012883963,327.40952346799696,356.23803496832375,275.93003864598484,161.645582341118,180.17819687704235,291.37388409258847,270.78209016378366,239.8943992705764,384.03695677221026,226.50973321685325,232.6872713954947,311.96567802139333,196.65163202008623,221.36178473465202,296.5218325747897,228.56891260973373,344.9125483074811,290.34429439614826,336.67583073595915,340.7941895217201,172.97106900196064,246.07193744921784,191.50368353788502,383.00736707577005,371.6818804149274,320.20239559291525,301.6697810569909,311.96567802139333,197.68122171652647,317.11362650359456,396.3920331294932,274.9004489495446,343.8829586110408,312.9952677178336,188.41491444856428,277.9892180388653,155.46804416247653,271.8116798602239,317.11362650359456,246.07193744921784
B02013,99000000243,Synthetic Census Tract 99000000243,1.0,Total:,124.68887996780897,106.14012096433326,+/-103,64.920656512165,97.89622807389961,140.14617913737206,155.60347830693516,70.07308956868603,108.20109418694167,146.3290988051973,120.56693352259215,124.68887996780897,146.3290988051973,91.71330840607436,195.79245614779921,68.01211634607762,111.29255402085428,178.27418375562772,68.01211634607762,128.8108264130258,149.4205586391099,149.4205586391099,158.6949381408478,198.88391598171182,76.25600923651128,138.08520591476366,149.4205586391099,76.25600923651128,95.8352548512912,96.8657414625954,127.7803398017216,121.59742013389635,95.8352548512912,150.45104525041413,218.46316159649174,114.3840138547669,119.53644691128794,157.66445152954358,125.71936657911318,162.81688458606462,131.90228624693842,114.3840138547669,145.2986121938931,133.96325946954684,109.23158079824587,139.11569252606787,154.57299169563095,107.17060757563746,104.07914774172484,192.7009963138866,119.53644691128794,149.4205586391099,177.2436971443235,103.04866113042064,129.84131302433,106.14012096433326,171.06077747649826,110.26206740955008,70.07308956868603,129.84131302433,81.40844229303231,127.7803398017216,95.8352548512912,119.53644691128794,74.19503601390286,126.74985319041738,137.05471930345945,127.7803398017216,97.89622807389961,118.50596029998373,128.8108264130258,108.20109418694167,141.17666574867627,155.60347830693516,143.2376389712847,179.3046703669319,147.35958541650152,124.68887996780897,127.7803398017216,140.14617913737206,82.4389289043365,132.93277285824263,99.95720129650802,177.2436971443235
B02013,99000000244,Synthetic Census Tract 99000000244,1.0,Total:,134.8539962510732,128.11129643851956,+/-133,78.0226692595495,160.86155267092303,80.91239775064392,125.22156794742511,72.24321227736064,208.06045135879867,117.51562530450666,80.91239775064392,83.80212624173835,176.27343795675998,164.71452399238228,183.01613776931364,129.07453926888437,172.42046663530076,126.18481077778993,165.6777668227471,112.69941115268261,97.28752586684567,140.63345323326206,186.86910909077287,126.18481077778993,116.55238247414184,199.3912658855154,152.19236719763975,189.7588375818673,72.24321227736064,165.6777668227471,193.61180890332653,190.72208041223212,71.27996944699584,102.10374001866971,100.1772543579401,142.55993889399167,138.70696757253245,148.33939587618053,96.32428303648086,167.6042524834767,139.67021040289725,127.14805360815474,102.10374001866971,130.03778209924917,115.58913964377703,187.83235192113767,184.94262343004326,174.34695229603037,65.50051246480699,168.5674953138415,180.1264092782192,199.3912658855154,80.91239775064392,102.10374001866971,112.69941115268261,129.07453926888437,104.99346850976414,145.44966738508612,123.2950822866955,145.44966738508612,141.59669606362687,159.89830984055823,92.47131171502163,138.70696757253245,135.817239081438,82.83888341137354,118.47886813487146,85.72861190246796,194.57505173369134,102.10374001866971,81.87564058100874,93.43455454538643,206.13396569806903,185.90586626040806,193.61180890332653,142.55993889399167,151.22912436727495,138.70696757253245,187.83235192113767,98.25076869721048,131.96426775997878,132.9275105903436,170.49398097457112,170.49398097457112
B02013,99000000245,Synthetic Census Tract 99000000245,1.0,Total:,1.0574864443971908,4.229945777588763,+/-4,2.1149728887943815,1.0574864443971908,1.0574864443971908,2.1149728887943815,1.0574864443971908,3.172459333191572,2.1149728887943815,0.0,0.0,2.1149728887943815,1.0574864443971908,1.0574864443971908,1.0574864443971908,3.172459333191572,0.0,1.0574864443971908,2.1149728887943815,2.1149728887943815,2.1149728887943815,0.0,0.0,1.0574864443971908,1.0574864443971908,4.229945777588763,1.0574864443971908,3.172459333191572,2.1149728887943815,0.0,0.0,1.0574864443971908,1.0574864443971908,2.1149728887943815,1.0574864443971908,3.172459333191572,0.0,1.0574864443971908,3.172459333191572,2.1149728887943815,2.1149728887943815,0.0,2.1149728887943815,2.1149728887943815,1.0574864443971908,0.0,2.1149728887943815,0.0,0.0,2.1149728887943815,2.1149728887943815,1.0574864443971908,1.0574864443971908,2.1149728887943815,1.0574864443971908,0.0,2.1149728887943815,1.0574864443971908,1.0574864443971908,1.0574864443971908,0.0,3.172459333191572,4.229945777588763,2.1149728887943815,1.0574864443971908,0.0,1.0574864443971908,0.0,0.0,2.1149728887943815,2.1149728887943815,2.1149728887943815,1.0574864443971908,2.1149728887943815,1.0574864443971908,0.0,3.172459333191572,1.0574864443971908,2.1149728887943815,1.0574864443971908,0.0,3.172459333191572,0.0
B02013,99000000246,Synthetic Census Tract 99000000246,1.0,Total:,10.09828876719936,11.108117643919295,+/-11,7.068802137039551,6.058973260319616,13.127775397359168,6.058973260319616,9.088459890479424,8.078631013759487,14.137604274079102,11.108117643919295,10.09828876719936,12.117946520639231,10.09828876719936,7.068802137039551,11.108117643919295,14.137604274079102,7.068802137039551,8.078631013759487,14.137604274079102,11.108117643919295,10.09828876719936,7.068802137039551,12.117946520639231,10.09828876719936,17.16709090423891,14.137604274079102,10.09828876719936,12.117946520639231,9.088459890479424,11.108117643919295,12.117946520639231,9.088459890479424,16.157262027518975,10.09828876719936,11.108117643919295,11.108117643919295,10.09828876719936,11.108117643919295,8.078631013759487,16.157262027518975,14.137604274079102,18.176919780958848,9.088459890479424,12.117946520639231,6.058973260319616,13.127775397359168,10.09828876719936,8.078631013759487,6.058973260319616,6.058973260319616,5.04914438359968,12.117946520639231,13.127775397359168,11.108117643919295,7.068802137039551,14.137604274079102,12.117946520639231,8.078631013759487,13.127775397359168,10.09828876719936,11.108117643919295,13.127775397359168,8.078631013759487,9.088459890479424,13.127775397359168,14.137604274079102,19.186748657678784,6.058973260319616,8.078631013759487,9.088459890479424,13.127775397359168,14.137604274079102,14.137604274079102,12.117946520639231,11.108117643919295,20.19657753439872,10.09828876719936,14.137604274079102,16.157262027518975,11.108117643919295,13.127775397359168,14.137604274079102,10.09828876719936
B02013,99000000247,Synthetic Census Tract 99000000247,1.0,Total:,739.7127292769835,257.42002978839025,+/-261,156.8190986067205,636.1529471782059,706.1790855497603,719.000772857228,848.2039295709411,836.3685259025094,790.0131948678184,664.7551727102492,725.9047583304798,862.9981841564808,755.4932675015592,734.7813110818037,719.000772857228,657.8511872369974,671.6591581835011,736.7538783598756,783.1092093945666,665.7414563492852,722.9459074133719,728.8636092475878,625.3038271488101,595.7153179777307,629.248961704954,817.6291367608258,727.8773256085518,854.121631405157,770.2875220870989,697.3025327984365,685.4671291300048,725.9047583304798,962.6128316991146,859.0530496003369,803.8211658143221,660.8100381541053,559.2228233333996,799.8760312581782,767.3286711699909,754.5069838625232,697.3025327984365,829.4645404292576,774.2326566432428,789.0269112287824,856.0941986832289,832.4233913463655,755.4932675015592,705.1928019107243,714.0693546620481,714.0693546620481,685.4671291300048,657.8511872369974,604.5918707290546,727.8773256085518,711.1105037449402,710.1242201059042,788.0406275897465,737.7401619989116,754.5069838625232,914.2849333863517,708.1516528278322,635.1666635391698,732.8087438037317,870.8884532687686,843.2725113757613,658.8374708760333,613.4684234803783,669.6865909054291,744.6441474721635,679.5494272957889,784.0954930336026,785.0817766726385,602.6193034509826,724.9184746914439,774.2326566432428,701.2476673545804,720.9733401353,687.4396964080767,879.7650060200924,804.8074494533581,790.0131948678184,701.2476673545804,695.3299655203646
B02013,99000000248,Synthetic Census Tract 99000000248,1.0,Total:,1128.747948303221,454.1647058113777,+/-443,275.7794714746289,855.0188818209684,1318.41041009804,1308.158385136158,1132.8487582879739,1468.089974541519,1052.8829635852933,1157.4536181964909,1011.8748637377648,1241.5202228839241,968.8163588978599,1411.7038372511674,1023.1520911958352,947.2871064779075,1100.042278409951,1160.5292256850555,950.3627139664721,1162.5796306774319,1071.336608516681,1036.4797236462819,1359.4185099455685,1213.8397554868425,1168.730845654561,1047.7569511043523,1373.7713448922036,1201.537325532584,943.1862964931546,1224.0917804487246,1052.8829635852933,1142.0755807536677,967.7911564016717,1112.3447083642095,1154.3780107079263,873.4725267523563,1170.7812506469377,1233.3186029144185,789.405922064923,1218.9657679677837,1065.1853935395518,1191.2853005707018,1181.0332756088196,1107.2186958832685,1204.6129330211486,1148.226795730797,1147.2015932346087,881.6741467218619,1295.8559551818994,1208.7137430059015,1006.7488512568237,983.1691938444949,1212.8145529906542,986.2448013330595,1130.7983532955973,1254.847855334371,1173.8568581355023,1279.452715242888,1345.0656749989337,952.4131189588486,1175.9072631278787,988.295206325436,1231.2681979220422,1248.6966403572417,898.0773866608733,1049.8073560967287,1188.2096930821372,881.6741467218619,1161.5544281812438,1090.815455944257,1116.4455183489624,994.4464213025652,1212.8145529906542,1091.8406584404454,1150.2772007231733,1164.6300356698084,1074.4122160052457,1200.5121230363957,1104.143088394704,970.8667638902364,1416.8298497321084,1146.1763907384207,1235.3690079067949
B02013,99000000249,Synthetic Census Tract 99000000249,1.0,Total:,2166.8810396979234,657.1608716176744,+/-676,399.5460328918109,2364.223727476604,1870.380942296458,1930.653093243641,2590.7303592619855,2207.710561307306,2318.5335485327714,2127.0236495554313,2360.3352016090435,2274.7876325227194,2269.926975188269,1970.5104833861333,2335.0597834699024,2188.267931969505,2056.058052472458,1983.1481924557038,1901.4891492369395,1891.767834568039,2384.638488281295,2472.1303203013995,2077.444944744039,2210.626955707976,1796.4989508128142,2238.8187682477874,2391.4434085495254,2362.279464542824,2335.0597834699024,1953.9842484490023,2336.0319149367924,2117.302334886531,2429.3565357582374,1923.8481729754108,2339.9204408043524,2233.958110913337,2102.7203628831803,1886.9071772335888,2017.1727937968556,2065.7793671413583,2240.7630311815674,2174.658091433044,2359.3630701421534,2327.282731734782,2237.8466367808974,2349.641755473253,1884.9629142998087,2174.658091433044,1884.9629142998087,2350.613886940143,1990.9252441908243,2019.1170567306358,2133.828569823662,2241.7351626484574,2407.969643486656,2032.7268972670965,1788.7218990776937,2538.235260049923,2173.685959966154,1972.4547463199133,2192.156457837065,2367.140121877274,2299.0909191949704,1696.369409723139,2492.5450811060905,2207.710561307306,2090.0826538136093,1955.9285113827825,2348.669624006363,1969.5383519192433,2210.626955707976,2193.128589303955,2318.5335485327714,2408.941774953546,2001.6186903266148,1977.3154036543635,2448.7991650960385,2249.512214383578,2200.9056410390754,2094.94331114806,1916.0711212402903,1838.3006038890862,1949.123591114552
B02013,99000000250,Synthetic Census Tract 99000000250,1.0,Total:,210.53504827348385,165.42039507202304,+/-165,101.25733274105653,228.5809095540682,97.24714134537112,192.48918699289953,183.46625635260736,254.64715362602334,227.57836170514685,208.52995257564118,308.7847374677763,60.1528709352811,235.59874449651767,198.50447408642765,193.4917348418209,180.4586128058433,184.4688042015287,283.72104124474254,200.50956978427035,218.55543106485467,239.60893589220308,240.6114837411244,189.48154344613548,282.7184933958212,162.41275152525898,165.42039507202304,206.52485687779847,259.6598928706301,167.42549076986575,278.7083020001358,280.7133976979785,175.44587356123657,182.463708503686,233.59364879867496,218.55543106485467,242.6165794389671,234.59619664759632,216.55033536701197,90.22930640292165,270.687919208765,347.88410357570905,155.39491658280951,136.34650745330384,229.58345740298955,221.56307461161873,175.44587356123657,218.55543106485467,162.41275152525898,208.52995257564118,185.47135205045007,249.63441438141658,239.60893589220308,144.36689024467466,250.63696223033793,243.61912728788846,252.64205792818063,273.695562755529,250.63696223033793,201.5121176331917,139.3541510000679,208.52995257564118,152.38727303604546,178.4535171080006,237.60384019436037,157.40001228065222,212.54014397132656,255.6497014749447,204.51976117995576,237.60384019436037,235.59874449651767,273.695562755529,192.48918699289953,155.39491658280951,180.4586128058433,205.52230902887712,256.65224932386604,262.66753641739416,286.7286847915066,296.7541632807201,148.37708164036005,186.47389989937142,204.51976117995576,253.644605777102
B02013,99000000251,Synthetic Census Tract 99000000251,1.0,Total:,363.4273747806661,274.40337807646836,+/-262,167.57458203143105,382.27951525920207,408.4630437016132,430.45720759323854,255.55123759793236,382.27951525920207,520.5285454351327,448.2620069340781,412.65240825239897,223.0836623293426,432.5518898686314,219.94163891625325,377.0428095707199,343.5278931644337,354.0013045413981,333.05448178746923,236.69909711939636,352.95396340370166,279.6400837649506,281.73476604034346,333.05448178746923,460.8301005864354,396.94229118695233,434.6465721440243,548.8067561529367,237.74643825709282,244.0304850832715,201.08949843771728,430.45720759323854,385.42153867229143,202.13683957541372,451.4040303471674,270.21401352568256,446.1673246586852,384.374197534595,269.1666723879861,348.76459885291587,418.93645507857764,322.58107041050476,346.669916577523,251.3618730471466,381.23217412150564,312.10765903354036,354.0013045413981,294.3028596927008,257.6459198733252,240.88846167018215,391.7055854984701,206.32620412619949,494.34501699272164,450.35668920947097,375.9954684330234,281.73476604034346,369.7114216068448,344.5752343021301,425.2205019047563,476.5402176518821,283.82944831573633,364.47471591836256,462.9247828618283,326.77043496129056,232.5097325686106,327.817776098987,305.8236122073617,276.4980603518612,514.244498608954,337.243846338255,405.32102028852387,462.9247828618283,323.6284115482012,350.8592811283088,476.5402176518821,476.5402176518821,257.6459198733252,298.4922242434866,368.6640804691483,379.13749184611277,391.7055854984701,358.1906690921839,337.243846338255,435.69391328172077
B02013,99000000252,Synthetic Census Tract 99000000252,1.0,Total:,646.3683464068449,409.3666193910018,+/-380,248.8518133666353,525.7129217442339,531.0993246309577,429.8349503605519,685.1504471912557,642.059224097466,721.7779868209768,654.9865910256029,756.2509652960086,824.1196416687274,781.0284185749376,745.4781595225612,660.3729939123266,450.303281330102,614.0499290865027,846.7425337929669,700.2323752740821,474.0034540316863,717.4688645115979,643.1365046748107,824.1196416687274,814.4241164726246,824.1196416687274,750.8645624092849,556.9540584872314,789.6466631936955,706.6960587381504,646.3683464068449,688.3822889232898,455.6896842168257,437.3759144019651,524.6356411668892,717.4688645115979,767.023771069456,499.85818788796007,544.0266915590945,716.3915839342532,544.0266915590945,532.1766052083024,705.6187781608057,861.8244618757933,765.9464904921113,645.2910658295002,880.1382316906539,725.0098285530111,658.2184327576371,594.6588786942973,633.4409794787081,639.9046629427766,430.91223093789665,691.6141306553241,434.14407266993084,614.0499290865027,733.6280731717691,668.9912385310845,464.3079288355836,586.0406340755394,770.2556128014902,453.5351230621362,676.5322025724977,508.476432506718,394.2846913081754,453.5351230621362,590.3497563849184,709.9279004701847,601.1225621583658,711.0051810475294,608.663526199779,645.2910658295002,720.7007062436321,908.1475267016172,698.0778141193925,598.9680010036764,554.7994973325419,607.5862456224343,782.1056991522823,619.4363319732264,792.8785049257298,823.0423610913825,588.1951952302289,457.84424537151517
B02013,99000000253,Synthetic Census Tract 99000000253,1.0,Total:,168.05277311615095,182.14752182911843,+/-168,110.5895668248219,166.9685616766919,207.08438493667632,190.82121334479075,113.84220114319902,216.84228789180767,187.56857902641363,85.65270371726403,216.84228789180767,243.9475738782836,250.45284251503784,208.16859637613535,152.8738129637244,134.44221849292074,144.2001214480521,187.56857902641363,173.47383031344611,91.07376091455922,81.31585795942787,117.09483546157614,46.62109189673865,165.88435023723287,134.44221849292074,185.40015614749555,198.410693421004,130.1053727350846,122.51589265887132,234.18967092315228,143.11591000859306,97.57902955131345,118.17904690103518,104.08429818806768,197.32648198154496,210.33701925505343,192.98963622370883,168.05277311615095,153.95802440318343,209.2528078155944,289.4844543355632,258.0423225912511,78.06322364105075,189.7370019053317,132.27379561400267,165.88435023723287,222.26334508910284,140.94748712967498,131.18958417454363,258.0423225912511,162.63171591885575,135.52642993237978,73.72637788321461,111.67377826428094,181.0633103896594,214.6738650128896,221.1791336496438,161.5475044793967,143.11591000859306,240.69493955990652,223.34755652856188,221.1791336496438,252.62126539395592,150.7053900848063,198.410693421004,164.80013879777383,122.51589265887132,208.16859637613535,222.26334508910284,124.6843155377894,170.22119599506902,238.52651668098844,216.84228789180767,259.12653403071016,136.61064137183882,121.4316812194123,116.0106240221171,150.7053900848063,241.77915099936556,110.5895668248219,73.72637788321461,78.06322364105075,276.4739170620548
B02013,99000000254,Synthetic Census Tract 99000000254,1.0,Total:,606.4403105321916,229.16638797338595,+/-229,139.10099532009016,657.4773663690593,654.4751866139494,559.4061610354705,494.3589330080902,581.4221459062761,590.4286851716057,611.4439434573748,687.4991639201578,726.527500736586,507.3683786135662,539.3916293347381,489.3553000829071,642.46646759351,477.34658106246764,566.4112471307268,691.5020702603043,659.4788195391325,668.4853588044621,630.4577485730705,755.548571702648,621.4512093077409,574.4170598110197,556.4039812803607,542.393809089848,550.3996217701409,494.3589330080902,558.4054344504339,540.3923559197747,595.4323180967888,624.4533890628508,650.4722802738029,576.418512981093,565.4105205456902,595.4323180967888,689.500617090231,632.4592017431437,790.5740021789296,629.4570219880338,573.4163332259832,500.3632925183099,627.4555688179606,709.5151487909635,609.4424902873014,522.3792773891156,635.4613814982536,586.4257788314592,576.418512981093,777.5645565734536,714.5187817161466,587.4265054164958,625.4541156478874,636.4621080832902,580.4214193212395,590.4286851716057,641.4657410084733,654.4751866139494,471.34222155224796,533.3872698245184,518.3763710489691,539.3916293347381,645.4686473486198,608.4417637022649,703.5107892807438,612.4446700424113,598.4344978518986,623.4526624778141,516.3749178788959,629.4570219880338,610.4432168723381,680.4940778249015,633.4599283281804,723.5253209814762,619.4497561376677,535.3887229945916,629.4570219880338,527.3829103142987,526.382183729262,606.4403105321916,522.3792773891156,657.4773663690593
B02013,99000000255,Synthetic Census Tract 99000000255,1.0,Total:,121.49065777672176,126.51093289146233,+/-126,76.30818174405664,70.28385160636796,157.63663860285385,175.70962901591992,129.52309796030667,177.71773906181613,79.320346812901,119.48254773082554,169.68529887823124,202.81911463551899,113.45821759313685,92.37306211122646,98.39739224891515,108.43794247839628,115.46632763903308,82.33251188174533,104.42172238660383,165.66907878643877,79.320346812901,112.45416257018874,143.57986828158027,159.6447486487501,139.5636481897878,97.39333722596703,134.54337307504724,88.35684201943401,195.7907294748822,130.52715298325478,33.133815757287756,73.2960166752123,112.45416257018874,112.45416257018874,116.4703826619812,134.54337307504724,129.52309796030667,179.72584910771238,106.42983243250006,72.29196165226419,182.7380141765567,97.39333722596703,79.320346812901,70.28385160636796,107.43388745544817,144.58392330452838,124.5028228455661,144.58392330452838,52.210861193301916,137.5555381438916,173.70151897002367,152.61636348811328,131.53120800620292,161.6528586946463,137.5555381438916,115.46632763903308,140.56770321273592,59.23924635393871,134.54337307504724,169.68529887823124,47.190586078561346,115.46632763903308,180.7299041306605,154.62447353400952,125.50687786851422,39.158145894976435,127.51498791441045,54.21897123919814,133.53931805209913,122.49471279966988,92.37306211122646,65.26357649162739,117.47443768492931,121.49065777672176,135.54742809799535,107.43388745544817,145.5879783274765,148.60014339632085,145.5879783274765,81.32845685879721,154.62447353400952,157.63663860285385,59.23924635393871
B02013,99000000256,Synthetic Census Tract 99000000256,1.0,Total:,57.23860043624944,56.17862635409667,+/-53,33.91917062888856,56.17862635409667,97.5176155580546,74.19818575069372,47.69883369687454,62.53847084701328,42.3989632861107,28.61930021812472,68.89831533992988,38.159066957499626,77.37810799715203,75.25815983284649,73.13821166854095,45.578885532569004,84.7979265722214,58.29857451840221,42.3989632861107,59.358548600554975,59.358548600554975,67.83834125777712,78.43808207930479,61.47849676486051,49.81878186118007,48.7588077790273,82.67797840791586,91.15777106513801,64.65841901131881,34.97914471104133,36.03911879319409,81.6180043257631,55.11865227194391,79.49805616145755,71.01826350423542,29.679274300277488,78.43808207930479,33.91917062888856,71.01826350423542,85.85790065437416,40.279015121805166,45.578885532569004,40.279015121805166,77.37810799715203,52.998704107638375,67.83834125777712,63.59844492916605,80.55803024361033,59.358548600554975,50.878755943332834,54.05867818979114,80.55803024361033,52.998704107638375,50.878755943332834,68.89831533992988,36.03911879319409,66.77836717562435,74.19818575069372,43.45893736826346,82.67797840791586,43.45893736826346,67.83834125777712,48.7588077790273,78.43808207930479,76.31813391499925,48.7588077790273,69.95828942208266,82.67797840791586,29.679274300277488,40.279015121805166,72.07823758638818,37.09909287534686,59.358548600554975,58.29857451840221,62.53847084701328,49.81878186118007,58.29857451840221,67.83834125777712,51.938730025485604,93.27771922944353,60.418522682707746,72.07823758638818,37.09909287534686
B02013,99000000257,Synthetic Census Tract 99000000257,1.0,Total:,697.1324601645604,273.46079929107066,+/-284,166.57999393434937,715.4273727931884,797.2730345528398,667.2828658757463,452.55836502395493,815.5679471814677,703.8726911330023,646.0992828320718,750.0914177737466,842.5288710552353,561.3649506573739,691.3551193344673,771.2750008174211,803.0503753829328,671.1344264291417,737.5738459752116,761.6460994339327,600.8434463296763,600.8434463296763,746.2398572203513,684.6148883660254,595.0661054995833,649.9508433854672,858.8980034071656,745.2769670820024,703.8726911330023,700.0211305796068,696.1695700262115,767.4234402640258,754.9058684654908,821.3452880115608,811.7163866280723,664.3941954606998,577.7340830093042,631.6559307568392,737.5738459752116,667.2828658757463,767.4234402640258,820.382397873212,747.2027473587001,543.0700380287459,749.1285276353977,819.4195077348631,674.985986982537,645.136392693723,659.5797447689556,804.0132655212816,672.0973165674906,853.1206625770725,683.6519982276766,634.5446011718858,738.5367361135606,675.9488771208859,635.5074913102346,656.6910743539091,760.6832092955839,715.4273727931884,561.3649506573739,668.2457560140952,601.8063364680252,778.9781219242118,612.3981279898625,666.3199757373975,882.0073667275377,651.8766236621649,740.4625163902582,676.9117672592347,752.9800881887932,631.6559307568392,747.2027473587001,754.9058684654908,655.7281842155602,771.2750008174211,739.4996262519094,768.3863304023746,673.0602067058394,655.7281842155602,820.382397873212,740.4625163902582,840.6030907785375,601.8063364680252
B02013,99000000258,Synthetic Census Tract 99000000258,1.0,Total:,150.51418261813095,148.37922967319292,+/-139,89.66802368739715,103.54521782949433,98.20783546714927,89.66802368739715,87.53307074245913,184.67342973713937,162.2564238152901,196.41567093429853,72.58840012789294,188.94333562701544,165.45885323269712,131.2996061136887,187.87585915454642,120.62484138899856,159.05399439788306,195.34819446182954,155.851564980476,152.64913556306897,145.17680025578588,286.0836946216957,156.91904145294504,186.80838268207742,202.82052976911262,207.09043565898867,183.60595326467038,114.21998255418447,143.04184731084786,153.716612035538,213.49529449380276,106.74764724690138,177.20109442985628,150.51418261813095,86.46559426999012,118.48988844406053,202.82052976911262,86.46559426999012,216.6977239112098,171.86371206751122,161.18894734282108,74.72335307283096,141.97437083837883,195.34819446182954,214.56277096627176,203.88800624158162,201.7530532966436,72.58840012789294,178.2685709023253,176.1336179573873,234.84482394318303,111.01755313677744,140.9068943659098,140.9068943659098,105.68017077443237,170.79623559504222,148.37922967319292,81.12821190764505,172.93118853998024,144.10932378331685,199.61810035170558,97.14035899468026,120.62484138899856,102.47774135702532,104.61269430196334,107.81512371937039,70.4534471829549,188.94333562701544,134.50203553109574,167.59380617763517,92.8704531048042,226.30501216343092,177.20109442985628,122.75979433393658,167.59380617763517,141.97437083837883,182.53847679220135,198.55062387923655,156.91904145294504,154.784088508007,122.75979433393658,209.2253886039267,120.62484138899856
B02013,99000000259,Synthetic Census Tract 99000000259,1.0,Total:,55.93438644099515,52.93790145308469,+/-53,31.962506537711512,58.9308714289056,71.91563970985091,64.9238414047265,47.94375980656727,44.947274818656815,66.92149806333347,65.92266973403,52.93790145308469,67.92032639263697,54.93555811169166,31.962506537711512,79.90626634427878,85.89923632009969,34.95899152562197,46.944931477263786,54.93555811169166,23.971879903283636,42.949618160049845,61.92735641681605,54.93555811169166,57.93204309960212,85.89923632009969,70.91681138054741,53.93672978238818,44.947274818656815,58.9308714289056,79.90626634427878,55.93438644099515,83.90157966149272,62.92618474611954,31.962506537711512,74.91212469776136,78.9074380149753,41.95078983074636,56.93321477029863,59.92969975820908,30.963678208408027,49.941416465174235,67.92032639263697,49.941416465174235,68.91915472194044,79.90626634427878,66.92149806333347,63.925013075423024,66.92149806333347,82.90275133218924,77.9086096856718,42.949618160049845,65.92266973403,43.94844648935333,37.95547651353242,92.89103462522408,72.91446803915439,34.95899152562197,68.91915472194044,79.90626634427878,44.947274818656815,37.95547651353242,51.939073123781206,41.95078983074636,56.93321477029863,71.91563970985091,61.92735641681605,55.93438644099515,63.925013075423024,68.91915472194044,68.91915472194044,38.9543048428359,54.93555811169166,37.95547651353242,33.96016319631848,62.92618474611954,73.91329636845788,28.96602154980106,64.9238414047265,71.91563970985091,48.94258813587075,34.95899152562197,46.944931477263786,70.91681138054741
B02013,99000000260,Synthetic Census Tract 99000000260,1.0,Total:,257.564805217908,195.71232511181537,+/-212,119.08910348784993,306.4928864958618,288.9526309433878,273.2587180806479,131.09033097112163,191.09646838748012,234.48552159623162,283.4136028741855,201.2513531810177,355.4209677738157,215.0989233540235,176.32572686960725,312.03191456506414,203.0976958707518,174.47938417987314,366.4990239122203,204.94403856048592,330.49534146240524,270.4892040460467,239.1013783205669,313.87825725479826,200.32818183615063,285.2599455639196,162.47815669660145,324.9563133932029,312.03191456506414,317.57094263426643,242.7940637000351,260.33431925250915,144.93790114412744,252.94894849357271,304.6465438061277,216.9452660437576,275.105060770382,286.18311690878664,178.17206955934137,282.4904315293184,166.17084207606965,232.63917890649753,268.6428613563126,303.7233724612607,293.56848766772305,319.41728532400055,247.40992042437037,144.93790114412744,161.5549853517344,261.2574905973762,242.7940637000351,215.0989233540235,344.34291163541104,203.0976958707518,208.63672393995412,279.72091749471724,176.32572686960725,198.48183914641655,265.87334732171144,204.94403856048592,309.26240053046297,260.33431925250915,301.87702977152657,305.56971515099474,155.092785937665,220.63795142322581,171.709870145272,343.419740290544,333.26485549700635,287.1062882536537,270.4892040460467,279.72091749471724,177.2488982144743,284.33677421905253,355.4209677738157,246.4867490795033,308.3392291855959,280.6440888395843,168.94035611067082,249.25626311410448,139.3988730749251,243.71723504490217,284.33677421905253,220.63795142322581
B02013,99000000261,Synthetic Census Tract 99000000261,1.0,Total:,1828.8236588291775,825.7138819613737,+/-903,502.01209434860925,1889.1748395705404,1541.6983443929967,1965.9854332413659,1976.0439633649264,2004.3907300767785,1730.9815930818165,1506.9506948752423,1634.9683509932847,2070.228381794629,1986.1024934884867,1847.1118954174692,2179.9578013243795,2212.8766271833047,1441.113043157392,1728.2383575935728,1462.1445152339275,1706.2924736876225,1923.0080772588801,1695.3195317346476,2050.111321547508,2009.8772010532662,1400.87892266315,1515.1804013399735,1634.0539391638702,1644.1124692874305,1801.3913039467398,2243.9666293834007,1862.6568965175172,1370.7033322924685,1779.4454200407897,1797.7336566290815,1701.7204145405497,2400.3310522132956,1942.2107256765864,2240.3089820657424,1767.5580662584,1778.5310082113751,1965.0710214119513,1716.351003811183,1471.2886335280732,1645.0268811168453,1993.4177881238036,2150.6966227831126,1794.9904211408377,1658.743058558064,1863.5713083469318,1781.2742436996189,2055.5977925239954,1920.2648417706364,1885.517192252882,1807.792186752642,2016.2780838591682,1636.7971746521139,1751.0986533289374,1668.8015886816245,1684.3465897816725,1929.4089600647824,1816.9363050467878,1903.8054288411738,2109.5480904594565,1663.315117705137,2056.51220435341,1789.5039501643503,1324.982740821739,967.4477155206349,1826.0804233409337,2111.3769141182856,1748.3554178406937,1652.342175752162,1823.33718785269,1789.5039501643503,1485.004810969292,1879.1163094469798,2435.9931135604643,2041.8816150827768,2063.827498988727,1613.0224670873345,1736.468064058304,2015.3636720297536,1412.7662764455397
B02013,99000000262,Synthetic Census Tract 99000000262,1.0,Total:,79.06149952338407,94.01908051429457,+/-88,57.69352667922621,29.915161981821,84.40349273442354,85.47189137663142,111.11345878962085,49.14633754156307,90.81388458767088,84.40349273442354,56.62512803701832,89.745485945463,80.12989816559197,26.70996605519732,87.60868866104721,85.47189137663142,73.7195063123446,41.66754704610782,107.90826286299718,89.745485945463,122.86584385390768,110.04506014741295,43.804344330523605,81.19829680779985,49.14633754156307,113.25025607403664,64.10391853247357,105.77146557858138,116.45545200066032,132.4814316337787,77.99310088117618,34.18875655065257,52.35153346818675,76.92470223896828,123.93424249611557,30.983560624028893,118.59224928507611,64.10391853247357,74.7879049545525,94.01908051429457,90.81388458767088,74.7879049545525,90.81388458767088,55.556729394810425,89.745485945463,88.6770873032551,126.07103978053135,47.009540257147286,69.44591174351304,64.10391853247357,35.257155192860466,70.51431038572093,74.7879049545525,49.14633754156307,81.19829680779985,69.44591174351304,91.88228322987878,42.73594568831571,114.31865471624454,119.660647927284,118.59224928507611,126.07103978053135,30.983560624028893,85.47189137663142,44.8727429727315,121.79744521169978,88.6770873032551,66.24071581688935,129.27623570715502,142.09701941364975,69.44591174351304,44.8727429727315,28.846763339613105,88.6770873032551,116.45545200066032,48.077938899355175,98.29267508312614,80.12989816559197,81.19829680779985,65.17231717468147,66.24071581688935,91.88228322987878,89.745485945463
B02013,99000000263,Synthetic Census Tract 99000000263,1.0,Total:,886.5135166300785,324.3564356837697,+/-356,197.7116475937585,1019.5360998037593,762.6020692902114,914.7580377149011,738.9131161222956,685.1574147027944,851.8912004615862,864.6467906289255,731.6242074552446,897.446879630655,720.6908444546681,926.602514298859,866.4690177956882,971.2470798845463,891.0690845469853,990.3804651355553,1017.7138726369966,947.5581267166307,881.0468351297902,899.2691067974177,999.4916009693691,911.1135833813756,786.2910224581271,973.0693070513091,1029.5583492209544,726.1575259549563,685.1574147027944,833.6689287939587,794.4910447085596,1023.1805541372848,841.8689510443911,824.5577929601449,940.2692180495796,964.8692848008768,871.0245857125951,953.0248082169189,965.7803983842581,897.446879630655,854.6245412117303,994.0249194690808,814.5355435429498,755.3131606231603,953.0248082169189,691.5352097864641,696.0907777033709,980.3582157183602,943.0025587997237,855.5356547951117,879.2246079630274,765.3354100403556,955.758148967063,921.1358327985707,752.5798198730163,754.402047039779,850.0689732948234,886.5135166300785,853.713427628349,926.602514298859,824.5577929601449,869.2023585458323,854.6245412117303,827.291133710289,1121.5808211424733,699.7352320368965,868.291244962451,895.6246524638922,830.0244744604332,896.5357660472736,1005.8693960530387,902.9135611309432,1038.669485054768,951.2025810501561,1046.8695073052006,938.4469908828169,932.0691957991472,771.7132051240251,873.7579264627392,1045.0472801384378,865.5579042123068,1000.4027145527505,840.9578374610097
B02013,99000000264,Synthetic Census Tract 99000000264,1.0,Total:,373.8438143056519,287.7928084552461,+/-301,174.97037856249182,281.099952444659,374.7999365928786,406.35197207136076,465.6315538794181,378.62442574178556,195.04894659425315,344.20402340162326,351.8530016994371,423.56217324144194,220.86424834937492,431.21115153925575,334.6428005293559,226.6009820727353,406.35197207136076,402.5274829224538,255.28465068953724,460.85094244328445,383.4050371779192,341.33565653994305,435.9917629753894,261.02138441289765,466.5876761666448,389.1417709012796,501.9642007940339,462.7631870177379,284.9244415935659,478.06114361336563,428.3427846775756,510.5693013790745,201.74180260484027,420.6938063797617,358.5458577100242,208.4346586154274,284.9244415935659,379.5805480290123,277.27546329575205,314.56423249759456,407.3080943585875,430.25502925202903,366.19483600783803,266.758118136258,481.8856327622725,344.20402340162326,499.0958339323537,464.6754315921914,283.0121970191124,308.8274987742342,356.6336131355707,348.9846348377569,265.8019958490313,439.81625212429634,436.9478852626162,252.41628382785703,447.4652304221102,378.62442574178556,211.3030254771076,307.87137648700747,475.1927767516854,433.12339611370925,290.6611753169263,160.62854425409085,362.3703468589311,419.737684092535,483.797877336726,471.3682876027785,239.03057180668281,377.66830345455884,365.2387137206113,535.4284808469695,305.95913191255397,390.0978931885063,416.8693172308548,309.7836210614609,352.8091239866638,403.48360520968055,216.08363691324126,350.89687941221035,378.62442574178556,416.8693172308548,438.8601298370696
B02013,99000000265,Synthetic Census Tract 99000000265,1.0,Total:,105.3840348829337,86.04751472092751,+/-89,52.208604437416696,116.0191209720371,58.00956048601855,112.15181693963586,113.11864294773618,57.04273447791824,82.18021068852627,123.75372903683957,87.01434072902782,112.15181693963586,95.7157748019306,121.82007702063895,108.28451290723463,97.64942681813123,115.05229496393679,130.52151109354173,87.98116673712813,78.31290665612504,116.98594698013741,119.88642500443834,145.02390121504638,104.41720887483339,51.24177842931638,131.48833710164206,113.11864294773618,48.34130040501546,130.52151109354173,190.46472359576092,101.51673085053247,122.78690302873926,108.28451290723463,86.04751472092751,113.11864294773618,120.85325101253865,100.54990484243216,106.350860891034,103.45038286673308,81.21338468042597,105.3840348829337,119.88642500443834,115.05229496393679,116.0191209720371,90.88164476142906,81.21338468042597,97.64942681813123,137.2892931502439,102.48355685863277,101.51673085053247,64.77734254272072,56.07590846981793,162.42676936085195,130.52151109354173,87.98116673712813,125.6873810530402,104.41720887483339,137.2892931502439,116.0191209720371,99.58307883433184,100.54990484243216,62.8436905265201,101.51673085053247,96.68260081003092,116.0191209720371,102.48355685863277,107.31768689913432,147.9243792393473,111.18499093153555,121.82007702063895,81.21338468042597,66.71099455892133,145.02390121504638,87.01434072902782,99.58307883433184,155.65898730414978,93.78212278573,125.6873810530402,126.6542070611405,131.48833710164206,117.95277298823771,59.94321250221917,142.12342319074546
B02013,99000000266,Synthetic Census Tract 99000000266,1.0,Total:,389.7277367289789,192.52737114189367,+/-206,116.82486112978985,491.5990156341557,458.8880545178145,293.4640511580321,491.5990156341557,370.1011600591742,364.49356672494434,331.78260560860315,284.1180622676489,369.16656117013594,382.25094561667237,362.62436894686766,390.66233561801727,347.6707867222546,331.78260560860315,422.43869784532006,314.0252267168751,354.2129789455228,403.7467200645537,410.288912287822,384.120143394749,431.7846867357033,363.558967835906,402.8121211755154,374.7741545043658,352.3437811674462,469.16864229723603,442.9998734041631,476.6454334095426,427.11169229051166,388.79313783994064,385.9893411728257,406.55051673166867,373.8395556153275,353.2783800564845,446.73826896031636,351.40918227840785,299.071644492262,357.0167756126378,376.6433522824425,435.52308229185655,526.1791745285735,478.5146311876192,290.66025449091717,492.533614523194,345.8015889441779,442.9998734041631,379.4471489495574,321.5020178291817,346.73618783321626,380.38174783859574,386.92394006186396,509.35639452588373,302.81004004841526,380.38174783859574,467.2994445191594,347.6707867222546,293.4640511580321,335.52100116475646,393.46613228513223,449.5420656274313,410.288912287822,380.38174783859574,398.1391267303238,410.288912287822,314.0252267168751,401.8775222864771,361.6897700578294,363.558967835906,415.89650562205185,443.9344722932014,459.82265340685285,323.3712156072583,442.06527451512477,342.0631933880247,340.19399560994805,333.65180338667983,404.68131895359204,425.24249451243503,416.8311045110902,560.7593334229913
B02013,99000000267,Synthetic Census Tract 99000000267,1.0,Total:,282.0941514703966,209.88575092336674,+/-218,127.08678496277251,289.79638086207973,334.08419986425804,352.3769946695056,350.4514373215848,299.42416760168373,291.72193821000053,364.8931174309908,364.8931174309908,222.4018736848519,427.47373123841663,381.2603548883175,220.47631633693112,300.3869462756441,235.88077512029747,178.1140546826736,351.4142159955452,296.53583157980256,314.8286263850501,242.62022583802025,232.99243909841627,145.37957976802008,297.49861025376293,274.3919220787134,280.1685941224758,232.02966042445587,327.34474914653526,290.75915953604016,231.0668817504955,267.6524713609906,177.1512760087132,203.14630020564394,272.4663647307926,321.56807710277286,321.56807710277286,203.14630020564394,230.1041030765351,251.28523390366385,265.7269140130698,305.20083964544614,221.4390950108915,263.801356665149,173.3001613128716,141.52846507217848,278.243036774555,265.7269140130698,282.0941514703966,156.93292385554486,361.0420027351492,281.13137279643615,271.5035860568322,282.0941514703966,295.57305290584213,284.98248749227776,267.6524713609906,264.76413533910943,342.7492079299016,288.83360218811936,229.1413244025747,205.07185755356474,265.7269140130698,347.56310129970365,417.8459444988127,385.1114695841591,310.0147330152481,341.78642925594124,175.2257186607924,352.3769946695056,330.23308516841644,282.0941514703966,317.7169624069313,338.89809323406007,279.20581544851535,268.615250034951,331.19586384237687,272.4663647307926,429.39928858633743,175.2257186607924,347.56310129970365,202.18352153168354,253.21079125158462
B02013,99000000268,Synthetic Census Tract 99000000268,1.0,Total:,331.33817021702544,179.30008578199792,+/-171,109.04800538788179,380.6194803442412,223.33870334248866,356.5030945373058,269.4743979296694,459.2598688451175,227.53285739586872,267.37732090297936,381.6680188575862,299.8820148166749,303.02763035670995,309.31886143678,285.2024756298447,304.07616887005497,319.80424657023025,425.706636418077,265.2802438762893,312.4644769768151,282.0568600898096,363.84286413072095,344.9691708905106,294.6393222499498,347.06624791720066,344.9691708905106,353.3574789972708,306.173245896745,342.8720938638206,293.5907837366048,462.40548438515253,415.22125128462676,384.8136343976213,269.4743979296694,347.06624791720066,352.30894048392577,287.2995526565347,359.64871007734087,360.6972485906859,256.8919357695292,278.91124454977455,249.55216617611407,335.53232427040547,373.2797107508261,361.7457871040309,315.61009251685016,313.5130154901601,341.8235553504756,282.0568600898096,314.56155400350514,339.72647832378556,416.2697897979718,288.3480911698797,340.7750168371306,389.0077884510014,390.0563269643464,309.31886143678,420.46394385135187,306.173245896745,252.69778171614914,286.25101414318965,222.29016482914363,356.5030945373058,422.5610208780419,319.80424657023025,321.90132359692024,307.22178441009004,333.4352472437154,208.6591641556584,309.31886143678,311.41593846347007,313.5130154901601,314.56155400350514,393.2019425043814,275.7656290097395,295.68786076329485,292.5422452232598,358.60017156399584,240.11531955600893,349.1633249438907,391.10486547769136,318.7557080568852,414.1727127712818
B02013,99000000269,Synthetic Census Tract 99000000269,1.0,Total:,123.70230991354595,71.33198892824912,+/-79,43.34095529817668,65.91436951597704,126.411119619682,101.1288956957456,141.76104128778624,85.77897402764135,137.24635844422616,157.11096295589047,134.53754873809012,145.3727875626343,115.57588079513782,114.67294422642581,138.14929501293818,85.77897402764135,120.09056363869789,107.4494516767297,140.85810471907422,111.96413452028976,107.4494516767297,130.92580246324206,117.38175393256185,111.06119795157775,93.90540314604948,130.92580246324206,111.96413452028976,136.34342187551414,137.24635844422616,155.30508981846646,142.66397785649824,109.25532481415372,112.86707108900178,111.06119795157775,109.25532481415372,80.36135461536927,131.8287390319541,121.89643677612192,89.39072030248941,154.40215324975443,125.50818305096998,153.4992166810424,111.06119795157775,122.79937334483394,120.09056363869789,101.1288956957456,133.6346121693781,158.0138995246025,139.05223158165018,126.411119619682,148.98453383748236,71.33198892824912,91.19659343991344,113.77000765771379,112.86707108900178,126.411119619682,109.25532481415372,144.46985099392228,148.08159726877034,131.8287390319541,120.09056363869789,93.90540314604948,160.72270923073853,123.70230991354595,128.21699275710603,126.411119619682,114.67294422642581,132.73167560066608,120.99350020740991,102.0318322644576,93.00246657733746,86.68191059635336,144.46985099392228,145.3727875626343,123.70230991354595,100.22595912703358,113.77000765771379,91.19659343991344,153.4992166810424,139.05223158165018,120.99350020740991,117.38175393256185,155.30508981846646
B02013,99000000270,Synthetic Census Tract 99000000270,1.0,Total:,701.0560226669224,476.2493041521494,+/-447,289.79823429392536,605.16690102555,636.06450688777,533.7827771369729,755.3931915970334,572.1384257935218,796.9451443082947,784.1599280894451,703.1868920367307,937.582522715641,733.0190632140466,1113.3792457248235,838.4970970195561,572.1384257935218,882.1799191006257,754.3277569121293,617.9521172443997,890.7033965798589,991.9196916457519,625.4101600387287,795.8797096233907,802.2723177328155,877.9181803610093,831.0390542252271,603.0360316557418,789.4871015139659,597.708858231221,687.2053717631686,735.1499325838548,510.3432140690818,588.1199460670838,523.1284302879315,631.8027681481535,734.0844978989506,598.7742929161252,540.1753852463977,712.7758042008679,616.8866825594955,485.83821631628666,739.4116713234714,401.6688762088598,546.5679933558225,502.88517127475285,453.8751757691625,619.0175519293039,571.0729911086177,782.0290587196369,643.522549682099,655.2423312160445,822.515576745994,764.9821037611706,831.0390542252271,620.0829866142079,481.57647757667013,859.8057907176388,826.7773154856106,597.708858231221,759.65493033665,828.9081848554189,675.4855902292231,968.4801285778609,779.8981893498286,772.4401465554996,841.6934010742685,722.3647163650052,877.9181803610093,874.7218763062968,685.0745023933604,810.7957952120486,525.2592996577397,682.943633023552,480.51104289176595,702.1214573518265,857.6749213478306,610.4940744500707,675.4855902292231,878.9836150459133,632.8682028330576,506.08147532946526,838.4970970195561,392.07996404472254
B02013,99000000271,Synthetic Census Tract 99000000271,1.0,Total:,0.0,14.998334466008764,+/-14,9.641786442434206,0.0,0.0,0.0,0.0,0.0,0.0,0.0,0.0,0.0,0.0,0.0,0.0,0.0,0.0,0.0,0.0,0.0,0.0,0.0,0.0,0.0,0.0,0.0,0.0,0.0,0.0,0.0,0.0,0.0,0.0,0.0,0.0,0.0,0.0,0.0,0.0,0.0,0.0,0.0,0.0,0.0,0.0,0.0,0.0,0.0,0.0,0.0,0.0,0.0,0.0,0.0,0.0,0.0,0.0,0.0,0.0,0.0,0.0,0.0,0.0,0.0,0.0,0.0,0.0,0.0,0.0,0.0,0.0,0.0,0.0,0.0,0.0,0.0,0.0,0.0,0.0,0.0,0.0,0.0,0.0
B02013,99000000272,Synthetic Census Tract 99000000272,1.0,Total:,114.01092081268224,68.21166202468169,+/-70,41.90144952944732,91.59851757600111,161.75908422995943,111.0875638687673,127.65325321761857,118.88318238587378,147.14229951038476,144.21894256646985,71.13501896859661,137.39777636400166,105.24084998093745,103.29194535166083,96.47077914919267,134.47441942008675,126.67880090298027,106.21530229557575,101.34304072238422,79.9050898003414,110.113111554129,102.31749303702252,117.90873007123548,121.80653932978872,121.80653932978872,106.21530229557575,91.59851757600111,94.52187451991604,120.8320870151504,96.47077914919267,99.39413609310759,116.93427775659717,105.24084998093745,122.78099164442702,123.75544395906533,106.21530229557575,101.34304072238422,94.52187451991604,142.27003793719322,144.21894256646985,91.59851757600111,135.44887173472506,113.03646849804393,90.6240652613628,102.31749303702252,111.0875638687673,158.8357272860445,127.65325321761857,106.21530229557575,124.72989627370364,85.75180368817125,112.06201618340562,134.47441942008675,88.67516063208619,87.70070831744788,114.98537312732054,118.88318238587378,128.6277055322569,102.31749303702252,93.54742220527774,122.78099164442702,110.113111554129,103.29194535166083,140.3211333079166,84.77735137353295,151.040108768938,95.49632683455435,80.87954211497971,110.113111554129,64.31385276612845,148.11675182502307,108.16420692485238,134.47441942008675,117.90873007123548,121.80653932978872,84.77735137353295,83.80289905889464,128.6277055322569,129.60215784689518,127.65325321761857,150.0656564542997,123.75544395906533,126.67880090298027
B02013,99000000273,Synthetic Census Tract 99000000273,1.0,Total:,40.021070931921464,30.71384513380019,+/-33,18.61445159624254,47.46685157041848,49.32829673004273,39.09034835210934,50.25901930985486,53.98190962910337,39.09034835210934,42.813238671357844,28.85239997417594,50.25901930985486,42.813238671357844,40.021070931921464,25.12950965492743,58.635522528164,38.15962577229721,39.09034835210934,32.575290293424445,25.12950965492743,39.09034835210934,34.4367354530487,46.53612899060635,31.644567713612318,55.84335478872762,49.32829673004273,40.95179351173359,48.397574150230604,37.22890319248508,49.32829673004273,43.74396125116997,32.575290293424445,45.605406410794224,39.09034835210934,44.6746838309821,42.813238671357844,56.77407736853975,47.46685157041848,33.50601287323657,28.85239997417594,42.813238671357844,43.74396125116997,55.84335478872762,47.46685157041848,34.4367354530487,30.71384513380019,37.22890319248508,27.92167739436381,38.15962577229721,41.88251609154572,34.4367354530487,39.09034835210934,42.813238671357844,41.88251609154572,35.367458032860824,48.397574150230604,34.4367354530487,36.29818061267295,70.73491606572165,45.605406410794224,40.95179351173359,43.74396125116997,42.813238671357844,58.635522528164,40.95179351173359,46.53612899060635,25.12950965492743,45.605406410794224,41.88251609154572,38.15962577229721,53.051187049291244,40.95179351173359,54.9126322089155,38.15962577229721,63.289135427224636,53.98190962910337,32.575290293424445,52.12046446947912,30.71384513380019,27.92167739436381,43.74396125116997,30.71384513380019,52.12046446947912
B02013,99000000274,Synthetic Census Tract 99000000274,1.0,Total:,173.42857387013274,215.2554652152824,+/-211,130.58151444339407,230.55798643911766,183.6302546860229,85.69411885347736,84.67395077188834,201.9932801546252,244.84033958136388,93.8554635061895,247.90084382613094,198.93277590985815,131.6016825249831,171.38823770695473,179.54958235966686,150.98487607517438,126.500842117038,81.6134465271213,246.88067574454192,169.3479015437767,177.50924619648882,257.08235656043206,197.91260782826913,178.52941427807784,222.39664178640552,167.30756538059865,157.1058845647085,251.981516152487,190.77143125714602,214.2352971336934,174.44874195172176,293.80840749763667,88.75462309824441,107.1176485668467,93.8554635061895,59.16974873216294,233.61849068388472,186.69075893078997,155.06554840153046,66.31092530328606,201.9932801546252,174.44874195172176,265.2437012131442,47.94789983468376,191.79159933873504,298.90924790558176,205.05378439939224,206.07395248098126,73.45210187440917,223.41680986799454,80.59327844553228,126.500842117038,195.8722716650911,182.6100866044339,183.6302546860229,148.94453991199637,146.90420374881833,298.90924790558176,83.65378269029932,115.27899321955883,145.8840356672293,83.65378269029932,179.54958235966686,193.83193550191308,72.43193379282015,158.1260526462975,231.57815452070668,80.59327844553228,152.0050441567634,219.33613754163846,195.8722716650911,89.77479117983343,232.5983226022957,242.80000341818584,277.4857181922124,231.57815452070668,47.94789983468376,165.2672292174206,187.710927012379,267.28403737632226,94.8756315877785,228.51765027593962,60.18991681375196
B02013,99000000275,Synthetic Census Tract 99000000275,1.0,Total:,1329.5417615779165,506.31611212279245,+/-548,307.67019222060196,1518.0244018572043,1548.5142407259125,1438.566033896328,1445.033575474539,1454.2729205862688,1178.016501745548,1328.6178270667435,1270.409952862846,1381.2820942036035,1513.4047293013393,1048.665670181331,1152.1463354327047,1408.0761950276199,1306.4433987985922,1431.1745578069442,1231.6047033935808,1298.1279881980354,1450.5771825415768,1349.8683208237221,1257.4748697064242,1279.6492979745758,1270.409952862846,1087.4709196505962,1195.5712574578347,1364.6512730024897,1251.0073281282134,1458.8925931421336,1388.6735702929873,1080.0794435612122,1254.7030661729052,1316.606678421495,1412.6958675834846,1214.0499476812943,1591.0152282398697,1607.6460494409832,1370.1948800695277,1278.7253634634028,1352.6401243572411,1362.803403980144,1347.096517290203,1426.5548852510794,1411.7719330723116,1311.98700586563,1857.1083674576876,1588.2434247063507,1547.5903062147397,1413.6198020946576,1144.7548593433207,1503.2414496784365,1262.0945422622892,1214.9738821924673,1373.8906181142195,1172.47289467851,1261.1706077511162,1298.1279881980354,1034.8066525137363,1376.6624216477385,1162.3096150556073,1137.363383253937,1326.7699580443978,1260.2466732399432,1413.6198020946576,1385.9017667594683,1230.6807688824078,1275.0296254187108,1130.8958416757262,1106.8735443852286,1376.6624216477385,1115.1889549857856,1354.4879933795871,1512.4807947901663,1609.4939184633292,1396.065046382371,1193.7233884354887,1220.517489259505,1678.7890068013025,1521.7201399018961,1140.135186787456,1359.107665935452,1251.0073281282134
B02013,99000000276,Synthetic Census Tract 99000000276,1.0,Total:,644.1153234067607,329.84153268110555,+/-339,200.434677676424,536.1141135908234,437.84274249704276,667.4669363399363,679.1427428065241,596.4391136681937,555.5737910351364,796.8737913446178,523.46532325202,462.167339302434,754.0625009671292,597.4120975404094,673.3048395732302,788.1169364946769,626.601613706879,691.7915331453275,693.7375008897588,823.1443558944403,678.1697589343084,495.2487909577661,569.1955652461555,545.8439523129799,610.0608878792128,646.061291151192,668.439920212152,783.2520171335987,489.4108877244722,575.0334684794494,761.8463719448544,651.8991943844859,601.304033029272,651.8991943844859,661.6290331066424,574.0604846072338,651.8991943844859,489.4108877244722,670.3858879565832,746.278629989404,652.8721782567015,598.385081412625,671.3588718287989,533.1951619741765,509.84354904100087,651.8991943844859,668.439920212152,550.7088716740582,551.6818555462738,827.0362913833029,576.9794362238807,394.05846824733845,676.2237911898771,667.4669363399363,763.7923396892857,759.900404200423,695.6834686341901,826.0633075110873,675.2508073176615,671.3588718287989,686.9266137842493,518.6004038909417,608.1149201347815,577.9524200960964,724.8729848006597,607.1419362625659,690.8185492731119,777.4141139003048,557.5197587795677,632.4395169401729,918.4967753715741,601.304033029272,562.384678140646,717.0891138229345,766.7112913059326,605.1959685181346,590.6012104348998,534.1681458463921,596.4391136681937,631.4665330679572,689.8455654008962,616.8717749847224,854.2798398053411
B02013,99000000277,Synthetic Census Tract 99000000277,1.0,Total:,324.2306933455178,296.93854744101293,+/-272,180.12816296973213,348.2477817414821,347.1560959053019,306.7637199666347,259.8212290108863,235.80414061492203,474.8833387383847,450.8662503424204,411.5655602399334,503.26717047906976,172.48636211647076,344.9727242329415,371.1731843012662,412.6572460761136,339.51429505204055,343.8810383967613,313.3138349837159,274.01314488122887,317.68057832843664,222.7039105807597,248.90437064908437,308.94709163899506,505.4505421514301,170.30299044411038,396.28195853341066,232.52908310638145,295.8468616048327,352.6145250862029,244.5376273043636,456.3246795233214,325.322379181698,270.73808737268826,431.2159052911769,353.7062109223831,348.2477817414821,305.6720341304545,366.80644095654543,363.5313834480048,302.3969766219139,198.68682218479543,236.89582645110224,312.2221491475357,526.1925730388539,173.57804795265096,417.02398942083437,225.97896808930028,292.57180409629217,413.74893191229376,222.7039105807597,414.84061774847396,303.4886624580941,254.36279982998536,458.50805119568173,441.04107781679863,320.95563583697725,322.0473216731574,376.63161348216715,366.80644095654543,303.4886624580941,200.8701938571558,204.1452513656964,358.07295426710385,370.081498465086,295.8468616048327,265.2796581917873,198.68682218479543,296.93854744101293,462.87479454040255,478.15839624692524,438.8577061444382,153.92770290140746,336.23923754349994,454.14130785096097,463.96648037658275,322.0473216731574,362.4396976118246,260.91291484706653,245.6293131405438,358.07295426710385,241.26256979582303,175.76141962501134
B02013,99000000278,Synthetic Census Tract 99000000278,1.0,Total:,525.3664035789958,349.5115404563194,+/-318,212.12492864172842,522.0691248954456,563.8346548870812,412.1598354437728,677.0412230223042,449.52899385734156,419.8534857053899,383.5834201863379,375.88976992472084,515.4745675283452,463.81720148605905,358.30428361245316,458.3217370134754,479.2045020092932,670.4466656552038,615.4920209293674,564.933747781598,530.8618680515794,292.35870994144955,478.1054091147765,420.95257859990664,633.0775072416351,639.6720646087355,634.1766001361518,653.9602722374528,497.88908121607756,548.447354363847,419.8534857053899,482.5017806928434,592.4110701445161,514.3754746338285,625.383856980018,485.7990593763936,651.7620864484194,604.5010919842001,711.1131027523227,649.5639006593859,531.9609609460962,427.547135967007,537.4564254186797,558.3391904144976,265.9804804730481,428.64622886152375,406.6643709711892,463.81720148605905,435.24078622862413,639.6720646087355,706.7167311742558,546.2491685748136,560.537376203531,414.35802123280627,444.0335293847579,541.8527969967466,569.3301193596649,334.12423993308516,427.547135967007,420.95257859990664,433.0426004395907,540.7537041022299,430.8444146505572,539.6546112077132,393.47525623698846,619.8883925074343,489.0963380599438,489.0963380599438,575.9246767267653,597.9065346170997,692.4285235455384,681.4375946003711,526.4654964735125,638.5729717142187,638.5729717142187,684.7348732839213,697.923988018122,385.78160597537135,489.0963380599438,609.9965564567838,484.69996648187686,696.8248951236053,442.9344364902412,378.0879557137543
B02013,99000000279,Synthetic Census Tract 99000000279,1.0,Total:,626.3260610929248,452.3465996782234,+/-429,275.20387532870933,745.4756316375384,729.6593169634746,817.1762581599608,660.067532397594,576.7682751141916,607.3464834840482,662.1763743541359,599.9655366361518,517.7207003310203,623.162798158112,807.6864693555225,452.3465996782234,540.9179618529805,328.9793452205261,661.121953375865,783.4347868552913,613.6730093536737,846.7000455515464,501.90438565695655,764.4552092464148,661.121953375865,504.0132276134984,337.41471304669346,821.3939420730444,758.1286833767894,710.6797393545982,506.1220695700402,535.6458569616259,637.9246918539048,662.1763743541359,440.7479689172433,759.1831043550603,664.2852163106778,728.6048959852037,539.8635408747095,335.30587109015164,579.9315380490044,464.9996514174744,717.0062652242236,492.4145968525183,540.9179618529805,865.6796231604229,608.4009044623192,730.7137379417455,633.7070079408212,623.162798158112,686.428056854367,672.7205841368451,394.353445873323,613.6730093536737,902.584357399905,434.42144304761786,604.1832205492354,535.6458569616259,524.0472262006458,857.2442553342556,621.0539562015701,807.6864693555225,444.96565283032703,724.3872120721201,741.2579477244547,487.14249196116367,495.577859787331,597.85669467961,574.6594331576498,584.1492219620881,512.4485954396657,555.6798555487733,733.8770008765583,657.9586904410522,288.9113480462313,708.5708973980563,577.8226960924626,725.4416330503909,724.3872120721201,424.9316542431796,762.346367289873,389.0813409819684,703.2987925067017,468.1629143522872
B02013,99000000280,Synthetic Census Tract 99000000280,1.0,Total:,350.2379979222318,194.36284500079896,+/-202,118.34965314405085,290.5820751992143,305.9771520309607,375.2549977738198,374.2928054718356,280.96015217937276,334.84292109048533,303.0905751250083,350.2379979222318,314.63688274881815,396.42322841747114,342.54045950635856,320.41003656072303,321.3722288627072,287.69549829326183,310.7881135408815,296.3552290111192,295.39303670913506,340.61607490239027,286.7333059912777,341.5782672043744,340.61607490239027,378.14157467977225,328.10757497659625,325.2209980706438,261.7163061396897,391.6122669075504,433.9487281948531,426.2511897789799,401.2341899273919,365.63307475397824,466.66326646231437,323.2966134666755,279.9979598773886,413.74268985318594,399.30980532342363,381.0281515857247,468.58765106628266,464.738881858346,352.1623825262001,385.8391130956455,427.21338208096404,386.8013053976296,433.9487281948531,493.60465091787063,347.35142101627935,513.8106892595379,359.8599209420733,428.1755743829482,314.63688274881815,398.3476130214395,324.25880576865967,373.33061316985146,338.691690298422,334.84292109048533,290.5820751992143,457.0413434424728,325.2209980706438,388.7256900015979,360.8221132440575,344.46484411032685,324.25880576865967,364.6708824519941,372.3684208678673,293.46865210516677,265.5650753476263,281.9223444813569,395.461036115487,322.3344211646914,223.22861406032357,245.3590370059591,320.41003656072303,383.9147284916772,296.3552290111192,350.2379979222318,253.05657542183232,301.16619052104,322.3344211646914,293.46865210516677,389.68788230358206,297.31742131310335
B02013,99000000281,Synthetic Census Tract 99000000281,1.0,Total:,0.0,14.525462137665059,+/-14,9.337797088498967,0.0,0.0,0.0,0.0,0.0,0.0,0.0,0.0,0.0,0.0,0.0,0.0,0.0,0.0,0.0,0.0,0.0,0.0,0.0,0.0,0.0,0.0,0.0,0.0,0.0,0.0,0.0,0.0,0.0,0.0,0.0,0.0,0.0,0.0,0.0,0.0,0.0,0.0,0.0,0.0,0.0,0.0,0.0,0.0,0.0,0.0,0.0,0.0,0.0,0.0,0.0,0.0,0.0,0.0,0.0,0.0,0.0,0.0,0.0,0.0,0.0,0.0,0.0,0.0,0.0,0.0,0.0,0.0,0.0,0.0,0.0,0.0,0.0,0.0,0.0,0.0,0.0,0.0,0.0,0.0
B02013,99000000282,Synthetic Census Tract 99000000282,1.0,Total:,622.566601311888,379.99466468033296,+/-365,231.1200426274902,746.4552728104075,770.4001420916339,357.0908766722033,664.2098522357601,540.3211807372405,753.7428417220851,682.9493151515026,489.30819835549727,746.4552728104075,499.7190110864653,650.6757956855016,638.18282040834,643.388226773824,460.15792270878677,615.2790324002103,579.882269114919,571.5536189301447,629.8541702235656,460.15792270878677,591.334163118984,698.5655342479546,710.0174282520194,396.6519650498818,723.5514848022779,515.3352301829173,793.3039300997636,818.2898806540869,551.7730747413054,664.2098522357601,351.8854703067193,753.7428417220851,740.2087851718267,553.855237287499,528.8692867331757,738.1266226256331,660.0455271433729,610.0736260347263,564.266050018467,473.6919792590452,776.6466297302147,686.0725589707929,485.14387326311004,560.1017249260798,653.7990395047921,721.4693222560842,791.22176755357,588.2109192996935,566.3482125646607,466.4044103473676,618.4022762195008,738.1266226256331,436.2130534275603,363.33736431078415,560.1017249260798,711.0585095251162,674.6206649667281,590.2930818458871,619.4433574925976,718.3460784367938,801.632580284538,745.4141915373107,540.3211807372405,550.7319934682087,789.1396050073764,678.7849900591153,758.9482480875691,485.14387326311004,486.1849545362068,600.7038945768551,666.2920147819536,730.8390537139554,419.5557530580115,480.9795481707228,560.1017249260798,646.5114705931145,606.950382215436,544.4855058296278,686.0725589707929,640.2649829545336,717.3049971636971
B02013,99000000283,Synthetic Census Tract 99000000283,1.0,Total:,61.58680535906199,74.29519376648749,+/-76,44.96814359550558,61.58680535906199,45.94571193453831,88.95871885197843,29.3270501709819,83.09330881778205,64.51951037616018,81.13817213971659,72.34005708842201,106.55494895456756,65.49707871519291,45.94571193453831,28.34948183194917,87.00358217391297,60.60923702002926,45.94571193453831,55.72139532486561,67.45221539325837,39.1027335613092,57.67653200293107,107.53251729360029,43.99057525647285,53.766258646800146,37.14759688324374,71.36248874938929,54.74382698583288,60.60923702002926,29.3270501709819,60.60923702002926,60.60923702002926,24.43920847581825,91.89142386907662,75.27276210552021,77.22789878358567,66.47464705422564,50.83355362970196,57.67653200293107,18.57379844162187,87.9811505129457,54.74382698583288,15.64109342452368,77.22789878358567,53.766258646800146,91.89142386907662,37.14759688324374,77.22789878358567,60.60923702002926,78.2054671226184,41.05787023937466,110.4652223106985,110.4652223106985,17.59623010258914,32.25975518808009,56.69896366389834,60.60923702002926,78.2054671226184,62.56437369809472,105.57738061553484,20.52893511968733,59.631668680996526,65.49707871519291,86.02601383488025,63.54194203712745,32.25975518808009,90.91385553004389,57.67653200293107,64.51951037616018,25.41677681485098,52.78869030776742,38.12516522227647,39.1027335613092,63.54194203712745,96.77926556424028,66.47464705422564,55.72139532486561,54.74382698583288,66.47464705422564,44.96814359550558,75.27276210552021,70.38492041035656,53.766258646800146
B02013,99000000284,Synthetic Census Tract 99000000284,1.0,Total:,600.4557925196634,341.355005336521,+/-332,207.69190083728083,575.7795270736499,493.5253089202713,570.6386384390637,642.6110793232699,469.87722120117496,673.4564111307868,811.232226537696,736.1752524727381,795.8095606339375,559.3286834429741,538.7651289046295,554.1877948083879,682.710010673042,501.7507307356091,511.00433027786426,674.4845888577041,496.609842101023,589.1458375235738,601.4839702465806,516.1452189124504,441.0882448474925,739.2597856534898,629.244768873346,512.0325080047814,615.8784584234219,654.9492120462767,502.7789084625264,590.174015250491,574.7513493467326,480.1589984703473,520.2579298201193,739.2597856534898,666.2591670423662,564.4695720775603,784.4996056378479,528.4833516354572,586.0613043428222,565.4977498044775,504.8352639163608,533.6242402700433,634.385657507932,496.609842101023,602.5121479734979,640.5547238694354,495.58166437410574,711.4989870267244,537.7369511777123,698.1326765768005,811.232226537696,505.86344164327807,399.9611357708032,783.4714279109306,650.8365011386078,496.609842101023,557.2723279891396,387.62300304779643,346.49589397110714,559.3286834429741,580.920415708236,623.0757025118425,535.6805957238778,790.6686719993513,550.075083900719,599.4276147927462,590.174015250491,575.7795270736499,700.1890320306348,643.6392570501871,582.9767711620705,546.9905507199674,616.9066361503391,507.91979709711256,604.5685034273323,546.9905507199674,761.8796956456688,851.331157887468,717.6680533882278,521.2861075470365,515.1170411855331,696.076321122966
B02013,99000000285,Synthetic Census Tract 99000000285,1.0,Total:,201.17845296591514,108.25746347941623,+/-120,65.85662361664487,235.4599830677303,188.54841555998325,202.98274402390544,145.24543016821679,263.42649446657947,209.29776272687138,222.8299456617984,152.46259440017786,198.47201637892974,247.18787494466704,236.36212859672543,174.1140870960611,200.27630743692,166.89692286410002,237.26427412572056,201.17845296591514,201.17845296591514,186.74412450199299,215.61278142983733,216.51492695883246,201.17845296591514,220.123509074813,156.97332204515354,127.20251958831406,179.5269602700319,207.4934716688811,238.1664196547157,120.88750088534812,202.0805984949103,162.38619521912435,195.76557979194433,206.59132613988598,163.28834074811948,196.66772532093947,199.37416190792487,232.7535464807449,258.01362129260866,183.13554238601245,230.94925542275462,170.50550498008056,187.64627003098812,222.8299456617984,241.77500177069624,157.87546757414867,230.94925542275462,207.4934716688811,254.40503917662812,245.38358388667677,198.47201637892974,220.123509074813,173.21194156706596,190.35270661797352,222.8299456617984,173.21194156706596,237.26427412572056,249.89431153165245,162.38619521912435,184.03768791500758,191.25485214696866,149.75615781319246,199.37416190792487,248.09002047366218,225.5363822487838,148.85401228419732,161.4840496901292,169.60335945108542,280.56725951748706,183.13554238601245,158.7776131031438,196.66772532093947,192.1569976759638,185.84197897299785,183.13554238601245,152.46259440017786,227.34067330677408,218.31921801682273,184.93983344400272,190.35270661797352,212.0041993138568,236.36212859672543
B02013,99000000286,Synthetic Census Tract 99000000286,1.0,Total:,34.847026673656586,37.67246126881793,+/-40,22.603476761290757,20.719853697849864,36.73064973709749,22.603476761290757,32.96340361021569,29.1961574833339,14.127172975806724,27.312534419893,30.137969015054345,48.97419964946331,34.847026673656586,54.625068839786,47.090576586022415,34.847026673656586,30.137969015054345,25.428911356452105,42.381518927420174,41.43970739569973,51.799634244624656,48.03238811774286,48.97419964946331,50.85782271290421,48.03238811774286,28.25434595161345,33.90521514193614,16.01079603924762,35.78883820537703,37.67246126881793,21.66166522957031,29.1961574833339,43.32333045914062,24.487099824731654,26.37072288817255,59.334126498388244,45.206953522581514,22.603476761290757,45.206953522581514,34.847026673656586,37.67246126881793,22.603476761290757,26.37072288817255,18.836230634408967,19.778042166129413,45.206953522581514,31.079780546774792,51.799634244624656,32.96340361021569,30.137969015054345,44.26514199086107,34.847026673656586,43.32333045914062,48.03238811774286,51.799634244624656,17.894419102688516,29.1961574833339,48.97419964946331,37.67246126881793,26.37072288817255,29.1961574833339,35.78883820537703,52.7414457763451,48.03238811774286,25.428911356452105,43.32333045914062,36.73064973709749,33.90521514193614,56.5086919032269,31.079780546774792,43.32333045914062,9.418115317204483,32.02159207849524,25.428911356452105,26.37072288817255,47.090576586022415,42.381518927420174,45.206953522581514,43.32333045914062,20.719853697849864,21.66166522957031,21.66166522957031,23.545288293011208
B02013,99000000287,Synthetic Census Tract 99000000287,1.0,Total:,149.74763142842437,142.71250780427022,+/-142,86.4315188110369,184.92324954919522,124.62218991358807,62.31109495679404,119.59710161062081,94.47166009578451,84.42148348984999,134.6723665195226,197.9884791369101,181.90819656741485,215.07377936699876,137.68741950130294,149.74763142842437,181.90819656741485,153.76770207079818,74.37130688391547,153.76770207079818,166.83293165851308,93.46664243519106,192.9633908339428,154.77271973139165,147.73759610723747,138.6924371618964,206.0286204216577,207.03363808225114,215.07377936699876,116.58204862884045,234.16911491827437,182.91321422800831,122.61215459240117,162.81286101613927,108.54190734409283,158.79279037376546,60.30105963560713,228.13900895471366,171.85801996148032,163.8178786767327,90.4515894534107,136.6824018407095,199.998514458097,190.95335551275593,188.94332019156903,84.42148348984999,117.5870662894339,146.73257844664403,125.62720757418153,180.9031789068214,156.78275505257855,191.95837317334937,115.577030968247,193.96840849453628,126.63222523477498,180.9031789068214,140.7024724830833,153.76770207079818,126.63222523477498,140.7024724830833,112.56197798646664,44.2207770661119,139.69745482248985,199.998514458097,144.72254312545712,190.95335551275593,194.97342615512972,224.11893831233985,122.61215459240117,68.34120092035475,244.2192915242089,114.57201330765355,195.97844381572318,168.84296697969998,104.52183670171902,136.6824018407095,134.6723665195226,207.03363808225114,147.73759610723747,155.77773739198508,130.6522958771488,176.8831082644476,164.82289633732617,155.77773739198508
B02013,99000000288,Synthetic Census Tract 99000000288,1.0,Total:,384.2931074708836,226.65831338695318,+/-243,138.04703860604556,322.7315902546741,495.29038851223106,358.17610016703713,456.11487755646135,398.2843613836585,379.6293561666253,548.4571533807756,336.722844167449,238.78406677802477,346.0503467759656,299.4128337333826,399.21711164451017,355.37784938448215,379.6293561666253,405.74636347047175,428.1323697309116,278.8923279946461,254.64082121250297,448.6528754696481,402.9481126879168,381.49485668832864,443.05637390453813,450.51837599135143,369.3691032972571,314.33683790700917,387.09135825343856,464.5096299041263,414.1411158181367,410.41011477473006,300.3455839942343,250.90982016909635,518.6091450335225,453.31662677390636,282.62332903805276,359.1088504278888,474.76988277349454,269.56482538612954,402.9481126879168,376.8311053840703,359.1088504278888,420.6703676440983,463.57687964327465,375.89835512321866,360.9743509495921,376.8311053840703,430.9306205134666,434.66162155687323,343.2520959934106,443.05637390453813,276.0940772120911,288.2198306031627,403.8808629487684,416.00661633984004,219.1963113001399,395.4861106011035,465.442380164978,283.5560792989044,331.12634260233904,375.89835512321866,375.89835512321866,474.76988277349454,471.97163199093956,343.2520959934106,499.0213895556377,435.5943718177249,415.0738660789884,423.4686184266533,414.1411158181367,389.88960903599354,380.562106427477,292.883581907421,424.40136868750494,395.4861106011035,350.7140980802239,359.1088504278888,441.1908733828348,298.48008347253096,282.62332903805276,390.8223592968452,448.6528754696481
B02013,99000000289,Synthetic Census Tract 99000000289,1.0,Total:,80.25359812747638,97.9840442254072,+/-105,59.72360790881963,71.85496576529862,74.65450988602454,77.45405400675045,90.51859323680475,150.2422011456244,66.25587752384678,84.91950499535291,47.592250052340646,29.861803954409815,114.78130894976273,133.44493642126886,30.79498532798512,77.45405400675045,114.78130894976273,33.59452944871104,38.26043631658757,73.72132851244923,82.119960874627,133.44493642126886,87.71904911607884,74.65450988602454,79.32041675390107,87.71904911607884,91.45177461038006,125.97948543266641,97.0508628518319,76.52087263317514,45.72588730519003,55.057701040943094,94.25131873110598,122.24675993836519,64.38951477669616,79.32041675390107,117.58085307048864,48.52543142591595,47.592250052340646,83.05314224820229,67.18905889742209,110.11540208188619,74.65450988602454,71.85496576529862,85.85268636892822,83.05314224820229,92.38495598395536,133.44493642126886,61.58997065597024,78.38723538032576,67.18905889742209,42.92634318446411,92.38495598395536,118.51403444406395,53.191338293792484,70.9217843917233,90.51859323680475,49.458612799491256,56.92406378809371,76.52087263317514,84.91950499535291,112.91494620261211,83.05314224820229,69.0554216445727,70.9217843917233,76.52087263317514,86.78586774250353,116.64767169691333,87.71904911607884,62.52315202954555,27.9954412072592,44.79270593161472,112.91494620261211,170.77219136428113,48.52543142591595,73.72132851244923,136.2444805419948,35.46089219586165,37.32725494301227,95.18450010468129,69.0554216445727,125.0463040590911,68.1222402709974
B02013,99000000290,Synthetic Census Tract 99000000290,1.0,Total:,879.4229470826792,414.09721294669845,+/-388,251.87356251397122,1096.0769012790188,834.5979910420572,869.8175993596888,961.6020331571528,814.3200347379662,944.5258594273921,790.8402958595452,905.0372076773203,990.4180763261242,664.9035146025597,1000.0234240491145,803.6474261568658,1001.0906849072246,929.5842074138515,751.3516441094735,852.741425629928,921.0461205489711,839.9342953326075,734.2754703797127,918.911598832751,794.0420784338754,848.4723821974878,1104.6149881438992,813.2527738798562,869.8175993596888,974.4091634544734,770.5623395554543,1040.5793366572964,1130.2292487385403,687.3159926228707,965.871076589593,795.1093392919854,680.9124274742103,622.2130802781577,878.3556862245691,855.9432082042581,902.9026859611002,841.0015561907175,929.5842074138515,926.3824248395213,860.2122516366983,833.5307301839472,900.7681642448802,915.7098162584208,1086.4715535560283,822.8581216028467,652.0963843052391,1080.0679884073681,1096.0769012790188,695.854079487751,855.9432082042581,1066.1935972519375,653.1636451633491,704.3921663526314,882.6247296570093,964.803815731483,1004.2924674815548,743.8808181027032,948.7949028598323,933.8532508462916,1013.8978152045452,951.9966854341624,949.8621637179423,740.679035528373,721.4683400823922,1070.4626406843777,928.5169465557414,992.5525980423442,885.8265122313395,646.7600800146888,843.1360779069375,736.4099920959328,1095.009640420909,855.9432082042581,747.0826006770333,747.0826006770333,1040.5793366572964,918.911598832751,798.3111218663156,988.2835546099041
B02013,99000000291,Synthetic Census Tract 99000000291,1.0,Total:,1041.8374439093484,447.91325301898223,+/-408,272.26099693310687,889.2395464347442,982.5548074803655,1152.7179305635573,1242.7397118075685,1274.5766832231334,1049.5222301131055,1213.098393593077,970.4787148744615,1069.2831089227664,1420.5876210945173,855.2069218181058,1217.4896999952239,1202.1201275877097,1093.4352941345744,1014.3917788959304,1134.054878354433,1134.054878354433,1001.2178596894897,1150.522277362484,1113.1961729442353,1169.185329571608,969.3808882739248,1095.6309473356478,883.7504134320606,893.6308528368911,1142.8374911587268,959.5004488690944,968.2830616733881,1022.0765650996874,829.9569100057612,922.1743444508459,1101.1200803383313,885.946066633134,900.2178124401114,1060.5004961184727,620.2720293032475,968.2830616733881,1199.9244743866363,969.3808882739248,921.0765178503091,689.4351051370609,950.7178360648006,890.3373730352808,899.1199858395747,1079.163548327597,954.0113158664108,1102.217906938868,1000.120033088953,1117.5874793463822,1006.7069926921733,1039.641790708275,915.5873848476255,1276.7723364242067,1104.4135601399416,845.3264824132754,1090.1418143329643,988.0439404830491,893.6308528368911,1061.5983227190095,1139.5440113571167,1233.9570990032746,1060.5004961184727,1141.73966455819,1037.4461375072015,1136.2505315555065,1171.3809827726816,778.3590597805353,1124.1744389496025,969.3808882739248,1067.087455721693,1121.9787857485292,1208.70708719093,978.1635010782186,1018.7830852980773,1267.989723619913,1123.0766123490657,1022.0765650996874,1046.2287503114953,1123.0766123490657,993.5330734857326
B02013,99000000292,Synthetic Census Tract 99000000292,1.0,Total:,296.2798084824671,186.0596749514469,+/-184,113.25371518783724,320.5484617370036,259.87682860066224,303.3581656817069,331.67159447866624,228.52981814688587,369.0857682460767,357.96263550441415,284.1454818551988,419.6454625263612,267.9663796855078,257.8544408294509,408.5223297846986,301.33577791049555,372.1193499028938,319.5372678513979,267.9663796855078,324.5932372794264,322.570849508215,369.0857682460767,346.8395027627516,265.94399191429636,252.79847140142243,196.1716138075038,266.9551857999021,332.6827883642719,230.55220591809726,294.2574207112557,322.570849508215,344.81711499154017,291.2238390544386,321.55965562260934,344.81711499154017,291.2238390544386,302.34697179610123,260.8880224862679,273.0223491135362,281.1119001983817,221.45146094764604,269.98876745671913,327.62681893624347,367.06338047486537,334.70517613548327,212.35071597719482,298.30219625367846,353.9178599619914,286.16786962641015,306.391747338524,282.12309408398744,319.5372678513979,399.4215848142474,260.8880224862679,350.8842783051743,302.34697179610123,397.39919704303605,433.80217692484086,321.55965562260934,321.55965562260934,272.01115522793054,269.98876745671913,355.9402477332028,204.2611648923493,200.21638934992654,339.7611455635117,307.4029412241297,243.69772643097122,334.70517613548327,292.23503294004433,293.24622682565,337.73875779230036,210.32832820598344,282.12309408398744,378.18651321652794,305.38055345291826,320.5484617370036,195.1604199218981,235.6081753461257,250.77608363021105,298.30219625367846,440.8805341240807,408.5223297846986
B02013,99000000293,Synthetic Census Tract 99000000293,1.0,Total:,40.57692995470102,42.71255784705371,+/-40,25.627534708232226,55.526325201169826,33.102232331466624,51.25506941646445,39.50911600852468,26.69534865440857,44.8481857394064,35.23786022381931,26.69534865440857,48.05162757793542,24.559720762055882,35.23786022381931,26.69534865440857,42.71255784705371,45.91599968558274,41.644743900877366,60.86539493205154,32.03441838529028,44.8481857394064,55.526325201169826,21.356278923526855,35.23786022381931,19.22065103117417,60.86539493205154,53.39069730881714,20.28846497735051,46.98381363175908,44.8481857394064,16.01720919264514,30.96660443911394,23.49190681587954,36.305674169995655,46.98381363175908,46.98381363175908,65.1366507167569,41.644743900877366,51.25506941646445,50.18725547028811,40.57692995470102,56.59413914734616,56.59413914734616,29.898790492937596,45.91599968558274,28.830976546761253,44.8481857394064,53.39069730881714,32.03441838529028,51.25506941646445,58.72976703969885,32.03441838529028,57.661953093522506,43.78037179323005,48.05162757793542,40.57692995470102,22.4240928697032,40.57692995470102,24.559720762055882,44.8481857394064,35.23786022381931,22.4240928697032,61.93320887822788,49.119441524111764,55.526325201169826,18.152837084997827,23.49190681587954,57.661953093522506,35.23786022381931,30.96660443911394,68.34009255528593,55.526325201169826,60.86539493205154,49.119441524111764,34.17004627764297,36.305674169995655,24.559720762055882,37.373488116172,21.356278923526855,35.23786022381931,36.305674169995655,26.69534865440857,18.152837084997827
B02013,99000000294,Synthetic Census Tract 99000000294,1.0,Total:,665.4269857163443,251.45673222614332,+/-229,152.6309422682704,721.4282666924723,718.1340736938765,613.8179620716774,542.4437804354358,637.975377394713,647.8579563905002,670.9173073806705,754.3701966784299,797.1947056601748,556.7186167626841,591.8566754143723,536.9534587711095,704.9573016994934,523.7766867767265,621.5044124017342,758.7624540098909,723.6243953582028,733.5069743539901,691.7805297051104,829.0385713132672,681.8979507093231,630.2889270646561,610.5237690730816,595.150868412968,603.9353830758901,542.4437804354358,612.719897738812,592.9547397472375,653.3482780548266,685.1921437079188,713.7418163624155,632.4850557303866,620.4063480688689,653.3482780548266,756.5663253441604,693.9766583708409,867.4708229635512,690.6824653722451,629.1908627317908,549.0321664326273,688.4863367065146,778.5276120014655,668.72117871494,573.1895817556629,697.2708513694367,643.4656990590393,632.4850557303866,853.1959866363028,784.0179336657918,644.5637633919044,686.2902080407841,698.3689157023019,636.8773130618476,647.8579563905002,703.8592373666282,718.1340736938765,517.1883007795349,585.2682894171808,568.7973244242019,591.8566754143723,708.2514946980892,667.6231143820748,771.939226004274,672.0153717135358,656.6424710534222,684.0940793750536,566.6011957584714,690.6824653722451,669.8192430478053,746.6837463483731,695.0747227037061,793.9005126615791,679.7018220435926,587.4644180829113,690.6824653722451,578.6799034199892,577.581839087124,665.4269857163443,573.1895817556629,721.4282666924723
B02013,99000000295,Synthetic Census Tract 99000000295,1.0,Total:,194.01870814217477,119.75317392507439,+/-129,73.33721503938663,209.80013416330863,191.2337506090335,195.8753464976023,147.60274925648704,160.5992177444796,232.07979442843873,243.2196245610038,245.0762629164313,179.1656012987547,182.87887800960974,136.46291912392198,155.02930267819707,227.43819853986997,174.52400541018594,196.80366567531604,220.93996429587366,184.73551636503723,203.30189991931232,181.02223965418221,183.80719718732348,144.81779172334578,205.15853827473984,168.02577116618966,140.176195834777,232.07979442843873,131.8213232353532,244.14794373871754,195.8753464976023,196.80366567531604,220.93996429587366,179.1656012987547,203.30189991931232,129.9646848799257,183.80719718732348,220.01164511815992,231.15147525072499,254.35945469356886,176.38064376561343,200.51694238617108,190.30543143131976,185.66383554275097,156.8859410336246,183.80719718732348,212.5850916964499,195.8753464976023,191.2337506090335,179.1656012987547,129.03636570221192,190.30543143131976,200.51694238617108,226.5098793621562,183.80719718732348,246.00458209414506,204.2302190970261,181.02223965418221,175.45232458789968,105.82838625936806,217.22668758501865,211.65677251873612,186.59215472046475,211.65677251873612,256.21609304899636,233.00811360615248,295.2054985129741,233.93643278386625,197.73198485302981,93.76023694908925,156.8859410336246,185.66383554275097,190.30543143131976,246.00458209414506,213.51341087416364,202.37358074159857,233.00811360615248,155.95762185591082,166.16913281076214,181.02223965418221,136.46291912392198,245.0762629164313,239.50634785014879
B02013,99000000296,Synthetic Census Tract 99000000296,1.0,Total:,1310.2954383897522,775.8849121582823,+/-784,472.0626315044651,1441.9187717023178,1859.5507014609852,733.3299998842948,1280.605964710226,1521.0907015143875,1207.3719296340616,747.1850876014071,1038.1419296607628,1482.4943857310036,1587.3971927319958,1060.903859481733,1191.5375436716477,1291.4921050593857,1524.05964888234,1526.038947127642,1787.3063155074717,1457.7531576647318,1442.9084208249687,1319.20228049361,1494.3701752028142,988.6594735282193,1178.6721050771864,1499.3184208160685,1500.3080699387192,909.4875437161497,1289.512806814084,1353.8399997863905,856.0464910930027,1164.8170173600743,1144.034385784406,1269.7198243610665,1461.7117541553353,1463.691052400637,1117.3138594728325,1283.5749120781786,1285.5542103234804,1540.883683967405,1301.3885962858944,1454.7842102967793,1434.9912278437619,966.8871928299002,707.5991226953722,1637.8692979871903,1198.4650875302038,1050.0177191325733,1425.0947366172531,1796.2131576113295,1402.3328067962832,1200.4443857755057,1255.8647366439543,1340.974561191929,1537.9147365994525,1432.0222804758093,1196.485789284902,1228.15456120973,967.8768419525511,1225.1856138417775,1290.5024559367348,1380.560526097964,1246.9578945400965,1668.5484207893671,1502.287368184021,1225.1856138417775,1039.1315787834137,1637.8692979871903,1526.038947127642,1223.2063155964756,1699.2275435915442,1418.167192758697,1154.9205261335655,1138.0964910485009,1406.2914032868866,1192.5271927942986,1404.3121050415848,1289.512806814084,1175.703157709234,1053.9763156231768,1283.5749120781786,1296.44035067264,1024.2868419436506
B02013,99000000297,Synthetic Census Tract 99000000297,1.0,Total:,536.2259696562744,400.2124481558691,+/-409,243.65012124892763,594.9368422463775,432.50342808042575,512.7416206202332,471.6440098071611,473.6010388934979,505.89201881805457,296.4899065800204,706.4875001675733,415.8686808465632,407.06204995804774,488.27875704102365,403.14799178537424,809.2315272002536,686.9172093042056,369.8784973176492,592.0012986168723,464.7944080049824,591.022784073704,383.57770092200656,705.5089856244049,380.6421572925014,451.09520440062505,350.3082064542815,337.58751739309247,656.5832584659856,535.2474551131061,607.6575313075665,484.3646988683501,524.4837951382539,577.3235804693466,670.2824620703431,494.1498443000339,717.2511601424255,533.2904260267693,454.0307480301302,602.7649585917246,221.14428675605478,673.2180056998483,641.9055403184599,658.5402875523224,594.9368422463775,422.71828264874193,581.2376386420201,333.673459220419,491.2143006705288,577.3235804693466,409.9975935875529,521.5482515087486,654.626229379649,491.2143006705288,517.6341933360752,402.16947724220586,567.5384350376628,581.2376386420201,536.2259696562744,534.2689405699377,455.0092625732986,645.8195984911334,477.5150970661714,645.8195984911334,473.6010388934979,445.2241171416147,337.58751739309247,409.0190790443845,536.2259696562744,600.8079295053878,586.1302113578621,535.2474551131061,445.2241171416147,523.5052805950854,516.6556787929068,361.0718664291337,790.6397508800543,536.2259696562744,499.04241701587586,323.8883137887351,348.35117736794473,547.968144174295,652.6692002933122,808.2530126570853
B02013,99000000298,Synthetic Census Tract 99000000298,1.0,Total:,272.97093730531265,223.50640504193385,+/-244,135.5694587959271,314.1913808581283,310.52734143121137,300.4512330071898,292.2071442966266,263.81083873802027,202.4381783371614,220.75837547174612,205.18620790734911,231.75049375249696,319.68743999850375,206.10221776407835,338.00763713308845,305.9472921475652,448.84482979732616,336.17561741963,281.21502601587576,304.1152724341067,262.89482888129106,332.51157799271306,350.8317751272978,334.3435977061715,263.81083873802027,202.4381783371614,305.0312822908359,390.220198966655,259.2307894543741,225.3384247553923,198.77413891024443,311.44335128794063,299.5352231504605,240.91059231978934,277.55098658895884,147.47758693340717,254.65074017072791,303.19926257737745,364.57192297823633,376.48005111571644,171.29384320836732,187.7820206294936,305.0312822908359,376.48005111571644,216.17832618809996,248.23867117362326,398.4642876772181,331.5955681359838,316.939410428316,267.47487816493725,212.514286761183,222.5903951852046,229.9184740390385,272.97093730531265,259.2307894543741,154.80566578724105,316.939410428316,305.0312822908359,347.16773570038083,348.9997554138393,180.4539417756597,191.44606005641054,195.1100994833275,322.4354695686915,436.02069180311685,228.08645432558004,256.4827598841864,354.49581455421475,230.83448389576773,201.52216848043216,266.558868308208,146.56157707667793,353.5798046974855,222.5903951852046,354.49581455421475,355.411824410944,339.839656846547,301.367242863919,194.19408962659827,297.70320343700206,306.86330200429444,258.3147795976449,154.80566578724105
B02013,99000000299,Synthetic Census Tract 99000000299,1.0,Total:,77.77888655736221,103.00447138677698,+/-98,62.012896038977985,97.74914121398224,114.56619776692543,64.11502810809588,151.35350897648863,81.98315069559801,43.09370741691691,91.44274500662856,28.37878293309162,101.95340535221804,65.16609414265483,106.15766949045384,74.62568845368537,127.17899018163281,96.6980751794233,36.787311209563214,95.64700914486434,56.75756586618324,90.3916789720696,115.61726380148437,114.56619776692543,72.52355638456747,135.5875184581044,98.8002072485412,58.859697935301135,120.87259397427913,124.02579207795597,106.15766949045384,71.47249035000853,36.787311209563214,73.57462241912643,49.4001036242706,63.063962073536935,52.55330172794744,64.11502810809588,80.93208466103906,60.961830004419035,34.685179140445314,52.55330172794744,88.2895469029517,75.67675448824431,88.2895469029517,29.429848967650567,136.63858449266334,112.46406569780753,79.88101862648011,77.77888655736221,51.50223569338849,96.6980751794233,160.81310328751917,57.808631900742185,95.64700914486434,58.859697935301135,45.1958394860348,112.46406569780753,140.84284863089914,105.10660345589488,24.174518794855825,62.012896038977985,59.910763969860085,106.15766949045384,52.55330172794744,98.8002072485412,36.787311209563214,56.75756586618324,55.70649983162429,75.67675448824431,84.08528276471591,66.21716017721378,116.66832983604333,79.88101862648011,54.65543379706534,71.47249035000853,67.26822621177273,91.44274500662856,67.26822621177273,57.808631900742185,125.07685811251491,148.2003108728118,62.012896038977985,74.62568845368537
B02013,99000000300,Synthetic Census Tract 99000000300,1.0,Total:,115.4504292393487,69.07290638251631,+/-70,42.4304996349743,92.75504571366476,163.8014637071101,112.49016182295513,129.26501051585194,120.38420826667128,149.00012662514231,146.03985920874877,72.03317379890987,139.13256857049714,106.56962699016802,104.59611537923898,97.68882474098734,136.1723011541036,128.27825471038744,107.55638279563254,102.62260376830994,80.91397604809053,111.50340601749062,103.60935957377447,119.39745246120677,123.34447568306484,123.34447568306484,107.55638279563254,92.75504571366476,95.71531313005832,122.35771987760032,97.68882474098734,100.6490921573809,118.41069665574224,106.56962699016802,124.33123148852935,125.31798729399387,107.55638279563254,102.62260376830994,95.71531313005832,144.06634759781974,146.03985920874877,92.75504571366476,137.1590569595681,114.46367343388417,91.76828990820025,103.60935957377447,112.49016182295513,160.84119629071654,129.26501051585194,107.55638279563254,126.30474309945839,86.83451088087764,113.47691762841964,136.1723011541036,89.7947782972712,88.80802249180668,116.4371850448132,120.38420826667128,130.25176632131647,103.60935957377447,94.7285573245938,124.33123148852935,111.50340601749062,104.59611537923898,142.0928359868907,85.84775507541312,152.9471498470004,96.70206893552283,81.90073185355504,111.50340601749062,65.12588316065823,149.98688243060684,109.52989440656157,136.1723011541036,119.39745246120677,123.34447568306484,85.84775507541312,84.8609992699486,130.25176632131647,131.238522126781,129.26501051585194,151.9603940415359,125.31798729399387,128.27825471038744
B02013,99000000301,Synthetic Census Tract 99000000301,1.0,Total:,1325.8164260419992,513.8284049952875,+/-517,312.07373146715724,1523.5956380227772,1373.521964610227,1504.7121956728536,1315.8777721736183,1135.9881371559259,1144.9329256374685,1351.6569260997892,1620.000580546071,1140.9574640901162,1313.8900413999422,1225.436021971353,1152.8838487321732,1379.4851569312555,1194.6261949793725,1232.3930796792197,1276.1231567000953,1406.3195223758837,1494.7735418044729,1194.6261949793725,996.8469829985946,1263.2029066712,1281.0924836342856,1346.6875991655988,1523.5956380227772,1421.227503178455,1330.7857529761895,1503.7183302860155,1098.2212524560787,1265.1906374448763,1506.6999264465298,1686.5895614642222,1259.2274451238477,1214.503502716134,1344.6998683919228,1154.8715795058495,1466.9453109730066,1093.2519255218883,1523.5956380227772,1352.6507914866274,1424.209099338969,1548.4422726937291,1385.448349252284,1861.5098695477245,1365.5710415155224,1254.2581181896574,1272.147695152743,1246.3071950949527,1526.5772341832915,1236.368541226572,1354.6385222603035,1314.8839067867802,1188.663002658344,1300.9697913710472,1159.8409064400398,1260.221310510686,1410.294983923236,1353.6446568734655,1394.3931377338267,1188.663002658344,1077.350079332479,1213.509637329296,1293.0188682763426,1309.91457985259,1604.0987343566617,1433.153887820512,1317.8655029472945,1505.7060610596918,1173.7550218557728,1254.2581181896574,1359.6078491944938,1528.5649649569675,1235.374675839734,1111.141502484974,1185.6814064978298,1182.6998103373155,1520.6140418622629,1114.123098645488,1533.5342918911579,1264.1967720580383,1384.4544838654458
B02013,99000000302,Synthetic Census Tract 99000000302,1.0,Total:,734.8063298624919,608.3080249747718,+/-654,370.1935687155339,815.7280396068423,651.0942163338536,1112.440975336127,1048.2616882975044,499.482277387542,516.2247000932697,804.5664244696906,703.181753640562,504.13295036135526,831.5403277178074,959.8989017950528,711.5529649934258,829.6800585282821,360.8922227679074,731.0857914834413,796.1952131168267,677.1379849872078,752.4788871629822,390.65652980031217,816.658174201605,702.2516190457993,719.9241763462895,453.9056822441722,452.04541305464693,923.6236525993095,958.9687672002901,559.0108914523514,676.2078503924452,939.4359407102745,452.9755476494096,439.02352872796985,756.1994255420328,600.8669482166706,1009.1960353174732,730.1556568886787,875.2566536716517,858.5142309659242,666.9065044448187,958.0386326055275,740.3871374310678,698.5310806667487,832.47046231257,1028.7288618074888,997.1042855855587,416.70029845366633,525.5260460408962,829.6800585282821,806.4266936592159,353.4511460098063,822.2389817701809,845.4923466392471,779.452790411099,612.958697948585,520.8753730670829,774.8021174372858,903.1606915145312,806.4266936592159,714.3433687777137,501.3425465770673,621.3299093014489,779.452790411099,722.7145801305775,572.0327757790285,540.4081995570986,808.2869628487412,1038.0302077551153,417.630433048429,684.579061745309,1147.7860899371076,494.83160441372877,456.6960860284602,880.8374612402276,785.9637325744376,774.8021174372858,758.9898293263208,670.6270428238693,640.8627357914645,752.4788871629822,881.7675958349903,612.0285633538224
B02013,99000000303,Synthetic Census Tract 99000000303,1.0,Total:,137.61924357558755,132.0021315929105,+/-141,80.51193841837093,176.93902745432683,113.27842498398702,125.44883427978728,82.38430907926329,194.72654873280413,93.61853304461737,111.40605432309466,173.19428613254215,172.25810080209595,143.23635555826456,162.89624749763422,103.91657167952528,121.70409295800258,123.57646361889493,157.27913551495718,60.85204647900129,131.0659462624643,114.21461031443319,138.5554289060337,105.78894234041763,61.78823180944747,162.89624749763422,147.91728221049544,177.875212784773,66.46915846167833,236.85488860288194,172.25810080209595,92.6823477141712,149.7896528713878,126.38501961023344,73.02245577480154,154.47057952361865,167.5771741498651,181.61995410655769,117.95935163621789,208.76932868949675,142.3001702278184,146.04491154960309,160.0876915062957,156.342950184511,210.64169935038908,162.89624749763422,131.0659462624643,52.42637850498573,165.70480348897274,88.00142106194032,99.23564502729441,178.81139811521916,119.83172229711023,174.1304714629883,176.00284212388064,124.5126489493411,155.40676485406485,130.12976093201814,164.76861815852658,103.91657167952528,132.0021315929105,104.85275700997146,112.34223965354084,85.19286507060181,94.55471837506354,155.40676485406485,121.70409295800258,252.77003922046688,99.23564502729441,137.61924357558755,201.27984604592734,135.7468729146952,134.81068758424902,98.29945969684823,79.57575308792477,131.0659462624643,124.5126489493411,142.3001702278184,119.83172229711023,156.342950184511,174.1304714629883,168.51335948031127,196.59891939369646,178.81139811521916
B02013,99000000304,Synthetic Census Tract 99000000304,1.0,Total:,208.7141998152299,187.08578532660505,+/-173,113.54917606528052,158.96884649139272,260.6223945879296,216.2841448862486,155.724584318099,236.83113865044223,257.37813241463584,220.60982778397357,221.6912485084048,162.21310866468644,134.09616982947415,118.95627968743673,287.6579126987107,187.08578532660505,108.1420724431243,256.2967116902046,224.93551068169856,117.8748589630055,183.84152315331133,240.07540082373595,169.78305373570515,230.34261430385476,148.1546392470803,312.5305893606292,234.66829720157975,160.05026721582396,184.92294387774257,99.49070664767436,193.57430967319252,179.51584025558634,293.06501632086685,226.0169314061298,142.74753562492407,192.49288894876125,303.8792235651793,215.20272416181737,116.79343823857425,281.1693883521232,289.82075414757315,240.07540082373595,229.26119357942352,299.55354066745434,84.35081650563696,173.0273159089989,266.02949821008576,219.52840705954233,211.95846198852362,129.77048693174916,219.52840705954233,264.94807748565455,233.5868764771485,299.55354066745434,118.95627968743673,139.50327345163035,234.66829720157975,215.20272416181737,165.4573708379802,221.6912485084048,243.3196629970297,207.63277909079866,241.1568215481672,234.66829720157975,232.50545575271727,168.7016330112739,202.22567546864244,213.0398827129549,194.65573039762376,269.2737603833795,176.27157808229262,227.09835213056104,167.62021228684267,129.77048693174916,238.9939800993047,298.4721199430231,96.24644447438062,176.27157808229262,284.4136505254169,131.93332838061164,114.63059678971176,152.48032214480526,210.87704126409238
B02013,99000000305,Synthetic Census Tract 99000000305,1.0,Total:,78.1679643303576,95.43763086845986,+/-105,58.17150833887077,69.9875959702039,72.71438542358847,75.44117487697304,88.16619232610101,146.33770066497178,64.53401706343476,82.71261341933187,46.35542070753765,29.085754169435386,111.79836758876726,129.9769639446644,29.994683987230243,75.44117487697304,111.79836758876726,32.72147344061481,37.26612252958909,71.80545560579361,79.98582396594732,129.9769639446644,85.43940287271644,72.71438542358847,77.25903451256275,85.43940287271644,89.07512214389587,122.70552540230554,94.528701050665,74.53224505917818,44.537561071947934,53.62685924989649,91.80191159728044,119.06980613112611,62.716157427845054,77.25903451256275,114.52515704215183,47.2643505253325,46.35542070753765,80.89475378374217,65.44294688122962,107.25371849979298,72.71438542358847,69.9875959702039,83.62154323712673,80.89475378374217,89.98405196169072,129.9769639446644,59.989367974460485,76.3501046947679,65.44294688122962,41.810771618563365,89.98405196169072,115.43408685994669,51.808999614306785,69.07866615240904,88.16619232610101,48.17328034312736,55.4447188854862,74.53224505917818,82.71261341933187,109.98050795317755,80.89475378374217,67.26080651681933,69.07866615240904,74.53224505917818,84.53047305492159,113.61622722435698,85.43940287271644,60.89829779225534,27.267894533845674,43.62863125415308,109.98050795317755,166.33415665645862,47.2643505253325,71.80545560579361,132.70375339804895,34.53933307620452,36.357192711794234,92.7108414150753,67.26080651681933,121.79659558451068,66.35187669902447
B02013,99000000306,Synthetic Census Tract 99000000306,1.0,Total:,118.32130712359266,118.32130712359266,+/-125,71.93935473114433,153.3444140321761,96.55018661285162,60.580509247279444,109.80217301069399,49.22166376341455,90.87076387091916,141.9855685483112,176.0621049999059,176.0621049999059,184.58123911280455,117.37473666660392,127.78701169348008,157.13069586013106,166.59640043001846,53.95451604835826,102.22960935478406,98.4433275268291,108.85560255370525,135.35957534939,119.26787758058141,145.77185037626617,71.93935473114433,92.76390478489665,95.60361615586287,81.40505930103176,120.21444803757015,137.2527162633675,158.0772663171198,171.32925271496217,120.21444803757015,125.89387077950259,177.00867545689462,86.13791158597546,122.10758895154763,66.25993198921189,78.56534793006553,122.10758895154763,102.22960935478406,142.93213900529994,34.076536451594684,115.48159575262645,165.64982997302974,117.37473666660392,61.52707970426818,106.96246163972776,130.6267230644463,112.64188438166022,129.68015260745756,87.0844820429642,98.4433275268291,166.59640043001846,169.4361118009847,159.02383677410853,139.14585717734496,115.48159575262645,138.19928672035624,164.703259516041,142.93213900529994,77.61877747307679,67.20650244620063,140.09242763433372,171.32925271496217,84.24477067199798,84.24477067199798,90.87076387091916,82.3516297580205,67.20650244620063,98.4433275268291,117.37473666660392,123.05415940853636,177.95524591388337,147.66499129024365,167.54297088700721,97.49675706984036,102.22960935478406,127.78701169348008,176.0621049999059,146.7184208332549,105.06932072575029,124.94730032251385
B02013,99000000307,Synthetic Census Tract 99000000307,1.0,Total:,2394.1128414251384,1260.311603872721,"+/-1,315",765.7710809842616,1999.2471526072213,2981.6193153216996,2959.575842402253,1875.6120218851065,1827.6914285819612,2192.846349551928,1772.1035403503126,2489.954028031429,2888.653364313598,3198.2203970519163,1850.693313367471,2553.209211191581,2465.0353195137936,2568.5438010485873,2308.81418534554,2418.073138076711,1979.1205034199004,2739.1411132077847,2355.7763667826225,1833.4418997783387,2303.0637141491625,2438.1997872640322,2552.250799325518,2473.66102630836,2330.8576582649866,2327.982422666798,2460.243260183479,2441.075022862221,1825.7746048498354,2542.666680664889,1530.5837501024605,2340.4417769256156,3141.674096954205,2359.610014246874,2882.9028931172206,2077.8369256243795,2305.938949747351,2802.3962963679364,2675.885930047633,2844.5664184747043,1567.9618128789139,3146.4661562845195,2894.403835509975,1973.370032223523,2522.540031477568,2000.2055644732843,1823.8577811177097,2706.555109761646,2423.8236092730886,2997.912317044769,2340.4417769256156,2524.456855209694,2185.179054623425,2829.231828617698,2290.6043598903448,2606.8802756911036,1796.0638370018853,2429.574080469466,2527.3320908078827,2083.587396820757,2133.4248138560283,2081.670573088631,2368.2357210414402,2677.8027537797584,2524.456855209694,2065.377571365562,2399.863312621516,2865.651479528088,1644.6347621639463,2231.1828241944445,1896.6970829384904,2522.540031477568,2892.4870117778496,2476.5362619065486,2833.0654760819493,2442.9918465943465,2223.5155292659415,2442.0334347282837,2800.4794726358105,2490.912439897492
B02013,99000000308,Synthetic Census Tract 99000000308,1.0,Total:,200.60594120454377,161.6824003738114,+/-162,98.80591133955141,197.61182267910283,116.77062249219712,166.672597916213,195.6157436621422,167.6706374246933,137.7294521702838,181.64319054341775,198.60986218758313,163.67847939077203,249.50987712007932,109.78434593283491,146.71180774660664,251.50595613703996,171.66279545861457,229.54908695047297,174.65691398405554,182.64123005189808,338.33539337482756,268.47262778120535,203.60005972998474,124.75493856003966,269.47066728968565,228.55104744199267,151.70200528900824,135.73337315332316,202.6020202215044,172.6608349670949,309.39224762889836,294.4216550016936,216.57457334022885,230.5471264589533,286.4373389338511,259.4902722048825,175.65495349253584,232.54320547591394,234.53928449287457,214.57849432326822,228.55104744199267,198.60986218758313,217.57261284870918,166.672597916213,255.49811417096123,204.59809923846504,204.59809923846504,161.6824003738114,291.42753647625267,259.4902722048825,267.47458827272504,252.5039956455203,223.56084989959106,165.67455840773266,278.45302286600855,203.60005972998474,233.54124498439424,244.51967957767775,208.5902572723863,115.7725829837168,200.60594120454377,159.68632135685078,123.75689905155934,166.672597916213,160.6843608653311,249.50987712007932,167.6706374246933,184.6373090688587,146.71180774660664,187.63142759429965,261.4863512218431,190.62554611974062,148.70788676356727,229.54908695047297,199.60790169606346,180.64515103493744,176.65299300101617,214.57849432326822,120.76278052611839,243.52164006919742,262.48439073032347,215.57653383174855,231.5451659674336
B02013,99000000309,Synthetic Census Tract 99000000309,1.0,Total:,2627.657576379444,1299.078097187979,"+/-1,277",790.4335798864994,2856.54760916511,2206.4999160538187,2786.3546657775055,2090.5289661090815,2776.1817754314757,2826.028938127021,2211.5863612268336,1707.0110000637656,2437.4245269086905,2615.450107964208,2701.91967590546,2073.235052520831,2846.37471881908,2673.435582936577,2832.1326723346388,2934.8788648295376,2990.8297617327003,3385.5379071586485,3012.1928314593624,3255.3249107294696,2259.3989458531723,2467.943197946779,2463.8740418083676,1889.1057372576954,2773.129908327667,2873.84152275336,2204.4653379846127,1976.5925942335498,2336.7129124829976,2580.8622807877077,2667.3318487289594,2437.4245269086905,2517.7903606423242,3124.094625265688,2267.537258129996,3036.6077682898335,3145.4576949923503,3096.627821331408,2597.138905341355,2847.392007853683,2785.3373767429025,2225.828407711275,2423.182480424249,2487.2716896042352,3122.060047196482,2929.7924196565227,1868.7599565656362,1729.3913588250307,1862.6562223580183,2764.9915960508433,2634.7785996216644,2073.235052520831,2725.317323701328,2922.671396414302,2892.1527253762133,2986.7606055942883,3024.4002998745977,2931.8269977257287,2690.7294965248275,2816.873336815594,2544.2398755420013,2515.7557825731183,2518.807649676927,2172.929377911921,2887.0662802031984,2861.6340543381243,2436.4072378740875,1683.6133522678977,1965.4024148529172,2699.885097836254,2458.7875966353527,2166.8256437043033,2575.775835614693,2862.6513433727273,2960.3110906946113,3141.3885388539384,3323.483276047868,2716.161722389901,2888.0835692378014,2712.0925662514896
B02013,99000000310,Synthetic Census Tract 99000000310,1.0,Total:,162.78125321273174,138.81346132864854,+/-139,83.88727159429119,186.74904509681494,121.83627541075626,154.79198925137067,157.78796323688107,134.818829347968,168.77320118375252,174.76514915477333,66.91008567639894,140.81077731898878,218.70610094225918,134.818829347968,190.74367707749548,184.75172910647467,118.84030142524587,150.79735727069013,156.78930524171093,125.8309073914368,142.80809330932905,215.7101269567488,144.80540929966932,189.74501908232534,234.68462886498133,122.83493340592639,170.7705171740928,226.69536490362026,122.83493340592639,119.838959420416,125.8309073914368,170.7705171740928,145.80406729483946,163.77991120790188,162.78125321273174,132.82151335762774,111.84969545905493,111.84969545905493,172.76783316443306,148.80004128034986,225.69670690845012,239.677918840832,81.88995560395094,154.79198925137067,113.8470114493952,150.79735727069013,161.7825952175616,185.7503871016448,213.71281096640854,102.86177350252373,194.738309058176,182.7544131161344,129.82553937211733,172.76783316443306,177.76112314028373,126.82956538660693,248.6658407973632,114.84566944456533,96.86982553150293,192.74099306783572,144.80540929966932,151.79601526586026,167.77454318858238,182.7544131161344,128.8268813769472,235.68328686015147,179.758439130624,116.8429854349056,159.78527922722134,151.79601526586026,209.718178985728,108.85372147354452,202.72757301953706,170.7705171740928,92.8751935508224,189.74501908232534,259.65107874423467,221.7020749277696,160.78393722239147,222.70073292293972,126.82956538660693,80.8912976087808,207.72086299538773
B02013,99000000311,Synthetic Census Tract 99000000311,1.0,Total:,81.5972529551125,72.42902228599874,+/-79,44.007507211746066,132.0225216352382,49.50844561321433,118.27017563156755,76.09631455364423,114.60288336392205,99.01689122642865,109.10194496245379,93.5159528249604,57.75985321541671,69.67855308526461,108.18512189554241,67.84490695144186,81.5972529551125,77.01313762055561,87.09819135658076,40.34021494410056,57.75985321541671,80.68042988820112,92.59912975804902,68.76173001835323,92.59912975804902,54.092560947771204,101.76736042716279,59.593499349239465,103.60100656098552,73.34584535291012,92.59912975804902,92.59912975804902,46.7579764124802,84.34772215584663,93.5159528249604,74.26266841982148,83.43089908893525,62.343968549973596,115.51970643083342,38.506568810277805,91.68230669113764,111.85241416318792,74.26266841982148,112.7692372300993,56.843030148505335,70.59537615217599,75.17949148673286,121.93746789921306,61.42714548306222,101.76736042716279,99.93371429334003,74.26266841982148,111.85241416318792,68.76173001835323,103.60100656098552,128.3552293675927,84.34772215584663,77.01313762055561,60.51032241615084,88.93183749040351,41.257038011011936,47.674799479391574,70.59537615217599,77.92996068746699,69.67855308526461,77.01313762055561,95.34959895878315,69.67855308526461,45.84115334556882,89.84866055731489,75.17949148673286,113.68606029701067,90.76548362422626,67.84490695144186,80.68042988820112,121.02064483230168,102.68418349407415,76.09631455364423,99.01689122642865,73.34584535291012,56.843030148505335,92.59912975804902,64.17761468379635,86.18136828966938
B02013,99000000312,Synthetic Census Tract 99000000312,1.0,Total:,246.67070761089713,157.4897594746497,+/-166,95.82208257192542,305.49218404118795,206.82390099682914,227.69603779467425,297.9023161146988,232.43970524872998,231.49097175791883,247.61944110170828,324.46685385741085,285.56878073415396,328.2617878206554,162.23342692870543,248.5681745925194,202.0802335427734,271.3377783719868,255.2093090281974,222.0036368498074,157.4897594746497,216.31123590494056,317.82571942173286,211.56756845088483,256.1580425190086,277.9789128076648,226.74730430386313,209.67010146926256,210.61883496007368,140.41255664004913,291.2611816790208,276.08144582604257,263.74791044549767,259.00424299144197,225.79857081305198,291.2611816790208,261.8504434638754,299.7997830963211,192.592898634662,173.61822881843912,223.9011038314297,256.1580425190086,255.2093090281974,273.2352453536091,272.28651186279797,200.1827665611511,262.7991769546866,333.0054552747111,283.6713137525317,337.74912272876685,233.38843873954113,313.0820519676771,277.0301793168537,273.2352453536091,214.41376892331826,199.23403307034,154.64355900221628,236.23463921197455,240.02957317521913,293.1586486606431,222.0036368498074,242.87577364765255,296.00484913307656,233.38843873954113,304.5434505503768,238.13210619359683,184.0542972173617,216.31123590494056,166.02836089194997,148.00242456653828,316.8769859309217,233.38843873954113,271.3377783719868,221.05490335899626,213.46503543250714,288.4149812065874,224.84983732224083,343.4415236736337,178.36189627249485,223.9011038314297,219.15743637737398,222.95237034061856,284.6200472433428,317.82571942173286
B02013,99000000313,Synthetic Census Tract 99000000313,1.0,Total:,283.21018439241465,189.16302882059395,+/-177,115.42150911087089,343.0583743017551,197.71277023621403,330.23376217832504,322.7527384396575,194.5066172053565,289.6224904541297,207.33122932878658,393.288105118523,325.95889147051497,299.24094954670227,288.5537727771772,327.0276091474675,165.65123992763876,271.4542899459371,364.4327278408053,185.95687578973642,249.0112187299344,363.3640101638528,288.5537727771772,252.21737176079193,235.1178889295518,298.1722318697498,259.6983954994595,300.3096672236548,291.7599258080347,339.8522212708976,258.629677822507,274.6604429767946,301.37838490060733,247.9425010529819,335.5773505630876,212.67481771354912,281.07274903850964,230.84301822174177,304.5845379314648,247.9425010529819,331.3024798552775,364.4327278408053,299.24094954670227,334.50863288613505,337.7147859169926,208.3999470057391,252.21737176079193,268.24813691507956,165.65123992763876,272.52300762288957,260.767113176412,398.63169350328553,362.2952924869003,225.49942983697923,283.21018439241465,347.3332450095652,278.93531368460464,263.97326620726955,324.8901737935625,227.63686519088424,317.40915005489495,416.7998940114782,263.97326620726955,244.7363480221244,188.09431114364145,362.2952924869003,297.10351419279726,271.4542899459371,215.88097074440665,349.4706803634702,303.51582025451233,319.54658540879996,363.3640101638528,246.8737833760294,425.34963542709824,277.8665960076521,230.84301822174177,300.3096672236548,275.7291606537471,314.2029970240374,278.93531368460464,287.4850551002247,213.74353539050165,380.4634929950929
B02013,99000000314,Synthetic Census Tract 99000000314,1.0,Total:,229.13645604133927,215.7787254200953,+/-210,131.52227073224856,235.30156248191344,121.24709333129164,213.72368993990392,247.63177536306173,130.49475299215285,247.63177536306173,259.96198824421003,299.0076623678463,317.5029816895688,262.01702372440144,199.33844157856421,222.97134960076514,235.30156248191344,239.4116334422962,132.54978847234426,145.90751909358823,137.68737717282272,252.7693640635402,277.4297898258368,284.62241400650663,219.88879638047806,115.08198689071749,238.38411570220052,222.97134960076514,114.0544691506218,238.38411570220052,257.9069527640187,268.18213016497555,265.0995769446885,258.93447050411436,241.4666689224876,187.00822869741592,222.97134960076514,267.1546124248799,126.3846820317701,114.0544691506218,160.29276745492794,287.7049672267937,253.7968818036359,116.10950463081318,265.0995769446885,265.0995769446885,195.22837061818146,233.24652700172206,295.9251091475593,223.9988673408608,109.94439819023903,145.90751909358823,113.02695141052611,305.17276880842047,265.0995769446885,218.86127864038235,220.91631412057376,233.24652700172206,297.98014462775063,288.7324849668894,312.3653929890903,254.82439954373157,117.13702237090887,126.3846820317701,291.81503818717647,259.96198824421003,215.7787254200953,238.38411570220052,260.9895059843057,188.03574643751162,109.94439819023903,121.24709333129164,101.7242562694735,273.31971886545404,315.4479462093774,200.36595931865992,211.6686544597125,217.83376090028668,307.2278042886119,303.1177333282291,302.0902155881334,294.89759140746355,122.27461107138733,344.21844293205675
B02013,99000000315,Synthetic Census Tract 99000000315,1.0,Total:,125.63923682327632,111.22161948290034,+/-108,67.96876746177243,147.26566283384028,134.907705113518,86.50570404225583,106.07247043276607,83.41621461217525,144.1761734037597,89.59519347233639,58.70029917153074,106.07247043276607,116.37076853303462,120.49008777314204,113.28127910295406,63.849448221665014,81.35655499212154,86.50570404225583,71.05825689185299,116.37076853303462,111.22161948290034,164.7727696042968,142.11651378370598,204.93613219534416,155.5043013140551,127.69889644333003,142.11651378370598,124.60940701324945,189.48868504494132,113.28127910295406,96.80400214252437,133.87787530349115,130.7883858734106,182.27987637475334,117.40059834306147,100.9233213826318,106.07247043276607,148.29549264386714,125.63923682327632,165.80259941432365,166.8324292243505,198.75715333518303,146.23583302381343,160.65345036418938,124.60940701324945,89.59519347233639,113.28127910295406,72.08808670187985,149.325322453894,95.77417233249751,54.580979931423315,114.31110891298091,124.60940701324945,122.54974739319574,102.9829810026855,60.759958791584445,85.47587423222896,100.9233213826318,65.90910784171872,137.99719454359857,132.8480454934643,149.325322453894,180.22021675469963,160.65345036418938,142.11651378370598,128.72872625335688,151.3849820739477,123.5795772032226,140.05685416365228,117.40059834306147,98.86366176257809,122.54974739319574,136.9673647335717,148.29549264386714,122.54974739319574,109.16195986284663,125.63923682327632,137.99719454359857,133.87787530349115,164.7727696042968,151.3849820739477,220.38357934574697,139.02702435362542
B02013,99000000316,Synthetic Census Tract 99000000316,1.0,Total:,75.48496752812979,81.68921143455141,+/-79,49.63395125137301,45.49778864709193,68.24668297063789,82.72325208562168,78.5870894813406,92.02961794525413,57.906276459935185,61.008398413146,85.8253740388325,57.906276459935185,72.38284557491897,89.96153664311359,103.40406510702711,116.84659357094064,93.0636585963244,62.04243906421627,59.974357762075726,22.748894323545965,108.57426836237846,85.8253740388325,45.49778864709193,74.45092687705952,124.08487812843254,98.23386185167575,43.42970734495139,54.804154506724366,59.974357762075726,108.57426836237846,53.770113855654095,58.940317111005456,109.60830901344873,40.32758539174057,73.41688622598924,62.04243906421627,76.51900817920006,109.60830901344873,55.83819515779464,75.48496752812979,56.87223580886491,130.28912203485416,76.51900817920006,97.19982120060548,104.43810575809738,64.11052036635681,78.5870894813406,78.5870894813406,100.3019431538163,107.54022771130819,39.2935447406703,73.41688622598924,66.17860166849735,81.68921143455141,45.49778864709193,46.5318292981622,57.906276459935185,67.21264231956762,92.02961794525413,105.47214640916765,25.851016276756777,73.41688622598924,101.33598380488657,81.68921143455141,40.32758539174057,55.83819515779464,118.91467487308118,118.91467487308118,82.72325208562168,64.11052036635681,61.008398413146,69.28072362170816,43.42970734495139,107.54022771130819,69.28072362170816,116.84659357094064,69.28072362170816,19.64677237033515,101.33598380488657,49.63395125137301,68.24668297063789,62.04243906421627,68.24668297063789
B02013,99000000317,Synthetic Census Tract 99000000317,1.0,Total:,116.83644702267756,101.04773796555898,+/-96,61.049675020858544,108.41580219221431,103.15289917317479,97.88999615413526,76.83838407797714,127.36225306075663,109.46838279602223,99.99515736175107,71.57548105893761,164.20257419403333,118.94160823029337,129.46741426837244,98.94257675794316,127.36225306075663,131.57257547598826,89.469351323672,110.52096339983012,131.57257547598826,147.36128453310684,146.30870392929893,132.62515607979614,124.20451124933291,144.2035427216831,102.10031856936688,111.57354400363803,112.62612460744595,66.31257803989807,77.89096468178504,49.47128837897158,130.51999487218035,127.36225306075663,123.151930645525,98.94257675794316,129.46741426837244,133.67773668360405,73.68064226655342,73.68064226655342,158.9396711749938,154.7293487597622,139.9932203064515,159.99225177880172,116.83644702267756,128.41483366456453,88.4167707198641,106.3106409845985,128.41483366456453,66.31257803989807,67.36515864370598,43.15580475612415,155.78192936357007,141.0458009102594,102.10031856936688,92.62709313509572,136.8354784950278,132.62515607979614,79.99612588940086,111.57354400363803,201.04289532731005,158.9396711749938,145.25612332549102,147.36128453310684,127.36225306075663,125.2570918531408,104.20547977698268,90.52193192747991,105.2580603807906,86.3116095122483,79.99612588940086,68.4177392475139,156.83450996737798,115.78386641886965,119.99418883410128,95.78483494651944,144.2035427216831,155.78192936357007,70.5229004551297,73.68064226655342,155.78192936357007,142.0983815140673,125.2570918531408,144.2035427216831
B02013,99000000318,Synthetic Census Tract 99000000318,1.0,Total:,72.92973570754316,72.92973570754316,+/-80,44.669463120870184,53.78568008431308,66.54838383313313,113.95271204303619,74.75297910023174,86.6040611527075,49.22757160259163,92.07379133077323,40.111354639148736,59.25541026237882,89.33892624174037,78.39946588560889,99.36676490152755,121.2456856137905,51.9624366916245,70.1948706185103,75.66460079657602,92.98541302711753,46.492706513558765,43.75784142452589,103.01325168690471,53.78568008431308,53.78568008431308,98.45514320518326,64.72514044044455,60.16703195872311,25.525407497640106,121.2456856137905,70.1948706185103,57.432166869690235,73.84135740388744,74.75297910023174,93.89703472346181,92.98541302711753,64.72514044044455,61.99027535141168,62.90189704775597,94.8086564198061,35.55324615742729,70.1948706185103,98.45514320518326,54.69730178065737,60.16703195872311,109.39460356131474,61.99027535141168,67.46000552947741,48.31594990624734,114.86433373938047,60.16703195872311,61.07865365506739,90.25054793808465,56.520545173345944,92.07379133077323,110.30622525765902,43.75784142452589,69.283248922166,73.84135740388744,100.27838659787184,47.40432820990305,50.13919329893592,95.7202781161504,57.432166869690235,51.05081499528021,96.63189981249468,76.57622249292031,80.22270927829747,33.73000276473871,103.01325168690471,62.90189704775597,49.22757160259163,89.33892624174037,66.54838383313313,84.78081776001892,110.30622525765902,79.31108758195319,79.31108758195319,72.92973570754316,92.98541302711753,35.55324615742729,66.54838383313313,75.66460079657602
B02013,99000000319,Synthetic Census Tract 99000000319,1.0,Total:,36.01290204850133,38.9328670794609,+/-40,23.35972024767654,21.413076893703494,37.959545402474376,23.35972024767654,34.06625869452829,30.172971986582198,14.599825154797838,28.226328632609153,31.14629366356872,50.61272720329917,36.01290204850133,56.452657265218306,48.66608384932613,36.01290204850133,31.14629366356872,26.27968527863611,43.79947546439351,42.82615378740699,53.53269223425874,49.63940552631265,50.61272720329917,52.55937055727222,49.63940552631265,29.199650309595675,35.03958037151481,16.546468508770882,36.986223725487854,38.9328670794609,22.386398570690016,30.172971986582198,44.77279714138003,25.306363601649586,27.25300695562263,61.31926565015092,46.71944049535308,23.35972024767654,46.71944049535308,36.01290204850133,38.9328670794609,23.35972024767654,27.25300695562263,19.46643353973045,20.43975521671697,46.71944049535308,32.11961534055524,53.53269223425874,34.06625869452829,31.14629366356872,45.746118818366554,36.01290204850133,44.77279714138003,49.63940552631265,53.53269223425874,18.493111862743927,30.172971986582198,50.61272720329917,38.9328670794609,27.25300695562263,30.172971986582198,36.986223725487854,54.50601391124526,49.63940552631265,26.27968527863611,44.77279714138003,37.959545402474376,35.03958037151481,58.39930061919135,32.11961534055524,44.77279714138003,9.733216769865225,33.092937017541765,26.27968527863611,27.25300695562263,48.66608384932613,43.79947546439351,46.71944049535308,44.77279714138003,21.413076893703494,22.386398570690016,22.386398570690016,24.333041924663064
B02013,99000000320,Synthetic Census Tract 99000000320,1.0,Total:,328.5771887790615,205.61271935867651,+/-204,124.98028039448964,185.45460961762979,387.03570702809697,325.5534723179045,435.4151704066091,370.90921923525957,348.7352985201082,351.75901498126524,321.52185036969513,280.19772540054936,319.50603939559045,221.73920715151388,235.8498839702466,247.94474981487463,234.84197848319425,285.23725283581103,358.81435339063154,346.7194875460035,294.3084022192821,266.08704858181665,260.03961565950266,356.7985424165269,286.2451583228634,332.60881072727085,354.78273144242223,469.6839569663885,457.5890911217605,339.6641491366372,340.6720546236895,317.49022842148577,429.36773748429505,354.78273144242223,437.4309813807138,306.4032680639101,267.094954068869,292.2925912451774,365.8696917999979,320.5139448826428,354.78273144242223,306.4032680639101,263.06333212065965,390.05942348925396,213.6759632550952,446.50213076418476,414.24915517851,461.62071306996984,474.7234844016502,249.96056078897928,292.2925912451774,342.6878655977942,376.9566521575736,338.65624364958484,381.9961795928353,312.4507009862241,296.32421319338675,308.4190790380148,307.4111735509624,272.1344815041307,320.5139448826428,386.02780154104465,343.6957710848465,292.2925912451774,307.4111735509624,379.9803686187306,408.20172225619604,327.5692832920092,292.2925912451774,298.34002416749144,212.66805776804287,330.59299975316617,348.7352985201082,299.34792965454375,220.73130166446154,352.76692046831755,356.7985424165269,270.118670530026,305.39536257685774,313.45860647327646,331.6009052402185,356.7985424165269,392.07523446335864
B02013,99000000321,Synthetic Census Tract 99000000321,1.0,Total:,2012.7978970516879,859.3098714336052,+/-888,522.5533001961113,2140.533148210737,2088.2778181911262,2306.0083599395057,1985.7025407452227,2452.129745735085,2484.0635585248474,1940.221049802228,1867.644202552768,2350.522159585841,1918.9318412757198,2096.0193485644018,2192.7884782303486,1567.6599005883338,1879.2564981126816,2284.7191514129977,1515.4045705687226,2046.667092434769,1864.7411286627896,1858.9349808828329,2825.6585862456386,2028.2809577982393,2288.589916599635,1488.3092142622577,1808.6150334565407,1892.804176265914,1584.1106526315448,1942.1564323955467,1917.9641499790603,1916.0287673857413,2276.0099297430625,1550.2414572484633,1919.899532572379,2379.552898485625,2085.3747443011475,2078.6009052245313,2118.2762483875695,2058.2793879946826,2251.8176473265758,2078.6009052245313,2151.1777524739914,1952.801036658801,1916.9964586824008,1767.971998996843,2354.392924772479,1850.2257592128976,2359.2313812557763,2226.65767361343,1606.3675524547125,2175.370034890478,2221.8192171301325,1599.593713378096,1832.8073158730272,2337.9421727292683,1778.6166032600972,1881.1918807060006,2268.2683993697865,2000.2179101951147,2213.1099954601973,2016.6686622383256,1554.1122224351013,2003.1209840850931,2095.0516572677425,2404.712872198771,1954.73641925212,2227.625364910089,2157.9515915506076,2086.3424355978073,2215.045378053516,1779.5842945567567,1712.8135950872536,2420.1959329453225,2036.022488171515,1843.4519201362814,2031.1840316882176,1906.3518544191465,1840.548846246303,2011.8302057550284,1786.358133633373,2009.8948231617094,1436.0538842426465
B02013,99000000322,Synthetic Census Tract 99000000322,1.0,Total:,163.54105352258793,157.1276788746433,+/-147,96.20061971916937,220.19252957943212,81.23607887396524,203.0901971849131,162.47215774793048,128.2674929588925,171.02332394519,164.60994929724538,162.47215774793048,160.3343661986156,131.4741802828648,181.71228169176436,208.4346760582003,185.98786479039413,176.36780281847717,255.46609014312756,214.84805070614493,100.47620281779912,149.64540845204124,185.98786479039413,131.4741802828648,136.818659156152,210.5724676075152,92.99393239519706,145.3698253534115,195.60792676231105,238.36375774860855,219.12363380477467,140.0253464801243,76.9604957753355,255.46609014312756,209.50357183285774,168.88553239587512,190.26344788902387,216.9858422554598,113.30295211368838,70.54712112739087,131.4741802828648,169.95442817053257,200.95240563559824,129.33638873354994,114.37184788834581,257.6038816924424,118.64743098697556,181.71228169176436,276.8440056362763,223.39921690340444,241.57044507258087,171.02332394519,121.85411831094787,229.81259155134904,207.36578028354288,169.95442817053257,174.2300112691623,212.71025915683006,87.64945352190988,66.27153802876113,163.54105352258793,114.37184788834581,154.98988732532843,133.61197183217968,198.81461408628337,99.40730704314169,253.3282985938127,179.5744901424495,144.30092957875405,142.16313802943918,140.0253464801243,179.5744901424495,172.09221971984744,110.09626478971606,189.19455211436642,149.64540845204124,149.64540845204124,181.71228169176436,214.84805070614493,209.50357183285774,150.7143042266987,105.8206816910863,168.88553239587512,128.2674929588925
B02013,99000000323,Synthetic Census Tract 99000000323,1.0,Total:,136.52248673529186,78.72464563567925,+/-79,47.83269608243802,72.7455586253745,139.51203024044423,111.60962419235538,156.45277676964102,94.66887766315858,151.47020426105374,173.39352329883783,148.48066075590137,160.43883477651087,127.55385621983473,126.55734171811727,152.4667187627712,94.66887766315858,132.536428728422,118.58522570437759,155.45626226792356,123.56779821296489,118.58522570437759,144.49460274903151,129.54688522326964,122.57128371124743,103.63750817861572,144.49460274903151,123.56779821296489,150.47368975933628,151.47020426105374,171.40049429540292,157.4492912713585,120.57825470781252,124.56431271468234,122.57128371124743,120.57825470781252,88.68979065285383,145.491117250749,134.52945773185695,98.65493567002842,170.40397979368547,138.51551573872678,169.407465291968,122.57128371124743,135.5259722335744,132.536428728422,111.60962419235538,147.4841462541839,174.3900378005553,153.46323326448865,139.51203024044423,164.4248927833807,78.72464563567925,100.64796467346333,125.56082721639982,124.56431271468234,139.51203024044423,120.57825470781252,159.44232027479342,163.42837828166324,145.491117250749,132.536428728422,103.63750817861572,177.37958130570766,136.52248673529186,141.50505924387915,139.51203024044423,126.55734171811727,146.48763175246646,133.5329432301395,112.60613869407284,102.64099367689826,95.66539216487604,159.44232027479342,160.43883477651087,136.52248673529186,110.61310969063793,125.56082721639982,100.64796467346333,169.407465291968,153.46323326448865,133.5329432301395,129.54688522326964,171.40049429540292
B02013,99000000324,Synthetic Census Tract 99000000324,1.0,Total:,162.27372975534888,145.41412146907888,+/-138,88.51294350291757,211.79882909626704,182.29451459529452,180.18706355951076,153.84392561221387,177.02588700583513,154.89765113010574,197.0466718457808,92.72784557448507,131.71568973648448,247.62549670459083,150.68274905853823,208.6376525425914,217.06745668572643,154.89765113010574,160.16627871956513,134.8768662901601,125.39333662913323,112.74863041443072,170.7035338984839,164.38118079113264,126.44706214702511,112.74863041443072,216.01373116783455,173.86471045215953,102.21137523551195,148.57529802275448,138.03804284383574,139.09176836172762,221.28235875729393,230.7658884183208,161.220004237457,222.3360842751858,83.2443159134582,136.98431732594386,216.01373116783455,187.5631421847539,251.84039877615834,186.50941666686202,146.46784698697076,169.64980838059202,205.47647598891578,179.13333804161888,173.86471045215953,151.7364745764301,194.93922080999704,198.10039736367267,166.4886318269164,124.33961111124135,86.40549246713383,147.52157250486263,150.68274905853823,175.97216148794325,218.1211822036183,206.53020150680766,88.51294350291757,219.17490772151018,126.44706214702511,86.40549246713383,260.27020291929335,157.0051021658895,240.2494180793477,72.70706073453944,128.55451318280885,138.03804284383574,96.94274764605258,186.50941666686202,88.51294350291757,241.30314359723957,208.6376525425914,184.40196563107827,178.079612523727,149.62902354064636,189.67059322053765,155.95137664799762,175.97216148794325,190.72431873842953,177.02588700583513,232.87333945410455,131.71568973648448,165.4349063090245
B02013,99000000325,Synthetic Census Tract 99000000325,1.0,Total:,133.80038792202924,156.27885309293018,+/-146,95.26587620048483,181.9685275739598,99.54748861398976,82.42103895997002,178.75731826383108,154.1380468861777,83.49144206334626,232.27747343264278,139.15240343891043,155.20844998955394,205.51739584823693,87.77305447685119,87.77305447685119,206.58779895161317,176.6165120570786,96.33627930386106,86.70265137347495,127.37796930177184,97.4066824072373,180.89812447058355,147.7156282659203,166.9828841266925,54.590558272187934,156.27885309293018,117.74434137138574,158.41965929968262,41.74572103167313,176.6165120570786,187.32054309084094,163.7716748165638,115.60353516463327,50.308945858682996,166.9828841266925,143.43401585241537,145.57482205916781,124.16675999164315,146.64522516254405,186.2501399874647,156.27885309293018,141.2932096456629,155.20844998955394,178.75731826383108,194.8133648144746,189.46134929759342,85.63224827009873,84.56184516672249,191.6021555043459,63.15378309919781,97.4066824072373,149.85643447267276,88.84345758022742,209.79900826174188,174.47570585032614,90.9842637869799,75.99862033971262,179.82772136720732,163.7716748165638,143.43401585241537,173.4053027469499,78.13942654646509,107.0403103376234,95.26587620048483,205.51739584823693,139.15240343891043,116.67393826800951,146.64522516254405,232.27747343264278,95.26587620048483,44.95693034180183,92.05466689035613,148.78603136929652,253.68553550016745,129.51877550852433,160.5604655064351,172.33489964357366,140.22280654228666,130.58917861190054,72.78741102958391,168.05328723006875,125.23716309501938,81.35063585659378
B02013,99000000326,Synthetic Census Tract 99000000326,1.0,Total:,70.06708076064896,52.04983142219638,+/-52,32.030665490582386,84.08049691277877,98.09391306490856,39.03737356664728,90.08624669226296,62.059414388003376,87.08337180252086,67.06420587090687,42.040248456389385,38.036415270066584,78.07474713329457,67.06420587090687,73.06995565039107,60.05749779484197,76.07283054013317,68.06516416748757,57.054622905099876,48.04599823587358,63.060372684584074,85.08145520935946,57.054622905099876,68.06516416748757,89.08528839568226,81.07762202303667,84.08049691277877,63.060372684584074,105.10062114097346,65.06228927774548,64.06133098116477,63.060372684584074,51.04887312561568,98.09391306490856,50.04791482903498,83.07953861619806,53.050789718777075,72.06899735381037,55.05270631193848,62.059414388003376,78.07474713329457,87.08337180252086,72.06899735381037,77.07378883671387,66.06324757432617,110.10541262387696,63.060372684584074,67.06420587090687,66.06324757432617,84.08049691277877,96.09199647174717,104.09966284439275,76.07283054013317,81.07762202303667,61.05845609142268,89.08528839568226,80.07666372645596,58.055581201680575,91.08720498884367,76.07283054013317,87.08337180252086,78.07474713329457,54.051748015357774,57.054622905099876,74.07091394697177,77.07378883671387,62.059414388003376,77.07378883671387,44.04216504955078,57.054622905099876,61.05845609142268,52.04983142219638,71.06803905722967,49.04695653245428,55.05270631193848,65.06228927774548,63.060372684584074,70.06708076064896,93.08912158200506,68.06516416748757,53.050789718777075,41.03929015980868,62.059414388003376
B02013,99000000327,Synthetic Census Tract 99000000327,1.0,Total:,297.5253734129243,247.75749276930785,+/-229,150.38555237962353,469.54913476803324,256.412776359502,207.72680616465988,168.77803000878615,150.38555237962353,386.2420302124144,327.81886597860387,223.9554628962739,332.14650777370093,418.6993436756425,161.20465686736625,206.64489571588558,238.02029873033942,225.0373733450482,346.2113436077664,288.8700898227301,320.245492837184,254.24895546195347,299.6891943104728,327.81886597860387,247.75749276930785,283.46053757885875,273.7233435398903,360.27617944183197,360.27617944183197,232.6107464864681,252.08513456440494,377.5867466222203,360.27617944183197,282.3786271300845,324.57313463228104,388.40585110996295,293.1977316178272,327.81886597860387,235.8564778327909,322.4093137347325,334.31032867124947,344.0475227102179,413.28979143177116,365.6857316857033,220.7097315499511,311.5902092469898,302.93492565679566,395.97922425138285,461.97576162661335,249.9213136668564,225.0373733450482,434.9280004072566,327.81886597860387,165.53229866246332,400.30686604647997,362.4400003393805,382.99629886609165,345.1294331589922,195.8257912281429,393.8154033538343,332.14650777370093,316.99976149086115,259.65850770582483,327.81886597860387,352.7028063004121,262.90423905214766,241.26603007666225,196.90770167691716,258.57659725705054,353.7847167491863,371.09528392957463,138.48453744310657,285.62435847640734,300.77110475924707,154.71319417472063,153.63128372594636,275.88716443743886,244.51176142298505,334.31032867124947,332.14650777370093,238.02029873033942,291.03391072027864,271.5595226423418,315.91785104208685
B02013,99000000328,Synthetic Census Tract 99000000328,1.0,Total:,33.575018007544074,3.052274364322188,+/-3,2.0348495762147922,33.575018007544074,32.557593219436676,34.592442795651465,34.592442795651465,35.60986758375886,32.557593219436676,31.54016843132928,32.557593219436676,32.557593219436676,34.592442795651465,32.557593219436676,32.557593219436676,33.575018007544074,33.575018007544074,33.575018007544074,34.592442795651465,33.575018007544074,32.557593219436676,33.575018007544074,33.575018007544074,32.557593219436676,33.575018007544074,31.54016843132928,33.575018007544074,34.592442795651465,33.575018007544074,32.557593219436676,33.575018007544074,32.557593219436676,33.575018007544074,32.557593219436676,33.575018007544074,33.575018007544074,31.54016843132928,33.575018007544074,31.54016843132928,32.557593219436676,33.575018007544074,33.575018007544074,33.575018007544074,32.557593219436676,32.557593219436676,32.557593219436676,33.575018007544074,33.575018007544074,31.54016843132928,34.592442795651465,32.557593219436676,32.557593219436676,34.592442795651465,33.575018007544074,31.54016843132928,33.575018007544074,34.592442795651465,33.575018007544074,33.575018007544074,33.575018007544074,32.557593219436676,33.575018007544074,33.575018007544074,32.557593219436676,31.54016843132928,31.54016843132928,32.557593219436676,32.557593219436676,34.592442795651465,34.592442795651465,32.557593219436676,31.54016843132928,31.54016843132928,33.575018007544074,33.575018007544074,33.575018007544074,34.592442795651465,34.592442795651465,33.575018007544074,34.592442795651465,33.575018007544074,32.557593219436676,32.557593219436676
B02013,99000000329,Synthetic Census Tract 99000000329,1.0,Total:,133.75685747084304,133.75685747084304,+/-125,81.32416934227257,173.3488872822126,109.14559569620792,68.48351102507164,124.12636373294234,55.6428527078707,102.72526653760745,160.50822896501165,199.03020391661445,199.03020391661445,208.66069765451513,132.6868026110763,144.4574060685105,177.62910672127956,188.329655318947,60.99312700670443,115.56592485480839,111.2857054157414,123.0563088731756,153.01784494664443,134.8269123306098,164.78844840407862,81.32416934227257,104.86537625714094,108.07554083644118,92.02471793994,135.89696719037653,155.15795466617791,178.6991615810463,193.67992961778072,135.89696719037653,142.31729634897698,200.1002587763812,97.37499223877373,138.03707690991,74.9038401836721,88.81455336063978,138.03707690991,115.56592485480839,161.5782838247784,38.52197495160279,130.54669289154282,187.25960045918026,132.6868026110763,69.55356588483838,120.91619915364211,147.66757064781072,127.33652831224258,146.59751578804398,98.44504709854047,111.2857054157414,188.329655318947,191.53981989824723,179.76921644081304,157.2980643857114,130.54669289154282,156.22800952594466,186.18954559941352,161.5782838247784,87.74449850087304,75.97389504343884,158.36811924547817,193.67992961778072,95.23488251924024,95.23488251924024,102.72526653760745,93.09477279970676,75.97389504343884,111.2857054157414,132.6868026110763,139.10713176967676,201.17031363614794,166.9285581236121,189.39971017871375,110.21565055597466,115.56592485480839,144.4574060685105,199.03020391661445,165.85850326384536,118.77608943410861,141.24724148921024
B02013,99000000330,Synthetic Census Tract 99000000330,1.0,Total:,194.59174998277928,156.8351417771654,+/-162,95.84369775271219,191.68739550542438,113.26982461684167,161.6757325727569,189.75115918718777,162.64385073187523,133.6003059583261,176.1975049595315,192.65551366454267,158.771378095402,242.02953977957623,106.49299750301354,142.31336939039082,243.96577609781284,166.51632336834845,222.66717659721013,169.42067784570335,177.1656231186498,328.19205594110537,260.423784802824,197.4961044601342,121.01476988978811,261.3919029619423,221.6990584380918,147.15396018598236,131.66406964008948,196.5279863010159,167.48444152746674,300.1166293266745,285.59485693989996,210.08164052867215,223.63529475632842,277.8499116669535,251.71072137075927,170.38879600482167,225.57153107456503,227.50776739280164,208.14540421043554,221.6990584380918,192.65551366454267,211.04975868779047,161.6757325727569,247.83824873428605,198.4642226192525,198.4642226192525,156.8351417771654,282.69050246254506,251.71072137075927,259.45566664370574,244.93389425693113,216.8584676425003,160.70761441363862,270.1049663940071,197.4961044601342,226.53964923368335,237.1889489839847,202.33669525572572,112.30170645772337,194.59174998277928,154.8989054589288,120.04665173066981,161.6757325727569,155.86702361804709,242.02953977957623,162.64385073187523,179.1018594368864,142.31336939039082,182.00621391424133,253.64695768899588,184.91056839159623,144.24960570862743,222.66717659721013,193.623631823661,175.22938680041318,171.35691416393996,208.14540421043554,117.1422972533149,236.2208308248664,254.6150758481142,209.11352236955386,224.60341291544674
B02013,99000000331,Synthetic Census Tract 99000000331,1.0,Total:,208.9505488666161,128.96947753011233,+/-129,78.98130794479748,225.94652652562314,205.9512586914972,210.9500756500287,158.96237928130125,172.9590667651894,249.9408479265743,261.93800862704984,263.93753541046243,192.95433459931536,196.95338816614054,146.96521858082568,166.96048641495162,244.9420309680428,187.95551764078385,211.949839041735,237.94368722609872,198.95291494955313,218.94818278367907,194.95386138272795,197.95315155784684,155.96308910618237,220.94770956709166,180.95717389883978,150.96427214765086,249.9408479265743,141.9664016222942,262.93777201875616,210.9500756500287,211.949839041735,237.94368722609872,192.95433459931536,218.94818278367907,139.9668748388816,197.95315155784684,236.94392383439242,248.941084534868,273.9351693275254,189.95504442419644,215.9488926085602,204.9514952997909,199.95267834125943,168.9600131983642,197.95315155784684,228.94581670074206,210.9500756500287,205.9512586914972,192.95433459931536,138.9671114471753,204.9514952997909,215.9488926085602,243.9422675763365,197.95315155784684,264.93729880216875,219.94794617538537,194.95386138272795,188.95528103249015,113.97302665451787,233.94463365927353,227.94605330903573,200.95244173296572,227.94605330903573,275.93469611093803,250.9406113182806,317.9247585626025,251.94037470998688,212.9496024334413,100.97610256233601,168.9600131983642,199.95267834125943,204.9514952997909,264.93729880216875,229.94558009244835,217.94841939197278,250.9406113182806,167.9602498066579,178.9576471154272,194.95386138272795,146.96521858082568,263.93753541046243,257.93895506022466
B02013,99000000332,Synthetic Census Tract 99000000332,1.0,Total:,3027.9031644765546,1089.8036314815915,"+/-1,083",662.1336929962024,3629.6599249807023,3233.1847349495415,3036.959704350363,3230.165888324939,2805.5147964641524,2347.6563917327358,2576.082452994344,3606.515434192081,2932.3063546974677,2762.244661511513,2919.224685990856,3842.9917531192964,3559.2201704066383,3136.5816429622537,2945.38802340408,3169.788955832884,2843.753520375787,2948.4068700286825,3240.228710406948,3107.399458924427,3374.06424409767,2484.5107720480605,3401.2338637190946,3746.3886611320086,3005.764955896135,3021.865471227349,2785.3891523001344,2538.85001129091,3128.5313852966465,2419.102428515001,3036.959704350363,2984.6330295239154,2557.969373246727,2618.346305738782,3355.951164350053,3405.2589925518982,3090.2926613850113,2559.981937663129,2975.5764896501073,2955.450845486089,2154.45020775816,2806.5210786723533,2961.4885387352942,2760.2320970951114,2706.8991400604627,3038.972268766765,3322.743851479423,3381.108219555076,2981.6141828993127,3168.782673624683,3179.851777914893,3270.4171766529753,3190.920882205103,2934.3189191138695,3008.7838025207375,2518.7243671268916,2852.8100602495956,3114.4434343818334,2740.106452931093,3225.1344772839343,2480.485643215257,3116.455998798235,2780.3577412591294,3398.2150170944915,2953.438281069687,3506.8934955801906,3285.5114097759893,3063.123041763587,2977.589054066509,3265.385765611971,3596.452612110072,2999.7272626469294,3256.3292257381627,2890.0425019530294,2682.7483670636407,3280.4799987349847,3257.3355079463636,2939.3503301548744,2561.994502079531,2942.369176779477
B02013,99000000333,Synthetic Census Tract 99000000333,1.0,Total:,1454.2525942799791,661.2750872026758,+/-718,402.4752271693166,1520.5643021888827,1445.9636307913663,1604.374933018191,1755.4182676995822,1165.059868121706,1288.4733245077207,1537.1422291661086,1473.5935090867426,1489.2504401207893,1688.1855638474997,1711.21046242698,1363.073995905237,1448.726618620904,1615.4268843363416,1352.0220445870864,1865.0167849379088,1375.0469431665667,1546.3521885979005,1674.3706246998113,1432.1486916436781,1589.6389979273238,1472.6725131435635,1566.6140993478434,1522.406294075241,1181.6377950989317,1115.3260871900284,1320.7081825189932,1751.7342839268654,1720.420421858772,1659.634689608944,1632.0048113135676,1156.770904633093,1423.859728155065,1274.6583853600325,1268.211413757778,1592.4019857568612,1315.1822068599179,1358.469016189341,1266.3694218714195,1479.119484745818,1232.2925719737887,1334.5231216666814,1339.1281013825774,1415.5707646664523,1865.937780881088,1629.24182348403,1571.2190790637394,1445.0426348481872,1234.134563860147,1378.7309269392836,1242.42352734876,1766.470219017733,1655.9507058362271,1769.2332068472704,1463.4625537117713,1486.4874522912517,1799.6260729721846,1390.7038742006134,1525.1692819047787,1688.1855638474997,1586.876010097786,1344.6540770416527,1189.9267585875448,957.8357809063828,1563.8511115183057,1626.4788356544923,1468.0675334276675,1811.5990202335142,1516.8803184161657,1441.35865107547,1169.664847837602,1586.876010097786,1559.2461318024095,1134.667001996792,1707.5264786542632,1079.407245406039,1589.6389979273238,1393.466862030151,1484.6454604048934,1120.8520628491037
B02013,99000000334,Synthetic Census Tract 99000000334,1.0,Total:,641.7103783779019,295.8725714047731,+/-302,180.26673224661673,763.1944805441001,642.6900888792422,499.6523556835572,557.4552752626354,510.4291711983006,715.188665978425,700.4930084583204,742.6205600159536,641.7103783779019,690.6959034449173,647.5886413859438,585.8668798015043,582.9277482974834,567.2523802760385,471.24075114468826,584.887169300164,625.0552998551167,661.304588404708,776.9104275628645,676.979956426153,612.3190633376927,572.15093278274,669.1422724154305,610.359642335012,574.1103537854207,442.82914660581935,751.4379545280165,733.8031655038909,805.3220321017334,749.4785335253358,445.76827810984025,633.8726943671794,627.0147208577973,742.6205600159536,615.2581948417136,761.2350595414194,570.1915117800594,521.205986713044,668.1625619140902,639.7509573752213,551.5770122545936,730.8640339998699,628.9741418604779,544.7190387452114,671.1016934181112,785.7278220749272,558.4349857639756,651.507483391305,665.2234304100693,629.9538523618182,600.5625373216089,575.0900642867609,706.3712714663623,732.8234550025505,529.0436707237665,819.0379791204977,785.7278220749272,659.3451674020274,522.1856972143843,644.6495098819228,651.507483391305,685.7973509382158,735.7625865065714,601.5422478229492,583.9074587988237,565.2929592733578,419.3160945736519,539.8204862385098,634.8524048685198,665.2234304100693,640.7306678765616,579.9886167934625,615.2581948417136,591.7451428095462,776.9104275628645,736.7422970079118,653.4669043939856,704.4118504636816,614.2784843403732,820.9974001231783
B02013,99000000335,Synthetic Census Tract 99000000335,1.0,Total:,290.36929924876983,213.44310429853604,+/-197,130.01610414124025,321.7898577495696,200.44149388441204,261.1156758169908,339.1253383017349,219.94390950559807,277.36768883464583,268.69994855856316,368.378961733514,315.2890525425076,328.2906629566316,339.1253383017349,303.3709096628939,205.8588315569637,392.21524749274136,356.4608188539003,268.69994855856316,304.4543771974042,251.36446800639777,261.1156758169908,371.629364337045,421.46887092452044,256.78180567894947,263.28261088601147,292.5362343177905,270.86688362758383,158.18626003850895,420.3854033900101,316.3725200770179,292.5362343177905,261.1156758169908,224.2777796436394,437.7208839421755,236.1959225232531,331.5410655601626,239.4463251267841,316.3725200770179,213.44310429853604,160.35319510752961,358.627753922921,242.6967277303151,336.95840323271426,392.21524749274136,405.2168579068654,170.10440291812264,327.20719542212123,262.19914335150116,301.2039745938732,180.93907826322598,210.19270169500504,169.0209353836123,307.7047798009352,288.20236417974917,325.04026035310056,242.6967277303151,338.0418707672246,367.29549419900366,321.7898577495696,257.8652732134598,305.53784473191456,226.44471471266007,270.86688362758383,286.0354291107285,271.95035116209414,343.45920843977626,262.19914335150116,342.37574090526596,202.6084289534327,286.0354291107285,360.79468899194165,255.69833814443913,332.6245330946729,235.11245498874277,253.53140307541847,332.6245330946729,438.8043514766858,346.7096110433073,332.6245330946729,342.37574090526596,228.61164978168074,260.0322082824805
B02013,99000000336,Synthetic Census Tract 99000000336,1.0,Total:,319.13776535068695,159.055799451307,+/-155,96.45964611885715,275.01260808355016,314.0069331103222,181.63146130891187,282.1957732200608,307.84993442188454,407.3880798849605,401.23108119652284,296.5621034930821,332.47792917563527,373.52458709855324,277.0649409796961,297.58826994115503,376.60308644277205,298.614436389228,376.60308644277205,391.9955831638663,244.22761464136173,332.47792917563527,321.19009824683286,301.69293573344686,305.7976015257386,277.0649409796961,229.86128436834045,325.29476403912463,309.90226731803045,399.1787483003769,388.9170838196475,279.117273875842,321.19009824683286,370.44608775433437,324.26859759105173,296.5621034930821,408.4142463330335,282.1957732200608,377.629252890845,388.9170838196475,244.22761464136173,316.05926600646814,312.98076666224927,361.2105897216778,347.8704258967295,345.81809300058364,380.7077522350639,283.22193966813376,366.3414219620426,277.0649409796961,232.9397837125593,333.5040956237082,276.0387745316231,311.9546002141763,349.9227587928754,311.9546002141763,310.92843376610335,306.8237679738116,263.72477715474776,301.69293573344686,403.28341409266875,325.29476403912463,359.15825682553196,340.68726076021886,357.10592392938605,273.9864416354772,411.49274567725234,324.26859759105173,312.98076666224927,279.117273875842,239.09678240099697,332.47792917563527,308.8761008699575,310.92843376610335,380.7077522350639,311.9546002141763,362.2367561697508,289.37893835657144,303.7452686295927,290.4051048046444,405.3357469888146,278.09110742776903,370.44608775433437,300.6667692853739
B02013,99000000337,Synthetic Census Tract 99000000337,1.0,Total:,81.38861453440323,116.93766456092419,+/-125,71.0981000530419,140.32519747310903,101.9696434971259,108.51815271253766,82.32411585089064,28.065039494621807,87.0016224333276,112.26015797848723,79.51761190142845,56.130078989243614,133.7766882576973,70.16259873655451,32.742546077058776,46.775065824369676,34.61354871003356,79.51761190142845,89.80812638278978,72.9691026860167,82.32411585089064,74.84010531899148,30.871543444083986,126.29267772579813,139.38969615662162,145.002704055546,73.90460400250409,29.936042127596593,116.93766456092419,130.9701843082351,75.77560663547888,82.32411585089064,128.16368035877292,80.45311321791584,34.61354871003356,43.033060558420104,40.22655660895792,65.48509215411755,81.38861453440323,73.90460400250409,81.38861453440323,88.87262506630239,140.32519747310903,38.355553975983135,30.871543444083986,35.54905002652095,81.38861453440323,115.06666192794941,77.64660926845366,29.0005408111092,67.35609478709233,74.84010531899148,31.80704476057138,62.67858820465537,174.0032448666552,158.0997224863695,144.06720273905862,88.87262506630239,85.13061980035282,97.29213691468892,71.0981000530419,83.25961716737802,133.7766882576973,32.742546077058776,29.0005408111092,43.96856187490749,64.54959083763015,101.0341421806385,105.71164876307547,34.61354871003356,94.48563296522674,60.80758557168058,35.54905002652095,82.32411585089064,95.42113428171415,126.29267772579813,127.22817904228552,86.06612111684021,87.93712374981499,79.51761190142845,77.64660926845366,91.67912901576457,41.16205792544532
B02013,99000000338,Synthetic Census Tract 99000000338,1.0,Total:,2228.7769057617843,962.9322714863114,+/-995,585.5015319087622,2066.1913564053016,1896.8314091589652,2248.1323283042225,2111.676599380032,2482.3329410677275,1770.0533915059937,2091.353405710471,2427.169986821778,2282.00431775349,2156.19407122764,2963.315191247322,1952.9621345320365,1342.2985533181045,2398.1368530081204,2405.8790220250958,2352.65161003339,2507.4949903728975,1752.633511217799,2392.330226245389,2533.624810805189,2439.7510114743627,2118.450997269885,2040.0615359730095,2075.8690676765204,2518.1404727712384,2078.7723810578864,2342.006127635049,2420.3955889319245,1941.3488810065735,2265.552208592417,2183.291662787054,1876.5082154894048,1752.633511217799,2699.1136735430377,2486.2040255762154,2427.169986821778,2214.2603388549555,1816.5064056078459,2516.204930516995,2358.4582367961216,2167.8073247531033,2232.6479902702717,2346.8449832706583,2170.710638134469,2664.273912966649,2076.8368388036424,2319.7473917112447,2415.556733296315,2288.7787156433433,1909.4124338115503,2282.972088880612,2025.5449690661808,1736.1814020567263,2060.3847296425697,2033.2871380831562,2005.2217753966204,2567.4968002544565,2144.5808177021772,2708.791384814257,2401.040166389486,2003.2862331423767,1949.0910500235489,2172.6461803887128,2172.6461803887128,2170.710638134469,2320.7151628383667,3024.284772256003,2183.291662787054,1945.2199655150612,2444.5898671099726,2770.72873695006,1678.115134429411,1751.665740090677,2324.586247346854,2193.937145185395,2142.6452754479333,2349.7482966520242,2062.3202718968137,2436.8476980929972,2622.659754500406
B02013,99000000339,Synthetic Census Tract 99000000339,1.0,Total:,307.7691574338731,287.12610419135723,+/-306,174.52763195945244,344.3636609092422,404.4161794329247,318.090684055131,323.72060766672627,381.8964849865438,246.778318308258,297.44763081261516,402.53953822905964,232.70350927926992,349.05526391890487,362.1917523459604,165.14442594012704,313.39908104546834,120.10503704736512,331.22717248218663,395.03297341359934,263.66808914304374,335.9187754918493,135.11816667828575,198.92396760969848,322.78228706479376,355.6235081324326,404.4161794329247,288.0644247932898,302.13923382227784,289.0027453952223,362.1917523459604,377.20488197688104,235.51847108506752,417.55266785998026,404.4161794329247,117.2900752415675,308.70747803580565,144.50137269761115,278.68121877396436,364.0683935498255,246.778318308258,413.79938545225014,151.06961691113892,192.3557233961707,360.31511114209536,368.75999655948823,402.53953822905964,282.43450118169454,292.7560278029525,292.7560278029525,342.48701970537707,370.6366377633533,193.29404399810323,348.1169433169723,349.99358452083743,142.62473149374608,335.9187754918493,155.76121992080164,249.59328011405563,358.43846993823024,222.38198265801196,355.6235081324326,214.87541784255166,197.98564700776592,379.08152318074616,448.5172477237541,290.8793865990874,334.98045488991676,365.00671415175805,212.06045603675403,271.17465395850405,380.9581643846112,230.82686807540483,395.97129401553184,396.9096146174644,169.83602894978972,324.6589282686588,159.5145023285318,416.61434725804776,388.46472920007153,270.2363333565715,365.9450347536906,135.11816667828575,222.38198265801196
B02013,99000000340,Synthetic Census Tract 99000000340,1.0,Total:,34.38865580166915,36.19858505438858,+/-40,21.71915103263315,47.058160570705155,28.05390341715115,43.4383020652663,33.48369117530944,22.624115658992864,38.00851430710801,29.86383266987058,22.624115658992864,40.72340818618716,20.814186406273436,29.86383266987058,22.624115658992864,36.19858505438858,38.91347893346772,35.293620428028866,51.582983702503725,27.148938790791437,38.00851430710801,47.058160570705155,18.09929252719429,29.86383266987058,16.289363274474862,51.582983702503725,45.24823131798573,17.194327900834576,39.818443559827436,38.00851430710801,13.574469395395719,26.243974164431723,19.909221779913718,30.768797296230293,39.818443559827436,39.818443559827436,55.20284220794259,35.293620428028866,43.4383020652663,42.533337438906585,34.38865580166915,47.96312519706487,47.96312519706487,25.339009538072006,38.91347893346772,24.43404491171229,38.00851430710801,45.24823131798573,27.148938790791437,43.4383020652663,49.7730544497843,27.148938790791437,48.86808982342458,37.103549680748294,40.72340818618716,34.38865580166915,19.004257153554004,34.38865580166915,20.814186406273436,38.00851430710801,29.86383266987058,19.004257153554004,52.487948328863446,41.62837281254687,47.058160570705155,15.384398648115146,19.909221779913718,48.86808982342458,29.86383266987058,26.243974164431723,57.91773608702173,47.058160570705155,51.582983702503725,41.62837281254687,28.958868043510865,30.768797296230293,20.814186406273436,31.673761922590007,18.09929252719429,29.86383266987058,30.768797296230293,22.624115658992864,15.384398648115146
B02013,99000000341,Synthetic Census Tract 99000000341,1.0,Total:,6.512952550204833,15.196889283811277,+/-14,8.683936733606444,7.598444641905639,1.0854920917008055,0.0,5.427460458504028,8.683936733606444,4.341968366803222,9.76942882530725,4.341968366803222,11.94041300870886,5.427460458504028,8.683936733606444,9.76942882530725,13.025905100409666,5.427460458504028,7.598444641905639,3.2564762751024166,8.683936733606444,6.512952550204833,9.76942882530725,9.76942882530725,9.76942882530725,2.170984183401611,16.28238137551208,9.76942882530725,5.427460458504028,9.76942882530725,2.170984183401611,5.427460458504028,5.427460458504028,9.76942882530725,4.341968366803222,5.427460458504028,0.0,2.170984183401611,11.94041300870886,8.683936733606444,3.2564762751024166,3.2564762751024166,7.598444641905639,10.854920917008055,9.76942882530725,0.0,9.76942882530725,14.111397192110472,5.427460458504028,7.598444641905639,1.0854920917008055,26.051810200819332,3.2564762751024166,5.427460458504028,3.2564762751024166,5.427460458504028,7.598444641905639,9.76942882530725,6.512952550204833,13.025905100409666,3.2564762751024166,7.598444641905639,7.598444641905639,4.341968366803222,5.427460458504028,18.453365558913696,4.341968366803222,5.427460458504028,5.427460458504028,5.427460458504028,7.598444641905639,0.0,6.512952550204833,5.427460458504028,8.683936733606444,8.683936733606444,1.0854920917008055,11.94041300870886,3.2564762751024166,3.2564762751024166,2.170984183401611,9.76942882530725,5.427460458504028,1.0854920917008055
B02013,99000000342,Synthetic Census Tract 99000000342,1.0,Total:,84.11952458036681,117.76733441251355,+/-119,71.25418552689895,96.98486363383469,135.58088079423828,32.65816836649535,90.05737337427506,108.86056122165118,124.69482467207317,85.10916604601819,96.98486363383469,37.606375694752224,86.09880751166956,92.03665630557781,134.5912393285869,34.6374512977981,38.5960171604036,102.92271242774294,30.678885435192605,101.93307096209156,149.43586131335752,82.14024164906407,85.10916604601819,124.69482467207317,63.33705380168796,102.92271242774294,149.43586131335752,44.53386595431184,86.09880751166956,36.61673422910085,45.52350741996322,81.15060018341269,31.66852690084398,125.68446613772454,85.10916604601819,71.25418552689895,89.06773190862368,136.57052225988966,78.18167578645857,41.56494155735772,95.00558070253194,118.75697587816492,140.52908812249515,74.22310992385307,126.67410760337592,36.61673422910085,93.02629777122918,74.22310992385307,125.68446613772454,76.20239285515582,79.17131725210994,48.492431816917346,109.85020268730256,105.89163682469706,120.73625880946767,40.575300091706346,36.61673422910085,74.22310992385307,37.606375694752224,95.99522216818332,169.228690626385,77.1920343208072,83.12988311471544,115.7880514812108,78.18167578645857,79.17131725210994,144.48765398510065,35.627092763449475,111.8294856186053,30.678885435192605,36.61673422910085,91.04701483992643,43.54422448866047,158.3426345042199,86.09880751166956,82.14024164906407,89.06773190862368,129.64303200033004,97.97450509948607,34.6374512977981,95.99522216818332,114.79841001555943,119.7466173438163
B02013,99000000343,Synthetic Census Tract 99000000343,1.0,Total:,151.91810828849685,140.38002411468696,+/-146,85.57412428909001,158.64865738988595,99.99672950635237,116.34234875258304,118.26536278155135,152.87961530298102,121.14988382500383,100.95823652083652,76.92056115873258,250.95333078036506,139.41851710020282,81.72809623115337,190.37838886786315,175.95578365060078,138.45701008571865,174.03276962163247,116.34234875258304,196.14743095476808,158.64865738988595,156.72564336091764,142.30303814365527,155.76413634643347,96.15070144841573,133.64947501329786,130.7649539698454,241.33826063552348,200.95496602718887,120.18837681051967,76.92056115873258,206.72400811409383,147.11057321607606,87.49713831805832,199.03195199822056,184.60934678095822,187.49386782441067,179.80181170853743,74.03604011528012,151.91810828849685,126.91892591190877,156.72564336091764,180.76331872302157,148.07208023056023,99.99672950635237,142.30303814365527,170.18674156369585,198.0704449837364,178.84030469405326,96.15070144841573,76.92056115873258,206.72400811409383,170.18674156369585,73.07453310079596,165.37920649127506,172.10975559266416,136.53399605675034,192.30140289683146,149.99509425952854,173.07126260714833,170.18674156369585,152.87961530298102,129.80344695536124,149.99509425952854,96.15070144841573,163.45619246230675,163.45619246230675,227.87716243274528,267.2989500265957,125.9574188974246,75.95905414424843,142.30303814365527,154.80262933194933,94.22768741944742,140.38002411468696,144.2260521726236,173.07126260714833,187.49386782441067,97.11220846289989,103.84275756428899,134.61098202778203,152.87961530298102,188.45537483889484
B02013,99000000344,Synthetic Census Tract 99000000344,1.0,Total:,4195.027033213705,941.1788895615582,+/-923,572.049140892778,4513.172009966908,3787.1488578890867,4569.255259074043,3979.871295729969,5163.7376996096755,4044.1121083435964,4190.94825146046,4189.928556022148,4360.217694220176,4181.770992515655,4499.915969268858,4578.432518018847,4503.9947510221045,3918.689569431276,4084.8999258760587,3958.4576915254265,4288.839013538368,3837.1139343663526,4426.4978977104265,4217.46033285656,4036.974240275416,4000.2652044962,4574.353736265602,4187.889165145525,4475.4432787493815,4009.442463441004,3881.980533652061,4258.248150389021,3869.744188392322,4375.51312579485,4226.637591801364,3788.168553327398,4007.403072564381,4006.3833771260693,4136.904393229947,3543.441648132627,4162.396779187736,3614.820328814435,4443.832720161723,3834.054848051418,4392.847948246146,4409.163075259131,4164.436170064359,4145.06195673644,4119.569570778651,4427.517593148738,4161.377083749425,4645.73241694741,4066.5454079864508,3967.6349504702307,4278.642059155252,4039.0136311520387,3873.822970145568,4053.2893672884006,3944.181955389065,4119.569570778651,4671.224802905198,4690.599016233117,4182.790687953967,4223.578505486429,4532.5462232948275,4543.762873116255,3979.871295729969,4136.904393229947,4101.215052889043,3880.960838213749,4030.8560676455463,4279.661754593564,4240.913327937726,3750.439822109871,4020.659113262431,4011.481854317627,3824.877589106614,4408.143379820819,3698.435354755982,3904.4138332949146,4694.677797986364,4043.092412905285,4479.522060502627,4208.283073911755
B02013,99000000345,Synthetic Census Tract 99000000345,1.0,Total:,0.0,12.620480477620443,+/-14,8.113166021327428,0.0,0.0,0.0,0.0,0.0,0.0,0.0,0.0,0.0,0.0,0.0,0.0,0.0,0.0,0.0,0.0,0.0,0.0,0.0,0.0,0.0,0.0,0.0,0.0,0.0,0.0,0.0,0.0,0.0,0.0,0.0,0.0,0.0,0.0,0.0,0.0,0.0,0.0,0.0,0.0,0.0,0.0,0.0,0.0,0.0,0.0,0.0,0.0,0.0,0.0,0.0,0.0,0.0,0.0,0.0,0.0,0.0,0.0,0.0,0.0,0.0,0.0,0.0,0.0,0.0,0.0,0.0,0.0,0.0,0.0,0.0,0.0,0.0,0.0,0.0,0.0,0.0,0.0,0.0,0.0
B02013,99000000346,Synthetic Census Tract 99000000346,1.0,Total:,124.22857477162115,115.6281349797397,+/-121,70.71472717769204,110.85011287313888,131.87341014218245,129.00659687822198,70.71472717769204,128.0509924569018,148.11868530462522,136.65143224878327,87.91560676145498,53.513847593929114,132.82901456350262,138.56264109142361,82.18198023353399,175.83121352290996,133.7846189848228,166.27516930970833,171.05319141630915,126.13978361426149,154.80791625386638,68.80351833505172,119.45055266502034,134.74022340614295,133.7846189848228,126.13978361426149,56.3806608578896,117.53934382238002,176.7868179442301,137.60703667010344,77.40395812693319,84.09318907617433,119.45055266502034,128.0509924569018,63.069891807130745,140.47384993406394,113.71692613709936,172.0087958376293,182.5204444721511,144.29626761934458,153.8523118325462,80.27077139089367,135.69582782746312,135.69582782746312,127.09538803558165,103.20527750257757,78.35956254825335,143.3406631980244,203.54374174119468,137.60703667010344,64.98110064977107,85.04879349749449,126.13978361426149,119.45055266502034,73.58154044165254,145.25187204066475,112.7613217157792,157.67472951782685,156.7191250965067,106.07209076653807,175.83121352290996,92.69362886805578,141.42945435538408,119.45055266502034,119.45055266502034,130.9178057208623,95.56044213201628,125.18417919294133,193.98769752799305,118.49494824370018,62.11428738581058,59.24747412185009,116.58373940105986,112.7613217157792,112.7613217157792,193.03209310667287,133.7846189848228,166.27516930970833,142.38505877670426,120.40615708634051,175.83121352290996,65.93670507109123,144.29626761934458
B02013,99000000347,Synthetic Census Tract 99000000347,1.0,Total:,113.42612955223586,92.6139956894403,+/-89,56.19276142954804,124.87280317677343,62.436401588386715,120.71037640421432,121.7509830973541,61.39579489524694,88.45156891688119,133.19765672189166,93.65460238258008,120.71037640421432,103.02006262083808,131.1164433356121,116.5479496316552,105.10127600711763,123.83219648363365,140.4819035738701,94.69520907571986,84.28914214432207,125.91340986991321,129.03522994933255,156.0910039709668,112.38552285909608,55.152154736408264,141.5225102670099,121.7509830973541,52.03033465698893,140.4819035738701,204.99951854853637,109.26370277967675,132.15705002875188,116.5479496316552,92.6139956894403,121.7509830973541,130.07583664247232,108.22309608653697,114.46673624537564,111.3449161659563,87.41096222374141,113.42612955223586,129.03522994933255,123.83219648363365,124.87280317677343,97.8170291551392,87.41096222374141,105.10127600711763,147.76615042584856,110.30430947281653,109.26370277967675,69.72064844036517,60.35518820210716,174.82192444748281,140.4819035738701,94.69520907571986,135.27887010817122,112.38552285909608,147.76615042584856,124.87280317677343,107.18248939339719,108.22309608653697,67.63943505408561,109.26370277967675,104.06066931397785,124.87280317677343,110.30430947281653,115.50734293851542,159.21282405038613,119.66976971107454,131.1164433356121,87.41096222374141,71.80186182664472,156.0910039709668,93.65460238258008,107.18248939339719,167.53767759550436,100.93884923455852,135.27887010817122,136.319476801311,141.5225102670099,126.95401656305299,64.51761497466627,152.96918389154746
B02013,99000000348,Synthetic Census Tract 99000000348,1.0,Total:,37.989896320712546,41.0701581845541,+/-40,24.642094910732464,22.58858700150476,40.04340422994025,24.642094910732464,35.93638841148484,31.829372593029433,15.40130931920779,29.77586468380173,32.856126547643285,53.39120563992034,37.989896320712546,59.55172936760346,51.33769773069263,37.989896320712546,32.856126547643285,27.72235677457402,46.20392795762337,45.17717400300952,56.47146750376189,52.364451685306484,53.39120563992034,55.44471354914804,52.364451685306484,30.80261863841558,36.963142366098694,17.454817228435495,39.0166502753264,41.0701581845541,23.61534095611861,31.829372593029433,47.23068191223722,26.69560281996017,28.749110729187876,64.68549914067272,49.28418982146493,24.642094910732464,49.28418982146493,37.989896320712546,41.0701581845541,24.642094910732464,28.749110729187876,20.53507909227705,21.561833046890907,49.28418982146493,33.88288050225714,56.47146750376189,35.93638841148484,32.856126547643285,48.257435866851075,37.989896320712546,47.23068191223722,52.364451685306484,56.47146750376189,19.5083251376632,31.829372593029433,53.39120563992034,41.0701581845541,28.749110729187876,31.829372593029433,39.0166502753264,57.49822145837575,52.364451685306484,27.72235677457402,47.23068191223722,40.04340422994025,36.963142366098694,61.60523727683116,33.88288050225714,47.23068191223722,10.267539546138526,34.90963445687099,27.72235677457402,28.749110729187876,51.33769773069263,46.20392795762337,49.28418982146493,47.23068191223722,22.58858700150476,23.61534095611861,23.61534095611861,25.668848865346316
B02013,99000000349,Synthetic Census Tract 99000000349,1.0,Total:,237.91037812334608,190.76684697448027,+/-174,116.21428608790177,149.10512177315698,234.62129455482057,222.56132147022697,169.93598437381863,328.9083568525522,257.6448795344992,131.56334274102088,259.8376019135162,228.0431274177695,163.35781723676757,233.52493336531205,217.07951552268443,316.8483837679586,252.16307358695667,197.3450141115313,283.9575480827034,232.42857217580354,304.78841068336504,237.91037812334608,200.63409768005684,288.3429928407374,242.2958228813801,245.58490644990562,180.8995962689037,278.47574213516083,242.2958228813801,302.595688304348,297.11388235680545,344.25741350567125,296.01752116729693,128.27425917249533,208.30862600661638,146.91239939413998,325.61927328402663,245.58490644990562,186.38140221644622,218.17587671219295,166.64690080529311,288.3429928407374,168.8396231843101,308.0774942518905,243.39218407088862,181.9959574584122,189.67048578497176,179.8032350793952,282.8611868931949,219.27223790170146,276.2830197561438,340.96832993714577,306.981133062382,123.88881441446132,241.1994616918716,194.0559305430058,286.15027046172037,178.70687388988668,214.88679314366743,290.5357152197544,165.5505396157846,337.6792463686202,195.1522917325143,165.5505396157846,215.98315433317592,223.65768265973549,162.26145604725906,368.37735967485844,268.60849142958426,183.0923186479207,297.11388235680545,242.2958228813801,132.6597039305294,256.54851834499067,211.5977095751419,309.17385544139904,281.76482570368637,220.36859909120994,311.36657782041607,225.85040503875248,287.2466316512289,184.18867983742922,221.46496028071846
B02013,99000000350,Synthetic Census Tract 99000000350,1.0,Total:,15.361073128974134,25.601788548290223,+/-25,15.361073128974134,16.385144670905742,20.48143083863218,19.45735929670057,13.312930045110916,3.0722146257948264,22.529573922495395,2.0481430838632178,16.385144670905742,17.40921621283735,15.361073128974134,16.385144670905742,14.337001587042524,18.43328775476896,19.45735929670057,4.0962861677264355,19.45735929670057,16.385144670905742,4.0962861677264355,5.120357709658045,22.529573922495395,19.45735929670057,30.722146257948268,18.43328775476896,20.48143083863218,33.794360883743096,24.57771700635861,21.505502380563787,31.746217799879876,3.0722146257948264,13.312930045110916,4.0962861677264355,11.264786961247697,21.505502380563787,15.361073128974134,20.48143083863218,6.144429251589653,27.64993163215344,25.601788548290223,14.337001587042524,11.264786961247697,18.43328775476896,10.24071541931609,3.0722146257948264,17.40921621283735,24.57771700635861,12.288858503179306,33.794360883743096,22.529573922495395,19.45735929670057,22.529573922495395,17.40921621283735,30.722146257948268,18.43328775476896,5.120357709658045,19.45735929670057,17.40921621283735,30.722146257948268,28.674003174085048,22.529573922495395,15.361073128974134,4.0962861677264355,14.337001587042524,19.45735929670057,7.168500793521262,13.312930045110916,14.337001587042524,15.361073128974134,1.0240715419316089,19.45735929670057,18.43328775476896,20.48143083863218,20.48143083863218,6.144429251589653,19.45735929670057,20.48143083863218,23.553645464427003,5.120357709658045,15.361073128974134,17.40921621283735,17.40921621283735
B02013,99000000351,Synthetic Census Tract 99000000351,1.0,Total:,161.27119030553857,170.2307008780685,+/-171,103.53212217145685,79.64009397804374,203.0822396440115,116.47363744288896,205.0732419934626,212.04175021654143,194.1227290714816,269.7808183506231,144.34767033520427,180.18571262532396,198.10473377038377,156.29368443191083,142.35666798575318,165.25319500444076,184.16771732422615,131.40615506377216,94.57261159892694,88.59960455057366,141.36116681102763,156.29368443191083,101.54111982200575,89.5951057252992,205.0732419934626,155.2981832571853,237.92478075940565,215.02825374071807,161.27119030553857,223.987764313248,89.5951057252992,155.2981832571853,130.4106538890466,174.21270557697068,90.59060690002475,192.1317267220305,243.89778780775893,182.17671497477505,129.41515271432107,71.67608458023936,111.49613156926122,152.31167973300865,159.28018795608747,258.83030542864213,50.77055991100288,158.28468678136193,105.52312452090794,82.62659750222038,148.32967503410646,72.67158575496491,192.1317267220305,174.21270557697068,165.25319500444076,185.1632184989517,210.05074786709034,153.3071809077342,123.44214566596779,126.42864919014443,208.05974551763924,224.98326548797354,121.45114331651669,205.0732419934626,167.24419735389185,249.8707948561122,88.59960455057366,160.27568913081302,54.752564609905065,122.44664449124224,176.20370792642177,76.6535904538671,241.90678545830784,124.43764684069333,215.02825374071807,161.27119030553857,191.13622554730495,141.36116681102763,71.67608458023936,145.34317150992982,217.01925609016916,230.95627253632682,176.20370792642177,155.2981832571853,153.3071809077342
B02013,99000000352,Synthetic Census Tract 99000000352,1.0,Total:,696.6136713655626,361.9865603470597,+/-344,219.92788114109152,553.5027056469576,734.4959858204875,659.7836434232745,745.0188509468554,780.7965923765067,490.3655148887495,771.3260137627755,564.0255707733256,715.554828593025,745.0188509468554,600.8555987156136,491.4178014013863,634.5287671199914,692.4045253150153,732.3914127952138,667.1496490117322,860.7703673369036,598.75102569034,694.509098340289,569.2870033365097,820.7834798567052,730.2868397699402,645.0516322463593,445.117194845367,659.7836434232745,646.1039187589961,777.6397328385963,867.0840864127244,587.1758740513352,893.3912492286445,820.7834798567052,558.7641382101416,651.3653513221801,798.6854630913324,817.6266203187947,785.0057384270539,722.9208341814826,486.1563688382023,731.339126282577,699.7705309034731,674.5156546001898,786.0580249396908,746.0711374594923,883.9206706149133,656.6267838853641,595.5941661524297,709.2411095172042,396.7120152640742,641.894772708449,823.9403393946155,590.3327335892457,611.3784638419817,758.6985756111338,524.0386832931272,816.5743338061579,507.2020990909383,657.6790703980009,740.8097048963083,571.3915763617832,552.4504191343208,929.1689906582957,886.0252436401869,652.4176378348169,609.2738908167081,755.5417160732235,753.4371430479499,634.5287671199914,691.3522388023786,604.0124582535241,710.293396029841,737.6528453583978,709.2411095172042,564.0255707733256,641.894772708449,706.0842499792938,749.2279969974027,641.894772708449,629.2673345568073,792.3717440155116,671.3587950622793
B02013,99000000353,Synthetic Census Tract 99000000353,1.0,Total:,1051.4876038842046,384.71694448384056,+/-356,234.50442964323992,1209.2647777455552,904.5170857667825,1084.9882366903819,876.4197808325695,812.6605119433935,1010.422312057278,1025.5516300987772,867.774456237427,1064.4555907769184,854.8064693447133,1099.0368891574883,1027.7129612475628,1151.9895023027361,1056.8909317561688,1174.6834793649853,1207.1034465967696,1123.892197368523,1045.0036104378478,1066.616921925704,1185.4901351089134,1080.6655743928106,932.6143907009956,1154.1508334515217,1221.152099063876,861.2904627910701,812.6605119433935,988.8090005694218,942.3403808705309,1213.5874400431264,998.534990738957,978.0023448254937,1115.2468727733806,1144.4248432819866,1033.116289119527,1130.37619081488,1145.5055088563793,1064.4555907769184,1013.6643087804564,1179.0061416625565,966.1150235071727,895.8717611716401,1130.37619081488,820.2251709641432,825.6284988361073,1162.7961580466642,1118.4888694965591,1014.7449743548492,1042.8422792890622,907.759082489961,1133.6181875380585,1092.5528957111314,892.6297644484616,894.7910955972472,1008.2609809084923,1051.4876038842046,1012.5836432060636,1099.0368891574883,978.0023448254937,1030.9549579707414,1013.6643087804564,981.2443415486721,1330.29932207755,829.9511611336786,1029.8742923963484,1062.2942596281327,984.4863382718505,1063.3749252025257,1193.054794129663,1070.9395842232752,1231.958754807804,1128.2148596660943,1241.6847449773395,1113.085541624595,1105.5208826038452,915.3237415107106,1036.3582858427053,1239.5234138285539,1026.6322956731701,1186.570800683306,997.4543251645642
B02013,99000000354,Synthetic Census Tract 99000000354,1.0,Total:,426.0087892522175,321.5948703178505,+/-308,195.25402840726636,534.5992649439593,266.25549328263594,342.4776541047239,518.9371771038042,348.7424892407859,535.643404133303,571.1441365709877,541.9082392693649,478.21574871940106,355.007324376848,355.007324376848,357.0956027555353,418.6998149268118,467.77435682596433,447.9357122284346,323.68314869653784,294.44725139491504,482.39230547677573,456.28882574318396,360.2280203235663,523.1137338611788,384.2432216784707,332.0362622112872,344.56593248341125,550.2613527841144,608.7331473873598,398.8611703292821,396.7728919505948,269.38791085066697,403.0377270866568,305.93278247769547,422.87637168418655,575.3206933283624,389.4639176251891,576.3648325177061,569.0558581923004,435.40604195631056,379.02252573175235,361.27215951291,338.30109734734924,295.49139058425874,504.31922845299283,595.1593379258921,506.40750683168017,453.156408175153,355.007324376848,263.12307571460497,284.00585950147837,479.25988790874476,579.497250085737,540.8641000800213,406.1701446546878,364.404577080941,478.21574871940106,408.25842303337515,417.6556757374682,543.9965176480523,507.45164602102386,329.94798383259985,497.01025412758713,379.02252573175235,468.818496015308,534.5992649439593,414.52325816943716,320.5507311285068,353.9631851875043,362.3162987022536,475.08333115137003,514.7606203464295,583.6738068431118,574.2765541390188,555.4820487308327,362.3162987022536,311.1534784244138,178.54780137776766,357.0956027555353,365.44871627028465,417.6556757374682,555.4820487308327,421.83223249484286
B02013,99000000355,Synthetic Census Tract 99000000355,1.0,Total:,65.55853468259257,87.41137957679008,+/-80,53.53946999078393,31.686625096586404,76.48495712969132,22.945487138907396,72.11438815085182,43.70568978839504,109.2642244709876,99.43044426859872,79.76288386382095,63.37325019317281,79.76288386382095,21.85284489419752,77.5775993744012,86.3187373320802,25.13077162832715,56.81739672491355,77.5775993744012,65.55853468259257,76.48495712969132,29.501340607166654,39.335120809555534,72.11438815085182,89.59666406620984,73.20703039556169,96.1525175344691,37.14983632013578,67.74381917201231,71.02174590614194,69.92910366143207,115.82007793924686,43.70568978839504,64.46589243788269,77.5775993744012,108.17158222627772,57.91003896962343,92.87459080033946,105.98629773685798,32.77926734129628,33.871909586006154,84.13345284266046,81.9481683532407,28.408698362456775,98.33780202388884,26.223413873037025,62.28060794846294,49.16890101194442,116.91272018395674,101.61572875801848,98.33780202388884,72.11438815085182,78.67024161911107,21.85284489419752,89.59666406620984,91.78194855562958,18.57491816006789,57.91003896962343,86.3187373320802,73.20703039556169,62.28060794846294,25.13077162832715,37.14983632013578,80.85552610853082,68.83646141672219,60.09532345904318,95.05987528975922,31.686625096586404,75.39231488498145,66.65117692730244,71.02174590614194,109.2642244709876,36.05719407542591,75.39231488498145,65.55853468259257,103.80101324743822,57.91003896962343,102.70837100272834,123.468573652216,40.42776305426541,43.70568978839504,79.76288386382095,66.65117692730244
B02013,99000000356,Synthetic Census Tract 99000000356,1.0,Total:,0.0,14.789614478066898,+/-14,9.50760930732872,0.0,0.0,0.0,0.0,0.0,0.0,0.0,0.0,0.0,0.0,0.0,0.0,0.0,0.0,0.0,0.0,0.0,0.0,0.0,0.0,0.0,0.0,0.0,0.0,0.0,0.0,0.0,0.0,0.0,0.0,0.0,0.0,0.0,0.0,0.0,0.0,0.0,0.0,0.0,0.0,0.0,0.0,0.0,0.0,0.0,0.0,0.0,0.0,0.0,0.0,0.0,0.0,0.0,0.0,0.0,0.0,0.0,0.0,0.0,0.0,0.0,0.0,0.0,0.0,0.0,0.0,0.0,0.0,0.0,0.0,0.0,0.0,0.0,0.0,0.0,0.0,0.0,0.0,0.0,0.0
B02013,99000000357,Synthetic Census Tract 99000000357,1.0,Total:,46.15449236905257,35.420889492528715,+/-33,21.467205753047708,54.741374670271654,56.88809524557642,45.081132081400185,57.96145553322881,62.254896683838346,45.081132081400185,49.37457323200972,33.274168917223946,57.96145553322881,49.37457323200972,46.15449236905257,28.980727766614404,67.62169812210027,44.0077717937478,45.081132081400185,37.567610067833485,28.980727766614404,45.081132081400185,39.714330643138254,53.66801438261927,36.4942497801811,64.40161725914312,56.88809524557642,47.227852656704954,55.81473495792404,42.934411506095415,56.88809524557642,50.44793351966211,37.567610067833485,52.594654094966884,45.081132081400185,51.52129380731449,49.37457323200972,65.4749775467955,54.741374670271654,38.64097035548587,33.274168917223946,49.37457323200972,50.44793351966211,64.40161725914312,54.741374670271654,39.714330643138254,35.420889492528715,42.934411506095415,32.20080862957156,44.0077717937478,48.30121294435734,39.714330643138254,45.081132081400185,49.37457323200972,48.30121294435734,40.787690930790646,55.81473495792404,39.714330643138254,41.86105121844303,81.57538186158129,52.594654094966884,47.227852656704954,50.44793351966211,49.37457323200972,67.62169812210027,47.227852656704954,53.66801438261927,28.980727766614404,52.594654094966884,48.30121294435734,44.0077717937478,61.18153639618596,47.227852656704954,63.32825697149074,44.0077717937478,72.9884995603622,62.254896683838346,37.567610067833485,60.10817610853358,35.420889492528715,32.20080862957156,50.44793351966211,35.420889492528715,60.10817610853358
B02013,99000000358,Synthetic Census Tract 99000000358,1.0,Total:,59.06053211115056,58.13771129691383,+/-63,35.067190940995644,71.05720269622802,59.98335292538729,39.681295012179284,80.28541083859528,73.82566513893819,35.99001175523237,54.44642803996692,47.98668234030983,78.43976921012184,47.0638615260731,78.43976921012184,47.0638615260731,73.82566513893819,57.214890482677106,44.295399083362916,76.59412758164838,97.81900630909311,75.67130676741165,71.05720269622802,65.52027781080766,56.29206966844038,74.74848595317492,41.526936640652735,59.06053211115056,63.6746361823342,50.75514478302001,69.21156106775456,42.449757454889465,73.82566513893819,52.600786411493466,52.600786411493466,74.74848595317492,57.214890482677106,44.295399083362916,22.147699541681458,46.141040711836375,98.74182712332984,48.909503154546556,61.82899455386074,50.75514478302001,82.13105246706874,71.98002351046475,58.13771129691383,43.372578269126194,71.05720269622802,50.75514478302001,62.75181536809747,95.97336468061965,40.604115826416006,47.98668234030983,79.36259002435857,104.2787520087502,66.44309862504437,73.82566513893819,59.98335292538729,31.375907684048734,41.526936640652735,69.21156106775456,66.44309862504437,22.147699541681458,87.6679773524891,70.13438188199129,70.13438188199129,35.99001175523237,63.6746361823342,42.449757454889465,49.832323968783285,93.20490223790948,46.141040711836375,62.75181536809747,55.36924885420365,72.90284432470148,70.13438188199129,64.59745699657093,50.75514478302001,11.996670585077457,59.06053211115056,60.90617373962401,65.52027781080766,57.214890482677106
B02013,99000000359,Synthetic Census Tract 99000000359,1.0,Total:,119.29902786825836,92.09047765269067,+/-88,56.51006583233291,154.87943968861612,87.90454685029563,138.135716479036,158.0188877904124,118.2525451676596,108.83420086227079,117.20606246706085,132.90330297604223,151.73999158681985,87.90454685029563,117.20606246706085,109.88068356286955,91.04399495209191,77.43971984430806,118.2525451676596,137.08923377843723,144.41461268262856,84.76509874849937,143.36812998202979,104.64827005987576,130.8103375748447,128.7173721736472,85.81158144909813,68.02137553891924,93.13696035328942,120.34551056885712,181.04150720358507,111.97364896406707,78.48620254490682,168.48371479639997,94.18344305388818,115.11309706586333,162.2048185928074,151.73999158681985,127.67088947304842,100.46233925748072,92.09047765269067,163.2513012934062,118.2525451676596,113.02013166466583,106.74123546107327,122.43847597005464,100.46233925748072,148.60054348502356,170.57668019759748,145.4610953832273,151.73999158681985,118.2525451676596,111.97364896406707,108.83420086227079,128.7173721736472,97.32289115568446,84.76509874849937,83.71861604790061,88.95102955089439,108.83420086227079,137.08923377843723,104.64827005987576,138.135716479036,137.08923377843723,158.0188877904124,111.97364896406707,117.20606246706085,83.71861604790061,68.02137553891924,103.601787359277,107.78771816167203,81.6256506467031,98.36937385628322,136.0427510778385,80.57916794610433,104.64827005987576,187.32040340717762,154.87943968861612,163.2513012934062,146.50757808382608,101.50882195807948,160.11185319160992,115.11309706586333,121.39199326945588
B02013,99000000360,Synthetic Census Tract 99000000360,1.0,Total:,1267.626760298723,363.59052828521436,+/-368,221.31597373882613,1284.423061877116,1314.0635940742802,1330.8598956526732,1329.8718779127678,1005.8020592237723,1210.3217313842053,1289.3631505766434,1346.6681794911608,1238.9742458414642,1108.5559041739416,1424.7215809436932,1218.2258733034491,1290.3511683165489,1300.2313457156035,1037.4186269007475,1291.3391860564543,1443.4939180018973,1212.2977668640165,1093.7356380753595,1187.5973233663794,1072.9872655373445,1179.6931814471357,1382.236818127758,1276.5189199578722,1225.1419974827875,1312.0875585944693,1383.2248358676634,1339.7520553118225,1281.4590086573996,1319.0036827738074,1245.8903700208025,1157.9567911692154,1164.8729153485535,1158.9448089091209,1136.220400891295,1401.0091551859618,1155.9807556894043,1368.4045697690813,1406.9372616253947,1288.3751328367377,1400.0211374460564,1507.715071095753,1015.6822366228271,1388.1649245671906,1371.3686229887976,1203.405607204867,1245.8903700208025,1319.991700513713,1335.7999843522007,1287.3871150968323,1240.950281321275,1338.764037571917,1266.6387425588175,1473.1344501990613,1119.4240993129017,1215.2618200837328,1236.0101926217478,1058.1669994387626,1294.3032392761706,1265.650724818912,1244.902352280897,1111.519957393658,1291.3391860564543,1343.7041262714445,1416.8174390244494,1226.130015222693,1079.9033897166828,1251.8184764602354,1319.991700513713,1412.8653680648276,1164.8729153485535,1192.537412065907,1203.405607204867,1128.3162589720512,1255.7705474198572,1137.2084186312004,1124.3641880124292,1124.3641880124292,1204.3936249447727,1250.83045872033
B02013,99000000361,Synthetic Census Tract 99000000361,1.0,Total:,557.8626597862047,538.660865337042,+/-533,327.44112639625064,795.3585384995347,752.91246655928,721.5832229843301,702.3814285351673,429.5138232049584,532.5971407741484,601.3193524869417,713.498256900472,368.87657757602307,634.6698375828562,604.3512147683886,316.32429803094584,496.21479339678723,560.8945220676516,435.5775477678519,592.2237656426014,648.8185282296078,581.1069372772967,366.85533605505856,270.84636380924434,620.5211469361046,602.3299732474239,635.6804583433384,541.6927276184887,522.4909331693259,338.55795476155544,812.5390914277331,519.4590708878791,552.8095559837935,720.5726022238479,751.9018457987977,519.4590708878791,263.77201848586856,268.82512228827983,680.1477718045576,865.0913709728103,349.67478312686023,829.7196443559313,543.7139691394532,519.4590708878791,790.3054346971235,720.5726022238479,810.5178499067686,719.5619814633656,365.8447152945763,634.6698375828562,636.6910791038207,817.5921952301443,407.2801664743488,558.873280546687,547.7564521813822,347.6535416058957,522.4909331693259,553.8201767442757,349.67478312686023,485.09796503148243,634.6698375828562,699.3495662537205,397.17395886952625,284.9950544559959,506.3210010016098,479.0342404685889,638.7123206247852,440.6306515702632,545.7352106604177,257.70829392297503,932.8029619251214,536.6396238160775,589.1919033611547,675.0946680021464,713.498256900472,578.0750749958498,372.9190606179521,236.48525795284766,710.4663946190253,765.0399156850671,364.83409453409405,777.1673648108541,553.8201767442757,541.6927276184887
B02013,99000000362,Synthetic Census Tract 99000000362,1.0,Total:,65.97251084137417,64.9416903594777,+/-63,39.17117831206592,79.37317710602831,67.00333132327064,44.325280721548275,89.68138192499302,82.46563855171772,40.20199879396239,60.81840843189182,53.602665058616516,87.61974096120008,52.571844576720046,87.61974096120008,52.571844576720046,82.46563855171772,63.910869877581234,49.47938313103063,85.55809999740713,109.26697108102597,84.52727951551066,79.37317710602831,73.18825421464948,62.88004939568476,83.49645903361419,46.386921685341214,65.97251084137417,71.12661325085654,56.69512650430593,77.31153614223535,47.41774216723769,82.46563855171772,58.75676746809887,58.75676746809887,83.49645903361419,63.910869877581234,49.47938313103063,24.739691565515315,51.54102409482357,110.29779156292244,54.633485540512986,69.06497228706358,56.69512650430593,91.74302288878596,80.40399758792478,64.9416903594777,48.44856264913416,79.37317710602831,56.69512650430593,70.09579276896005,107.20533011723303,45.356101203444744,53.602665058616516,88.65056144309655,116.48271445430127,74.21907469654595,82.46563855171772,67.00333132327064,35.047896384480026,46.386921685341214,77.31153614223535,74.21907469654595,24.739691565515315,97.92794578016479,78.34235662413184,78.34235662413184,40.20199879396239,71.12661325085654,47.41774216723769,55.66430602240946,104.11286867154362,51.54102409482357,70.09579276896005,61.84922891378829,81.43481806982125,78.34235662413184,72.157433732753,56.69512650430593,13.400666264654129,65.97251084137417,68.03415180516711,73.18825421464948,63.910869877581234
B02013,99000000363,Synthetic Census Tract 99000000363,1.0,Total:,467.12221096665564,347.8802414224742,+/-318,212.2288265281761,455.0886177099034,461.6523958499501,505.41091678359464,515.2565839936647,614.807219117706,474.77995213004345,305.2156835121708,449.6188025931978,281.1484969986663,574.3305872540848,249.42356932177398,508.692805853618,294.27605327875966,382.8870581693899,586.3641805108371,647.6261098179394,631.2166644678227,305.2156835121708,541.5116965538514,660.7536660980328,361.0077977025676,243.9537542050684,563.3909570206737,522.9143251570524,462.74635887329123,632.3106274911638,426.64557910303444,653.095924934645,493.3773235268424,505.41091678359464,445.2429504998334,416.7999118929644,525.1022512037347,394.9206514261421,437.5852093364456,417.89387491630555,417.89387491630555,514.1626209703236,502.1290277135713,438.6791723597867,517.4445100403469,543.6996226005336,415.7059488696233,600.5856998142716,577.6124763241081,393.82668840280104,391.6387623561188,420.08180096298776,369.75950188929653,575.424550277426,435.3972832897634,449.6188025931978,440.8670984064689,451.8067286398801,536.0418814371459,610.4313670243416,453.9946546865623,308.49757258219415,452.90069166322115,458.37050677992676,386.1689472394132,284.43038606868964,622.4649602810938,615.9011821410471,474.77995213004345,618.0891081877294,462.74635887329123,577.6124763241081,585.270217487496,574.3305872540848,521.8203621337113,308.49757258219415,529.4781032970991,277.86660792864296,490.095434456819,453.9946546865623,257.0813104851618,513.0686579469824,499.9411016668891,597.3038107442483
B02013,99000000364,Synthetic Census Tract 99000000364,1.0,Total:,64.71802136089318,63.621105744606844,+/-58,38.39204657002137,88.85016491919232,66.91185259346582,34.004384104876074,58.13652766317522,66.91185259346582,77.88100875632907,62.52419012832052,99.81932108205557,73.49334629118377,21.9383123257265,32.90746848858975,57.0396120468889,66.91185259346582,75.68717752375642,63.621105744606844,83.3655868377607,71.29951505861112,100.91623669834189,88.85016491919232,39.488962186307695,86.65633368661967,51.55503396545727,51.55503396545727,62.52419012832052,80.07483998890172,76.78409314004274,78.97792437261539,61.427274512034195,57.0396120468889,39.488962186307695,32.90746848858975,36.19821533744872,58.13652766317522,69.10568382603847,54.84578081431625,63.621105744606844,57.0396120468889,72.39643067489745,87.753249302906,29.616721639730773,82.26867122147438,53.748865198029925,42.779709035166675,65.8149369771795,65.8149369771795,75.68717752375642,72.39643067489745,96.5285742331966,52.651949581743594,36.19821533744872,28.51980602344445,47.16737150031197,83.3655868377607,39.488962186307695,58.13652766317522,83.3655868377607,61.427274512034195,84.46250245404703,65.8149369771795,35.1012997211624,92.1409117680513,51.55503396545727,46.07045588402565,73.49334629118377,82.26867122147438,68.00876820975215,62.52419012832052,66.91185259346582,43.876624651453,44.973540267739324,42.779709035166675,52.651949581743594,70.2025994423248,53.748865198029925,41.68279341888035,80.07483998890172,96.5285742331966,75.68717752375642,92.1409117680513,20.841396709440176
B02013,99000000365,Synthetic Census Tract 99000000365,1.0,Total:,117.79041483900248,74.69636062961132,+/-78,45.96699115668389,97.67985620795328,152.26565820651538,145.56213866283233,139.81626476824684,135.98568217185652,94.80691926066054,134.07039087366135,120.66335178629522,131.1974539263686,132.15509957546618,99.59514750614844,82.35752582239198,118.74806048810005,134.07039087366135,122.57864308449038,113.95983224261215,104.38337575163634,140.7739104173444,124.49393438268554,155.13859515380813,101.5104388043436,167.5879885920767,120.66335178629522,147.4774299610275,128.32451697907587,52.67051070036696,121.6209974353928,98.63750185705085,135.02803652275892,144.60449301373475,100.55279315524602,55.543447647659704,123.53628873358797,83.31517147148955,94.80691926066054,127.36687132997828,101.5104388043436,164.71505164478395,109.17160399712425,129.28216262817344,121.6209974353928,146.5197843119299,133.11274522456378,126.40922568088071,123.53628873358797,123.53628873358797,142.68920171553958,102.46808445344118,152.26565820651538,122.57864308449038,110.12924964622182,98.63750185705085,112.044540944417,112.044540944417,121.6209974353928,115.87512354080731,109.17160399712425,88.10339971697746,93.84927361156295,114.91747789170974,100.55279315524602,159.92682339929604,122.57864308449038,121.6209974353928,116.8327691899049,86.18810841878229,134.07039087366135,134.07039087366135,113.95983224261215,125.45158003178312,131.1974539263686,75.6540062787089,114.91747789170974,90.01869101517262,113.95983224261215,156.09624080290573,126.40922568088071,142.68920171553958,106.29866704983151,148.43507561012507
B02013,99000000366,Synthetic Census Tract 99000000366,1.0,Total:,3231.3194093181696,893.9250973623961,+/-854,543.2636130340558,2936.1357120626712,3088.961314187858,3474.165571599289,3184.215627841228,2938.2292134616464,2697.476552579502,2989.519997736538,3431.248792920298,2837.7411463108383,3283.656944292549,3306.6854596812755,3057.558793203231,3228.1791572197067,3348.555487660779,3650.0196891132027,3503.4745911849413,3216.6648995253436,3635.3651793203767,2954.9772246534476,3509.755095381867,3180.0286250432778,3596.635403439336,3176.8883729448153,3463.698064604413,3483.586327894677,2855.5359082021273,3297.264703385887,2605.362491024595,3093.1483169858084,2817.852883020574,3343.321734163341,3520.2226023767425,3630.1314258229386,3639.552182118327,2957.0707260524227,3072.213302996057,2891.125431984705,3368.443750951043,3641.645683517302,3288.8906977899865,2824.1333872174996,3616.5236667296003,3146.5326026596754,3378.911257945919,3607.102910434212,2732.019325662592,3144.4391012607,3323.4334708730767,3307.7322103807633,2929.8552078657453,3120.363835172486,3180.0286250432778,2903.6864403785557,3416.594283127472,3424.9682887233726,3443.809801314149,3331.8074764689777,3139.205347763262,3363.209997453605,3666.767700305004,3031.3900257160412,3265.86218240126,3676.1884566003923,3466.8383167028755,3350.648989059754,3030.3432750165534,3704.450725486557,2928.808457166258,3314.0127145776887,3185.262378540716,2984.2862442390997,3155.9533589550633,3372.6307537489934,3021.969269420653,2959.164227451398,3205.15064183098,2908.920193875994,3284.703694992036,3390.4255156402824,3829.0140587255796
B02013,99000000367,Synthetic Census Tract 99000000367,1.0,Total:,77.69975636144198,96.59969709800895,+/-92,58.79981562487501,73.49976953109376,60.89980904004912,120.74962137251119,70.34977940833261,26.249917689676344,74.54976623868082,103.94967405111832,109.19965758905359,94.49970368283483,87.14972672972546,99.74968722077011,56.699822209700905,96.59969709800895,36.74988476554688,45.14985842624331,93.44970697524778,48.29984854900447,111.2996510042277,73.49976953109376,93.44970697524778,74.54976623868082,64.04979916281027,138.5995654014911,66.14979257798439,29.399907812437505,66.14979257798439,109.19965758905359,135.44957527872992,70.34977940833261,82.94973989937725,115.49963783457592,55.64982550211385,88.19972343731251,36.74988476554688,43.0498650110692,92.39971026766074,48.29984854900447,107.09966417387949,77.69975636144198,77.69975636144198,85.04973331455136,64.04979916281027,40.9498715958951,80.84974648420314,117.59963124975002,56.699822209700905,52.49983537935269,46.19985513383037,61.94980574763617,86.0997300221384,33.59989464278572,122.8496147876853,101.84968063594421,116.54963454216296,125.99960491044645,110.24965429664064,129.14959503320762,47.24985184141742,83.9997366069643,68.2497859931585,88.19972343731251,65.09979587039733,43.0498650110692,79.79974977661608,116.54963454216296,58.79981562487501,46.19985513383037,47.24985184141742,67.19978928557144,87.14972672972546,32.549897935198665,133.34958186355584,82.94973989937725,101.84968063594421,120.74962137251119,69.29978270074555,149.09953247736163,48.29984854900447,61.94980574763617,82.94973989937725
B02013,99000000368,Synthetic Census Tract 99000000368,1.0,Total:,2503.698212154321,1237.7942767793527,"+/-1,277",753.1449906480478,2721.7903909134084,2102.408603237601,2654.9087894272884,1991.9085659996633,2645.2158037046624,2692.71143374553,2107.255096098914,1626.4830042566593,2322.439379141213,2492.06662928717,2574.4570079294917,1975.4304902711988,2712.0974051907824,2547.3166479061388,2698.5272251791057,2796.4263809776294,2849.737802452073,3225.8256484899657,2870.0930724695877,3101.7554312403513,2152.8121289952564,2351.5183363090914,2347.641142020041,1799.9874486916665,2642.3079079878744,2738.2684666418727,2100.4700060930754,1883.347125906251,2226.4788204872148,2459.110477830241,2541.500856472563,2322.439379141213,2399.0139663499594,2976.7159154184747,2160.5665175733575,2893.3562382038904,2997.0711854359897,2950.5448539673844,2474.619254986443,2713.066703763045,2653.9394908550257,2120.8252761105905,2308.869199129537,2369.935009182081,2974.7773182739497,2791.5798881163164,1780.6014772464143,1647.8075728464366,1774.7856858128387,2634.5535194097733,2510.4833021601594,1975.4304902711988,2596.7508750915317,2784.794798110478,2755.7158409425997,2845.8606081630223,2881.724655336739,2793.5184852608418,2563.794723634603,2683.9877465951668,2424.215729228787,2397.075369205434,2399.983264922222,2070.421750352935,2750.8693480812867,2726.6368837747214,2321.4700805689504,1604.1891370946194,1872.6848416113621,2572.5184107849664,2342.794649158728,2064.605958919359,2454.263984968928,2727.606182346984,2820.6588452841947,2993.1939911469394,3166.6984355819463,2588.0271879411684,2751.8386466535494,2584.1499936521177
B02013,99000000369,Synthetic Census Tract 99000000369,1.0,Total:,108.19855273182277,64.7341768480991,+/-70,39.7652800638323,86.92875176744735,153.51247652549213,105.42423086690424,121.14538810144259,112.82242250668699,139.64086720089946,136.86654533598093,67.50849871301763,130.39312765117103,99.87558713706717,98.02603922712149,91.55262154231157,127.6188057862525,120.22061414646974,100.80036109204002,96.1764913171758,75.83146430777323,104.49945691193139,97.10126527214864,111.89764855171416,115.59674437160552,115.59674437160552,100.80036109204002,86.92875176744735,89.70307363236589,114.67197041663267,91.55262154231157,94.3269434072301,110.9728745967413,99.87558713706717,116.52151832657837,117.44629228155121,100.80036109204002,96.1764913171758,89.70307363236589,135.01699742603526,136.86654533598093,86.92875176744735,128.54357974122536,107.27377877684992,86.00397781247452,97.10126527214864,105.42423086690424,150.7381546605736,121.14538810144259,100.80036109204002,118.37106623652406,81.38010803761028,106.34900482187709,127.6188057862525,84.15442990252882,83.22965594755598,109.12332668679562,112.82242250668699,122.07016205641544,97.10126527214864,88.77829967739305,116.52151832657837,104.49945691193139,98.02603922712149,133.16744951608956,80.45533408263745,143.33996302079086,90.62784758733874,76.75623826274607,104.49945691193139,61.03508102820772,140.56564115587233,102.6499090019857,127.6188057862525,111.89764855171416,115.59674437160552,80.45533408263745,79.5305601276646,122.07016205641544,122.99493601138828,121.14538810144259,142.415189065818,117.44629228155121,120.22061414646974
B02013,99000000370,Synthetic Census Tract 99000000370,1.0,Total:,683.8666122190294,314.23352965177185,+/-346,190.71977233200025,751.0726272312581,843.7079452210868,742.8989227027438,650.2636047129151,542.1890670581149,615.7524078147436,811.0131271070296,818.2786422434867,656.6209304573151,626.6506805194293,530.3826049613721,506.76968076788637,741.9907333106867,830.0851043402296,655.712741065258,581.2412109165722,767.4200362882867,693.856695531658,481.3403777902863,780.1346877770867,733.8170287821723,693.856695531658,639.3653320082294,573.975695780115,561.261044291315,669.3355819461151,687.499369787258,757.4299529756581,694.7648849237152,625.7424911273722,655.712741065258,665.7028243778866,801.9312331864581,845.524324005201,695.6730743157723,694.7648849237152,735.6334075662867,598.4968093656579,608.4868926782865,786.4920135214867,768.3282256803438,840.9833770449153,664.7946349858294,606.6705138941722,535.8317413137149,736.5415969583438,797.3902862261724,700.214021276058,517.6679534725721,567.618370035715,630.2834380876579,645.7226577526294,768.3282256803438,829.1769149481725,649.3554153208579,573.975695780115,760.1545211518295,722.0105666854295,502.22873380760063,704.7549682363438,817.3704528514296,739.2661651345152,668.427392554058,577.6084533483436,519.4843322566863,652.9881728890865,673.8765289064008,661.1618774176009,648.4472259288008,590.3231048371435,685.6829910031437,668.427392554058,846.4325133972582,864.5963012384011,683.8666122190294,635.7325744400008,784.6756347373724,642.9980895764579,669.3355819461151,847.3407027893154
B02013,99000000371,Synthetic Census Tract 99000000371,1.0,Total:,691.3319497063225,243.8132524918481,+/-231,147.76560757081702,766.2702221172368,695.5538242083459,703.9975732123925,755.7155358621785,744.1053809816143,713.4967908419451,840.1530259026454,720.8850712204859,773.6585024957777,792.6569377548827,658.6124223156415,779.9913142488127,664.9452340686765,686.0546065787934,728.2733515990268,613.2272714188906,691.3319497063225,711.3858535909334,809.5444357629761,633.2811753035015,560.4538401435989,720.8850712204859,731.4397574755443,609.0053969168673,652.2796105626065,652.2796105626065,587.8960244067506,606.8944596658556,537.2335303824705,561.5093087691047,688.165543829805,636.447581180019,712.4413222164392,620.6155517974315,692.3874183318284,712.4413222164392,663.8897654431707,732.4952261010501,579.4522754027039,569.9530577731514,659.6678909411474,663.8897654431707,656.50148506463,639.6139870565365,739.8835064795909,749.3827241091435,621.6710204229373,624.8374262994548,597.3952420363031,611.116334167879,740.9389751050968,596.3397734107973,683.9436693277817,620.6155517974315,686.0546065787934,628.0038321759723,633.2811753035015,657.5569536901357,584.7296185302331,899.2592689309722,752.549129985661,648.0577360605832,621.6710204229373,821.1545906435404,642.780392933054,660.7233595666532,733.5506947265559,819.0436533925287,771.547565244766,739.8835064795909,760.9928789897076,738.8280378540851,736.7171006030734,770.4920966192602,618.5046145464198,785.2686573763419,736.7171006030734,764.1592848662252,698.7202300848634,805.3225612609527
B02013,99000000372,Synthetic Census Tract 99000000372,1.0,Total:,120.75073375196914,125.74043349378604,+/-126,75.84343607561698,69.85579638543669,156.67657189305086,174.63949096359173,128.7342533388762,176.6353708603185,78.83725592070712,118.75485385524237,168.65185127341144,201.58386956940302,112.76721416506209,91.81047524943108,97.79811493961137,107.77751442324518,114.76309406178885,81.83107576579727,103.78575462979165,164.6600914799579,78.83725592070712,111.7692742166987,142.70541261596352,158.67245178977763,138.71365282251,96.80017499124799,133.7239530806931,87.81871545597755,194.59828993085935,129.73219328723957,32.93201829599158,72.84961623052683,111.7692742166987,111.7692742166987,115.76103401015223,133.7239530806931,128.7342533388762,178.63125075704525,105.78163452651842,71.85167628216345,181.6250706021354,96.80017499124799,78.83725592070712,69.85579638543669,106.7795744748818,143.7033525643269,123.74455359705928,143.7033525643269,51.89287731489583,136.71777292578324,172.64361106686496,151.68687215123396,130.73013323560295,160.6683316865044,136.71777292578324,114.76309406178885,139.71159277087338,58.878456953439496,133.7239530806931,168.65185127341144,46.90317757307892,114.76309406178885,179.62919070540863,153.68275204796072,124.74249354542266,38.91965798617187,126.73837344214942,53.88875721162259,132.7260131323297,121.74867370033252,91.81047524943108,64.86609664361978,116.75897395851561,120.75073375196914,134.72189302905647,106.7795744748818,144.7012925126903,147.69511235778043,144.7012925126903,80.83313581743388,153.68275204796072,156.67657189305086,58.878456953439496
B02013,99000000373,Synthetic Census Tract 99000000373,1.0,Total:,513.4465598647251,401.54154040702866,+/-366,244.65509155947373,760.2958674919969,348.88035477987734,430.06634928840225,654.9734962376942,472.8535626104627,737.2565987801181,532.097396441008,606.7007427461389,425.67791715280634,578.1759338647653,732.8681666445223,532.097396441008,471.7564545765637,301.704709322221,477.24199474605865,692.2751693902597,695.5664934919567,446.522969796887,392.76467613583674,518.9321000342201,630.8371194919166,366.43408332226113,218.3244987458981,510.1552357630282,520.029208068119,608.8949588139369,481.63042688165456,518.9321000342201,577.0788258308663,582.5643660003612,602.312310610543,482.7275349155536,445.42586176298806,377.405163661251,276.4712245425443,638.5168757292095,660.4590364071892,446.522969796887,601.215202576644,551.8453410511896,461.88248227147284,581.4672579664623,663.7503605088862,565.0106374579775,495.8928313223414,413.6097287799175,529.9031803732099,533.1945044749069,471.7564545765637,533.1945044749069,452.00850996638195,477.24199474605865,473.9506706443617,679.109872983472,729.5768425428253,314.8700057290088,344.49192264428143,719.7028702377344,501.37837149183633,482.7275349155536,401.54154040702866,674.721440847876,550.7482330172907,615.4776070173308,572.6903936952704,358.7543270849682,473.9506706443617,471.7564545765637,599.020986508846,563.9135294240784,288.53941291543316,552.9424490850886,466.2709144070688,693.3722774241587,604.506526678341,329.1324101696956,336.8121664069885,728.4797345089263,607.797850780038,535.3887205427048
B02013,99000000374,Synthetic Census Tract 99000000374,1.0,Total:,2028.6881542007268,580.9018943746574,+/-585,352.5131153897494,2081.3168728363794,1747.670656580166,2035.639117039398,1953.220557666583,2124.015644559645,2267.999874789261,1818.1732796581157,2120.04366579469,1788.383438920954,1742.7056831239722,1621.560330792847,2139.9035596194644,1912.5077753257951,1853.92108854271,1969.1084727264029,1747.670656580166,2172.672384430343,2021.7371913620555,2010.8142497584295,2175.6513685040586,1828.103226570503,2128.9806180158384,1833.0682000266968,2134.938586163271,2343.4674713234044,2118.0576764122125,2218.350140227324,2005.849276302236,1957.192536431538,2168.7004056653877,2425.8860306962188,2035.639117039398,1698.0209220182294,1980.0314143300288,1838.0331734828903,2211.3991773886532,2103.1627560436314,1885.6969186623494,2124.015644559645,2157.7774640617617,2305.7336730563325,2119.0506711034514,2059.4709896291274,2108.127729499825,1873.7809823674847,2002.8702922285197,2037.6251064218752,2178.630352577775,2266.013885406783,2076.351899380186,1646.3851980738154,1864.844030146336,2202.4622251675046,2337.509503175972,2012.800239140907,1979.0384196387902,2304.7406783650936,2057.48500024665,1945.2766001366733,2343.4674713234044,1772.4955238611342,1989.9613612424162,1793.3484123771475,2026.7021648182492,1893.6408761922594,1941.3046213717184,1952.2275629753444,1753.6286247275982,2259.0629225681123,2014.7862285233844,1990.9543559336548,1835.0541894091741,1939.3186319892409,2008.8282603759521,1780.439481391044,2039.6110958043528,1955.2065470490606,2037.6251064218752,1790.3694283034313,1986.9823771687
B02013,99000000375,Synthetic Census Tract 99000000375,1.0,Total:,288.138433099284,278.2781825369511,+/-254,168.7198429554743,403.17468965983466,191.72709426758442,282.66051612021016,226.785762933657,288.138433099284,189.53592747595488,191.72709426758442,357.1601870356144,257.46209801647046,179.67567691362197,452.4759424714992,242.12393047506373,325.38826855698613,384.5497719309836,289.2340164950988,349.49110326491103,166.52867616384475,264.0355983913591,390.0276889100574,397.6967726807608,190.63151087176965,181.86684370525148,367.0204375979473,347.2999364732815,265.1311817871739,134.75675768521646,165.43309276802998,291.4251832867283,260.7488482039148,213.63876218387978,388.93210551424266,282.66051612021016,430.56427455520384,430.56427455520384,273.895848953692,387.83652211842787,179.67567691362197,310.05010101557934,324.29268516117133,226.785762933657,411.93935682635276,176.38892672617766,300.18985045324644,377.97627155609496,290.3295998909135,231.16809651691605,230.07251312110128,284.8516829118397,354.96902024398486,174.19775993454812,419.6084405970562,291.4251832867283,339.63085270257807,385.6453553267984,311.14568441139414,409.7481900347232,197.20501124665824,212.543178788065,326.4838519528009,308.9545176197646,232.26367991273082,208.16084520480592,199.3961780382878,425.08635757613,308.9545176197646,129.27884070614263,201.58734482991733,317.7191847862827,282.66051612021016,185.1535938926958,282.66051612021016,234.45484670436036,399.8879394723903,306.76335082813506,261.84443159972955,488.63019453338654,198.30059464247302,270.6090987662477,260.7488482039148,209.2564286006207
B02013,99000000376,Synthetic Census Tract 99000000376,1.0,Total:,118.86013925309626,101.17846564519763,+/-103,61.88585762764516,93.31994404168714,133.59486725967844,148.3295952662606,66.79743362983922,103.14309604607527,139.4887584623113,114.93087845134102,118.86013925309626,139.4887584623113,87.42605283905428,186.63988808337427,64.8328032289616,106.0900416473917,169.9405296759145,64.8328032289616,122.78940005485151,142.43570406362775,142.43570406362775,151.27654086757707,189.58683368469073,72.69132483247209,131.6302368588008,142.43570406362775,72.69132483247209,91.35531364080953,92.33762884124833,121.8070848544127,115.91319365177982,91.35531364080953,143.41801926406657,208.25082249302815,109.03698724870813,113.9485632509022,150.29422566713825,119.84245445353507,155.2058016693323,125.73634565616794,109.03698724870813,138.5064432618725,127.70097605704557,104.12541124651408,132.61255205923962,147.3472800658218,102.16078084563645,99.21383524432002,183.69294248205784,113.9485632509022,142.43570406362775,168.95821447547567,98.2315200438812,123.77171525529032,101.17846564519763,163.06432327284278,105.10772644695288,66.79743362983922,123.77171525529032,77.60290083466614,121.8070848544127,91.35531364080953,113.9485632509022,70.72669443159447,120.82476965397387,130.647921658362,121.8070848544127,93.31994404168714,112.96624805046338,122.78940005485151,103.14309604607527,134.57718246011726,148.3295952662606,136.54181286099487,170.92284487635328,140.47107366275011,118.86013925309626,121.8070848544127,133.59486725967844,78.58521603510496,126.71866085660676,95.28457444256478,168.95821447547567
B02013,99000000377,Synthetic Census Tract 99000000377,1.0,Total:,357.8529133778542,253.0380067967667,+/-239,153.51678236623923,355.7354405176302,294.3287275711345,385.380060560766,415.02468060390186,370.5577505391981,237.1569603450868,447.8455099373737,300.68114615180644,262.5666346677747,352.5592312272942,353.6179676574062,354.6767040875182,319.73840189382236,499.72359501286144,588.657455142269,343.03060335628624,419.2596263243499,275.2714718291186,329.26702976483034,296.4462004313585,446.7867735072617,307.03356473247845,316.5621926034864,392.79121557154997,439.3756184964777,431.9644634856938,268.91905324844663,341.97186692617424,372.67522339942207,395.967424861886,299.62240972169445,443.61056421692575,447.8455099373737,460.5503470987176,401.26110701244596,505.0172771634214,403.37857987266995,354.6767040875182,335.6194483455023,352.5592312272942,349.3830219369582,424.55330847490984,392.79121557154997,345.1480762165102,351.5004947971822,300.68114615180644,490.1949671418535,431.9644634856938,454.19792851804567,212.80602245251092,420.3183627544619,202.21865815139097,357.8529133778542,386.438796990878,334.5607119153903,401.26110701244596,267.86031681833464,531.4856879162213,397.026161291998,295.3874640012465,469.0202385396136,182.10266597926307,453.1391920879337,341.97186692617424,272.0952625387826,463.72655638905366,407.6135255931179,362.08785909830215,372.67522339942207,367.3815412488621,493.3711764321895,343.03060335628624,427.7295177652458,339.85439406595026,338.79565763583827,363.14659552841414,290.0937818506865,410.7897348834539,327.1495569046063,434.08193634591777
B02013,99000000378,Synthetic Census Tract 99000000378,1.0,Total:,1691.798311483066,477.7381681748929,+/-521,290.6775418645702,1633.1126247974746,1707.3866970089261,1667.9572512670445,1721.1411548258618,1855.0178775773672,1680.7947452295175,1731.2277572249477,1478.1457333933347,1848.5991305961306,1787.162552347152,1703.7188415910769,1783.4946969293026,1492.8171550647326,1679.8777813750553,1910.9526726995716,1827.5089619434962,1728.4768656615606,1693.6322391919907,1866.938407685378,1862.353588413066,1802.7509378730124,1842.180383614894,1638.6144079242488,1784.411660783765,1766.98934754898,1523.0769622619905,1628.5278055251626,1941.2124798968296,1384.6154202381733,1468.976094848711,1777.9929138025284,1637.6974440697863,1680.7947452295175,1798.1661186007004,1395.6189864917217,1561.58944414941,1769.7402391123671,1635.8635163608617,1412.1243358720442,1431.380576815754,1542.3332032057003,1595.5171067645176,1683.5456367929046,1620.2751308350014,1763.3214921311305,1745.8991788963456,1833.0107450702703,1710.1375885723132,1845.8482390327435,1800.0000463096253,1790.8304077650016,1647.7840464688725,1455.2216370317756,1558.8385525860228,1754.1518535865068,1855.0178775773672,1636.780480215324,1536.8314200789262,1854.1009137229048,1652.3688657411842,1731.2277572249477,1807.3357571453241,1523.993926116453,1822.9241426711844,2030.1579737796792,1764.238455985593,1755.9857812954317,1982.475853347636,1577.1778296752702,1621.1920946894638,1662.4554681402703,1616.6072754171519,1933.8767690611307,1844.931275178281,1456.1386008862378,1612.9394199993026,1655.1197573045713,1557.9215887315604,1430.4636129612916,1513.9073237173668
B02013,99000000379,Synthetic Census Tract 99000000379,1.0,Total:,1828.0549543858156,842.2399209089515,+/-833,511.61272506594173,1610.6701008498917,1830.0771390698706,1936.2418349827637,1819.9662156495951,1578.31514590501,1471.1393576500893,2317.4236479271513,1639.9917787686907,1726.9457201830603,2031.2845151333536,1871.5319250930004,2148.57122680855,1683.4687494758755,2028.2512381072709,2146.5490421244945,1383.1743238936922,2065.6616547622903,1582.3595152731202,1538.8825445659354,1421.5958328907393,1758.2895827859143,1937.2529273247912,1513.6052360152466,1849.287893568394,1696.6129499222336,2011.0626682928025,1625.836485980305,2177.8929047273487,2073.7503934985107,1471.1393576500893,1863.44318635678,1322.508783372039,1860.4099093306972,2131.3826569940816,2090.9389633129795,2459.987668153036,1744.1342899975286,2207.214582646148,1863.44318635678,1890.7426795915237,1819.9662156495951,1579.3262382470375,1848.2768012263666,1797.7221841249889,1881.6428485132758,1430.6956639689872,1913.9978034581575,1796.7110917829614,1581.3484229310927,1718.8569814468399,2141.493580414357,1685.4909341599305,1460.0173418877862,2255.7470150634704,1964.5524205595352,1581.3484229310927,1901.8646953538268,1623.8143012962498,2129.360472310026,2018.1403146869955,1336.6640761604249,2140.4824880723295,1437.7733103631801,1870.5208327509727,1620.781024270167,2128.3493799679986,1796.7110917829614,1917.0310804842402,2098.016609707172,1899.8425106697719,1783.5668913366032,1669.3134566874896,1879.6206638292208,1964.5524205595352,1971.630066953728,2036.3399768434913,1906.9201570639646,2003.9850218986096,1464.0617112558964,2418.5328821299063
B02013,99000000380,Synthetic Census Tract 99000000380,1.0,Total:,447.4938460215951,265.10298934928625,+/-250,161.18261752436604,422.0439590440637,340.3922383244835,447.4938460215951,486.7290884452895,336.1505904948949,679.7240646915699,336.1505904948949,332.9693546227035,478.24579278611236,506.87691563583525,381.74830466297215,459.1583775529637,492.0311482322752,426.2856068736522,467.6416732121409,641.5492342252727,370.08377313160355,490.9707362748781,399.77530793872364,378.56706879078075,367.96294921680925,435.8293144902265,371.1441850890007,314.942351346952,407.19819164050364,538.6892743577496,540.8100982725439,472.9437329991266,349.9359459410578,355.23800572804356,448.55425797899227,484.6082645304952,326.6068828783206,554.5954537187067,470.8229090843323,514.2997993376152,550.3538058891182,545.0517461021325,379.62748074817785,425.2251949162551,447.4938460215951,369.0233611742064,498.3936199766581,584.2869885258268,374.32542096119215,556.716277633501,361.6004774724264,306.4590556877749,563.0787493778839,552.4746298039125,378.56706879078075,408.2586035979008,464.46043733994946,483.54785257309806,415.6814872996808,522.7830949967924,371.1441850890007,472.9437329991266,395.53366010913504,449.6146699363894,384.9295405351636,495.21238410446665,384.9295405351636,341.45265028188066,358.41924160023495,501.57485584884955,562.0183374204868,449.6146699363894,367.96294921680925,459.1583775529637,463.4000253825523,466.58126125474377,290.5528763268177,605.4952276737697,437.9501384050208,455.9771416807723,484.6082645304952,467.6416732121409,399.77530793872364,426.2856068736522
B02013,99000000381,Synthetic Census Tract 99000000381,1.0,Total:,124.76813834605744,96.55968967651403,+/-89,58.5867780059748,136.7024820139412,87.8801670089622,118.25849634539358,70.52112167385856,170.33563235070451,120.42837701228153,92.21992834273811,117.1735560119496,125.85307867950142,138.87236268082916,155.14646768248883,116.08861567850562,131.2777803467213,125.85307867950142,122.59825767916949,96.55968967651403,132.3627206801653,129.10789967983337,148.63682568182494,92.21992834273811,109.57897367784176,155.14646768248883,143.21212401460508,187.69467768580816,66.18136034008265,122.59825767916949,162.74105001659666,125.85307867950142,128.02295934638937,96.55968967651403,139.95730301427312,151.89164668215687,148.63682568182494,112.83379467817369,124.76813834605744,160.57116934970873,99.81451067684596,116.08861567850562,142.12718368116109,161.6561096831527,106.32415267750983,104.15427201062187,124.76813834605744,108.49403334439778,201.79890202057987,119.34343667883755,90.05004767585015,61.84159900630674,141.04224334771712,80.28558467485436,107.4090930109538,110.66391401128573,120.42837701228153,155.14646768248883,125.85307867950142,118.25849634539358,144.29706434804905,123.68319801261347,168.16575168381655,90.05004767585015,146.466945014937,183.35491635203223,121.51331734572551,142.12718368116109,96.55968967651403,106.32415267750983,158.40128868282076,183.35491635203223,106.32415267750983,150.8067063487129,155.14646768248883,126.9380190129454,106.32415267750983,84.62534600863026,122.59825767916949,152.97658701560087,77.03076367452242,134.53260134705323,65.09642000663867,161.6561096831527
B02013,99000000382,Synthetic Census Tract 99000000382,1.0,Total:,39.387114870569,42.58066472493945,+/-40,25.548398834963674,23.419365598716702,41.51614810681597,25.548398834963674,37.258081634322025,33.00001516182808,15.967749271852297,30.870981925581106,34.064531779951565,55.35486414242129,39.387114870569,61.74196385116221,53.22583090617432,39.387114870569,34.064531779951565,28.741948689334134,47.90324781555689,46.838731197433404,58.54841399679175,54.29034752429781,55.35486414242129,57.48389737866827,54.29034752429781,31.935498543704593,38.32259825244551,18.09678250809927,40.451631488692485,42.58066472493945,24.483882216840186,33.00001516182808,48.96776443368037,27.677432071210646,29.80646530745762,67.06454694177964,51.09679766992735,25.548398834963674,51.09679766992735,39.387114870569,42.58066472493945,25.548398834963674,29.80646530745762,21.290332362469726,22.354848980593214,51.09679766992735,35.12904839807505,58.54841399679175,37.258081634322025,34.064531779951565,50.032281051803864,39.387114870569,48.96776443368037,54.29034752429781,58.54841399679175,20.225815744346242,33.00001516182808,55.35486414242129,42.58066472493945,29.80646530745762,33.00001516182808,40.451631488692485,59.61293061491524,54.29034752429781,28.741948689334134,48.96776443368037,41.51614810681597,38.32259825244551,63.87099708740919,35.12904839807505,48.96776443368037,10.645166181234863,36.19356501619854,28.741948689334134,29.80646530745762,53.22583090617432,47.90324781555689,51.09679766992735,48.96776443368037,23.419365598716702,24.483882216840186,24.483882216840186,26.61291545308716
B02013,99000000383,Synthetic Census Tract 99000000383,1.0,Total:,36.29576581760939,39.0179482539301,+/-43,23.59224778144611,52.628860435533625,35.388371672169164,31.75879509040822,34.48097752672893,26.314430217766812,39.92534239937034,38.110554108489865,15.425700472483992,30.851400944967985,54.4436487264141,14.518306327043758,30.851400944967985,33.57358338128869,39.92534239937034,48.99928385377268,29.036612654087516,39.92534239937034,35.388371672169164,29.944006799527752,52.628860435533625,35.388371672169164,19.055277054244932,16.33309461792423,32.66618923584846,40.83273654481057,39.0179482539301,26.314430217766812,47.18449556289222,21.777459490565636,26.314430217766812,36.29576581760939,38.110554108489865,58.07322530817503,57.1658311627348,21.777459490565636,53.53625458097386,20.870065345125404,51.72146629009339,22.684853636005872,39.92534239937034,48.09188970833245,36.29576581760939,30.851400944967985,35.388371672169164,28.12921850864728,35.388371672169164,47.18449556289222,10.888729745282818,28.12921850864728,50.81407214465315,18.147882908804696,35.388371672169164,33.57358338128869,39.92534239937034,48.09188970833245,26.314430217766812,39.0179482539301,29.944006799527752,34.48097752672893,56.25843701729456,33.57358338128869,13.610912181603524,16.33309461792423,35.388371672169164,37.20315996304963,43.55491898113127,29.036612654087516,48.99928385377268,19.055277054244932,28.12921850864728,37.20315996304963,37.20315996304963,51.72146629009339,48.99928385377268,24.49964192688634,57.1658311627348,22.684853636005872,55.351042871854325,23.59224778144611,41.74013069025081
B02013,99000000384,Synthetic Census Tract 99000000384,1.0,Total:,118.89393712788431,105.25037057222546,+/-108,64.3196709052489,139.35928696137262,127.66480134223644,81.86139933395314,100.37766823091873,78.9377779291691,136.43566555658856,84.78502073873717,55.548806690896775,100.37766823091873,110.1230729135322,114.02123478657758,107.19945150874815,60.42150903220351,76.98869699264641,81.86139933395314,67.24329231003294,110.1230729135322,105.25037057222546,155.9264749218155,134.48658462006588,193.93355318400802,147.15561070746338,120.84301806440702,134.48658462006588,117.91939665962298,179.31544616008782,107.19945150874815,91.60680401656661,126.69026087397509,123.76663946919105,172.4936628822584,111.09761338179355,95.504965889612,100.37766823091873,140.33382742963394,118.89393712788431,156.90101539007685,157.8755558583382,188.08631037443996,138.38474649311127,152.02831304877012,117.91939665962298,84.78502073873717,107.19945150874815,68.21783277829428,141.3083678978953,90.63226354830526,51.650644817851386,108.1739919770095,117.91939665962298,115.97031572310028,97.45404682613469,57.497887627419466,80.88685886569179,95.504965889612,62.3705899687262,130.58842274702047,125.71572040571375,141.3083678978953,170.5445819457357,152.02831304877012,134.48658462006588,121.81755853266836,143.257448834418,116.94485619136162,132.53750368354318,111.09761338179355,93.5558849530893,115.97031572310028,129.61388227875915,140.33382742963394,115.97031572310028,103.30128963570277,118.89393712788431,130.58842274702047,126.69026087397509,155.9264749218155,143.257448834418,208.55166020792822,131.56296321528183
B02013,99000000385,Synthetic Census Tract 99000000385,1.0,Total:,87.33501066842595,70.95969616809607,+/-78,42.757765639750204,90.97396944627702,85.51553127950041,105.52980455768135,108.25902364106966,112.8077221133835,136.46095416941554,60.04281983454284,58.223340445617296,110.0785030299952,110.0785030299952,81.87657250164932,120.99537936354844,87.33501066842595,90.97396944627702,62.77203891793115,32.75062900065973,79.147353418261,73.68891525148439,98.25188700197918,69.14021677917054,85.51553127950041,123.72459844693675,94.61292822412811,94.61292822412811,94.61292822412811,72.77917555702162,87.33501066842595,100.07136639090473,73.68891525148439,86.42527097396318,115.53694119677182,87.33501066842595,60.952559529005605,89.15449005735148,73.68891525148439,75.50839464040993,73.68891525148439,77.32787402933548,73.68891525148439,138.2804335583411,90.97396944627702,68.23047708470777,71.86943586255884,70.04995647363332,60.952559529005605,94.61292822412811,68.23047708470777,71.86943586255884,100.9811060853675,80.96683280718655,82.78631219611209,84.60579158503764,105.52980455768135,91.8837091407398,100.07136639090473,105.52980455768135,93.70318852966534,108.25902364106966,78.23761372379825,118.26616028016014,80.96683280718655,120.08563966908568,66.41099769578223,61.862299223468376,37.29932747297358,54.584381667766216,111.89798241892075,101.89084577983027,60.04281983454284,92.79344883520257,97.34214730751641,40.93828625082466,65.50125800131946,90.97396944627702,84.60579158503764,128.2732969192506,103.71032516875582,108.25902364106966,95.52266791859088,57.313600751154524
B02013,99000000386,Synthetic Census Tract 99000000386,1.0,Total:,298.68149246422337,186.21500456102814,+/-202,113.38834436141813,326.3371862109107,319.88419100335034,224.93297580639043,271.025798717536,273.7913680922048,329.1027555855795,317.1186216286816,313.43119579578996,353.99287995759806,281.166219757988,309.7437699628983,383.49228662073125,361.36773162338136,334.63389433491693,294.07221017310883,286.69735850732553,327.25904266913363,244.2919614290716,230.46411455572792,224.0111193481675,291.30664079844007,291.30664079844007,366.8988703727188,435.11624828121427,242.44824851262575,260.88537767708397,275.63508100865056,300.5252053806692,365.9770139144959,227.69854518105916,315.2749087122358,235.99525330506538,319.88419100335034,285.7755020491026,391.78899474473747,424.05397078253935,202.80842080904057,192.66799976858852,363.2114445398272,340.1650330842544,335.55575079313985,230.46411455572792,323.57161683624196,298.68149246422337,382.57043016250833,335.55575079313985,219.40183705705297,297.75963600600045,251.66681309485486,379.8048607878396,306.9782005882296,247.97938726196324,253.5105260113007,296.83777954777753,304.2126312135608,292.228497256663,293.1503537148859,268.26022934286726,338.32132016780855,318.0404780869045,313.43119579578996,420.3665449496477,271.025798717536,200.0428514343718,331.8683249602482,290.38478434021715,342.0087460007002,287.61921496554845,209.26141601660095,357.6803057904897,301.4470618388921,348.4617412082606,243.37010497084867,307.9000570464525,209.26141601660095,199.12099497614892,390.86713828651455,406.538698076304,263.6509470517527,260.88537767708397
B02013,99000000387,Synthetic Census Tract 99000000387,1.0,Total:,614.8263086856972,444.0412229396702,+/-429,270.1509538164427,731.7882158935823,716.2622990075799,802.1723724434602,647.948264709169,566.1784357762228,596.1952084224943,650.0183869606361,588.9497805423598,508.215012735147,611.7211253084967,792.8568223118587,444.0412229396702,530.9863575012839,322.93907122885105,648.9833258349026,769.0504164199882,602.4055751768952,831.154083963998,492.68909584914456,750.4193161567853,648.9833258349026,494.7592181006115,331.21956023471904,806.3126169463941,744.2089494023843,697.631198744377,496.82934035207853,525.8110518726164,626.2119810687657,650.0183869606361,432.6555505566017,745.2440105281178,652.0885092121031,715.2272378818463,529.9512963755504,329.149437983252,569.2836191534233,456.46195644847216,703.841565498778,483.3735457175431,530.9863575012839,849.7851842272011,597.2302695482277,717.2973601333134,622.0717365658317,611.7211253084967,673.8247928525066,660.368998217971,387.11286102432786,602.4055751768952,886.0123236278733,426.44518380220075,593.0900250452937,525.8110518726164,514.4253794895479,841.504695221333,609.6510030570297,792.8568223118587,436.7957950595357,711.0869933789124,727.6479713906483,478.1982400888756,486.4787290947436,586.8796582908927,564.1083135247559,573.4238636563573,503.0397071064795,545.477213261553,720.4025435105139,645.8781424577021,283.60674845097816,695.5610764929099,567.2134969019563,712.1220545046459,711.0869933789124,417.1296336705993,748.3491939053183,381.93755539566035,690.3857708642424,459.56713982567265
B02013,99000000388,Synthetic Census Tract 99000000388,1.0,Total:,682.9368237168325,314.8807950572266,+/-302,191.84790162427052,812.2256269853626,683.9794753560949,531.7523360237933,593.2687827402713,543.221504055679,761.135696661508,745.4959220725729,790.3299425608535,682.9368237168325,735.0694056799495,689.1927335524066,623.5056802788791,620.3777253610922,603.6952991328947,501.5154384851854,622.4630286396168,665.2117458493727,703.7898565020793,826.8227499350354,720.4722827302768,651.6572745389624,608.9085573292064,712.131069616178,649.5719712604376,610.9938606077311,471.27854094657755,799.7138073142146,780.9460778074924,857.0596474736433,797.6285040356898,474.40649586436456,674.5956106027338,667.2970491278975,790.3299425608535,654.7852294567493,810.140323706838,606.8232540506817,554.6906720875647,711.0884179769157,680.8515204383078,587.0128729046972,777.8181228897055,669.3823524064221,579.7143114298609,714.2163728947027,836.2066146883965,594.3114343795337,693.3633401094559,707.9604630591286,670.4250040456844,639.1454548678142,612.0365122469934,751.751831908147,779.9034261682301,563.0318852016635,871.6567704233161,836.2066146883965,701.7045532235546,555.733323726827,686.0647786346195,693.3633401094559,729.8561474836378,783.0313810860172,640.1881065070766,621.4203770003545,601.60999585437,446.25490160428143,574.5010532335492,675.6382622419961,707.9604630591286,681.8941720775701,617.2497704433051,654.7852294567493,629.7615901144532,826.8227499350354,784.0740327252795,695.4486433879806,749.6665286296222,653.742577817487,873.7420737018407
B02013,99000000389,Synthetic Census Tract 99000000389,1.0,Total:,67.50362473922083,66.4488806026705,+/-63,40.08027718891236,81.21529851437505,68.55836887577115,45.35399787166399,91.76273987987831,84.37953092402603,41.13502132546269,62.229904056469195,54.84669510061692,89.65325160677766,53.791950964066594,89.65325160677766,53.791950964066594,84.37953092402603,65.39413646612017,50.62771855441562,87.543763333677,111.80287847433449,86.48901919712668,81.21529851437505,74.88683369507311,64.33939232956985,85.43427506057635,47.463486144764644,67.50362473922083,72.77734542197246,58.0109275102679,79.1058102412744,48.51823028131497,84.37953092402603,60.12041578336855,60.12041578336855,85.43427506057635,65.39413646612017,50.62771855441562,25.31385927720781,52.73720682751627,112.85762261088482,55.901439237167246,70.6678571488718,58.0109275102679,93.87222815297896,82.27004265092538,66.4488806026705,49.5729744178653,81.21529851437505,58.0109275102679,71.72260128542213,109.69339020123384,46.40874200821432,54.84669510061692,90.70799574332798,119.18608743018677,75.94157783162343,84.37953092402603,68.55836887577115,35.861300642711065,47.463486144764644,79.1058102412744,75.94157783162343,25.31385927720781,100.20069297228092,80.16055437782472,80.16055437782472,41.13502132546269,72.77734542197246,48.51823028131497,56.95618337371757,106.52915779158286,52.73720682751627,71.72260128542213,63.28464819301952,83.3247867874757,80.16055437782472,73.83208955852278,58.0109275102679,13.71167377515423,67.50362473922083,69.61311301232148,74.88683369507311,65.39413646612017
B02013,99000000390,Synthetic Census Tract 99000000390,1.0,Total:,505.42600682684343,286.5153796661724,+/-267,173.84079215700348,535.4725634959551,598.7849507630119,570.8845767131226,551.5689331401221,299.39247538150596,519.3761938517881,399.1899671753413,505.42600682684343,388.45905407923,624.5391421936791,580.5423984996227,643.8547857666795,458.20998920395357,577.3231245707893,494.6950937307321,485.0372719442319,331.58521466983996,551.5689331401221,489.32963718267644,516.1569199229548,413.140154200286,573.0307593323448,586.9809463572894,319.7812102641175,531.1801982575106,493.62200242112095,438.8943456309532,487.1834545634542,567.6653027842891,620.2467769552346,485.0372719442319,578.3962158804004,473.23326753850944,556.9343896881778,448.5521674174534,580.5423984996227,470.01399360967605,474.30635884812057,506.49909813645456,405.6285150330081,574.1038506419559,370.21650181584073,441.04052825017544,515.0838286133436,699.6555338664584,520.4492851613993,637.4162379090127,456.0638065847313,626.6853248129014,397.043784556119,465.72162837123153,472.1601762288983,567.6653027842891,416.3594281291194,504.3529155172323,567.6653027842891,678.1937076742357,419.5787020579528,550.495841830511,412.0670628906749,684.6322555319025,564.4460288554557,520.4492851613993,648.1471510051241,444.2598021790089,441.04052825017544,591.2733115957341,576.2500332611781,422.79797598678624,507.5721894460657,502.20673289801005,307.97720585839505,445.33289348862,355.19322348128486,482.89108932500966,522.5954677806216,571.9576680227336,497.91436765956547,486.11036325384305,433.52888908289754
B02013,99000000391,Synthetic Census Tract 99000000391,1.0,Total:,1933.350211867832,545.9487590152523,+/-521,332.1799551014107,1866.2854890713327,1951.1642788606523,1906.1051682317543,1966.8825732660819,2119.873972145596,1920.7755763434884,1978.40932249673,1689.1927054368268,2112.538768089729,2042.3303864121435,1946.972733685871,2038.1388412373624,1705.9588861359516,1919.7276900497932,2183.7950360610093,2088.4373833347368,1975.2656636156441,1935.4459844552227,2133.4964939636347,2128.257062495158,2060.1444534049638,2105.2035640338618,1872.5728068335045,2039.1867275310576,2019.276887950847,1740.5391338278966,1861.0460576028563,2218.375283752954,1582.308303479906,1678.7138424998736,2031.8515234751906,1871.5249205398093,1920.7755763434884,2054.905021936487,1594.8829390042495,1784.5503581630992,2022.4205468319328,1869.4291479524186,1613.744892290765,1635.7505044583663,1762.5447459954978,1823.3221510298254,1923.9192352245743,1851.6150809595986,2015.0853427760655,1995.1755031958548,2094.7247010969086,1954.3079377417382,2109.3951092086427,2057.0007945238776,2046.5219315869247,1883.0516697704577,1662.9955480944443,1781.4066992820133,2004.6064798391126,2119.873972145596,1870.477034246114,1756.257428233326,2118.8260858519006,1888.291101238934,1978.40932249673,2065.3838848734404,1741.5870201215919,2083.19795186626,2320.0202542413986,2016.133229069761,2006.7022524265033,2265.5301669692426,1802.3644251559194,1852.6629672532938,1899.8178504695825,1847.4235357848174,2209.992193403392,2108.3472229149475,1664.0434343881395,1843.231990610036,1891.43476012002,1780.358812988318,1634.702618164671,1730.0602708909435
B02013,99000000392,Synthetic Census Tract 99000000392,1.0,Total:,367.8804884922003,277.76567142638754,+/-262,169.62789094741225,386.9636262237842,413.46798418431734,435.7316448711652,258.6825336948037,386.9636262237842,526.9066362553993,453.7546082843278,417.7086814580027,225.81712982374256,437.85199350800787,222.6366068684786,381.66275463167756,347.7371764421951,358.33891962640837,337.13543325798184,239.59939596321982,357.27874530798704,283.0665430184942,285.18689165533686,337.13543325798184,466.4767001053837,401.80606668168275,439.97234214485053,555.5313428527751,240.65957028164112,247.0206161921691,203.5534691368947,435.7316448711652,390.1441491790482,204.61364345531604,456.9351312395918,273.52497415270227,451.6342596474851,389.0839748606269,272.46479983428094,353.03804803430177,424.0697273685306,326.5336900737686,350.9176993974591,254.44183642111838,385.9034519053629,315.9319468895553,358.33891962640837,297.9089834763928,260.80288233164634,243.84009323690512,396.50519508957615,208.85434072900134,500.40227829486616,455.87495692117045,380.6025803132562,285.18689165533686,374.2415344027283,348.79735076061644,430.4307732790586,482.3793148817036,287.30724029217953,368.94066281062163,468.5970487422264,330.7743873474539,235.3586986895345,331.83456166587524,309.5709009790274,279.8860200632302,520.5455903448714,341.3761305316672,410.2874612290534,468.5970487422264,327.5938643921899,355.15839667114443,482.3793148817036,482.3793148817036,260.80288233164634,302.14968075007806,373.18136008430696,383.7831032685202,396.50519508957615,362.5796169000937,341.3761305316672,441.03251646327186
B02013,99000000393,Synthetic Census Tract 99000000393,1.0,Total:,1589.4079202122539,747.8496338949471,+/-822,454.89637098232794,1409.268957303252,1374.696833108595,1406.539579077358,1952.4152242561515,2027.928021839218,1853.247815382004,2010.6419597418894,1230.0397871362147,1844.1498879623575,1482.962169402389,1273.7098387505182,1110.8569379388448,1391.9828952059236,1532.0909774684806,1723.1474532810582,1511.1657444032935,1767.7272976373263,1332.8463669782209,1598.5058476319005,1775.9154323150083,1536.6399411783038,1537.5497339202684,1535.730148436339,1389.2535169800294,1349.2226363335847,1358.3205637532312,1408.3591645612873,1607.603775051547,1435.652946820227,1438.382325046121,1696.763463764083,1901.4668307061308,1789.5623234444781,1593.9568839220772,1620.340873439052,1554.835796017597,1562.1141379533142,1904.1962089320248,1560.2945524693848,1647.6346556979918,1658.5521686015677,1247.3258492335433,1536.6399411783038,1942.4075040945402,1560.2945524693848,1590.3177129542185,1315.5603048808923,1982.4383847409852,1251.8748129433666,1684.026365376578,1706.7711839256945,1657.642375859603,1640.3563137622746,1314.6505121389278,1274.6196314924828,2195.3298863607147,1693.1242927962246,1616.7017024711936,1587.5883347283245,1379.2457968184183,1700.4026347319418,1956.9641879659748,1588.498127470289,1431.1039831104038,1246.4160564915785,1422.0060556907572,1754.0804065078564,1175.4522226183353,1555.7455887595615,1708.5907694096238,1585.7687492443952,1646.7248629560272,1755.8999919917858,1858.706571833792,1566.6631016631375,1215.4831032647803,1528.4518065006218,1480.232791176495,1684.9361581185426,2039.7553274847585
B02013,99000000394,Synthetic Census Tract 99000000394,1.0,Total:,892.933329373229,694.0828530546944,+/-733,422.3205354193638,990.4647534723197,525.5334016989841,658.1003859113405,675.1447124529292,601.285964106045,1108.828132233352,1045.3853612174387,482.92258534501246,802.9771615148443,899.5616785838467,626.852453918428,817.1807669661681,1236.660581295267,1228.138418024473,1191.2090438510306,935.5441457272005,679.8792476033705,792.5611841838734,902.4023996741115,561.515868842338,852.2163270794338,1316.200771822681,1159.01420482803,1010.3498011041731,1166.589461068736,717.7555288069009,743.3220186192839,1165.6425540386476,952.5884722687892,830.4374653874038,1099.3590619324696,1083.261642420969,483.8694923751007,524.5864946688959,569.0911250830441,761.3132521909608,1105.9874111430875,915.6590980953472,988.5709394121432,555.8344266618085,1164.6956470085595,1221.510068813855,1045.3853612174387,1269.8023273483564,774.5699506121964,616.436476587457,846.5348848989042,891.0395153130524,844.6410708387276,891.9864223431407,1113.5626673837935,830.4374653874038,569.0911250830441,943.1194019679067,896.720957493582,1102.1997830227342,821.9153021166094,860.7384903502281,910.9245629449058,1007.5090800139084,622.1179187679867,722.4900639573422,635.3746171892222,650.5251296706344,963.9513566298484,1264.1208851678268,937.4379597873772,745.2158326794604,822.8622091466976,684.6137827538117,762.2601592210491,952.5884722687892,1062.4296877590275,949.7477511785245,1030.2348487360266,802.9771615148443,919.4467262157002,1044.4384541873505,872.1013747112872,1139.1291571961765
B02013,99000000395,Synthetic Census Tract 99000000395,1.0,Total:,154.68131275593242,108.58423279555521,+/-106,65.56029149920315,180.29080162280866,98.34043724880472,94.24291903010452,161.85196963865778,113.70613056893046,178.24204251345856,169.0226265213831,192.58335627890924,158.77883097463263,174.14452429475836,162.87634919333283,158.77883097463263,159.80321052930768,181.3151811774837,180.29080162280866,105.51109413153006,124.974305670356,140.33999899048175,142.38875809983182,80.92598481932889,154.68131275593242,219.21722470046052,155.70569231060747,211.02218826306012,194.63211538825934,218.19284514578547,142.38875809983182,202.82715182565974,171.0713856307332,114.73051012360551,171.0713856307332,140.33999899048175,134.19372166243144,171.0713856307332,186.43707895085893,140.33999899048175,158.77883097463263,200.77839271630964,143.41313765450687,123.94992611568095,161.85196963865778,138.29123988113165,142.38875809983182,217.16846559111042,179.2664220681336,178.24204251345856,154.68131275593242,179.2664220681336,200.77839271630964,158.77883097463263,188.48583806020903,153.65693320125737,100.38919635815482,212.04656781773517,154.68131275593242,115.75488967828055,154.68131275593242,156.73007186528253,197.7052540522845,134.19372166243144,157.75445141995758,103.46233502217997,141.3643785451568,147.51065587320707,127.02306477970609,196.68087449760944,150.58379453723222,129.0718238890562,109.60861235023026,200.77839271630964,213.07094737241022,117.80364878763065,179.2664220681336,173.1201447400833,182.33956073215876,131.1205829984063,204.87591093500984,162.87634919333283,108.58423279555521,141.3643785451568
B02013,99000000396,Synthetic Census Tract 99000000396,1.0,Total:,161.81538419966967,127.5233822500708,+/-119,77.15700438659746,165.03025938244457,88.94488005677206,176.81813505261917,221.82638761146768,132.88150755469562,195.03576108834358,131.80988249377066,199.32226133204344,122.16525694544598,200.3938863929684,127.5233822500708,176.81813505261917,113.59225645804625,147.88425840764512,130.7382574328457,208.96688688036812,174.67488493076925,127.5233822500708,207.89526181944314,162.88700926059462,142.5261331030203,184.31951047909394,154.31400877319493,147.88425840764512,247.54538907366685,169.31675962614443,102.87600584879661,187.5343856618688,129.6666323719207,187.5343856618688,173.60325986984427,128.59500731099575,189.67763578371876,86.80162993492213,210.03851194129308,198.25063627111845,144.66938322487024,98.58950560509675,192.89251096649363,141.45450804209534,176.81813505261917,102.87600584879661,184.31951047909394,180.03301023539407,157.5288839559698,177.88976011354413,200.3938863929684,184.31951047909394,138.23963285932044,195.03576108834358,124.3085070672959,163.95863432151958,120.02200682359604,143.59775816394526,136.09638273747052,199.32226133204344,153.24238371226994,133.95313261562058,244.33051389089195,170.3883846870694,184.31951047909394,143.59775816394526,167.1735095042945,154.31400877319493,204.68038663666826,274.33601559679096,79.30025450844738,221.82638761146768,170.3883846870694,177.88976011354413,161.81538419966967,110.37738127527136,193.96413602741862,83.58675475214724,189.67763578371876,167.1735095042945,129.6666323719207,118.95038176267109,150.02750852949507,162.88700926059462
B02013,99000000397,Synthetic Census Tract 99000000397,1.0,Total:,596.395816542011,309.90960859584857,+/-344,188.28810522247775,473.87341314365216,628.8282174415765,564.8643156674333,637.8372176914557,668.4678185410454,419.81941164437626,660.359718316154,482.88241339353146,612.6120169917937,637.8372176914557,514.4139142681091,420.7203116693642,543.2427150677229,592.7922164420592,627.0264173916006,571.1706158423488,736.9362204401283,512.6121142181332,594.594016492035,487.38691351847115,702.7020194905868,625.2246173416247,552.2517153176022,381.0807105698952,564.8643156674333,553.1526153425901,665.7651184660816,742.3416205900559,502.702213943266,764.8641212147542,702.7020194905868,478.37791326859184,557.6571154675298,683.7831189658403,699.9993194156231,672.0714186409972,618.9183171667092,416.2158115444245,626.1255173666126,599.0985166169747,577.4769160172643,672.9723186659851,638.7381177164436,756.7560209898628,562.1616155924695,509.90941414316944,607.2066168418661,339.63930942045033,549.5490152426385,705.4047195655506,505.40491401822976,523.4229145179884,649.5489180162989,448.6482124439901,699.0984193906352,434.23381204418314,563.0625156174574,634.2336175915041,489.188713568447,472.9725131186642,795.4947220643438,758.5578210398386,558.5580154925177,521.6211144680126,646.8462179413351,645.0444178913592,543.2427150677229,591.8913164170713,517.1166143430729,608.107516866854,631.5309175165403,607.2066168418661,482.88241339353146,549.5490152426385,604.5039167669023,641.4408177914075,549.5490152426385,538.7382149427832,678.3777188159127,574.7742159423005
B02013,99000000398,Synthetic Census Tract 99000000398,1.0,Total:,0.0,14.04096215792578,+/-14,9.02633281580943,0.0,0.0,0.0,0.0,0.0,0.0,0.0,0.0,0.0,0.0,0.0,0.0,0.0,0.0,0.0,0.0,0.0,0.0,0.0,0.0,0.0,0.0,0.0,0.0,0.0,0.0,0.0,0.0,0.0,0.0,0.0,0.0,0.0,0.0,0.0,0.0,0.0,0.0,0.0,0.0,0.0,0.0,0.0,0.0,0.0,0.0,0.0,0.0,0.0,0.0,0.0,0.0,0.0,0.0,0.0,0.0,0.0,0.0,0.0,0.0,0.0,0.0,0.0,0.0,0.0,0.0,0.0,0.0,0.0,0.0,0.0,0.0,0.0,0.0,0.0,0.0,0.0,0.0,0.0,0.0
B02013,99000000399,Synthetic Census Tract 99000000399,1.0,Total:,230.90701801165213,217.44607077330468,+/-210,132.53855742372858,237.1197628908894,122.18398262499979,215.37515581355893,249.54525264936396,131.5030999438557,249.54525264936396,261.97074240783854,301.31812664300793,319.95636128071976,264.04165736758426,200.87875109533863,224.69427313241485,237.1197628908894,241.26159281038093,133.57401490360147,147.03496214194888,138.75130230296585,254.72254004872835,279.5735195656775,286.8217219247876,221.5879006927962,115.97123774576251,240.22613533050804,224.69427313241485,114.93578026588962,240.22613533050804,259.89982744809276,270.25440224682154,267.14802980720293,260.93528492796565,243.33250777012668,188.45326133686407,224.69427313241485,269.21894476694865,127.36127002436417,114.93578026588962,161.53136686016921,289.92809436440626,255.75799752860124,117.00669522563538,267.14802980720293,267.14802980720293,196.7369211758471,235.04884793114365,298.2117542033893,225.72973061228774,110.7939503463981,147.03496214194888,113.90032278601674,307.5308715222452,267.14802980720293,220.55244321292332,222.6233581726691,235.04884793114365,300.28266916313504,290.96355184427915,314.7790738813554,256.7934550084741,118.04215270550826,127.36127002436417,294.06992428389776,261.97074240783854,217.44607077330468,240.22613533050804,263.0061998877114,189.48871881673696,110.7939503463981,122.18398262499979,102.51029050741506,275.43168964618593,317.885446320974,201.9142085752115,213.30424085381318,219.51698573305046,309.601786481991,305.4599565624994,304.4244990826266,297.17629672351643,123.21944010487266,346.87825575741465
B02013,99000000400,Synthetic Census Tract 99000000400,1.0,Total:,1430.449981906816,650.4516067188689,+/-718,395.8876770698408,1495.676326870268,1422.2966887863845,1578.1151795324088,1726.6862986158274,1145.990644149539,1267.384119498186,1511.982913111131,1449.4743325211562,1464.8749973041936,1660.5540321945496,1683.2020686401927,1340.7637575820695,1425.0144531598617,1588.9862370263174,1329.8927000881608,1834.4909520970884,1352.540736533804,1521.0421276893883,1646.9652103271637,1408.7078669189987,1563.6204362071974,1448.5684110633306,1540.9723997615542,1497.4881697859196,1162.297230390402,1097.07088542695,1299.0913705220862,1723.0626127845244,1692.26128321845,1632.470467001952,1605.2928232671804,1137.8373510291076,1400.5545737985672,1253.7952976308002,1247.45384742602,1566.3382005806745,1293.6558417751319,1336.234150292941,1245.6420045103687,1454.9098612681105,1212.1229105708169,1312.680192389472,1317.2097996786008,1392.4012806781357,1835.396873554914,1602.5750588937033,1545.5020070506828,1421.390767328559,1213.9347534864683,1356.1644223651067,1222.0880466068998,1737.557356109736,1628.8467811706494,1740.2751204832132,1439.5091964850733,1462.1572329307164,1770.170528591462,1367.9414013168412,1500.2059341593967,1660.5540321945496,1560.9026718337202,1322.6453284255551,1170.4505235108336,942.1583161387515,1538.254635388077,1599.857294520226,1444.0388037742018,1781.9475075431965,1492.0526410389652,1417.767081497256,1150.5202514386679,1560.9026718337202,1533.7250280989485,1116.0952360412903,1679.5783828088897,1061.739948571747,1563.6204362071974,1370.6591656903183,1460.3453900150648,1102.5064141739044
B02013,99000000401,Synthetic Census Tract 99000000401,1.0,Total:,0.0,13.723795561149487,+/-14,8.8224400035961,0.0,0.0,0.0,0.0,0.0,0.0,0.0,0.0,0.0,0.0,0.0,0.0,0.0,0.0,0.0,0.0,0.0,0.0,0.0,0.0,0.0,0.0,0.0,0.0,0.0,0.0,0.0,0.0,0.0,0.0,0.0,0.0,0.0,0.0,0.0,0.0,0.0,0.0,0.0,0.0,0.0,0.0,0.0,0.0,0.0,0.0,0.0,0.0,0.0,0.0,0.0,0.0,0.0,0.0,0.0,0.0,0.0,0.0,0.0,0.0,0.0,0.0,0.0,0.0,0.0,0.0,0.0,0.0,0.0,0.0,0.0,0.0,0.0,0.0,0.0,0.0,0.0,0.0,0.0,0.0
B02013,99000000402,Synthetic Census Tract 99000000402,1.0,Total:,512.5853137314513,262.2278552352477,+/-243,159.71079248895745,512.5853137314513,532.0095993044325,432.7299174869725,570.8581704503952,464.024599798998,491.00277420591647,597.8363448573136,554.671265806244,467.2619807278282,562.2251546401812,407.9099970326075,571.9372974266719,598.9154718335905,516.9018216365582,542.8008690672,601.0737257861439,528.7722183756024,428.41340958186555,435.96729841580276,448.91682213112364,431.6507905106958,535.2469802332628,591.3615829996533,471.57848863293515,325.89634683557534,593.5198369522067,494.24015513474666,641.0014239083832,705.7490424849876,298.9181724286568,489.9236472296397,556.8295197587976,602.1528527624206,464.024599798998,509.347932802621,519.0600755891116,375.5361877443053,607.5484876438044,555.7503927825209,574.0955513792254,561.1460276639045,375.5361877443053,537.4052341858163,390.6439654121797,607.5484876438044,549.2756309248604,535.2469802332628,547.1173769723069,579.4911862606091,459.70809189389104,679.8499950543459,349.63714031366356,526.6139644230489,485.60713932453274,391.72309238845645,442.4420602734632,458.62896491761427,548.1965039485837,601.0737257861439,517.9809486128349,589.2033290470997,512.5853137314513,465.1037267752747,498.5566630398536,523.3765834942186,412.2265049377145,408.9891240088843,406.8308700563308,457.54983794133756,606.4693606675276,525.5348374467721,537.4052341858163,345.32063240855666,543.8799960434767,513.664440707728,513.664440707728,499.6357900161304,550.3547579011372,478.0532504905956,441.36293329718643
B02013,99000000403,Synthetic Census Tract 99000000403,1.0,Total:,2151.3909284840374,918.4784348528005,+/-888,558.5341833564328,2287.921506637832,2232.0680883021887,2464.790664700702,2122.4298967544446,2620.973371528149,2655.106016066598,2073.8167363511993,1996.2425442183614,2512.369502542176,2051.0616399922337,2240.342668796358,2343.774924973475,1675.6025500692983,2008.6544149596157,2442.0355683417365,1619.749131733655,2187.5922181460282,1993.139576533048,1986.933641162421,3020.2218803718215,2167.940089472376,2446.1728585888213,1590.7881000040622,1933.14886795032,2023.1349308244119,1693.1860336194081,2075.8853814747417,2050.0273174304625,2047.95867230692,2432.726665285796,1656.984743957417,2052.095962554005,2543.3991793953114,2228.965120616875,2221.724862684477,2264.132087717095,2200.0040888872823,2406.868601241517,2221.724862684477,2299.2990548173148,2087.2629296542245,2048.9929948686913,1889.7073203559307,2516.506792789261,1977.6247381064804,2521.6784055981166,2379.976214635466,1716.9754525401452,2325.157118861594,2374.8046018266105,1709.735194607747,1959.0069319945994,2498.923309239151,1901.0848685354138,2010.7230600831579,2424.4520847916265,2137.944735181012,2365.4956987706696,2155.528218731122,1661.122034204502,2141.0477028663254,2239.3083462345867,2570.291566001362,2089.331574777767,2381.010537197237,2306.539312749713,2229.9994431786463,2367.564343894212,1902.119191097185,1830.750934334974,2586.8407269897007,2176.2146699665454,1970.3844801740822,2171.0430571576894,2037.6154466892083,1967.2815124887686,2150.356605922266,1909.3594490295832,2148.287960798724,1534.934681668419
B02013,99000000404,Synthetic Census Tract 99000000404,1.0,Total:,56.851900360327164,75.80253381376956,+/-80,46.429051960933855,27.478418507491465,66.32721708704837,19.89816512611451,62.537090396359886,37.90126690688478,94.75316726721195,86.22538221316287,69.16981210506472,54.95683701498293,69.16981210506472,18.95063345344239,67.27474875972048,74.85500214109744,21.793228471458747,49.271646978950216,67.27474875972048,56.851900360327164,66.32721708704837,25.583355162147225,34.111140216196304,62.537090396359886,77.6975971591138,63.48462206903201,83.3827871951465,32.21607687085206,58.746963705671405,61.589558723687766,60.642027051015646,100.43835730324466,37.90126690688478,55.90436868765505,67.27474875972048,93.80563559453982,50.21917865162233,80.54019217713015,91.91057224919558,28.425950180163582,29.373481852835702,72.9599387957532,71.06487545040896,24.635823489475108,85.27785054049075,22.740760144130867,54.00930534231081,42.63892527024537,101.38588897591679,88.12044555850711,85.27785054049075,62.537090396359886,68.22228043239261,18.95063345344239,77.6975971591138,79.59266050445804,16.10803843542603,50.21917865162233,74.85500214109744,63.48462206903201,54.00930534231081,21.793228471458747,32.21607687085206,70.11734377773683,59.694495378343525,52.11424199696657,82.43525552247439,27.478418507491465,65.37968541437624,57.799432032999285,61.589558723687766,94.75316726721195,31.268545198179943,65.37968541437624,56.851900360327164,90.01550890385136,50.21917865162233,89.06797723117923,107.0710790119495,35.05867188886842,37.90126690688478,69.16981210506472,57.799432032999285
B02013,99000000405,Synthetic Census Tract 99000000405,1.0,Total:,189.4884519889697,165.9362150185893,+/-155,100.63228523707996,235.52236970380417,175.57122105192673,179.85344595563228,146.6662029519144,138.10175314450336,157.37176521117823,142.3839780482089,168.07732747044207,117.76118485190209,204.47623915193907,211.97013273342375,179.85344595563228,149.87787162969354,265.4979440297429,107.05562259263826,142.3839780482089,243.01626328528883,108.12617881856464,222.67569499268757,98.49117278522719,198.05290179638078,223.74625121861396,178.7828897297059,189.4884519889697,181.99455840748504,204.47623915193907,143.45453427413526,157.37176521117823,194.84123311860162,222.67569499268757,184.1356708593378,261.21571912603736,229.09903234824586,122.04340975560761,175.57122105192673,256.93349422233183,135.96064069265057,240.87515083343607,153.0895403074727,267.6390564815956,161.65399011488375,176.64177727785312,152.01898408154634,143.45453427413526,230.16958857417225,105.98506636671188,210.89957650749736,143.45453427413526,125.25507843338676,234.45181347787778,276.2035062890067,135.96064069265057,156.30120898525186,179.85344595563228,198.05290179638078,167.00677124451568,247.29848818899438,270.8507251593748,264.4273878038165,114.54951617412293,291.19129345197604,146.6662029519144,124.18452220746038,281.5562874186386,213.04068895935012,141.3134218222825,221.6051387667612,221.6051387667612,187.34733953711694,187.34733953711694,87.78561052596336,204.47623915193907,247.29848818899438,173.43010860007396,174.50066482600036,159.512877663031,164.8656587926629,221.6051387667612,132.74897201487144,292.26184967790243
B02013,99000000406,Synthetic Census Tract 99000000406,1.0,Total:,180.34676895083393,134.7752735707845,+/-139,82.41653419796175,234.6447208930205,188.10361922828918,246.27999630920334,98.8998410375541,195.8604695057444,117.32236044651025,154.16739926442256,187.13401294360727,181.31637523551584,191.98204436701678,157.07621811846826,190.04283179765298,205.5565323525634,107.62629759969123,220.10062662279196,212.34377634533675,192.95165065169869,174.52913124274252,179.37716266615203,144.47133641760354,108.59590388437313,171.62031238869682,186.16440665892537,173.55952495806062,171.62031238869682,156.10661183378636,242.40157117047573,129.92724214737498,112.47432902310074,174.52913124274252,174.52913124274252,219.13102033811006,244.34078373983954,171.62031238869682,128.95763586269308,222.03983919215577,166.7722809652873,155.13700554910446,177.43795009678823,269.550547141569,205.5565323525634,206.5261386372453,245.31039002452144,103.7478724609636,208.4653512066091,112.47432902310074,180.34676895083393,170.65070610401492,185.19480037424344,218.16141405342816,175.49873752742442,174.52913124274252,205.5565323525634,123.13999815460167,222.03983919215577,178.40755638147013,197.7996820751082,156.10661183378636,149.31936784101305,128.95763586269308,131.8664547167388,196.8300757904263,210.40456377597292,183.25558780487964,181.31637523551584,178.40755638147013,209.43495749129102,119.26157301587406,89.20377819073506,127.98802957801118,185.19480037424344,226.88787061556528,246.27999630920334,127.01842329332928,116.35275416182834,217.19180776874626,160.95464325719587,159.01543068783207,195.8604695057444,253.06724030197665
B02013,99000000407,Synthetic Census Tract 99000000407,1.0,Total:,436.83292516535533,329.7660317424741,+/-308,200.21509070078784,548.1824943251518,273.02057822834706,351.17941042705036,532.1224603117196,357.6034240324232,549.2531632593806,585.6559070231602,555.6771768647535,490.36637187679594,364.0274376377961,364.0274376377961,366.1687755062537,429.33824262575365,479.6596825345078,459.3169727841604,331.9073696109317,301.928639452525,494.64904761371116,467.8823242579909,369.3807823089401,536.4051360486349,394.0061677962028,340.4727210847622,353.320748295508,564.242528338584,624.1999886553974,408.9955328754062,406.8541950069486,276.2325850310335,413.27820861232146,313.70599772904194,433.6209183626689,589.9385827600754,399.3595124673469,591.0092516943042,583.5145691547026,446.4689455734146,388.6528231250588,370.45145124316895,346.8967346901351,302.9993083867538,517.1330952325162,610.2812925104229,519.2744331009739,464.6703174553044,364.0274376377961,269.80857142566066,291.2219501102369,491.4370408110247,594.2212584969907,554.6065079305247,416.49021541500787,373.6634580458554,490.36637187679594,418.6315532834655,428.26757369152483,557.818514733211,520.3451020352027,338.33138321630463,509.6384126929145,388.6528231250588,480.7303514687366,548.1824943251518,425.05556688883837,328.6953628082453,362.95676870356726,371.52212017739777,487.1543650741095,527.8397845748043,598.503934233906,588.8679138258466,569.595873009728,371.52212017739777,319.059342400186,183.08438775312686,366.1687755062537,374.7341269800842,428.26757369152483,569.595873009728,432.55024942844005
B02013,99000000408,Synthetic Census Tract 99000000408,1.0,Total:,119.97359127797264,119.97359127797264,+/-125,72.94394349700737,155.48577429625254,97.89845048282568,61.426478734322,111.33549270595861,49.909013971636625,92.139718101483,143.96830953356718,178.5207038216233,178.5207038216233,187.15880239363733,119.01380254774887,129.57147858021045,159.32492921714768,168.9228165193855,54.70795762275553,103.65718286416836,99.81802794327325,110.37570397573484,137.2497884220007,120.93338000819644,147.8074644544623,72.94394349700737,94.05929556193055,96.9386617526019,82.54183079924518,121.89316873842021,139.16936588244826,160.28471794737146,173.7217601705044,121.89316873842021,127.6519011197629,179.48049255184708,87.3407744503641,123.81274619886777,67.18521111566469,79.66246460857384,123.81274619886777,103.65718286416836,144.92809826379096,34.55239428805612,117.09422508730131,167.9630277891617,119.01380254774887,62.386267464545774,108.45612651528728,132.45084477088182,114.21485889662996,131.49105604065804,88.30056318058787,99.81802794327325,168.9228165193855,171.80218271005683,161.24450667759524,141.08894334289585,117.09422508730131,140.12915461267207,167.00323905893794,144.92809826379096,78.70267587835006,68.14499984588846,142.04873207311962,173.7217601705044,85.42119698991652,85.42119698991652,92.139718101483,83.50161952946897,68.14499984588846,99.81802794327325,119.01380254774887,124.77253492909155,180.44028128207086,149.72704191490988,169.88260524960927,98.85823921304946,103.65718286416836,129.57147858021045,178.5207038216233,148.7672531846861,106.53654905483971,126.69211238953912
B02013,99000000409,Synthetic Census Tract 99000000409,1.0,Total:,126.2399422219021,95.6980207166032,+/-94,58.0296508600679,129.29413437243198,156.781863727201,97.73414881695646,145.58315917525806,116.0593017201358,159.83605587773087,126.2399422219021,74.31867566289398,90.60770046572006,82.46318806430702,132.34832652296188,116.0593017201358,129.29413437243198,101.80640501766298,87.55350831519016,134.38445462331515,103.84253311801623,125.22187817172546,126.2399422219021,170.01669637949718,168.99863232932054,103.84253311801623,105.8786612183695,134.38445462331515,124.20381412154885,182.23346498161675,75.33673971307061,155.76379967702437,160.8541199279075,96.71608476677983,148.63735132578796,115.04123766995917,88.57157236536679,110.96898146925265,144.56509512508143,165.94444017879067,133.36639057313852,144.56509512508143,124.20381412154885,111.98704551942927,100.78834096748635,138.45671082402166,184.26959308197,113.0051095696059,101.80640501766298,103.84253311801623,91.62576451589669,163.9083120784374,182.23346498161675,142.52896702472816,87.55350831519016,116.0593017201358,139.4747748741983,178.16120878091021,166.9625042289673,131.33026247278525,144.56509512508143,146.6012232254347,92.64382856607331,89.58963641554342,91.62576451589669,160.8541199279075,172.05282447985044,88.57157236536679,133.36639057313852,98.7522128671331,143.5470310749048,135.40251867349176,102.82446906783962,128.27607032225535,84.49931616466027,78.3909318636005,148.63735132578796,162.89024802826077,127.25800627207873,126.2399422219021,80.42705996395375,100.78834096748635,134.38445462331515,120.13155792084231
B02013,99000000410,Synthetic Census Tract 99000000410,1.0,Total:,35.2579684877844,40.15490855553224,+/-41,24.48470033873917,49.94878869102791,14.690820203243502,20.567148284540902,17.6289842438922,36.23735650133397,41.134296569081805,47.01062465037921,21.54653629809047,38.196132528433104,33.29919246068527,11.752656162594802,26.443476365838304,56.804504785874876,47.99001266392877,48.96940067747834,32.3198044471357,38.196132528433104,30.361028420036572,36.23735650133397,45.05184862328007,32.3198044471357,14.690820203243502,21.54653629809047,15.67020821679307,49.94878869102791,37.21674451488354,38.196132528433104,21.54653629809047,26.443476365838304,32.3198044471357,14.690820203243502,36.23735650133397,43.09307259618094,52.88695273167661,56.804504785874876,35.2579684877844,42.11368458263137,35.2579684877844,33.29919246068527,46.03123663682964,34.278580474234836,21.54653629809047,16.649596230342635,16.649596230342635,29.381640406487005,51.90756471812704,28.402252392937438,11.752656162594802,38.196132528433104,29.381640406487005,27.42286437938787,43.09307259618094,43.09307259618094,46.03123663682964,53.866340745226175,36.23735650133397,30.361028420036572,37.21674451488354,30.361028420036572,62.68083286717228,36.23735650133397,25.464088352288737,23.505312325189603,19.587760270991335,32.3198044471357,57.78389279942444,29.381640406487005,11.752656162594802,33.29919246068527,36.23735650133397,23.505312325189603,46.03123663682964,47.99001266392877,54.84572875877574,45.05184862328007,36.23735650133397,41.134296569081805,36.23735650133397,42.11368458263137,48.96940067747834
B02013,99000000411,Synthetic Census Tract 99000000411,1.0,Total:,53.47804056845675,50.613145538003714,+/-53,30.55888032483243,56.34293559890979,68.75748073087297,62.07272565981587,45.838320487248644,42.9734254567956,63.9826556801179,63.02769066996689,50.613145538003714,64.93762069026891,52.52307555830574,30.55888032483243,76.39720081208108,82.12699087298715,33.42377535528547,44.88335547709763,52.52307555830574,22.919160243624322,41.063495436493575,59.20783062936283,52.52307555830574,55.387970588758776,82.12699087298715,67.80251572072196,51.56811054815473,42.9734254567956,56.34293559890979,76.39720081208108,53.47804056845675,80.21706085268512,60.162795639513845,30.55888032483243,71.62237576132601,75.44223580193007,40.10853042634256,54.43300557860776,57.297900609060804,29.603915314681416,47.74825050755067,64.93762069026891,47.74825050755067,65.89258570041993,76.39720081208108,63.9826556801179,61.11776064966486,63.9826556801179,79.26209584253411,74.48727079177905,41.063495436493575,63.02769066996689,42.01846044664459,36.28867038573851,88.81174594404425,69.71244574102398,33.42377535528547,65.89258570041993,76.39720081208108,42.9734254567956,36.28867038573851,49.6581805278527,40.10853042634256,54.43300557860776,68.75748073087297,59.20783062936283,53.47804056845675,61.11776064966486,65.89258570041993,65.89258570041993,37.24363539588953,52.52307555830574,36.28867038573851,32.46881034513446,60.162795639513845,70.667410751175,27.693985294379388,62.07272565981587,68.75748073087297,46.79328549739966,33.42377535528547,44.88335547709763,67.80251572072196
B02013,99000000412,Synthetic Census Tract 99000000412,1.0,Total:,75.41180587040617,56.020198646587446,+/-52,34.47396839789997,90.49416704448741,105.57652821856865,42.01514898494058,96.95803611909366,66.79331377093118,93.72610158179053,72.17987133310305,45.247083522243706,40.93783747250621,84.03029796988116,72.17987133310305,78.6437404077093,64.63869074606244,81.87567494501242,73.25718284553743,61.40675620875932,51.71095259684995,67.87062528336556,91.57147855692179,61.40675620875932,73.25718284553743,95.88072460665929,87.2622325071843,90.49416704448741,67.87062528336556,113.11770880560927,70.02524830823431,68.94793679579993,67.87062528336556,54.94288713415307,105.57652821856865,53.8655756217187,89.41685553205303,57.09751015902182,77.56642889527492,59.252133183890564,66.79331377093118,84.03029796988116,93.72610158179053,77.56642889527492,82.9529864574468,71.10255982066869,118.50426636778113,67.87062528336556,72.17987133310305,71.10255982066869,90.49416704448741,103.4219051936999,112.04039729317489,81.87567494501242,87.2622325071843,65.71600225849681,95.88072460665929,86.18492099474992,62.48406772119369,98.03534763152803,81.87567494501242,93.72610158179053,84.03029796988116,58.17482167145619,61.40675620875932,79.72105192014368,82.9529864574468,66.79331377093118,82.9529864574468,47.401706547112454,61.40675620875932,65.71600225849681,56.020198646587446,76.48911738284055,52.78826410928433,59.252133183890564,70.02524830823431,67.87062528336556,75.41180587040617,100.18997065639678,73.25718284553743,57.09751015902182,44.169772009809336,66.79331377093118
B02013,99000000413,Synthetic Census Tract 99000000413,1.0,Total:,0.0,13.125262309430576,+/-14,8.437668627491085,0.0,0.0,0.0,0.0,0.0,0.0,0.0,0.0,0.0,0.0,0.0,0.0,0.0,0.0,0.0,0.0,0.0,0.0,0.0,0.0,0.0,0.0,0.0,0.0,0.0,0.0,0.0,0.0,0.0,0.0,0.0,0.0,0.0,0.0,0.0,0.0,0.0,0.0,0.0,0.0,0.0,0.0,0.0,0.0,0.0,0.0,0.0,0.0,0.0,0.0,0.0,0.0,0.0,0.0,0.0,0.0,0.0,0.0,0.0,0.0,0.0,0.0,0.0,0.0,0.0,0.0,0.0,0.0,0.0,0.0,0.0,0.0,0.0,0.0,0.0,0.0,0.0,0.0,0.0,0.0
B02013,99000000414,Synthetic Census Tract 99000000414,1.0,Total:,55.01773909482916,64.18736227730069,+/-70,39.42937968462756,34.8445680933918,57.76862604957062,52.2668521400877,78.85875936925513,97.19800573419819,68.77217386853646,32.093681138650346,72.44002314152506,17.4222840466959,94.44711877945673,19.256208683190206,53.18381445833486,18.339246364943055,39.42937968462756,61.43647532255923,68.77217386853646,66.021286913795,33.92760577514465,54.10077677658201,74.27394777801936,31.17671882040319,50.4329275035934,67.8552115502893,37.59545504813326,60.519513004312074,67.8552115502893,70.60609850503076,82.52660864224374,56.85166373132347,59.60255068606492,61.43647532255923,52.2668521400877,60.519513004312074,35.76153041163896,32.093681138650346,45.848115912357635,54.10077677658201,70.60609850503076,61.43647532255923,68.77217386853646,33.92760577514465,59.60255068606492,53.18381445833486,71.52306082327792,107.28459123491686,70.60609850503076,36.67849272988611,76.10787241451368,18.339246364943055,88.94534486997381,18.339246364943055,50.4329275035934,20.17317100143736,38.51241736638041,73.35698545977222,83.44357096049089,57.76862604957062,30.259756502156037,48.599002867099095,74.27394777801936,34.8445680933918,50.4329275035934,64.18736227730069,44.931153594110484,53.18381445833486,73.35698545977222,77.94179705100798,75.19091009626652,54.10077677658201,55.01773909482916,53.18381445833486,52.2668521400877,61.43647532255923,34.8445680933918,33.92760577514465,40.34634200287472,52.2668521400877,71.52306082327792,66.021286913795,74.27394777801936
B02013,99000000415,Synthetic Census Tract 99000000415,1.0,Total:,152.03650587033374,141.38426660553327,+/-146,86.18629950611276,183.9932236647351,127.82687117760544,177.21452595077116,214.0131706837182,148.1629643194972,126.8584857898963,183.9932236647351,220.79186839768212,111.3643195865502,112.33270497425931,139.44749583011503,87.15468489382188,151.0681204826246,113.30109036196845,175.2777551753529,166.56228668597072,179.15129672618943,214.98155607142732,101.68046570945887,106.52239264800453,198.51900448037208,157.84681819658852,157.84681819658852,214.0131706837182,172.37259901222552,105.55400726029539,212.07639990829992,196.5822337049538,86.18629950611276,155.91004742117028,181.0880675016077,82.31275795527623,185.92999444015337,80.37598717985796,103.61723648487713,133.63718350386023,144.28942276866067,160.75197435971592,164.62551591055245,182.05645288931683,119.11140268822325,149.13134970720634,129.7636419530237,101.68046570945887,129.7636419530237,241.12796153957387,92.96499722007668,100.71208032174974,179.15129672618943,120.07978807593237,140.41588121782416,190.771921378699,155.91004742117028,169.46744284909812,99.7436949340406,196.5822337049538,189.8035359909899,47.450883997747475,128.79525656531456,194.64546292953554,102.648851097168,209.17124374517252,149.13134970720634,114.26947574967758,192.70869215411727,188.83515060328077,83.28114334298536,93.93338260778582,197.55061909266294,177.21452595077116,164.62551591055245,158.81520358429765,122.98494423905977,249.84343002895608,200.45577525579034,139.44749583011503,168.499057461389,119.11140268822325,111.3643195865502,106.52239264800453
B02013,99000000416,Synthetic Census Tract 99000000416,1.0,Total:,755.5141485784991,296.3619035860411,+/-284,180.53031450839828,775.3411773395371,864.0410428494438,723.1647858631214,490.45807987830744,883.8680716104817,762.8188433851973,700.2071736134985,812.9081792025563,913.0868508372745,608.3767246150069,749.2529816013292,835.8657914521792,870.3022098266136,727.3388971812346,799.3423174186883,825.4305131568962,651.1613656256677,651.1613656256677,808.7340678844431,741.948286794631,644.9001986484978,704.3812849316117,930.8268239392559,807.6905400549148,762.8188433851973,758.6447320670841,754.4706207489708,831.691680134066,818.125818350198,890.1292385876516,879.6939602923684,720.0342023745364,626.1166977169883,684.5542561705738,799.3423174186883,723.1647858631214,831.691680134066,889.0857107581232,809.7775957139714,588.549695853969,811.8646513730281,888.0421829285949,731.5130084993478,699.1636457839702,714.8165632268949,871.345737656142,728.382425010763,924.5656569620859,740.9047589651027,687.6848396591587,800.3858452482166,732.5565363288762,688.728367488687,711.6859797383099,824.3869853273678,775.3411773395371,608.3767246150069,724.2083136926497,652.204893455196,844.2140140884057,663.6836995800076,722.1212580335931,955.8714918479353,706.4683405906684,802.4729009072732,733.6000641584045,816.0387626911413,684.5542561705738,809.7775957139714,818.125818350198,710.6424519087816,835.8657914521792,801.4293730777449,832.7352079635943,729.4259528402913,710.6424519087816,889.0857107581232,802.4729009072732,910.9997951782178,652.204893455196
B02013,99000000417,Synthetic Census Tract 99000000417,1.0,Total:,63.68917927171539,84.91890569562052,+/-80,52.01282973856757,30.78310331466244,74.30404248366796,22.29121274510039,70.05809719888693,42.45945284781026,106.14863211952566,96.59525522876835,77.48850144725373,61.56620662932488,77.48850144725373,21.22972642390513,75.36552880486322,83.85741937442526,24.4141853874909,55.197288702153344,75.36552880486322,63.68917927171539,74.30404248366796,28.660130672271926,38.21350756302924,70.05809719888693,87.04187833801103,71.11958352008219,93.41079626518257,36.090534920638724,65.81215191410591,68.99661087769168,67.93512455649642,112.5175500466972,42.45945284781026,62.627692950520135,75.36552880486322,105.0871457983304,56.2587750233486,90.2263373015968,102.96417315593989,31.844589635857695,32.906075957052956,81.73444673203475,79.61147408964425,27.598644351076672,95.53376890757309,25.475671708686157,60.50472030812962,47.766884453786545,113.57903636789246,98.71822787115886,95.53376890757309,70.05809719888693,76.42701512605848,21.22972642390513,87.04187833801103,89.16485098040155,18.045267460319362,56.2587750233486,83.85741937442526,71.11958352008219,60.50472030812962,24.4141853874909,36.090534920638724,78.54998776844899,66.87363823530116,58.38174766573911,92.34930994398732,30.78310331466244,73.2425561624727,64.75066559291065,68.99661087769168,106.14863211952566,35.02904859944346,73.2425561624727,63.68917927171539,100.84120051354937,56.2587750233486,99.77971419235412,119.947954295064,39.27499388422449,42.45945284781026,77.48850144725373,64.75066559291065
B02013,99000000418,Synthetic Census Tract 99000000418,1.0,Total:,356.3185703803264,222.14923215069732,+/-202,135.26908690364243,389.311030600727,381.61278988263354,268.3386764592581,323.3261101599258,326.62535618196586,392.61027662276706,378.3135438605935,373.91454916454006,422.3034908211276,335.4233455740727,369.51555446848664,457.4954483895549,431.1014802132344,399.20876866684716,350.81982701025964,342.0218376181528,390.4107792747403,291.43339861353854,274.9371685033383,267.2389277852448,347.5205809882196,347.5205809882196,437.6999722573145,519.0813741343027,289.23390126551186,311.2288747457789,328.8248535299926,358.5180677283531,436.60022358330116,271.63792248129823,376.11404651256674,281.5356605474184,381.61278988263354,340.92208894413943,467.39318645567505,505.8843900461424,241.94470828293768,229.8474728687908,433.3009775612611,405.80726071092727,400.30851734086053,274.9371685033383,386.01178457868696,356.3185703803264,456.3956997155415,400.30851734086053,261.740184415178,355.21882170631307,300.2313880056454,453.0964536935015,366.2163084464466,295.83239330959196,302.4308853536721,354.1190730322997,362.91706242440654,348.6203296622329,349.7200783362463,320.02686413788575,403.6077633629006,379.4132925346068,373.91454916454006,501.485395350089,323.3261101599258,238.64546226089763,395.9095226448071,346.4208323142062,408.006758058954,343.12158629216617,249.64294900103116,426.702485517181,359.61781640236643,415.7049987770475,290.33364993952523,367.3160571204599,249.64294900103116,237.54571358688426,466.2934377816617,484.98916523988873,314.52812076781896,311.2288747457789
B02013,99000000419,Synthetic Census Tract 99000000419,1.0,Total:,933.3720562943728,341.500978459195,+/-356,208.16211327428456,1073.425828359099,802.9110083436691,963.1095010478421,777.969925647211,721.3728533744793,896.919704661088,910.3495184207192,770.2957463559932,944.8833252311996,758.7844774191664,975.580042396071,912.2680632435237,1022.5843905547805,938.1684183513839,1042.7291111942272,1071.5072835362944,997.6433078583224,927.6164218259594,946.8018700540041,1052.3218353082498,959.272411402233,827.8520910401271,1024.502935377585,1083.9778248845234,764.5401118875798,721.3728533744793,877.7342564330432,836.4855427427473,1077.2629180047077,886.3677081356634,868.1415323190209,989.9691285671046,1015.8694836749648,917.0644253005348,1003.3989423267358,1016.8287560863671,944.8833252311996,899.7975218952946,1046.5662008398363,857.5895357935964,795.2368290524512,1003.3989423267358,728.087760254295,732.8841223113061,1032.1771146688027,992.8469458013112,900.7567943066969,925.6978770031549,805.7888255778757,1006.2767595609425,969.8244079276576,792.3590118182445,794.2775566410489,895.0011598382835,933.3720562943728,898.8382494838924,975.580042396071,868.1415323190209,915.1458804777303,899.7975218952946,871.0193495532276,1180.864338436149,736.721211956915,914.1866080663281,942.9647804083951,873.8971667874343,943.9240528197973,1059.0367421880653,950.638959699613,1093.5705489985457,1001.4803975039313,1102.2040007011658,988.0505837443001,981.3356768644844,812.5037324576914,919.9422425347415,1100.2854558783613,911.3087908321214,1053.2811077196518,885.4084357242612
B02013,99000000420,Synthetic Census Tract 99000000420,1.0,Total:,2284.156184056499,708.7068177433572,+/-722,430.9173033093266,2246.8558252279013,2441.2103264927,1965.1399572329656,2302.806363470798,2021.0904954758623,2156.5496933270856,2589.430173416865,2324.4013080557756,2833.8456825832027,2437.283972931795,2115.322980937583,2644.3991232695353,2025.9984374269934,2287.100949227178,2150.660162985728,1979.8637830863595,2025.0168490367673,2112.3782157669043,2847.58792004637,1892.5024163562225,2348.9410178114317,2354.8305481527896,2291.0273027880826,2018.1457303051834,2287.100949227178,2285.137772446725,2232.1319993745074,2266.4875930324265,2338.143545518943,2250.782178788806,2533.4796351739683,2599.2460573191274,2262.5612394715213,2061.3356194751386,2612.0067063920687,2371.5175507866356,2456.91574073632,2394.0940837618396,2013.237788354052,2503.0503950769544,2257.65329752039,2292.990479568535,2239.0031181060913,2240.966294886544,2239.9847064963174,2177.163049521837,2246.8558252279013,2363.6648436648256,2296.9168331294404,1883.6681208441862,2286.1193608369513,2545.258695856683,2696.4233079515266,2083.9121524503425,2050.53814718265,2461.8236826874513,2580.5958779048283,2160.476046887991,2104.525508645094,2253.726943959485,2068.2067382067225,2683.6626588785853,2385.2597882498035,2380.351846298672,2372.499139176862,2628.693709025915,2297.8984215196665,2184.034168253421,1959.250426891608,1919.0053028923317,2238.0215297158647,2336.1803687384904,2559.000933319851,2307.714305421929,2050.53814718265,2420.5969702979487,2377.4070811279935,2432.376030980664,2071.1515033774012,1994.5876089397534
B02013,99000000421,Synthetic Census Tract 99000000421,1.0,Total:,362.59942394191677,279.1366409373835,+/-301,169.70765877588434,272.64509114814206,363.5267881975227,394.12980863251823,451.6263924800856,367.2362452199464,189.18230814360876,333.8511320181331,341.2700460629805,410.8223652334249,214.22114304496873,418.2412792782723,324.57748946207386,219.7853285786043,394.12980863251823,390.42035161009454,247.60625624678204,446.98957120205597,371.873066497976,331.0690392513153,422.87810055630194,253.1704417804176,452.55375673569154,377.4372520316116,486.86623419311076,448.84429971326784,276.35454817056575,463.68212780296267,415.4591865114545,495.2125124935641,195.67385793285024,408.0402724666071,347.761595852222,202.16540772209171,276.35454817056575,368.16360947555233,268.9356341257183,305.1028400943494,395.05717288812417,417.3139150226664,355.1805098970694,258.73462731405317,467.39158482538636,333.8511320181331,484.084141426293,450.69902822447966,274.4998196593539,299.53865456071384,345.9068673410101,338.48795329616274,257.80726305844723,426.58755757872564,423.8054648119078,244.82416347996428,434.006471623573,367.2362452199464,204.9475004889095,298.61129030510796,460.90003503614486,420.09600778948413,281.91873370420126,155.79719494179545,351.4710528746457,407.1129082110012,469.2463133365982,457.19057801372117,231.84106390148133,366.30888096434046,354.25314564146345,519.3239831393181,296.7565617938961,378.36461628721753,404.33081544418343,300.4660188163198,342.19741031858644,391.3477158657005,209.58432176693913,340.34268180737456,367.2362452199464,404.33081544418343,425.6601933231197
B02013,99000000422,Synthetic Census Tract 99000000422,1.0,Total:,625.2242217295577,483.12780770011284,+/-476,293.32759753221137,701.3473006739033,686.1226848850341,930.7315118928644,435.4240115616563,800.8147904945147,640.4488375184269,616.0894522562363,660.748325236919,384.675292265426,559.2508866444583,487.18770524381125,517.6369368215494,721.6467883923954,524.7417575230216,821.1142782130069,836.3388940018759,548.0861683992877,780.5153027760226,470.94811506901755,571.4305792755536,572.4455536614782,621.1643241858593,687.1376592709588,281.1479049011161,477.03796138456516,826.18915014263,539.9663733118908,387.72021542319976,557.220937872609,810.9645343537608,568.3856561177798,469.9331406830929,524.7417575230216,576.5054512051767,765.2906869871535,644.5087350621253,750.0660711982844,805.8896624241378,410.04965191354114,709.4670957613001,707.4371469894509,529.8166294526447,937.8363325943367,686.1226848850341,647.5536582198991,278.10298174334224,695.2574543583556,803.8597136522885,809.9495599678362,607.9696571688395,533.8765269963432,707.4371469894509,660.748325236919,635.3739655888038,614.059503484387,425.2742677024102,635.3739655888038,466.88821752531913,754.1259687419828,484.1427820860374,569.4006305037044,643.4937606762007,664.8082227806174,645.5237094480499,481.0978589282636,419.1844213868626,471.9630894549421,789.650072249344,824.1592013707807,721.6467883923954,534.8915013822677,755.1409431279075,360.3159070032354,566.3557073459306,639.4338631325022,374.5255484061799,630.2990936591808,363.36083016100923,778.4853540041734,669.8830947102405
B02013,99000000423,Synthetic Census Tract 99000000423,1.0,Total:,492.58317133875744,310.0635141016286,+/-282,188.0172372743918,558.5541317859124,617.9279961883519,567.3502598455332,528.8671995846927,420.01511484688695,371.63641051897326,491.4836553313049,327.6557702208699,620.1270282032572,542.0613916741237,433.20930693631794,358.44221842954227,549.7580037262918,454.100111077917,465.0952711524429,400.22382671274045,507.9763954430936,590.4400960020374,410.1194707798137,490.3841393238523,483.7870432791368,437.60737096612826,632.2217042852355,428.81124290650763,492.58317133875744,565.1512278306279,598.1367080542054,434.3088229437705,266.0828738035252,490.3841393238523,463.99575514499026,433.20930693631794,374.934958541331,715.7849208516319,582.7434839498693,378.23350656368876,612.430416151089,481.5880112642316,700.3916967472958,600.3357400691107,454.100111077917,514.5734914878092,378.23350656368876,548.6584877188392,472.79188320461094,437.60737096612826,366.13883048171033,524.4691355548824,565.1512278306279,465.0952711524429,456.2991430928222,592.6391280169425,619.0275121958045,510.1754274579988,510.1754274579988,564.0517118231754,423.3136628692447,540.9618756666712,449.7020470481067,469.4933351822532,423.3136628692447,460.6972071226325,473.8913992120635,620.1270282032572,506.87687943564106,527.7676835772402,660.8091204790028,741.0737890230414,325.45673820596477,411.21898678726626,495.8817193611152,515.6730074952617,504.6778474207359,525.5686515623349,612.430416151089,537.6633276443134,333.15335025813283,427.711726899055,416.7165668245292,625.62460824052
B02013,99000000424,Synthetic Census Tract 99000000424,1.0,Total:,433.753476244063,214.27629761697116,+/-206,130.0220252530165,547.1326822646934,510.72651519384874,326.6153274355774,547.1326822646934,411.9097760015562,405.6687187894114,369.2625517185668,316.21356541533606,410.86959979953207,425.4320666278699,403.58836638536314,434.7936524460871,386.94554715297704,369.2625517185668,470.1596433149076,349.4992038801083,394.22678056714597,449.35611927442494,456.63735268859386,427.51241903191817,480.5614053351489,404.6285425873873,448.31594307240084,417.1106570116769,392.1464281630977,522.1684534161142,493.0435197594385,530.4898630323072,475.3605243250283,432.71330004203884,429.5927714359665,452.47664788049735,416.07048080965274,393.18660436512187,497.20422456753505,391.10625196107355,332.85638464772217,397.3473091732184,419.19100941572515,484.72211014324546,585.6192017395863,532.5702154363555,323.494798829505,548.1728584667175,384.8651947489288,493.0435197594385,422.31153802179756,357.82061349630135,385.90537095095294,423.35171422382166,430.6329476379906,566.8960301031518,337.01708945581873,423.35171422382166,520.088101012066,386.94554715297704,326.6153274355774,373.42325652666335,437.9141810521595,500.3247531736074,456.63735268859386,423.35171422382166,443.1150620622802,456.63735268859386,349.4992038801083,447.2757668703767,402.54819018333905,404.6285425873873,462.8784099007387,494.08369596146264,511.7666913958729,359.9009659003496,492.0033435574144,380.7044899408323,378.624137536784,371.3429041226151,450.3962954764491,473.28017192097997,463.9185861027628,624.1057212144791
B02013,99000000425,Synthetic Census Tract 99000000425,1.0,Total:,1466.4022554709686,558.4353273093056,+/-548,339.3411751715306,1674.2869393598342,1707.9153441065623,1586.6492785047242,1593.7825764813028,1603.9730021621297,1299.27927430541,1465.3832129028858,1401.1835311136774,1523.4686392835983,1669.1917265194209,1156.6133147738356,1270.746082399095,1553.0208737579958,1440.9261912689017,1578.4969379600627,1358.383743254205,1431.7548081561577,1599.896831889799,1488.8211919687874,1386.9169351605199,1411.3739567945042,1401.1835311136774,1199.4131026333077,1318.6410830989807,1505.12587305811,1379.7836371839412,1609.068215002543,1531.6209798282598,1191.2607620886465,1383.859807456272,1452.135659517811,1558.1160865984093,1339.0219344606342,1754.7913022383655,1773.1340684638535,1511.2401284666062,1410.3549142264214,1491.8783196730353,1503.087787921945,1485.7640642645395,1573.4017251196494,1557.0970440303265,1447.0404466773978,2048.2755618461756,1751.7341745341173,1706.8963015384797,1559.1351291664919,1262.5937418544336,1657.9822582705112,1392.0121480009334,1340.040977028717,1515.316298738937,1293.1650188969138,1390.9931054328506,1431.7548081561577,1141.3276762525954,1518.373426443185,1281.9555506480044,1254.4414013097723,1463.3451277667205,1389.974062864768,1559.1351291664919,1528.5638521240116,1357.3647006861224,1406.2787439540907,1247.3081033331935,1220.812996563044,1518.373426443185,1229.984379675788,1493.9164048092007,1668.172683951338,1775.1721536000189,1539.773320372921,1316.6029979628154,1346.155232437213,1851.6003462062195,1678.3631096321649,1257.4985290140203,1499.0116176496142,1379.7836371839412
B02013,99000000426,Synthetic Census Tract 99000000426,1.0,Total:,0.0,13.698633460181025,+/-14,8.80626436725923,0.0,0.0,0.0,0.0,0.0,0.0,0.0,0.0,0.0,0.0,0.0,0.0,0.0,0.0,0.0,0.0,0.0,0.0,0.0,0.0,0.0,0.0,0.0,0.0,0.0,0.0,0.0,0.0,0.0,0.0,0.0,0.0,0.0,0.0,0.0,0.0,0.0,0.0,0.0,0.0,0.0,0.0,0.0,0.0,0.0,0.0,0.0,0.0,0.0,0.0,0.0,0.0,0.0,0.0,0.0,0.0,0.0,0.0,0.0,0.0,0.0,0.0,0.0,0.0,0.0,0.0,0.0,0.0,0.0,0.0,0.0,0.0,0.0,0.0,0.0,0.0,0.0,0.0,0.0,0.0
B02013,99000000427,Synthetic Census Tract 99000000427,1.0,Total:,503.6227847065566,372.5725547076462,+/-344,226.3594881799362,381.2370327241031,685.5768230521513,337.91464264181866,474.38017140101465,571.8555490861546,644.420552473981,584.85226611084,511.20420297095643,406.14740702141665,426.72554231050174,326.0009853691904,653.0850304904379,536.11457726827,306.50590983216244,540.4468162764985,523.1178602435846,478.7124104092431,575.104728342326,493.8752469380426,240.43926495667864,423.4763630543304,509.0380834668422,484.1277091695286,713.7363766056361,514.4533822271277,502.5397249544995,505.78890421067086,544.7790552847268,613.0118196643249,522.0348004915276,570.7724893340975,437.55613983107287,579.4369673505544,528.5331590038702,637.9221939616384,759.2248861920348,402.8982277652453,346.57912065827554,394.2337497487884,429.97472156667305,554.5265930532408,310.8381488403909,641.1713732178097,437.55613983107287,551.2774137970695,351.9944194185611,394.2337497487884,409.39658627758797,576.1877880943831,617.3440586725533,640.0883134657527,315.1703878486193,531.7823382600416,689.9090620603797,504.70584445861374,479.79547016130016,581.6030868546686,487.3768884257,589.1845051190684,609.7626404081535,660.6664487548377,618.4271184246104,614.0948794163819,451.6359166078153,654.168090242495,458.13427512015795,423.4763630543304,422.3933033022733,261.0174002457638,563.1910710696977,435.3900203269586,518.7856212353562,360.658897435018,360.658897435018,355.2435986747324,442.97143859135844,576.1877880943831,673.6631657795231,629.2577159451815,499.2905456983282
B02013,99000000428,Synthetic Census Tract 99000000428,1.0,Total:,948.4147699455403,407.7483942442365,+/-408,247.84706316806535,809.5004885731166,894.4480707073326,1049.3524851873735,1131.3019173639111,1160.2840336214672,955.4104531801229,1104.3185677448073,883.4548541958458,973.3993529261921,1293.2020150785345,778.5196056771085,1108.3161010217116,1094.3247345525465,995.3857859491657,923.4301869648887,1032.3629687605303,1032.3629687605303,911.4375871341758,1047.3537185489213,1013.3746856952349,1064.3432349757645,882.4554708766198,997.3845525876178,804.5035719769863,813.4980218500209,1040.3580353143388,873.4610210035851,881.4560875573936,930.4258701994711,755.5337893349089,839.4819881498987,1002.3814691837481,806.5023386154385,819.4943217653773,965.4042863723836,564.6515753627295,881.4560875573936,1092.3259679140945,882.4554708766198,838.4826048306727,627.6127244739719,865.4659544497765,810.4998718923428,818.4949384461513,982.3938027992267,868.4641044074548,1003.3808525029742,910.4382038149497,1017.3722189721392,916.4345037303061,946.4160033070882,833.4856882345423,1162.2828002599194,1005.3796191414264,769.5251558040738,992.3876359914874,899.444987303463,813.4980218500209,966.4036696916096,1037.3598853566607,1123.3068508101026,965.4042863723836,1039.3586519951127,944.4172366686361,1034.3617353989823,1066.3420016142165,708.5627733312836,1023.3685188874956,882.4554708766198,971.40058628774,1021.3697522490435,1100.321034467903,890.4505374304283,927.4277202417929,1154.2877337061109,1022.3691355682695,930.4258701994711,952.4123032224446,1022.3691355682695,904.4419038995933
B02013,99000000429,Synthetic Census Tract 99000000429,1.0,Total:,108.44418577152564,91.76046488359862,+/-99,55.612402959756736,62.10051663839503,92.68733826626124,132.54289372075357,105.6635656235378,132.54289372075357,70.44237708235853,105.6635656235378,120.4935397461396,166.8372088792702,82.4917310569725,109.37105915418826,126.05478004211528,64.88113678638287,62.10051663839503,121.42041312880221,110.29793253685087,101.95607209288735,121.42041312880221,131.61602033809095,130.68914695542833,114.00542606750132,117.71291959815177,114.00542606750132,90.83359150093601,53.758656194431516,153.86098152199364,114.93229945016392,118.63979298081438,70.44237708235853,110.29793253685087,62.10051663839503,74.14987061300899,150.15348799134318,117.71291959815177,96.39483179691169,123.27415989412744,114.00542606750132,103.80981885821258,75.07674399567159,65.80801016904547,61.173643255732415,107.51731238886303,105.6635656235378,106.59043900620041,110.29793253685087,62.10051663839503,115.85917283282654,87.12609797028556,115.85917283282654,157.5684750526441,128.83540019010312,127.9085268074405,68.5886303170333,51.90490942910629,115.85917283282654,125.12790665945266,116.78604621548915,105.6635656235378,141.8116275473797,121.42041312880221,136.25038725140402,98.2485785622369,124.20103327679006,117.71291959815177,59.31989649040719,143.6653743127049,105.6635656235378,94.54108503158646,84.34547782229772,137.1772606340666,68.5886303170333,51.90490942910629,114.93229945016392,121.42041312880221,128.83540019010312,103.80981885821258,117.71291959815177,113.0785526848387,62.10051663839503,55.612402959756736
B02013,99000000430,Synthetic Census Tract 99000000430,1.0,Total:,640.283805757006,488.483997705193,+/-502,296.78808625514716,596.4953995882138,679.2068334625991,678.2337577699592,624.7145946747688,668.5030008435609,787.2182353456199,664.6106980730017,790.1374624235393,405.77256383080777,769.702872878103,320.141902878503,585.7915669691757,688.9375903889974,556.5992961899809,527.4070254107861,571.1954315795783,703.5337257785948,622.7684432894891,503.0801330947904,587.7377183544553,874.7950476832042,614.0107620557307,768.7297971854631,681.1529848478788,309.4380702594649,656.8260925318831,535.1916309519047,481.67246785671426,675.3145306920397,547.8416149562224,667.5299251509211,505.0262844800701,896.2027129212804,835.8720199776112,785.2720839603402,615.9569134410103,634.4453516011671,609.1453835925315,646.1222599128449,641.2568814496458,651.960714068684,979.8872224883055,574.1146586574978,733.6990722504294,627.6338217526883,713.264482704993,559.5185232679004,937.0718920121532,482.64554354935404,412.5840936792865,518.6493441770276,760.9451916443445,648.0684112981246,738.5644507136285,322.0880542637826,386.3110499780112,859.225836600967,668.5030008435609,429.1263804541636,740.5106020989082,707.426028549154,725.9144667093108,885.4988803022424,881.606577531683,536.1647066445445,559.5185232679004,337.65726534601987,695.7491202374761,692.8298931595566,442.7494401511212,644.1761085275652,409.66486660136707,758.9990402590648,767.7567214928233,562.4377503458198,720.0760125534717,678.2337577699592,374.6341416663333,718.1298611681922,826.141263051213
B02013,99000000431,Synthetic Census Tract 99000000431,1.0,Total:,9.134333337695534,10.047766671465087,+/-11,6.394033336386873,5.4806000026173205,11.874633339004195,5.4806000026173205,8.22090000392598,7.307466670156427,12.788066672773747,10.047766671465087,9.134333337695534,10.961200005234641,9.134333337695534,6.394033336386873,10.047766671465087,12.788066672773747,6.394033336386873,7.307466670156427,12.788066672773747,10.047766671465087,9.134333337695534,6.394033336386873,10.961200005234641,9.134333337695534,15.528366674082408,12.788066672773747,9.134333337695534,10.961200005234641,8.22090000392598,10.047766671465087,10.961200005234641,8.22090000392598,14.614933340312854,9.134333337695534,10.047766671465087,10.047766671465087,9.134333337695534,10.047766671465087,7.307466670156427,14.614933340312854,12.788066672773747,16.44180000785196,8.22090000392598,10.961200005234641,5.4806000026173205,11.874633339004195,9.134333337695534,7.307466670156427,5.4806000026173205,5.4806000026173205,4.567166668847767,10.961200005234641,11.874633339004195,10.047766671465087,6.394033336386873,12.788066672773747,10.961200005234641,7.307466670156427,11.874633339004195,9.134333337695534,10.047766671465087,11.874633339004195,7.307466670156427,8.22090000392598,11.874633339004195,12.788066672773747,17.355233341621513,5.4806000026173205,7.307466670156427,8.22090000392598,11.874633339004195,12.788066672773747,12.788066672773747,10.961200005234641,10.047766671465087,18.268666675391067,9.134333337695534,12.788066672773747,14.614933340312854,10.047766671465087,11.874633339004195,12.788066672773747,9.134333337695534
B02013,99000000432,Synthetic Census Tract 99000000432,1.0,Total:,317.85378294776166,224.75459800152376,+/-239,136.35739209297466,315.9729913326861,261.4300344954963,342.3040739437433,368.63515655480046,329.1385326382147,210.6486608884574,397.7874265884709,267.0724093407228,233.21816026936358,313.15180391007283,314.0921997176106,315.03259552514834,283.9995338764024,443.866821157821,522.8600689909925,304.68824164223304,372.3967397849515,244.50290995981663,292.46309614424223,263.3108261105718,396.84703078093315,272.7147841859493,281.1783464537891,348.8868445965076,390.26426012816887,383.6814894754046,238.8605351145901,303.7478458346953,331.0193242532902,351.7080320191209,266.13201353318505,394.0258433583199,397.7874265884709,409.072176278924,356.41001105680965,448.56880019550977,358.29080267188516,315.03259552514834,298.10547098946876,313.15180391007283,310.33061648745957,377.0987188226403,348.8868445965076,306.56903325730855,312.2114081025351,267.0724093407228,435.40325888998115,383.6814894754046,403.42980143369743,189.01955731508903,373.33713559248923,179.61559923971146,317.85378294776166,343.24446975128103,297.165075181931,356.41001105680965,237.92013930705235,472.0786953839537,352.64842782665863,262.370430303034,416.59534273922606,161.7480788964941,402.4894056261597,303.7478458346953,241.68172253720337,411.8933637015373,362.0523859020362,321.6153661779127,331.0193242532902,326.31734521560145,438.22444631259447,304.68824164223304,379.91990624525357,301.8670542196198,300.926658412082,322.55576198545043,257.66845126534525,364.87357332464944,290.5823045291667,385.5622810904801
B02013,99000000433,Synthetic Census Tract 99000000433,1.0,Total:,713.7916673979861,590.9110765547886,+/-654,359.60643496759303,792.3991041873846,632.4736293399877,1080.626372415179,1018.2825432373802,485.19762707939054,501.46123469099024,781.5566991129848,683.0715196871868,489.7152958603905,807.7591780427844,932.4468363983818,691.2033234929866,805.9521105303843,350.5710974055932,710.1775323731862,773.424895307185,657.7725745135872,730.9588087657858,379.48417760399263,793.3026379435846,682.1679859309868,699.3351272987865,440.92447302559145,439.11740551319144,897.2090199065825,931.5433026421819,543.0237874761895,656.8690407573872,912.5690937619822,440.0209392693915,426.4679329263917,734.5729437905857,583.6828065051886,980.334125476981,709.2739986169862,850.2252645841835,833.9616569725838,647.8337031953874,930.6397688859819,719.2128699351861,678.5538509061868,808.6627117989843,999.3083343571806,968.5881866463811,404.78312277759215,510.49657225299006,805.9521105303843,783.3637666253848,343.34282735599334,798.7238404807845,821.312184385784,757.1612876955853,595.4287453357884,505.9789034719902,752.6436189145853,877.3312772701829,783.3637666253848,693.9139247615865,487.00469459179055,603.5605491415882,757.1612876955853,702.0457285673864,555.6732600629892,524.9531123521898,785.1708341377847,1008.3436719191805,405.68665653379213,665.0008445631871,1114.9606551507784,480.67995829839066,443.6350742941914,855.6464671213834,763.4860239889852,752.6436189145853,737.2835450591857,651.4478382201874,622.5347580217879,730.9588087657858,856.5500008775833,594.5252115795885
B02013,99000000434,Synthetic Census Tract 99000000434,1.0,Total:,59.439358998001964,69.3459188310023,+/-70,42.59820728190141,37.644927365401244,62.41132694790207,56.46739104810187,85.19641456380282,105.00953422980348,74.29919874750246,34.67295941550115,78.2618226807026,18.822463682700622,102.03756627990337,20.80377564930069,57.458047031401904,19.813119666000656,42.59820728190141,66.3739508811022,74.29919874750246,71.32723079760237,36.654271382101214,58.448703014701934,80.24313464730265,33.68230343220112,54.486079081501806,73.30854276420243,40.61689531530134,65.38329489780216,73.30854276420243,76.28051071410252,89.15903849700295,61.42067096460203,64.39263891450213,66.3739508811022,56.46739104810187,65.38329489780216,38.63558334870128,34.67295941550115,49.53279916500164,58.448703014701934,76.28051071410252,66.3739508811022,74.29919874750246,36.654271382101214,64.39263891450213,57.458047031401904,77.27116669740256,115.90675004610384,76.28051071410252,39.62623933200131,82.22444661390273,19.813119666000656,96.09363038010318,19.813119666000656,54.486079081501806,21.79443163260072,41.60755129860138,79.25247866400262,90.14969448030298,62.41132694790207,32.69164744890108,52.50476711490174,80.24313464730265,37.644927365401244,54.486079081501806,69.3459188310023,48.542143181701604,57.458047031401904,79.25247866400262,84.20575858050279,81.23379063060268,58.448703014701934,59.439358998001964,57.458047031401904,56.46739104810187,66.3739508811022,37.644927365401244,36.654271382101214,43.58886326520144,56.46739104810187,77.27116669740256,71.32723079760237,80.24313464730265
B02013,99000000435,Synthetic Census Tract 99000000435,1.0,Total:,418.9784856200667,316.28768032103073,+/-308,192.03180590919723,525.7769231310641,261.8615535125417,336.82584138083797,510.3733023362087,342.9872896987801,526.8038311840545,561.7187049857267,532.9652795019966,470.3238882695847,349.14873801672223,349.14873801672223,351.20255412270296,411.79012924913417,460.0548077396811,440.54355473286427,318.34149642701146,289.5880709432814,474.4315204815461,448.7588191567871,354.2832782816741,514.4809345481701,377.90216350045233,326.5567608509343,338.87965748681864,541.1805439259196,598.6873948933796,392.2788762423174,390.22506013633665,264.9422776715128,396.3865084542788,300.88405952617535,415.8977614610956,565.8263371976881,383.0367037654041,566.8532452506785,559.664888879746,428.22065809697995,372.76762323550054,355.3101863346644,332.7182091688765,290.61497899627176,495.9965895943437,585.337590204505,498.0504057003244,445.67809499781606,349.14873801672223,258.7808293535706,279.31899041337783,471.35079632257504,569.9339694096495,531.9383714490062,399.4672326132499,358.3909104936355,470.3238882695847,401.5210487192306,410.76322119614383,535.0190956079773,499.07731375331474,324.50294474495365,488.80823322341115,372.76762323550054,461.08171579267145,525.7769231310641,407.68249703717277,315.2607722680404,348.1218299637319,356.33709438765476,467.24316411061363,506.26567012424726,574.041601621611,564.7994291446978,546.3150841908713,356.33709438765476,306.01859979112714,175.60127706135148,351.20255412270296,359.4178185466259,410.76322119614383,546.3150841908713,414.8708534081053
B02013,99000000436,Synthetic Census Tract 99000000436,1.0,Total:,313.84535156215327,195.66901548010787,+/-202,119.14499457452114,342.9051063364267,336.12449688909624,236.3526721640907,284.7855967878798,287.6915722653071,345.81108181385406,333.21852141166886,329.34388744176573,371.96486111070016,295.4408402051134,325.4692534718626,402.96193286992514,379.7141290505064,351.62303276870875,309.0020590997743,301.25279115996807,343.8737648289025,256.69450050608214,242.1646231189454,235.38401367161492,306.096083622347,306.096083622347,385.5260800053611,457.20680844856895,254.75718352113057,274.1303533706462,289.6288892502587,315.78266854710483,384.5574215128853,239.25864764151805,331.2812044267173,247.9765740738001,336.12449688909624,300.2841326674923,411.6798593022072,445.58290653885956,213.10486834467196,202.44962492743835,381.651446035458,357.4349837235634,352.5916912611845,242.1646231189454,339.99913085899937,313.84535156215327,401.9932743774494,352.5916912611845,230.540721209236,312.87669306967746,264.4437684458884,399.087298900022,322.5632779944353,260.56913447598527,266.38108543083996,311.9080345772017,319.6573025170079,307.06474211482276,308.0334006072986,281.8796213104525,355.4976667386118,334.18717990414467,329.34388744176573,441.70827256895643,284.7855967878798,210.1988928672446,348.7170572912814,305.1274251298712,359.37230070851496,302.2214496524439,219.88547779200243,375.8394950806033,316.7513270395806,366.15291015584546,255.72584201360635,323.53193648691104,219.88547779200243,209.23023437476883,410.7112008097314,427.17839518181967,277.03632884807354,274.1303533706462
B02013,99000000437,Synthetic Census Tract 99000000437,1.0,Total:,837.4489775101982,445.78658849837814,+/-453,271.6050737870913,748.8821056231031,803.0063051096613,851.2260464704129,803.0063051096613,810.8789159440697,739.0413420800926,838.4330538644992,598.3184234150417,951.6018346091206,938.8088420032069,874.8438789736383,797.1018469838549,926.0158493972932,790.2133125037475,843.3534356360045,563.8757510145048,859.0986573048214,903.3820932483688,759.7069455204148,919.1273149171858,703.6145933252546,818.7515267784781,998.8374996155712,815.799297715575,777.4203198978338,549.1146056999889,1109.0540512972896,629.8088667526755,775.4521671892317,1014.5827212843882,943.7292237747122,714.4394332225662,673.108226341922,1093.3088296284725,967.3470562779376,668.1878445704167,1008.6782631585818,803.9903814639623,922.0795439800889,941.76107106611,1002.7738050327755,822.6878321956824,722.3120440569747,749.8661819774043,583.5572781005259,586.509507163429,1064.770615353742,922.0795439800889,813.8311450069729,883.7005661623477,1056.8980045193337,917.1591622085837,621.9362559182671,935.8566129403038,899.4457878311647,812.8470686526719,1043.1209355591188,638.6655539413849,915.1910094999815,720.3438913483726,919.1273149171858,755.7706401032106,913.2228567913794,599.3024997693427,713.4553568682652,850.2419701161119,708.5349750967599,635.7133248784818,809.8948395897686,826.6241376128866,961.4425981521312,949.6336819005185,950.6177582548196,544.1942239284837,888.620947933853,907.3183986655731,934.8725365860026,940.776994711809,738.0572657257916,838.4330538644992
B02013,99000000438,Synthetic Census Tract 99000000438,1.0,Total:,426.91016513644587,328.6443982252435,+/-301,199.8070593861115,321.0015052432611,428.00200699101475,464.032788191789,531.7269831750617,432.36937440929046,222.7357383320587,393.0630676448095,401.7978024813608,483.68594157402947,252.21546840541941,492.42067641058077,382.14464909912033,258.7665195328329,464.032788191789,459.66542077351335,291.52177516990037,526.2677739022172,437.828583682135,389.78754208110274,497.87988568342536,298.07282629731384,532.8188250296306,444.3796348095485,573.2169736486806,528.451457611355,325.3688726615367,545.9209272844577,489.145150846874,583.0435503398007,230.37863131404112,480.4104160103227,409.4406954633432,238.02152429602353,325.3688726615367,433.46121626385934,316.63413782498543,359.2159701531731,465.1246300463579,491.3288345560119,418.1754302998945,304.62387742472737,550.2882947027333,393.0630676448095,569.9414480849738,530.6351413204928,323.1851889523989,352.6649190257596,407.2570117542054,398.52227691765404,303.5320355701584,502.247253101701,498.97172753799424,288.2462496061936,510.98198793825236,432.36937440929046,241.29704985973027,351.57307717119073,542.6454017207509,494.6043601197186,331.91992378895026,183.42943156757775,413.80806288161887,479.3185741557538,552.4719784118711,538.2780343024752,272.96046364222883,431.2775325547215,417.08358844532563,611.4314385585925,349.3893934620529,445.4714766641174,476.04304859204706,353.75676088032856,402.88964433592975,460.75726262808223,246.75625913257485,400.7059606267919,432.36937440929046,476.04304859204706,501.1554112471321
B02013,99000000439,Synthetic Census Tract 99000000439,1.0,Total:,382.3429152506539,212.17931011162662,+/-202,129.19829279074295,317.21857254312494,334.0248545321647,409.65312348284345,408.6027308585285,306.71464629997513,365.53663326161416,330.8736766592197,382.3429152506539,343.47838815099954,432.7617612177731,373.93977425613406,349.7807438968894,350.8311365212044,314.06739467018,339.2768176537396,323.5209282890148,322.47053566469987,371.8389890075041,313.017002045865,372.88938163181905,371.8389890075041,412.8043013557884,358.18388489140926,355.03270701846435,285.70679381367546,427.5097980961982,473.72707356605747,465.32393257153757,438.013724339348,399.14919723969365,509.44042279276687,352.9319217698344,305.6642536756601,451.6688284554428,435.91293909071806,415.9554792287334,511.5412080413968,507.3396375441369,384.44370049928386,421.20744235030827,466.3743251958526,422.2578349746233,473.72707356605747,538.8514162735864,379.19173737770893,560.9096613842011,392.84684149380377,467.42471782016753,343.47838815099954,434.86254646640305,353.98231439414934,407.5523382342135,369.7382037588741,365.53663326161416,317.21857254312494,498.93649654961706,355.03270701846435,424.35862022325324,393.8972341181187,376.040559504764,353.98231439414934,398.09880461537864,406.50194560989854,320.3697504160699,289.9083643109354,307.7650389242901,431.71136859345813,351.8815291455194,243.69108884107612,267.8501192003207,349.7807438968894,419.1066571016783,323.5209282890148,382.3429152506539,276.2532601948406,328.77289141058975,351.8815291455194,320.3697504160699,425.4090128475682,324.5713209133298
B02013,99000000440,Synthetic Census Tract 99000000440,1.0,Total:,1936.6971199142504,1115.0374880922232,"+/-1,106",678.4993033327904,1324.7371241891333,1390.2682604694176,2007.2691128314796,2509.3384338711967,2034.4897386709824,1589.8861832924376,2174.625553178052,1959.885060444197,1522.3387043573753,1938.7134625690283,2185.715437779331,2501.2730632520847,2440.7827836087454,2062.7185358378742,1998.1955708849787,1704.8177146147825,1772.365193549845,2085.9064763678207,1502.1752778095956,2527.4855177641984,1292.4756417126855,1520.3223617025974,1960.8932317715862,2418.603014406188,1994.1628855754227,1440.676826838867,1892.3375815091347,1611.0577811676064,1468.905624005759,1937.7052912416393,2084.8983050404318,2447.8399829004684,2555.7143149310905,1936.6971199142504,1826.8064452288504,2074.816591766542,2001.2200848671457,2104.053560260823,1497.1344211726505,2440.7827836087454,1698.7686866504487,1776.3978788594009,1738.0873684186192,2374.243476001072,2040.5387666353163,1236.018047378902,2004.2445988493128,1797.5694767345697,1579.8044700185478,2212.9360636188335,2169.584696541107,2109.0944168977676,2434.7337556444118,1902.4192947830247,1918.5500360212486,2063.726707165263,1736.0710257638414,1744.1363963829533,1450.758540112757,2197.813493707999,1494.1099071904837,1421.5215716184764,1894.3539241639128,2138.3313853920486,1908.4683227473586,1580.8126413459368,1962.909574426364,2277.459028571729,1591.9025259472157,1797.5694767345697,2222.009605565335,2464.978895466081,2654.5151050152112,2028.4407107066484,2022.3916827423145,1731.0301691268962,1860.0760990326871,1957.8687177894192,1396.3172884337516,2197.813493707999
B02013,99000000441,Synthetic Census Tract 99000000441,1.0,Total:,119.61352187779565,139.7085935532653,+/-146,85.1648275769905,162.67438975380207,88.99246027707996,73.68192947672212,159.80366522873499,137.79477720322058,74.63883765174448,207.64907397985323,124.39806275290746,138.75168537824294,183.72636960429412,78.46647035183395,78.46647035183395,184.68327777931648,157.88984887869026,86.12173575201287,77.50956217681157,113.87207282766146,87.07864392703523,161.7174815787797,132.0533281530864,149.27767530348896,48.80231692614062,139.7085935532653,105.25989925246016,141.62240990331003,37.31941882587224,157.88984887869026,167.4589306289139,146.40695077842187,103.34608290241543,44.97468422605116,149.27767530348896,128.22569545299692,130.13951180304167,111.00134830259435,131.09641997806403,166.50202245389153,139.7085935532653,126.3118791029522,138.75168537824294,159.80366522873499,174.15728785407046,169.37274697895862,76.55265400178921,75.59574582676684,171.28656332900337,56.457582326319546,87.07864392703523,133.96714450313112,79.42337852685631,187.55400230438357,155.9760325286455,81.33719487690104,67.94048042658792,160.76057340375735,146.40695077842187,128.22569545299692,155.01912435362314,69.85429677663265,95.69081750223651,85.1648275769905,183.72636960429412,124.39806275290746,104.3029910774378,131.09641997806403,207.64907397985323,85.1648275769905,40.19014335093934,82.2941030519234,133.01023632810876,226.78723748030055,115.78588917770618,143.53622625335478,154.06221617860078,125.35497092792983,116.74279735272854,65.06975590152084,150.23458347851133,111.95825647761671,72.72502130169975
B02013,99000000442,Synthetic Census Tract 99000000442,1.0,Total:,2696.3396006669886,1419.4101580772979,"+/-1,315",862.4400884439248,2251.627064448094,3358.011408196558,3333.1852229222022,2112.3845470397505,2058.4145790520206,2469.665735118523,1995.8094161862539,2804.279536642449,3253.309670300362,3601.9556635010977,2084.3201636861313,2875.5198943862524,2776.2151532888292,2892.790284142326,2600.2730576488293,2723.324584660854,2228.9596778932473,3084.9233701786447,2653.1636262768047,2064.8909752105483,2593.796661490302,2745.9919712157002,2874.4404950264975,2785.9297475266208,2625.099242923185,2621.8610448439217,2770.818156490056,2749.230169294964,2056.2557803325117,2863.6465014289515,1723.8007775280948,2635.893236520731,3538.2711012755763,2657.4812237158235,3246.8332741418344,2340.137811947971,2597.034859569566,3156.1637279224483,3013.683012434841,3203.6572997516505,1765.8973525585243,3543.668098074349,3259.7860664588898,2222.4832817347196,2840.979114874105,2252.7064638078486,2054.0969816130023,3048.223791946988,2729.8009808193815,3376.361197312386,2635.893236520731,2843.1379135936145,2461.030540240486,3186.386909995577,2579.7644698134923,2935.96625853251,2022.7944001801188,2736.277376977909,2846.3761116728783,2346.6142081064986,2402.742974813738,2344.4554093869897,2667.1958179536146,3015.84181115435,2843.1379135936145,2326.105620271161,2702.8159968255163,3227.404085666252,1852.2493013388923,2512.841709508707,2136.131332954352,2840.979114874105,3257.6272677393804,2789.1679456058846,3190.704507434595,2751.3889680144734,2504.20651463067,2750.309568654719,3154.004929202939,2805.3589360022033
B02013,99000000443,Synthetic Census Tract 99000000443,1.0,Total:,164.78137966744697,125.00656388564943,+/-132,75.76155387009055,184.66878755834574,190.35090409860254,188.45686525185027,103.22511714799839,189.4038846752264,95.64896176098934,171.4105156310799,125.00656388564943,172.357535054456,178.98667101808894,148.68204947005273,186.562826405098,202.66215660249225,157.2052242804379,149.62906889342887,122.16550561552103,221.60254507001488,84.28472868047575,152.47012716355724,192.24494294535478,171.4105156310799,199.82109833236385,196.98004006223545,187.50984582847414,152.47012716355724,142.0529135064198,163.83436024407084,179.93369044146507,213.07937025962968,225.39062276351942,187.50984582847414,169.51647678432764,177.09263217133667,126.90060273240168,159.09926312719017,178.98667101808894,204.5561954492445,159.09926312719017,122.16550561552103,183.7217681349696,214.02638968300582,226.33764218689555,125.00656388564943,168.5694573609515,275.5826522024544,162.8873408206947,111.74829195838358,163.83436024407084,233.9137975739046,117.43040849864036,207.3972537193729,215.92042852975808,201.7151371791161,144.8939717765482,127.84762215577781,161.94032139731857,123.11252503889716,175.1985933245844,191.29792352197867,124.0595444622733,130.68868042590623,233.9137975739046,119.32444734539263,174.25157390120827,178.0396515947128,157.2052242804379,153.41714658693337,185.61580698172187,202.66215660249225,124.0595444622733,195.08600121548318,190.35090409860254,152.47012716355724,117.43040849864036,138.26483581291527,189.4038846752264,101.33107830124612,131.63569984928233,205.50321487262065,246.22505007779432
B02013,99000000444,Synthetic Census Tract 99000000444,1.0,Total:,563.600030924348,320.40275730630736,+/-332,194.94384631287377,540.4383858178678,463.23290212960103,535.6130430873512,603.1678413145846,441.0363255692243,632.1198976976848,761.4390828755317,690.9890790099882,746.9630546839817,524.9972890802145,505.6959181581478,520.1719463496978,640.8055146126147,470.95345049842774,479.63906741335774,633.0849662437881,466.12810776791105,552.9842769172112,564.5650994704513,484.46441014387443,414.0144062783309,693.8842846482983,590.6219502152413,480.6041359594611,578.0760591158979,614.7486638678247,471.918519044531,553.9493454633146,539.4733172717646,450.6870110302577,488.32468432828773,693.8842846482983,625.3644178749614,529.8226318107312,736.347300676845,496.04523269711444,550.0890712789012,530.7877003568345,473.8486561367377,500.87057542763114,595.447292945758,466.12810776791105,565.5301680165546,601.237704222378,465.1630392218077,667.8274339035081,504.73084961204444,655.2815428041648,761.4390828755317,474.81372468284104,375.4116644341975,735.3822321307416,610.8883896834113,466.12810776791105,523.0671519880078,363.83084188095745,325.22810003682406,524.9972890802145,545.2637285483845,584.8315389386213,502.80071251983776,742.137711953465,516.3116721652844,562.6349623782446,553.9493454633146,540.4383858178678,657.2116798963715,604.132909860688,547.1938656405912,513.4164665269744,579.0411276620013,476.7438617750477,567.4603051087613,513.4164665269744,715.1157926625716,799.0767561735618,673.6178451801281,489.28975287439107,483.4993415977711,653.3514057119581
B02013,99000000445,Synthetic Census Tract 99000000445,1.0,Total:,3404.465394197804,811.3597221634424,+/-750,493.30671107537296,2931.7131294172386,3000.949159041852,3231.3753201362697,3505.073999746071,3159.975664585887,3605.682605294338,3497.5013090058787,3269.2387738372304,3565.655525667608,3299.529536797999,3507.2376256718403,3136.175779402426,3309.2658534639604,3115.6213331076187,3143.748470142618,3277.8932775403073,3521.30119418934,3413.119897900881,3105.8850164416576,3204.3299960641552,2999.867346078968,3228.129881247616,3313.5931053154986,3220.557190507424,3337.3929904989595,3587.2917849253,3593.7826627026075,4107.643820072788,3674.9186349189517,3644.6278719581833,3290.8750330949224,3640.3006201066446,3552.673770112993,3480.1923015997254,3758.218233061065,3757.1364200981807,3428.2652793812654,3711.7002756570278,3611.091670108761,3158.8938516230023,2973.9038349697375,3057.2034331118507,3362.274688645305,3354.701997905113,3254.0933923568464,3575.3918423335695,3167.548355326079,3204.3299960641552,3060.4488720005047,3403.38358123492,3012.849101633583,3039.8944257056974,3413.119897900881,3368.7655664226127,3250.8479534681924,3112.3758942189647,3322.2476090185755,3273.566025688769,3265.993334948577,3457.474229379149,3301.693162723768,3559.1646478903003,3418.528962715304,3472.619610859533,3272.4842127258844,3587.2917849253,3629.482490477799,3819.8815719454865,3859.9086515722165,3682.491325659144,3434.756157158573,3878.2994719412545,3747.400103432219,3642.464246032414,3751.7273552837573,3501.8285608574174,3463.9651071564567,3337.3929904989595,3236.7843849506926,2939.2858201574304
B02013,99000000446,Synthetic Census Tract 99000000446,1.0,Total:,121.71491773789874,126.74445979318382,+/-126,76.4490392403331,70.41358877399101,157.92762053595126,176.03397193497753,129.76218502635487,178.04578875709157,79.46676447350414,119.70310091578472,169.99852146863543,203.19349903351693,113.66765044944263,92.54357381724533,98.57902428358742,108.63810839415756,115.67946727155666,82.48448970667519,104.6144747499295,165.97488782440738,79.46676447350414,112.66174203838563,143.84490278115305,159.9394373580653,139.821269136925,97.57311587253041,134.79172708163995,88.51994017301728,196.1521401561178,130.7680934374119,33.194977564881476,73.43131400716206,112.66174203838563,112.66174203838563,116.68537568261368,134.79172708163995,129.76218502635487,180.05760557920559,106.62629157204353,72.42540559610504,183.07533081237662,97.57311587253041,79.46676447350414,70.41358877399101,107.63219998310055,144.85081119221007,124.7326429710698,144.85081119221007,52.30723737496475,137.80945231481098,174.0221551128635,152.8980784806662,131.77400184846888,161.95125418017932,137.80945231481098,115.67946727155666,140.82717754798202,59.348596252363855,134.79172708163995,169.99852146863543,47.27769531967968,115.67946727155666,181.0635139902626,154.90989530278023,125.7385513821268,39.23042803122356,127.75036820424083,54.31905419707878,133.78581867058293,122.72082614895577,92.54357381724533,65.38404671870595,117.69128409367069,121.71491773789874,135.79763549269694,107.63219998310055,145.8567196032671,148.87444483643813,145.8567196032671,81.47858129561817,154.90989530278023,157.92762053595126,59.348596252363855
B02013,99000000447,Synthetic Census Tract 99000000447,1.0,Total:,2708.181452669327,1338.8880042813514,"+/-1,277",814.6562093395537,2944.085760393136,2274.1175264575186,2871.741772691168,2154.5926772107887,2861.257136792332,2912.6318526966284,2279.3598444069366,1759.3219038246732,2512.1187613610946,2695.5998895907237,2784.7192947308295,2136.7687961827673,2933.6011244943,2755.3623142140887,2918.9226342359298,3024.817456814173,3082.4829542577704,3489.2868271326056,3104.500689645326,3355.0834876275053,2328.6376331314655,2543.5726690576025,2539.3788146980683,1946.9968864138368,2858.111746022681,2961.909641421157,2272.0205992777514,2037.164755143826,2408.320865962619,2659.9521275346815,2749.0715326747872,2512.1187613610946,2594.947384961899,3219.8316845325216,2337.0253418505345,3129.6638158025326,3241.8494199200773,3191.5231676056646,2676.727544972819,2934.6495880841835,2870.6933091012843,2294.038334665307,2497.440271102724,2563.493477265391,3217.7347573527545,3019.575138864755,1926.0276146161648,1782.3881028021124,1919.7368330768634,2849.7240373036125,2715.520697798512,2136.7687961827673,2808.833957298152,3012.23589373557,2980.781986039062,3078.289099898236,3117.0822527239293,3021.672066044522,2773.18619524211,2903.195680387676,2622.207438298872,2592.8504577821313,2595.9958485517823,2239.5182279913597,2975.539668089644,2949.328078342554,2511.0702977712112,1735.2072412573505,2025.6316556551064,2782.6223675510623,2534.13649674865,2233.2274464520583,2654.709809585264,2950.3765419324377,3051.029046561263,3237.6555655605425,3425.3305481497064,2799.3977849892,2976.5881316795276,2795.2039306296656
B02013,99000000448,Synthetic Census Tract 99000000448,1.0,Total:,38.689660435644626,40.72595835331013,+/-40,24.435575011986078,52.94374585930317,31.56261772381535,48.871150023972156,37.67151147681187,25.45372397081883,42.762256270975634,33.59891564148086,25.45372397081883,45.816703147473895,23.417426053153324,33.59891564148086,25.45372397081883,40.72595835331013,43.78040522980839,39.70780939447738,58.03449065346693,30.544468764982597,42.762256270975634,52.94374585930317,20.362979176655067,33.59891564148086,18.32668125898956,58.03449065346693,50.90744794163766,19.344830217822313,44.79855418864114,42.762256270975634,15.272234382491298,29.526319806149843,22.39927709432057,34.61706460031361,44.79855418864114,44.79855418864114,62.10708648879795,39.70780939447738,48.871150023972156,47.8530010651394,38.689660435644626,53.961894818135924,53.961894818135924,28.50817084731709,43.78040522980839,27.49002188848434,42.762256270975634,50.90744794163766,30.544468764982597,48.871150023972156,55.99819273580143,30.544468764982597,54.98004377696868,41.74410731214288,45.816703147473895,38.689660435644626,21.381128135487817,38.689660435644626,23.417426053153324,42.762256270975634,33.59891564148086,21.381128135487817,59.052639612299686,46.83485210630665,52.94374585930317,17.308532300156806,22.39927709432057,54.98004377696868,33.59891564148086,29.526319806149843,65.16153336529621,52.94374585930317,58.03449065346693,46.83485210630665,32.580766682648104,34.61706460031361,23.417426053153324,35.635213559146365,20.362979176655067,33.59891564148086,34.61706460031361,25.45372397081883,17.308532300156806
B02013,99000000449,Synthetic Census Tract 99000000449,1.0,Total:,1364.6307025457145,808.059267972689,+/-784,491.6381005395059,1501.7121855053672,1936.6624547457686,763.7396907752074,1333.7100672916577,1584.167212849519,1257.439166998317,778.1693205604339,1081.1915460501923,1543.970387019245,1653.2232982502462,1104.8973664116359,1240.9481615294867,1345.0476335514784,1587.2592763749249,1589.3206520585286,1861.42224229423,1518.2031909741975,1502.742873347169,1373.9068931219317,1556.3386411208678,1029.6571539600973,1227.549219586062,1561.4920803298774,1562.5227681716792,947.2021266159454,1342.9862578678747,1409.980967584998,891.5449831586428,1213.1195898008355,1191.4751451229954,1322.3725010318367,1522.3259423414052,1524.3873180250089,1163.6465733943442,1336.8021308170632,1338.863506500667,1604.780969685557,1355.3545119694975,1515.1111274487919,1494.497370612754,1006.9820214404555,736.941806888358,1705.788378182143,1248.1629764221,1093.5598001518151,1484.1904921947348,1870.698432870447,1460.4846718332913,1250.2243521057037,1307.9428712466101,1396.5820256415734,1601.6889061601514,1491.405307087348,1246.1016007384962,1279.0836116761568,1008.0127092822574,1275.9915481507512,1344.0169457096765,1437.8095393136493,1298.666680670393,1737.739701278002,1564.584143855283,1275.9915481507512,1082.2222338919942,1705.788378182143,1589.3206520585286,1273.9301724671475,1769.691024373861,1476.9756773021215,1202.8127113828164,1185.291018072184,1464.6074232004987,1241.9788493712886,1462.546047516895,1342.9862578678747,1224.4571560606562,1097.6825515190226,1336.8021308170632,1350.201072760488,1066.7619162649657
B02013,99000000450,Synthetic Census Tract 99000000450,1.0,Total:,71.03087271441943,94.06791251369059,+/-98,56.632722839874944,89.26852922217576,104.6265557550232,58.55247615648088,138.222238795627,74.87037934763129,39.35494299042157,83.50926927235797,25.91666977418006,93.10803585538763,59.512352814783846,96.94754248859948,68.15124273951054,116.14507565465878,88.3086525638728,33.59568304060378,87.34877590556984,51.83333954836012,82.54939261405501,105.58643241332618,104.6265557550232,66.2314894229046,123.8240889210825,90.22840588047873,53.75309286496605,110.385815704841,113.26544567974989,96.94754248859948,65.27161276460163,33.59568304060378,67.19136608120756,45.114202940239366,57.59259949817791,47.99383291514826,58.55247615648088,73.91050268932833,55.672846181571984,31.67592972399785,47.99383291514826,80.62963929744907,69.1111193978135,80.62963929744907,26.876546432483025,124.78396557938548,102.70680243841727,72.95062603102535,71.03087271441943,47.03395625684529,88.3086525638728,146.86112872035366,52.79321620666309,87.34877590556984,53.75309286496605,41.274696307027504,102.70680243841727,128.62347221259733,95.98766583029652,22.0771631409682,56.632722839874944,54.71296952326902,96.94754248859948,47.99383291514826,90.22840588047873,33.59568304060378,51.83333954836012,50.873462890057155,69.1111193978135,76.79013266423722,60.472229473086806,106.54630907162914,72.95062603102535,49.91358623175419,65.27161276460163,61.43210613138977,83.50926927235797,61.43210613138977,52.79321620666309,114.22532233805286,135.34260882071808,56.632722839874944,68.15124273951054
B02013,99000000451,Synthetic Census Tract 99000000451,1.0,Total:,82.49987387230394,118.53430154066658,+/-125,72.06885533672528,142.2411618487999,103.36191094346125,109.99983182973858,83.44814828462927,28.448232369759978,88.18952034625593,113.79292947903991,80.60332504765327,56.896464739519956,135.60324096252256,71.12058092439995,33.18960443138664,47.41372061626663,35.086153256037306,80.60332504765327,91.03434358323193,73.96540416137594,83.44814828462927,75.86195298602661,31.293055606735976,128.0170456639199,141.29288743647456,146.98253391042655,74.91367857370128,30.344781194410643,118.53430154066658,132.75841772554656,76.81022739835194,83.44814828462927,129.91359448857057,81.5515994599786,35.086153256037306,43.6206229669653,40.7757997299893,66.37920886277328,82.49987387230394,74.91367857370128,82.49987387230394,90.0860691709066,142.2411618487999,38.87925090533864,31.293055606735976,36.03442766836264,82.49987387230394,116.63775271601591,78.7067762230026,29.39650678208531,68.27575768742395,75.86195298602661,32.24133001906131,63.534385625797285,176.37904069251186,160.2583756829812,146.03425949810122,90.0860691709066,86.29297152160527,98.62053888183459,72.06885533672528,84.3964226969546,135.60324096252256,33.18960443138664,29.39650678208531,44.56889737929063,65.43093445044795,102.41363653113592,107.15500859276258,35.086153256037306,95.7757156448586,61.63783680114662,36.03442766836264,83.44814828462927,96.72399005718393,128.0170456639199,128.96532007624523,87.2412459339306,89.13779475858126,80.60332504765327,78.7067762230026,92.9308924078826,41.724074142314635
B02013,99000000452,Synthetic Census Tract 99000000452,1.0,Total:,377.11890154858963,290.31403929955366,+/-301,176.50321990637315,283.5625500135175,378.0834000180234,409.91184950933655,469.710754614228,381.9413938957583,196.75768776448155,347.2194489961439,354.9354367516138,427.27282195914376,222.79914643919233,434.98880971461364,337.5744643018066,228.58613725579474,409.91184950933655,406.0538556316016,257.52109133880674,464.88826226705936,386.76388624292696,344.3259535878427,439.81130206178227,263.3080821554091,470.67525308366174,392.55087705952934,506.36169645270985,466.8172592059268,287.42054389125246,482.2492347168665,432.0953143063124,515.0421826776135,203.50917705051768,424.37932655084256,361.6869260376499,210.2606663365538,287.42054389125246,382.905892365192,279.7045561357826,317.3199964436982,410.8763479787703,434.0243112451799,369.40291379311975,269.0950729720115,486.10722859460145,347.2194489961439,503.46820104440866,468.7462561447943,285.49154695238497,311.5330056270958,359.7579290987824,352.04194134331254,268.1305745025778,443.6692959395172,440.775800531216,254.62759593050552,451.3852836949871,381.9413938957583,213.154161744855,310.56850715766205,479.3557393085653,436.9178066534811,293.20753470785485,162.03574286486716,365.5449199153848,423.4148280814088,488.03622553346895,475.4977454308304,241.12461735843326,380.9768954263246,368.43841532368606,540.1191428828905,308.6395102187946,393.5153755289631,420.5213326731076,312.4975040965295,355.8999352210475,407.01835410103536,217.97665409202367,353.97093828218004,381.9413938957583,420.5213326731076,442.70479747008346
B02013,99000000453,Synthetic Census Tract 99000000453,1.0,Total:,164.80263136855316,144.3186884865861,+/-155,87.52230140476834,204.8394288196706,152.69848330193625,156.42283655320298,127.55909885588578,120.1103923533523,136.86998198405263,123.83474560461903,146.18086511221946,102.4197144098353,177.83786774798673,184.35548593770352,156.42283655320298,130.35236379433582,230.90990157853776,93.10883128166844,123.83474560461903,211.35704700938737,94.03991959448513,193.66636906587036,85.66012477913497,172.25133787108663,194.59745737868707,155.4917482403863,164.80263136855316,158.28501317883635,177.83786774798673,124.76583391743571,136.86998198405263,169.45807293263658,193.66636906587036,160.14718980446972,227.18554832727102,199.25289894277049,106.14406766110203,152.69848330193625,223.4611950760043,118.24821572771893,209.494870383754,133.14562873278587,232.77207820417112,140.59433523531936,153.62957161475293,132.21454041996918,124.76583391743571,200.18398725558717,92.17774296885176,183.42439762488684,124.76583391743571,108.93733259955208,203.9083405068539,240.2207847067046,118.24821572771893,135.93889367123595,156.42283655320298,172.25133787108663,145.24977679940278,215.0814002606541,235.56534314262117,229.97881326572107,99.62644947138524,253.25602108613816,127.55909885588578,108.0062442867354,244.876226270788,185.2865742505202,122.90365729180235,192.73528075305367,192.73528075305367,162.94045474291977,162.94045474291977,76.34924165096812,177.83786774798673,215.0814002606541,150.83630667630288,151.76739498911957,138.732158609686,143.3876001737694,192.73528075305367,115.45495078926888,254.18710939895487
B02013,99000000454,Synthetic Census Tract 99000000454,1.0,Total:,125.7589561478049,106.411424432758,+/-99,64.49177238348969,72.01581249489682,107.48628730581615,153.7053908473171,122.53436752863041,153.7053908473171,81.68957835242027,122.53436752863041,139.732173497561,193.47531715046907,95.66279570217638,126.83381902086306,146.18135073590997,75.2404011140713,72.01581249489682,140.80703637061916,127.90868189392123,118.23491603639776,140.80703637061916,152.63052797425894,151.5556651012008,132.20813338615386,136.50758487838652,132.20813338615386,105.33656155969983,62.34204663737337,178.4272369276548,133.28299625921204,137.58244775144468,81.68957835242027,127.90868189392123,72.01581249489682,85.98902984465292,174.12778543542217,136.50758487838652,111.7857387980488,142.9567621167355,132.20813338615386,120.3846417825141,87.06389271771108,76.31526398712947,70.94094962183866,124.68409327474674,122.53436752863041,123.60923040168858,127.90868189392123,72.01581249489682,134.3578591322702,101.03711006746718,134.3578591322702,182.72668841988747,149.40593935508446,148.3310764820263,79.53985260630395,60.19232089125705,134.3578591322702,145.1064878628518,135.43272200532834,122.53436752863041,164.45401957789872,140.80703637061916,158.00484233954975,113.93546454416513,144.03162498979364,136.50758487838652,68.79122387572234,166.60374532401502,122.53436752863041,109.63601305193248,97.8125214482927,159.0797052126079,79.53985260630395,60.19232089125705,133.28299625921204,140.80703637061916,149.40593935508446,120.3846417825141,136.50758487838652,131.1332705130957,72.01581249489682,64.49177238348969
B02013,99000000455,Synthetic Census Tract 99000000455,1.0,Total:,902.1203716109716,701.2240004144668,+/-733,426.6656264459102,1000.6552584359239,530.9404095907627,664.8713237217659,682.0910126814663,607.4723605227645,1120.2364317671768,1056.1409228616253,487.8911871915117,811.2386798792194,908.8169173175218,633.3018939623151,825.5884206789698,1249.3840989649298,1240.7742544850796,1203.4649284057289,945.1695940102226,686.8742596147164,800.7155366260691,911.6868654774718,567.2930862834636,860.9844479850206,1329.7426474435317,1170.938849259628,1020.7448955555744,1178.5920443528282,725.1402350807173,750.969768520268,1177.6353949661782,962.389282969923,838.98151209207,1110.6699379006766,1094.406898327626,488.84783657816166,529.9837602041126,574.9462813766637,769.1461068666184,1117.3664836072267,925.0799568905721,998.7419596626239,561.5531899635635,1176.6787455795281,1234.0777087785295,1056.1409228616253,1282.8668274976806,782.5391982797187,622.7787507091649,855.2445516651204,900.2070728376715,853.3312528918204,901.1637222243215,1125.019678700427,838.98151209207,574.9462813766637,952.8227891034228,905.9469691575716,1113.5398860606267,830.3716676122199,869.5942924648708,920.296709957322,1017.8749473956243,628.518647029065,729.9234820139675,641.9117384421653,657.2181286285658,973.8690756097233,1277.1269311777805,947.0828927835227,752.883067293568,831.3283169988698,691.6575065479665,770.1027562532684,962.389282969923,1073.3606118213256,959.519334809973,1040.8345326752249,811.2386798792194,928.9065544371722,1055.1842734749753,881.0740851046711,1150.8492121399775
B02013,99000000456,Synthetic Census Tract 99000000456,1.0,Total:,203.47187365545827,163.99225637902606,+/-162,100.21749000940481,200.43498001880963,118.4388518292966,169.05374577344045,198.41038426104387,170.06604365232332,139.697107285837,184.2382139566836,201.44727789769252,166.0168521367918,253.07446972071924,111.35276667711646,148.8077881957829,255.099065478485,174.11523516785482,232.8285121430617,177.15212880450346,185.25051183556647,343.1689809412953,272.30812941949387,206.50876729210688,126.53723486035962,273.3204272983768,231.81621426417883,153.8692775901973,137.67251152807125,205.49646941322402,175.1275330467377,313.8123424536918,298.6278742704487,219.66863971758428,233.84081002194458,290.52949123938566,263.197448509548,178.16442668338635,235.86540577971033,237.89000153747608,217.64404395981853,231.81621426417883,201.44727789769252,220.68093759646717,169.05374577344045,259.1482569940165,207.52106517098977,207.52106517098977,163.99225637902606,295.5909806338001,263.197448509548,271.295831540611,256.11136335736785,226.75472486976443,168.04144789455756,282.43110820832266,206.50876729210688,236.8777036585932,248.01298032630484,211.57025668652128,117.42655395041372,203.47187365545827,161.9676606212603,125.52493698147674,169.05374577344045,162.9799585001432,253.07446972071924,170.06604365232332,187.27510759333222,148.8077881957829,190.31200122998086,265.2220442673138,193.34889486662948,150.83238395354866,232.8285121430617,202.45957577657538,183.22591607780072,179.17672456226921,217.64404395981853,122.48804334482811,247.00068244742198,266.23434214619664,218.65634183870142,234.85310790082744
B02013,99000000457,Synthetic Census Tract 99000000457,1.0,Total:,45.51098005621582,34.927031205933076,+/-33,21.167897700565497,53.978139136442024,56.09492890649857,44.45258517118755,57.153323791526844,61.38690333163995,44.45258517118755,48.68616471130065,32.81024143587652,57.153323791526844,48.68616471130065,45.51098005621582,28.576661895763422,66.67887775678132,43.39419028615927,44.45258517118755,37.043820975989625,28.576661895763422,44.45258517118755,39.160610746046174,52.919744251413746,35.98542609096135,63.5036931016965,56.09492890649857,46.5693749412441,55.036534021470295,42.335795401130994,56.09492890649857,49.74455959632892,37.043820975989625,51.861349366385475,44.45258517118755,50.8029544813572,48.68616471130065,64.56208798672478,53.978139136442024,38.102215861017896,32.81024143587652,48.68616471130065,49.74455959632892,63.5036931016965,53.978139136442024,39.160610746046174,34.927031205933076,42.335795401130994,31.75184655084825,43.39419028615927,47.62776982627237,39.160610746046174,44.45258517118755,48.68616471130065,47.62776982627237,40.219005631074445,55.036534021470295,39.160610746046174,41.27740051610272,80.43801126214889,51.861349366385475,46.5693749412441,49.74455959632892,48.68616471130065,66.67887775678132,46.5693749412441,52.919744251413746,28.576661895763422,51.861349366385475,47.62776982627237,43.39419028615927,60.32850844661167,46.5693749412441,62.44529821666822,43.39419028615927,71.9708521819227,61.38690333163995,37.043820975989625,59.2701135615834,34.927031205933076,31.75184655084825,49.74455959632892,34.927031205933076,59.2701135615834
B02013,99000000458,Synthetic Census Tract 99000000458,1.0,Total:,6.340588931250857,14.794707506252,+/-14,8.454118575001143,7.397353753126,1.0567648218751429,0.0,5.283824109375715,8.454118575001143,4.2270592875005715,9.510883396876286,4.2270592875005715,11.624413040626571,5.283824109375715,8.454118575001143,9.510883396876286,12.681177862501714,5.283824109375715,7.397353753126,3.1702944656254286,8.454118575001143,6.340588931250857,9.510883396876286,9.510883396876286,9.510883396876286,2.1135296437502857,15.851472328127143,9.510883396876286,5.283824109375715,9.510883396876286,2.1135296437502857,5.283824109375715,5.283824109375715,9.510883396876286,4.2270592875005715,5.283824109375715,0.0,2.1135296437502857,11.624413040626571,8.454118575001143,3.1702944656254286,3.1702944656254286,7.397353753126,10.56764821875143,9.510883396876286,0.0,9.510883396876286,13.737942684376858,5.283824109375715,7.397353753126,1.0567648218751429,25.36235572500343,3.1702944656254286,5.283824109375715,3.1702944656254286,5.283824109375715,7.397353753126,9.510883396876286,6.340588931250857,12.681177862501714,3.1702944656254286,7.397353753126,7.397353753126,4.2270592875005715,5.283824109375715,17.965001971877427,4.2270592875005715,5.283824109375715,5.283824109375715,5.283824109375715,7.397353753126,0.0,6.340588931250857,5.283824109375715,8.454118575001143,8.454118575001143,1.0567648218751429,11.624413040626571,3.1702944656254286,3.1702944656254286,2.1135296437502857,9.510883396876286,5.283824109375715,1.0567648218751429
B02013,99000000459,Synthetic Census Tract 99000000459,1.0,Total:,347.6623926043272,299.26620727020213,+/-303,181.7326143158983,418.7751547279396,399.0216096936028,329.8842020734241,226.17809064315605,293.3401437599011,497.78933486528666,416.7998002245059,415.81212297278904,447.4177950277279,183.707968819332,379.26806465926603,244.94395842577597,316.0567205493884,362.4775513800798,242.9686039223423,262.72214895667906,264.6975034601127,510.6291391376056,462.2329538034805,352.6007788629114,395.07090068673546,467.17134006206464,311.11833429080417,257.7837626980949,290.37711200475053,369.39129214209765,377.29271015583237,416.7998002245059,394.0832234350186,160.9913920298447,384.20645091785025,314.08136604595467,331.85955657685776,341.7363290940262,214.32596362255399,332.8472338285746,287.41408024960003,517.5428798996235,405.93535045562066,347.6623926043272,294.3278210116179,333.8349110802915,376.30503290411554,486.92488509640145,439.5163770139932,263.7098262083959,305.1922707805031,315.0690432976715,238.0302176637581,518.5305571513403,232.10415415345707,400.9969641970365,307.1676252839368,376.30503290411554,439.5163770139932,499.7646893687203,428.65192724510797,164.94210103671205,303.21691627706946,316.0567205493884,289.3894347530337,309.1429797873705,513.592170892756,490.8755941032688,347.6623926043272,256.796085446378,409.88605946248805,318.03207505282205,253.83305369122752,452.3561812863121,213.33828637083715,382.2310964144165,313.09368879423783,337.7856200871588,469.14669456549836,458.2822447966131,429.6396044968248,171.85584179872993,242.9686039223423,311.11833429080417
B02013,99000000460,Synthetic Census Tract 99000000460,1.0,Total:,152.2734736427538,146.30196487244973,+/-147,89.57263155456106,205.0218011137731,75.63911109051823,189.09777772629556,151.27822218103645,119.43017540608142,159.2402338747752,153.26872510447114,151.27822218103645,149.28771925760176,122.41592979123345,169.19274849194866,194.07403503488231,173.17375433881804,164.21649118336194,237.8650993504455,200.04554380518638,93.55363740143044,139.33520464042832,173.17375433881804,122.41592979123345,127.39218709982018,196.064537958317,86.58687716940902,135.35419879355894,182.13101749427415,221.94107596296797,204.02654965205576,130.3779414849722,71.65810524364885,237.8650993504455,195.06928649659966,157.24973095134052,177.15476018568742,202.03604672862107,105.49665494203859,65.68659647334478,122.41592979123345,158.24498241305787,187.10727480286087,120.42542686779876,106.49190640375593,239.85560227388018,110.47291225062531,169.19274849194866,257.7701285847924,208.00755549892514,224.92683034812,159.2402338747752,113.45866663577735,213.9790642692292,193.07878357316497,158.24498241305787,162.22598825992725,198.0550408817517,81.6106198608223,61.7055906264754,152.2734736427538,106.49190640375593,144.31146194901504,124.40643271466814,185.11677187942618,92.55838593971309,235.8745964270108,167.20224556851397,134.3589473318416,132.3684444084069,130.3779414849722,167.20224556851397,160.23548533649256,102.51090055688655,176.15950872397008,139.33520464042832,139.33520464042832,169.19274849194866,200.04554380518638,195.06928649659966,140.33045610214566,98.52989471001717,157.24973095134052,119.43017540608142
B02013,99000000461,Synthetic Census Tract 99000000461,1.0,Total:,156.0495296697547,125.27919987571856,+/-114,75.82688413530335,205.50184541016992,187.91879981357783,213.19442785867895,176.9293963157078,157.14847001954172,189.01774016336486,163.74211211826375,183.52303841442983,163.74211211826375,206.60078575995692,120.88343847657055,103.30039287997846,82.42052623402537,131.8728419744406,153.8516489701807,191.21562086293886,156.0495296697547,161.54423141868972,235.17323485441906,135.1696630238016,128.57602092507958,156.0495296697547,84.61840693359937,108.79509462891349,198.9082033114479,143.96118582209766,107.69615427912649,179.1272770152818,194.51244191229986,76.92582448509035,171.43469456677278,195.6113822620869,203.30396471059592,212.09548750889195,129.67496127486658,143.96118582209766,126.37814022550558,157.14847001954172,136.2686033735886,119.78449812678353,210.99654715910495,193.41350156251286,174.73151561613378,131.8728419744406,135.1696630238016,161.54423141868972,137.3675437233756,185.72091911400383,152.7527086203937,182.42409806464283,120.88343847657055,89.0141683327474,86.81628763317339,113.1908560280615,179.1272770152818,171.43469456677278,113.1908560280615,156.0495296697547,218.68912960761398,181.3251577148558,128.57602092507958,148.35694722124566,83.51946658381237,148.35694722124566,180.2262173650688,168.13787351741175,150.5548279208197,159.34635071911572,219.78806995740098,86.81628763317339,150.5548279208197,205.50184541016992,189.01774016336486,224.183831356549,130.77390162465358,185.72091911400383,150.5548279208197,193.41350156251286,174.73151561613378,134.0707226740146
B02013,99000000462,Synthetic Census Tract 99000000462,1.0,Total:,129.36493692447561,129.36493692447561,+/-125,78.65388165008117,167.6569582541204,105.56178853037211,66.23484770533152,120.05066146591338,53.81581376058186,99.35227155799728,155.23792430937075,192.49502614361973,192.49502614361973,201.80930160218196,128.33001742907982,139.71413187843368,171.79663623570363,182.14583118966166,58.990411237560885,111.77130550274694,107.63162752116372,119.01574197051757,147.9934878416001,130.3998564198714,159.37760229095397,78.65388165008117,101.4221105487889,104.5268690349763,89.00307660403922,131.43477591526724,150.0633268323917,172.83155573109943,187.3204286666407,131.43477591526724,137.64429288764205,193.52994563901552,94.17767408101825,133.50461490605883,72.44436467770635,85.89831811785182,133.50461490605883,111.77130550274694,156.27284380476655,37.25710183424898,126.26017843828821,181.11091169426587,128.33001742907982,67.26976720072733,116.94590297972596,142.8188903646211,123.15541995210079,141.78397086922527,95.21259357641405,107.63162752116372,182.14583118966166,185.25058967584908,173.86647522649523,152.13316582318333,126.26017843828821,151.09824632778754,180.07599219887007,156.27284380476655,84.863398622456,73.47928417310216,153.16808531857913,187.3204286666407,92.10783509022664,92.10783509022664,99.35227155799728,90.03799609943503,73.47928417310216,107.63162752116372,128.33001742907982,134.53953440145466,194.56486513441132,161.44744128174557,183.1807506850575,106.59670802576791,111.77130550274694,139.71413187843368,192.49502614361973,160.41252178634977,114.87606398893435,136.60937339224625
B02013,99000000463,Synthetic Census Tract 99000000463,1.0,Total:,1363.7362245040488,391.15738941347615,+/-368,238.09580225168116,1381.8059952106496,1413.6938258693567,1431.7635965759575,1430.7006688873341,1082.0603870188008,1302.0864185638814,1387.1206336537673,1448.770439593935,1332.911321533965,1192.6048666356528,1532.7417269951975,1310.58984007287,1388.183561342391,1398.8128382286268,1116.0740730547554,1389.2464890310146,1552.9373530790454,1304.2122739411284,1176.6609513062992,1277.639081725539,1154.3394698452041,1269.1356602165504,1487.0358363843836,1373.302573701661,1318.030333893235,1411.5679704921097,1488.0987640730073,1441.3299457735698,1378.6172121447787,1419.0084643124746,1340.35181535433,1245.7512510668316,1253.1917448871968,1246.8141787554553,1222.366841917113,1507.2314624682315,1243.6253956895846,1472.1548487436535,1513.609028599973,1386.057705965144,1506.168534779608,1622.0276528395777,1092.6896639050367,1493.413402516125,1475.3436318095244,1294.6459247435162,1340.35181535433,1420.0713920010983,1437.0782350190755,1384.9947782765203,1335.037176911212,1440.2670180849461,1362.6732968154251,1584.8251837377527,1204.2970712105123,1307.4010570069993,1329.7225384680942,1138.3955545158506,1392.4352720968852,1361.6103691268015,1339.2888876657064,1195.7936497015237,1389.2464890310146,1445.581656528064,1524.238305486209,1319.0932615818585,1161.779963665569,1346.7293814860716,1420.0713920010983,1519.9865947317144,1253.1917448871968,1282.953720168657,1294.6459247435162,1213.8634204081245,1350.9810922405659,1223.4297696057365,1209.6117096536302,1209.6117096536302,1295.7088524321398,1345.666453797448
B02013,99000000464,Synthetic Census Tract 99000000464,1.0,Total:,1554.855032341295,592.1199150264279,+/-548,359.8100943500009,1775.2792342854398,1810.9360904822868,1682.355306014869,1689.918881571776,1700.7239895102143,1377.6512621509044,1553.7745215474513,1485.702341535289,1615.3636367965505,1769.8766803162207,1226.3797510127658,1347.3969599232767,1646.698449818022,1527.842262495199,1673.7112196641183,1440.3208881938474,1518.1176653506043,1696.401946334839,1578.6262698058597,1470.575190421475,1496.5074494737273,1485.702341535289,1271.7612043542074,1398.1809672339373,1595.9144425073614,1463.0116148645682,1706.1265434794336,1624.0077231473012,1263.1171180034567,1467.3336580399437,1539.7278812274812,1652.1010037872413,1419.7911831108142,1860.6395869991038,1880.088781288293,1602.3975072704243,1495.4269386798835,1581.8678021873914,1593.7534209196735,1575.3847374243283,1668.308665694899,1651.0204929933975,1534.325327258262,2171.8266956261314,1857.3980546175721,1809.855579688443,1653.1815145810851,1338.752873572526,1757.9910615839383,1475.9777443906944,1420.871693904658,1606.7195504457998,1371.1681973878412,1474.8972335968506,1518.1176653506043,1210.1720891051082,1609.9610828273312,1359.2825786555588,1330.1087872217752,1551.6134999597637,1473.8167228030065,1653.1815145810851,1620.7661907657698,1439.2403774000036,1491.1048955045082,1322.5452116648682,1294.4519310249282,1609.9610828273312,1304.1765281695227,1584.028823775079,1768.7961695223767,1882.2498028759805,1632.651809498052,1396.0199456462497,1427.3547586677212,1963.288112414269,1779.6012774608153,1333.3503196033066,1589.4313777442983,1463.0116148645682
B02013,99000000465,Synthetic Census Tract 99000000465,1.0,Total:,121.6145662332748,94.11909908488224,+/-89,57.105970231276864,133.24726387297935,85.65895534691529,115.2694584297996,68.73866787098142,166.03032085760125,117.38449436429134,89.88902721589876,114.21194046255373,122.67208420052067,135.3622998074711,151.2250693161591,113.15442249530787,127.95967403675002,122.67208420052067,119.49953029878307,94.11909908488224,129.0171920039959,125.84463810225827,144.8799615126839,89.88902721589876,106.80931469183265,151.2250693161591,139.59237167645455,182.95060833353514,64.50859600199794,119.49953029878307,158.62769508688018,122.67208420052067,124.78712013501242,94.11909908488224,136.41981777471696,148.0525154144215,144.8799615126839,109.98186859357025,121.6145662332748,156.51265915238844,97.29165298661985,113.15442249530787,138.5348537092087,157.5701771196343,103.63676079009505,101.52172485560331,121.6145662332748,105.75179672458678,196.69834190773142,116.32697639704547,87.77399128140704,60.27852413301447,137.47733574196283,78.25632957619422,104.69427875734092,107.86683265907853,117.38449436429134,151.2250693161591,122.67208420052067,115.2694584297996,140.64988964370042,120.55704826602894,163.9152849231095,87.77399128140704,142.76492557819216,178.72053646455169,118.4420123315372,138.5348537092087,94.11909908488224,103.63676079009505,154.39762321789672,178.72053646455169,103.63676079009505,146.99499744717565,151.2250693161591,123.72960216776654,103.63676079009505,82.48640144517769,119.49953029878307,149.11003338166736,75.08377567445662,131.13222793848763,63.45107803475207,157.5701771196343
B02013,99000000466,Synthetic Census Tract 99000000466,1.0,Total:,29.048111938712122,38.418470628619254,+/-41,23.42589672476784,49.66290105650782,26.23700433173998,30.922183676693546,58.096223877424244,31.85921954568426,21.55182498678641,16.866645641832843,47.78882931852639,45.914757580544965,15.92960977284213,23.42589672476784,14.055538034860703,29.048111938712122,37.48143475962854,37.48143475962854,43.10364997357282,18.74071737981427,39.35550649760997,37.48143475962854,46.85179344953568,17.80368151082356,41.2295782355914,25.299968462749266,37.48143475962854,40.292542366600685,30.922183676693546,29.985147807702834,27.174040200730694,14.992573903851417,25.299968462749266,26.23700433173998,36.54439889063783,24.362932593758554,22.488860855777126,29.048111938712122,11.244430427888563,39.35550649760997,32.796255414674974,16.866645641832843,32.796255414674974,16.866645641832843,27.174040200730694,33.733291283665686,18.74071737981427,27.174040200730694,33.733291283665686,26.23700433173998,36.54439889063783,17.80368151082356,41.2295782355914,39.35550649760997,45.914757580544965,44.04068584256354,16.866645641832843,23.42589672476784,17.80368151082356,50.59993692549853,29.985147807702834,10.30739455889785,10.30739455889785,43.10364997357282,33.733291283665686,30.922183676693546,40.292542366600685,29.048111938712122,29.048111938712122,14.992573903851417,47.78882931852639,47.78882931852639,19.677753248804986,31.85921954568426,12.181466296879277,38.418470628619254,45.914757580544965,19.677753248804986,55.2851162704521,10.30739455889785,32.796255414674974,41.2295782355914,21.55182498678641
B02013,99000000467,Synthetic Census Tract 99000000467,1.0,Total:,15.186512201212716,25.310853668687862,+/-25,15.186512201212716,16.19894634796023,20.24868293495029,19.236248788202772,13.161643907717687,3.0373024402425433,22.273551228445317,2.024868293495029,16.19894634796023,17.211380494707747,15.186512201212716,16.19894634796023,14.174078054465202,18.22381464145526,19.236248788202772,4.049736586990058,19.236248788202772,16.19894634796023,4.049736586990058,5.062170733737572,22.273551228445317,19.236248788202772,30.373024402425433,18.22381464145526,20.24868293495029,33.41032684266798,24.298419521940346,21.261117081697805,31.385458549172945,3.0373024402425433,13.161643907717687,4.049736586990058,11.136775614222659,21.261117081697805,15.186512201212716,20.24868293495029,6.0746048804850865,27.335721962182888,25.310853668687862,14.174078054465202,11.136775614222659,18.22381464145526,10.124341467475144,3.0373024402425433,17.211380494707747,24.298419521940346,12.149209760970173,33.41032684266798,22.273551228445317,19.236248788202772,22.273551228445317,17.211380494707747,30.373024402425433,18.22381464145526,5.062170733737572,19.236248788202772,17.211380494707747,30.373024402425433,28.348156108930404,22.273551228445317,15.186512201212716,4.049736586990058,14.174078054465202,19.236248788202772,7.087039027232601,13.161643907717687,14.174078054465202,15.186512201212716,1.0124341467475144,19.236248788202772,18.22381464145526,20.24868293495029,20.24868293495029,6.0746048804850865,19.236248788202772,20.24868293495029,23.28598537519283,5.062170733737572,15.186512201212716,17.211380494707747,17.211380494707747
B02013,99000000468,Synthetic Census Tract 99000000468,1.0,Total:,867.9172380695231,674.6376834623123,+/-733,410.4889588324574,962.7162577102029,510.8102514619145,639.6632878667217,656.2301068330542,584.4405579789473,1077.7636116430665,1016.0982299350516,469.3932040460836,780.4812490805468,874.3598898897635,609.2907864284458,794.2869315524905,1202.0147538905592,1193.731344407393,1157.8365699803396,909.3342854853541,660.8320009903687,770.3570819344549,877.1210263841523,545.784647057505,828.3409483166181,1279.3265757334434,1126.5436897106006,982.0442131709239,1133.906720362304,697.647154248885,722.4973826983836,1132.986341530841,925.9011044516865,807.1722351929712,1068.5598233284372,1052.9133831935678,470.3135828775465,509.8898726304516,553.1476777092083,739.9845804961789,1075.0024751486776,890.006330024633,960.875500047277,540.2623740687276,1132.0659626993781,1187.2886925871526,1016.0982299350516,1234.228012991761,752.8698841366596,599.1666192823537,822.8186753278407,866.0764804065974,820.9779176649148,866.9968592380603,1082.365505800381,807.1722351929712,553.1476777092083,916.6973161370573,871.5987533953748,1071.3209598228261,798.888825709805,836.6243577997843,885.4044358673185,979.2830766765352,604.6888922711312,702.2490484061996,617.5741959116119,632.3002572150185,936.9456504292414,1228.7057400029835,911.1750431482799,724.3381403613093,799.809204541268,665.4338951476832,740.9049593276418,925.9011044516865,1032.665048901384,923.1399679572977,1001.372168631645,780.4812490805468,893.6878453504846,1015.1778511035886,847.6689037773392,1107.2157342498795
B02013,99000000469,Synthetic Census Tract 99000000469,1.0,Total:,223.63682029287756,179.32169000442715,+/-174,109.24194908315678,140.15948184254077,220.54506701693916,209.20863833849836,159.74058592348396,309.17532759383994,242.18733994850797,123.67013103753598,244.24850879913356,214.36156046506235,153.55707937160716,219.51448259162635,204.05571621193437,297.83889891539917,237.03441782194395,185.50519655630396,266.92136615601515,218.48389816631357,286.50247023695835,223.63682029287756,188.59694983224236,271.04370385726634,227.75915799412877,230.85091127006717,170.04643017661198,261.76844402945113,227.75915799412877,284.4413013863327,279.28837925976876,323.60350954821917,278.2577948344559,120.57837776159758,195.81104080943197,138.09831299191518,306.08357431790154,230.85091127006717,175.19935230317597,205.08630063724715,156.64883264754556,271.04370385726634,158.71000149817118,289.59422351289675,228.78974241944155,171.07701460192476,178.29110557911437,169.01584575129917,265.8907817307024,206.11688506255996,259.70727517882557,320.51175627228076,288.56363908758397,116.45604006034638,226.72857356881596,182.41344328036556,268.9825350066408,167.98526132598636,201.99454736130878,273.10487270789196,155.61824822223278,317.42000299634236,183.44402770567837,155.61824822223278,203.02513178662156,210.23922276381117,152.52649494629438,346.27636690510076,252.49318420163596,172.10759902723757,279.28837925976876,227.75915799412877,124.70071546284878,241.15675552319516,198.90279408537037,290.6248079382095,264.86019730538953,207.14746948787277,292.68597678883515,212.30039161443676,270.01311943195356,173.13818345255038,208.17805391318555
B02013,99000000470,Synthetic Census Tract 99000000470,1.0,Total:,135.29266581905773,102.56056924993085,+/-94,62.19098348134105,138.56587547597042,168.0247623881846,104.74270902120597,156.02299364617141,124.3819669626821,171.29797204509728,135.29266581905773,79.64810165154205,97.10521982174303,88.37666073664253,141.8390851328831,124.3819669626821,138.56587547597042,109.10698856375622,93.83201016483035,144.0212249041582,111.28912833503135,134.20159593342015,135.29266581905773,182.20867090147289,181.11760101583533,111.28912833503135,113.47126810630647,144.0212249041582,133.1105260477826,195.30150952912365,80.7391715371796,166.93369250254702,172.38904193073483,103.65163913556842,159.2962033030841,123.29089707704453,94.92308005046792,118.92661753449428,154.93192376053383,177.84439135892265,142.93015501852065,154.93192376053383,133.1105260477826,120.01768742013185,108.01591867811867,148.38550444670847,197.48364930039875,121.10875730576942,109.10698856375622,111.28912833503135,98.1962897073806,175.66225158764752,195.30150952912365,152.7497839892587,93.83201016483035,124.3819669626821,149.47657433234602,190.93722998657339,178.9354612445602,140.74801524724552,154.93192376053383,157.11406353180897,99.28735959301817,96.01414993610548,98.1962897073806,172.38904193073483,184.39081067274802,94.92308005046792,142.93015501852065,105.83377890684353,153.84085387489628,145.11229478979578,110.19805844939378,137.47480559033283,90.55880050791767,84.0123811940923,159.2962033030841,174.57118170200997,136.38373570469528,135.29266581905773,86.19452096536742,108.01591867811867,144.0212249041582,128.74624650523234
B02013,99000000471,Synthetic Census Tract 99000000471,1.0,Total:,338.86068754668753,239.60859267354533,+/-239,145.36922986470324,336.8555947209675,278.7079027750862,364.92689428104813,392.99819384112874,350.8912445010078,224.570396480645,424.07713263978945,284.7231812522463,248.63151038928555,333.8479554823874,334.8505018952475,335.8530483081075,302.76901668372676,473.20190686993055,557.4158055501724,324.82503776664726,397.00837949256885,260.6620673436058,311.7919343994669,280.71299560080627,423.0745862269294,290.7384597294065,299.76137744514665,371.9447191710683,416.0567613369093,409.0389364468891,254.64678886644566,323.8224913537872,352.89633732672786,374.95235840964835,283.7206348393863,420.06694698834934,424.07713263978945,436.10768959410973,379.96509047394846,478.21463893423066,381.9701832996685,335.8530483081075,317.8072128766271,333.8479554823874,330.84031624380737,402.02111155686896,371.9447191710683,326.83013059236725,332.8454090695274,284.7231812522463,464.17898915419033,409.0389364468891,430.09241111694956,201.51182898486448,398.01092590542885,191.48636485626426,338.86068754668753,365.92944069390813,316.80466646376703,379.96509047394846,253.64424245358566,503.2782992557312,375.95490482250835,279.7104491879462,444.1280608969899,172.43798301192385,429.08986470408956,323.8224913537872,257.6544281050257,439.1153288326898,385.9803689511086,342.87087319812764,352.89633732672786,347.88360526242775,467.1866283927704,324.82503776664726,405.028750795449,321.81739852806714,320.81485211520715,343.87341961098764,274.6977171236461,388.9880081896887,309.7868415737469,411.0440292726092
B02013,99000000472,Synthetic Census Tract 99000000472,1.0,Total:,936.2781791463023,402.53055541800984,+/-408,244.67543564624128,799.1415438445783,883.0020762233304,1035.9242235022311,1116.8249723852625,1145.4362128438956,943.1843406363172,1090.1869209237766,872.1495367390213,960.9430416106411,1276.6532811541783,768.5571143887981,1094.1332989180708,1080.320975938041,982.6481205792593,911.6133166819635,1019.1521170264808,1019.1521170264808,899.7741826990808,1033.9510345050842,1000.4068215535833,1050.7231409808346,871.1629422404477,984.6213095764064,794.2085713517106,803.0879218388726,1027.0448730150692,862.2835917532858,870.1763477418742,918.5194781719783,745.8654409216065,828.7393788017849,989.5542820692742,796.1817603488577,809.007488830314,953.0502856220527,557.4258916940578,870.1763477418742,1078.347786940894,871.1629422404477,827.7527843032115,619.5813451041917,854.3908357646974,800.1281383431519,808.0208943317404,969.8223920978031,857.3506192604181,990.5408765678477,898.7875882005072,1004.3531995478775,904.7071551919486,934.3049901491552,822.8198118103436,1147.4094018410428,992.5140655649949,759.6777639016362,979.6883370835386,887.9350487161981,803.0879218388726,954.0368801206263,1024.0850895193485,1108.9322163966742,953.0502856220527,1026.0582785164956,932.3318011520081,1021.1253060236279,1052.6963299779816,699.4954994886494,1010.2727665393188,871.1629422404477,958.969852613494,1008.2995775421717,1086.2405429294824,879.0556982290362,915.5596946762577,1139.5166458524543,1009.2861720407452,918.5194781719783,940.2245571405965,1009.2861720407452,892.8680212090659
B02013,99000000473,Synthetic Census Tract 99000000473,1.0,Total:,370.1247685157221,279.4079134873588,+/-308,169.6405189030393,464.4702977452199,231.3279803223263,297.5512844930315,450.86276949096543,302.9942957947333,465.37746629550355,496.2211970051471,470.82047759720535,415.48319602990375,308.4373070964351,308.4373070964351,310.25164419700235,363.77458866373667,406.41151052706743,389.1753080716784,281.2222505879261,255.8215311799844,419.11187023103827,396.4326564739475,312.9731498478533,454.49144369209995,333.8380265043768,288.4795989901952,299.36562159359875,478.0778259994744,528.8792648153578,346.5383862083477,344.7240491077804,234.0494859731772,350.1670604094822,265.80038523310435,367.40326286487124,499.8498712062816,338.373869255795,500.75703975656523,494.4068599045798,378.2892854682748,329.3021837529586,313.88031839813686,293.922610291897,256.72869973026803,438.16240978699454,517.0860736616706,439.97674688756183,393.71115082309655,308.4373070964351,228.6064746714754,246.74984567714807,416.3903645801874,503.4785454074161,469.9133090469217,352.8885660603331,316.6018240489878,415.48319602990375,354.70290316090035,362.8674201134531,472.6348146977726,440.8839154378455,286.6652618896279,431.81222993500916,329.3021837529586,407.3186790773511,464.4702977452199,360.14591446260215,278.50074493707524,307.5301385461515,314.7874869484205,412.7616903790528,447.23409528983086,507.1072196085506,498.94270265599795,482.61366875089254,314.7874869484205,270.3362279845225,155.12582209850117,310.25164419700235,317.50899259927144,362.8674201134531,482.61366875089254,366.4960943145876
B02013,99000000474,Synthetic Census Tract 99000000474,1.0,Total:,324.3106066263557,297.0117340147096,+/-272,180.1725592368643,348.3336145246043,347.2416596201384,306.8393281549022,259.8852672628709,235.86225936462233,475.0003834426422,450.9773755443936,411.6669989836232,503.39121095875413,172.52887490560337,345.05774981120675,371.264667518387,412.7589538880891,339.59797528887754,343.9657949067409,313.3910575816972,274.0806810209269,317.75887719956063,222.7588005110322,248.96571821821246,309.0232379638339,505.5751207676858,170.34496509667167,396.3796303211014,232.5863946512248,295.9197791102437,352.70143414246763,244.59789860034908,456.43715006672284,325.4025615308215,270.80481630752934,431.3221872640084,353.7933890469335,348.3336145246043,305.74737325043634,366.8968479005236,363.62098318712606,302.4715085370388,198.73579261278363,236.95421426908817,312.2991026772314,526.3222639525369,173.6208298100692,417.12677350595243,226.03466522442972,292.64391439684624,413.8509087925549,222.7588005110322,414.94286369702075,303.56346344150467,254.42549274054167,458.6210598756545,441.149781404201,321.03474191295817,322.12669681742403,376.7244420407162,366.8968479005236,303.56346344150467,200.9197024217153,204.19556713511284,358.16120866479685,370.17271261392114,295.9197791102437,265.3450417852001,198.73579261278363,297.0117340147096,462.9888794935179,478.2762481560397,438.96587159526933,153.965641529684,336.32211057548,454.25324025779116,464.0808343979837,322.12669681742403,362.52902828266025,260.9772221673367,245.68985350481492,358.16120866479685,241.32203388695154,175.8047396190009
B02013,99000000475,Synthetic Census Tract 99000000475,1.0,Total:,5.523603220956191,12.888407515564445,+/-14,7.364804294608255,6.444203757782223,0.9206005368260318,0.0,4.603002684130159,7.364804294608255,3.6824021473041273,8.285404831434287,3.6824021473041273,10.12660590508635,4.603002684130159,7.364804294608255,8.285404831434287,11.047206441912381,4.603002684130159,6.444203757782223,2.7618016104780954,7.364804294608255,5.523603220956191,8.285404831434287,8.285404831434287,8.285404831434287,1.8412010736520636,13.809008052390478,8.285404831434287,4.603002684130159,8.285404831434287,1.8412010736520636,4.603002684130159,4.603002684130159,8.285404831434287,3.6824021473041273,4.603002684130159,0.0,1.8412010736520636,10.12660590508635,7.364804294608255,2.7618016104780954,2.7618016104780954,6.444203757782223,9.206005368260318,8.285404831434287,0.0,8.285404831434287,11.967806978738414,4.603002684130159,6.444203757782223,0.9206005368260318,22.094412883824763,2.7618016104780954,4.603002684130159,2.7618016104780954,4.603002684130159,6.444203757782223,8.285404831434287,5.523603220956191,11.047206441912381,2.7618016104780954,6.444203757782223,6.444203757782223,3.6824021473041273,4.603002684130159,15.65020912604254,3.6824021473041273,4.603002684130159,4.603002684130159,4.603002684130159,6.444203757782223,0.0,5.523603220956191,4.603002684130159,7.364804294608255,7.364804294608255,0.9206005368260318,10.12660590508635,2.7618016104780954,2.7618016104780954,1.8412010736520636,8.285404831434287,4.603002684130159,0.9206005368260318
B02013,99000000476,Synthetic Census Tract 99000000476,1.0,Total:,2024.413059795301,613.9538934148153,+/-676,373.27670146965846,2208.7808709834776,1747.4072351037053,1803.7166158606854,2420.3951567314834,2062.5581241790615,2166.0947275064123,1987.1762112302013,2205.148007708834,2125.2250156666687,2120.6839365733636,1840.9534644257851,2181.5343964236486,2044.3938078058422,1920.8764564679504,1852.7602700683776,1776.4701413008563,1767.3879831142465,2227.853403175358,2309.5928268548455,1940.8572044784917,2065.2827716350444,1678.3828328854715,2091.6210303762127,2234.210913905985,2206.964439346156,2181.5343964236486,1825.5137955085486,2182.4426122423097,1978.0940530435914,2269.6313308337626,1797.3591051300587,2186.0754755169537,2087.0799512829076,1964.470815763677,1762.8469040209418,1884.5478237215116,1929.95861465456,2093.4374620135345,2031.6787863445886,2204.239791890173,2174.268669874361,2090.7128145575516,2195.157633703563,1761.0304723836198,2031.6787863445886,1761.0304723836198,2196.065849522224,1860.0259966176654,1886.3642553588336,1993.533721960828,2094.3456778321956,2249.650582823221,1899.0792768200872,1671.1171063361837,2371.351502523791,2030.7705705259277,1842.7698960631071,2048.0266710804863,2211.5055184394605,2147.9304111331926,1584.8366035633917,2328.665359046726,2062.5581241790615,1952.6640101210844,1827.3302271458706,2194.2494178849024,1840.0452486071242,2065.2827716350444,2048.934886899147,2166.0947275064123,2250.5587986418823,1870.0163706229362,1847.3109751564118,2287.7956472069823,2101.611404381483,2056.200613448435,1957.205089214389,1790.0933785807708,1717.4361130878933,1820.9727164152437
B02013,99000000477,Synthetic Census Tract 99000000477,1.0,Total:,523.9657539101453,505.9307007864265,+/-533,307.54511642552,747.0308846508774,707.1639251142359,677.7383121229053,659.7032589991865,403.4156619779198,500.23542085262056,564.7819267690877,670.1446055444974,346.46286263986053,596.1059664050204,567.6295667359907,297.10376988020914,466.063741249785,526.8133938770482,409.1109419117257,556.2390068683789,609.3949529172341,545.7976603230679,344.5644359952586,254.3891703766647,582.8169798928064,565.7311400913887,597.0551797273213,508.7783407533294,490.7432876296107,317.9864629708309,763.1675111299942,487.8956476627077,519.2196872986403,676.7890988006043,706.2147117919349,487.8956476627077,247.7446771205578,252.49074373206275,638.8205659085647,812.5266038896456,328.4278095161418,779.304137609111,510.6767673979314,487.8956476627077,742.2848180393725,676.7890988006043,761.2690844853922,675.8398854783032,343.61522267295754,596.1059664050204,598.0043930496223,767.9135777414991,382.53296888729807,524.9149672324462,514.4736206871354,326.5293828715398,490.7432876296107,520.1689006209413,328.4278095161418,455.6223947044741,596.1059664050204,656.8556190322836,373.0408356642882,267.67815688887856,475.55587447279487,449.9271147706682,599.9028196942243,413.85700852323066,512.5751940425334,242.0493971867519,876.1238964838117,504.0322741418245,553.3913669014759,634.0744992970598,670.1446055444974,542.950020356165,350.2597159290645,222.11591741843114,667.2969655775944,718.5544849818477,342.66600935065657,729.9450448494596,520.1689006209413,508.7783407533294
B02013,99000000478,Synthetic Census Tract 99000000478,1.0,Total:,143.3576556250372,133.31348867041677,+/-146,81.2664417237472,173.49015648889855,120.53000345544531,167.0984138814128,201.79644517919252,139.7052312779025,119.61689736866163,173.49015648889855,208.18818778667824,105.0071999801228,105.92030606690648,131.48727649684943,82.17954781053089,142.44454953825354,106.83341215369016,165.27220170784545,157.05424692679236,168.92462605498017,202.7095512659762,95.87613911228604,100.44166954620442,187.1867477906537,148.83629214573926,148.83629214573926,201.79644517919252,162.5328834474944,99.52856345942074,199.97023300562518,185.36053561708633,81.2664417237472,147.01007997217192,170.7508382285475,77.61401737661251,175.3163686624659,75.78780520304515,97.7023512858534,126.00863997614736,136.05280693076782,151.5756104060903,155.22803475322502,171.66394431533118,112.31204867439222,140.6183373646862,122.35621562901265,95.87613911228604,122.35621562901265,227.36341560913547,87.65818433123295,94.96303302550236,168.92462605498017,113.22515476117589,132.4003825836331,179.88189909638427,147.01007997217192,159.7935651871434,94.04992693871868,185.36053561708633,178.9687930096006,44.74219825240015,121.44310954222898,183.53432344351899,96.78924519906971,197.23091474527413,140.6183373646862,107.74651824047383,181.70811126995164,178.05568692281693,78.52712346339618,88.57129041801663,186.27364170387003,167.0984138814128,155.22803475322502,149.74939823252296,115.96447302152693,235.58137039018854,189.01295996422104,131.48727649684943,158.88045910035973,112.31204867439222,105.0071999801228,100.44166954620442
B02013,99000000479,Synthetic Census Tract 99000000479,1.0,Total:,119.91385178636466,124.86896962877641,+/-126,75.31779120465879,69.37164979376467,155.59070025172934,173.4291244844117,127.84204033422347,175.41117162137638,78.29086191010585,117.93180464939995,167.48298307351757,200.18676083343522,111.98566323850584,91.17416830037644,97.12030971127055,107.03054539609407,113.96771037547055,81.2639326155529,103.06645112216466,163.51888879958815,78.29086191010585,110.99463967002347,141.71637029297642,157.57274738869404,137.752276019047,96.12928614278819,132.79715817663524,87.21007402644702,193.24959585405875,128.83306390270582,32.703777759917635,72.34472049921173,110.99463967002347,110.99463967002347,114.9587339439529,132.79715817663524,127.84204033422347,177.3932187583411,105.04849825912936,71.35369693072938,180.36628946378815,96.12928614278819,78.29086191010585,69.37164979376467,106.03952182761172,142.70739386145877,122.88692249181172,142.70739386145877,51.53322556108233,135.7702288820823,171.447077347447,150.63558240931758,129.8240874711882,159.55479452565876,135.7702288820823,113.96771037547055,138.74329958752935,58.4703905404588,132.79715817663524,167.48298307351757,46.578107718670566,113.96771037547055,178.38424232682345,152.61762954628227,123.87794606029406,38.64991917081175,125.85999319725877,53.515272698047035,131.8061346081529,120.90487535484701,91.17416830037644,64.41653195135291,115.94975751243524,119.91385178636466,133.78818174511758,106.03952182761172,143.69841742994112,146.67148813538816,143.69841742994112,80.27290904707056,152.61762954628227,155.59070025172934,58.4703905404588
B02013,99000000480,Synthetic Census Tract 99000000480,1.0,Total:,163.52446232098188,139.44724087494774,+/-139,84.2702750611195,187.60168376701603,122.39254235067357,155.4987218389705,158.50837451972478,135.43437063394205,169.54376768249043,175.56307304399897,67.21557653684532,141.4536759954506,219.70464569506154,135.43437063394205,191.6145540080217,185.59524864651317,119.3828896699193,151.48585159796482,157.50515695947334,126.40541259167925,143.46011111595342,216.69499301430727,145.46654623645628,190.6113364477703,235.75612665908432,123.39575991092498,171.55020280299325,227.73038617707294,123.39575991092498,120.38610723017071,126.40541259167925,171.55020280299325,146.4697637967077,164.5276798812333,163.52446232098188,133.4279355134392,112.36036674815934,112.36036674815934,173.5566379234961,149.47941647746197,226.7271686168215,240.77221446034142,82.26383994061665,155.4987218389705,114.36680186866218,151.48585159796482,162.52124476073047,186.5984662067646,214.68855789380444,103.33140870589654,195.6274242490274,183.58881352601034,130.41828283268495,173.5566379234961,178.5727257247532,127.40863015193067,249.80117250260423,115.3700194289136,97.31210334438799,193.62098912852457,145.46654623645628,152.48906915821624,168.540550122239,183.58881352601034,129.4150652724335,236.75934421933573,180.57916084525607,117.37645454941645,160.5148096402276,152.48906915821624,210.67568765279876,109.35071406740506,203.6531647310388,171.55020280299325,93.2992331033823,190.6113364477703,260.8365656653699,222.71429837581582,161.51802720047905,223.71751593606723,127.40863015193067,81.26062238036523,208.6692525322959
B02013,99000000481,Synthetic Census Tract 99000000481,1.0,Total:,71.22603524562304,94.32637100096025,+/-98,56.78832539853729,89.51380105193167,104.91402488882314,58.713353378148724,138.60201453202322,75.07609120484591,39.46307358203439,83.73871711309737,25.98787772475435,93.36385701115452,59.67586736795444,97.2139129703774,68.3384932762059,116.46419276649173,88.55128706212595,33.68798964320009,87.58877307232022,51.9757554495087,82.77620312329164,105.87653887862885,104.91402488882314,66.41346529659445,124.16430468493746,90.47631504173738,53.90078342912014,110.68910882765744,113.57665079707458,97.2139129703774,65.45095130678874,33.68798964320009,67.37597928640018,45.23815752086869,57.75083938834301,48.12569949028584,58.713353378148724,74.1135772150402,55.825811408731575,31.762961663588655,48.12569949028584,80.85117514368021,69.30100726601161,80.85117514368021,26.95039171456007,125.12681867474318,102.98899690921169,73.15106322523448,71.22603524562304,47.163185500480125,88.55128706212595,147.26464044027466,52.938269439314425,87.58877307232022,53.90078342912014,41.38810156164582,102.98899690921169,128.97687463396605,96.25139898057168,22.137821765531488,56.78832539853729,54.86329741892585,97.2139129703774,48.12569949028584,90.47631504173738,33.68798964320009,51.9757554495087,51.01324145970299,69.30100726601161,77.00111918445734,60.63838135776016,106.83905286843456,73.15106322523448,50.050727469897275,65.45095130678874,61.600895347565874,83.73871711309737,61.600895347565874,52.938269439314425,114.53916478688029,135.71447256260606,56.78832539853729,68.3384932762059
B02013,99000000482,Synthetic Census Tract 99000000482,1.0,Total:,596.17582321731,274.8780131475231,+/-302,167.47534575875582,709.0396431851673,597.0860153138251,464.1979692226384,517.899302917022,474.21008228430316,664.4402304559334,650.7873490082087,689.9256091583527,596.17582321731,641.685428043059,601.6369757964,544.2948737159564,541.5642974264115,527.0012238821719,437.80239842370406,543.3846816194414,580.7025575765555,614.3796651476097,721.782332536377,628.9427386918493,568.8700603218608,531.5521843647467,621.6612019197295,567.0496761288308,533.3725685577766,411.40682762476973,698.1173380269876,681.733880289718,748.1779033353113,696.2969538339576,414.13740391431463,588.8942864451902,582.5229417695855,689.9256091583527,571.6006366114057,707.2192589921373,529.7318001717167,484.22219534596786,620.7510098232144,594.3554390242801,512.4381503379321,679.003304000173,584.3433259626154,506.06680566232734,623.4815861127594,729.9740614050118,518.809495013537,605.2777441824599,618.0204335336696,585.2535180591303,557.947755163681,534.2827606542917,656.2485015872986,680.823688193203,491.5037321180877,760.920592686521,729.9740614050118,612.5592809545797,485.13238744248287,598.906399506855,605.2777441824599,637.134467560484,683.554264482748,558.857947260196,542.4744895229264,525.1808396891419,389.56221730841025,501.51584517975243,589.8044785417053,618.0204335336696,595.2656311207951,538.8337211368665,571.6006366114057,549.7560262950462,721.782332536377,684.4644565792629,607.0981283754899,654.4281173942686,570.6904445148907,762.7409768795509
B02013,99000000483,Synthetic Census Tract 99000000483,1.0,Total:,50.7276040507415,47.03832375614211,+/-51,28.591922283145205,69.1740055237384,69.1740055237384,45.19368360884242,42.426723387892885,65.48472522913902,39.65976316694335,34.12584272504428,70.09632559738824,89.465047144035,47.96064382979196,46.11600368249227,18.446401472996907,52.57224419804118,56.26152449264057,63.64008508183933,48.882963903441805,37.81512301964366,45.19368360884242,33.20352265139444,36.892802945993814,60.873124860889796,58.10616463994026,29.51424235679505,24.902641988545824,57.18384456629041,58.10616463994026,30.436562430444898,47.03832375614211,59.950804787239946,42.426723387892885,53.49456427169103,54.416884345340875,52.57224419804118,44.27136353519258,50.7276040507415,67.32936537643872,35.97048287234397,54.416884345340875,62.71776500818949,62.71776500818949,72.86328581833779,94.99896758593407,46.11600368249227,55.33920441899072,49.80528397709165,56.26152449264057,42.426723387892885,71.01864567103809,56.26152449264057,32.28120257774459,35.04816279869412,27.66960220949536,49.80528397709165,47.96064382979196,49.80528397709165,36.892802945993814,44.27136353519258,55.33920441899072,37.81512301964366,43.349043461542735,54.416884345340875,45.19368360884242,30.436562430444898,17.52408139934706,60.873124860889796,44.27136353519258,33.20352265139444,63.64008508183933,65.48472522913902,73.78560589198763,62.71776500818949,41.50440331424304,57.18384456629041,45.19368360884242,52.57224419804118,51.64992412439134,35.97048287234397,44.27136353519258,53.49456427169103,46.11600368249227
B02013,99000000484,Synthetic Census Tract 99000000484,1.0,Total:,185.6111663636173,144.5813295885019,+/-148,87.92107880381872,190.4956707416072,111.36669981817036,186.58806723921526,200.26467949758705,209.05678737796893,171.93455410524547,155.32723922007972,206.12608475117497,131.88161820572807,186.58806723921526,194.40327424399914,168.02695060285353,199.28777862198908,172.91145498084347,143.60442871290388,164.1193471004616,211.0105891291649,228.59480488992864,211.0105891291649,254.97112853107427,123.0895103253462,232.50240839232058,183.6573646124213,186.58806723921526,152.39653659328576,251.0635250286823,167.05004972725555,217.8488952583508,264.7401372870541,196.35707599519512,224.6872013875367,196.35707599519512,268.64774078944606,189.51876986600922,188.54186899041125,208.07988650237095,58.61405253587914,148.48893309089382,116.25120419616029,163.14244622486362,213.94129175595887,274.509146043034,153.37343746888374,128.95091557893412,133.83541995692403,240.31761539710448,199.28777862198908,171.93455410524547,282.32435304781785,240.31761539710448,173.88835585644145,221.75649876074274,225.66410226313468,188.54186899041125,200.26467949758705,190.4956707416072,146.53513133969784,106.48219544018043,102.5745919377885,146.53513133969784,275.486046918632,194.40327424399914,178.77286023443136,192.44947249280318,190.4956707416072,129.9278164545321,197.3339768707931,151.41963571768778,171.93455410524547,184.63426548801928,177.7959593588334,169.9807523540495,153.37343746888374,239.3407145215065,211.9874900047629,115.27430332056231,259.8556329090642,235.43311101911453,170.9576532296475,211.9874900047629
B02013,99000000485,Synthetic Census Tract 99000000485,1.0,Total:,244.44432496430235,179.68482096256554,+/-197,109.45268281983688,270.89538997909625,168.73955268058185,219.81747132983907,285.4890810217412,185.15745510355737,233.49905668231867,226.2022111609962,310.1159346562045,265.4227558381044,276.36802412008814,285.4890810217412,255.38959324628604,173.30008113140838,330.18225983984127,300.0827720643861,226.2022111609962,256.3016989364514,211.6085201183513,219.81747132983907,312.8522517267004,354.8091134743045,216.16904856917782,221.64168271016968,246.26853634463296,228.0264225413268,133.16743076413488,353.89700778413925,266.33486152826976,246.26853634463296,219.81747132983907,188.80587786421862,368.4906988267841,198.839040456037,279.104341190584,201.5753575265329,266.33486152826976,179.68482096256554,134.9916421444655,301.90698344471673,204.31167459702883,283.6648696414106,330.18225983984127,341.1275281218249,143.20059335595323,275.4559184299228,220.72957702000437,253.56538186595543,152.3216502576063,176.94850389206962,142.28848766578793,259.03801600694726,242.62011358397174,273.6317070495922,204.31167459702883,284.57697533157585,309.20382896603917,270.89538997909625,217.08115425934312,257.21380462661665,190.63008924454923,228.0264225413268,240.79590220364113,228.93852823149214,289.1375037824024,220.72957702000437,288.2253980922371,170.56376406091246,240.79590220364113,303.73119482504734,215.2569428790125,280.01644688074936,197.9269347658717,213.4327314986819,280.01644688074936,369.40280451694946,291.87382085289835,280.01644688074936,288.2253980922371,192.45430062487983,218.90536563967376
B02013,99000000486,Synthetic Census Tract 99000000486,1.0,Total:,80.05212177439267,76.93320793902673,+/-74,46.783707530489224,105.00343245732026,57.18008698170905,73.81429410366079,70.69538026829483,129.95474314024784,130.99438108536984,46.783707530489224,64.45755259756294,108.12234629268622,63.41791465244095,24.951310682927588,75.89356999390475,113.32053601829612,89.40886328049052,82.13139766463664,62.37827670731897,76.93320793902673,97.72596684146639,89.40886328049052,94.60705300610044,82.13139766463664,98.76560478658837,76.93320793902673,75.89356999390475,27.030586573171554,59.25936287195302,119.55836368902803,84.21067355488061,44.70443164024526,80.05212177439267,108.12234629268622,81.09175971951466,93.56741506097845,94.60705300610044,81.09175971951466,87.32958739024656,116.43944985366207,69.65574232317284,59.25936287195302,86.28994944512458,61.338638762196986,57.18008698170905,87.32958739024656,94.60705300610044,111.24126012805216,82.13139766463664,65.49719054268492,39.506241914635346,125.79619135975992,93.56741506097845,71.73501821341681,115.39981190854009,107.08270834756424,70.69538026829483,82.13139766463664,47.82334547561121,93.56741506097845,69.65574232317284,69.65574232317284,64.45755259756294,82.13139766463664,94.60705300610044,66.5368284878069,84.21067355488061,72.7746561585388,62.37827670731897,110.20162218293018,125.79619135975992,74.85393204878277,74.85393204878277,102.9241565670763,38.466603969513365,33.26841424390345,75.89356999390475,79.01248382927069,105.00343245732026,71.73501821341681,77.97284588414871,117.47908779878406,86.28994944512458
B02013,99000000487,Synthetic Census Tract 99000000487,1.0,Total:,616.6196909397504,217.46434901844634,+/-231,131.79657516269475,683.4593826294027,620.3853073729703,627.91654023941,674.0453415463531,663.6898963549985,636.3891772141546,749.3576702107501,642.9790059722893,690.0492113875375,706.9944853370268,587.4361635822966,695.6976360373673,593.0845882321264,611.9126703982256,649.5688347304241,546.9557869251831,616.6196909397504,634.5063689975447,722.0569510699062,564.8424649829775,499.8855815099351,642.9790059722893,652.393047055339,543.1901704919634,581.7877389324668,581.7877389324668,524.3620883258641,541.3073622753534,479.1746911272259,500.82698561824003,613.7954786148355,567.6666773078923,635.4477731058497,553.5456156833179,617.5610950480553,635.4477731058497,592.1431841238214,653.334451163644,516.8308554594244,508.35821848467975,588.3775676906015,592.1431841238214,585.5533553656867,570.4908896328072,659.9242799217786,668.3969168965233,554.4870197916229,557.3112321165378,532.8347253006087,545.0729787085733,660.8656840300837,531.8933211923038,610.0298621816157,553.5456156833179,611.9126703982256,560.1354444414527,564.8424649829775,586.4947594739916,521.5378760009492,802.076300275828,671.2211292214382,578.022122499247,554.4870197916229,732.4123962612608,573.3151019577222,589.3189717989065,654.2758552719489,730.5295880446508,688.1664031709275,659.9242799217786,678.7523620878779,658.9828758134737,657.1000675968638,687.2249990626226,551.662807466708,700.4046565788921,657.1000675968638,681.5765744127929,623.2095196978852,718.2913346366863
B02013,99000000488,Synthetic Census Tract 99000000488,1.0,Total:,60.506101766673844,63.38734470794403,+/-66,38.41657255026911,42.25822980529602,62.4269303941873,50.901958629106566,39.37698686402584,61.46651608043057,37.45615823651238,72.9914878455113,75.87273078678149,40.33740117778256,26.891600785188377,71.07065921799784,47.06030137407966,66.26858764921421,63.38734470794403,54.743615884133476,76.83314510053822,62.4269303941873,49.94154431534984,66.26858764921421,101.80391725821313,61.46651608043057,78.75397372805168,59.545687452917115,54.743615884133476,63.38734470794403,46.09988706032293,88.35811686561895,86.4372882381055,42.25822980529602,33.61450098148547,82.59563098307858,61.46651608043057,72.9914878455113,75.87273078678149,60.506101766673844,85.47687392434877,61.46651608043057,45.1394727465662,72.9914878455113,96.04143137567277,57.62485882540366,90.2789454931324,62.4269303941873,44.17905843280948,83.55604529683531,36.49574392275565,97.0018456894295,61.46651608043057,49.94154431534984,30.733258040215286,72.03107353175457,73.95190215926803,78.75397372805168,59.545687452917115,55.704030197890205,97.0018456894295,60.506101766673844,48.981130001593115,86.4372882381055,87.39770255186222,48.981130001593115,76.83314510053822,50.901958629106566,32.65408666772874,73.95190215926803,26.891600785188377,94.12060274815931,61.46651608043057,27.852015098945103,25.931186471431648,57.62485882540366,60.506101766673844,62.4269303941873,51.862372942863296,51.862372942863296,84.51645961059204,39.37698686402584,29.772843726458557,85.47687392434877,80.67480235556512
B02013,99000000489,Synthetic Census Tract 99000000489,1.0,Total:,438.51366963515756,276.02869383284474,+/-282,167.37910157949094,497.24317896129475,550.0997373548182,505.07378020477967,470.814899764533,373.91120937640665,330.8429025372394,437.5348444797219,291.68989631981464,552.0573876656895,482.5608016297604,385.6571112416341,319.097000672012,489.41257771780977,404.25478919491087,414.04304074926705,356.2923565785655,452.21722181125625,525.6291084689277,365.1017829774861,436.5560193242863,430.6830683916726,389.5724118633766,562.8244643754813,381.7418106198916,438.51366963515756,503.11612989390846,532.480884556977,386.6359363970697,236.87568761541993,436.5560193242863,413.0642155938314,385.6571112416341,333.77937800354624,637.2151761885883,518.7773323808783,336.71585346985313,545.2056115776401,428.7254180808014,623.5116240124896,534.4385348678483,404.25478919491087,458.09017274386997,336.71585346985313,488.43375256237414,420.8948168373164,389.5724118633766,325.9487767600613,466.8995991427905,503.11612989390846,414.04304074926705,406.21243950578213,527.586758779799,551.0785625102538,454.17487212212745,454.17487212212745,502.13730473847284,376.84768484271353,481.5819764743248,400.3394885731684,417.95834137100957,376.84768484271353,410.1277401275246,421.873641992752,552.0573876656895,451.2383966558206,469.8360746090974,588.2739184168073,659.7281547636076,289.7322460089434,366.0806081329217,441.4501451014644,459.06899789930554,449.28074634494936,467.87842429822615,545.2056115776401,478.64550100801796,296.5840220969927,380.762985464456,370.9747339100998,556.9515134428675
B02013,99000000490,Synthetic Census Tract 99000000490,1.0,Total:,589.9931559682979,698.158567895819,+/-710,424.79507229717444,758.1412054192626,347.11264009468186,552.6269227569722,576.2266489957042,275.3301394518723,919.4060013839307,664.7256223909488,648.9924715651276,279.2634271583276,635.225964592534,524.1105868851712,736.5081230337585,685.3753828498393,584.0932244086148,303.84647532367336,1090.504016614737,875.1565146863084,614.5762041336435,822.0571306491616,609.6595945005744,702.0918556022743,544.7603473440616,232.0639746808638,209.44757036874572,575.2433270690904,601.7930190876638,232.0639746808638,674.5588416570871,529.0271965182403,857.4567200072595,792.5574728507468,545.7436692706755,826.9737402822308,306.79644110351484,670.6255539506318,572.2933612892489,618.5094918400988,245.8304816534574,502.47750449966696,326.46287963579147,549.6769569771308,222.2307554147255,542.793703490834,559.510176243269,284.1800367913968,730.6081914740754,702.0918556022743,567.3767516561797,215.3475019284287,634.2426426659201,537.8770938577649,778.7909658781531,571.310039362635,562.4601420231106,302.86315339705953,741.4247326668276,844.6735349612796,485.76103174723187,786.6575412910637,586.0598682618424,1013.8049063388584,677.5088074369287,271.396851745417,306.79644110351484,602.7763410142776,640.1425742256031,282.21339293816914,1007.9049747791754,750.274630006352,913.5060698242478,792.5574728507468,548.693635050517,769.9410685386287,317.612982296267,489.69431945368717,636.2092865191478,611.626238353802,294.9965779841489,740.4414107402138,271.396851745417
B02013,99000000491,Synthetic Census Tract 99000000491,1.0,Total:,111.64118555033505,84.63122130428626,+/-94,51.318932067492725,114.34218197493993,138.65114979638386,86.43188558735616,128.7474962394993,102.63786413498545,141.35214622098874,111.64118555033505,65.72424633205209,80.12956059661146,72.92690346433177,117.04317839954481,102.63786413498545,114.34218197493993,90.033214153496,77.42856417200657,118.84384268261473,91.83387843656593,110.74085340880009,111.64118555033505,150.35546763633835,149.4551354948034,91.83387843656593,93.63454271963585,118.84384268261473,109.84052126726513,161.15945333475787,66.62457847358705,137.7508176548489,142.2524783625237,85.53155344582122,131.44849266410418,101.73753199345049,78.32889631354153,98.13620342731065,127.84716409796434,146.7541390701985,117.94351054107977,127.84716409796434,109.84052126726513,99.03653556884561,89.13288201196104,122.44517124875458,162.9601176178278,99.93686771038057,90.033214153496,91.83387843656593,81.02989273814642,144.95347478712858,161.15945333475787,126.04649981489442,77.42856417200657,102.63786413498545,123.34550339028954,157.55812476861803,147.65447121173347,116.14284625800985,127.84716409796434,129.64782838103426,81.93022487968138,79.2292284550765,81.02989273814642,142.2524783625237,152.15613191940827,78.32889631354153,117.94351054107977,87.33221772889112,126.94683195642938,119.7441748241497,90.93354629503096,113.44184983340497,74.7275677474017,69.32557489819193,131.44849266410418,144.05314264559362,112.54151769187001,111.64118555033505,71.12623918126185,89.13288201196104,118.84384268261473,106.23919270112529
B02013,99000000492,Synthetic Census Tract 99000000492,1.0,Total:,428.9225445028789,317.3104415247104,+/-344,192.78454150774556,324.6897541183083,583.8881089684352,287.79319115031876,404.0173644994859,487.0346311774625,548.836374148845,498.10360006785936,435.3794430222771,345.9052778249023,363.4311452346974,277.6466363341216,556.2156867424429,456.59496672887104,261.0431829985263,460.28462302567004,445.5259978384742,407.7070207962849,489.8018734000617,420.6208178350812,204.77592447234218,360.66390301209816,433.53461487387756,412.31909116728355,607.8708748976284,438.14668524487627,428.00013042867914,430.7673726512784,463.974279322469,522.0863659970526,444.60358376427445,486.1122171032627,372.65528597669476,493.49152969686065,450.13806820947286,543.3018897036466,646.6122660140175,343.1380356023031,295.17250374391665,335.7587230087052,366.1983874572966,472.27600599026664,264.7328392953252,546.0691319262457,372.65528597669476,469.5087637676674,299.78457411491536,335.7587230087052,348.67252004750156,490.7242874742614,525.7760222938515,545.1467178520461,268.4224955921242,452.9053104320721,587.5777652652341,429.8449585770786,408.6294348704846,495.3363578452601,415.0863333898828,501.7932563646583,519.3191237744534,562.6725852618412,526.6984363680513,523.0087800712523,384.6466689412914,557.1381008166427,390.1811533864898,360.66390301209816,359.7414889378984,222.30179188213722,479.6553185838645,370.8104578282953,441.8363415416752,307.16388670851325,307.16388670851325,302.55181633751454,377.26735634769346,490.7242874742614,573.741554152238,535.9225771100487,425.2328882060799
B02013,99000000493,Synthetic Census Tract 99000000493,1.0,Total:,773.3106500914347,320.6933209117045,+/-299,195.20463012016796,616.717924830201,808.7048962121245,865.5502005877778,662.8377000783726,777.6008617424274,718.6104515412777,698.2319461990623,631.7336656086754,784.0361792189165,664.9828059038689,508.39008064263527,868.7678593260223,924.5406107889274,752.9321447492193,756.1498034874638,825.8657428160952,838.7363777690733,751.8595918364712,846.2442481583106,615.6453719174528,825.8657428160952,923.4680578761793,959.9348569096172,744.3517214472339,754.0046976619675,804.4146845611317,1015.7076083725224,786.1812850444128,814.0676607758653,785.1087321316646,664.9828059038689,782.9636263061682,616.717924830201,740.0615097962412,778.6734146551755,672.4906762931062,776.5283088296792,745.4242743599821,894.5091292319785,647.8219592998981,852.6795656347997,917.0327403996902,848.3893539838069,806.559790386628,699.3044991118105,868.7678593260223,876.2757297152596,624.2257952194383,779.7459675679237,671.418123380358,696.086840373566,710.0300282392923,653.184723863639,577.0334670585185,775.455755916931,791.5440496081536,849.4619068965551,837.6638248563252,743.2791685344857,781.89107339342,856.9697772857924,805.4872374738799,844.0991423328143,807.6323432993763,838.7363777690733,844.0991423328143,940.62890448015,699.3044991118105,756.1498034874638,633.8787714341718,746.4968272727302,937.4112457419055,765.8027797021974,810.8500020376208,632.8062185214236,782.9636263061682,676.7808879440988,615.6453719174528,825.8657428160952,818.3578724268581
B02013,99000000494,Synthetic Census Tract 99000000494,1.0,Total:,932.6554905524674,422.215661263617,+/-469,256.5702845631788,915.5508049149222,1216.2331734907177,1166.7196098030868,959.6628889275389,809.3217046396411,1146.013937715532,770.6111003020387,1171.2208428655986,947.0594363525055,974.9670813400794,997.4732466526389,1051.4880434027818,907.4485854024008,1050.5877967902795,813.822937702153,1028.9818780902224,964.1641219900508,960.5631355400412,715.6960569393934,891.2441463773579,1009.1764526151699,897.5458726648745,775.1123333645506,881.3414336398317,1127.108758852982,924.553271039946,872.3389675148079,853.4337886522578,739.1024688644553,813.822937702153,984.8697940776055,724.6985230644173,866.9374878397936,856.134528489765,951.5606694150174,840.8303360772245,843.5310759147317,963.2638753775484,965.9646152150556,689.5889051768244,882.241680252334,720.1972900019053,679.6861924392982,933.5557371649699,836.3291030147126,721.9977832269101,1141.51270465302,822.8254038271768,1216.2331734907177,969.5656016650651,989.3710271401175,950.6604228025151,895.7453794398698,929.0545041024579,1134.310731753001,988.4707805276151,767.9103604645315,913.7503116899175,1159.5176369030676,1052.3882900152842,832.7281165647031,862.4362547772816,1024.4806450277104,855.2342818772626,885.8426667023435,980.3685610150936,969.5656016650651,803.0199783521244,1117.2060461154556,929.9547507149603,948.8599295775103,866.0372412272911,881.3414336398317,1051.4880434027818,1043.3858238902603,1084.79716806537,896.6456260523722,963.2638753775484,883.1419268648365,1196.4277480156652
B02013,99000000495,Synthetic Census Tract 99000000495,1.0,Total:,85.1388450488189,119.19438306834644,+/-119,72.11760992370542,98.16008017393237,137.2237855492728,33.05390454836498,91.14864587579434,110.17968182788327,126.20581736648447,86.14047851998147,98.16008017393237,38.062071904177856,87.14211199114403,93.15191281811948,136.2221520781102,35.05717149069013,39.06370537534043,104.16988100090782,31.05063760603983,103.16824752974524,151.24665414554886,83.13557810649374,86.14047851998147,126.20581736648447,64.10454215440481,104.16988100090782,151.24665414554886,45.07350620231588,87.14211199114403,37.06043843301528,46.07513967347846,82.13394463533116,32.052271077202406,127.20745083764704,86.14047851998147,72.11760992370542,90.14701240463177,138.22541902043537,79.12904422184344,42.06860578882816,96.15681323160722,120.19601653950902,142.23195290508568,75.12251033719313,128.20908430880962,37.06043843301528,94.15354628928206,75.12251033719313,127.20745083764704,77.12577727951829,80.13067769300602,49.080040086966186,111.18131529904585,107.17478141439554,122.19928348183417,41.06697231766558,37.06043843301528,75.12251033719313,38.062071904177856,97.1584467027698,171.27932356880035,78.12741075068087,84.13721157765632,117.1911161260213,79.12904422184344,80.13067769300602,146.238486789736,36.05880496185271,113.18458224137099,31.05063760603983,37.06043843301528,92.15027934695692,44.071872731153306,160.26135538601204,87.14211199114403,83.13557810649374,90.14701240463177,131.21398472229734,99.16171364509495,35.05717149069013,97.1584467027698,116.18948265485872,121.1976500106716
B02013,99000000496,Synthetic Census Tract 99000000496,1.0,Total:,1098.6883418328873,442.06987777653865,+/-443,268.43520795008783,832.2489346854023,1283.299916073654,1273.3209120606396,1102.679943438093,1428.9933746636643,1024.8437121365805,1126.6295530693276,984.927696084523,1208.4573859760458,943.0158792298623,1374.1088525920852,995.9046004988387,922.0599708025321,1070.7471305964468,1129.6232542732319,925.0536720064364,1131.619055075835,1042.8059193600066,1008.8773057157575,1323.2159321257116,1181.514075140907,1137.6064574836435,1019.8542101300734,1337.1865377439317,1169.5392703252896,918.0683691973263,1191.4930791539214,1024.8437121365805,1111.661047049806,942.0179788285609,1082.721935412064,1123.6358518654233,850.2111419088283,1139.6022582862463,1200.4741827656344,768.3833090021101,1186.503577147414,1036.8185169521978,1159.5602663122752,1149.5812622992607,1077.732433405557,1172.532971529194,1117.6484494576146,1116.6505490563131,858.1943451192398,1261.3461072450223,1176.5245731343996,979.9381940780157,956.9864848480826,1180.5161747396055,959.9801860519868,1100.6841426354902,1221.4300911929645,1142.5959594901508,1245.379700824199,1309.2453265074914,927.0494728090392,1144.5917602927536,961.9759868545898,1198.4783819630313,1215.442688785156,874.1607515400628,1021.8500109326762,1156.566565108371,858.1943451192398,1130.6211546745333,1061.7660269847338,1086.71353701727,967.9633892623984,1180.5161747396055,1062.7639273860354,1119.6442502602176,1133.6148558784378,1045.7996205639108,1168.5413699239882,1074.7387322016527,945.0116800324653,1379.0983545985923,1115.6526486550117,1202.4699835682372
B02013,99000000497,Synthetic Census Tract 99000000497,1.0,Total:,256.15399053356384,171.0915332997766,+/-177,104.39483387782978,310.28464513688294,178.82448395739362,298.68521915045744,291.91888732504253,175.92462746078724,261.95370352677656,187.52405344721276,355.715730250383,294.8187438216489,270.65327301659573,260.98708469457443,295.78536265385105,149.8259189913298,245.5211833793404,329.61702178092554,168.1916768031702,225.22218790309574,328.6504029487234,260.98708469457443,228.12204439970213,212.65614308446808,269.6866541843936,234.888376225117,271.61989184879786,263.8869411911808,307.3847886402766,233.92175739291488,248.4210398759468,272.586510681,224.2555690708936,303.5183133114681,192.35714760822339,254.22075286915955,208.78966775565956,275.4863671776064,224.2555690708936,299.6518379826596,329.61702178092554,270.65327301659573,302.55169447926596,305.45155097587235,188.4906722794149,228.12204439970213,242.62132688273402,149.8259189913298,246.48780221154254,235.85499505731914,360.5488244113936,327.6837841165213,203.95657359464894,256.15399053356384,314.15112046569146,252.28751520475532,238.75485155392553,293.8521249894468,205.88981125905318,287.0857931640319,376.9813445588298,238.75485155392553,221.35571257428722,170.12491446757446,327.6837841165213,268.7200353521915,245.5211833793404,195.25700410482978,316.0843581300957,274.51974834540425,289.01903082843614,328.6504029487234,223.28895023869148,384.71429521644677,251.3208963725532,208.78966775565956,271.61989184879786,249.38765870814893,284.18593666742555,252.28751520475532,260.0204658623723,193.32376644042552,344.11630426395743
B02013,99000000498,Synthetic Census Tract 99000000498,1.0,Total:,2014.9402204318394,576.9652613571346,+/-585,350.12421843039795,2067.2122868453916,1735.8271110915503,2021.8440782600444,1939.9840497256134,2109.6216992186514,2252.630182802898,1805.85195477763,2105.676637602534,1776.2639926567513,1730.8957840714038,1610.5714047798306,2125.4019456831197,1899.5471681604124,1841.3575093226843,1955.764296190082,1735.8271110915503,2157.9487040160866,2008.0363626036344,1997.1874431593121,2160.9075002281743,1815.714608817923,2114.553026238798,1820.6459358380694,2120.4706186629733,2327.5863535091244,2103.7041067944756,2203.3169126014336,1992.2561161391657,1943.9291113417305,2154.0036423999695,2409.4463820435553,2021.8440782600444,1686.513840890086,1966.6132156344042,1825.5772628582158,2196.413054773229,2088.9101257340362,1872.9180022516216,2109.6216992186514,2143.1547229556472,2290.1082681560115,2104.690372198505,2045.5144479567473,2093.8414527541827,1861.0828174032702,1989.297319927078,2023.816609068103,2163.866296440262,2250.65765199484,2062.280959825245,1635.2280398805628,1852.2064287670066,2187.5366661369653,2321.6687610849485,1999.1599739673707,1965.6269502303749,2289.122002751982,2043.5419171486888,1932.093926493379,2327.5863535091244,1760.4837461922825,1976.4758696746972,1781.1953196768977,2012.9676896237809,1880.808125483856,1928.148864877262,1938.997784321584,1741.744703515726,2243.7537941666346,2001.1325047754294,1977.4621350787263,1822.618466646128,1926.1763340692032,1995.2149123512536,1768.373869424517,2025.7891398761617,1941.956580533672,2023.816609068103,1778.2365234648098,1973.5170734626092
B02013,99000000499,Synthetic Census Tract 99000000499,1.0,Total:,412.9414449545789,317.8909844791004,+/-301,193.269269633473,310.4981708865632,413.9975611820842,448.84939668975966,514.3286027950893,418.22202609210547,215.44771041108464,380.20184190191407,388.65077172195663,467.8594887848554,243.9628485537282,476.3084186048979,369.6406796268609,250.2995459187601,448.84939668975966,444.6249317797384,281.9830327439196,509.04802165756274,423.5026072296321,377.0334932193981,481.5889997424245,288.3197301089515,515.3847190225946,429.839304594664,554.4610194402914,511.16025411257334,314.7226357965844,528.0581137526584,473.14006992238194,563.9660654878392,222.84052400362185,464.69114010233943,396.04358531449384,230.2333375961591,314.7226357965844,419.2781423196108,306.27370597654186,347.4622388492493,449.90551291726496,475.2523023773926,404.49251513453635,294.6564274739834,532.2825786626797,380.20184190191407,551.2926707577755,513.272486567584,312.6104033415738,341.12554148421736,393.9313528594832,385.4824230394407,293.6003112464781,485.81346465244576,482.6451159699298,278.8146840614036,494.26239447248827,418.22202609210547,233.40168627867502,340.069425256712,524.8897650701425,478.42065105990855,321.05933316161634,177.42752622089324,400.2680502245151,463.6350238748341,534.3948111176903,520.6653001601212,264.0290568763292,417.16590986460017,403.43639890703105,591.4250874029774,337.9571928017014,430.8954208221693,460.4666751923182,342.18165771172266,389.70688794946193,445.6810480072437,238.6822674162016,387.5946554944513,418.22202609210547,460.4666751923182,484.75734842494046
B02013,99000000500,Synthetic Census Tract 99000000500,1.0,Total:,961.4166671186922,585.3959262011592,+/-548,355.7241668339161,841.7737040994772,1186.8154635209632,653.7633336407107,937.9153708113464,842.8419448407201,908.0046300565426,619.579629920935,1151.5635190599446,699.6976855141593,622.7843521446639,1042.6029634531594,1116.311574598926,928.3012041401595,914.4140745040005,872.7526855955239,1062.8995375367763,520.2332409853368,1107.765648668982,1132.3351857175708,770.2015744361967,1113.106852375197,1285.0936117153185,1094.946759774066,761.6556485062528,730.6766670102061,1150.4952783187016,960.3484263774492,1045.8076856768885,952.8707411887482,1087.4690745853652,786.2251855548416,1040.4664819706736,831.0912966870472,1078.9231486554213,1367.348148791029,903.7316670915707,841.7737040994772,1117.379815340169,1266.9335191141877,951.8025004475053,1071.4454634667202,1112.038611633954,741.3590744226359,887.7080559729258,827.8865744633182,1206.043796863337,903.7316670915707,785.1569448135986,1216.726204275767,659.1045373469257,858.865555959365,794.7711114847855,693.2882410667013,557.6216669288415,1010.5557412158697,935.7788893288604,871.6844448542809,987.0544449085239,985.9862041672809,1056.4900930893184,1160.1094449898885,949.6660189650192,785.1569448135986,1083.1961116203931,1202.8390746396083,1241.295741324356,1037.2617597469446,1065.0360190192623,1031.9205560407295,815.0676855684023,1047.9441671593745,1015.8969449220847,895.1857411616267,1046.8759264181315,818.2724077921313,1151.5635190599446,852.456111511907,964.6213893424211,921.8917596927015,859.933796700608
